step,agent_id,tree_name,bfm_situation,distance_ft,ata_deg,aa_deg,hca_deg,relative_bearing_deg,ego_altitude_ft,ego_vc_kts,specific_energy_ft,ps_fts,energy_diff_ft,closure_rate_kts,turn_rate_degs,in_wez,enm_in_wez,in_39_line,overshoot_risk,energy_advantage,alt_advantage,spd_advantage,tc_type,side_flag,alt_gap_ft,tau_deg,roll_deg,pitch_deg,ego_health,enm_health,ego_damage_dealt,enm_damage_dealt,action_alt,action_hdg,action_vel,aileron,elevator,rudder,throttle,active_node,reward
0,A0100,adaptive_eagle_v11,HABFM,3297.631970,90.000000,90.000000,180.000000,-90.000000,15000.000480,386.782661,21622.867763,0.000000,-0.000000,-0.000000,0.000000,False,False,False,False,False,False,False,2-circle,-1.000000,-0.000000,-90.000000,-0.000000,-0.000000,100.000000,100.000000,0.000000,0.000000,2,0,3,0.0000,0.0000,0.0000,0.5000,"LeadPursuit",-0.238352
0,B0100,defensive,HABFM,3297.631970,90.000000,90.000000,180.000000,-90.000000,15000.000480,386.782661,21622.867763,0.000000,-0.000000,-0.000000,0.000000,False,False,False,False,False,False,False,2-circle,-1.000000,-0.000000,-90.000000,-0.000000,-0.000000,100.000000,100.000000,0.000000,0.000000,2,0,3,0.0000,0.0000,0.0000,0.5000,"LeadPursuit",-0.238352
1,A0100,adaptive_eagle_v11,HABFM,3313.135949,95.508168,84.491835,179.200243,-95.508303,15000.271007,387.161502,21636.118406,66.253215,0.002895,-91.078739,0.214497,False,False,False,False,True,False,True,2-circle,-1.000000,-0.000001,-95.323041,-5.323041,0.884044,100.000000,100.000000,0.000000,0.000000,2,0,3,0.0000,0.0000,0.0000,0.5000,"LeadPursuit",-0.191868
1,B0100,defensive,HABFM,3313.135949,95.508168,84.491835,179.200243,-95.508303,15000.271007,387.161502,21636.118406,66.253215,0.002895,-91.078739,0.214497,False,False,False,False,True,False,True,2-circle,-1.000000,-0.000001,-95.323041,-5.323041,0.884044,100.000000,100.000000,0.000000,0.000000,2,0,3,0.0000,0.0000,0.0000,0.5000,"LeadPursuit",-0.191869
2,A0100,adaptive_eagle_v11,HABFM,3357.903973,100.417353,79.582696,175.622633,-100.425044,15003.619691,386.218291,21607.173709,-144.723482,0.005699,-171.179528,0.896161,False,False,False,False,True,False,True,2-circle,-1.000000,-0.000012,-111.225573,-21.225573,6.541955,100.000000,100.000000,0.000000,0.000000,2,0,3,0.0000,0.0000,0.0000,0.5000,"LeadPursuit",-0.136118
2,B0100,defensive,HABFM,3357.903973,100.417353,79.582696,175.622633,-100.425044,15003.619691,386.218291,21607.173709,-144.723482,0.005699,-171.179528,0.896161,False,False,False,False,True,False,True,2-circle,-1.000000,-0.000012,-111.225573,-21.225573,6.541955,100.000000,100.000000,0.000000,0.000000,2,0,3,0.0000,0.0000,0.0000,0.5000,"LeadPursuit",-0.136122
3,A0100,adaptive_eagle_v11,HABFM,3426.414481,104.194744,75.805434,171.429517,-104.235376,15012.706107,384.826254,21568.743827,-192.149413,0.007179,-231.379942,2.091013,False,False,False,False,True,False,True,2-circle,-1.000000,-0.000106,-132.089277,-42.089279,11.036296,100.000000,100.000000,0.000000,0.000000,2,0,3,0.0000,0.0000,0.0000,0.5000,"LeadPursuit",-0.092511
3,B0100,defensive,HABFM,3426.414481,104.194744,75.805434,171.429517,-104.235376,15012.706107,384.826254,21568.743827,-192.149413,0.007179,-231.379942,2.091013,False,False,False,False,True,False,True,2-circle,-1.000000,-0.000106,-132.089277,-42.089279,11.036296,100.000000,100.000000,0.000000,0.000000,2,0,3,0.0000,0.0000,0.0000,0.5000,"LeadPursuit",-0.092518
4,A0100,adaptive_eagle_v11,HABFM,3512.035537,106.917174,73.083218,168.400265,-107.006865,15026.854728,382.940168,21518.785866,-249.789806,0.007902,-273.338078,4.863480,False,False,False,False,True,False,True,2-circle,-1.000000,-0.000423,-154.445509,-64.445516,13.130600,100.000000,100.000000,0.000000,0.000000,2,0,3,0.0000,0.0000,0.0000,0.5000,"LeadPursuit",-0.067056
4,B0100,defensive,HABFM,3512.035537,106.917174,73.083218,168.400265,-107.006865,15026.854728,382.940168,21518.785866,-249.789806,0.007902,-273.338078,4.863480,False,False,False,False,True,False,True,2-circle,-1.000000,-0.000423,-154.445509,-64.445516,13.130600,100.000000,100.000000,0.000000,0.000000,2,0,3,0.0000,0.0000,0.0000,0.5000,"LeadPursuit",-0.067064
5,A0100,adaptive_eagle_v11,HABFM,3609.694135,108.975302,71.025366,167.233036,-109.098263,15043.879256,381.121961,21474.309127,-222.383695,0.006245,-304.125467,51.174030,False,False,False,False,True,False,True,2-circle,-1.000000,-0.001143,-177.386957,-87.386977,13.301929,100.000000,100.000000,0.000000,0.000000,2,0,3,0.0000,0.0000,0.0000,0.5000,"LeadPursuit",-0.067103
5,B0100,defensive,HABFM,3609.694135,108.975302,71.025366,167.233036,-109.098263,15043.879256,381.121961,21474.309127,-222.383695,0.006245,-304.125467,51.174030,False,False,False,False,True,False,True,2-circle,-1.000000,-0.001143,-177.386957,-87.386977,13.301929,100.000000,100.000000,0.000000,0.000000,2,0,3,0.0000,0.0000,0.0000,0.5000,"LeadPursuit",-0.067112
6,A0100,adaptive_eagle_v11,HABFM,3717.577665,111.110567,68.890406,167.826857,-111.236042,15061.109078,380.295965,21463.696154,-53.064862,0.001159,-336.252309,134.042848,False,False,False,False,True,False,True,2-circle,-1.000000,-0.002459,167.957632,-102.042412,11.974220,100.000000,100.000000,0.000000,0.000000,2,6,4,0.0000,0.0000,0.0000,0.5000,"ExtensionBreak",-0.077008
6,B0100,defensive,HABFM,3717.577665,111.110567,68.890406,167.826857,-111.236042,15061.109078,380.295965,21463.696154,-53.064862,0.001159,-336.252309,134.042848,False,False,False,False,True,False,True,2-circle,-1.000000,-0.002459,167.957632,-102.042412,11.974220,100.000000,100.000000,0.000000,0.000000,2,0,3,0.0000,0.0000,0.0000,0.5000,"LeadPursuit",-0.071490
7,A0100,adaptive_eagle_v11,HABFM,3837.234328,113.473217,66.341529,168.769808,-113.592665,15077.149737,380.320675,21480.568855,84.363502,-5.532166,-373.422120,134.004659,False,False,False,False,False,True,False,2-circle,-1.000000,0.000416,169.919154,-100.080838,10.044101,100.000000,100.000000,0.000000,0.000000,2,6,4,0.0000,0.0000,0.0000,0.5000,"ExtensionBreak",-0.089266
7,B0100,defensive,HABFM,3837.234328,113.473217,66.341529,168.769808,-113.592665,15077.149737,380.320675,21480.568855,84.363502,-5.532166,-373.422120,134.004659,False,False,False,False,False,True,False,2-circle,-1.000000,0.000416,169.919154,-100.080838,10.044101,100.000000,100.000000,0.000000,0.000000,2,0,3,0.0000,0.0000,0.0000,0.5000,"LeadPursuit",-0.054057
8,A0100,adaptive_eagle_v11,HABFM,3969.683011,115.324315,63.247008,169.353979,-115.434532,15091.907053,379.887722,21480.755313,0.932292,-92.125811,-410.566384,134.122624,False,False,False,False,False,True,False,2-circle,-1.000000,0.342732,177.104427,-92.889183,8.594067,100.000000,100.000000,0.000000,0.000000,2,6,4,0.0000,0.0000,0.0000,0.5000,"ExtensionBreak",-0.083066
8,B0100,defensive,HABFM,3969.683011,115.324315,63.247008,169.353979,-115.434532,15091.907053,379.887722,21480.755313,0.932292,-92.125811,-410.566384,134.122624,False,False,False,False,False,True,False,2-circle,-1.000000,0.342732,177.104427,-92.889183,8.594067,100.000000,100.000000,0.000000,0.000000,2,0,3,0.0000,0.0000,0.0000,0.5000,"LeadPursuit",-0.037055
9,A0100,adaptive_eagle_v11,HABFM,4113.664643,116.628052,60.223225,169.262167,-116.734225,15105.722281,378.829942,21459.041148,-108.570823,-204.147273,-442.164668,24.747194,False,False,False,False,False,True,False,2-circle,-1.000000,1.255563,-174.606572,-84.582567,7.976359,100.000000,100.000000,0.000000,0.000000,2,6,4,0.0000,0.0000,0.0000,0.5000,"ExtensionBreak",-0.087868
9,B0100,defensive,HABFM,4113.664643,116.628052,60.223225,169.262167,-116.734225,15105.722281,378.829942,21459.041148,-108.570823,-204.147273,-442.164668,24.747194,False,False,False,False,False,True,False,2-circle,-1.000000,1.255563,-174.606572,-84.582567,7.976359,100.000000,100.000000,0.000000,0.000000,2,0,3,0.0000,0.0000,0.0000,0.5000,"LeadPursuit",-0.018412
10,A0100,adaptive_eagle_v11,HABFM,4267.912327,117.287455,56.859343,168.228691,-117.398614,15119.332812,377.053284,21413.199129,-229.210096,-381.481383,-470.839169,17.595505,False,False,False,False,False,True,False,2-circle,-1.000000,2.210511,-172.413928,-82.370426,7.731365,100.000000,100.000000,0.000000,0.000000,2,6,4,0.0000,0.0000,0.0000,0.5000,"ExtensionBreak",-0.089959
10,B0100,defensive,HABFM,4267.912327,117.287455,56.859343,168.228691,-117.398614,15119.332812,377.053284,21413.199129,-229.210096,-381.481383,-470.839169,17.595505,False,False,False,False,False,True,False,2-circle,-1.000000,2.210511,-172.413928,-82.370426,7.731365,100.000000,100.000000,0.000000,0.000000,2,0,3,0.0000,0.0000,0.0000,0.5000,"LeadPursuit",0.005641
11,A0100,adaptive_eagle_v11,HABFM,4430.943647,117.085560,53.222518,166.338923,-117.191230,15132.972488,374.355321,21337.090924,-380.541028,-618.390839,-494.160005,135.933369,False,False,False,False,False,True,False,2-circle,-1.000000,2.398088,177.547775,-92.403450,7.280782,100.000000,100.000000,0.000000,0.000000,2,6,4,0.0000,0.0000,0.0000,0.5000,"ExtensionBreak",-0.084991
11,B0100,defensive,HABFM,4430.943647,117.085560,53.222518,166.338923,-117.191230,15132.972488,374.355321,21337.090924,-380.541028,-618.390839,-494.160005,135.933369,False,False,False,False,False,True,False,2-circle,-1.000000,2.398088,177.547775,-92.403450,7.280782,100.000000,100.000000,0.000000,0.000000,2,0,3,0.0000,0.0000,0.0000,0.5000,"LeadPursuit",0.002162
12,A0100,adaptive_eagle_v11,HABFM,4601.652007,117.005961,49.592459,164.409218,-117.085823,15145.446911,372.323854,21282.413823,-273.385503,-835.207822,-517.959502,136.616803,False,False,False,False,False,True,False,2-circle,-1.000000,1.743460,170.573557,-99.389638,6.529009,100.000000,100.000000,0.000000,0.000000,2,6,4,0.0000,0.0000,0.0000,0.5000,"ExtensionBreak",-0.073565
12,B0100,defensive,HABFM,4601.652007,117.005961,49.592459,164.409218,-117.085823,15145.446911,372.323854,21282.413823,-273.385503,-835.207822,-517.959502,136.616803,False,False,False,False,False,True,False,2-circle,-1.000000,1.743460,170.573557,-99.389638,6.529009,100.000000,100.000000,0.000000,0.000000,2,0,3,0.0000,0.0000,0.0000,0.5000,"LeadPursuit",-0.013060
13,A0100,adaptive_eagle_v11,HABFM,4780.795617,117.469422,46.285965,162.729678,-117.532789,15156.165677,371.580100,21268.638670,-68.875764,-992.083927,-543.353443,136.857114,False,False,False,False,False,False,False,2-circle,-1.000000,-0.573001,176.984266,-93.028340,5.659281,100.000000,100.000000,0.000000,0.000000,2,6,4,0.0000,0.0000,0.0000,0.5000,"ExtensionBreak",-0.059964
13,B0100,defensive,HABFM,4780.795617,117.469422,46.285965,162.729678,-117.532789,15156.165677,371.580100,21268.638670,-68.875764,-992.083927,-543.353443,136.857114,False,False,False,False,False,False,False,2-circle,-1.000000,-0.573001,176.984266,-93.028340,5.659281,100.000000,100.000000,0.000000,0.000000,2,0,3,0.0000,0.0000,0.0000,0.5000,"LeadPursuit",-0.011824
14,A0100,adaptive_eagle_v11,HABFM,4967.983882,117.888018,43.472928,160.966962,-117.946347,15165.688693,371.093209,21262.153514,-32.425781,-1133.680846,-564.700104,25.623383,False,False,False,False,False,False,False,2-circle,-1.000000,-5.974505,-174.530249,-84.667830,5.258638,100.000000,100.000000,0.000000,0.000000,2,6,4,0.0000,0.0000,0.0000,0.5000,"ExtensionBreak",-0.058439
14,B0100,defensive,HABFM,4967.983882,117.888018,43.472928,160.966962,-117.946347,15165.688693,371.093209,21262.153514,-32.425781,-1133.680846,-564.700104,25.623383,False,False,False,False,False,False,False,2-circle,-1.000000,-5.974505,-174.530249,-84.667830,5.258638,100.000000,100.000000,0.000000,0.000000,2,0,3,0.0000,0.0000,0.0000,0.5000,"LeadPursuit",0.005079
15,A0100,adaptive_eagle_v11,HABFM,5161.467624,117.692850,40.624463,158.106309,-117.755440,15174.757645,369.933306,21233.171345,-144.910846,-1309.598113,-580.859994,18.336919,False,False,False,False,False,False,False,2-circle,-1.000000,-14.051901,-172.207951,-82.548321,5.175679,100.000000,100.000000,0.000000,0.000000,2,6,4,0.0000,0.0000,0.0000,0.5000,"ExtensionBreak",-0.072335
15,B0100,defensive,HABFM,5161.467624,117.692850,40.624463,158.106309,-117.755440,15174.757645,369.933306,21233.171345,-144.910846,-1309.598113,-580.859994,18.336919,False,False,False,False,False,False,False,2-circle,-1.000000,-14.051901,-172.207951,-82.548321,5.175679,100.000000,100.000000,0.000000,0.000000,2,0,3,0.0000,0.0000,0.0000,0.5000,"LeadPursuit",0.029376
16,A0100,adaptive_eagle_v11,HABFM,5359.847256,116.632156,36.930844,153.375449,-116.691466,15183.629819,367.817335,21172.935016,-301.181643,-1503.607793,-593.542490,138.139620,False,False,False,False,False,False,False,2-circle,-1.000000,-22.072928,178.011516,-92.553797,4.852243,100.000000,100.000000,0.000000,0.000000,1,8,4,0.0000,0.0000,0.0000,0.5000,"HeadOnBreak",-0.083240
16,B0100,defensive,HABFM,5359.847256,116.632156,36.930844,153.375449,-116.691466,15183.629819,367.817335,21172.935016,-301.181643,-1503.607793,-593.542490,138.139620,False,False,False,False,False,False,False,2-circle,-1.000000,-22.072928,178.011516,-92.553797,4.852243,100.000000,100.000000,0.000000,0.000000,2,0,3,0.0000,0.0000,0.0000,0.5000,"LeadPursuit",0.027495
17,A0100,adaptive_eagle_v11,HABFM,5562.489568,115.665636,32.438005,147.946943,-115.705214,15191.193924,366.292441,21130.941258,-209.968792,-1589.731284,-607.934509,138.673852,False,False,False,False,False,False,False,2-circle,-1.000000,-27.386420,171.290472,-99.454581,4.200104,100.000000,100.000000,0.000000,0.000000,1,8,4,0.0000,0.0000,0.0000,0.5000,"HeadOnBreak",-0.083077
17,B0100,defensive,HABFM,5562.489568,115.665636,32.438005,147.946943,-115.705214,15191.193924,366.292441,21130.941258,-209.968792,-1589.731284,-607.934509,138.673852,False,False,False,False,False,False,False,2-circle,-1.000000,-27.386420,171.290472,-99.454581,4.200104,100.000000,100.000000,0.000000,0.000000,2,0,3,0.0000,0.0000,0.0000,0.5000,"LeadPursuit",0.012075
18,A0100,adaptive_eagle_v11,HABFM,5770.560564,115.250949,27.678822,142.785610,-115.276232,15196.910886,366.017992,21127.760710,-15.902740,-1579.732796,-624.713431,138.761984,False,False,False,False,False,False,False,2-circle,-1.000000,-29.354390,177.853810,-92.997353,3.414335,100.000000,100.000000,0.000000,0.000000,1,8,4,0.0000,0.0000,0.0000,0.5000,"HeadOnBreak",-0.076190
18,B0100,defensive,HABFM,5770.560564,115.250949,27.678822,142.785610,-115.276232,15196.910886,366.017992,21127.760710,-15.902740,-1579.732796,-624.713431,138.761984,False,False,False,False,False,False,False,2-circle,-1.000000,-29.354390,177.853810,-92.997353,3.414335,100.000000,100.000000,0.000000,0.000000,2,0,3,0.0000,0.0000,0.0000,0.5000,"LeadPursuit",0.013333
19,A0100,adaptive_eagle_v11,HABFM,5983.820643,114.794467,23.053770,137.711604,-114.812258,15201.352606,365.963600,21130.439856,13.395730,-1557.564600,-637.823048,25.226318,False,False,False,False,False,False,False,2-circle,-1.000000,-29.182423,-173.610601,-84.515137,3.070972,100.000000,100.000000,0.000000,0.000000,1,8,4,0.0000,0.0000,0.0000,0.5000,"HeadOnBreak",-0.070047
19,B0100,defensive,HABFM,5983.820643,114.794467,23.053770,137.711604,-114.812258,15201.352606,365.963600,21130.439856,13.395730,-1557.564600,-637.823048,25.226318,False,False,False,False,False,False,False,2-circle,-1.000000,-29.182423,-173.610601,-84.515137,3.070972,100.000000,100.000000,0.000000,0.000000,2,0,3,0.0000,0.0000,0.0000,0.5000,"LeadPursuit",0.019625
20,A0100,adaptive_eagle_v11,HABFM,6200.631297,114.123731,18.563317,132.562462,-114.139508,15205.236440,365.787404,21128.615834,-9.120111,-1541.686816,-646.028915,10.117865,False,False,False,False,False,False,False,2-circle,-1.000000,-28.282519,-165.591177,-76.531117,3.388461,100.000000,100.000000,0.000000,0.000000,1,0,4,0.0000,0.0000,0.0000,0.5000,"HeadOnBreak",-0.068724
20,B0100,defensive,HABFM,6200.631297,114.123731,18.563317,132.562462,-114.139508,15205.236440,365.787404,21128.615834,-9.120111,-1541.686816,-646.028915,10.117865,False,False,False,False,False,False,False,2-circle,-1.000000,-28.282519,-165.591177,-76.531117,3.388461,100.000000,100.000000,0.000000,0.000000,2,0,3,0.0000,0.0000,0.0000,0.5000,"LeadPursuit",0.034926
21,A0100,adaptive_eagle_v11,HABFM,6419.202256,112.943266,13.913280,126.749273,-112.962348,15209.374117,364.988258,21106.899835,-108.579995,-1532.530802,-647.187589,9.159759,False,False,False,False,False,False,False,2-circle,-1.000000,-28.152986,-164.146503,-75.152731,3.908065,100.000000,100.000000,0.000000,0.000000,1,0,4,0.0000,0.0000,0.0000,0.5000,"HeadOnBreak",-0.067286
21,B0100,defensive,HABFM,6419.202256,112.943266,13.913280,126.749273,-112.962348,15209.374117,364.988258,21106.899835,-108.579995,-1532.530802,-647.187589,9.159759,False,False,False,False,False,False,False,2-circle,-1.000000,-28.152986,-164.146503,-75.152731,3.908065,100.000000,100.000000,0.000000,0.000000,2,0,3,0.0000,0.0000,0.0000,0.5000,"LeadPursuit",0.063131
22,A0100,adaptive_eagle_v11,HABFM,6636.337049,110.868224,9.082050,119.819715,-110.889074,15214.206644,363.119860,21051.507294,-276.962705,-1529.259446,-637.389559,34.851865,False,False,False,False,False,False,False,2-circle,-1.000000,-29.175267,-174.870816,-85.995280,4.082495,100.000000,100.000000,0.000000,0.000000,1,8,4,0.0000,0.0000,0.0000,0.5000,"HeadOnBreak",-0.048676
22,B0100,defensive,HABFM,6636.337049,110.868224,9.082050,119.819715,-110.889074,15214.206644,363.119860,21051.507294,-276.962705,-1529.259446,-637.389559,34.851865,False,False,False,False,False,False,False,2-circle,-1.000000,-29.175267,-174.870816,-85.995280,4.082495,100.000000,100.000000,0.000000,0.000000,2,0,0,0.0000,0.0000,0.0000,0.5000,"Pursue",0.065276
23,A0100,adaptive_eagle_v11,HABFM,6849.210277,108.802383,5.349438,113.848398,-108.816006,15218.719542,361.640565,21008.556527,-214.753831,-1553.259369,-624.598098,140.322822,False,False,False,False,False,False,False,2-circle,-1.000000,-29.117239,177.647337,-93.566966,3.866215,100.000000,100.000000,0.000000,0.000000,1,8,4,0.0000,0.0000,0.0000,0.5000,"HeadOnBreak",-0.030221
23,B0100,defensive,HABFM,6849.210277,108.802383,5.349438,113.848398,-108.816006,15218.719542,361.640565,21008.556527,-214.753831,-1553.259369,-624.598098,140.322822,False,False,False,False,False,False,False,2-circle,-1.000000,-29.117239,177.647337,-93.566966,3.866215,100.000000,100.000000,0.000000,0.000000,2,0,0,0.0000,0.0000,0.0000,0.5000,"Pursue",0.045324
24,A0100,adaptive_eagle_v11,HABFM,7058.523376,107.411713,2.848899,109.322912,-107.419869,15222.140853,361.415422,21004.771041,-18.927435,-1581.807083,-616.244101,52.613795,False,False,False,False,False,False,False,2-circle,-1.000000,-26.654993,-176.124329,-87.333163,3.486441,100.000000,100.000000,0.000000,0.000000,1,8,4,0.0000,0.0000,0.0000,0.5000,"HeadOnBreak",-0.000793
24,B0100,defensive,HABFM,7058.523376,107.411713,2.848899,109.322912,-107.419869,15222.140853,361.415422,21004.771041,-18.927435,-1581.807083,-616.244101,52.613795,False,False,False,False,False,False,False,2-circle,-1.000000,-26.654993,-176.124329,-87.333163,3.486441,100.000000,100.000000,0.000000,0.000000,2,0,0,0.0000,0.0000,0.0000,0.5000,"Pursue",0.042100
25,A0100,adaptive_eagle_v11,HABFM,7265.032786,106.148107,2.791724,104.882828,-106.153896,15224.877017,359.861177,20957.878447,-234.462970,-1665.438554,-606.737262,12.509819,False,False,False,False,False,False,False,2-circle,-1.000000,-22.342006,-167.763927,-78.871889,3.495773,100.000000,100.000000,0.000000,0.000000,1,8,4,0.0000,0.0000,0.0000,0.5000,"HeadOnBreak",0.031686
25,B0100,defensive,HABFM,7265.032786,106.148107,2.791724,104.882828,-106.153896,15224.877017,359.861177,20957.878447,-234.462970,-1665.438554,-606.737262,12.509819,False,False,False,False,False,False,False,2-circle,-1.000000,-22.342006,-167.763927,-78.871889,3.495773,100.000000,100.000000,0.000000,0.000000,2,0,0,0.0000,0.0000,0.0000,0.5000,"Pursue",0.059920
26,A0100,adaptive_eagle_v11,HABFM,7467.468018,104.394349,5.421612,99.749188,-104.400241,15227.660707,357.379332,20881.857540,-380.104534,-1771.342091,-591.255831,10.433310,False,False,False,False,False,False,False,2-circle,-1.000000,-16.932767,-165.722012,-76.644822,3.790178,100.000000,100.000000,0.000000,0.000000,1,8,4,0.0000,0.0000,0.0000,0.5000,"HeadOnBreak",0.041269
26,B0100,defensive,HABFM,7467.468018,104.394349,5.421612,99.749188,-104.400241,15227.660707,357.379332,20881.857540,-380.104534,-1771.342091,-591.255831,10.433310,False,False,False,False,False,False,False,2-circle,-1.000000,-16.932767,-165.722012,-76.644822,3.790178,100.000000,100.000000,0.000000,0.000000,2,0,0,0.0000,0.0000,0.0000,0.5000,"Pursue",0.091769
27,A0100,adaptive_eagle_v11,HABFM,7663.245691,101.811503,8.600542,93.728734,-101.816584,15230.950044,353.884517,20775.102741,-533.773993,-1910.918556,-567.451185,37.402206,False,False,False,False,False,False,False,2-circle,-1.000000,-11.253362,-175.498308,-86.175647,3.849749,100.000000,100.000000,0.000000,0.000000,1,8,4,0.0000,0.0000,0.0000,0.5000,"HeadOnBreak",0.044453
27,B0100,defensive,HABFM,7663.245691,101.811503,8.600542,93.728734,-101.816584,15230.950044,353.884517,20775.102741,-533.773993,-1910.918556,-567.451185,37.402206,False,False,False,False,False,False,False,2-circle,-1.000000,-11.253362,-175.498308,-86.175647,3.849749,100.000000,100.000000,0.000000,0.000000,2,0,0,0.0000,0.0000,0.0000,0.5000,"Pursue",0.092532
28,A0100,adaptive_eagle_v11,UNKNOWN,7850.498739,99.326754,11.864845,87.842520,-99.328591,15233.865037,350.741704,20679.980861,-475.609401,-2027.792431,-542.898644,144.459851,False,False,False,False,False,False,False,1-circle,-1.000000,-4.966447,177.801949,-92.529808,3.600327,100.000000,100.000000,0.000000,0.000000,1,8,4,0.0000,0.0000,0.0000,0.5000,"HeadOnBreak",0.046057
28,B0100,defensive,UNKNOWN,7850.498739,99.326754,11.864845,87.842520,-99.328591,15233.865037,350.741704,20679.980861,-475.609401,-2027.792431,-542.898644,144.459851,False,False,False,False,False,False,False,1-circle,-1.000000,-4.966447,177.801949,-92.529808,3.600327,100.000000,100.000000,0.000000,0.000000,2,0,0,0.0000,0.0000,0.0000,0.5000,"Pursue",0.069221
29,A0100,adaptive_eagle_v11,UNKNOWN,8030.211181,97.540392,15.106850,82.703217,-97.540647,15235.756934,348.807042,20621.957803,-290.115289,-2088.106884,-522.420567,34.907026,False,False,False,False,False,True,False,1-circle,-1.000000,1.952389,-175.991969,-85.846583,3.247898,100.000000,100.000000,0.000000,0.000000,1,0,4,0.0000,0.0000,0.0000,0.5000,"HeadOnBreak",0.051993
29,B0100,defensive,UNKNOWN,8030.211181,97.540392,15.106850,82.703217,-97.540647,15235.756934,348.807042,20621.957803,-290.115289,-2088.106884,-522.420567,34.907026,False,False,False,False,False,True,False,1-circle,-1.000000,1.952389,-175.991969,-85.846583,3.247898,100.000000,100.000000,0.000000,0.000000,2,0,0,0.0000,0.0000,0.0000,0.5000,"Pursue",0.066936
30,A0100,adaptive_eagle_v11,UNKNOWN,8202.964497,95.868423,18.609963,77.425430,-95.868136,15237.052937,347.099778,20570.656485,-256.506590,-2114.373183,-500.199062,11.215714,False,False,False,False,False,True,False,1-circle,-1.000000,8.434902,-167.909515,-77.206662,3.307229,100.000000,100.000000,0.000000,0.000000,1,0,4,0.0000,0.0000,0.0000,0.5000,"HeadOnBreak",0.063529
30,B0100,defensive,UNKNOWN,8202.964497,95.868423,18.609963,77.425430,-95.868136,15237.052937,347.099778,20570.656485,-256.506590,-2114.373183,-500.199062,11.215714,False,False,False,False,False,True,False,1-circle,-1.000000,8.434902,-167.909515,-77.206662,3.307229,100.000000,100.000000,0.000000,0.000000,2,0,0,0.0000,0.0000,0.0000,0.5000,"Pursue",0.088513
31,A0100,adaptive_eagle_v11,UNKNOWN,8367.023427,93.738245,22.693385,71.160477,-93.737366,15238.497012,344.827917,20502.509306,-340.735897,-2116.867917,-470.004222,9.382509,False,False,False,False,False,True,False,1-circle,-1.000000,13.777355,-166.008896,-74.722513,3.684172,100.000000,100.000000,0.000000,0.000000,1,8,4,0.0000,0.0000,0.0000,0.5000,"HeadOnBreak",0.059620
31,B0100,defensive,UNKNOWN,8367.023427,93.738245,22.693385,71.160477,-93.737366,15238.497012,344.827917,20502.509306,-340.735897,-2116.867917,-470.004222,9.382509,False,False,False,False,False,True,False,1-circle,-1.000000,13.777355,-166.008896,-74.722513,3.684172,100.000000,100.000000,0.000000,0.000000,2,0,0,0.0000,0.0000,0.0000,0.5000,"Pursue",0.128965
32,A0100,adaptive_eagle_v11,UNKNOWN,8519.645531,90.787608,26.353898,64.570587,-90.785622,15240.628604,341.558943,20405.308141,-486.005825,-2186.534815,-433.827952,22.866644,False,False,False,False,False,True,False,1-circle,-1.000000,18.876004,-175.520313,-83.547219,3.868625,100.000000,100.000000,0.000000,0.000000,1,8,4,0.0000,0.0000,0.0000,0.5000,"HeadOnBreak",-0.390946
32,B0100,defensive,UNKNOWN,8519.645531,90.787608,26.353898,64.570587,-90.785622,15240.628604,341.558943,20405.308141,-486.005825,-2186.534815,-433.827952,22.866644,False,False,False,False,False,True,False,1-circle,-1.000000,18.876004,-175.520313,-83.547219,3.868625,100.000000,100.000000,0.000000,0.000000,2,0,0,0.0000,0.0000,0.0000,0.5000,"Pursue",0.131939
33,A0100,adaptive_eagle_v11,UNKNOWN,8660.463144,87.940531,29.134806,59.004111,-87.938301,15242.729258,338.612832,20318.697341,-433.054000,-2301.542635,-402.010049,149.397537,False,False,True,False,False,True,False,1-circle,-1.000000,25.351644,177.650228,-89.383631,3.749382,100.000000,100.000000,0.000000,0.000000,1,8,4,0.0000,0.0000,0.0000,0.5000,"HeadOnBreak",-0.399932
33,B0100,defensive,UNKNOWN,8660.463144,87.940531,29.134806,59.004111,-87.938301,15242.729258,338.612832,20318.697341,-433.054000,-2301.542635,-402.010049,149.397537,False,False,True,False,False,True,False,1-circle,-1.000000,25.351644,177.650228,-89.383631,3.749382,100.000000,100.000000,0.000000,0.000000,2,0,0,0.0000,0.0000,0.0000,0.5000,"Pursue",0.102464
34,A0100,adaptive_eagle_v11,UNKNOWN,8791.693035,85.840563,31.773164,54.330467,-85.838626,15244.135387,336.842917,20267.178390,-257.594753,-2371.428547,-375.706909,20.744066,False,False,True,False,False,True,False,1-circle,-1.000000,33.648683,-177.207130,-82.799303,3.546952,100.000000,100.000000,0.000000,0.000000,1,8,4,0.0000,0.0000,0.0000,0.5000,"HeadOnBreak",-0.439628
34,B0100,defensive,UNKNOWN,8791.693035,85.840563,31.773164,54.330467,-85.838626,15244.135387,336.842917,20267.178390,-257.594753,-2371.428547,-375.706909,20.744066,False,False,True,False,False,True,False,1-circle,-1.000000,33.648683,-177.207130,-82.799303,3.546952,100.000000,100.000000,0.000000,0.000000,2,0,0,0.0000,0.0000,0.0000,0.5000,"Pursue",0.117755
35,A0100,adaptive_eagle_v11,UNKNOWN,8913.814037,83.540495,34.558011,49.288862,-83.537932,15245.221014,334.804914,20207.665989,-297.562006,-2435.941008,-346.339559,13.683904,False,False,True,False,False,True,False,1-circle,-1.000000,43.234723,-175.422567,-79.095913,3.499705,100.000000,100.000000,0.000000,0.000000,1,8,4,0.0000,0.0000,0.0000,0.5000,"HeadOnBreak",-0.614256
35,B0100,defensive,UNKNOWN,8913.814037,83.540495,34.558011,49.288862,-83.537932,15245.221014,334.804914,20207.665989,-297.562006,-2435.941008,-346.339559,13.683904,False,False,True,False,False,True,False,1-circle,-1.000000,43.234723,-175.422567,-79.095913,3.499705,100.000000,100.000000,0.000000,0.000000,2,0,0,0.0000,0.0000,0.0000,0.5000,"Pursue",0.169452
36,A0100,adaptive_eagle_v11,UNKNOWN,9024.888332,80.423544,37.370848,43.383238,-80.420004,15246.441332,331.729882,20118.149287,-447.583509,-2538.063494,-310.477059,34.814446,False,False,True,False,False,True,False,1-circle,-1.000000,53.261501,175.725888,-85.631552,3.404092,100.000000,100.000000,0.000000,0.000000,1,8,4,0.0000,0.0000,0.0000,0.5000,"HeadOnBreak",-0.588485
36,B0100,defensive,UNKNOWN,9024.888332,80.423544,37.370848,43.383238,-80.420004,15246.441332,331.729882,20118.149287,-447.583509,-2538.063494,-310.477059,34.814446,False,False,True,False,False,True,False,1-circle,-1.000000,53.261501,175.725888,-85.631552,3.404092,100.000000,100.000000,0.000000,0.000000,2,0,0,0.0000,0.0000,0.0000,0.5000,"Pursue",0.173811
37,A0100,adaptive_eagle_v11,UNKNOWN,9123.658162,77.436490,40.157583,37.649735,-77.434882,15247.287958,329.048770,20040.565783,-387.917523,-2620.360529,-275.236992,153.556224,False,False,True,False,False,True,False,1-circle,-1.000000,63.725765,169.089680,-89.598688,3.131933,100.000000,100.000000,0.000000,0.000000,2,8,3,0.0000,0.0000,0.0000,0.5000,"LeadPursuit",-0.431900
37,B0100,defensive,UNKNOWN,9123.658162,77.436490,40.157583,37.649735,-77.434882,15247.287958,329.048770,20040.565783,-387.917523,-2620.360529,-275.236992,153.556224,False,False,True,False,False,True,False,1-circle,-1.000000,63.725765,169.089680,-89.598688,3.131933,100.000000,100.000000,0.000000,0.000000,2,0,0,0.0000,0.0000,0.0000,0.5000,"Pursue",0.139008
38,A0100,adaptive_eagle_v11,UNKNOWN,9211.391645,75.188459,42.891029,32.676491,-75.188831,15247.336509,327.487657,19995.240528,-226.626273,-2655.137063,-244.751175,20.750912,False,False,True,False,False,True,False,1-circle,-1.000000,74.492515,173.178491,-82.606669,2.873469,100.000000,100.000000,0.000000,0.000000,2,8,3,0.0000,0.0000,0.0000,0.5000,"LeadPursuit",-0.472683
38,B0100,defensive,UNKNOWN,9211.391645,75.188459,42.891029,32.676491,-75.188831,15247.336509,327.487657,19995.240528,-226.626273,-2655.137063,-244.751175,20.750912,False,False,True,False,False,True,False,1-circle,-1.000000,74.492515,173.178491,-82.606669,2.873469,100.000000,100.000000,0.000000,0.000000,2,0,0,0.0000,0.0000,0.0000,0.5000,"Pursue",0.160706
39,A0100,adaptive_eagle_v11,UNKNOWN,9288.603995,72.737631,45.925889,27.150450,-72.738091,15247.002085,325.653493,19941.871749,-266.843893,-2675.508588,-210.307873,13.575853,False,False,True,False,False,True,False,1-circle,-1.000000,84.587801,174.279681,-78.722352,2.844651,100.000000,100.000000,0.000000,0.000000,2,8,3,0.0000,0.0000,0.0000,0.5000,"LeadPursuit",-0.656411
39,B0100,defensive,UNKNOWN,9288.603995,72.737631,45.925889,27.150450,-72.738091,15247.002085,325.653493,19941.871749,-266.843893,-2675.508588,-210.307873,13.575853,False,False,True,False,False,True,False,1-circle,-1.000000,84.587801,174.279681,-78.722352,2.844651,100.000000,100.000000,0.000000,0.000000,2,0,0,0.0000,0.0000,0.0000,0.5000,"Pursue",0.231013
40,A0100,adaptive_eagle_v11,UNKNOWN,9352.801299,69.460895,49.141855,20.662877,-69.460802,15246.771885,322.789788,19859.433885,-412.189323,-2723.003393,-169.023579,29.799058,False,False,True,False,False,True,False,1-circle,-1.000000,93.556092,165.976556,-84.764901,2.800969,100.000000,100.000000,0.000000,0.000000,2,8,3,0.0000,0.0000,0.0000,0.5000,"LeadPursuit",-0.640223
40,B0100,defensive,UNKNOWN,9352.801299,69.460895,49.141855,20.662877,-69.460802,15246.771885,322.789788,19859.433885,-412.189323,-2723.003393,-169.023579,29.799058,False,False,True,False,False,True,False,1-circle,-1.000000,93.556092,165.976556,-84.764901,2.800969,100.000000,100.000000,0.000000,0.000000,2,0,0,0.0000,0.0000,0.0000,0.5000,"Pursue",0.241215
41,A0100,adaptive_eagle_v11,UNKNOWN,9403.122928,66.306486,52.195868,14.648611,-66.309128,15246.227547,320.290994,19787.750499,-358.416931,-2762.293632,-129.491243,100.225058,False,False,True,False,False,True,False,1-circle,-1.000000,102.563950,160.602795,-88.427806,2.580675,100.000000,100.000000,0.000000,0.000000,2,8,3,0.0000,0.0000,0.0000,0.5000,"LeadPursuit",-0.488364
41,B0100,defensive,UNKNOWN,9403.122928,66.306486,52.195868,14.648611,-66.309128,15246.227547,320.290994,19787.750499,-358.416931,-2762.293632,-129.491243,100.225058,False,False,True,False,False,True,False,1-circle,-1.000000,102.563950,160.602795,-88.427806,2.580675,100.000000,100.000000,0.000000,0.000000,2,0,0,0.0000,0.0000,0.0000,0.5000,"Pursue",0.197960
42,A0100,adaptive_eagle_v11,UNKNOWN,9441.318106,63.902345,54.784462,10.074886,-63.907310,15244.958541,318.886429,19746.737157,-205.066709,-2784.646932,-97.633681,18.634361,False,False,True,False,False,True,False,1-circle,-1.000000,112.817869,166.126644,-81.567208,2.377096,100.000000,100.000000,0.000000,0.000000,2,8,3,0.0000,0.0000,0.0000,0.5000,"LeadPursuit",-0.542343
42,B0100,defensive,UNKNOWN,9441.318106,63.902345,54.784462,10.074886,-63.907310,15244.958541,318.886429,19746.737157,-205.066709,-2784.646932,-97.633681,18.634361,False,False,True,False,False,True,False,1-circle,-1.000000,112.817869,166.126644,-81.567208,2.377096,100.000000,100.000000,0.000000,0.000000,2,0,0,0.0000,0.0000,0.0000,0.5000,"Pursue",0.228113
43,A0100,adaptive_eagle_v11,UNKNOWN,9469.322150,61.325590,57.175005,5.961630,-61.330848,15243.338465,317.240879,19698.775887,-239.806350,-2828.764575,-66.332057,12.657301,False,False,True,False,False,True,False,1-circle,-1.000000,123.869189,169.154472,-77.627795,2.413883,100.000000,100.000000,0.000000,0.000000,2,8,3,0.0000,0.0000,0.0000,0.5000,"LeadPursuit",-0.751028
43,B0100,defensive,UNKNOWN,9469.322150,61.325590,57.175005,5.961630,-61.330848,15243.338465,317.240879,19698.775887,-239.806350,-2828.764575,-66.332057,12.657301,False,False,True,False,False,True,False,1-circle,-1.000000,123.869189,169.154472,-77.627795,2.413883,100.000000,100.000000,0.000000,0.000000,2,0,0,0.0000,0.0000,0.0000,0.5000,"Pursue",0.328949
44,A0100,adaptive_eagle_v11,UNKNOWN,9485.932220,57.925340,59.615962,4.346645,-57.929858,15241.881057,314.573536,19622.711311,-380.322880,-2907.972383,-30.567613,23.781201,False,False,True,False,False,True,False,1-circle,-1.000000,134.912321,163.185510,-83.286812,2.449761,100.000000,100.000000,0.000000,0.000000,2,8,3,0.0000,0.0000,0.0000,0.5000,"LeadPursuit",-0.746732
44,B0100,defensive,UNKNOWN,9485.932220,57.925340,59.615962,4.346645,-57.929858,15241.881057,314.573536,19622.711311,-380.322880,-2907.972383,-30.567613,23.781201,False,False,True,False,False,True,False,1-circle,-1.000000,134.912321,163.185510,-83.286812,2.449761,100.000000,100.000000,0.000000,0.000000,2,1,1,0.0000,0.0000,0.0000,0.5000,"Pursue",0.352373
45,A0100,adaptive_eagle_v11,UNKNOWN,9490.471764,54.626656,62.011805,8.342704,-54.633378,15240.254450,312.223468,19555.873918,-334.186965,-2974.524365,3.862182,48.982556,False,False,True,False,False,True,False,1-circle,-1.000000,145.814432,160.023913,-86.705522,2.305718,100.000000,100.000000,0.000000,0.000000,2,8,3,0.0000,0.0000,0.0000,0.5000,"LeadPursuit",-0.565867
45,B0100,defensive,UNKNOWN,9490.471764,54.626656,62.011805,8.342704,-54.633378,15240.254450,312.223468,19555.873918,-334.186965,-2974.524365,3.862182,48.982556,False,False,True,False,False,True,False,1-circle,-1.000000,145.814432,160.023913,-86.705522,2.305718,100.000000,100.000000,0.000000,0.000000,2,1,1,0.0000,0.0000,0.0000,0.5000,"Pursue",0.297206
46,A0100,adaptive_eagle_v11,UNKNOWN,9483.832832,52.088436,64.717902,13.153912,-52.097013,15238.040190,310.944662,19518.380202,-187.468580,-2970.941605,36.976082,16.021263,False,False,True,False,False,True,False,1-circle,-1.000000,156.527001,167.382622,-79.979621,2.180069,100.000000,100.000000,0.000000,0.000000,2,8,3,0.0000,0.0000,0.0000,0.5000,"LeadPursuit",-0.618704
46,B0100,defensive,UNKNOWN,9483.832832,52.088436,64.717902,13.153912,-52.097013,15238.040190,310.944662,19518.380202,-187.468580,-2970.941605,36.976082,16.021263,False,False,True,False,False,True,False,1-circle,-1.000000,156.527001,167.382622,-79.979621,2.180069,100.000000,100.000000,0.000000,0.000000,2,1,1,0.0000,0.0000,0.0000,0.5000,"Pursue",0.345032
47,A0100,adaptive_eagle_v11,DBFM,9465.679802,49.399923,67.591313,18.507191,-49.408480,15235.559740,309.454366,19474.968456,-217.058731,-2960.247747,71.878320,11.409606,False,False,True,False,False,True,False,1-circle,-1.000000,166.887732,172.229806,-76.002935,2.302210,100.000000,100.000000,0.000000,0.000000,2,8,3,0.0000,0.0000,0.0000,0.5000,"LeadPursuit",-0.886244
47,B0100,defensive,DBFM,9465.679802,49.399923,67.591313,18.507191,-49.408480,15235.559740,309.454366,19474.968456,-217.058731,-2960.247747,71.878320,11.409606,False,False,True,False,False,True,False,1-circle,-1.000000,166.887732,172.229806,-76.002935,2.302210,100.000000,100.000000,0.000000,0.000000,2,1,1,0.0000,0.0000,0.0000,0.5000,"Pursue",0.504706
48,A0100,adaptive_eagle_v11,DBFM,9435.859945,45.885039,69.941247,24.255647,-45.892026,15233.360651,306.952805,19404.505495,-352.314805,-3026.218572,105.256682,18.778705,False,False,True,False,False,True,False,1-circle,-1.000000,177.008944,167.943519,-81.320779,2.434013,100.000000,100.000000,0.000000,0.000000,2,8,3,0.0000,0.0000,0.0000,0.5000,"LeadPursuit",-0.914053
48,B0100,defensive,DBFM,9435.859945,45.885039,69.941247,24.255647,-45.892026,15233.360651,306.952805,19404.505495,-352.314805,-3026.218572,105.256682,18.778705,False,False,True,False,False,True,False,1-circle,-1.000000,177.008944,167.943519,-81.320779,2.434013,100.000000,100.000000,0.000000,0.000000,2,1,1,0.0000,0.0000,0.0000,0.5000,"Pursue",0.560466
49,A0100,adaptive_eagle_v11,OBFM,9395.365000,42.443413,72.051467,29.765564,-42.451581,15231.195881,304.724405,19341.997646,-312.539243,-3095.736912,135.538873,30.150135,False,False,True,False,False,True,False,1-circle,-1.000000,187.123726,165.843317,-84.530539,2.383865,100.000000,100.000000,0.000000,0.000000,2,8,3,0.0000,0.0000,0.0000,0.5000,"LeadPursuit",-0.728222
49,B0100,defensive,OBFM,9395.365000,42.443413,72.051467,29.765564,-42.451581,15231.195881,304.724405,19341.997646,-312.539243,-3095.736912,135.538873,30.150135,False,False,True,False,False,True,False,1-circle,-1.000000,187.123726,165.843317,-84.530539,2.383865,100.000000,100.000000,0.000000,0.000000,2,1,1,0.0000,0.0000,0.0000,0.5000,"Pursue",0.490874
50,A0100,adaptive_eagle_v11,OBFM,9345.145472,39.767301,74.193904,34.552044,-39.776733,15228.624309,303.543148,19307.616994,-171.903262,-3117.711846,162.836994,13.577031,False,False,True,False,False,True,False,1-circle,-1.000000,197.372964,173.500020,-77.951622,2.353879,100.000000,100.000000,0.000000,0.000000,1,8,4,0.0000,0.0000,0.0000,0.5000,"SmartHighYoYo",-0.810728
50,B0100,defensive,OBFM,9345.145472,39.767301,74.193904,34.552044,-39.776733,15228.624309,303.543148,19307.616994,-171.903262,-3117.711846,162.836994,13.577031,False,False,True,False,False,True,False,1-circle,-1.000000,197.372964,173.500020,-77.951622,2.353879,100.000000,100.000000,0.000000,0.000000,2,1,1,0.0000,0.0000,0.0000,0.5000,"Pursue",0.579914
51,A0100,adaptive_eagle_v11,OBFM,9285.949489,36.967905,76.284384,39.387559,-36.976393,15225.906097,302.176813,19268.259987,-196.785033,-3149.719074,189.453284,10.128158,False,False,True,False,False,True,False,1-circle,-1.000000,207.043821,178.541171,-73.966318,2.576051,100.000000,100.000000,0.000000,0.000000,1,8,4,0.0000,0.0000,0.0000,0.5000,"SmartHighYoYo",-1.138612
51,B0100,defensive,OBFM,9285.949489,36.967905,76.284384,39.387559,-36.976393,15225.906097,302.176813,19268.259987,-196.785033,-3149.719074,189.453284,10.128158,False,False,True,False,False,True,False,1-circle,-1.000000,207.043821,178.541171,-73.966318,2.576051,100.000000,100.000000,0.000000,0.000000,2,1,1,0.0000,0.0000,0.0000,0.5000,"Pursue",0.872974
52,A0100,adaptive_eagle_v11,OBFM,9217.244624,33.343408,78.676001,45.354798,-33.347484,15223.625529,299.809885,19202.900539,-326.797242,-3197.440080,219.884308,15.079101,False,False,True,False,False,True,False,1-circle,-1.000000,215.092220,174.629254,-78.993140,2.814012,100.000000,100.000000,0.000000,0.000000,1,8,4,0.0000,0.0000,0.0000,0.5000,"SmartHighYoYo",-1.359418
52,B0100,defensive,OBFM,9217.244624,33.343408,78.676001,45.354798,-33.347484,15223.625529,299.809885,19202.900539,-326.797242,-3197.440080,219.884308,15.079101,False,False,True,False,False,True,False,1-circle,-1.000000,215.092220,174.629254,-78.993140,2.814012,100.000000,100.000000,0.000000,0.000000,2,1,1,0.0000,0.0000,0.0000,0.5000,"Pursue",1.146339
53,A0100,adaptive_eagle_v11,OBFM,9137.781869,29.371088,81.240613,51.880082,-29.374855,15221.638694,297.218631,19132.425274,-352.376321,-3238.215429,251.269753,99.324096,False,False,True,False,False,True,False,1-circle,-1.000000,221.772859,166.462563,-88.294297,2.622708,100.000000,100.000000,0.000000,0.000000,1,8,4,0.0000,0.0000,0.0000,0.5000,"SmartHighYoYo",-1.322483
53,B0100,defensive,OBFM,9137.781869,29.371088,81.240613,51.880082,-29.374855,15221.638694,297.218631,19132.425274,-352.376321,-3238.215429,251.269753,99.324096,False,False,True,False,False,True,False,1-circle,-1.000000,221.772859,166.462563,-88.294297,2.622708,100.000000,100.000000,0.000000,0.000000,2,2,3,0.0000,0.0000,0.0000,0.5000,"Pursue",1.220767
54,A0100,adaptive_eagle_v11,OBFM,9048.686324,25.851921,83.278280,57.447912,-25.860595,15218.963705,295.401019,19082.064468,-251.804031,-3283.406576,276.177190,170.465602,False,False,True,False,False,True,False,1-circle,-1.000000,228.758801,163.448155,-92.325724,2.002484,100.000000,100.000000,0.000000,0.000000,1,8,4,0.0000,0.0000,0.0000,0.5000,"SmartHighYoYo",-1.150688
54,B0100,defensive,OBFM,9048.686324,25.851921,83.278280,57.447912,-25.860595,15218.963705,295.401019,19082.064468,-251.804031,-3283.406576,276.177190,170.465602,False,False,True,False,False,True,False,1-circle,-1.000000,228.758801,163.448155,-92.325724,2.002484,100.000000,100.000000,0.000000,0.000000,2,2,3,0.0000,0.0000,0.0000,0.5000,"Pursue",1.161608
55,A0100,adaptive_eagle_v11,OBFM,8952.150206,23.037512,85.068903,62.065588,-23.043952,15215.192424,294.532949,19055.622225,-132.211214,-3306.398675,297.050847,36.966325,False,False,True,False,False,True,False,1-circle,-1.000000,236.520163,171.254067,-85.384754,1.370330,100.000000,100.000000,0.000000,0.000000,1,8,4,0.0000,0.0000,0.0000,0.5000,"SmartHighYoYo",-1.227598
55,B0100,defensive,OBFM,8952.150206,23.037512,85.068903,62.065588,-23.043952,15215.192424,294.532949,19055.622225,-132.211214,-3306.398675,297.050847,36.966325,False,False,True,False,False,True,False,1-circle,-1.000000,236.520163,171.254067,-85.384754,1.370330,100.000000,100.000000,0.000000,0.000000,2,2,3,0.0000,0.0000,0.0000,0.5000,"Pursue",1.338754
56,A0100,adaptive_eagle_v11,OBFM,8848.661539,20.319484,86.886798,66.602149,-20.321323,15210.663328,293.780017,19031.483176,-120.695246,-3320.083263,317.243439,12.270904,False,False,True,False,False,True,False,1-circle,-1.000000,244.436266,-178.903976,-76.298156,1.244507,100.000000,100.000000,0.000000,0.000000,1,8,4,0.0000,0.0000,0.0000,0.5000,"SmartHighYoYo",-1.651237
56,B0100,defensive,OBFM,8848.661539,20.319484,86.886798,66.602149,-20.321323,15210.663328,293.780017,19031.483176,-120.695246,-3320.083263,317.243439,12.270904,False,False,True,False,False,True,False,1-circle,-1.000000,244.436266,-178.903976,-76.298156,1.244507,100.000000,100.000000,0.000000,0.000000,2,2,3,0.0000,0.0000,0.0000,0.5000,"Pursue",1.951422
57,A0100,adaptive_eagle_v11,OBFM,8738.189601,17.148096,89.014974,71.883404,-17.151665,15205.990045,292.433133,18991.855826,-198.136749,-3331.847648,339.337152,9.365722,False,False,True,False,False,True,False,1-circle,-1.000000,251.493574,-174.104669,-72.209519,1.625968,100.000000,100.000000,0.000000,0.000000,4,8,3,0.0000,0.0000,0.0000,0.5000,"SmartHighYoYo",-2.532668
57,B0100,defensive,OBFM,8738.189601,17.148096,89.014974,71.883404,-17.151665,15205.990045,292.433133,18991.855826,-198.136749,-3331.847648,339.337152,9.365722,False,False,True,False,False,True,False,1-circle,-1.000000,251.493574,-174.104669,-72.209519,1.625968,100.000000,100.000000,0.000000,0.000000,2,2,3,0.0000,0.0000,0.0000,0.5000,"Pursue",3.010203
58,A0100,adaptive_eagle_v11,OBFM,8619.932478,13.176608,91.302052,78.127541,-13.182544,15201.862445,290.159795,18929.095337,-313.802448,-3364.551239,361.633263,13.456438,False,False,True,False,False,True,False,1-circle,-1.000000,257.180794,-178.514802,-77.317293,2.045220,100.000000,100.000000,0.000000,0.000000,1,7,4,0.0000,0.0000,0.0000,0.5000,"SmartHighYoYo",-3.124587
58,B0100,defensive,OBFM,8619.932478,13.176608,91.302052,78.127541,-13.182544,15201.862445,290.159795,18929.095337,-313.802448,-3364.551239,361.633263,13.456438,False,False,True,False,False,True,False,1-circle,-1.000000,257.180794,-178.514802,-77.317293,2.045220,100.000000,100.000000,0.000000,0.000000,2,3,3,0.0000,0.0000,0.0000,0.5000,"Pursue",4.071270
59,A0100,adaptive_eagle_v11,OBFM,8495.037951,9.302431,93.041663,83.739872,-9.306901,15198.135087,288.191467,18874.971380,-270.619785,-3420.828600,377.973292,18.752251,False,False,True,False,False,True,False,1-circle,-1.000000,262.328245,178.690045,-80.766438,2.270398,100.000000,100.000000,0.000000,0.000000,4,7,3,0.0000,0.0000,0.0000,0.5000,"SmartHighYoYo",-3.157606
59,B0100,defensive,OBFM,8495.037951,9.302431,93.041663,83.739872,-9.306901,15198.135087,288.191467,18874.971380,-270.619785,-3420.828600,377.973292,18.752251,False,False,True,False,False,True,False,1-circle,-1.000000,262.328245,178.690045,-80.766438,2.270398,100.000000,100.000000,0.000000,0.000000,2,3,3,0.0000,0.0000,0.0000,0.5000,"Pursue",4.445677
60,A0100,adaptive_eagle_v11,OBFM,8365.193137,6.181808,94.760736,88.579637,-6.184919,15194.283282,287.219301,18846.355025,-143.081774,-3435.391232,393.148252,11.313147,False,False,True,False,False,True,False,1-circle,-1.000000,267.557787,-174.831894,-74.871077,2.481002,100.000000,100.000000,0.000000,0.000000,1,7,4,0.0000,0.0000,0.0000,0.5000,"SmartHighYoYo",-3.487341
60,B0100,defensive,OBFM,8365.193137,6.181808,94.760736,88.579637,-6.184919,15194.283282,287.219301,18846.355025,-143.081774,-3435.391232,393.148252,11.313147,False,False,True,False,False,True,False,1-circle,-1.000000,267.557787,-174.831894,-74.871077,2.481002,100.000000,100.000000,0.000000,0.000000,2,3,3,0.0000,0.0000,0.0000,0.5000,"Pursue",5.016408
61,A0100,adaptive_eagle_v11,OBFM,8230.138804,3.341558,96.400329,93.058845,-3.342880,15190.335904,286.570083,18825.916324,-102.193504,-3436.486209,406.851730,7.246182,False,False,True,False,False,True,False,2-circle,-1.000000,273.273131,-166.532778,-67.068895,3.099439,100.000000,100.000000,0.000000,0.000000,2,8,3,0.0000,0.0000,0.0000,0.5000,"LeadPursuit",-3.123871
61,B0100,defensive,OBFM,8230.138804,3.341558,96.400329,93.058845,-3.342880,15190.335904,286.570083,18825.916324,-102.193504,-3436.486209,406.851730,7.246182,False,False,True,False,False,True,False,2-circle,-1.000000,273.273131,-166.532778,-67.068895,3.099439,100.000000,100.000000,0.000000,0.000000,2,4,3,0.0000,0.0000,0.0000,0.5000,"Pursue",4.277535
62,A0100,adaptive_eagle_v11,OBFM,8091.180625,0.617842,97.791644,97.287862,-0.500603,15186.680277,285.849097,18803.990096,-109.631142,-3455.494856,417.599320,5.343993,False,False,True,False,False,True,False,2-circle,-1.000000,278.952065,-159.119343,-60.097797,4.234385,100.000000,100.000000,0.000000,0.000000,2,8,3,0.0000,0.0000,0.0000,0.5000,"LeadPursuit",1.017460
62,B0100,defensive,OBFM,8091.180625,0.617842,97.791644,97.287862,-0.500603,15186.680277,285.849097,18803.990096,-109.631142,-3455.494856,417.599320,5.343993,False,False,True,False,False,True,False,2-circle,-1.000000,278.952065,-159.119343,-60.097797,4.234385,100.000000,100.000000,0.000000,0.000000,2,4,2,0.0000,0.0000,0.0000,0.5000,"Pursue",-1.609410
63,A0100,adaptive_eagle_v11,OBFM,7948.604172,2.096820,99.199626,101.191322,1.997105,15183.559363,285.516443,18792.454870,-57.676130,-3455.923728,428.089945,4.059686,False,False,True,False,False,True,False,2-circle,1.000000,284.071109,-151.454267,-52.841660,5.781615,100.000000,100.000000,0.000000,0.000000,2,8,3,0.0000,0.0000,0.0000,0.5000,"LeadPursuit",3.068197
63,B0100,defensive,OBFM,7948.604172,2.096820,99.199626,101.191322,1.997105,15183.559363,285.516443,18792.454870,-57.676130,-3455.923728,428.089945,4.059686,False,False,True,False,False,True,False,2-circle,1.000000,284.071109,-151.454267,-52.841660,5.781615,100.000000,100.000000,0.000000,0.000000,2,4,2,0.0000,0.0000,0.0000,0.5000,"Pursue",-4.696410
64,A0100,adaptive_eagle_v11,HABFM,7802.270247,4.419595,100.920362,105.226024,4.310833,15180.869180,285.306115,18784.449599,-40.026352,-3426.731591,440.416129,3.003411,False,False,True,False,False,True,False,2-circle,1.000000,288.383029,-142.517054,-44.286682,7.640360,100.000000,100.000000,0.000000,0.000000,2,8,3,0.0000,0.0000,0.0000,0.5000,"LeadPursuit",2.973224
64,B0100,defensive,HABFM,7802.270247,4.419595,100.920362,105.226024,4.310833,15180.869180,285.306115,18784.449599,-40.026352,-3426.731591,440.416129,3.003411,False,False,True,False,False,True,False,2-circle,1.000000,288.383029,-142.517054,-44.286682,7.640360,100.000000,100.000000,0.000000,0.000000,2,4,2,0.0000,0.0000,0.0000,0.5000,"Pursue",-4.712840
65,A0100,adaptive_eagle_v11,HABFM,7651.531693,6.807814,102.790236,109.414030,6.633823,15178.998638,284.810254,18770.063915,-71.928420,-3392.995506,452.723300,2.301821,False,False,True,False,False,True,False,2-circle,1.000000,291.793836,-134.605018,-36.732966,9.617138,100.000000,100.000000,0.000000,0.000000,2,8,3,0.0000,0.0000,0.0000,0.5000,"LeadPursuit",2.432887
65,B0100,defensive,HABFM,7651.531693,6.807814,102.790236,109.414030,6.633823,15178.998638,284.810254,18770.063915,-71.928420,-3392.995506,452.723300,2.301821,False,False,True,False,False,True,False,2-circle,1.000000,291.793836,-134.605018,-36.732966,9.617138,100.000000,100.000000,0.000000,0.000000,2,5,2,0.0000,0.0000,0.0000,0.5000,"Pursue",-3.794409
66,A0100,adaptive_eagle_v11,HABFM,7497.349793,9.043478,104.109321,112.886892,8.801013,15178.190417,284.152685,18752.692760,-86.855776,-3400.296359,460.169005,1.849453,False,False,True,False,False,True,False,2-circle,1.000000,294.697445,-128.434379,-30.890425,11.055237,100.000000,100.000000,0.000000,0.000000,2,8,3,0.0000,0.0000,0.0000,0.5000,"LeadPursuit",1.916167
66,B0100,defensive,HABFM,7497.349793,9.043478,104.109321,112.886892,8.801013,15178.190417,284.152685,18752.692760,-86.855776,-3400.296359,460.169005,1.849453,False,False,True,False,False,True,False,2-circle,1.000000,294.697445,-128.434379,-30.890425,11.055237,100.000000,100.000000,0.000000,0.000000,2,5,2,0.0000,0.0000,0.0000,0.5000,"Pursue",-2.900614
67,A0100,adaptive_eagle_v11,HABFM,7341.110930,10.976536,105.190243,115.876760,10.719774,15178.138188,284.086155,18750.966903,-8.629287,-3399.678882,466.344805,1.511760,False,False,True,False,False,True,False,2-circle,1.000000,297.314375,-123.300682,-26.054586,9.884705,100.000000,100.000000,0.000000,0.000000,2,8,3,0.0000,0.0000,0.0000,0.5000,"LeadPursuit",1.536757
67,B0100,defensive,HABFM,7341.110930,10.976536,105.190243,115.876760,10.719774,15178.138188,284.086155,18750.966903,-8.629287,-3399.678882,466.344805,1.511760,False,False,True,False,False,True,False,2-circle,1.000000,297.314375,-123.300682,-26.054586,9.884705,100.000000,100.000000,0.000000,0.000000,2,5,2,0.0000,0.0000,0.0000,0.5000,"Pursue",-2.268662
68,A0100,adaptive_eagle_v11,HABFM,7182.520503,12.587367,106.313143,118.670865,12.388061,15178.125996,284.856325,18770.353169,96.931330,-3361.294901,473.786295,1.155098,False,False,True,False,False,True,False,2-circle,1.000000,300.124756,-117.520995,-20.533318,7.492648,100.000000,100.000000,0.000000,0.000000,2,8,3,0.0000,0.0000,0.0000,0.5000,"LeadPursuit",1.341411
68,B0100,defensive,HABFM,7182.520503,12.587367,106.313143,118.670865,12.388061,15178.125996,284.856325,18770.353169,96.931330,-3361.294901,473.786295,1.155098,False,False,True,False,False,True,False,2-circle,1.000000,300.124756,-117.520995,-20.533318,7.492648,100.000000,100.000000,0.000000,0.000000,2,5,2,0.0000,0.0000,0.0000,0.5000,"Pursue",-1.961405
69,A0100,adaptive_eagle_v11,HABFM,7021.086152,13.984255,107.758295,121.626895,13.887344,15177.237977,286.201788,18803.479641,165.632359,-3274.152527,484.125551,0.683616,False,False,True,False,False,True,False,2-circle,1.000000,303.723805,-109.332703,-12.553741,4.640021,100.000000,100.000000,0.000000,0.000000,2,8,3,0.0000,0.0000,0.0000,0.5000,"LeadPursuit",1.300878
69,B0100,defensive,HABFM,7021.086152,13.984255,107.758295,121.626895,13.887344,15177.237977,286.201788,18803.479641,165.632359,-3274.152527,484.125551,0.683616,False,False,True,False,False,True,False,2-circle,1.000000,303.723805,-109.332703,-12.553741,4.640021,100.000000,100.000000,0.000000,0.000000,2,5,2,0.0000,0.0000,0.0000,0.5000,"Pursue",-1.846413
70,A0100,adaptive_eagle_v11,HABFM,6855.835707,15.369143,109.351614,124.699818,15.363655,15174.536519,287.952230,18845.270813,208.955860,-3152.931579,495.565502,0.075595,False,False,True,False,False,True,False,2-circle,1.000000,309.391461,-98.063007,-1.418863,1.540868,100.000000,100.000000,0.000000,0.000000,2,8,3,0.0000,0.0000,0.0000,0.5000,"LeadPursuit",1.345201
70,B0100,defensive,HABFM,6855.835707,15.369143,109.351614,124.699818,15.363655,15174.536519,287.952230,18845.270813,208.955860,-3152.931579,495.565502,0.075595,False,False,True,False,False,True,False,2-circle,1.000000,309.391461,-98.063007,-1.418863,1.540868,100.000000,100.000000,0.000000,0.000000,2,6,2,0.0000,0.0000,0.0000,0.5000,"Pursue",-1.736508
71,A0100,adaptive_eagle_v11,HABFM,6687.539886,17.002701,110.387076,127.381655,17.017178,15169.137072,289.882969,18889.261457,219.953222,-3055.330788,502.502832,0.689147,False,False,True,False,False,True,False,2-circle,1.000000,318.617902,-83.801444,12.803056,-1.738133,100.000000,100.000000,0.000000,0.000000,2,8,3,0.0000,0.0000,0.0000,0.5000,"LeadPursuit",1.375811
71,B0100,defensive,HABFM,6687.539886,17.002701,110.387076,127.381655,17.017178,15169.137072,289.882969,18889.261457,219.953222,-3055.330788,502.502832,0.689147,False,False,True,False,False,True,False,2-circle,1.000000,318.617902,-83.801444,12.803056,-1.738133,100.000000,100.000000,0.000000,0.000000,2,6,2,0.0000,0.0000,0.0000,0.5000,"Pursue",-1.638570
72,A0100,adaptive_eagle_v11,HABFM,6517.780206,18.995657,111.176124,130.078786,18.953856,15160.594600,291.658959,18926.441845,185.901940,-2973.843058,506.438543,1.676954,False,False,True,False,False,True,False,2-circle,1.000000,331.710362,-67.570734,29.082704,-4.387836,100.000000,100.000000,0.000000,0.000000,1,8,3,0.0000,0.0000,0.0000,0.5000,"LeadPursuit",1.187194
72,B0100,defensive,HABFM,6517.780206,18.995657,111.176124,130.078786,18.953856,15160.594600,291.658959,18926.441845,185.901940,-2973.843058,506.438543,1.676954,False,False,True,False,False,True,False,2-circle,1.000000,331.710362,-67.570734,29.082704,-4.387836,100.000000,100.000000,0.000000,0.000000,3,6,3,0.0000,0.0000,0.0000,0.5000,"LeadPursuit",-1.349714
73,A0100,adaptive_eagle_v11,HABFM,6347.005806,20.994592,111.993956,132.809253,20.909360,15149.432721,293.050989,18951.313039,124.355968,-2897.932056,509.573939,3.092027,False,False,True,False,False,True,False,2-circle,1.000000,347.920383,-50.918890,45.849616,-3.316252,100.000000,100.000000,0.000000,0.000000,1,8,3,0.0000,0.0000,0.0000,0.5000,"LeadPursuit",0.641889
73,B0100,defensive,HABFM,6347.005806,20.994592,111.993956,132.809253,20.909360,15149.432721,293.050989,18951.313039,124.355968,-2897.932056,509.573939,3.092027,False,False,True,False,False,True,False,2-circle,1.000000,347.920383,-50.918890,45.849616,-3.316252,100.000000,100.000000,0.000000,0.000000,3,6,3,0.0000,0.0000,0.0000,0.5000,"LeadPursuit",-0.743659
74,A0100,adaptive_eagle_v11,HABFM,6175.199095,22.165275,112.740584,134.739281,22.113294,15137.078121,294.123587,18966.839945,77.634528,-2834.892426,513.379268,4.636807,False,False,True,False,False,True,False,2-circle,1.000000,365.440059,-39.742426,57.170430,0.077832,100.000000,100.000000,0.000000,0.000000,1,8,3,0.0000,0.0000,0.0000,0.5000,"LeadPursuit",0.268715
74,B0100,defensive,HABFM,6175.199095,22.165275,112.740584,134.739281,22.113294,15137.078121,294.123587,18966.839945,77.634528,-2834.892426,513.379268,4.636807,False,False,True,False,False,True,False,2-circle,1.000000,365.440059,-39.742426,57.170430,0.077832,100.000000,100.000000,0.000000,0.000000,3,6,3,0.0000,0.0000,0.0000,0.5000,"LeadPursuit",-0.361989
75,A0100,adaptive_eagle_v11,HABFM,6002.027064,22.633079,113.415938,135.933664,22.634694,15125.096745,294.375317,18961.416899,-27.115228,-2806.671420,517.343334,5.452289,False,False,True,False,False,True,False,2-circle,1.000000,382.298514,-35.791083,61.262685,2.085089,100.000000,100.000000,0.000000,0.000000,1,8,3,0.0000,0.0000,0.0000,0.5000,"LeadPursuit",0.246118
75,B0100,defensive,HABFM,6002.027064,22.633079,113.415938,135.933664,22.634694,15125.096745,294.375317,18961.416899,-27.115228,-2806.671420,517.343334,5.452289,False,False,True,False,False,True,False,2-circle,1.000000,382.298514,-35.791083,61.262685,2.085089,100.000000,100.000000,0.000000,0.000000,3,6,3,0.0000,0.0000,0.0000,0.5000,"LeadPursuit",-0.329565
76,A0100,adaptive_eagle_v11,HABFM,5827.560483,23.060455,114.013677,136.989871,23.098951,15113.671584,294.485806,18952.872064,-42.724174,-2787.582995,520.668840,5.925811,False,False,True,False,False,True,False,2-circle,1.000000,397.919134,-33.951041,63.232879,2.955920,100.000000,100.000000,0.000000,0.000000,1,8,3,0.0000,0.0000,0.0000,0.5000,"LeadPursuit",0.241368
76,B0100,defensive,HABFM,5827.560483,23.060455,114.013677,136.989871,23.098951,15113.671584,294.485806,18952.872064,-42.724174,-2787.582995,520.668840,5.925811,False,False,True,False,False,True,False,2-circle,1.000000,397.919134,-33.951041,63.232879,2.955920,100.000000,100.000000,0.000000,0.000000,3,6,3,0.0000,0.0000,0.0000,0.5000,"LeadPursuit",-0.371480
77,A0100,adaptive_eagle_v11,HABFM,5651.725136,23.431175,114.910778,138.279027,23.494032,15102.793178,294.353648,18938.548548,-71.617579,-2754.290131,525.720273,6.266629,False,False,True,False,False,True,False,2-circle,1.000000,411.943125,-32.813838,64.486401,3.404683,100.000000,100.000000,0.000000,0.000000,1,8,3,0.0000,0.0000,0.0000,0.5000,"LeadPursuit",0.240427
77,B0100,defensive,HABFM,5651.725136,23.431175,114.910778,138.279027,23.494032,15102.793178,294.353648,18938.548548,-71.617579,-2754.290131,525.720273,6.266629,False,False,True,False,False,True,False,2-circle,1.000000,411.943125,-32.813838,64.486401,3.404683,100.000000,100.000000,0.000000,0.000000,3,6,3,0.0000,0.0000,0.0000,0.5000,"LeadPursuit",-0.398486
78,A0100,adaptive_eagle_v11,HABFM,5473.692832,23.770669,116.033937,139.765752,23.845850,15092.482444,294.053360,18920.415645,-90.664516,-2709.359502,531.981253,6.547801,False,False,True,False,False,True,False,2-circle,1.000000,424.532262,-31.985072,65.425688,3.673615,100.000000,100.000000,0.000000,0.000000,1,8,3,0.0000,0.0000,0.0000,0.5000,"LeadPursuit",0.190618
78,B0100,defensive,HABFM,5473.692832,23.770669,116.033937,139.765752,23.845850,15092.482444,294.053360,18920.415645,-90.664516,-2709.359502,531.981253,6.547801,False,False,True,False,False,True,False,2-circle,1.000000,424.532262,-31.985072,65.425688,3.673615,100.000000,100.000000,0.000000,0.000000,3,6,3,0.0000,0.0000,0.0000,0.5000,"LeadPursuit",-0.265586
79,A0100,adaptive_eagle_v11,HABFM,5293.979863,24.109630,116.630154,140.724091,24.185485,15082.745811,293.635022,18899.795060,-103.102928,-2703.337206,534.674310,6.812596,False,False,True,False,False,True,False,2-circle,1.000000,436.373804,-31.286877,66.241444,3.848046,100.000000,100.000000,0.000000,0.000000,1,8,3,0.0000,0.0000,0.0000,0.5000,"LeadPursuit",0.178036
79,B0100,defensive,HABFM,5293.979863,24.109630,116.630154,140.724091,24.185485,15082.745811,293.635022,18899.795060,-103.102928,-2703.337206,534.674310,6.812596,False,False,True,False,False,True,False,2-circle,1.000000,436.373804,-31.286877,66.241444,3.848046,100.000000,100.000000,0.000000,0.000000,3,6,3,0.0000,0.0000,0.0000,0.5000,"LeadPursuit",-0.211965
80,A0100,adaptive_eagle_v11,HABFM,5113.801058,24.480313,116.946103,141.422960,24.545605,15073.572590,293.134708,18877.625474,-110.847927,-2716.554630,535.373021,7.088541,False,False,True,False,False,True,False,2-circle,1.000000,447.534560,-30.620206,67.032306,3.965092,100.000000,100.000000,0.000000,0.000000,1,8,3,0.0000,0.0000,0.0000,0.5000,"LeadPursuit",0.198105
80,B0100,defensive,HABFM,5113.801058,24.480313,116.946103,141.422960,24.545605,15073.572590,293.134708,18877.625474,-110.847927,-2716.554630,535.373021,7.088541,False,False,True,False,False,True,False,2-circle,1.000000,447.534560,-30.620206,67.032306,3.965092,100.000000,100.000000,0.000000,0.000000,3,6,3,0.0000,0.0000,0.0000,0.5000,"LeadPursuit",-0.231401
81,A0100,adaptive_eagle_v11,HABFM,4933.284339,24.901972,117.254511,142.156457,24.946478,15064.936219,292.579627,18854.595996,-115.147393,-2727.802378,535.754981,7.389939,False,False,True,False,False,True,False,2-circle,1.000000,457.816709,-29.943709,67.837784,4.041610,100.000000,100.000000,0.000000,0.000000,1,8,3,0.0000,0.0000,0.0000,0.5000,"LeadPursuit",0.215914
81,B0100,defensive,HABFM,4933.284339,24.901972,117.254511,142.156457,24.946478,15064.936219,292.579627,18854.595996,-115.147393,-2727.802378,535.754981,7.389939,False,False,True,False,False,True,False,2-circle,1.000000,457.816709,-29.943709,67.837784,4.041610,100.000000,100.000000,0.000000,0.000000,3,6,3,0.0000,0.0000,0.0000,0.5000,"LeadPursuit",-0.232212
82,A0100,adaptive_eagle_v11,HABFM,4752.661930,25.391526,117.441102,142.831593,25.406778,15056.796800,291.989926,18831.195667,-117.001644,-2744.391500,535.081245,7.722455,False,False,True,False,False,True,False,2-circle,1.000000,466.894022,-29.246442,68.664675,4.084838,100.000000,100.000000,0.000000,0.000000,1,8,3,0.0000,0.0000,0.0000,0.5000,"LeadPursuit",0.271070
82,B0100,defensive,HABFM,4752.661930,25.391526,117.441102,142.831593,25.406778,15056.796800,291.989926,18831.195667,-117.001644,-2744.391500,535.081245,7.722455,False,False,True,False,False,True,False,2-circle,1.000000,466.894022,-29.246442,68.664675,4.084838,100.000000,100.000000,0.000000,0.000000,3,6,3,0.0000,0.0000,0.0000,0.5000,"LeadPursuit",-0.322103
83,A0100,adaptive_eagle_v11,HABFM,4572.000266,25.961363,117.880481,143.839109,25.941214,15049.104535,291.379875,18807.748276,-117.236956,-2738.632566,535.621028,8.087677,False,False,True,False,False,True,False,2-circle,1.000000,474.457672,-28.531643,69.506538,4.097601,100.000000,100.000000,0.000000,0.000000,1,8,3,0.0000,0.0000,0.0000,0.5000,"LeadPursuit",0.315347
83,B0100,defensive,HABFM,4572.000266,25.961363,117.880481,143.839109,25.941214,15049.104535,291.379875,18807.748276,-117.236956,-2738.632566,535.621028,8.087677,False,False,True,False,False,True,False,2-circle,1.000000,474.457672,-28.531643,69.506538,4.097601,100.000000,100.000000,0.000000,0.000000,3,6,3,0.0000,0.0000,0.0000,0.5000,"LeadPursuit",-0.378071
84,A0100,adaptive_eagle_v11,HABFM,4390.663569,26.614960,118.498097,145.106318,26.555153,15041.803165,290.759209,18784.451447,-116.484144,-2716.401324,536.885399,8.486076,False,False,True,False,False,True,False,2-circle,1.000000,480.765482,-27.816963,70.354299,4.080909,100.000000,100.000000,0.000000,0.000000,1,8,3,0.0000,0.0000,0.0000,0.5000,"LeadPursuit",0.269756
84,B0100,defensive,HABFM,4390.663569,26.614960,118.498097,145.106318,26.555153,15041.803165,290.759209,18784.451447,-116.484144,-2716.401324,536.885399,8.486076,False,False,True,False,False,True,False,2-circle,1.000000,480.765482,-27.816963,70.354299,4.080909,100.000000,100.000000,0.000000,0.000000,3,6,3,0.0000,0.0000,0.0000,0.5000,"LeadPursuit",-0.237739
85,A0100,adaptive_eagle_v11,HABFM,4209.038889,27.315245,118.542189,145.839074,27.206611,15034.854237,291.622758,18799.766722,76.576374,-2671.585298,535.995354,8.876245,False,False,True,False,False,True,False,2-circle,1.000000,486.548458,-27.119355,71.204147,4.025137,100.000000,100.000000,0.000000,0.000000,1,8,3,0.0000,0.0000,0.0000,0.5000,"LeadPursuit",0.286096
85,B0100,defensive,HABFM,4209.038889,27.315245,118.542189,145.839074,27.206611,15034.854237,291.622758,18799.766722,76.576374,-2671.585298,535.995354,8.876245,False,False,True,False,False,True,False,2-circle,1.000000,486.548458,-27.119355,71.204147,4.025137,100.000000,100.000000,0.000000,0.000000,3,7,3,0.0000,0.0000,0.0000,0.5000,"LeadPursuit",-0.194797
86,A0100,adaptive_eagle_v11,HABFM,4028.154197,28.143607,118.239499,146.350752,27.982843,15028.225563,292.611851,18818.720143,94.767108,-2637.456486,532.587238,9.314223,False,False,True,False,False,True,False,2-circle,1.000000,491.886882,-26.412143,72.083329,3.937397,100.000000,100.000000,0.000000,0.000000,1,8,3,0.0000,0.0000,0.0000,0.5000,"LeadPursuit",0.331334
86,B0100,defensive,HABFM,4028.154197,28.143607,118.239499,146.350752,27.982843,15028.225563,292.611851,18818.720143,94.767108,-2637.456486,532.587238,9.314223,False,False,True,False,False,True,False,2-circle,1.000000,491.886882,-26.412143,72.083329,3.937397,100.000000,100.000000,0.000000,0.000000,3,7,3,0.0000,0.0000,0.0000,0.5000,"LeadPursuit",-0.217293
87,A0100,adaptive_eagle_v11,HABFM,3848.377657,29.115448,117.850783,146.923283,28.901477,15021.860608,293.658641,18839.523953,104.019048,-2596.374976,528.049872,9.817819,False,False,True,False,False,True,False,2-circle,1.000000,496.623558,-25.685344,73.001704,3.827723,100.000000,100.000000,0.000000,0.000000,1,8,3,0.0000,0.0000,0.0000,0.5000,"LeadPursuit",0.369901
87,B0100,defensive,HABFM,3848.377657,29.115448,117.850783,146.923283,28.901477,15021.860608,293.658641,18839.523953,104.019048,-2596.374976,528.049872,9.817819,False,False,True,False,False,True,False,2-circle,1.000000,496.623558,-25.685344,73.001704,3.827723,100.000000,100.000000,0.000000,0.000000,3,7,3,0.0000,0.0000,0.0000,0.5000,"LeadPursuit",-0.212371
88,A0100,adaptive_eagle_v11,HABFM,3670.244886,30.249523,117.246306,147.449850,29.984166,15015.700753,294.708856,18860.719231,105.976389,-2558.667515,521.401840,10.396139,False,False,True,False,False,True,False,2-circle,1.000000,500.462488,-24.947455,73.948282,3.693914,100.000000,100.000000,0.000000,0.000000,1,8,3,0.0000,0.0000,0.0000,0.5000,"LeadPursuit",0.442079
88,B0100,defensive,HABFM,3670.244886,30.249523,117.246306,147.449850,29.984166,15015.700753,294.708856,18860.719231,105.976389,-2558.667515,521.401840,10.396139,False,False,True,False,False,True,False,2-circle,1.000000,500.462488,-24.947455,73.948282,3.693914,100.000000,100.000000,0.000000,0.000000,3,7,3,0.0000,0.0000,0.0000,0.5000,"LeadPursuit",-0.287775
89,A0100,adaptive_eagle_v11,HABFM,3494.203833,31.563520,116.789221,148.312715,31.251588,15009.684569,295.755796,18882.070084,106.754267,-2497.534200,514.732108,11.056718,False,False,True,False,False,True,False,2-circle,1.000000,503.120771,-24.209908,74.910225,3.532859,100.000000,100.000000,0.000000,0.000000,1,8,3,0.0000,0.0000,0.0000,0.5000,"LeadPursuit",0.498661
89,B0100,defensive,HABFM,3494.203833,31.563520,116.789221,148.312715,31.251588,15009.684569,295.755796,18882.070084,106.754267,-2497.534200,514.732108,11.056718,False,False,True,False,False,True,False,2-circle,1.000000,503.120771,-24.209908,74.910225,3.532859,100.000000,100.000000,0.000000,0.000000,3,7,3,0.0000,0.0000,0.0000,0.5000,"LeadPursuit",-0.318136
90,A0100,adaptive_eagle_v11,HABFM,3320.049963,33.070048,116.405580,149.437387,32.717698,15003.748802,296.799873,18903.523153,107.265346,-2419.228111,507.500830,11.810897,False,False,True,False,False,True,False,2-circle,1.000000,504.885802,-23.493346,75.878877,3.342205,100.000000,100.000000,0.000000,0.000000,1,8,3,0.0000,0.0000,0.0000,0.5000,"LeadPursuit",0.496133
90,B0100,defensive,HABFM,3320.049963,33.070048,116.405580,149.437387,32.717698,15003.748802,296.799873,18903.523153,107.265346,-2419.228111,507.500830,11.810897,False,False,True,False,False,True,False,2-circle,1.000000,504.885802,-23.493346,75.878877,3.342205,100.000000,100.000000,0.000000,0.000000,3,7,3,0.0000,0.0000,0.0000,0.5000,"LeadPursuit",-0.170632
91,A0100,adaptive_eagle_v11,HABFM,3148.981523,34.804291,115.325596,150.085280,34.418483,14997.828632,297.841787,18925.031306,107.540766,-2374.790460,494.647666,12.675928,False,False,True,False,False,True,False,2-circle,1.000000,506.516749,-22.819882,76.849681,3.120578,100.000000,100.000000,0.000000,0.000000,1,8,2,0.0000,0.0000,0.0000,0.5000,"LeadPursuit",0.530282
91,B0100,defensive,HABFM,3148.981523,34.804291,115.325596,150.085280,34.418483,14997.828632,297.841787,18925.031306,107.540766,-2374.790460,494.647666,12.675928,False,False,True,False,False,True,False,2-circle,1.000000,506.516749,-22.819882,76.849681,3.120578,100.000000,100.000000,0.000000,0.000000,3,7,2,0.0000,0.0000,0.0000,0.5000,"LeadPursuit",-0.091121
92,A0100,adaptive_eagle_v11,HABFM,2983.079503,36.813601,113.742369,150.508996,36.404494,14991.857783,298.882574,18946.555079,107.618864,-2345.352019,476.901458,13.676262,False,False,True,False,False,True,False,2-circle,1.000000,508.118965,-22.196561,77.820475,2.867221,100.000000,100.000000,0.000000,0.000000,2,7,1,0.0000,0.0000,0.0000,0.5000,"PNLeadPursuit",0.591558
92,B0100,defensive,HABFM,2983.079503,36.813601,113.742369,150.508996,36.404494,14991.857783,298.882574,18946.555079,107.618864,-2345.352019,476.901458,13.676262,False,False,True,False,False,True,False,2-circle,1.000000,508.118965,-22.196561,77.820475,2.867221,100.000000,100.000000,0.000000,0.000000,3,7,2,0.0000,0.0000,0.0000,0.5000,"LeadPursuit",-0.067886
93,A0100,adaptive_eagle_v11,HABFM,2823.557117,39.132854,111.894942,150.986894,38.714338,14985.768520,299.923594,18968.062530,107.537255,-2310.633461,455.353321,14.845589,False,False,True,False,False,True,False,2-circle,1.000000,509.557114,-21.630566,78.790193,2.581692,100.000000,100.000000,0.000000,0.000000,2,7,3,0.0000,0.0000,0.0000,0.5000,"PNLeadPursuit",0.556708
93,B0100,defensive,HABFM,2823.557117,39.132854,111.894942,150.986894,38.714338,14985.768520,299.923594,18968.062530,107.537255,-2310.633461,455.353321,14.845589,False,False,True,False,False,True,False,2-circle,1.000000,509.557114,-21.630566,78.790193,2.581692,100.000000,100.000000,0.000000,0.000000,3,7,2,0.0000,0.0000,0.0000,0.5000,"LeadPursuit",-0.024651
94,A0100,adaptive_eagle_v11,HABFM,2671.516107,41.443754,110.038622,151.444147,40.998882,14979.554417,300.473906,18976.475587,42.065285,-2270.521435,432.400148,11.421277,False,False,True,False,False,True,False,2-circle,1.000000,510.540700,-25.309396,75.577807,2.421872,100.000000,100.000000,0.000000,0.000000,2,7,1,0.0000,0.0000,0.0000,0.5000,"PNLeadPursuit",0.637969
94,B0100,defensive,HABFM,2671.516107,41.443754,110.038622,151.444147,40.998882,14979.554417,300.473906,18976.475587,42.065285,-2270.521435,432.400148,11.421277,False,False,True,False,False,True,False,2-circle,1.000000,510.540700,-25.309396,75.577807,2.421872,100.000000,100.000000,0.000000,0.000000,3,8,2,0.0000,0.0000,0.0000,0.5000,"LeadPursuit",-0.009578
95,A0100,adaptive_eagle_v11,HABFM,2527.276294,44.252475,108.072890,152.273552,43.763305,14973.614544,301.083985,18986.782811,51.536121,-2211.551930,405.685448,8.699269,False,False,True,False,False,True,False,2-circle,1.000000,510.982242,-30.058243,71.375910,2.433480,100.000000,100.000000,0.000000,0.000000,2,7,1,0.0000,0.0000,0.0000,0.5000,"PNLeadPursuit",0.756068
95,B0100,defensive,HABFM,2527.276294,44.252475,108.072890,152.273552,43.763305,14973.614544,301.083985,18986.782811,51.536121,-2211.551930,405.685448,8.699269,False,False,True,False,False,True,False,2-circle,1.000000,510.982242,-30.058243,71.375910,2.433480,100.000000,100.000000,0.000000,0.000000,3,8,2,0.0000,0.0000,0.0000,0.5000,"LeadPursuit",0.142769
96,A0100,adaptive_eagle_v11,DBFM,2393.860413,47.801171,105.171143,152.903538,47.314035,14967.870845,302.128990,19008.945344,110.812665,-2098.656007,367.708510,9.542663,False,False,True,False,False,True,False,2-circle,1.000000,511.607726,-29.116963,72.974454,2.635462,100.000000,100.000000,0.000000,0.000000,2,7,1,0.0000,0.0000,0.0000,0.5000,"PNLeadPursuit",0.774083
96,B0100,defensive,DBFM,2393.860413,47.801171,105.171143,152.903538,47.314035,14967.870845,302.128990,19008.945344,110.812665,-2098.656007,367.708510,9.542663,False,False,True,False,False,True,False,2-circle,1.000000,511.607726,-29.116963,72.974454,2.635462,100.000000,100.000000,0.000000,0.000000,3,8,2,0.0000,0.0000,0.0000,0.5000,"LeadPursuit",0.293413
97,A0100,adaptive_eagle_v11,DBFM,2274.884178,51.677874,101.593944,153.186330,51.214697,14962.301862,303.012795,19027.053293,90.539745,-1991.801870,321.614237,11.334634,False,False,True,False,False,True,False,2-circle,1.000000,512.370085,-27.295745,75.581537,2.766573,100.000000,100.000000,0.000000,0.000000,2,8,1,0.0000,0.0000,0.0000,0.5000,"PNLeadPursuit",0.854583
97,B0100,defensive,DBFM,2274.884178,51.677874,101.593944,153.186330,51.214697,14962.301862,303.012795,19027.053293,90.539745,-1991.801870,321.614237,11.334634,False,False,True,False,False,True,False,2-circle,1.000000,512.370085,-27.295745,75.581537,2.766573,100.000000,100.000000,0.000000,0.000000,3,8,2,0.0000,0.0000,0.0000,0.5000,"LeadPursuit",0.365248
98,A0100,adaptive_eagle_v11,DBFM,2172.717949,56.020767,97.623157,153.557717,55.630204,14956.801673,303.952311,19046.798385,98.725460,-1877.672833,268.705902,13.354586,False,False,True,False,False,True,False,2-circle,1.000000,513.175678,-26.098497,77.725041,2.719603,100.000000,100.000000,0.000000,0.000000,2,8,1,0.0000,0.0000,0.0000,0.5000,"PNLeadPursuit",0.938960
98,B0100,defensive,DBFM,2172.717949,56.020767,97.623157,153.557717,55.630204,14956.801673,303.952311,19046.798385,98.725460,-1877.672833,268.705902,13.354586,False,False,True,False,False,True,False,2-circle,1.000000,513.175678,-26.098497,77.725041,2.719603,100.000000,100.000000,0.000000,0.000000,3,8,2,0.0000,0.0000,0.0000,0.5000,"LeadPursuit",0.390463
99,A0100,adaptive_eagle_v11,DBFM,2089.658544,60.807486,93.571723,154.307190,60.539983,14951.218809,304.948664,19068.073402,106.375085,-1737.443862,211.274123,15.422092,False,False,True,False,False,True,False,2-circle,1.000000,513.909988,-25.612978,79.362138,2.525596,100.000000,100.000000,0.000000,0.000000,2,8,1,0.0000,0.0000,0.0000,0.5000,"PNLeadPursuit",0.897645
99,B0100,defensive,DBFM,2089.658544,60.807486,93.571723,154.307190,60.539983,14951.218809,304.948664,19068.073402,106.375085,-1737.443862,211.274123,15.422092,False,False,True,False,False,True,False,2-circle,1.000000,513.909988,-25.612978,79.362138,2.525596,100.000000,100.000000,0.000000,0.000000,3,8,2,0.0000,0.0000,0.0000,0.5000,"LeadPursuit",0.499534
100,A0100,adaptive_eagle_v11,DBFM,2026.833262,65.596712,89.412118,154.923990,65.456090,14945.493984,305.452520,19075.964092,39.453448,-1600.593221,151.539209,11.989202,False,False,True,False,False,True,False,2-circle,1.000000,515.018559,-29.983379,76.436820,2.397251,100.000000,100.000000,0.000000,0.000000,2,8,1,0.0000,0.0000,0.0000,0.5000,"PNLeadPursuit",0.916590
100,B0100,defensive,DBFM,2026.833262,65.596712,89.412118,154.923990,65.456090,14945.493984,305.452520,19075.964092,39.453448,-1600.593221,151.539209,11.989202,False,False,True,False,False,True,False,2-circle,1.000000,515.018559,-29.983379,76.436820,2.397251,100.000000,100.000000,0.000000,0.000000,3,8,2,0.0000,0.0000,0.0000,0.5000,"LeadPursuit",-0.321633
101,A0100,adaptive_eagle_v11,DBFM,1986.115104,70.771618,84.497091,155.137631,70.751248,14940.011255,306.002211,19085.361084,46.984959,-1494.647008,82.934184,9.092647,False,False,True,False,False,True,False,2-circle,1.000000,516.709154,-35.888730,72.381732,2.408163,100.000000,100.000000,0.000000,0.000000,2,8,1,0.0000,0.0000,0.0000,0.5000,"PNLeadPursuit",1.013691
101,B0100,defensive,DBFM,1986.115104,70.771618,84.497091,155.137631,70.751248,14940.011255,306.002211,19085.361084,46.984959,-1494.647008,82.934184,9.092647,False,False,True,False,False,True,False,2-circle,1.000000,516.709154,-35.888730,72.381732,2.408163,100.000000,100.000000,0.000000,0.000000,3,8,2,0.0000,0.0000,0.0000,0.5000,"LeadPursuit",-0.360674
102,A0100,adaptive_eagle_v11,HABFM,1971.028104,76.437278,79.191351,155.468774,76.590655,14934.695631,307.024021,19107.776194,112.075551,-1384.513016,7.894337,10.115899,False,False,True,False,False,True,False,2-circle,1.000000,518.901577,-36.554013,74.116271,2.594138,100.000000,100.000000,0.000000,0.000000,2,8,3,0.0000,0.0000,0.0000,0.5000,"PNLeadPursuit",0.993795
102,B0100,defensive,HABFM,1971.028104,76.437278,79.191351,155.468774,76.590655,14934.695631,307.024021,19107.776194,112.075551,-1384.513016,7.894337,10.115899,False,False,True,False,False,True,False,2-circle,1.000000,518.901577,-36.554013,74.116271,2.594138,100.000000,100.000000,0.000000,0.000000,3,8,2,0.0000,0.0000,0.0000,0.5000,"LeadPursuit",-0.310052
103,A0100,adaptive_eagle_v11,HABFM,1982.026331,81.986361,73.990858,155.797018,82.317325,14929.502396,307.883400,19125.977060,91.004331,-1347.034953,-66.205651,12.226587,False,False,True,False,False,True,False,2-circle,1.000000,521.481093,-37.084024,76.785707,2.697176,100.000000,100.000000,0.000000,0.000000,2,8,3,0.0000,0.0000,0.0000,0.5000,"PNLeadPursuit",0.983313
103,B0100,defensive,HABFM,1982.026331,81.986361,73.990858,155.797018,82.317325,14929.502396,307.883400,19125.977060,91.004331,-1347.034953,-66.205651,12.226587,False,False,True,False,False,True,False,2-circle,1.000000,521.481093,-37.084024,76.785707,2.697176,100.000000,100.000000,0.000000,0.000000,3,8,2,0.0000,0.0000,0.0000,0.5000,"LeadPursuit",-0.269865
104,A0100,adaptive_eagle_v11,HABFM,2018.704292,87.403420,68.868892,156.097127,87.920796,14924.317985,308.789062,19145.517439,97.701895,-1317.060656,-138.663737,14.729176,False,False,True,False,False,True,False,2-circle,1.000000,524.273339,-39.285251,79.000160,2.615015,100.000000,100.000000,0.000000,0.000000,2,8,3,0.0000,0.0000,0.0000,0.5000,"PNLeadPursuit",0.167411
104,B0100,defensive,HABFM,2018.704292,87.403420,68.868892,156.097127,87.920796,14924.317985,308.789062,19145.517439,97.701895,-1317.060656,-138.663737,14.729176,False,False,True,False,False,True,False,2-circle,1.000000,524.273339,-39.285251,79.000160,2.615015,100.000000,100.000000,0.000000,0.000000,3,8,2,0.0000,0.0000,0.0000,0.5000,"LeadPursuit",-0.213284
105,A0100,adaptive_eagle_v11,HABFM,2079.310733,92.194693,64.371710,156.393718,92.851127,14919.053859,309.208971,19151.741579,31.120699,-1285.913835,-201.591787,11.847222,False,False,False,False,False,True,False,2-circle,1.000000,527.127283,-48.214282,76.430440,2.554536,100.000000,100.000000,0.000000,0.000000,2,8,3,0.0000,0.0000,0.0000,0.5000,"PNLeadPursuit",-0.111776
105,B0100,defensive,HABFM,2079.310733,92.194693,64.371710,156.393718,92.851127,14919.053859,309.208971,19151.741579,31.120699,-1285.913835,-201.591787,11.847222,False,False,False,False,False,True,False,2-circle,1.000000,527.127283,-48.214282,76.430440,2.554536,100.000000,100.000000,0.000000,0.000000,3,8,2,0.0000,0.0000,0.0000,0.5000,"LeadPursuit",-0.181769
106,A0100,adaptive_eagle_v11,HABFM,2159.931571,96.740251,60.540550,157.065615,97.475754,14914.084872,309.675764,19159.561881,39.101509,-1233.049640,-257.068046,9.105488,False,False,False,False,False,True,False,2-circle,1.000000,530.110320,-61.688196,72.588316,2.592783,100.000000,100.000000,0.000000,0.000000,2,8,3,0.0000,0.0000,0.0000,0.5000,"PNLeadPursuit",-0.108103
106,B0100,defensive,HABFM,2159.931571,96.740251,60.540550,157.065615,97.475754,14914.084872,309.675764,19159.561881,39.101509,-1233.049640,-257.068046,9.105488,False,False,False,False,False,True,False,2-circle,1.000000,530.110320,-61.688196,72.588316,2.592783,100.000000,100.000000,0.000000,0.000000,3,8,2,0.0000,0.0000,0.0000,0.5000,"LeadPursuit",-0.166535
107,A0100,adaptive_eagle_v11,HABFM,2259.813842,101.219359,56.640362,157.587691,102.041872,14909.316939,310.657066,19181.742743,110.904309,-1189.745262,-311.866638,10.253403,False,False,False,False,False,True,False,2-circle,1.000000,533.913814,-74.763249,74.481885,2.785891,100.000000,100.000000,0.000000,0.000000,2,8,3,0.0000,0.0000,0.0000,0.5000,"PNLeadPursuit",-0.094616
107,B0100,defensive,HABFM,2259.813842,101.219359,56.640362,157.587691,102.041872,14909.316939,310.657066,19181.742743,110.904309,-1189.745262,-311.866638,10.253403,False,False,False,False,False,True,False,2-circle,1.000000,533.913814,-74.763249,74.481885,2.785891,100.000000,100.000000,0.000000,0.000000,3,8,2,0.0000,0.0000,0.0000,0.5000,"LeadPursuit",-0.134286
108,A0100,adaptive_eagle_v11,HABFM,2377.685940,105.113472,52.972464,157.760839,105.994439,14904.678109,311.480749,19199.789961,90.236091,-1166.223384,-360.277474,12.532367,False,False,False,False,False,True,False,2-circle,1.000000,538.441306,-93.696400,77.231962,2.884328,100.000000,100.000000,0.000000,0.000000,2,8,3,0.0000,0.0000,0.0000,0.5000,"PNLeadPursuit",-0.076113
108,B0100,defensive,HABFM,2377.685940,105.113472,52.972464,157.760839,105.994439,14904.678109,311.480749,19199.789961,90.236091,-1166.223384,-360.277474,12.532367,False,False,False,False,False,True,False,2-circle,1.000000,538.441306,-93.696400,77.231962,2.884328,100.000000,100.000000,0.000000,0.000000,3,8,2,0.0000,0.0000,0.0000,0.5000,"LeadPursuit",-0.112002
109,A0100,adaptive_eagle_v11,HABFM,2510.770555,108.548055,49.844955,158.042100,109.480377,14900.045069,312.345806,19219.047171,96.286049,-1133.809010,-401.198539,15.310271,False,False,False,False,False,True,False,2-circle,1.000000,543.671887,-116.034992,79.518316,2.790450,100.000000,100.000000,0.000000,0.000000,2,8,3,0.0000,0.0000,0.0000,0.5000,"PNLeadPursuit",-0.062544
109,B0100,defensive,HABFM,2510.770555,108.548055,49.844955,158.042100,109.480377,14900.045069,312.345806,19219.047171,96.286049,-1133.809010,-401.198539,15.310271,False,False,False,False,False,True,False,2-circle,1.000000,543.671887,-116.034992,79.518316,2.790450,100.000000,100.000000,0.000000,0.000000,3,8,2,0.0000,0.0000,0.0000,0.5000,"LeadPursuit",-0.080826
110,A0100,adaptive_eagle_v11,HABFM,2656.416418,111.183823,47.105850,157.921137,112.125272,14895.321512,312.714429,19224.524011,27.384199,-1123.458629,-433.656063,12.216083,False,False,False,False,False,True,False,2-circle,1.000000,549.407123,-138.678513,76.959063,2.722807,100.000000,100.000000,0.000000,0.000000,2,8,3,0.0000,0.0000,0.0000,0.5000,"PNLeadPursuit",-0.051260
110,B0100,defensive,HABFM,2656.416418,111.183823,47.105850,157.921137,112.125272,14895.321512,312.714429,19224.524011,27.384199,-1123.458629,-433.656063,12.216083,False,False,False,False,False,True,False,2-circle,1.000000,549.407123,-138.678513,76.959063,2.722807,100.000000,100.000000,0.000000,0.000000,3,8,2,0.0000,0.0000,0.0000,0.5000,"LeadPursuit",-0.067277
111,A0100,adaptive_eagle_v11,HABFM,2811.781039,113.533211,44.719661,157.872162,114.437932,14890.880714,313.128178,19231.546612,35.113005,-1113.570047,-461.624348,9.323297,False,False,False,False,False,True,False,2-circle,1.000000,554.962063,-155.993705,73.136921,2.747583,100.000000,100.000000,0.000000,0.000000,2,8,3,0.0000,0.0000,0.0000,0.5000,"PNLeadPursuit",-0.034606
111,B0100,defensive,HABFM,2811.781039,113.533211,44.719661,157.872162,114.437932,14890.880714,313.128178,19231.546612,35.113005,-1113.570047,-461.624348,9.323297,False,False,False,False,False,True,False,2-circle,1.000000,554.962063,-155.993705,73.136921,2.747583,100.000000,100.000000,0.000000,0.000000,3,8,2,0.0000,0.0000,0.0000,0.5000,"LeadPursuit",-0.066028
112,A0100,adaptive_eagle_v11,HABFM,2975.909123,115.878063,43.057633,158.585721,116.767057,14886.635239,314.060740,19253.194482,108.239350,-1057.965430,-484.913564,10.601373,False,False,False,False,False,True,False,2-circle,1.000000,560.204830,-162.799015,75.113433,2.923299,100.000000,100.000000,0.000000,0.000000,2,8,3,0.0000,0.0000,0.0000,0.5000,"PNLeadPursuit",-0.023803
112,B0100,defensive,HABFM,2975.909123,115.878063,43.057633,158.585721,116.767057,14886.635239,314.060740,19253.194482,108.239350,-1057.965430,-484.913564,10.601373,False,False,False,False,False,True,False,2-circle,1.000000,560.204830,-162.799015,75.113433,2.923299,100.000000,100.000000,0.000000,0.000000,3,8,2,0.0000,0.0000,0.0000,0.5000,"LeadPursuit",-0.052038
113,A0100,adaptive_eagle_v11,HABFM,3146.336669,117.787506,42.039093,159.457765,118.655102,14882.505614,314.837711,19270.696913,87.512158,-986.799897,-501.378671,13.134355,False,False,False,False,False,True,False,2-circle,1.000000,565.645803,-165.895381,77.917350,3.000372,100.000000,100.000000,0.000000,0.000000,2,2,4,0.0000,0.0000,0.0000,0.5000,"ExtensionBreak",-0.018378
113,B0100,defensive,HABFM,3146.336669,117.787506,42.039093,159.457765,118.655102,14882.505614,314.837711,19270.696913,87.512158,-986.799897,-501.378671,13.134355,False,False,False,False,False,True,False,2-circle,1.000000,565.645803,-165.895381,77.917350,3.000372,100.000000,100.000000,0.000000,0.000000,3,8,2,0.0000,0.0000,0.0000,0.5000,"LeadPursuit",-0.044069
114,A0100,adaptive_eagle_v11,HABFM,3321.667964,119.422324,41.509772,160.442674,120.282479,14878.358502,315.657094,19289.420544,93.618153,-898.015871,-513.261974,16.338758,False,False,False,False,False,True,False,2-circle,1.000000,572.289221,-167.662958,80.259485,2.882266,100.000000,100.000000,0.000000,0.000000,2,2,4,0.0000,0.0000,0.0000,0.5000,"ExtensionBreak",-0.018578
114,B0100,defensive,HABFM,3321.667964,119.422324,41.509772,160.442674,120.282479,14878.358502,315.657094,19289.420544,93.618153,-898.015871,-513.261974,16.338758,False,False,False,False,False,True,False,2-circle,1.000000,572.289221,-167.662958,80.259485,2.882266,100.000000,100.000000,0.000000,0.000000,3,8,3,0.0000,0.0000,0.0000,0.5000,"LeadPursuit",-0.026605
115,A0100,adaptive_eagle_v11,HABFM,3500.252381,120.445871,41.303891,160.850902,121.283797,14874.087782,315.974851,19294.035108,23.072819,-810.578918,-519.194067,12.853433,False,False,False,False,False,True,False,2-circle,1.000000,581.884920,-173.142627,77.701370,2.796661,100.000000,100.000000,0.000000,0.000000,2,2,4,0.0000,0.0000,0.0000,0.5000,"ExtensionBreak",-0.030961
115,B0100,defensive,HABFM,3500.252381,120.445871,41.303891,160.850902,121.283797,14874.087782,315.974851,19294.035108,23.072819,-810.578918,-519.194067,12.853433,False,False,False,False,False,True,False,2-circle,1.000000,581.884920,-173.142627,77.701370,2.796661,100.000000,100.000000,0.000000,0.000000,3,8,3,0.0000,0.0000,0.0000,0.5000,"LeadPursuit",-0.009971
116,A0100,adaptive_eagle_v11,HABFM,3680.904118,120.960266,40.641638,159.821577,121.709466,14870.180004,315.729437,19283.264148,-53.854799,-758.993950,-524.305233,7.514192,False,False,False,False,False,True,False,2-circle,1.000000,595.347559,176.584387,69.533461,2.971988,100.000000,100.000000,0.000000,0.000000,2,2,4,0.0000,0.0000,0.0000,0.5000,"ExtensionBreak",-0.043769
116,B0100,defensive,HABFM,3680.904118,120.960266,40.641638,159.821577,121.709466,14870.180004,315.729437,19283.264148,-53.854799,-758.993950,-524.305233,7.514192,False,False,False,False,False,True,False,2-circle,1.000000,595.347559,176.584387,69.533461,2.971988,100.000000,100.000000,0.000000,0.000000,3,8,3,0.0000,0.0000,0.0000,0.5000,"LeadPursuit",-0.018022
117,A0100,adaptive_eagle_v11,HABFM,3864.688225,121.807395,39.246509,158.148025,122.470468,14867.185362,316.128836,19291.441701,40.887768,-706.927184,-535.741701,6.288968,False,False,False,False,False,True,False,2-circle,1.000000,612.327401,171.492696,65.991525,3.499095,100.000000,100.000000,0.000000,0.000000,1,2,4,0.0000,0.0000,0.0000,0.5000,"HeadOnBreak",-0.050395
117,B0100,defensive,HABFM,3864.688225,121.807395,39.246509,158.148025,122.470468,14867.185362,316.128836,19291.441701,40.887768,-706.927184,-535.741701,6.288968,False,False,False,False,False,True,False,2-circle,1.000000,612.327401,171.492696,65.991525,3.499095,100.000000,100.000000,0.000000,0.000000,3,8,3,0.0000,0.0000,0.0000,0.5000,"LeadPursuit",-0.020025
118,A0100,adaptive_eagle_v11,HABFM,4053.508580,122.690270,37.244882,156.073541,123.299859,14864.886416,316.932433,19311.664194,101.112461,-653.274522,-550.525346,7.387780,False,False,False,False,False,True,False,2-circle,1.000000,632.031103,173.608649,69.281175,4.184028,100.000000,100.000000,0.000000,0.000000,1,1,4,0.0000,0.0000,0.0000,0.5000,"HeadOnBreak",-0.051359
118,B0100,defensive,HABFM,4053.508580,122.690270,37.244882,156.073541,123.299859,14864.886416,316.932433,19311.664194,101.112461,-653.274522,-550.525346,7.387780,False,False,False,False,False,True,False,2-circle,1.000000,632.031103,173.608649,69.281175,4.184028,100.000000,100.000000,0.000000,0.000000,3,8,3,0.0000,0.0000,0.0000,0.5000,"LeadPursuit",-0.011292
119,A0100,adaptive_eagle_v11,HABFM,4247.282420,123.222963,34.935118,153.574567,123.782831,14863.198900,317.565654,19327.763475,80.496405,-607.094662,-564.123568,9.192281,False,False,False,False,False,True,False,2-circle,1.000000,653.235970,176.526144,73.121414,4.644291,100.000000,100.000000,0.000000,0.000000,1,0,4,0.0000,0.0000,0.0000,0.5000,"HeadOnBreak",-0.051441
119,B0100,defensive,HABFM,4247.282420,123.222963,34.935118,153.574567,123.782831,14863.198900,317.565654,19327.763475,80.496405,-607.094662,-564.123568,9.192281,False,False,False,False,False,True,False,2-circle,1.000000,653.235970,176.526144,73.121414,4.644291,100.000000,100.000000,0.000000,0.000000,3,8,3,0.0000,0.0000,0.0000,0.5000,"LeadPursuit",-0.007249
120,A0100,adaptive_eagle_v11,HABFM,4445.502590,123.558933,32.429930,150.880551,124.087549,14861.928992,318.256294,19345.933719,90.851224,-546.104340,-576.585873,11.316665,False,False,False,False,False,True,False,2-circle,1.000000,675.053520,178.837020,76.182577,4.810062,100.000000,100.000000,0.000000,0.000000,1,0,4,0.0000,0.0000,0.0000,0.5000,"HeadOnBreak",-0.059327
120,B0100,defensive,HABFM,4445.502590,123.558933,32.429930,150.880551,124.087549,14861.928992,318.256294,19345.933719,90.851224,-546.104340,-576.585873,11.316665,False,False,False,False,False,True,False,2-circle,1.000000,675.053520,178.837020,76.182577,4.810062,100.000000,100.000000,0.000000,0.000000,3,8,3,0.0000,0.0000,0.0000,0.5000,"LeadPursuit",-0.003247
121,A0100,adaptive_eagle_v11,HABFM,4647.872108,123.704908,29.478353,147.460750,124.216582,14860.851782,318.995928,19365.722563,98.944220,-482.742854,-588.944286,13.734521,False,False,False,False,False,True,False,2-circle,1.000000,697.285896,-179.396366,78.568967,4.748638,100.000000,100.000000,0.000000,0.000000,1,0,4,0.0000,0.0000,0.0000,0.5000,"HeadOnBreak",-0.067334
121,B0100,defensive,HABFM,4647.872108,123.704908,29.478353,147.460750,124.216582,14860.851782,318.995928,19365.722563,98.944220,-482.742854,-588.944286,13.734521,False,False,False,False,False,True,False,2-circle,1.000000,697.285896,-179.396366,78.568967,4.748638,100.000000,100.000000,0.000000,0.000000,3,8,3,0.0000,0.0000,0.0000,0.5000,"LeadPursuit",0.001439
122,A0100,adaptive_eagle_v11,HABFM,4854.379515,123.640244,25.837956,143.258231,124.144597,14859.787692,319.752510,19386.052752,101.650942,-407.278052,-601.099680,16.605501,False,False,False,False,False,True,False,2-circle,1.000000,719.531069,-177.959953,80.526837,4.526737,100.000000,100.000000,0.000000,0.000000,1,0,4,0.0000,0.0000,0.0000,0.5000,"HeadOnBreak",-0.059972
122,B0100,defensive,HABFM,4854.379515,123.640244,25.837956,143.258231,124.144597,14859.787692,319.752510,19386.052752,101.650942,-407.278052,-601.099680,16.605501,False,False,False,False,False,True,False,2-circle,1.000000,719.531069,-177.959953,80.526837,4.526737,100.000000,100.000000,0.000000,0.000000,3,8,3,0.0000,0.0000,0.0000,0.5000,"LeadPursuit",0.016534
123,A0100,adaptive_eagle_v11,HABFM,5064.103600,122.998827,22.125483,138.743506,123.475471,14858.651805,319.967717,19391.011658,24.794532,-371.161782,-608.579296,12.668413,False,False,False,False,False,True,False,2-circle,1.000000,740.203311,178.718634,77.670210,4.394395,100.000000,100.000000,0.000000,0.000000,1,8,4,0.0000,0.0000,0.0000,0.5000,"HeadOnBreak",-0.046298
123,B0100,defensive,HABFM,5064.103600,122.998827,22.125483,138.743506,123.475471,14858.651805,319.967717,19391.011658,24.794532,-371.161782,-608.579296,12.668413,False,False,False,False,False,True,False,2-circle,1.000000,740.203311,178.718634,77.670210,4.394395,100.000000,100.000000,0.000000,0.000000,3,8,3,0.0000,0.0000,0.0000,0.5000,"LeadPursuit",0.019349
124,A0100,adaptive_eagle_v11,HABFM,5275.141295,122.303806,19.108581,134.774677,122.725181,14857.832569,320.218262,19397.293162,31.407517,-375.219266,-613.397038,9.472127,False,False,False,False,False,True,False,2-circle,1.000000,758.177147,174.329193,73.715821,4.374957,100.000000,100.000000,0.000000,0.000000,1,8,4,0.0000,0.0000,0.0000,0.5000,"HeadOnBreak",-0.032574
124,B0100,defensive,HABFM,5275.141295,122.303806,19.108581,134.774677,122.725181,14857.832569,320.218262,19397.293162,31.407517,-375.219266,-613.397038,9.472127,False,False,False,False,False,True,False,2-circle,1.000000,758.177147,174.329193,73.715821,4.374957,100.000000,100.000000,0.000000,0.000000,3,8,3,0.0000,0.0000,0.0000,0.5000,"LeadPursuit",0.013298
125,A0100,adaptive_eagle_v11,HABFM,5487.512113,121.816557,17.082197,131.858562,122.203361,14857.261629,320.956251,19417.670021,101.884297,-412.581596,-617.814836,10.928899,False,False,False,False,False,True,False,2-circle,1.000000,774.234238,176.031485,75.822389,4.517457,100.000000,100.000000,0.000000,0.000000,1,0,4,0.0000,0.0000,0.0000,0.5000,"HeadOnBreak",-0.032391
125,B0100,defensive,HABFM,5487.512113,121.816557,17.082197,131.858562,122.203361,14857.261629,320.956251,19417.670021,101.884297,-412.581596,-617.814836,10.928899,False,False,False,False,False,True,False,2-circle,1.000000,774.234238,176.031485,75.822389,4.517457,100.000000,100.000000,0.000000,0.000000,3,8,3,0.0000,0.0000,0.0000,0.5000,"LeadPursuit",0.019202
126,A0100,adaptive_eagle_v11,HABFM,5700.580116,121.096814,15.394113,128.634786,121.452514,14856.858283,321.538854,19433.837896,80.839375,-443.932545,-619.249388,13.855760,False,False,False,False,False,True,False,2-circle,1.000000,789.232791,178.589727,78.749983,4.561499,100.000000,100.000000,0.000000,0.000000,1,0,4,0.0000,0.0000,0.0000,0.5000,"HeadOnBreak",-0.037445
126,B0100,defensive,HABFM,5700.580116,121.096814,15.394113,128.634786,121.452514,14856.858283,321.538854,19433.837896,80.839375,-443.932545,-619.249388,13.855760,False,False,False,False,False,True,False,2-circle,1.000000,789.232791,178.589727,78.749983,4.561499,100.000000,100.000000,0.000000,0.000000,3,8,3,0.0000,0.0000,0.0000,0.5000,"LeadPursuit",0.032555
127,A0100,adaptive_eagle_v11,HABFM,5913.201282,119.895695,14.110799,124.421564,120.210153,14856.539092,321.608297,19435.495889,8.289963,-448.482461,-615.144175,11.672495,False,False,False,False,False,True,False,2-circle,1.000000,803.863127,176.227515,76.717368,4.609699,100.000000,100.000000,0.000000,0.000000,1,0,4,0.0000,0.0000,0.0000,0.5000,"HeadOnBreak",-0.038509
127,B0100,defensive,HABFM,5913.201282,119.895695,14.110799,124.421564,120.210153,14856.539092,321.608297,19435.495889,8.289963,-448.482461,-615.144175,11.672495,False,False,False,False,False,True,False,2-circle,1.000000,803.863127,176.227515,76.717368,4.609699,100.000000,100.000000,0.000000,0.000000,3,8,3,0.0000,0.0000,0.0000,0.5000,"LeadPursuit",0.034360
128,A0100,adaptive_eagle_v11,HABFM,6123.516860,118.689737,13.486140,119.263738,118.946406,14856.668406,321.737047,19439.292140,18.981257,-394.062281,-608.181722,9.198822,False,False,False,False,False,True,False,2-circle,1.000000,818.422963,172.552004,73.330414,4.688713,100.000000,100.000000,0.000000,0.000000,1,0,4,0.0000,0.0000,0.0000,0.5000,"HeadOnBreak",0.029440
128,B0100,defensive,HABFM,6123.516860,118.689737,13.486140,119.263738,118.946406,14856.668406,321.737047,19439.292140,18.981257,-394.062281,-608.181722,9.198822,False,False,False,False,False,True,False,2-circle,1.000000,818.422963,172.552004,73.330414,4.688713,100.000000,100.000000,0.000000,0.000000,3,8,3,0.0000,0.0000,0.0000,0.5000,"LeadPursuit",0.026629
129,A0100,adaptive_eagle_v11,HABFM,6331.501841,117.746750,13.563765,114.144396,117.971215,14857.117502,322.437412,19459.714098,102.109790,-297.354596,-601.322454,10.820212,False,False,False,False,False,True,False,2-circle,1.000000,832.612416,174.712795,75.746577,4.884177,100.000000,100.000000,0.000000,0.000000,1,0,4,0.0000,0.0000,0.0000,0.5000,"HeadOnBreak",0.053156
129,B0100,defensive,HABFM,6331.501841,117.746750,13.563765,114.144396,117.971215,14857.117502,322.437412,19459.714098,102.109790,-297.354596,-601.322454,10.820212,False,False,False,False,False,True,False,2-circle,1.000000,832.612416,174.712795,75.746577,4.884177,100.000000,100.000000,0.000000,0.000000,3,8,3,0.0000,0.0000,0.0000,0.5000,"LeadPursuit",0.033116
130,A0100,adaptive_eagle_v11,HABFM,6536.351210,116.575213,14.087899,109.015812,116.772320,14857.753283,322.999791,19476.419106,83.525040,-210.824745,-592.159924,13.896571,False,False,False,False,False,True,False,2-circle,1.000000,844.827396,177.553440,78.830002,4.952754,100.000000,100.000000,0.000000,0.000000,1,8,4,0.0000,0.0000,0.0000,0.5000,"HeadOnBreak",0.046759
130,B0100,defensive,HABFM,6536.351210,116.575213,14.087899,109.015812,116.772320,14857.753283,322.999791,19476.419106,83.525040,-210.824745,-592.159924,13.896571,False,False,False,False,False,True,False,2-circle,1.000000,844.827396,177.553440,78.830002,4.952754,100.000000,100.000000,0.000000,0.000000,3,8,3,0.0000,0.0000,0.0000,0.5000,"LeadPursuit",0.035650
131,A0100,adaptive_eagle_v11,HABFM,6737.498064,115.312640,14.796200,104.672818,115.494193,14858.406026,323.605118,19494.399572,89.902329,-169.541559,-583.082189,18.169729,False,False,False,False,False,True,False,2-circle,1.000000,853.449109,179.901814,81.427290,4.807735,100.000000,100.000000,0.000000,0.000000,1,8,4,0.0000,0.0000,0.0000,0.5000,"HeadOnBreak",0.031937
131,B0100,defensive,HABFM,6737.498064,115.312640,14.796200,104.672818,115.494193,14858.406026,323.605118,19494.399572,89.902329,-169.541559,-583.082189,18.169729,False,False,False,False,False,True,False,2-circle,1.000000,853.449109,179.901814,81.427290,4.807735,100.000000,100.000000,0.000000,0.000000,3,8,0,0.0000,0.0000,0.0000,0.5000,"Pursue",0.037609
132,A0100,adaptive_eagle_v11,HABFM,6935.216724,113.987957,15.672388,101.282311,114.164363,14858.878588,324.252426,19513.437436,95.189323,-198.673909,-574.877679,24.293050,False,False,False,False,False,True,False,2-circle,1.000000,859.007688,-178.198659,83.579337,4.489307,100.000000,100.000000,0.000000,0.000000,1,8,4,0.0000,0.0000,0.0000,0.5000,"HeadOnBreak",0.020395
132,B0100,defensive,HABFM,6935.216724,113.987957,15.672388,101.282311,114.164363,14858.878588,324.252426,19513.437436,95.189323,-198.673909,-574.877679,24.293050,False,False,False,False,False,True,False,2-circle,1.000000,859.007688,-178.198659,83.579337,4.489307,100.000000,100.000000,0.000000,0.000000,3,8,0,0.0000,0.0000,0.0000,0.5000,"Pursue",0.039573
133,A0100,adaptive_eagle_v11,HABFM,7130.055388,112.609217,16.455869,98.548644,112.789574,14858.998593,324.921823,19532.795320,96.789421,-281.172447,-567.623575,34.253764,False,False,False,False,False,True,False,2-circle,1.000000,863.079077,-176.576006,85.445955,4.042563,100.000000,100.000000,0.000000,0.000000,1,8,4,0.0000,0.0000,0.0000,0.5000,"HeadOnBreak",0.019595
133,B0100,defensive,HABFM,7130.055388,112.609217,16.455869,98.548644,112.789574,14858.998593,324.921823,19532.795320,96.789421,-281.172447,-567.623575,34.253764,False,False,False,False,False,True,False,2-circle,1.000000,863.079077,-176.576006,85.445955,4.042563,100.000000,100.000000,0.000000,0.000000,3,8,0,0.0000,0.0000,0.0000,0.5000,"Pursue",0.054123
134,A0100,adaptive_eagle_v11,HABFM,7321.870881,110.795895,17.364132,95.407291,110.974790,14858.650022,325.058778,19536.387607,17.961431,-388.704526,-556.825220,20.623004,False,False,False,False,False,True,False,2-circle,1.000000,866.508483,-179.784794,82.466743,3.720500,100.000000,100.000000,0.000000,0.000000,1,0,4,0.0000,0.0000,0.0000,0.5000,"HeadOnBreak",0.022855
134,B0100,defensive,HABFM,7321.870881,110.795895,17.364132,95.407291,110.974790,14858.650022,325.058778,19536.387607,17.961431,-388.704526,-556.825220,20.623004,False,False,False,False,False,True,False,2-circle,1.000000,866.508483,-179.784794,82.466743,3.720500,100.000000,100.000000,0.000000,0.000000,3,8,0,0.0000,0.0000,0.0000,0.5000,"Pursue",0.055376
135,A0100,adaptive_eagle_v11,HABFM,7509.336524,109.035107,18.691223,92.015058,109.194684,14858.155980,325.252537,19541.471786,25.420898,-465.701560,-544.373206,13.332948,False,False,False,False,False,True,False,2-circle,1.000000,869.348415,175.979525,78.446019,3.515660,100.000000,100.000000,0.000000,0.000000,1,0,4,0.0000,0.0000,0.0000,0.5000,"HeadOnBreak",0.028917
135,B0100,defensive,HABFM,7509.336524,109.035107,18.691223,92.015058,109.194684,14858.155980,325.252537,19541.471786,25.420898,-465.701560,-544.373206,13.332948,False,False,False,False,False,True,False,2-circle,1.000000,869.348415,175.979525,78.446019,3.515660,100.000000,100.000000,0.000000,0.000000,3,8,0,0.0000,0.0000,0.0000,0.5000,"Pursue",0.044912
136,A0100,adaptive_eagle_v11,UNKNOWN,7692.612455,107.625245,20.631822,88.520622,107.779995,14857.518462,324.481722,19518.662611,-114.045878,-534.438775,-530.705267,16.491419,False,False,False,False,False,True,False,1-circle,1.000000,872.308409,177.931728,80.593814,3.472583,100.000000,100.000000,0.000000,0.000000,1,0,4,0.0000,0.0000,0.0000,0.5000,"HeadOnBreak",0.044327
136,B0100,defensive,UNKNOWN,7692.612455,107.625245,20.631822,88.520622,107.779995,14857.518462,324.481722,19518.662611,-114.045878,-534.438775,-530.705267,16.491419,False,False,False,False,False,True,False,1-circle,1.000000,872.308409,177.931728,80.593814,3.472583,100.000000,100.000000,0.000000,0.000000,3,8,0,0.0000,0.0000,0.0000,0.5000,"Pursue",0.051177
137,A0100,adaptive_eagle_v11,UNKNOWN,7870.198106,106.050796,23.619606,83.894063,106.206854,14856.619118,323.278682,19483.264271,-176.991696,-562.241485,-510.755280,23.997216,False,False,False,False,False,True,False,1-circle,1.000000,876.437111,-179.347579,83.481946,3.332092,100.000000,100.000000,0.000000,0.000000,1,0,4,0.0000,0.0000,0.0000,0.5000,"HeadOnBreak",0.055818
137,B0100,defensive,UNKNOWN,7870.198106,106.050796,23.619606,83.894063,106.206854,14856.619118,323.278682,19483.264271,-176.991696,-562.241485,-510.755280,23.997216,False,False,False,False,False,True,False,1-circle,1.000000,876.437111,-179.347579,83.481946,3.332092,100.000000,100.000000,0.000000,0.000000,3,8,0,0.0000,0.0000,0.0000,0.5000,"Pursue",0.053434
138,A0100,adaptive_eagle_v11,UNKNOWN,8040.482055,104.433789,26.938993,78.778273,104.601836,14855.281940,322.153072,19449.764567,-167.498523,-562.788067,-487.801424,37.988486,False,False,False,False,False,True,False,1-circle,1.000000,881.753689,-177.111339,85.857935,2.989217,100.000000,100.000000,0.000000,0.000000,1,0,4,0.0000,0.0000,0.0000,0.5000,"HeadOnBreak",0.060900
138,B0100,defensive,UNKNOWN,8040.482055,104.433789,26.938993,78.778273,104.601836,14855.281940,322.153072,19449.764567,-167.498523,-562.788067,-487.801424,37.988486,False,False,False,False,False,True,False,1-circle,1.000000,881.753689,-177.111339,85.857935,2.989217,100.000000,100.000000,0.000000,0.000000,3,8,0,0.0000,0.0000,0.0000,0.5000,"Pursue",0.072803
139,A0100,adaptive_eagle_v11,UNKNOWN,8202.386379,102.323298,30.078143,73.169724,102.498137,14853.370369,322.097413,19446.265514,-17.495264,-518.862410,-461.217834,22.971589,False,False,False,False,False,True,False,1-circle,1.000000,886.647020,-179.926043,83.169454,2.694270,100.000000,100.000000,0.000000,0.000000,1,8,4,0.0000,0.0000,0.0000,0.5000,"HeadOnBreak",0.051708
139,B0100,defensive,UNKNOWN,8202.386379,102.323298,30.078143,73.169724,102.498137,14853.370369,322.097413,19446.265514,-17.495264,-518.862410,-461.217834,22.971589,False,False,False,False,False,True,False,1-circle,1.000000,886.647020,-179.926043,83.169454,2.694270,100.000000,100.000000,0.000000,0.000000,3,8,0,0.0000,0.0000,0.0000,0.5000,"Pursue",0.090071
140,A0100,adaptive_eagle_v11,UNKNOWN,8354.639676,99.885795,32.443250,67.971929,100.035274,14851.265221,320.063754,19386.346216,-299.596489,-603.121453,-434.940405,10.204543,False,False,False,False,False,True,False,1-circle,1.000000,888.750932,171.593817,74.820689,2.683727,100.000000,100.000000,0.000000,0.000000,1,8,4,0.0000,0.0000,0.0000,0.5000,"HeadOnBreak",0.033157
140,B0100,defensive,UNKNOWN,8354.639676,99.885795,32.443250,67.971929,100.035274,14851.265221,320.063754,19386.346216,-299.596489,-603.121453,-434.940405,10.204543,False,False,False,False,False,True,False,1-circle,1.000000,888.750932,171.593817,74.820689,2.683727,100.000000,100.000000,0.000000,0.000000,3,8,0,0.0000,0.0000,0.0000,0.5000,"Pursue",0.074828
141,A0100,adaptive_eagle_v11,UNKNOWN,8498.920724,97.971564,33.941403,64.342468,98.086386,14849.535669,318.615050,19343.655304,-213.454561,-736.826064,-417.002190,8.188560,False,False,False,False,False,True,False,1-circle,1.000000,887.564389,167.873663,71.242948,3.025233,100.000000,100.000000,0.000000,0.000000,1,8,4,0.0000,0.0000,0.0000,0.5000,"HeadOnBreak",0.019048
141,B0100,defensive,UNKNOWN,8498.920724,97.971564,33.941403,64.342468,98.086386,14849.535669,318.615050,19343.655304,-213.454561,-736.826064,-417.002190,8.188560,False,False,False,False,False,True,False,1-circle,1.000000,887.564389,167.873663,71.242948,3.025233,100.000000,100.000000,0.000000,0.000000,3,8,0,0.0000,0.0000,0.0000,0.5000,"Pursue",0.066309
142,A0100,adaptive_eagle_v11,UNKNOWN,8638.073063,96.316473,34.826768,61.703580,96.410449,14848.076658,317.585375,19313.195747,-152.297787,-908.884286,-404.461278,10.083225,False,False,False,False,False,True,False,1-circle,1.000000,884.417562,171.020302,74.535910,3.511343,100.000000,100.000000,0.000000,0.000000,1,8,4,0.0000,0.0000,0.0000,0.5000,"HeadOnBreak",0.018518
142,B0100,defensive,UNKNOWN,8638.073063,96.316473,34.826768,61.703580,96.410449,14848.076658,317.585375,19313.195747,-152.297787,-908.884286,-404.461278,10.083225,False,False,False,False,False,True,False,1-circle,1.000000,884.417562,171.020302,74.535910,3.511343,100.000000,100.000000,0.000000,0.000000,3,8,0,0.0000,0.0000,0.0000,0.5000,"Pursue",0.073715
143,A0100,adaptive_eagle_v11,UNKNOWN,8772.656832,94.523614,35.725094,58.947537,94.603025,14846.776315,316.426526,19279.369004,-169.133714,-1087.886360,-390.798610,13.502424,False,False,False,False,False,True,False,1-circle,1.000000,880.084200,174.625916,78.286928,3.765381,100.000000,100.000000,0.000000,0.000000,1,0,4,0.0000,0.0000,0.0000,0.5000,"HeadOnBreak",0.023183
143,B0100,defensive,UNKNOWN,8772.656832,94.523614,35.725094,58.947537,94.603025,14846.776315,316.426526,19279.369004,-169.133714,-1087.886360,-390.798610,13.502424,False,False,False,False,False,True,False,1-circle,1.000000,880.084200,174.625916,78.286928,3.765381,100.000000,100.000000,0.000000,0.000000,3,8,0,0.0000,0.0000,0.0000,0.5000,"Pursue",0.074774
144,A0100,adaptive_eagle_v11,UNKNOWN,8902.255593,92.746215,36.944490,55.923277,92.822835,14845.415115,315.367384,19248.383917,-154.925434,-1232.364540,-375.013344,18.103540,False,False,False,False,False,True,False,1-circle,1.000000,875.201654,177.380570,81.181510,3.720326,100.000000,100.000000,0.000000,0.000000,1,0,4,0.0000,0.0000,0.0000,0.5000,"HeadOnBreak",0.031057
144,B0100,defensive,UNKNOWN,8902.255593,92.746215,36.944490,55.923277,92.822835,14845.415115,315.367384,19248.383917,-154.925434,-1232.364540,-375.013344,18.103540,False,False,False,False,False,True,False,1-circle,1.000000,875.201654,177.380570,81.181510,3.720326,100.000000,100.000000,0.000000,0.000000,3,8,0,0.0000,0.0000,0.0000,0.5000,"Pursue",0.076341
145,A0100,adaptive_eagle_v11,UNKNOWN,9026.016444,90.977591,38.660054,52.450201,91.060322,14843.769352,314.396138,19219.660025,-143.619462,-1323.303568,-355.730304,24.085060,False,False,False,False,False,True,False,1-circle,1.000000,870.786207,179.400841,83.328967,3.450093,100.000000,100.000000,0.000000,0.000000,1,0,4,0.0000,0.0000,0.0000,0.5000,"HeadOnBreak",-0.080485
145,B0100,defensive,UNKNOWN,9026.016444,90.977591,38.660054,52.450201,91.060322,14843.769352,314.396138,19219.660025,-143.619462,-1323.303568,-355.730304,24.085060,False,False,False,False,False,True,False,1-circle,1.000000,870.786207,179.400841,83.328967,3.450093,100.000000,100.000000,0.000000,0.000000,3,8,0,0.0000,0.0000,0.0000,0.5000,"Pursue",0.079424
146,A0100,adaptive_eagle_v11,UNKNOWN,9142.298814,89.189751,41.334039,48.032405,89.285000,14841.668522,313.478107,19192.041474,-138.092753,-1353.731930,-330.044708,32.181800,False,False,True,False,False,True,False,1-circle,1.000000,868.037425,-179.050631,84.983201,3.028953,100.000000,100.000000,0.000000,0.000000,1,0,4,0.0000,0.0000,0.0000,0.5000,"SmartHighYoYo",-0.402300
146,B0100,defensive,UNKNOWN,9142.298814,89.189751,41.334039,48.032405,89.285000,14841.668522,313.478107,19192.041474,-138.092753,-1353.731930,-330.044708,32.181800,False,False,True,False,False,True,False,1-circle,1.000000,868.037425,-179.050631,84.983201,3.028953,100.000000,100.000000,0.000000,0.000000,3,8,0,0.0000,0.0000,0.0000,0.5000,"Pursue",0.103623
147,A0100,adaptive_eagle_v11,UNKNOWN,9249.023129,86.965457,44.360319,42.774605,87.069140,14839.015787,312.060722,19150.137413,-209.520304,-1382.521146,-298.534885,19.898642,False,False,True,False,False,True,False,1-circle,1.000000,866.855955,177.766051,81.884328,2.699240,100.000000,100.000000,0.000000,0.000000,1,0,4,0.0000,0.0000,0.0000,0.5000,"SmartHighYoYo",-0.402767
147,B0100,defensive,UNKNOWN,9249.023129,86.965457,44.360319,42.774605,87.069140,14839.015787,312.060722,19150.137413,-209.520304,-1382.521146,-298.534885,19.898642,False,False,True,False,False,True,False,1-circle,1.000000,866.855955,177.766051,81.884328,2.699240,100.000000,100.000000,0.000000,0.000000,3,8,0,0.0000,0.0000,0.0000,0.5000,"Pursue",0.107706
148,A0100,adaptive_eagle_v11,UNKNOWN,9344.977594,84.786286,46.943477,37.933730,84.884545,14836.130137,310.710184,19110.017129,-200.601420,-1437.966586,-269.675596,13.032460,False,False,True,False,False,True,False,1-circle,1.000000,865.154489,173.470539,77.666239,2.515221,100.000000,100.000000,0.000000,0.000000,1,0,4,0.0000,0.0000,0.0000,0.5000,"SmartHighYoYo",-0.341014
148,B0100,defensive,UNKNOWN,9344.977594,84.786286,46.943477,37.933730,84.884545,14836.130137,310.710184,19110.017129,-200.601420,-1437.966586,-269.675596,13.032460,False,False,True,False,False,True,False,1-circle,1.000000,865.154489,173.470539,77.666239,2.515221,100.000000,100.000000,0.000000,0.000000,3,8,0,0.0000,0.0000,0.0000,0.5000,"Pursue",0.094391
149,A0100,adaptive_eagle_v11,UNKNOWN,9432.308753,82.944867,48.930234,34.054206,83.044906,14833.031502,309.868758,19083.801824,-131.076528,-1524.558912,-246.884538,15.282692,False,False,True,False,False,True,False,1-circle,1.000000,862.031274,175.136244,79.410478,2.502368,100.000000,100.000000,0.000000,0.000000,1,0,4,0.0000,0.0000,0.0000,0.5000,"SmartHighYoYo",-0.373076
149,B0100,defensive,UNKNOWN,9432.308753,82.944867,48.930234,34.054206,83.044906,14833.031502,309.868758,19083.801824,-131.076528,-1524.558912,-246.884538,15.282692,False,False,True,False,False,True,False,1-circle,1.000000,862.031274,175.136244,79.410478,2.502368,100.000000,100.000000,0.000000,0.000000,3,8,0,0.0000,0.0000,0.0000,0.5000,"Pursue",0.106019
150,A0100,adaptive_eagle_v11,UNKNOWN,9511.773404,80.957334,50.867702,30.103494,81.061310,14829.657932,308.901014,19053.918766,-149.415287,-1624.631448,-223.266745,20.427693,False,False,True,False,False,True,False,1-circle,1.000000,857.825916,177.661153,82.013615,2.404679,100.000000,100.000000,0.000000,0.000000,1,0,4,0.0000,0.0000,0.0000,0.5000,"SmartHighYoYo",-0.366708
150,B0100,defensive,UNKNOWN,9511.773404,80.957334,50.867702,30.103494,81.061310,14829.657932,308.901014,19053.918766,-149.415287,-1624.631448,-223.266745,20.427693,False,False,True,False,False,True,False,1-circle,1.000000,857.825916,177.661153,82.013615,2.404679,100.000000,100.000000,0.000000,0.000000,3,8,0,0.0000,0.0000,0.0000,0.5000,"Pursue",0.109743
151,A0100,adaptive_eagle_v11,UNKNOWN,9582.871619,78.975164,52.973259,26.007376,79.089347,14825.873211,308.017959,19026.016777,-139.509947,-1704.064642,-198.096596,27.795657,False,False,True,False,False,True,False,1-circle,1.000000,853.166940,179.670378,84.096589,2.119810,100.000000,100.000000,0.000000,0.000000,1,0,4,0.0000,0.0000,0.0000,0.5000,"SmartHighYoYo",-0.446917
151,B0100,defensive,UNKNOWN,9582.871619,78.975164,52.973259,26.007376,79.089347,14825.873211,308.017959,19026.016777,-139.509947,-1704.064642,-198.096596,27.795657,False,False,True,False,False,True,False,1-circle,1.000000,853.166940,179.670378,84.096589,2.119810,100.000000,100.000000,0.000000,0.000000,3,8,0,0.0000,0.0000,0.0000,0.5000,"Pursue",0.139428
152,A0100,adaptive_eagle_v11,UNKNOWN,9644.778601,76.588850,55.470641,21.122412,76.710041,14821.561869,306.681180,18985.327831,-203.444728,-1768.072341,-167.181679,18.959494,False,False,True,False,False,True,False,1-circle,1.000000,848.873388,176.853847,81.343842,1.859770,100.000000,100.000000,0.000000,0.000000,1,0,4,0.0000,0.0000,0.0000,0.5000,"SmartHighYoYo",-0.529241
152,B0100,defensive,UNKNOWN,9644.778601,76.588850,55.470641,21.122412,76.710041,14821.561869,306.681180,18985.327831,-203.444728,-1768.072341,-167.181679,18.959494,False,False,True,False,False,True,False,1-circle,1.000000,848.873388,176.853847,81.343842,1.859770,100.000000,100.000000,0.000000,0.000000,3,8,0,0.0000,0.0000,0.0000,0.5000,"Pursue",0.177067
153,A0100,adaptive_eagle_v11,UNKNOWN,9694.684762,73.796683,58.688097,15.108821,73.899685,14817.118675,304.802536,18930.028703,-276.495643,-1799.208081,-128.155871,9.589657,False,False,True,False,False,True,False,1-circle,1.000000,844.992389,168.611596,73.153662,1.869268,100.000000,100.000000,0.000000,0.000000,4,0,3,0.0000,0.0000,0.0000,0.5000,"SmartHighYoYo",-0.421191
153,B0100,defensive,UNKNOWN,9694.684762,73.796683,58.688097,15.108821,73.899685,14817.118675,304.802536,18930.028703,-276.495643,-1799.208081,-128.155871,9.589657,False,False,True,False,False,True,False,1-circle,1.000000,844.992389,168.611596,73.153662,1.869268,100.000000,100.000000,0.000000,0.000000,3,8,0,0.0000,0.0000,0.0000,0.5000,"Pursue",0.154484
154,A0100,adaptive_eagle_v11,UNKNOWN,9731.532132,71.531422,61.763025,9.833342,71.609840,14813.091450,303.579158,18893.051974,-184.883646,-1819.707603,-93.137645,7.777698,False,False,True,False,False,True,False,1-circle,1.000000,840.166633,164.862080,69.452962,2.251660,100.000000,100.000000,0.000000,0.000000,1,0,4,0.0000,0.0000,0.0000,0.5000,"SmartHighYoYo",-0.370036
154,B0100,defensive,UNKNOWN,9731.532132,71.531422,61.763025,9.833342,71.609840,14813.091450,303.579158,18893.051974,-184.883646,-1819.707603,-93.137645,7.777698,False,False,True,False,False,True,False,1-circle,1.000000,840.166633,164.862080,69.452962,2.251660,100.000000,100.000000,0.000000,0.000000,3,8,0,0.0000,0.0000,0.0000,0.5000,"Pursue",0.140068
155,A0100,adaptive_eagle_v11,UNKNOWN,9757.791486,69.570212,64.149014,5.753204,69.634811,14809.333946,302.814215,18868.759453,-121.462604,-1874.516558,-64.960925,9.250098,False,False,True,False,False,True,False,1-circle,1.000000,833.909245,167.824825,72.466305,2.799011,100.000000,100.000000,0.000000,0.000000,1,0,4,0.0000,0.0000,0.0000,0.5000,"SmartHighYoYo",-0.409219
155,B0100,defensive,UNKNOWN,9757.791486,69.570212,64.149014,5.753204,69.634811,14809.333946,302.814215,18868.759453,-121.462604,-1874.516558,-64.960925,9.250098,False,False,True,False,False,True,False,1-circle,1.000000,833.909245,167.824825,72.466305,2.799011,100.000000,100.000000,0.000000,0.000000,3,8,0,0.0000,0.0000,0.0000,0.5000,"Pursue",0.158204
156,A0100,adaptive_eagle_v11,UNKNOWN,9774.562297,67.461163,66.388350,2.658779,67.514851,14805.750698,301.912551,18841.037380,-138.610367,-1941.438500,-36.910274,11.811683,False,False,True,False,False,True,False,1-circle,1.000000,826.729277,171.371827,76.063307,3.128999,100.000000,100.000000,0.000000,0.000000,1,0,4,0.0000,0.0000,0.0000,0.5000,"SmartHighYoYo",-0.392915
156,B0100,defensive,UNKNOWN,9774.562297,67.461163,66.388350,2.658779,67.514851,14805.750698,301.912551,18841.037380,-138.610367,-1941.438500,-36.910274,11.811683,False,False,True,False,False,True,False,1-circle,1.000000,826.729277,171.371827,76.063307,3.128999,100.000000,100.000000,0.000000,0.000000,3,8,0,0.0000,0.0000,0.0000,0.5000,"Pursue",0.164595
157,A0100,adaptive_eagle_v11,UNKNOWN,9781.361980,65.367759,69.065175,4.485665,65.418694,14802.161616,301.104041,18815.864562,-125.864090,-1961.692179,-5.271091,14.796389,False,False,True,False,False,True,False,1-circle,1.000000,819.588417,174.031319,78.765977,3.164654,100.000000,100.000000,0.000000,0.000000,1,0,4,0.0000,0.0000,0.0000,0.5000,"SmartHighYoYo",-0.365243
157,B0100,defensive,UNKNOWN,9781.361980,65.367759,69.065175,4.485665,65.418694,14802.161616,301.104041,18815.864562,-125.864090,-1961.692179,-5.271091,14.796389,False,False,True,False,False,True,False,1-circle,1.000000,819.588417,174.031319,78.765977,3.164654,100.000000,100.000000,0.000000,0.000000,3,8,0,0.0000,0.0000,0.0000,0.5000,"Pursue",0.171771
158,A0100,adaptive_eagle_v11,UNKNOWN,9776.521278,63.287813,72.449445,9.540919,63.342097,14798.369746,300.379394,18792.776911,-115.438253,-1926.602242,32.021226,17.915967,False,False,True,False,False,True,False,1-circle,1.000000,813.201938,175.896728,80.662414,2.980874,100.000000,100.000000,0.000000,0.000000,1,0,4,0.0000,0.0000,0.0000,0.5000,"SmartHighYoYo",-0.370787
158,B0100,defensive,UNKNOWN,9776.521278,63.287813,72.449445,9.540919,63.342097,14798.369746,300.379394,18792.776911,-115.438253,-1926.602242,32.021226,17.915967,False,False,True,False,False,True,False,1-circle,1.000000,813.201938,175.896728,80.662414,2.980874,100.000000,100.000000,0.000000,0.000000,3,8,0,0.0000,0.0000,0.0000,0.5000,"Pursue",0.181974
159,A0100,adaptive_eagle_v11,DBFM,9759.002978,61.196408,75.596311,14.748174,61.258042,14794.232301,299.698584,18770.553333,-111.117889,-1909.560385,67.485641,21.142926,False,False,True,False,False,True,False,1-circle,1.000000,806.848362,177.261373,82.050142,2.656375,100.000000,100.000000,0.000000,0.000000,1,0,4,0.0000,0.0000,0.0000,0.5000,"SmartHighYoYo",-0.404706
159,B0100,defensive,DBFM,9759.002978,61.196408,75.596311,14.748174,61.258042,14794.232301,299.698584,18770.553333,-111.117889,-1909.560385,67.485641,21.142926,False,False,True,False,False,True,False,1-circle,1.000000,806.848362,177.261373,82.050142,2.656375,100.000000,100.000000,0.000000,0.000000,3,8,0,0.0000,0.0000,0.0000,0.5000,"Pursue",0.194691
160,A0100,adaptive_eagle_v11,DBFM,9730.540104,59.079175,77.967601,19.218437,59.150854,14789.644921,299.039046,18748.484067,-110.346327,-1952.175103,96.809074,24.630862,False,False,True,False,False,True,False,1-circle,1.000000,799.960554,178.340877,83.149480,2.244919,100.000000,100.000000,0.000000,0.000000,1,0,4,0.0000,0.0000,0.0000,0.5000,"SmartHighYoYo",-0.523621
160,B0100,defensive,DBFM,9730.540104,59.079175,77.967601,19.218437,59.150854,14789.644921,299.039046,18748.484067,-110.346327,-1952.175103,96.809074,24.630862,False,False,True,False,False,True,False,1-circle,1.000000,799.960554,178.340877,83.149480,2.244919,100.000000,100.000000,0.000000,0.000000,3,7,1,0.0000,0.0000,0.0000,0.5000,"Pursue",0.251923
161,A0100,adaptive_eagle_v11,DBFM,9692.341889,56.535485,80.146293,23.902202,56.612038,14784.564909,297.892157,18713.096009,-176.940291,-2018.140826,126.474528,16.716657,False,False,True,False,False,True,False,1-circle,1.000000,793.013876,175.101689,79.924440,1.940749,100.000000,100.000000,0.000000,0.000000,1,0,4,0.0000,0.0000,0.0000,0.5000,"SmartHighYoYo",-0.650577
161,B0100,defensive,DBFM,9692.341889,56.535485,80.146293,23.902202,56.612038,14784.564909,297.892157,18713.096009,-176.940291,-2018.140826,126.474528,16.716657,False,False,True,False,False,True,False,1-circle,1.000000,793.013876,175.101689,79.924440,1.940749,100.000000,100.000000,0.000000,0.000000,3,7,1,0.0000,0.0000,0.0000,0.5000,"Pursue",0.331006
162,A0100,adaptive_eagle_v11,DBFM,9643.353191,53.534863,82.711753,29.447878,53.592375,14779.436416,296.136336,18661.793306,-256.513516,-2072.913196,160.791902,9.019416,False,False,True,False,False,True,False,1-circle,1.000000,786.373924,166.844939,71.672928,1.946160,100.000000,100.000000,0.000000,0.000000,4,0,3,0.0000,0.0000,0.0000,0.5000,"SmartHighYoYo",-0.540687
162,B0100,defensive,DBFM,9643.353191,53.534863,82.711753,29.447878,53.592375,14779.436416,296.136336,18661.793306,-256.513516,-2072.913196,160.791902,9.019416,False,False,True,False,False,True,False,1-circle,1.000000,786.373924,166.844939,71.672928,1.946160,100.000000,100.000000,0.000000,0.000000,3,7,1,0.0000,0.0000,0.0000,0.5000,"Pursue",0.301863
163,A0100,adaptive_eagle_v11,DBFM,9582.858807,51.058442,85.237020,34.459728,51.090655,14774.809584,294.997376,18627.360285,-172.165108,-2108.484409,191.966896,7.346454,False,False,True,False,False,True,False,1-circle,1.000000,779.974698,162.969333,67.793573,2.339317,100.000000,100.000000,0.000000,0.000000,4,0,3,0.0000,0.0000,0.0000,0.5000,"SmartHighYoYo",-0.484160
163,B0100,defensive,DBFM,9582.858807,51.058442,85.237020,34.459728,51.090655,14774.809584,294.997376,18627.360285,-172.165108,-2108.484409,191.966896,7.346454,False,False,True,False,False,True,False,1-circle,1.000000,779.974698,162.969333,67.793573,2.339317,100.000000,100.000000,0.000000,0.000000,3,7,1,0.0000,0.0000,0.0000,0.5000,"Pursue",0.280441
164,A0100,adaptive_eagle_v11,DBFM,9513.163802,48.913883,87.205724,38.564719,48.930472,14770.503328,294.333213,18605.726155,-108.170647,-2160.155490,217.096275,8.538054,False,False,True,False,False,True,False,1-circle,1.000000,773.814107,165.793102,70.605863,2.921075,100.000000,100.000000,0.000000,0.000000,4,0,3,0.0000,0.0000,0.0000,0.5000,"SmartHighYoYo",-0.541006
164,B0100,defensive,DBFM,9513.163802,48.913883,87.205724,38.564719,48.930472,14770.503328,294.333213,18605.726155,-108.170647,-2160.155490,217.096275,8.538054,False,False,True,False,False,True,False,1-circle,1.000000,773.814107,165.793102,70.605863,2.921075,100.000000,100.000000,0.000000,0.000000,3,7,1,0.0000,0.0000,0.0000,0.5000,"Pursue",0.324152
165,A0100,adaptive_eagle_v11,DBFM,9434.991119,46.615347,89.120911,42.747307,46.616814,14766.434520,293.521272,18580.527005,-125.995752,-2210.762422,242.078336,10.625120,False,False,True,False,False,True,False,1-circle,1.000000,768.408628,169.373013,74.163193,3.310851,100.000000,100.000000,0.000000,0.000000,4,0,3,0.0000,0.0000,0.0000,0.5000,"SmartHighYoYo",-0.554189
165,B0100,defensive,DBFM,9434.991119,46.615347,89.120911,42.747307,46.616814,14766.434520,293.521272,18580.527005,-125.995752,-2210.762422,242.078336,10.625120,False,False,True,False,False,True,False,1-circle,1.000000,768.408628,169.373013,74.163193,3.310851,100.000000,100.000000,0.000000,0.000000,3,7,1,0.0000,0.0000,0.0000,0.5000,"Pursue",0.063734
166,A0100,adaptive_eagle_v11,OBFM,9348.696767,44.332223,90.915361,46.770745,44.325417,14762.444604,292.797632,18557.753926,-113.865392,-2255.319916,265.699890,12.931347,False,False,True,False,False,True,False,1-circle,1.000000,764.579931,172.098290,76.848908,3.413594,100.000000,100.000000,0.000000,0.000000,4,1,3,0.0000,0.0000,0.0000,0.5000,"SmartHighYoYo",-0.569995
166,B0100,defensive,OBFM,9348.696767,44.332223,90.915361,46.770745,44.325417,14762.444604,292.797632,18557.753926,-113.865392,-2255.319916,265.699890,12.931347,False,False,True,False,False,True,False,1-circle,1.000000,764.579931,172.098290,76.848908,3.413594,100.000000,100.000000,0.000000,0.000000,3,7,1,0.0000,0.0000,0.0000,0.5000,"Pursue",0.054333
167,A0100,adaptive_eagle_v11,OBFM,9254.855136,42.067107,92.562342,50.621019,42.057393,14758.342923,292.159763,18537.133859,-103.100339,-2290.848602,287.722602,15.147469,False,False,True,False,False,True,False,1-circle,1.000000,763.126395,174.007542,78.695667,3.296499,100.000000,100.000000,0.000000,0.000000,4,1,3,0.0000,0.0000,0.0000,0.5000,"SmartHighYoYo",-0.581510
167,B0100,defensive,OBFM,9254.855136,42.067107,92.562342,50.621019,42.057393,14758.342923,292.159763,18537.133859,-103.100339,-2290.848602,287.722602,15.147469,False,False,True,False,False,True,False,1-circle,1.000000,763.126395,174.007542,78.695667,3.296499,100.000000,100.000000,0.000000,0.000000,3,7,1,0.0000,0.0000,0.0000,0.5000,"Pursue",0.061115
168,A0100,adaptive_eagle_v11,OBFM,9153.811008,39.792713,94.400197,54.668257,39.783181,14753.992463,291.565964,18517.438634,-98.476122,-2289.218375,310.779066,17.221660,False,False,True,False,False,True,False,1-circle,1.000000,764.948075,175.412643,80.008118,3.038053,100.000000,100.000000,0.000000,0.000000,1,1,4,0.0000,0.0000,0.0000,0.5000,"SmartHighYoYo",-0.569438
168,B0100,defensive,OBFM,9153.811008,39.792713,94.400197,54.668257,39.783181,14753.992463,291.565964,18517.438634,-98.476122,-2289.218375,310.779066,17.221660,False,False,True,False,False,True,False,1-circle,1.000000,764.948075,175.412643,80.008118,3.038053,100.000000,100.000000,0.000000,0.000000,3,7,1,0.0000,0.0000,0.0000,0.5000,"Pursue",-0.045312
169,A0100,adaptive_eagle_v11,OBFM,9044.501818,37.493980,96.967647,59.491600,37.486009,14749.297133,290.990766,18497.908993,-97.648204,-2222.815853,338.844018,19.245378,False,False,True,False,False,True,False,1-circle,1.000000,771.215800,176.561057,81.023280,2.693745,100.000000,100.000000,0.000000,0.000000,4,1,3,0.0000,0.0000,0.0000,0.5000,"SmartHighYoYo",-0.721303
169,B0100,defensive,OBFM,9044.501818,37.493980,96.967647,59.491600,37.486009,14749.297133,290.990766,18497.908993,-97.648204,-2222.815853,338.844018,19.245378,False,False,True,False,False,True,False,1-circle,1.000000,771.215800,176.561057,81.023280,2.693745,100.000000,100.000000,0.000000,0.000000,3,7,1,0.0000,0.0000,0.0000,0.5000,"Pursue",0.059977
170,A0100,adaptive_eagle_v11,OBFM,8925.564517,34.776879,99.605728,64.838098,34.760629,14744.232328,289.937436,18465.754806,-160.770936,-2188.332544,367.759694,14.221600,False,False,True,False,False,True,False,1-circle,1.000000,781.405655,173.602361,77.891353,2.450503,100.000000,100.000000,0.000000,0.000000,4,1,3,0.0000,0.0000,0.0000,0.5000,"SmartHighYoYo",-0.790039
170,B0100,defensive,OBFM,8925.564517,34.776879,99.605728,64.838098,34.760629,14744.232328,289.937436,18465.754806,-160.770936,-2188.332544,367.759694,14.221600,False,False,True,False,False,True,False,1-circle,1.000000,781.405655,173.602361,77.891353,2.450503,100.000000,100.000000,0.000000,0.000000,3,7,1,0.0000,0.0000,0.0000,0.5000,"Pursue",0.274526
171,A0100,adaptive_eagle_v11,UNKNOWN,8798.064621,32.125198,101.492947,69.379135,32.083870,14739.145095,288.941759,18435.151216,-153.017948,-2203.468782,390.108309,10.394565,False,False,True,False,False,True,False,1-circle,1.000000,793.645391,169.501551,73.588675,2.368350,100.000000,100.000000,0.000000,0.000000,4,1,3,0.0000,0.0000,0.0000,0.5000,"SmartHighYoYo",-0.713536
171,B0100,defensive,UNKNOWN,8798.064621,32.125198,101.492947,69.379135,32.083870,14739.145095,288.941759,18435.151216,-153.017948,-2203.468782,390.108309,10.394565,False,False,True,False,False,True,False,1-circle,1.000000,793.645391,169.501551,73.588675,2.368350,100.000000,100.000000,0.000000,0.000000,3,7,1,0.0000,0.0000,0.0000,0.5000,"Pursue",0.293391
172,A0100,adaptive_eagle_v11,UNKNOWN,8663.780582,29.812876,103.222842,73.419557,29.750588,14733.984466,288.409985,18416.398725,-93.762459,-2197.631839,409.888980,11.313712,False,False,True,False,False,True,False,1-circle,1.000000,807.877251,170.975197,74.831312,2.468924,100.000000,100.000000,0.000000,0.000000,4,1,3,0.0000,0.0000,0.0000,0.5000,"SmartHighYoYo",-0.831192
172,B0100,defensive,UNKNOWN,8663.780582,29.812876,103.222842,73.419557,29.750588,14733.984466,288.409985,18416.398725,-93.762459,-2197.631839,409.888980,11.313712,False,False,True,False,False,True,False,1-circle,1.000000,807.877251,170.975197,74.831312,2.468924,100.000000,100.000000,0.000000,0.000000,3,6,3,0.0000,0.0000,0.0000,0.5000,"Pursue",0.414381
173,A0100,adaptive_eagle_v11,UNKNOWN,8522.721576,27.279053,105.165274,77.892633,27.183588,14728.744459,289.234716,18432.249133,79.252045,-2105.744706,432.469598,13.468341,False,False,True,False,False,True,False,1-circle,1.000000,824.921237,173.616588,77.203846,2.513314,100.000000,100.000000,0.000000,0.000000,1,0,3,0.0000,0.0000,0.0000,0.5000,"LeadPursuit",-0.827446
173,B0100,defensive,UNKNOWN,8522.721576,27.279053,105.165274,77.892633,27.183588,14728.744459,289.234716,18432.249133,79.252045,-2105.744706,432.469598,13.468341,False,False,True,False,False,True,False,1-circle,1.000000,824.921237,173.616588,77.203846,2.513314,100.000000,100.000000,0.000000,0.000000,3,6,3,0.0000,0.0000,0.0000,0.5000,"Pursue",0.370773
174,A0100,adaptive_eagle_v11,UNKNOWN,8373.736638,24.751614,107.772017,83.024130,24.619030,14723.359302,290.251560,18452.950100,103.504833,-1949.651679,458.890022,15.942163,False,False,True,False,False,True,False,1-circle,1.000000,845.789123,175.904560,79.173305,2.388422,100.000000,100.000000,0.000000,0.000000,1,0,3,0.0000,0.0000,0.0000,0.5000,"LeadPursuit",-0.820277
174,B0100,defensive,UNKNOWN,8373.736638,24.751614,107.772017,83.024130,24.619030,14723.359302,290.251560,18452.950100,103.504833,-1949.651679,458.890022,15.942163,False,False,True,False,False,True,False,1-circle,1.000000,845.789123,175.904560,79.173305,2.388422,100.000000,100.000000,0.000000,0.000000,3,6,3,0.0000,0.0000,0.0000,0.5000,"Pursue",0.362274
175,A0100,adaptive_eagle_v11,UNKNOWN,8215.790196,22.247134,110.701241,88.462093,22.071331,14717.700412,291.401075,18476.891101,119.705005,-1781.007596,486.569111,18.422043,False,False,True,False,False,True,False,1-circle,1.000000,870.069973,177.738396,80.637334,2.125044,100.000000,100.000000,0.000000,0.000000,1,0,3,0.0000,0.0000,0.0000,0.5000,"LeadPursuit",-1.047142
175,B0100,defensive,UNKNOWN,8215.790196,22.247134,110.701241,88.462093,22.071331,14717.700412,291.401075,18476.891101,119.705005,-1781.007596,486.569111,18.422043,False,False,True,False,False,True,False,1-circle,1.000000,870.069973,177.738396,80.637334,2.125044,100.000000,100.000000,0.000000,0.000000,3,6,3,0.0000,0.0000,0.0000,0.5000,"Pursue",0.662008
176,A0100,adaptive_eagle_v11,HABFM,8048.904739,19.362797,113.465925,94.145237,19.108365,14711.715205,292.095573,18488.845849,59.773740,-1650.363688,512.373163,14.005394,False,False,True,False,False,True,False,2-circle,1.000000,895.661941,175.299873,77.789802,1.923274,100.000000,100.000000,0.000000,0.000000,1,0,3,0.0000,0.0000,0.0000,0.5000,"LeadPursuit",-1.124747
176,B0100,defensive,HABFM,8048.904739,19.362797,113.465925,94.145237,19.108365,14711.715205,292.095573,18488.845849,59.773740,-1650.363688,512.373163,14.005394,False,False,True,False,False,True,False,2-circle,1.000000,895.661941,175.299873,77.789802,1.923274,100.000000,100.000000,0.000000,0.000000,3,6,2,0.0000,0.0000,0.0000,0.5000,"Pursue",0.872668
177,A0100,adaptive_eagle_v11,HABFM,7873.738107,16.588795,115.838537,99.413912,16.191321,14705.743884,292.844521,18502.268876,67.115133,-1538.851846,534.195932,10.324141,False,False,True,False,False,True,False,2-circle,1.000000,919.867767,171.617410,73.677284,1.855505,100.000000,100.000000,0.000000,0.000000,1,0,3,0.0000,0.0000,0.0000,0.5000,"LeadPursuit",-0.978484
177,B0100,defensive,HABFM,7873.738107,16.588795,115.838537,99.413912,16.191321,14705.743884,292.844521,18502.268876,67.115133,-1538.851846,534.195932,10.324141,False,False,True,False,False,True,False,2-circle,1.000000,919.867767,171.617410,73.677284,1.855505,100.000000,100.000000,0.000000,0.000000,3,6,2,0.0000,0.0000,0.0000,0.5000,"Pursue",0.884886
178,A0100,adaptive_eagle_v11,HABFM,7692.011361,14.236050,117.431693,103.572665,13.681696,14699.717380,292.642722,18491.011819,-56.285284,-1510.443854,548.397526,11.332493,False,False,True,False,False,True,False,2-circle,1.000000,940.811146,173.427292,75.050997,1.966796,100.000000,100.000000,0.000000,0.000000,1,0,3,0.0000,0.0000,0.0000,0.5000,"LeadPursuit",-1.354595
178,B0100,defensive,HABFM,7692.011361,14.236050,117.431693,103.572665,13.681696,14699.717380,292.642722,18491.011819,-56.285284,-1510.443854,548.397526,11.332493,False,False,True,False,False,True,False,2-circle,1.000000,940.811146,173.427292,75.050997,1.966796,100.000000,100.000000,0.000000,0.000000,3,5,2,0.0000,0.0000,0.0000,0.5000,"Pursue",1.504996
179,A0100,adaptive_eagle_v11,HABFM,7505.848352,11.479805,118.482872,107.767475,10.614663,14693.662819,291.515888,18455.816380,-175.977196,-1561.785648,558.199940,10.283830,False,False,True,False,False,True,False,2-circle,1.000000,958.151641,172.361591,73.545464,2.172836,100.000000,100.000000,0.000000,0.000000,1,0,3,0.0000,0.0000,0.0000,0.5000,"LeadPursuit",-1.328586
179,B0100,defensive,HABFM,7505.848352,11.479805,118.482872,107.767475,10.614663,14693.662819,291.515888,18455.816380,-175.977196,-1561.785648,558.199940,10.283830,False,False,True,False,False,True,False,2-circle,1.000000,958.151641,172.361591,73.545464,2.172836,100.000000,100.000000,0.000000,0.000000,3,5,2,0.0000,0.0000,0.0000,0.5000,"Pursue",1.574086
180,A0100,adaptive_eagle_v11,HABFM,7316.058791,9.013996,119.638783,112.070250,7.572084,14687.971650,290.445185,18422.540059,-166.381600,-1607.861837,567.502900,8.636232,False,False,True,False,False,True,False,2-circle,1.000000,971.919646,169.819441,70.557797,2.395078,100.000000,100.000000,0.000000,0.000000,1,0,3,0.0000,0.0000,0.0000,0.5000,"LeadPursuit",-0.819025
180,B0100,defensive,HABFM,7316.058791,9.013996,119.638783,112.070250,7.572084,14687.971650,290.445185,18422.540059,-166.381600,-1607.861837,567.502900,8.636232,False,False,True,False,False,True,False,2-circle,1.000000,971.919646,169.819441,70.557797,2.395078,100.000000,100.000000,0.000000,0.000000,3,5,2,0.0000,0.0000,0.0000,0.5000,"Pursue",0.944814
181,A0100,adaptive_eagle_v11,HABFM,7122.473480,7.169449,120.990525,116.222423,4.896325,14682.457492,289.909684,18403.267576,-96.362420,-1621.682251,577.303871,9.663179,False,False,True,False,False,True,False,2-circle,1.000000,982.572907,172.178370,72.460255,2.692475,100.000000,100.000000,0.000000,0.000000,1,0,3,0.0000,0.0000,0.0000,0.5000,"LeadPursuit",-0.619248
181,B0100,defensive,HABFM,7122.473480,7.169449,120.990525,116.222423,4.896325,14682.457492,289.909684,18403.267576,-96.362420,-1621.682251,577.303871,9.663179,False,False,True,False,False,True,False,2-circle,1.000000,982.572907,172.178370,72.460255,2.692475,100.000000,100.000000,0.000000,0.000000,2,2,3,0.0000,0.0000,0.0000,0.5000,"Pursue",0.710948
182,A0100,adaptive_eagle_v11,HABFM,6925.030323,5.947519,122.339480,120.946931,1.636981,14677.110786,290.330237,18408.723760,27.280923,-1602.438306,587.361718,8.912209,False,False,True,False,False,True,False,2-circle,1.000000,990.758799,171.301738,71.107032,2.970893,100.000000,100.000000,0.000000,0.000000,0,0,3,0.0000,0.0000,0.0000,0.5000,"LeadPursuit",-0.032202
182,B0100,defensive,HABFM,6925.030323,5.947519,122.339480,120.946931,1.636981,14677.110786,290.330237,18408.723760,27.280923,-1602.438306,587.361718,8.912209,False,False,True,False,False,True,False,2-circle,1.000000,990.758799,171.301738,71.107032,2.970893,100.000000,100.000000,0.000000,0.000000,2,2,3,0.0000,0.0000,0.0000,0.5000,"Pursue",-0.128963
183,A0100,adaptive_eagle_v11,HABFM,6723.954437,7.022851,123.989987,126.622096,-2.265304,14672.562209,290.027805,18396.404922,-61.594193,-1586.405416,596.313149,5.680379,False,False,True,False,False,True,False,2-circle,-1.000000,996.546599,162.437490,61.740442,3.490944,100.000000,100.000000,0.000000,0.000000,0,0,3,0.0000,0.0000,0.0000,0.5000,"LeadPursuit",0.874246
183,B0100,defensive,HABFM,6723.954437,7.022851,123.989987,126.622096,-2.265304,14672.562209,290.027805,18396.404922,-61.594193,-1586.405416,596.313149,5.680379,False,False,True,False,False,True,False,2-circle,-1.000000,996.546599,162.437490,61.740442,3.490944,100.000000,100.000000,0.000000,0.000000,2,2,3,0.0000,0.0000,0.0000,0.5000,"Pursue",-1.463506
184,A0100,adaptive_eagle_v11,HABFM,6519.157091,10.142006,126.162134,132.822477,-6.085341,14670.029164,289.617867,18383.352427,-65.262475,-1535.345080,605.300392,3.471012,False,False,True,False,False,True,False,2-circle,-1.000000,998.799774,149.839641,48.622325,4.172596,100.000000,100.000000,0.000000,0.000000,0,0,3,0.0000,0.0000,0.0000,0.5000,"LeadPursuit",1.294002
184,B0100,defensive,HABFM,6519.157091,10.142006,126.162134,132.822477,-6.085341,14670.029164,289.617867,18383.352427,-65.262475,-1535.345080,605.300392,3.471012,False,False,True,False,False,True,False,2-circle,-1.000000,998.799774,149.839641,48.622325,4.172596,100.000000,100.000000,0.000000,0.000000,2,2,3,0.0000,0.0000,0.0000,0.5000,"Pursue",-2.017888
185,A0100,adaptive_eagle_v11,HABFM,6310.572410,13.329283,128.116747,138.201310,-9.119142,14670.243732,289.657713,18384.588847,6.182104,-1470.031582,611.910320,2.065451,False,False,True,False,False,True,False,2-circle,-1.000000,995.633797,135.777456,34.042274,4.206753,100.000000,100.000000,0.000000,0.000000,0,0,3,0.0000,0.0000,0.0000,0.5000,"LeadPursuit",1.151037
185,B0100,defensive,HABFM,6310.572410,13.329283,128.116747,138.201310,-9.119142,14670.243732,289.657713,18384.588847,6.182104,-1470.031582,611.910320,2.065451,False,False,True,False,False,True,False,2-circle,-1.000000,995.633797,135.777456,34.042274,4.206753,100.000000,100.000000,0.000000,0.000000,2,2,3,0.0000,0.0000,0.0000,0.5000,"Pursue",-1.700031
186,A0100,adaptive_eagle_v11,HABFM,6099.335937,16.013498,129.077825,141.983822,-11.405700,14673.311243,289.979762,18395.920369,56.657610,-1451.130048,613.398076,1.012345,False,False,True,False,False,True,False,2-circle,-1.000000,985.441969,120.568599,18.340225,4.001599,100.000000,100.000000,0.000000,0.000000,0,0,3,0.0000,0.0000,0.0000,0.5000,"LeadPursuit",0.888316
186,B0100,defensive,HABFM,6099.335937,16.013498,129.077825,141.983822,-11.405700,14673.311243,289.979762,18395.920369,56.657610,-1451.130048,613.398076,1.012345,False,False,True,False,False,True,False,2-circle,-1.000000,985.441969,120.568599,18.340225,4.001599,100.000000,100.000000,0.000000,0.000000,2,2,3,0.0000,0.0000,0.0000,0.5000,"Pursue",-1.248659
187,A0100,adaptive_eagle_v11,HABFM,5886.848032,18.141414,129.422544,144.524171,-13.103774,14678.988677,290.358218,18411.320982,77.003063,-1487.706207,612.534622,0.077115,False,False,True,False,False,True,False,2-circle,-1.000000,968.515517,104.143112,1.448455,3.907271,100.000000,100.000000,0.000000,0.000000,1,0,3,0.0000,0.0000,0.0000,0.5000,"LeadPursuit",0.665779
187,B0100,defensive,HABFM,5886.848032,18.141414,129.422544,144.524171,-13.103774,14678.988677,290.358218,18411.320982,77.003063,-1487.706207,612.534622,0.077115,False,False,True,False,False,True,False,2-circle,-1.000000,968.515517,104.143112,1.448455,3.907271,100.000000,100.000000,0.000000,0.000000,2,2,3,0.0000,0.0000,0.0000,0.5000,"Pursue",-0.934127
188,A0100,adaptive_eagle_v11,HABFM,5673.562621,19.834496,129.797021,146.597183,-14.323663,14686.938616,290.504576,18423.034508,58.567631,-1542.664494,612.115617,0.897486,False,False,True,False,False,True,False,2-circle,-1.000000,945.943578,86.734801,-16.407655,4.628277,100.000000,100.000000,0.000000,0.000000,1,0,3,0.0000,0.0000,0.0000,0.5000,"LeadPursuit",0.295764
188,B0100,defensive,HABFM,5673.562621,19.834496,129.797021,146.597183,-14.323663,14686.938616,290.504576,18423.034508,58.567631,-1542.664494,612.115617,0.897486,False,False,True,False,False,True,False,2-circle,-1.000000,945.943578,86.734801,-16.407655,4.628277,100.000000,100.000000,0.000000,0.000000,2,2,3,0.0000,0.0000,0.0000,0.5000,"Pursue",-0.464641
189,A0100,adaptive_eagle_v11,HABFM,5459.268089,21.219309,130.334207,148.221768,-14.940537,14697.320930,290.480810,18432.805533,48.855125,-1602.125702,612.737535,2.114942,False,False,True,False,False,True,False,2-circle,-1.000000,918.065636,68.811308,-34.758898,8.477379,100.000000,100.000000,0.000000,0.000000,1,0,3,0.0000,0.0000,0.0000,0.5000,"LeadPursuit",-0.158126
189,B0100,defensive,HABFM,5459.268089,21.219309,130.334207,148.221768,-14.940537,14697.320930,290.480810,18432.805533,48.855125,-1602.125702,612.737535,2.114942,False,False,True,False,False,True,False,2-circle,-1.000000,918.065636,68.811308,-34.758898,8.477379,100.000000,100.000000,0.000000,0.000000,2,2,3,0.0000,0.0000,0.0000,0.5000,"Pursue",0.112775
190,A0100,adaptive_eagle_v11,HABFM,5243.612031,22.087330,130.951129,149.092337,-14.785920,14710.467207,290.391851,18443.664198,54.293322,-1669.556675,614.791366,3.972085,False,False,True,False,False,True,False,2-circle,-1.000000,885.218625,51.475893,-52.499165,12.268569,100.000000,100.000000,0.000000,0.000000,1,0,3,0.0000,0.0000,0.0000,0.5000,"LeadPursuit",-0.562467
190,B0100,defensive,HABFM,5243.612031,22.087330,130.951129,149.092337,-14.785920,14710.467207,290.391851,18443.664198,54.293322,-1669.556675,614.791366,3.972085,False,False,True,False,False,True,False,2-circle,-1.000000,885.218625,51.475893,-52.499165,12.268569,100.000000,100.000000,0.000000,0.000000,2,2,3,0.0000,0.0000,0.0000,0.5000,"Pursue",0.649913
191,A0100,adaptive_eagle_v11,HABFM,5026.301821,22.277666,131.620550,149.219357,-13.948287,14726.031538,290.020990,18449.699245,30.175235,-1753.357678,618.412239,7.861366,False,False,True,False,False,True,False,2-circle,-1.000000,848.432487,35.575341,-68.788367,14.307058,100.000000,100.000000,0.000000,0.000000,1,0,3,0.0000,0.0000,0.0000,0.5000,"LeadPursuit",-0.859252
191,B0100,defensive,HABFM,5026.301821,22.277666,131.620550,149.219357,-13.948287,14726.031538,290.020990,18449.699245,30.175235,-1753.357678,618.412239,7.861366,False,False,True,False,False,True,False,2-circle,-1.000000,848.432487,35.575341,-68.788367,14.307058,100.000000,100.000000,0.000000,0.000000,2,2,3,0.0000,0.0000,0.0000,0.5000,"Pursue",1.082947
192,A0100,adaptive_eagle_v11,HABFM,4807.115405,21.817026,132.331442,148.843206,-12.695787,14743.000147,289.461140,18452.305571,13.031632,-1847.473383,623.585499,25.352549,False,False,True,False,False,True,False,2-circle,-1.000000,809.366657,21.629639,-83.126683,14.744356,100.000000,100.000000,0.000000,0.000000,1,0,3,0.0000,0.0000,0.0000,0.5000,"LeadPursuit",-0.978688
192,B0100,defensive,HABFM,4807.115405,21.817026,132.331442,148.843206,-12.695787,14743.000147,289.461140,18452.305571,13.031632,-1847.473383,623.585499,25.352549,False,False,True,False,False,True,False,2-circle,-1.000000,809.366657,21.629639,-83.126683,14.744356,100.000000,100.000000,0.000000,0.000000,2,2,3,0.0000,0.0000,0.0000,0.5000,"Pursue",1.282895
193,A0100,adaptive_eagle_v11,HABFM,4585.700358,20.821869,133.467485,148.599062,-11.268250,14760.120456,288.944302,18456.191640,19.430345,-1912.949271,631.809247,175.338476,False,False,True,False,False,True,False,2-circle,-1.000000,769.965663,9.840384,-95.345218,13.855588,100.000000,100.000000,0.000000,0.000000,1,0,3,0.0000,0.0000,0.0000,0.5000,"LeadPursuit",-0.524278
193,B0100,defensive,HABFM,4585.700358,20.821869,133.467485,148.599062,-11.268250,14760.120456,288.944302,18456.191640,19.430345,-1912.949271,631.809247,175.338476,False,False,True,False,False,True,False,2-circle,-1.000000,769.965663,9.840384,-95.345218,13.855588,100.000000,100.000000,0.000000,0.000000,2,2,3,0.0000,0.0000,0.0000,0.5000,"Pursue",0.665051
194,A0100,adaptive_eagle_v11,HABFM,4361.090057,19.682602,135.264263,149.428852,-10.184737,14776.221922,288.899817,18471.155124,74.817419,-1905.055785,643.179816,175.322939,False,False,True,True,False,True,False,2-circle,-1.000000,731.830618,5.989570,-99.697143,12.194741,100.000000,100.000000,0.000000,0.000000,1,0,3,0.0000,0.0000,0.0000,0.5000,"LeadPursuit",0.020208
194,B0100,defensive,HABFM,4361.090057,19.682602,135.264263,149.428852,-10.184737,14776.221922,288.899817,18471.155124,74.817419,-1905.055785,643.179816,175.322939,False,False,True,True,False,True,False,2-circle,-1.000000,731.830618,5.989570,-99.697143,12.194741,100.000000,100.000000,0.000000,0.000000,2,2,3,0.0000,0.0000,0.0000,0.5000,"Pursue",-0.074785
195,A0100,adaptive_eagle_v11,HABFM,4132.857803,18.932070,136.677480,150.638500,-9.671833,14790.990621,289.601692,18503.899132,163.720041,-1889.271730,652.546868,174.872642,False,False,True,True,False,True,False,2-circle,-1.000000,694.358707,13.697829,-92.563876,10.579497,100.000000,100.000000,0.000000,0.000000,1,0,3,0.0000,0.0000,0.0000,0.5000,"LeadPursuit",-0.502529
195,B0100,defensive,HABFM,4132.857803,18.932070,136.677480,150.638500,-9.671833,14790.990621,289.601692,18503.899132,163.720041,-1889.271730,652.546868,174.872642,False,False,True,True,False,True,False,2-circle,-1.000000,694.358707,13.697829,-92.563876,10.579497,100.000000,100.000000,0.000000,0.000000,2,2,3,0.0000,0.0000,0.0000,0.5000,"Pursue",0.719531
196,A0100,adaptive_eagle_v11,HABFM,3902.269364,18.181353,137.352481,150.688411,-8.812170,14804.745502,288.275350,18483.722528,-100.883019,-2005.701430,656.654098,48.807197,False,False,True,True,False,True,False,2-circle,-1.000000,656.519075,20.499268,-86.406172,9.522785,100.000000,100.000000,0.000000,0.000000,2,2,3,0.0000,0.0000,0.0000,0.5000,"PNLeadPursuit",-1.421192
196,B0100,defensive,HABFM,3902.269364,18.181353,137.352481,150.688411,-8.812170,14804.745502,288.275350,18483.722528,-100.883019,-2005.701430,656.654098,48.807197,False,False,True,True,False,True,False,2-circle,-1.000000,656.519075,20.499268,-86.406172,9.522785,100.000000,100.000000,0.000000,0.000000,2,2,3,0.0000,0.0000,0.0000,0.5000,"Pursue",2.110413
197,A0100,adaptive_eagle_v11,HABFM,3670.489203,17.215496,138.064949,149.921585,-7.166797,14817.760076,285.675435,18430.675970,-265.232790,-2171.315081,659.801906,86.627525,False,False,True,True,False,True,False,2-circle,-1.000000,618.463065,19.670574,-87.955888,8.935508,100.000000,100.000000,0.000000,0.000000,2,2,1,0.0000,0.0000,0.0000,0.5000,"PNLeadPursuit",-1.484848
197,B0100,defensive,HABFM,3670.489203,17.215496,138.064949,149.921585,-7.166797,14817.760076,285.675435,18430.675970,-265.232790,-2171.315081,659.801906,86.627525,False,False,True,True,False,True,False,2-circle,-1.000000,618.463065,19.670574,-87.955888,8.935508,100.000000,100.000000,0.000000,0.000000,2,2,3,0.0000,0.0000,0.0000,0.5000,"Pursue",2.248862
198,A0100,adaptive_eagle_v11,HABFM,3437.677048,16.146171,138.842942,148.976829,-5.414054,14829.943981,283.011782,18375.799943,-274.380139,-2336.728025,663.181611,178.719258,False,False,True,True,False,True,False,2-circle,-1.000000,581.006682,14.235307,-94.220167,8.282033,100.000000,100.000000,0.000000,0.000000,2,2,1,0.0000,0.0000,0.0000,0.5000,"PNLeadPursuit",-0.311100
198,B0100,defensive,HABFM,3437.677048,16.146171,138.842942,148.976829,-5.414054,14829.943981,283.011782,18375.799943,-274.380139,-2336.728025,663.181611,178.719258,False,False,True,True,False,True,False,2-circle,-1.000000,581.006682,14.235307,-94.220167,8.282033,100.000000,100.000000,0.000000,0.000000,2,2,3,0.0000,0.0000,0.0000,0.5000,"Pursue",0.485005
199,A0100,adaptive_eagle_v11,OBFM,3203.897187,15.126141,139.588107,148.404523,-4.218558,14840.717764,281.036360,18337.246342,-192.768003,-2475.563820,666.939149,179.910152,False,False,True,True,False,True,False,2-circle,-1.000000,545.437434,12.632862,-96.833647,7.401159,100.000000,100.000000,0.000000,0.000000,2,2,1,0.0000,0.0000,0.0000,0.5000,"PNLeadPursuit",0.768891
199,B0100,defensive,OBFM,3203.897187,15.126141,139.588107,148.404523,-4.218558,14840.717764,281.036360,18337.246342,-192.768003,-2475.563820,666.939149,179.910152,False,False,True,True,False,True,False,2-circle,-1.000000,545.437434,12.632862,-96.833647,7.401159,100.000000,100.000000,0.000000,0.000000,2,2,3,0.0000,0.0000,0.0000,0.5000,"Pursue",-1.137333
200,A0100,adaptive_eagle_v11,OBFM,2969.282736,14.547419,140.598705,148.845213,-3.843378,14849.988469,279.986337,18320.438034,-84.041539,-2480.497096,670.274903,180.540545,False,False,True,True,False,True,False,2-circle,-1.000000,512.658154,20.462833,-90.300195,6.557138,99.814438,100.000000,0.000000,0.185562,2,2,1,0.0000,0.0000,0.0000,0.5000,"PNLeadPursuit",0.793819
200,B0100,defensive,OBFM,2969.282736,14.547419,140.598705,148.845213,-3.843378,14849.988469,279.986337,18320.438034,-84.041539,-2480.497096,670.274903,180.540545,False,False,True,True,False,True,False,2-circle,-1.000000,512.658154,20.462833,-90.300195,6.557138,100.000000,99.814438,0.185562,0.000000,2,2,3,0.0000,0.0000,0.0000,0.5000,"Pursue",-1.137867
201,A0100,adaptive_eagle_v11,DBFM,2733.711813,14.234814,142.211900,149.883887,-3.333609,14858.162252,278.686320,18296.459035,-119.894998,-2426.192174,674.181819,38.954210,True,False,True,True,False,True,False,2-circle,-1.000000,483.089427,27.097507,-85.354612,6.034972,99.440780,100.000000,0.000000,0.559220,2,2,1,0.0000,0.0000,0.0000,0.5000,"PNLeadPursuit",0.555945
201,B0100,defensive,DBFM,2733.711813,14.234814,142.211900,149.883887,-3.333609,14858.162252,278.686320,18296.459035,-119.894998,-2426.192174,674.181819,38.954210,True,False,True,True,False,True,False,2-circle,-1.000000,483.089427,27.097507,-85.354612,6.034972,100.000000,99.440780,0.559220,0.000000,2,2,3,0.0000,0.0000,0.0000,0.5000,"Pursue",-0.755758
202,A0100,adaptive_eagle_v11,DBFM,2497.235011,13.978035,143.451507,150.022800,-2.026285,14865.570746,276.452144,18248.960146,-237.494444,-2419.211835,675.169512,94.612483,True,False,True,True,False,True,False,2-circle,-1.000000,455.741694,26.510629,-88.069075,5.707991,98.958166,100.000000,0.000000,1.041834,2,2,1,0.0000,0.0000,0.0000,0.5000,"PNLeadPursuit",1.122104
202,B0100,defensive,DBFM,2497.235011,13.978035,143.451507,150.022800,-2.026285,14865.570746,276.452144,18248.960146,-237.494444,-2419.211835,675.169512,94.612483,True,False,True,True,False,True,False,2-circle,-1.000000,455.741694,26.510629,-88.069075,5.707991,100.000000,98.958166,1.041834,0.000000,2,2,3,0.0000,0.0000,0.0000,0.5000,"Pursue",-1.646659
203,A0100,adaptive_eagle_v11,DBFM,2260.811870,13.694870,143.836427,149.091236,-0.534653,14872.069489,274.038845,18196.645877,-261.571346,-2470.905019,673.174877,184.286557,True,False,True,True,False,True,False,2-circle,-1.000000,429.684800,22.147342,-95.091409,5.167991,98.532225,100.000000,0.000000,1.467775,2,2,1,0.0000,0.0000,0.0000,0.5000,"PNLeadPursuit",1.739412
203,B0100,defensive,DBFM,2260.811870,13.694870,143.836427,149.091236,-0.534653,14872.069489,274.038845,18196.645877,-261.571346,-2470.905019,673.174877,184.286557,True,False,True,True,False,True,False,2-circle,-1.000000,429.684800,22.147342,-95.091409,5.167991,100.000000,98.532225,1.467775,0.000000,2,2,3,0.0000,0.0000,0.0000,0.5000,"Pursue",-2.562808
204,A0100,adaptive_eagle_v11,DBFM,2024.916670,13.400780,144.041031,148.522968,0.304435,14877.048044,272.332117,18160.342120,-181.518784,-2497.789735,671.251775,185.395763,True,False,True,True,False,True,False,2-circle,1.000000,405.696326,22.442625,-98.268321,4.309353,98.296131,100.000000,0.000000,1.703869,2,2,1,0.0000,0.0000,0.0000,0.5000,"PNLeadPursuit",1.606831
204,B0100,defensive,DBFM,2024.916670,13.400780,144.041031,148.522968,0.304435,14877.048044,272.332117,18160.342120,-181.518784,-2497.789735,671.251775,185.395763,True,False,True,True,False,True,False,2-circle,1.000000,405.696326,22.442625,-98.268321,4.309353,100.000000,98.296131,1.703869,0.000000,2,2,3,0.0000,0.0000,0.0000,0.5000,"Pursue",-2.305699
205,A0100,adaptive_eagle_v11,DBFM,1789.371154,13.481180,144.415562,149.061416,0.192506,14880.403110,271.540059,18144.626508,-78.578061,-2460.536799,669.973884,185.912400,True,False,True,True,False,True,False,2-circle,1.000000,384.704515,33.374439,-92.090930,3.414227,98.296131,100.000000,0.000000,1.703869,2,2,1,0.0000,0.0000,0.0000,0.5000,"PNLeadPursuit",1.630856
205,B0100,defensive,DBFM,1789.371154,13.481180,144.415562,149.061416,0.192506,14880.403110,271.540059,18144.626508,-78.578061,-2460.536799,669.973884,185.912400,True,False,True,True,False,True,False,2-circle,1.000000,384.704515,33.374439,-92.090930,3.414227,100.000000,98.296131,1.703869,0.000000,2,2,3,0.0000,0.0000,0.0000,0.5000,"Pursue",-2.241766
206,A0100,adaptive_eagle_v11,DBFM,1553.821816,14.119103,145.069611,150.543392,-0.364099,14882.512545,270.943944,18132.419707,-61.034003,-2367.642708,668.268771,28.878813,False,False,True,True,False,True,False,2-circle,-1.000000,367.218769,48.543206,-83.575162,2.928437,98.296131,100.000000,0.000000,1.703869,2,3,1,0.0000,0.0000,0.0000,0.5000,"PNLeadPursuit",1.456606
206,B0100,defensive,DBFM,1553.821816,14.119103,145.069611,150.543392,-0.364099,14882.512545,270.943944,18132.419707,-61.034003,-2367.642708,668.268771,28.878813,False,False,True,True,False,True,False,2-circle,-1.000000,367.218769,48.543206,-83.575162,2.928437,100.000000,98.296131,1.703869,0.000000,2,2,3,0.0000,0.0000,0.0000,0.5000,"Pursue",-1.926891
207,A0100,adaptive_eagle_v11,DBFM,1318.465638,15.548577,144.797837,151.442440,-0.794355,14883.834234,269.780299,18105.886063,-132.668222,-2310.906291,661.132164,17.110695,False,False,True,True,False,True,False,2-circle,-1.000000,352.316649,62.040987,-79.195165,2.929448,98.296131,100.000000,0.000000,1.703869,2,3,1,0.0000,0.0000,0.0000,0.5000,"PNLeadPursuit",1.171130
207,B0100,defensive,DBFM,1318.465638,15.548577,144.797837,151.442440,-0.794355,14883.834234,269.780299,18105.886063,-132.668222,-2310.906291,661.132164,17.110695,False,False,True,True,False,True,False,2-circle,-1.000000,352.316649,62.040987,-79.195165,2.929448,100.000000,98.296131,1.703869,0.000000,2,2,3,0.0000,0.0000,0.0000,0.5000,"Pursue",-1.444061
208,A0100,adaptive_eagle_v11,DBFM,1084.646816,17.822528,142.904782,150.785586,-1.030264,14884.847831,267.765080,18058.942945,-234.715589,-2333.954076,645.571791,26.947014,False,False,True,True,False,True,False,2-circle,-1.000000,338.557439,70.213040,-83.040382,3.038695,98.296131,100.000000,0.000000,1.703869,2,2,1,0.0000,0.0000,0.0000,0.5000,"PNLeadPursuit",1.419920
208,B0100,defensive,DBFM,1084.646816,17.822528,142.904782,150.785586,-1.030264,14884.847831,267.765080,18058.942945,-234.715589,-2333.954076,645.571791,26.947014,False,False,True,True,False,True,False,2-circle,-1.000000,338.557439,70.213040,-83.040382,3.038695,100.000000,98.296131,1.703869,0.000000,2,2,3,0.0000,0.0000,0.0000,0.5000,"Pursue",-1.420297
209,A0100,adaptive_eagle_v11,DBFM,853.927844,21.102648,139.798211,150.013737,-2.077706,14885.454068,265.594954,18008.308191,-253.173771,-2345.554220,621.192845,189.946713,False,False,True,False,False,True,False,2-circle,-1.000000,326.252261,76.953909,-91.011495,2.834047,98.296131,100.000000,0.000000,1.703869,2,2,1,0.0000,0.0000,0.0000,0.5000,"PNLeadPursuit",1.984101
209,B0100,defensive,DBFM,853.927844,21.102648,139.798211,150.013737,-2.077706,14885.454068,265.594954,18008.308191,-253.173771,-2345.554220,621.192845,189.946713,False,False,True,False,False,True,False,2-circle,-1.000000,326.252261,76.953909,-91.011495,2.834047,100.000000,98.296131,1.703869,0.000000,2,2,3,0.0000,0.0000,0.0000,0.5000,"Pursue",-1.256112
210,A0100,adaptive_eagle_v11,HABFM,627.898005,26.736585,134.544234,150.472010,-5.718614,14884.963529,264.119453,17973.216277,-175.459567,-2283.439375,578.475183,190.981380,False,False,True,False,False,True,False,2-circle,-1.000000,316.954888,88.566331,-94.918144,2.234713,98.296131,100.000000,0.000000,1.703869,2,2,1,0.0000,0.0000,0.0000,0.5000,"PNLeadPursuit",2.735725
210,B0100,defensive,HABFM,627.898005,26.736585,134.544234,150.472010,-5.718614,14884.963529,264.119453,17973.216277,-175.459567,-2283.439375,578.475183,190.981380,False,False,True,False,False,True,False,2-circle,-1.000000,316.954888,88.566331,-94.918144,2.234713,100.000000,98.296131,1.703869,0.000000,2,2,3,0.0000,0.0000,0.0000,0.5000,"Pursue",-0.122979
211,A0100,adaptive_eagle_v11,HABFM,411.977465,38.494877,123.196650,151.898143,-15.420599,14883.128313,263.544406,17957.948063,-76.341069,-2183.262092,477.076390,191.392514,False,False,True,False,False,True,False,2-circle,-1.000000,310.735947,107.985942,-89.186990,1.532936,98.296131,100.000000,0.000000,1.703869,2,2,1,0.0000,0.0000,0.0000,0.5000,"PNLeadPursuit",4.267739
211,B0100,defensive,HABFM,411.977465,38.494877,123.196650,151.898143,-15.420599,14883.128313,263.544406,17957.948063,-76.341069,-2183.262092,477.076390,191.392514,False,False,True,False,False,True,False,2-circle,-1.000000,310.735947,107.985942,-89.186990,1.532936,100.000000,98.296131,1.703869,0.000000,2,2,3,0.0000,0.0000,0.0000,0.5000,"Pursue",2.421772
212,A0100,adaptive_eagle_v11,DBFM,235.215728,62.288308,99.219669,152.981816,-43.600449,14880.226503,263.175569,17946.445696,-57.511835,-2111.220845,216.141583,20.336878,False,False,True,False,False,True,False,2-circle,-1.000000,305.930247,127.220225,-80.658345,1.169544,98.296131,100.000000,0.000000,1.703869,2,1,1,0.0000,0.0000,0.0000,0.5000,"PNLeadPursuit",3.833922
212,B0100,defensive,DBFM,235.215728,62.288308,99.219669,152.981816,-43.600449,14880.226503,263.175569,17946.445696,-57.511835,-2111.220845,216.141583,20.336878,False,False,True,False,False,True,False,2-circle,-1.000000,305.930247,127.220225,-80.658345,1.169544,100.000000,98.296131,1.703869,0.000000,2,0,2,0.0000,0.0000,0.0000,0.5000,"LeadPursuit",1.227540
213,A0100,adaptive_eagle_v11,HABFM,226.367768,96.552515,64.248576,152.937372,-103.523669,14876.713805,262.314043,17922.890840,-117.774284,-2098.669841,-210.979614,13.333012,False,False,False,False,False,True,False,2-circle,-1.000000,301.376946,140.001276,-75.870356,1.230932,98.296131,100.000000,0.000000,1.703869,2,0,3,0.0000,0.0000,0.0000,0.5000,"PNLeadPursuit",-0.671560
213,B0100,defensive,HABFM,226.367768,96.552515,64.248576,152.937372,-103.523669,14876.713805,262.314043,17922.890840,-117.774284,-2098.669841,-210.979614,13.333012,False,False,False,False,False,True,False,2-circle,-1.000000,301.376946,140.001276,-75.870356,1.230932,100.000000,98.296131,1.703869,0.000000,2,0,2,0.0000,0.0000,0.0000,0.5000,"LeadPursuit",-0.760292
214,A0100,adaptive_eagle_v11,HABFM,395.377284,121.668242,38.377964,152.572091,-132.928454,14873.148038,260.639670,17880.561174,-211.648326,-2161.684798,-483.447385,17.435548,False,False,False,False,False,True,False,2-circle,-1.000000,296.939958,142.582378,-79.036682,1.393821,98.296131,100.000000,0.000000,1.703869,2,0,3,0.0000,0.0000,0.0000,0.5000,"PNLeadPursuit",-0.265556
214,B0100,defensive,HABFM,395.377284,121.668242,38.377964,152.572091,-132.928454,14873.148038,260.639670,17880.561174,-211.648326,-2161.684798,-483.447385,17.435548,False,False,False,False,False,True,False,2-circle,-1.000000,296.939958,142.582378,-79.036682,1.393821,100.000000,98.296131,1.703869,0.000000,2,0,2,0.0000,0.0000,0.0000,0.5000,"LeadPursuit",-0.278978
215,A0100,adaptive_eagle_v11,HABFM,606.771674,134.048991,25.210428,152.649342,-142.141979,14869.558678,260.280544,17868.689904,-59.356352,-2138.895867,-585.532515,55.206831,False,False,False,False,False,True,False,2-circle,-1.000000,293.337268,138.847011,-86.494133,1.300398,98.296131,100.000000,0.000000,1.703869,2,0,3,0.0000,0.0000,0.0000,0.5000,"PNLeadPursuit",-0.122738
215,B0100,defensive,HABFM,606.771674,134.048991,25.210428,152.649342,-142.141979,14869.558678,260.280544,17868.689904,-59.356352,-2138.895867,-585.532515,55.206831,False,False,False,False,False,True,False,2-circle,-1.000000,293.337268,138.847011,-86.494133,1.300398,100.000000,98.296131,1.703869,0.000000,2,0,2,0.0000,0.0000,0.0000,0.5000,"LeadPursuit",-0.127043
216,A0100,adaptive_eagle_v11,HABFM,827.991046,140.191444,18.014589,152.874311,-146.135925,14865.311052,260.692025,17873.932507,26.213017,-2108.892889,-627.387008,193.484303,False,False,False,False,False,True,False,2-circle,-1.000000,291.000194,137.033225,-90.350835,0.878391,98.296131,100.000000,0.000000,1.703869,2,0,3,0.0000,0.0000,0.0000,0.5000,"PNLeadPursuit",-0.070052
216,B0100,defensive,HABFM,827.991046,140.191444,18.014589,152.874311,-146.135925,14865.311052,260.692025,17873.932507,26.213017,-2108.892889,-627.387008,193.484303,False,False,False,False,False,True,False,2-circle,-1.000000,291.000194,137.033225,-90.350835,0.878391,100.000000,98.296131,1.703869,0.000000,2,0,2,0.0000,0.0000,0.0000,0.5000,"LeadPursuit",-0.071338
217,A0100,adaptive_eagle_v11,HABFM,1053.714984,143.886759,13.601559,153.077965,-148.576418,14860.057997,262.012607,17899.238079,126.527858,-2090.756869,-650.550957,37.932884,False,False,False,False,False,True,False,2-circle,-1.000000,289.787651,143.336345,-84.936658,0.383659,98.296131,100.000000,0.000000,1.703869,2,0,3,0.0000,0.0000,0.0000,0.5000,"PNLeadPursuit",-0.046306
217,B0100,defensive,HABFM,1053.714984,143.886759,13.601559,153.077965,-148.576418,14860.057997,262.012607,17899.238079,126.527858,-2090.756869,-650.550957,37.932884,False,False,False,False,False,True,False,2-circle,-1.000000,289.787651,143.336345,-84.936658,0.383659,100.000000,98.296131,1.703869,0.000000,2,0,2,0.0000,0.0000,0.0000,0.5000,"LeadPursuit",-0.040666
218,A0100,adaptive_eagle_v11,HABFM,1282.519804,146.197693,11.183920,153.730405,-150.051381,14853.967913,263.562316,17929.205612,149.837663,-2049.803683,-663.546138,14.117603,False,False,False,False,False,True,False,2-circle,-1.000000,289.822765,151.578751,-76.681744,0.197387,98.296131,100.000000,0.000000,1.703869,2,0,3,0.0000,0.0000,0.0000,0.5000,"PNLeadPursuit",-0.029898
218,B0100,defensive,HABFM,1282.519804,146.197693,11.183920,153.730405,-150.051381,14853.967913,263.562316,17929.205612,149.837663,-2049.803683,-663.546138,14.117603,False,False,False,False,False,True,False,2-circle,-1.000000,289.822765,151.578751,-76.681744,0.197387,100.000000,98.296131,1.703869,0.000000,2,0,2,0.0000,0.0000,0.0000,0.5000,"LeadPursuit",-0.014307
219,A0100,adaptive_eagle_v11,HABFM,1512.616894,147.323610,10.262987,154.798064,-150.445825,14847.487499,264.513363,17944.958813,78.766005,-1981.196977,-668.235645,10.372056,False,False,False,False,False,True,False,2-circle,-1.000000,291.387602,154.961866,-72.197364,0.417130,98.296131,100.000000,0.000000,1.703869,2,0,3,0.0000,0.0000,0.0000,0.5000,"PNLeadPursuit",-0.012275
219,B0100,defensive,HABFM,1512.616894,147.323610,10.262987,154.798064,-150.445825,14847.487499,264.513363,17944.958813,78.766005,-1981.196977,-668.235645,10.372056,False,False,False,False,False,True,False,2-circle,-1.000000,291.387602,154.961866,-72.197364,0.417130,100.000000,98.296131,1.703869,0.000000,2,0,2,0.0000,0.0000,0.0000,0.5000,"LeadPursuit",0.007581
220,A0100,adaptive_eagle_v11,HABFM,1742.165081,147.343781,9.864741,155.349149,-149.790768,14841.255084,264.587775,17940.469375,-22.447189,-1934.399706,-667.633530,13.123224,False,False,False,False,False,True,False,2-circle,-1.000000,293.605049,148.933285,-75.761673,0.727068,98.296131,100.000000,0.000000,1.703869,2,0,3,0.0000,0.0000,0.0000,0.5000,"PNLeadPursuit",-0.001933
220,B0100,defensive,HABFM,1742.165081,147.343781,9.864741,155.349149,-149.790768,14841.255084,264.587775,17940.469375,-22.447189,-1934.399706,-667.633530,13.123224,False,False,False,False,False,True,False,2-circle,-1.000000,293.605049,148.933285,-75.761673,0.727068,100.000000,98.296131,1.703869,0.000000,2,0,2,0.0000,0.0000,0.0000,0.5000,"LeadPursuit",0.016384
221,A0100,adaptive_eagle_v11,HABFM,1970.194811,146.691543,9.320308,154.978167,-148.681692,14835.359556,264.428148,17930.835428,-48.169736,-1929.575401,-665.770135,29.763424,False,False,False,False,False,True,False,2-circle,-1.000000,295.072514,137.006968,-83.611829,0.761526,98.296131,100.000000,0.000000,1.703869,2,0,3,0.0000,0.0000,0.0000,0.5000,"PNLeadPursuit",-0.003682
221,B0100,defensive,HABFM,1970.194811,146.691543,9.320308,154.978167,-148.681692,14835.359556,264.428148,17930.835428,-48.169736,-1929.575401,-665.770135,29.763424,False,False,False,False,False,True,False,2-circle,-1.000000,295.072514,137.006968,-83.611829,0.761526,100.000000,98.296131,1.703869,0.000000,2,0,2,0.0000,0.0000,0.0000,0.5000,"LeadPursuit",0.010777
222,A0100,adaptive_eagle_v11,HABFM,2197.170411,146.104300,8.746684,154.309197,-147.901136,14829.113637,264.911944,17935.926801,25.456865,-1945.357696,-665.912253,81.581357,False,False,False,False,False,True,False,2-circle,-1.000000,295.906361,126.906750,-87.664928,0.459490,98.296131,100.000000,0.000000,1.703869,1,2,4,0.0000,0.0000,0.0000,0.5000,"HeadOnBreak",-0.000617
222,B0100,defensive,HABFM,2197.170411,146.104300,8.746684,154.309197,-147.901136,14829.113637,264.911944,17935.926801,25.456865,-1945.357696,-665.912253,81.581357,False,False,False,False,False,True,False,2-circle,-1.000000,295.906361,126.906750,-87.664928,0.459490,100.000000,98.296131,1.703869,0.000000,2,0,2,0.0000,0.0000,0.0000,0.5000,"LeadPursuit",0.000865
223,A0100,adaptive_eagle_v11,HABFM,2424.112828,146.038780,8.913965,154.721312,-147.740240,14822.080715,266.267757,17960.776444,124.248217,-1911.076753,-667.229091,24.011174,False,False,False,False,False,True,False,2-circle,-1.000000,296.958421,123.867326,-82.149891,0.089407,98.296131,100.000000,0.000000,1.703869,1,2,4,0.0000,0.0000,0.0000,0.5000,"HeadOnBreak",0.009720
223,B0100,defensive,HABFM,2424.112828,146.038780,8.913965,154.721312,-147.740240,14822.080715,266.267757,17960.776444,124.248217,-1911.076753,-667.229091,24.011174,False,False,False,False,False,True,False,2-circle,-1.000000,296.958421,123.867326,-82.149891,0.089407,100.000000,98.296131,1.703869,0.000000,2,0,2,0.0000,0.0000,0.0000,0.5000,"LeadPursuit",-0.000481
224,A0100,adaptive_eagle_v11,HABFM,2651.020849,146.102655,10.110677,156.170462,-147.709147,14814.386605,267.827863,17989.970344,145.969498,-1823.440199,-666.696388,11.327919,False,False,False,False,False,True,False,2-circle,-1.000000,298.624184,120.390603,-73.795073,0.041073,98.296131,100.000000,0.000000,1.703869,1,1,4,0.0000,0.0000,0.0000,0.5000,"HeadOnBreak",0.018559
224,B0100,defensive,HABFM,2651.020849,146.102655,10.110677,156.170462,-147.709147,14814.386605,267.827863,17989.970344,145.969498,-1823.440199,-666.696388,11.327919,False,False,False,False,False,True,False,2-circle,-1.000000,298.624184,120.390603,-73.795073,0.041073,100.000000,98.296131,1.703869,0.000000,2,0,2,0.0000,0.0000,0.0000,0.5000,"LeadPursuit",0.009537
225,A0100,adaptive_eagle_v11,HABFM,2877.045997,145.758405,11.543967,157.294912,-147.169305,14806.514911,268.766802,18004.403322,72.164891,-1753.444356,-663.601618,8.717417,False,False,False,False,False,True,False,2-circle,-1.000000,300.098121,109.528472,-69.373225,0.395372,98.296131,100.000000,0.000000,1.703869,1,1,4,0.0000,0.0000,0.0000,0.5000,"HeadOnBreak",0.017843
225,B0100,defensive,HABFM,2877.045997,145.758405,11.543967,157.294912,-147.169305,14806.514911,268.766802,18004.403322,72.164891,-1753.444356,-663.601618,8.717417,False,False,False,False,False,True,False,2-circle,-1.000000,300.098121,109.528472,-69.373225,0.395372,100.000000,98.296131,1.703869,0.000000,2,0,2,0.0000,0.0000,0.0000,0.5000,"LeadPursuit",0.024349
226,A0100,adaptive_eagle_v11,HABFM,3101.235680,144.707584,12.547385,157.124605,-145.847258,14799.184772,268.800984,17997.886660,-32.583308,-1749.746428,-658.561827,10.868241,False,False,False,False,False,True,False,2-circle,-1.000000,299.573406,88.508749,-73.200241,0.821127,98.296131,100.000000,0.000000,1.703869,1,0,4,0.0000,0.0000,0.0000,0.5000,"HeadOnBreak",0.009205
226,B0100,defensive,HABFM,3101.235680,144.707584,12.547385,157.124605,-145.847258,14799.184772,268.800984,17997.886660,-32.583308,-1749.746428,-658.561827,10.868241,False,False,False,False,False,True,False,2-circle,-1.000000,299.573406,88.508749,-73.200241,0.821127,100.000000,98.296131,1.703869,0.000000,2,0,2,0.0000,0.0000,0.0000,0.5000,"LeadPursuit",0.030576
227,A0100,adaptive_eagle_v11,HABFM,3323.290151,143.255417,13.062893,156.015846,-144.201385,14792.519396,268.596154,17986.348242,-57.692090,-1799.430958,-653.653968,21.558278,False,False,False,False,False,True,False,2-circle,-1.000000,296.657994,64.233715,-81.338572,0.952196,98.296131,100.000000,0.000000,1.703869,1,0,4,0.0000,0.0000,0.0000,0.5000,"HeadOnBreak",0.007117
227,B0100,defensive,HABFM,3323.290151,143.255417,13.062893,156.015846,-144.201385,14792.519396,268.596154,17986.348242,-57.692090,-1799.430958,-653.653968,21.558278,False,False,False,False,False,True,False,2-circle,-1.000000,296.657994,64.233715,-81.338572,0.952196,100.000000,98.296131,1.703869,0.000000,2,0,3,0.0000,0.0000,0.0000,0.5000,"LeadPursuit",0.022597
228,A0100,adaptive_eagle_v11,HABFM,3543.665326,142.100237,13.635987,155.225956,-142.985768,14785.779122,269.041554,17990.209094,19.304261,-1830.330144,-650.217049,41.405703,False,False,False,False,False,True,False,2-circle,-1.000000,292.605664,47.195149,-85.471991,0.740984,98.296131,100.000000,0.000000,1.703869,1,0,4,0.0000,0.0000,0.0000,0.5000,"HeadOnBreak",0.011263
228,B0100,defensive,HABFM,3543.665326,142.100237,13.635987,155.225956,-142.985768,14785.779122,269.041554,17990.209094,19.304261,-1830.330144,-650.217049,41.405703,False,False,False,False,False,True,False,2-circle,-1.000000,292.605664,47.195149,-85.471991,0.740984,100.000000,98.296131,1.703869,0.000000,2,0,3,0.0000,0.0000,0.0000,0.5000,"LeadPursuit",0.009047
229,A0100,adaptive_eagle_v11,HABFM,3763.103999,141.635985,14.730849,155.671582,-142.500648,14778.454005,270.365385,18014.496630,121.437678,-1796.895607,-648.142417,18.134642,False,False,False,False,False,True,False,2-circle,-1.000000,288.605557,43.422026,-79.797366,0.471802,98.296131,100.000000,0.000000,1.703869,1,0,4,0.0000,0.0000,0.0000,0.5000,"HeadOnBreak",0.022645
229,B0100,defensive,HABFM,3763.103999,141.635985,14.730849,155.671582,-142.500648,14778.454005,270.365385,18014.496630,121.437678,-1796.895607,-648.142417,18.134642,False,False,False,False,False,True,False,2-circle,-1.000000,288.605557,43.422026,-79.797366,0.471802,100.000000,98.296131,1.703869,0.000000,2,0,3,0.0000,0.0000,0.0000,0.5000,"LeadPursuit",0.005518
230,A0100,adaptive_eagle_v11,HABFM,3981.572157,141.386581,16.632064,157.103357,-142.214051,14770.640607,271.876141,18042.949187,142.262785,-1712.669728,-644.103305,9.625877,False,False,False,False,False,True,False,2-circle,-1.000000,285.117183,45.066424,-71.362244,0.541022,98.296131,100.000000,0.000000,1.703869,1,0,4,0.0000,0.0000,0.0000,0.5000,"HeadOnBreak",0.023799
230,B0100,defensive,HABFM,3981.572157,141.386581,16.632064,157.103357,-142.214051,14770.640607,271.876141,18042.949187,142.262785,-1712.669728,-644.103305,9.625877,False,False,False,False,False,True,False,2-circle,-1.000000,285.117183,45.066424,-71.362244,0.541022,100.000000,98.296131,1.703869,0.000000,2,0,3,0.0000,0.0000,0.0000,0.5000,"LeadPursuit",0.014442
231,A0100,adaptive_eagle_v11,HABFM,4198.232206,140.765883,18.347029,157.919754,-141.480351,14762.855348,272.753907,18056.327664,66.892385,-1668.047634,-638.531114,7.644349,False,False,False,False,False,True,False,2-circle,-1.000000,281.160179,44.362875,-67.051417,1.010417,98.296131,100.000000,0.000000,1.703869,1,0,4,0.0000,0.0000,0.0000,0.5000,"HeadOnBreak",0.012793
231,B0100,defensive,HABFM,4198.232206,140.765883,18.347029,157.919754,-141.480351,14762.855348,272.753907,18056.327664,66.892385,-1668.047634,-638.531114,7.644349,False,False,False,False,False,True,False,2-circle,-1.000000,281.160179,44.362875,-67.051417,1.010417,100.000000,98.296131,1.703869,0.000000,2,0,3,0.0000,0.0000,0.0000,0.5000,"LeadPursuit",0.029734
232,A0100,adaptive_eagle_v11,HABFM,4412.727821,139.437000,19.274803,157.447157,-139.988216,14755.880891,272.704355,18048.156647,-40.855086,-1705.251593,-632.134204,9.503687,False,False,False,False,False,True,False,2-circle,-1.000000,275.505074,36.392115,-71.187409,1.532486,98.296131,100.000000,0.000000,1.703869,1,0,4,0.0000,0.0000,0.0000,0.5000,"HeadOnBreak",0.013830
232,B0100,defensive,HABFM,4412.727821,139.437000,19.274803,157.447157,-139.988216,14755.880891,272.704355,18048.156647,-40.855086,-1705.251593,-632.134204,9.503687,False,False,False,False,False,True,False,2-circle,-1.000000,275.505074,36.392115,-71.187409,1.532486,100.000000,98.296131,1.703869,0.000000,2,0,3,0.0000,0.0000,0.0000,0.5000,"LeadPursuit",0.036493
233,A0100,adaptive_eagle_v11,HABFM,4624.579195,137.747446,20.352197,156.851749,-138.188272,14749.857666,272.413947,18035.125164,-65.157411,-1741.463249,-623.208012,17.747215,False,False,False,False,False,True,False,2-circle,-1.000000,268.393327,24.941057,-79.649746,1.739360,98.296131,100.000000,0.000000,1.703869,1,0,4,0.0000,0.0000,0.0000,0.5000,"HeadOnBreak",0.026152
233,B0100,defensive,HABFM,4624.579195,137.747446,20.352197,156.851749,-138.188272,14749.857666,272.413947,18035.125164,-65.157411,-1741.463249,-623.208012,17.747215,False,False,False,False,False,True,False,2-circle,-1.000000,268.393327,24.941057,-79.649746,1.739360,100.000000,98.296131,1.703869,0.000000,2,0,3,0.0000,0.0000,0.0000,0.5000,"LeadPursuit",0.027498
234,A0100,adaptive_eagle_v11,HABFM,4832.995852,136.437524,22.229070,157.285257,-136.851686,14743.990534,272.782930,18038.163786,15.193109,-1708.302117,-612.785338,30.300996,False,False,False,False,False,True,False,2-circle,-1.000000,261.126754,18.355618,-83.901731,1.594285,98.296131,100.000000,0.000000,1.703869,1,0,4,0.0000,0.0000,0.0000,0.5000,"HeadOnBreak",0.026630
234,B0100,defensive,HABFM,4832.995852,136.437524,22.229070,157.285257,-136.851686,14743.990534,272.782930,18038.163786,15.193109,-1708.302117,-612.785338,30.300996,False,False,False,False,False,True,False,2-circle,-1.000000,261.126754,18.355618,-83.901731,1.594285,100.000000,98.296131,1.703869,0.000000,2,0,3,0.0000,0.0000,0.0000,0.5000,"LeadPursuit",0.011705
235,A0100,adaptive_eagle_v11,HABFM,5038.384584,135.883271,23.978380,158.115800,-136.291652,14737.706891,274.037707,18062.255655,120.459346,-1656.057320,-606.423890,15.317651,False,False,False,False,False,True,False,2-circle,-1.000000,253.904983,22.293806,-78.116963,1.396052,98.296131,100.000000,0.000000,1.703869,1,0,4,0.0000,0.0000,0.0000,0.5000,"HeadOnBreak",0.014513
235,B0100,defensive,HABFM,5038.384584,135.883271,23.978380,158.115800,-136.291652,14737.706891,274.037707,18062.255655,120.459346,-1656.057320,-606.423890,15.317651,False,False,False,False,False,True,False,2-circle,-1.000000,253.904983,22.293806,-78.116963,1.396052,100.000000,98.296131,1.703869,0.000000,2,0,3,0.0000,0.0000,0.0000,0.5000,"LeadPursuit",0.014702
236,A0100,adaptive_eagle_v11,HABFM,5242.264254,135.224855,24.937680,158.203843,-135.598877,14731.146026,275.080240,18081.038356,93.913503,-1657.963910,-602.603122,10.565230,False,False,False,False,False,True,False,2-circle,-1.000000,246.193741,25.823380,-73.091708,1.406066,98.296131,100.000000,0.000000,1.703869,1,0,4,0.0000,0.0000,0.0000,0.5000,"HeadOnBreak",0.016158
236,B0100,defensive,HABFM,5242.264254,135.224855,24.937680,158.203843,-135.598877,14731.146026,275.080240,18081.038356,93.913503,-1657.963910,-602.603122,10.565230,False,False,False,False,False,True,False,2-circle,-1.000000,246.193741,25.823380,-73.091708,1.406066,100.000000,98.296131,1.703869,0.000000,2,0,3,0.0000,0.0000,0.0000,0.5000,"LeadPursuit",0.032739
237,A0100,adaptive_eagle_v11,HABFM,5444.122891,133.768860,26.039803,157.925986,-134.075130,14724.908225,275.130363,18076.021437,-25.084593,-1684.356555,-593.641352,12.402083,False,False,False,False,False,True,False,2-circle,-1.000000,237.781180,22.194834,-75.482830,1.543303,98.296131,100.000000,0.000000,1.703869,1,0,4,0.0000,0.0000,0.0000,0.5000,"HeadOnBreak",0.029468
237,B0100,defensive,HABFM,5444.122891,133.768860,26.039803,157.925986,-134.075130,14724.908225,275.130363,18076.021437,-25.084593,-1684.356555,-593.641352,12.402083,False,False,False,False,False,True,False,2-circle,-1.000000,237.781180,22.194834,-75.482830,1.543303,100.000000,98.296131,1.703869,0.000000,2,0,3,0.0000,0.0000,0.0000,0.5000,"LeadPursuit",0.040655
238,A0100,adaptive_eagle_v11,HABFM,5641.825044,131.963858,27.931730,158.059160,-132.224297,14719.170976,274.861908,18063.747758,-61.368398,-1676.335281,-578.892593,23.755392,False,False,False,False,False,True,False,2-circle,-1.000000,229.048468,14.352536,-82.293292,1.488975,98.296131,100.000000,0.000000,1.703869,1,0,4,0.0000,0.0000,0.0000,0.5000,"HeadOnBreak",0.029165
238,B0100,defensive,HABFM,5641.825044,131.963858,27.931730,158.059160,-132.224297,14719.170976,274.861908,18063.747758,-61.368398,-1676.335281,-578.892593,23.755392,False,False,False,False,False,True,False,2-circle,-1.000000,229.048468,14.352536,-82.293292,1.488975,100.000000,98.296131,1.703869,0.000000,2,0,3,0.0000,0.0000,0.0000,0.5000,"LeadPursuit",0.030588
239,A0100,adaptive_eagle_v11,HABFM,5834.661281,130.603413,29.691280,158.183693,-130.862504,14713.298741,275.241859,18067.128577,16.904098,-1658.075598,-566.867608,39.938816,False,False,False,False,False,True,False,2-circle,-1.000000,220.286295,10.378522,-85.403917,1.192314,98.296131,100.000000,0.000000,1.703869,1,0,4,0.0000,0.0000,0.0000,0.5000,"HeadOnBreak",0.015849
239,B0100,defensive,HABFM,5834.661281,130.603413,29.691280,158.183693,-130.862504,14713.298741,275.241859,18067.128577,16.904098,-1658.075598,-566.867608,39.938816,False,False,False,False,False,True,False,2-circle,-1.000000,220.286295,10.378522,-85.403917,1.192314,100.000000,98.296131,1.703869,0.000000,2,0,3,0.0000,0.0000,0.0000,0.5000,"LeadPursuit",0.013780
240,A0100,adaptive_eagle_v11,HABFM,6024.779137,129.997839,30.649149,158.262411,-130.262213,14706.861252,276.501161,18091.450553,121.609878,-1653.955680,-562.511282,16.713003,False,False,False,False,False,True,False,2-circle,-1.000000,211.489109,15.883540,-79.171675,0.922194,98.296131,100.000000,0.000000,1.703869,1,0,4,0.0000,0.0000,0.0000,0.5000,"HeadOnBreak",0.017901
240,B0100,defensive,HABFM,6024.779137,129.997839,30.649149,158.262411,-130.262213,14706.861252,276.501161,18091.450553,121.609878,-1653.955680,-562.511282,16.713003,False,False,False,False,False,True,False,2-circle,-1.000000,211.489109,15.883540,-79.171675,0.922194,100.000000,98.296131,1.703869,0.000000,2,0,3,0.0000,0.0000,0.0000,0.5000,"LeadPursuit",0.017440
241,A0100,adaptive_eagle_v11,HABFM,6213.604647,129.261113,31.742103,158.581083,-129.508699,14700.060090,277.527810,18109.830020,91.897336,-1645.722998,-556.415713,11.263880,False,False,False,False,False,True,False,2-circle,-1.000000,202.820412,20.232655,-74.208440,0.906916,98.296131,100.000000,0.000000,1.703869,1,0,4,0.0000,0.0000,0.0000,0.5000,"HeadOnBreak",0.032447
241,B0100,defensive,HABFM,6213.604647,129.261113,31.742103,158.581083,-129.508699,14700.060090,277.527810,18109.830020,91.897336,-1645.722998,-556.415713,11.263880,False,False,False,False,False,True,False,2-circle,-1.000000,202.820412,20.232655,-74.208440,0.906916,100.000000,98.296131,1.703869,0.000000,2,0,3,0.0000,0.0000,0.0000,0.5000,"LeadPursuit",0.036895
242,A0100,adaptive_eagle_v11,HABFM,6398.853219,127.724423,33.628252,159.053534,-127.932653,14693.482767,277.555183,18103.925332,-29.523442,-1627.111499,-541.482504,13.683407,False,False,False,False,False,True,False,2-circle,-1.000000,194.294099,17.022658,-76.894668,1.021072,98.296131,100.000000,0.000000,1.703869,1,0,4,0.0000,0.0000,0.0000,0.5000,"HeadOnBreak",0.031793
242,B0100,defensive,HABFM,6398.853219,127.724423,33.628252,159.053534,-127.932653,14693.482767,277.555183,18103.925332,-29.523442,-1627.111499,-541.482504,13.683407,False,False,False,False,False,True,False,2-circle,-1.000000,194.294099,17.022658,-76.894668,1.021072,100.000000,98.296131,1.703869,0.000000,2,0,3,0.0000,0.0000,0.0000,0.5000,"LeadPursuit",0.045196
243,A0100,adaptive_eagle_v11,HABFM,6578.430573,125.865688,35.390442,158.880988,-126.050645,14687.254691,277.283178,18091.016045,-64.546435,-1632.712278,-525.098828,30.418196,False,False,False,False,False,True,False,2-circle,-1.000000,185.463616,9.443707,-84.015234,0.917150,98.296131,100.000000,0.000000,1.703869,1,0,4,0.0000,0.0000,0.0000,0.5000,"HeadOnBreak",0.017215
243,B0100,defensive,HABFM,6578.430573,125.865688,35.390442,158.880988,-126.050645,14687.254691,277.283178,18091.016045,-64.546435,-1632.712278,-525.098828,30.418196,False,False,False,False,False,True,False,2-circle,-1.000000,185.463616,9.443707,-84.015234,0.917150,100.000000,98.296131,1.703869,0.000000,2,0,0,0.0000,0.0000,0.0000,0.5000,"Pursue",0.034402
244,A0100,adaptive_eagle_v11,HABFM,6753.497373,124.464149,36.342300,158.251781,-124.656866,14680.707389,277.669514,18093.960215,14.720851,-1660.407419,-515.346412,66.773159,False,False,False,False,False,True,False,2-circle,-1.000000,176.519198,5.789572,-87.269214,0.539471,98.296131,100.000000,0.000000,1.703869,1,0,4,0.0000,0.0000,0.0000,0.5000,"HeadOnBreak",0.019523
244,B0100,defensive,HABFM,6753.497373,124.464149,36.342300,158.251781,-124.656866,14680.707389,277.669514,18093.960215,14.720851,-1660.407419,-515.346412,66.773159,False,False,False,False,False,True,False,2-circle,-1.000000,176.519198,5.789572,-87.269214,0.539471,100.000000,98.296131,1.703869,0.000000,2,0,0,0.0000,0.0000,0.0000,0.5000,"Pursue",0.014843
245,A0100,adaptive_eagle_v11,HABFM,6926.010068,123.865897,37.420943,158.594270,-124.071254,14673.434570,277.465453,18081.672407,-61.439040,-1696.442948,-508.150553,20.034372,False,False,False,False,False,True,False,2-circle,-1.000000,168.208705,11.759565,-80.959858,0.175537,98.296131,100.000000,0.000000,1.703869,1,0,4,0.0000,0.0000,0.0000,0.5000,"HeadOnBreak",0.035497
245,B0100,defensive,HABFM,6926.010068,123.865897,37.420943,158.594270,-124.071254,14673.434570,277.465453,18081.672407,-61.439040,-1696.442948,-508.150553,20.034372,False,False,False,False,False,True,False,2-circle,-1.000000,168.208705,11.759565,-80.959858,0.175537,100.000000,98.296131,1.703869,0.000000,2,0,0,0.0000,0.0000,0.0000,0.5000,"Pursue",0.009728
246,A0100,adaptive_eagle_v11,HABFM,7095.608878,123.484396,39.301107,159.960230,-123.692440,14665.610730,277.143045,18065.932584,-78.699118,-1688.848746,-497.274753,10.060187,False,False,False,False,False,True,False,2-circle,-1.000000,160.998997,20.038729,-72.398861,0.228641,98.296131,100.000000,0.000000,1.703869,1,0,4,0.0000,0.0000,0.0000,0.5000,"HeadOnBreak",0.034856
246,B0100,defensive,HABFM,7095.608878,123.484396,39.301107,159.960230,-123.692440,14665.610730,277.143045,18065.932584,-78.699118,-1688.848746,-497.274753,10.060187,False,False,False,False,False,True,False,2-circle,-1.000000,160.998997,20.038729,-72.398861,0.228641,100.000000,98.296131,1.703869,0.000000,2,0,0,0.0000,0.0000,0.0000,0.5000,"Pursue",0.020655
247,A0100,adaptive_eagle_v11,HABFM,7261.045433,122.695272,41.073412,160.827727,-122.878561,14657.772381,276.195247,18034.876567,-155.280083,-1716.693367,-484.418451,8.046363,False,False,False,False,False,True,False,2-circle,-1.000000,154.052836,23.894922,-68.297019,0.708617,98.296131,100.000000,0.000000,1.703869,2,6,4,0.0000,0.0000,0.0000,0.5000,"ExtensionBreak",0.016408
247,B0100,defensive,HABFM,7261.045433,122.695272,41.073412,160.827727,-122.878561,14657.772381,276.195247,18034.876567,-155.280083,-1716.693367,-484.418451,8.046363,False,False,False,False,False,True,False,2-circle,-1.000000,154.052836,23.894922,-68.297019,0.708617,100.000000,98.296131,1.703869,0.000000,2,0,0,0.0000,0.0000,0.0000,0.5000,"Pursue",0.040801
248,A0100,adaptive_eagle_v11,HABFM,7422.252756,121.153849,41.905012,160.349778,-121.295200,14650.667365,274.393734,17983.860182,-255.081926,-1832.697466,-472.545890,10.430476,False,False,False,False,False,True,False,2-circle,-1.000000,146.066336,19.132295,-72.827380,1.216492,98.296131,100.000000,0.000000,1.703869,2,6,4,0.0000,0.0000,0.0000,0.5000,"ExtensionBreak",-0.005888
248,B0100,defensive,HABFM,7422.252756,121.153849,41.905012,160.349778,-121.295200,14650.667365,274.393734,17983.860182,-255.081926,-1832.697466,-472.545890,10.430476,False,False,False,False,False,True,False,2-circle,-1.000000,146.066336,19.132295,-72.827380,1.216492,100.000000,98.296131,1.703869,0.000000,2,0,0,0.0000,0.0000,0.0000,0.5000,"Pursue",0.050174
249,A0100,adaptive_eagle_v11,HABFM,7580.079261,119.287784,41.642690,158.494658,-119.405005,14644.357770,272.301905,17926.923393,-284.683943,-2020.460623,-465.144645,21.799005,False,False,False,False,False,True,False,2-circle,-1.000000,137.014947,10.212671,-81.526170,1.363829,98.296131,100.000000,0.000000,1.703869,2,6,4,0.0000,0.0000,0.0000,0.5000,"ExtensionBreak",-0.015700
249,B0100,defensive,HABFM,7580.079261,119.287784,41.642690,158.494658,-119.405005,14644.357770,272.301905,17926.923393,-284.683943,-2020.460623,-465.144645,21.799005,False,False,False,False,False,True,False,2-circle,-1.000000,137.014947,10.212671,-81.526170,1.363829,100.000000,98.296131,1.703869,0.000000,2,0,0,0.0000,0.0000,0.0000,0.5000,"Pursue",0.039191
250,A0100,adaptive_eagle_v11,HABFM,7736.287242,117.853213,40.892439,156.336794,-117.972597,14638.006476,270.894657,17886.731364,-200.960146,-2208.416459,-463.110568,43.857077,False,False,False,False,False,True,False,2-circle,-1.000000,127.617668,5.793375,-85.743128,1.121389,98.296131,100.000000,0.000000,1.703869,2,6,4,0.0000,0.0000,0.0000,0.5000,"ExtensionBreak",-0.020615
250,B0100,defensive,HABFM,7736.287242,117.853213,40.892439,156.336794,-117.972597,14638.006476,270.894657,17886.731364,-200.960146,-2208.416459,-463.110568,43.857077,False,False,False,False,False,True,False,2-circle,-1.000000,127.617668,5.793375,-85.743128,1.121389,100.000000,98.296131,1.703869,0.000000,2,0,0,0.0000,0.0000,0.0000,0.5000,"Pursue",0.018979
251,A0100,adaptive_eagle_v11,HABFM,7892.870793,117.170607,39.880748,154.514633,-117.296277,14631.074337,270.391941,17867.752714,-94.893253,-2381.641748,-467.005764,18.206539,False,False,False,False,False,True,False,2-circle,-1.000000,118.198318,11.537767,-79.815835,0.812170,98.296131,100.000000,0.000000,1.703869,1,0,4,0.0000,0.0000,0.0000,0.5000,"HeadOnBreak",-0.020558
251,B0100,defensive,HABFM,7892.870793,117.170607,39.880748,154.514633,-117.296277,14631.074337,270.391941,17867.752714,-94.893253,-2381.641748,-467.005764,18.206539,False,False,False,False,False,True,False,2-circle,-1.000000,118.198318,11.537767,-79.815835,0.812170,100.000000,98.296131,1.703869,0.000000,2,0,0,0.0000,0.0000,0.0000,0.5000,"Pursue",0.023467
252,A0100,adaptive_eagle_v11,HABFM,8050.905641,116.345073,38.873879,152.809150,-116.465070,14623.731758,269.689902,17843.624689,-120.640123,-2540.124480,-469.512675,11.862524,False,False,False,False,False,True,False,2-circle,-1.000000,108.558886,16.638411,-74.546843,0.723657,98.296131,100.000000,0.000000,1.703869,1,0,4,0.0000,0.0000,0.0000,0.5000,"HeadOnBreak",-0.016003
252,B0100,defensive,HABFM,8050.905641,116.345073,38.873879,152.809150,-116.465070,14623.731758,269.689902,17843.624689,-120.640123,-2540.124480,-469.512675,11.862524,False,False,False,False,False,True,False,2-circle,-1.000000,108.558886,16.638411,-74.546843,0.723657,100.000000,98.296131,1.703869,0.000000,2,0,0,0.0000,0.0000,0.0000,0.5000,"Pursue",0.047760
253,A0100,adaptive_eagle_v11,HABFM,8208.565010,114.694048,38.127852,151.141876,-114.795706,14616.546044,268.041917,17797.207808,-232.084407,-2667.670324,-464.641057,13.741922,False,False,False,False,False,True,False,2-circle,-1.000000,100.093240,14.544907,-76.499334,0.789318,98.296131,100.000000,0.000000,1.703869,1,0,4,0.0000,0.0000,0.0000,0.5000,"HeadOnBreak",-0.002118
253,B0100,defensive,HABFM,8208.565010,114.694048,38.127852,151.141876,-114.795706,14616.546044,268.041917,17797.207808,-232.084407,-2667.670324,-464.641057,13.741922,False,False,False,False,False,True,False,2-circle,-1.000000,100.093240,14.544907,-76.499334,0.789318,100.000000,98.296131,1.703869,0.000000,2,0,0,0.0000,0.0000,0.0000,0.5000,"Pursue",0.058958
254,A0100,adaptive_eagle_v11,HABFM,8363.438530,112.704694,38.112912,149.983433,-112.796120,14609.683676,266.119819,17744.892665,-261.575715,-2734.083786,-453.134585,26.217895,False,False,False,False,False,True,False,2-circle,-1.000000,95.505729,8.177382,-82.776829,0.697585,98.296131,100.000000,0.000000,1.703869,1,0,4,0.0000,0.0000,0.0000,0.5000,"HeadOnBreak",0.015885
254,B0100,defensive,HABFM,8363.438530,112.704694,38.112912,149.983433,-112.796120,14609.683676,266.119819,17744.892665,-261.575715,-2734.083786,-453.134585,26.217895,False,False,False,False,False,True,False,2-circle,-1.000000,95.505729,8.177382,-82.776829,0.697585,100.000000,98.296131,1.703869,0.000000,2,0,0,0.0000,0.0000,0.0000,0.5000,"Pursue",0.046347
255,A0100,adaptive_eagle_v11,HABFM,8513.975021,111.173588,38.998781,149.782966,-111.272448,14602.569237,264.842156,17707.745717,-185.734736,-2742.819746,-439.660789,43.466666,False,False,False,False,False,True,False,2-circle,-1.000000,96.446807,5.317260,-85.607523,0.388781,98.296131,100.000000,0.000000,1.703869,1,0,4,0.0000,0.0000,0.0000,0.5000,"HeadOnBreak",0.029117
255,B0100,defensive,HABFM,8513.975021,111.173588,38.998781,149.782966,-111.272448,14602.569237,264.842156,17707.745717,-185.734736,-2742.819746,-439.660789,43.466666,False,False,False,False,False,True,False,2-circle,-1.000000,96.446807,5.317260,-85.607523,0.388781,100.000000,98.296131,1.703869,0.000000,2,0,0,0.0000,0.0000,0.0000,0.5000,"Pursue",0.023128
256,A0100,adaptive_eagle_v11,HABFM,8660.247756,110.415457,40.507306,150.697691,-110.526837,14594.817291,264.435686,17690.469663,-86.380271,-2715.520935,-427.696032,18.114184,False,False,False,False,False,True,False,2-circle,-1.000000,101.983170,11.400364,-79.539879,0.109029,98.296131,100.000000,0.000000,1.703869,2,6,4,0.0000,0.0000,0.0000,0.5000,"ExtensionBreak",0.024525
256,B0100,defensive,HABFM,8660.247756,110.415457,40.507306,150.697691,-110.526837,14594.817291,264.435686,17690.469663,-86.380271,-2715.520935,-427.696032,18.114184,False,False,False,False,False,True,False,2-circle,-1.000000,101.983170,11.400364,-79.539879,0.109029,100.000000,98.296131,1.703869,0.000000,2,0,0,0.0000,0.0000,0.0000,0.5000,"Pursue",0.026663
257,A0100,adaptive_eagle_v11,HABFM,8802.769839,109.557779,41.730741,151.096853,-109.673816,14586.611438,263.855367,17668.691558,-108.890528,-2731.339406,-417.106882,12.013638,False,False,False,False,False,True,False,2-circle,-1.000000,109.818869,16.564305,-74.410891,0.063074,98.296131,100.000000,0.000000,1.703869,2,0,3,0.0000,0.0000,0.0000,0.5000,"LeadPursuit",0.003628
257,B0100,defensive,HABFM,8802.769839,109.557779,41.730741,151.096853,-109.673816,14586.611438,263.855367,17668.691558,-108.890528,-2731.339406,-417.106882,12.013638,False,False,False,False,False,True,False,2-circle,-1.000000,109.818869,16.564305,-74.410891,0.063074,100.000000,98.296131,1.703869,0.000000,2,0,0,0.0000,0.0000,0.0000,0.5000,"Pursue",0.053443
258,A0100,adaptive_eagle_v11,HABFM,8941.976883,107.890609,41.910911,149.645924,-107.998836,14578.502848,262.348142,17625.471901,-216.098285,-2835.652094,-407.893689,13.880701,False,False,False,False,False,True,False,2-circle,-1.000000,117.950243,14.660795,-76.349742,0.154539,98.296131,100.000000,0.000000,1.703869,1,0,4,0.0000,0.0000,0.0000,0.5000,"SmartHighYoYo",0.010777
258,B0100,defensive,HABFM,8941.976883,107.890609,41.910911,149.645924,-107.998836,14578.502848,262.348142,17625.471901,-216.098285,-2835.652094,-407.893689,13.880701,False,False,False,False,False,True,False,2-circle,-1.000000,117.950243,14.660795,-76.349742,0.154539,100.000000,98.296131,1.703869,0.000000,2,0,0,0.0000,0.0000,0.0000,0.5000,"Pursue",0.066446
259,A0100,adaptive_eagle_v11,HABFM,9077.573255,105.880426,42.448473,148.219647,-105.984562,14570.669699,260.551384,17576.045796,-247.130523,-2928.212112,-394.563913,25.827863,False,False,False,False,False,True,False,2-circle,-1.000000,126.159367,8.530964,-82.513635,0.085675,98.296131,100.000000,0.000000,1.703869,1,0,4,0.0000,0.0000,0.0000,0.5000,"SmartHighYoYo",0.032909
259,B0100,defensive,HABFM,9077.573255,105.880426,42.448473,148.219647,-105.984562,14570.669699,260.551384,17576.045796,-247.130523,-2928.212112,-394.563913,25.827863,False,False,False,False,False,True,False,2-circle,-1.000000,126.159367,8.530964,-82.513635,0.085675,100.000000,98.296131,1.703869,0.000000,2,0,0,0.0000,0.0000,0.0000,0.5000,"Pursue",0.052195
260,A0100,adaptive_eagle_v11,HABFM,9207.908410,104.336789,44.051888,148.308383,-104.451094,14562.570693,259.380569,17540.997534,-175.241312,-2936.952745,-377.423917,42.130118,False,False,False,False,False,True,False,2-circle,-1.000000,135.791960,5.715068,-85.373386,-0.198348,98.296131,100.000000,0.000000,1.703869,1,0,4,0.0000,0.0000,0.0000,0.5000,"SmartHighYoYo",0.042418
260,B0100,defensive,HABFM,9207.908410,104.336789,44.051888,148.308383,-104.451094,14562.570693,259.380569,17540.997534,-175.241312,-2936.952745,-377.423917,42.130118,False,False,False,False,False,True,False,2-circle,-1.000000,135.791960,5.715068,-85.373386,-0.198348,100.000000,98.296131,1.703869,0.000000,2,0,0,0.0000,0.0000,0.0000,0.5000,"Pursue",0.025874
261,A0100,adaptive_eagle_v11,HABFM,9332.673807,103.574789,46.047096,149.528213,-103.703642,14553.825748,259.065049,17525.010854,-79.933400,-2894.875556,-362.160367,18.452441,False,False,False,False,False,True,False,2-circle,-1.000000,147.121994,11.625220,-79.518171,-0.462136,98.296131,100.000000,0.000000,1.703869,1,0,4,0.0000,0.0000,0.0000,0.5000,"SmartHighYoYo",0.043001
261,B0100,defensive,HABFM,9332.673807,103.574789,46.047096,149.528213,-103.703642,14553.825748,259.065049,17525.010854,-79.933400,-2894.875556,-362.160367,18.452441,False,False,False,False,False,True,False,2-circle,-1.000000,147.121994,11.625220,-79.518171,-0.462136,100.000000,98.296131,1.703869,0.000000,2,0,0,0.0000,0.0000,0.0000,0.5000,"Pursue",0.016919
262,A0100,adaptive_eagle_v11,HABFM,9452.691704,103.077956,47.984247,150.885274,-103.217858,14544.538267,258.971623,17513.580781,-57.150361,-2851.501293,-348.532271,10.044466,False,False,False,False,False,True,False,2-circle,-1.000000,158.673337,19.977741,-71.219591,-0.381603,98.296131,100.000000,0.000000,1.703869,1,0,4,0.0000,0.0000,0.0000,0.5000,"SmartHighYoYo",0.033480
262,B0100,defensive,HABFM,9452.691704,103.077956,47.984247,150.885274,-103.217858,14544.538267,258.971623,17513.580781,-57.150361,-2851.501293,-348.532271,10.044466,False,False,False,False,False,True,False,2-circle,-1.000000,158.673337,19.977741,-71.219591,-0.381603,100.000000,98.296131,1.703869,0.000000,2,0,0,0.0000,0.0000,0.0000,0.5000,"Pursue",0.032376
263,A0100,adaptive_eagle_v11,HABFM,9568.182174,102.168973,49.425834,151.279321,-102.303460,14535.176168,258.299168,17488.819648,-123.805668,-2864.095629,-335.568743,7.981034,False,False,False,False,False,True,False,2-circle,-1.000000,168.385298,24.460029,-66.775356,0.080268,98.296131,100.000000,0.000000,1.703869,1,0,4,0.0000,0.0000,0.0000,0.5000,"SmartHighYoYo",0.022213
263,B0100,defensive,HABFM,9568.182174,102.168973,49.425834,151.279321,-102.303460,14535.176168,258.299168,17488.819648,-123.805668,-2864.095629,-335.568743,7.981034,False,False,False,False,False,True,False,2-circle,-1.000000,168.385298,24.460029,-66.775356,0.080268,100.000000,98.296131,1.703869,0.000000,2,0,0,0.0000,0.0000,0.0000,0.5000,"Pursue",0.060196
264,A0100,adaptive_eagle_v11,HABFM,9679.181331,100.535123,50.355149,150.498756,-100.649652,14526.477164,256.764744,17445.132682,-218.434829,-2947.764309,-321.838511,9.595641,False,False,False,False,False,True,False,2-circle,-1.000000,175.145536,21.000925,-70.250143,0.601583,98.296131,100.000000,0.000000,1.703869,1,0,4,0.0000,0.0000,0.0000,0.5000,"SmartHighYoYo",0.025017
264,B0100,defensive,HABFM,9679.181331,100.535123,50.355149,150.498756,-100.649652,14526.477164,256.764744,17445.132682,-218.434829,-2947.764309,-321.838511,9.595641,False,False,False,False,False,True,False,2-circle,-1.000000,175.145536,21.000925,-70.250143,0.601583,100.000000,98.296131,1.703869,0.000000,2,0,0,0.0000,0.0000,0.0000,0.5000,"Pursue",0.074064
265,A0100,adaptive_eagle_v11,HABFM,9785.065421,98.585643,51.401498,149.536320,-98.685372,14518.634061,254.988543,17397.048944,-240.418690,-3037.721388,-305.581706,16.124228,False,False,False,False,False,True,False,2-circle,-1.000000,179.269301,13.390118,-77.858366,0.857977,98.296131,100.000000,0.000000,1.703869,2,0,4,0.0000,0.0000,0.0000,0.5000,"TacticalLookup",0.027467
265,B0100,defensive,HABFM,9785.065421,98.585643,51.401498,149.536320,-98.685372,14518.634061,254.988543,17397.048944,-240.418690,-3037.721388,-305.581706,16.124228,False,False,False,False,False,True,False,2-circle,-1.000000,179.269301,13.390118,-77.858366,0.857977,100.000000,98.296131,1.703869,0.000000,2,0,0,0.0000,0.0000,0.0000,0.5000,"Pursue",0.058690
266,A0100,adaptive_eagle_v11,HABFM,9885.556945,97.077423,52.548005,149.089054,-97.176777,14510.978379,253.832994,17363.363766,-168.425889,-3099.307035,-291.069087,24.203112,False,False,False,False,False,True,False,2-circle,-1.000000,182.028840,9.430935,-81.806749,0.814298,98.296131,100.000000,0.000000,1.703869,2,0,4,0.0000,0.0000,0.0000,0.5000,"TacticalLookup",0.026166
266,B0100,defensive,HABFM,9885.556945,97.077423,52.548005,149.089054,-97.176777,14510.978379,253.832994,17363.363766,-168.425889,-3099.307035,-291.069087,24.203112,False,False,False,False,False,True,False,2-circle,-1.000000,182.028840,9.430935,-81.806749,0.814298,100.000000,98.296131,1.703869,0.000000,2,0,0,0.0000,0.0000,0.0000,0.5000,"Pursue",0.028651
267,A0100,adaptive_eagle_v11,HABFM,9981.938632,96.349779,53.633931,149.383387,-96.453694,14502.958827,253.525268,17348.432418,-74.656742,-3132.925560,-281.181131,14.595641,False,False,False,False,False,True,False,2-circle,-1.000000,184.668995,14.672648,-76.554721,0.721079,98.296131,100.000000,0.000000,1.703869,2,0,4,0.0000,0.0000,0.0000,0.5000,"TacticalLookup",0.034623
267,B0100,defensive,HABFM,9981.938632,96.349779,53.633931,149.383387,-96.453694,14502.958827,253.525268,17348.432418,-74.656742,-3132.925560,-281.181131,14.595641,False,False,False,False,False,True,False,2-circle,-1.000000,184.668995,14.672648,-76.554721,0.721079,100.000000,98.296131,1.703869,0.000000,2,0,0,0.0000,0.0000,0.0000,0.5000,"Pursue",0.032722
268,A0100,adaptive_eagle_v11,HABFM,10074.910908,95.539211,55.059756,150.037222,-95.641797,14494.645177,253.060408,17329.693500,-93.694591,-3145.296102,-268.294296,10.399957,False,False,False,False,False,True,False,2-circle,-1.000000,187.845151,19.802335,-71.419359,0.776295,98.296131,100.000000,0.000000,1.703869,2,0,3,0.0000,0.0000,0.0000,0.5000,"TacticalLookup",0.055410
268,B0100,defensive,HABFM,10074.910908,95.539211,55.059756,150.037222,-95.641797,14494.645177,253.060408,17329.693500,-93.694591,-3145.296102,-268.294296,10.399957,False,False,False,False,False,True,False,2-circle,-1.000000,187.845151,19.802335,-71.419359,0.776295,100.000000,98.296131,1.703869,0.000000,2,0,0,0.0000,0.0000,0.0000,0.5000,"Pursue",0.066236
269,A0100,adaptive_eagle_v11,HABFM,10161.832360,93.949507,57.272889,150.748711,-94.041018,14486.612829,251.707095,17291.419777,-191.368612,-3139.516317,-245.492897,11.264384,False,False,False,False,False,True,False,2-circle,-1.000000,191.540370,18.550149,-72.670425,0.942815,98.296131,100.000000,0.000000,1.703869,2,0,2,0.0000,0.0000,0.0000,0.5000,"TacticalLookup",0.054513
269,B0100,defensive,HABFM,10161.832360,93.949507,57.272889,150.748711,-94.041018,14486.612829,251.707095,17291.419777,-191.368612,-3139.516317,-245.492897,11.264384,False,False,False,False,False,True,False,2-circle,-1.000000,191.540370,18.550149,-72.670425,0.942815,100.000000,98.296131,1.703869,0.000000,2,0,0,0.0000,0.0000,0.0000,0.5000,"Pursue",0.082440
270,A0100,adaptive_eagle_v11,HABFM,10240.416247,92.034953,59.357302,150.902257,-92.116862,14479.143331,250.059734,17247.356858,-220.314599,-3158.630436,-221.760753,16.660743,False,False,False,False,False,True,False,2-circle,-1.000000,194.740944,13.206233,-78.011473,1.001842,98.296131,100.000000,0.000000,1.703869,2,0,2,0.0000,0.0000,0.0000,0.5000,"TacticalLookup",0.033536
270,B0100,defensive,HABFM,10240.416247,92.034953,59.357302,150.902257,-92.116862,14479.143331,250.059734,17247.356858,-220.314599,-3158.630436,-221.760753,16.660743,False,False,False,False,False,True,False,2-circle,-1.000000,194.740944,13.206233,-78.011473,1.001842,100.000000,98.296131,1.703869,0.000000,2,0,0,0.0000,0.0000,0.0000,0.5000,"Pursue",0.082425
271,A0100,adaptive_eagle_v11,HABFM,10312.090803,90.180168,60.602008,150.231801,-90.259802,14471.816414,248.600913,17207.825261,-197.657985,-3224.817064,-204.247810,41.044982,False,False,False,False,False,True,False,2-circle,-1.000000,197.132462,6.166242,-85.044924,0.728900,98.296131,100.000000,0.000000,1.703869,1,0,4,0.0000,0.0000,0.0000,0.5000,"SmartHighYoYo",-0.182545
271,B0100,defensive,HABFM,10312.090803,90.180168,60.602008,150.231801,-90.259802,14471.816414,248.600913,17207.825261,-197.657985,-3224.817064,-204.247810,41.044982,False,False,False,False,False,True,False,2-circle,-1.000000,197.132462,6.166242,-85.044924,0.728900,100.000000,98.296131,1.703869,0.000000,2,0,0,0.0000,0.0000,0.0000,0.5000,"Pursue",0.063888
272,A0100,adaptive_eagle_v11,HABFM,10378.178872,88.774772,62.070416,150.208855,-88.859040,14463.982240,247.711739,17180.454251,-136.855046,-3255.473257,-187.471455,95.199332,False,False,True,False,False,True,False,2-circle,-1.000000,199.728173,3.355625,-87.851527,0.163440,98.296131,100.000000,0.000000,1.703869,4,0,3,0.0000,0.0000,0.0000,0.5000,"SmartHighYoYo",-0.095011
272,B0100,defensive,HABFM,10378.178872,88.774772,62.070416,150.208855,-88.859040,14463.982240,247.711739,17180.454251,-136.855046,-3255.473257,-187.471455,95.199332,False,False,True,False,False,True,False,2-circle,-1.000000,199.728173,3.355625,-87.851527,0.163440,100.000000,98.296131,1.703869,0.000000,2,0,0,0.0000,0.0000,0.0000,0.5000,"Pursue",0.030157
273,A0100,adaptive_eagle_v11,HABFM,10438.943366,88.114186,63.539966,150.906115,-88.204812,14455.322122,247.599136,17169.325018,-55.646168,-3258.943909,-174.530580,25.457535,False,False,True,False,False,True,False,2-circle,-1.000000,203.251744,9.200286,-82.009526,-0.390063,98.296131,100.000000,0.000000,1.703869,1,0,4,0.0000,0.0000,0.0000,0.5000,"SmartHighYoYo",-0.051394
273,B0100,defensive,HABFM,10438.943366,88.114186,63.539966,150.906115,-88.204812,14455.322122,247.599136,17169.325018,-55.646168,-3258.943909,-174.530580,25.457535,False,False,True,False,False,True,False,2-circle,-1.000000,203.251744,9.200286,-82.009526,-0.390063,100.000000,98.296131,1.703869,0.000000,2,0,0,0.0000,0.0000,0.0000,0.5000,"Pursue",0.020966
274,A0100,adaptive_eagle_v11,HABFM,10495.989359,87.658224,65.019901,151.872456,-87.753565,14445.962717,247.644718,17160.964988,-41.800147,-3253.300056,-162.448767,12.016894,False,False,True,False,False,True,False,2-circle,-1.000000,207.656382,17.778911,-73.439515,-0.582313,98.296131,100.000000,0.000000,1.703869,1,0,4,0.0000,0.0000,0.0000,0.5000,"SmartHighYoYo",-0.125929
274,B0100,defensive,HABFM,10495.989359,87.658224,65.019901,151.872456,-87.753565,14445.962717,247.644718,17160.964988,-41.800147,-3253.300056,-162.448767,12.016894,False,False,True,False,False,True,False,2-circle,-1.000000,207.656382,17.778911,-73.439515,-0.582313,100.000000,98.296131,1.703869,0.000000,2,0,0,0.0000,0.0000,0.0000,0.5000,"Pursue",0.043747
275,A0100,adaptive_eagle_v11,HABFM,10547.635592,86.749241,67.282521,153.229097,-86.841885,14436.348013,247.117040,17139.792429,-105.862799,-3214.794510,-142.137486,8.960464,False,False,True,False,False,True,False,2-circle,-1.000000,212.831065,23.018103,-68.214227,-0.338135,98.296131,100.000000,0.000000,1.703869,1,0,4,0.0000,0.0000,0.0000,0.5000,"SmartHighYoYo",-0.274042
275,B0100,defensive,HABFM,10547.635592,86.749241,67.282521,153.229097,-86.841885,14436.348013,247.117040,17139.792429,-105.862799,-3214.794510,-142.137486,8.960464,False,False,True,False,False,True,False,2-circle,-1.000000,212.831065,23.018103,-68.214227,-0.338135,100.000000,98.296131,1.703869,0.000000,2,0,0,0.0000,0.0000,0.0000,0.5000,"Pursue",0.081417
276,A0100,adaptive_eagle_v11,HABFM,10591.356487,85.118575,69.708892,153.980411,-85.200996,14427.183732,245.771862,17101.275941,-192.582439,-3199.201783,-116.825828,10.115092,False,False,True,False,False,True,False,2-circle,-1.000000,217.366547,20.839564,-70.404066,0.058504,98.296131,100.000000,0.000000,1.703869,1,0,4,0.0000,0.0000,0.0000,0.5000,"SmartHighYoYo",-0.345606
276,B0100,defensive,HABFM,10591.356487,85.118575,69.708892,153.980411,-85.200996,14427.183732,245.771862,17101.275941,-192.582439,-3199.201783,-116.825828,10.115092,False,False,True,False,False,True,False,2-circle,-1.000000,217.366547,20.839564,-70.404066,0.058504,100.000000,98.296131,1.703869,0.000000,2,0,0,0.0000,0.0000,0.0000,0.5000,"Pursue",0.097744
277,A0100,adaptive_eagle_v11,HABFM,10626.793679,83.230386,71.508863,153.709210,-83.303455,14418.716986,244.227095,17059.299509,-209.882162,-3235.295701,-94.808234,15.503109,False,False,True,False,False,True,False,2-circle,-1.000000,219.501768,14.398901,-76.843688,0.297672,98.296131,100.000000,0.000000,1.703869,1,0,4,0.0000,0.0000,0.0000,0.5000,"SmartHighYoYo",-0.353624
277,B0100,defensive,HABFM,10626.793679,83.230386,71.508863,153.709210,-83.303455,14418.716986,244.227095,17059.299509,-209.882162,-3235.295701,-94.808234,15.503109,False,False,True,False,False,True,False,2-circle,-1.000000,219.501768,14.398901,-76.843688,0.297672,100.000000,98.296131,1.703869,0.000000,2,0,0,0.0000,0.0000,0.0000,0.5000,"Pursue",0.098281
278,A0100,adaptive_eagle_v11,HABFM,10655.735630,81.395204,72.628448,152.772989,-81.462683,14410.448820,242.873493,17021.842178,-187.286651,-3314.163060,-78.132308,39.011368,False,False,True,False,False,True,False,2-circle,-1.000000,219.367055,6.566535,-84.663613,0.137433,98.296131,100.000000,0.000000,1.703869,1,0,4,0.0000,0.0000,0.0000,0.5000,"SmartHighYoYo",-0.254593
278,B0100,defensive,HABFM,10655.735630,81.395204,72.628448,152.772989,-81.462683,14410.448820,242.873493,17021.842178,-187.286651,-3314.163060,-78.132308,39.011368,False,False,True,False,False,True,False,2-circle,-1.000000,219.367055,6.566535,-84.663613,0.137433,100.000000,98.296131,1.703869,0.000000,2,0,0,0.0000,0.0000,0.0000,0.5000,"Pursue",0.075719
279,A0100,adaptive_eagle_v11,HABFM,10679.469682,80.015960,73.724887,152.201979,-80.080465,14401.686718,242.087182,16996.198499,-128.218398,-3377.542378,-63.915393,106.046705,False,False,True,False,False,True,False,2-circle,-1.000000,218.231506,3.188047,-88.025472,-0.383108,98.296131,100.000000,0.000000,1.703869,1,0,4,0.0000,0.0000,0.0000,0.5000,"SmartHighYoYo",-0.077690
279,B0100,defensive,HABFM,10679.469682,80.015960,73.724887,152.201979,-80.080465,14401.686718,242.087182,16996.198499,-128.218398,-3377.542378,-63.915393,106.046705,False,False,True,False,False,True,False,2-circle,-1.000000,218.231506,3.188047,-88.025472,-0.383108,100.000000,98.296131,1.703869,0.000000,2,0,0,0.0000,0.0000,0.0000,0.5000,"Pursue",0.034845
280,A0100,adaptive_eagle_v11,HABFM,10698.598843,79.385180,75.299051,152.855884,-79.447690,14392.080147,242.069139,16986.205208,-49.966455,-3385.041807,-49.792786,27.980024,False,False,True,False,False,True,False,2-circle,-1.000000,217.147882,8.644526,-82.553973,-0.949065,98.296131,100.000000,0.000000,1.703869,1,0,4,0.0000,0.0000,0.0000,0.5000,"SmartHighYoYo",-0.004882
280,B0100,defensive,HABFM,10698.598843,79.385180,75.299051,152.855884,-79.447690,14392.080147,242.069139,16986.205208,-49.966455,-3385.041807,-49.792786,27.980024,False,False,True,False,False,True,False,2-circle,-1.000000,217.147882,8.644526,-82.553973,-0.949065,100.000000,98.296131,1.703869,0.000000,2,0,0,0.0000,0.0000,0.0000,0.5000,"Pursue",0.023462
281,A0100,adaptive_eagle_v11,HABFM,10712.259579,78.964458,77.634825,154.402573,-79.024593,14381.731977,242.216859,16979.024065,-35.905711,-3337.414506,-30.982121,12.768391,False,False,True,False,False,True,False,2-circle,-1.000000,216.463124,17.161895,-74.025119,-1.199183,98.296131,100.000000,0.000000,1.703869,4,0,3,0.0000,0.0000,0.0000,0.5000,"SmartHighYoYo",-0.116740
281,B0100,defensive,HABFM,10712.259579,78.964458,77.634825,154.402573,-79.024593,14381.731977,242.216859,16979.024065,-35.905711,-3337.414506,-30.982121,12.768391,False,False,True,False,False,True,False,2-circle,-1.000000,216.463124,17.161895,-74.025119,-1.199183,100.000000,98.296131,1.703869,0.000000,2,0,0,0.0000,0.0000,0.0000,0.5000,"Pursue",0.052351
282,A0100,adaptive_eagle_v11,HABFM,10719.256927,78.070086,79.686457,155.192207,-78.124409,14371.063571,241.795358,16959.324012,-98.500266,-3334.161716,-11.975154,9.312906,False,False,True,False,False,True,False,2-circle,-1.000000,215.116809,22.639219,-68.534115,-1.023903,98.296131,100.000000,0.000000,1.703869,1,0,4,0.0000,0.0000,0.0000,0.5000,"SmartHighYoYo",-0.305316
282,B0100,defensive,HABFM,10719.256927,78.070086,79.686457,155.192207,-78.124409,14371.063571,241.795358,16959.324012,-98.500266,-3334.161716,-11.975154,9.312906,False,False,True,False,False,True,False,2-circle,-1.000000,215.116809,22.639219,-68.534115,-1.023903,100.000000,98.296131,1.703869,0.000000,2,0,0,0.0000,0.0000,0.0000,0.5000,"Pursue",0.098240
283,A0100,adaptive_eagle_v11,HABFM,10720.270038,76.454366,80.927674,154.797830,-76.499417,14360.765142,240.581660,16923.107134,-181.084391,-3408.921676,4.517830,10.222262,False,False,True,False,False,True,False,2-circle,-1.000000,212.049860,20.953943,-70.197710,-0.672776,98.296131,100.000000,0.000000,1.703869,1,0,4,0.0000,0.0000,0.0000,0.5000,"SmartHighYoYo",-0.359024
283,B0100,defensive,HABFM,10720.270038,76.454366,80.927674,154.797830,-76.499417,14360.765142,240.581660,16923.107134,-181.084391,-3408.921676,4.517830,10.222262,False,False,True,False,False,True,False,2-circle,-1.000000,212.049860,20.953943,-70.197710,-0.672776,100.000000,98.296131,1.703869,0.000000,2,0,0,0.0000,0.0000,0.0000,0.5000,"Pursue",0.115238
284,A0100,adaptive_eagle_v11,HABFM,10715.836111,74.630966,81.971163,154.106497,-74.666190,14351.098407,239.213629,16884.382511,-193.623115,-3499.817102,20.474603,14.983747,False,False,True,False,False,True,False,2-circle,-1.000000,207.474487,15.000581,-76.122530,-0.435887,98.296131,100.000000,0.000000,1.703869,1,0,4,0.0000,0.0000,0.0000,0.5000,"SmartHighYoYo",-0.322327
284,B0100,defensive,HABFM,10715.836111,74.630966,81.971163,154.106497,-74.666190,14351.098407,239.213629,16884.382511,-193.623115,-3499.817102,20.474603,14.983747,False,False,True,False,False,True,False,2-circle,-1.000000,207.474487,15.000581,-76.122530,-0.435887,100.000000,98.296131,1.703869,0.000000,2,0,0,0.0000,0.0000,0.0000,0.5000,"Pursue",0.113869
285,A0100,adaptive_eagle_v11,HABFM,10705.706956,72.893225,83.449547,153.876781,-72.917135,14341.613310,238.049831,16850.308019,-170.372459,-3548.960113,39.196572,32.894519,False,False,True,False,False,True,False,2-circle,-1.000000,202.569323,7.546362,-83.547723,-0.554006,98.296131,100.000000,0.000000,1.703869,1,0,4,0.0000,0.0000,0.0000,0.5000,"SmartHighYoYo",-0.202976
285,B0100,defensive,HABFM,10705.706956,72.893225,83.449547,153.876781,-72.917135,14341.613310,238.049831,16850.308019,-170.372459,-3548.960113,39.196572,32.894519,False,False,True,False,False,True,False,2-circle,-1.000000,202.569323,7.546362,-83.547723,-0.554006,100.000000,98.296131,1.703869,0.000000,2,0,0,0.0000,0.0000,0.0000,0.5000,"Pursue",0.091501
286,A0100,adaptive_eagle_v11,DBFM,10688.480630,71.535331,85.725648,154.561668,-71.544674,14331.681780,237.358641,16825.829377,-122.393210,-3534.579334,61.977706,65.801357,False,False,True,False,False,True,False,2-circle,-1.000000,198.555917,4.316711,-86.754509,-1.002900,98.296131,100.000000,0.000000,1.703869,1,0,4,0.0000,0.0000,0.0000,0.5000,"SmartHighYoYo",-0.042923
286,B0100,defensive,DBFM,10688.480630,71.535331,85.725648,154.561668,-71.544674,14331.681780,237.358641,16825.829377,-122.393210,-3534.579334,61.977706,65.801357,False,False,True,False,False,True,False,2-circle,-1.000000,198.555917,4.316711,-86.754509,-1.002900,100.000000,98.296131,1.703869,0.000000,2,0,0,0.0000,0.0000,0.0000,0.5000,"Pursue",0.042222
287,A0100,adaptive_eagle_v11,DBFM,10664.007519,70.915591,87.835647,155.502600,-70.911415,14320.967514,237.409645,16816.187134,-48.211216,-3512.096400,80.165865,24.669772,False,False,True,False,False,True,False,2-circle,-1.000000,195.154258,9.653254,-81.399667,-1.491126,98.296131,100.000000,0.000000,1.703869,1,0,4,0.0000,0.0000,0.0000,0.5000,"SmartHighYoYo",-0.027827
287,B0100,defensive,DBFM,10664.007519,70.915591,87.835647,155.502600,-70.911415,14320.967514,237.409645,16816.187134,-48.211216,-3512.096400,80.165865,24.669772,False,False,True,False,False,True,False,2-circle,-1.000000,195.154258,9.653254,-81.399667,-1.491126,100.000000,98.296131,1.703869,0.000000,2,0,0,0.0000,0.0000,0.0000,0.5000,"Pursue",0.026961
288,A0100,adaptive_eagle_v11,DBFM,10634.768158,70.524744,89.107414,155.939326,-70.508914,14309.545587,237.643682,16809.687164,-32.499849,-3540.357056,91.247989,12.175939,False,False,True,False,False,True,False,2-circle,-1.000000,191.688138,18.059273,-72.975954,-1.685201,98.296131,100.000000,0.000000,1.703869,1,0,4,0.0000,0.0000,0.0000,0.5000,"SmartHighYoYo",-0.127673
288,B0100,defensive,DBFM,10634.768158,70.524744,89.107414,155.939326,-70.508914,14309.545587,237.643682,16809.687164,-32.499849,-3540.357056,91.247989,12.175939,False,False,True,False,False,True,False,2-circle,-1.000000,191.688138,18.059273,-72.975954,-1.685201,100.000000,98.296131,1.703869,0.000000,2,0,0,0.0000,0.0000,0.0000,0.5000,"Pursue",-0.101302
289,A0100,adaptive_eagle_v11,DBFM,10601.625204,69.659330,90.550316,156.429596,-69.635690,14297.823480,237.321243,16791.185187,-92.509886,-3568.288034,105.645438,8.987478,False,False,True,False,False,True,False,2-circle,-1.000000,188.147716,23.577987,-67.439969,-1.479011,98.296131,100.000000,0.000000,1.703869,1,1,4,0.0000,0.0000,0.0000,0.5000,"SmartHighYoYo",-0.231249
289,B0100,defensive,DBFM,10601.625204,69.659330,90.550316,156.429596,-69.635690,14297.823480,237.321243,16791.185187,-92.509886,-3568.288034,105.645438,8.987478,False,False,True,False,False,True,False,2-circle,-1.000000,188.147716,23.577987,-67.439969,-1.479011,100.000000,98.296131,1.703869,0.000000,2,0,0,0.0000,0.0000,0.0000,0.5000,"Pursue",-0.367193
290,A0100,adaptive_eagle_v11,DBFM,10562.095772,68.163345,92.811138,157.268235,-68.135809,14286.482531,236.314298,16758.730659,-162.272642,-3568.537167,128.533078,9.704974,False,False,True,False,False,True,False,2-circle,-1.000000,184.367012,22.126935,-68.873469,-1.101565,98.296131,100.000000,0.000000,1.703869,4,1,3,0.0000,0.0000,0.0000,0.5000,"SmartHighYoYo",-0.260826
290,B0100,defensive,DBFM,10562.095772,68.163345,92.811138,157.268235,-68.135809,14286.482531,236.314298,16758.730659,-162.272642,-3568.537167,128.533078,9.704974,False,False,True,False,False,True,False,2-circle,-1.000000,184.367012,22.126935,-68.873469,-1.101565,100.000000,98.296131,1.703869,0.000000,2,0,0,0.0000,0.0000,0.0000,0.5000,"Pursue",-0.315951
291,A0100,adaptive_eagle_v11,DBFM,10514.629511,66.565385,94.873093,157.589551,-66.531250,14275.719158,235.253769,16725.827223,-164.517177,-3592.113129,150.252870,13.608484,False,False,True,False,False,True,False,2-circle,-1.000000,179.621646,16.452167,-74.526540,-0.816675,98.296131,100.000000,0.000000,1.703869,1,1,4,0.0000,0.0000,0.0000,0.5000,"SmartHighYoYo",-0.285086
291,B0100,defensive,DBFM,10514.629511,66.565385,94.873093,157.589551,-66.531250,14275.719158,235.253769,16725.827223,-164.517177,-3592.113129,150.252870,13.608484,False,False,True,False,False,True,False,2-circle,-1.000000,179.621646,16.452167,-74.526540,-0.816675,100.000000,98.296131,1.703869,0.000000,2,0,0,0.0000,0.0000,0.0000,0.5000,"Pursue",-0.145431
292,A0100,adaptive_eagle_v11,DBFM,10460.896180,65.032934,96.132852,157.186228,-64.983861,14265.141875,234.355512,16696.575416,-146.259038,-3661.225456,165.952594,25.788183,False,False,True,False,False,True,False,2-circle,-1.000000,173.895061,9.295647,-81.656829,-0.866736,98.296131,100.000000,0.000000,1.703869,1,1,4,0.0000,0.0000,0.0000,0.5000,"SmartHighYoYo",-0.210067
292,B0100,defensive,DBFM,10460.896180,65.032934,96.132852,157.186228,-64.983861,14265.141875,234.355512,16696.575416,-146.259038,-3661.225456,165.952594,25.788183,False,False,True,False,False,True,False,2-circle,-1.000000,173.895061,9.295647,-81.656829,-0.866736,100.000000,98.296131,1.703869,0.000000,2,0,0,0.0000,0.0000,0.0000,0.5000,"Pursue",-0.212341
293,A0100,adaptive_eagle_v11,DBFM,10402.056657,63.769271,97.625494,157.162556,-63.694890,14254.207066,233.800753,16674.143010,-112.162030,-3702.433343,182.106474,40.012280,False,False,True,False,False,True,False,2-circle,-1.000000,168.202931,6.339936,-84.587105,-1.228018,98.296131,100.000000,0.000000,1.703869,1,1,4,0.0000,0.0000,0.0000,0.5000,"SmartHighYoYo",-0.021793
293,B0100,defensive,DBFM,10402.056657,63.769271,97.625494,157.162556,-63.694890,14254.207066,233.800753,16674.143010,-112.162030,-3702.433343,182.106474,40.012280,False,False,True,False,False,True,False,2-circle,-1.000000,168.202931,6.339936,-84.587105,-1.228018,100.000000,98.296131,1.703869,0.000000,2,0,0,0.0000,0.0000,0.0000,0.5000,"Pursue",-0.436780
294,A0100,adaptive_eagle_v11,DBFM,10337.199360,63.116136,99.927246,158.265404,-63.017190,14242.618360,233.848274,16663.538114,-53.024480,-3675.468799,201.286666,19.693591,False,False,True,False,False,True,False,2-circle,-1.000000,163.404931,11.804058,-79.103127,-1.617155,98.296131,100.000000,0.000000,1.703869,1,1,4,0.0000,0.0000,0.0000,0.5000,"SmartHighYoYo",0.026318
294,B0100,defensive,DBFM,10337.199360,63.116136,99.927246,158.265404,-63.017190,14242.618360,233.848274,16663.538114,-53.024480,-3675.468799,201.286666,19.693591,False,False,True,False,False,True,False,2-circle,-1.000000,163.404931,11.804058,-79.103127,-1.617155,100.000000,98.296131,1.703869,0.000000,2,0,0,0.0000,0.0000,0.0000,0.5000,"Pursue",-0.409301
295,A0100,adaptive_eagle_v11,DBFM,10266.131622,62.706795,101.983544,159.134436,-62.588665,14230.429691,234.092775,16656.414503,-35.618053,-3660.427325,217.668611,10.788945,False,False,True,False,False,True,False,2-circle,-1.000000,158.969120,20.236623,-70.653374,-1.719647,98.296131,100.000000,0.000000,1.703869,1,1,4,0.0000,0.0000,0.0000,0.5000,"SmartHighYoYo",-0.124382
295,B0100,defensive,DBFM,10266.131622,62.706795,101.983544,159.134436,-62.588665,14230.429691,234.092775,16656.414503,-35.618053,-3660.427325,217.668611,10.788945,False,False,True,False,False,True,False,2-circle,-1.000000,158.969120,20.236623,-70.653374,-1.719647,100.000000,98.296131,1.703869,0.000000,2,0,0,0.0000,0.0000,0.0000,0.5000,"Pursue",-0.194781
296,A0100,adaptive_eagle_v11,DBFM,10190.277239,61.857967,103.231174,159.335285,-61.733211,14218.047517,233.821865,16638.420519,-89.969920,-3711.386249,230.243976,8.174139,False,False,True,False,False,True,False,2-circle,-1.000000,154.031821,25.763564,-65.106917,-1.438911,98.296131,100.000000,0.000000,1.703869,1,1,4,0.0000,0.0000,0.0000,0.5000,"SmartHighYoYo",-0.215312
296,B0100,defensive,DBFM,10190.277239,61.857967,103.231174,159.335285,-61.733211,14218.047517,233.821865,16638.420519,-89.969920,-3711.386249,230.243976,8.174139,False,False,True,False,False,True,False,2-circle,-1.000000,154.031821,25.763564,-65.106917,-1.438911,100.000000,98.296131,1.703869,0.000000,2,0,0,0.0000,0.0000,0.0000,0.5000,"Pursue",-0.196248
297,A0100,adaptive_eagle_v11,DBFM,10109.936620,60.576298,104.686302,159.745550,-60.454333,14206.102979,233.066299,16610.858993,-137.807632,-3762.075115,245.726385,8.739199,False,False,True,False,False,True,False,2-circle,-1.000000,148.397305,24.380115,-66.467246,-0.987732,98.296131,100.000000,0.000000,1.703869,1,1,4,0.0000,0.0000,0.0000,0.5000,"SmartHighYoYo",-0.183998
297,B0100,defensive,DBFM,10109.936620,60.576298,104.686302,159.745550,-60.454333,14206.102979,233.066299,16610.858993,-137.807632,-3762.075115,245.726385,8.739199,False,False,True,False,False,True,False,2-circle,-1.000000,148.397305,24.380115,-66.467246,-0.987732,100.000000,98.296131,1.703869,0.000000,2,0,0,0.0000,0.0000,0.0000,0.5000,"Pursue",-0.365697
298,A0100,adaptive_eagle_v11,DBFM,10023.348280,59.191497,106.970529,160.652597,-59.068164,14194.753395,232.244278,16582.576236,-141.413783,-3764.955793,266.802685,11.775744,False,False,True,False,False,True,False,2-circle,-1.000000,142.482618,18.794589,-72.028402,-0.621375,98.296131,100.000000,0.000000,1.703869,2,0,4,0.0000,0.0000,0.0000,0.5000,"LeadPursuit",-0.135015
298,B0100,defensive,DBFM,10023.348280,59.191497,106.970529,160.652597,-59.068164,14194.753395,232.244278,16582.576236,-141.413783,-3764.955793,266.802685,11.775744,False,False,True,False,False,True,False,2-circle,-1.000000,142.482618,18.794589,-72.028402,-0.621375,100.000000,98.296131,1.703869,0.000000,2,1,1,0.0000,0.0000,0.0000,0.5000,"Pursue",-0.344849
299,A0100,adaptive_eagle_v11,DBFM,9929.711610,58.039627,109.043975,161.091975,-57.901883,14183.634955,231.726686,16560.826414,-108.749109,-3775.249957,285.427408,14.378322,False,False,True,False,False,True,False,2-circle,-1.000000,136.170881,15.707604,-75.089001,-0.418848,98.296131,100.000000,0.000000,1.703869,2,0,4,0.0000,0.0000,0.0000,0.5000,"LeadPursuit",-0.085202
299,B0100,defensive,DBFM,9929.711610,58.039627,109.043975,161.091975,-57.901883,14183.634955,231.726686,16560.826414,-108.749109,-3775.249957,285.427408,14.378322,False,False,True,False,False,True,False,2-circle,-1.000000,136.170881,15.707604,-75.089001,-0.418848,100.000000,98.296131,1.703869,0.000000,2,1,1,0.0000,0.0000,0.0000,0.5000,"Pursue",-0.207840
300,A0100,adaptive_eagle_v11,DBFM,9830.983140,57.317833,110.308646,161.230248,-57.164090,14172.404527,231.623677,16547.482982,-66.717162,-3823.332026,297.283532,10.746623,False,False,True,False,False,True,False,2-circle,-1.000000,129.320980,20.387645,-70.379395,-0.227571,98.296131,100.000000,0.000000,1.703869,2,0,3,0.0000,0.0000,0.0000,0.5000,"LeadPursuit",-0.104195
300,B0100,defensive,DBFM,9830.983140,57.317833,110.308646,161.230248,-57.164090,14172.404527,231.623677,16547.482982,-66.717162,-3823.332026,297.283532,10.746623,False,False,True,False,False,True,False,2-circle,-1.000000,129.320980,20.387645,-70.379395,-0.227571,100.000000,98.296131,1.703869,0.000000,2,1,1,0.0000,0.0000,0.0000,0.5000,"Pursue",-0.157849
301,A0100,adaptive_eagle_v11,DBFM,9728.698125,56.583288,111.366874,161.529578,-56.423949,14161.133273,231.441390,16532.474846,-75.040677,-3882.646619,307.779792,8.392366,False,False,True,False,False,True,False,2-circle,-1.000000,122.225499,25.292517,-65.443209,0.045501,98.296131,100.000000,0.000000,1.703869,2,0,3,0.0000,0.0000,0.0000,0.5000,"LeadPursuit",-0.165432
301,B0100,defensive,DBFM,9728.698125,56.583288,111.366874,161.529578,-56.423949,14161.133273,231.441390,16532.474846,-75.040677,-3882.646619,307.779792,8.392366,False,False,True,False,False,True,False,2-circle,-1.000000,122.225499,25.292517,-65.443209,0.045501,100.000000,98.296131,1.703869,0.000000,2,1,1,0.0000,0.0000,0.0000,0.5000,"Pursue",-0.209344
302,A0100,adaptive_eagle_v11,DBFM,9622.381871,55.473916,112.845568,162.315147,-55.320126,14150.230515,230.841320,16509.291438,-115.917043,-3922.288268,321.960589,8.623906,False,False,True,False,False,True,False,2-circle,-1.000000,115.255764,24.735148,-65.969650,0.392029,98.296131,100.000000,0.000000,1.703869,2,0,3,0.0000,0.0000,0.0000,0.5000,"LeadPursuit",-0.140622
302,B0100,defensive,DBFM,9622.381871,55.473916,112.845568,162.315147,-55.320126,14150.230515,230.841320,16509.291438,-115.917043,-3922.288268,321.960589,8.623906,False,False,True,False,False,True,False,2-circle,-1.000000,115.255764,24.735148,-65.969650,0.392029,100.000000,98.296131,1.703869,0.000000,2,1,1,0.0000,0.0000,0.0000,0.5000,"Pursue",-0.373674
303,A0100,adaptive_eagle_v11,DBFM,9510.367588,54.190346,115.130485,163.575074,-54.041221,14139.906013,230.088901,16483.613447,-128.389954,-3916.519294,341.293306,10.732339,False,False,True,False,False,True,False,2-circle,-1.000000,108.987671,20.450177,-70.227683,0.677731,98.296131,100.000000,0.000000,1.703869,2,0,3,0.0000,0.0000,0.0000,0.5000,"LeadPursuit",-0.141931
303,B0100,defensive,DBFM,9510.367588,54.190346,115.130485,163.575074,-54.041221,14139.906013,230.088901,16483.613447,-128.389954,-3916.519294,341.293306,10.732339,False,False,True,False,False,True,False,2-circle,-1.000000,108.987671,20.450177,-70.227683,0.677731,100.000000,98.296131,1.703869,0.000000,2,1,1,0.0000,0.0000,0.0000,0.5000,"Pursue",-0.346617
304,A0100,adaptive_eagle_v11,DBFM,9391.742195,52.910435,117.274328,164.234662,-52.754223,14129.943671,229.413016,16459.902076,-118.556854,-3923.184944,359.488353,15.582647,False,False,True,False,False,True,False,2-circle,-1.000000,103.120752,14.599740,-76.053430,0.725911,98.296131,100.000000,0.000000,1.703869,2,0,3,0.0000,0.0000,0.0000,0.5000,"LeadPursuit",-0.159132
304,B0100,defensive,DBFM,9391.742195,52.910435,117.274328,164.234662,-52.754223,14129.943671,229.413016,16459.902076,-118.556854,-3923.184944,359.488353,15.582647,False,False,True,False,False,True,False,2-circle,-1.000000,103.120752,14.599740,-76.053430,0.725911,100.000000,98.296131,1.703869,0.000000,2,1,1,0.0000,0.0000,0.0000,0.5000,"Pursue",-0.174265
305,A0100,adaptive_eagle_v11,DBFM,9267.943243,51.834952,118.575196,164.244763,-51.656227,14119.946100,228.998319,16441.488653,-92.067119,-3973.745208,372.041152,18.328063,False,False,True,False,False,True,False,2-circle,-1.000000,97.267498,12.572746,-78.055422,0.575999,98.296131,100.000000,0.000000,1.703869,2,0,3,0.0000,0.0000,0.0000,0.5000,"LeadPursuit",-0.084378
305,B0100,defensive,DBFM,9267.943243,51.834952,118.575196,164.244763,-51.656227,14119.946100,228.998319,16441.488653,-92.067119,-3973.745208,372.041152,18.328063,False,False,True,False,False,True,False,2-circle,-1.000000,97.267498,12.572746,-78.055422,0.575999,100.000000,98.296131,1.703869,0.000000,2,1,1,0.0000,0.0000,0.0000,0.5000,"Pursue",-0.161526
306,A0100,adaptive_eagle_v11,DBFM,9140.494715,51.131033,119.636512,164.474565,-50.930188,14109.663355,228.924983,16429.719207,-58.847226,-4022.991505,381.910911,12.152675,False,False,True,False,False,True,False,2-circle,-1.000000,91.888223,18.308439,-72.297275,0.480513,98.296131,100.000000,0.000000,1.703869,2,0,3,0.0000,0.0000,0.0000,0.5000,"LeadPursuit",-0.055757
306,B0100,defensive,DBFM,9140.494715,51.131033,119.636512,164.474565,-50.930188,14109.663355,228.924983,16429.719207,-58.847226,-4022.991505,381.910911,12.152675,False,False,True,False,False,True,False,2-circle,-1.000000,91.888223,18.308439,-72.297275,0.480513,100.000000,98.296131,1.703869,0.000000,2,1,1,0.0000,0.0000,0.0000,0.5000,"Pursue",-0.247710
307,A0100,adaptive_eagle_v11,DBFM,9009.583891,50.391252,121.083707,165.403019,-50.183985,14099.239715,228.750614,16415.762610,-69.782989,-4041.854919,393.724362,8.907093,False,False,True,False,False,True,False,2-circle,-1.000000,87.626006,24.142432,-66.447798,0.561376,98.296131,100.000000,0.000000,1.703869,2,0,3,0.0000,0.0000,0.0000,0.5000,"LeadPursuit",-0.069987
307,B0100,defensive,DBFM,9009.583891,50.391252,121.083707,165.403019,-50.183985,14099.239715,228.750614,16415.762610,-69.782989,-4041.854919,393.724362,8.907093,False,False,True,False,False,True,False,2-circle,-1.000000,87.626006,24.142432,-66.447798,0.561376,100.000000,98.296131,1.703869,0.000000,2,2,3,0.0000,0.0000,0.0000,0.5000,"Pursue",-0.393716
308,A0100,adaptive_eagle_v11,DBFM,8873.832013,49.268413,123.328797,166.890094,-49.071517,14089.105809,228.162484,16393.732205,-110.152023,-4021.842949,410.591501,8.772717,False,False,True,False,False,True,False,2-circle,-1.000000,84.932605,24.515077,-66.070228,0.812668,98.296131,100.000000,0.000000,1.703869,2,0,3,0.0000,0.0000,0.0000,0.5000,"LeadPursuit",-0.114580
308,B0100,defensive,DBFM,8873.832013,49.268413,123.328797,166.890094,-49.071517,14089.105809,228.162484,16393.732205,-110.152023,-4021.842949,410.591501,8.772717,False,False,True,False,False,True,False,2-circle,-1.000000,84.932605,24.515077,-66.070228,0.812668,100.000000,98.296131,1.703869,0.000000,2,2,3,0.0000,0.0000,0.0000,0.5000,"Pursue",-0.351614
309,A0100,adaptive_eagle_v11,DBFM,8732.179468,47.973495,125.467305,167.837499,-47.787990,14079.507386,227.423466,16369.228600,-122.518026,-4020.310549,427.057338,10.548912,False,False,True,False,False,True,False,2-circle,-1.000000,83.086785,20.904800,-69.681794,1.101432,98.296131,100.000000,0.000000,1.703869,2,0,3,0.0000,0.0000,0.0000,0.5000,"LeadPursuit",-0.200028
309,B0100,defensive,DBFM,8732.179468,47.973495,125.467305,167.837499,-47.787990,14079.507386,227.423466,16369.228600,-122.518026,-4020.310549,427.057338,10.548912,False,False,True,False,False,True,False,2-circle,-1.000000,83.086785,20.904800,-69.681794,1.101432,100.000000,98.296131,1.703869,0.000000,2,2,3,0.0000,0.0000,0.0000,0.5000,"Pursue",-0.141932
310,A0100,adaptive_eagle_v11,DBFM,8585.769522,46.692426,126.761995,168.080683,-46.505235,14070.275983,226.755951,16346.575711,-113.264442,-4068.220326,439.033903,14.740218,False,False,True,False,False,True,False,2-circle,-1.000000,81.343869,15.473626,-75.115470,1.207714,98.296131,100.000000,0.000000,1.703869,2,0,3,0.0000,0.0000,0.0000,0.5000,"LeadPursuit",-0.120991
310,B0100,defensive,DBFM,8585.769522,46.692426,126.761995,168.080683,-46.505235,14070.275983,226.755951,16346.575711,-113.264442,-4068.220326,439.033903,14.740218,False,False,True,False,False,True,False,2-circle,-1.000000,81.343869,15.473626,-75.115470,1.207714,100.000000,98.296131,1.703869,0.000000,2,2,3,0.0000,0.0000,0.0000,0.5000,"Pursue",-0.209183
311,A0100,adaptive_eagle_v11,DBFM,8435.531594,45.619686,128.210557,168.549166,-45.413679,14061.048888,226.341868,16329.042625,-87.665434,-4092.434012,450.894444,16.994000,False,False,True,False,False,True,False,2-circle,-1.000000,80.286626,13.603647,-76.993534,1.140881,98.296131,100.000000,0.000000,1.703869,2,0,3,0.0000,0.0000,0.0000,0.5000,"LeadPursuit",0.095700
311,B0100,defensive,DBFM,8435.531594,45.619686,128.210557,168.549166,-45.413679,14061.048888,226.341868,16329.042625,-87.665434,-4092.434012,450.894444,16.994000,False,False,True,False,False,True,False,2-circle,-1.000000,80.286626,13.603647,-76.993534,1.140881,100.000000,98.296131,1.703869,0.000000,2,2,3,0.0000,0.0000,0.0000,0.5000,"Pursue",-0.484188
312,A0100,adaptive_eagle_v11,HABFM,8280.875817,44.909436,130.480042,169.714798,-44.686210,14051.584571,226.264812,16318.034324,-55.041506,-4053.958102,465.212503,11.620467,False,False,True,False,False,True,False,2-circle,-1.000000,80.910290,19.292218,-71.326715,1.119613,98.296131,100.000000,0.000000,1.703869,2,0,3,0.0000,0.0000,0.0000,0.5000,"LeadPursuit",0.080950
312,B0100,defensive,HABFM,8280.875817,44.909436,130.480042,169.714798,-44.686210,14051.584571,226.264812,16318.034324,-55.041506,-4053.958102,465.212503,11.620467,False,False,True,False,False,True,False,2-circle,-1.000000,80.910290,19.292218,-71.326715,1.119613,100.000000,98.296131,1.703869,0.000000,2,2,3,0.0000,0.0000,0.0000,0.5000,"Pursue",-0.448477
313,A0100,adaptive_eagle_v11,HABFM,8121.409385,44.148955,132.587508,170.483253,-43.926852,14042.015056,226.089652,16304.957097,-65.386132,-4033.455712,478.535455,8.648822,False,False,True,False,False,True,False,2-circle,-1.000000,82.677174,25.092817,-65.558513,1.263138,98.296131,100.000000,0.000000,1.703869,2,0,3,0.0000,0.0000,0.0000,0.5000,"LeadPursuit",-0.136613
313,B0100,defensive,HABFM,8121.409385,44.148955,132.587508,170.483253,-43.926852,14042.015056,226.089652,16304.957097,-65.386132,-4033.455712,478.535455,8.648822,False,False,True,False,False,True,False,2-circle,-1.000000,82.677174,25.092817,-65.558513,1.263138,100.000000,98.296131,1.703869,0.000000,2,2,3,0.0000,0.0000,0.0000,0.5000,"Pursue",-0.166065
314,A0100,adaptive_eagle_v11,HABFM,7957.954313,43.009587,133.872680,170.942237,-42.807643,14032.769496,225.505524,16284.033512,-104.617925,-4074.711718,489.011196,8.504642,False,False,True,False,False,True,False,2-circle,-1.000000,84.426757,25.550765,-65.135148,1.571025,98.296131,100.000000,0.000000,1.703869,2,0,3,0.0000,0.0000,0.0000,0.5000,"LeadPursuit",-0.152839
314,B0100,defensive,HABFM,7957.954313,43.009587,133.872680,170.942237,-42.807643,14032.769496,225.505524,16284.033512,-104.617925,-4074.711718,489.011196,8.504642,False,False,True,False,False,True,False,2-circle,-1.000000,84.426757,25.550765,-65.135148,1.571025,100.000000,98.296131,1.703869,0.000000,2,2,3,0.0000,0.0000,0.0000,0.5000,"Pursue",-0.183969
315,A0100,adaptive_eagle_v11,HABFM,7790.997047,41.711951,135.337374,171.703690,-41.530932,14024.102848,224.769803,16260.701139,-116.661865,-4103.423907,500.222820,10.085612,False,False,True,False,False,True,False,2-circle,-1.000000,86.195487,22.133356,-68.589838,1.905853,98.296131,100.000000,0.000000,1.703869,2,0,3,0.0000,0.0000,0.0000,0.5000,"LeadPursuit",0.000260
315,B0100,defensive,HABFM,7790.997047,41.711951,135.337374,171.703690,-41.530932,14024.102848,224.769803,16260.701139,-116.661865,-4103.423907,500.222820,10.085612,False,False,True,False,False,True,False,2-circle,-1.000000,86.195487,22.133356,-68.589838,1.905853,100.000000,98.296131,1.703869,0.000000,2,2,3,0.0000,0.0000,0.0000,0.5000,"Pursue",-0.426558
316,A0100,adaptive_eagle_v11,HABFM,7619.780190,40.421438,137.635422,172.709251,-40.248180,14015.860925,224.100740,16239.163849,-107.686450,-4078.101035,514.211356,13.675062,False,False,True,False,False,True,False,2-circle,-1.000000,88.871693,16.946773,-73.824382,2.058640,98.296131,100.000000,0.000000,1.703869,2,0,3,0.0000,0.0000,0.0000,0.5000,"LeadPursuit",0.137971
316,B0100,defensive,HABFM,7619.780190,40.421438,137.635422,172.709251,-40.248180,14015.860925,224.100740,16239.163849,-107.686450,-4078.101035,514.211356,13.675062,False,False,True,False,False,True,False,2-circle,-1.000000,88.871693,16.946773,-73.824382,2.058640,100.000000,98.296131,1.703869,0.000000,2,2,3,0.0000,0.0000,0.0000,0.5000,"Pursue",-0.555188
317,A0100,adaptive_eagle_v11,HABFM,7443.738676,39.312471,140.170076,172.957203,-39.129021,14007.696352,223.677097,16222.601295,-82.812768,-4037.588142,528.132194,15.477851,False,False,True,False,False,True,False,2-circle,-1.000000,92.372258,15.231899,-75.598268,2.040506,98.296131,100.000000,0.000000,1.703869,2,1,3,0.0000,0.0000,0.0000,0.5000,"LeadPursuit",0.176568
317,B0100,defensive,HABFM,7443.738676,39.312471,140.170076,172.957203,-39.129021,14007.696352,223.677097,16222.601295,-82.812768,-4037.588142,528.132194,15.477851,False,False,True,False,False,True,False,2-circle,-1.000000,92.372258,15.231899,-75.598268,2.040506,100.000000,98.296131,1.703869,0.000000,2,2,3,0.0000,0.0000,0.0000,0.5000,"Pursue",-0.475596
318,A0100,adaptive_eagle_v11,HABFM,7263.484809,38.555245,142.126659,172.319295,-38.360704,13999.363858,223.583997,16212.425401,-50.879473,-4024.841184,538.810932,10.934810,False,False,True,False,False,True,False,2-circle,-1.000000,95.376343,20.873937,-70.015171,2.070956,98.296131,100.000000,0.000000,1.703869,2,1,3,0.0000,0.0000,0.0000,0.5000,"LeadPursuit",0.032425
318,B0100,defensive,HABFM,7263.484809,38.555245,142.126659,172.319295,-38.360704,13999.363858,223.583997,16212.425401,-50.879473,-4024.841184,538.810932,10.934810,False,False,True,False,False,True,False,2-circle,-1.000000,95.376343,20.873937,-70.015171,2.070956,100.000000,98.296131,1.703869,0.000000,2,2,3,0.0000,0.0000,0.0000,0.5000,"Pursue",-0.250074
319,A0100,adaptive_eagle_v11,HABFM,7080.103988,37.761622,143.373032,171.914483,-37.573040,13990.980728,223.394242,16200.287416,-60.689923,-4062.622563,547.089023,8.278197,False,False,True,False,False,True,False,2-circle,-1.000000,97.176315,26.621247,-64.319863,2.263542,98.296131,100.000000,0.000000,1.703869,2,1,3,0.0000,0.0000,0.0000,0.5000,"LeadPursuit",-0.091506
319,B0100,defensive,HABFM,7080.103988,37.761622,143.373032,171.914483,-37.573040,13990.980728,223.394242,16200.287416,-60.689923,-4062.622563,547.089023,8.278197,False,False,True,False,False,True,False,2-circle,-1.000000,97.176315,26.621247,-64.319863,2.263542,100.000000,98.296131,1.703869,0.000000,2,2,3,0.0000,0.0000,0.0000,0.5000,"Pursue",-0.151653
320,A0100,adaptive_eagle_v11,HABFM,6893.907679,36.602315,144.570587,172.062097,-36.439332,13982.976375,222.799690,16180.538820,-98.742982,-4114.915908,555.675025,8.129199,False,False,True,False,False,True,False,2-circle,-1.000000,97.816029,27.136656,-63.849098,2.610790,98.296131,100.000000,0.000000,1.703869,2,1,3,0.0000,0.0000,0.0000,0.5000,"LeadPursuit",-0.136832
320,B0100,defensive,HABFM,6893.907679,36.602315,144.570587,172.062097,-36.439332,13982.976375,222.799690,16180.538820,-98.742982,-4114.915908,555.675025,8.129199,False,False,True,False,False,True,False,2-circle,-1.000000,97.816029,27.136656,-63.849098,2.610790,100.000000,98.296131,1.703869,0.000000,2,2,3,0.0000,0.0000,0.0000,0.5000,"Pursue",-0.111627
321,A0100,adaptive_eagle_v11,HABFM,6704.767822,35.285085,145.784861,172.547053,-35.147767,13975.614056,222.052114,16158.453949,-110.424355,-4167.100106,564.264844,9.524110,False,False,True,False,False,True,False,2-circle,-1.000000,97.716812,23.834100,-67.192361,2.980164,98.296131,100.000000,0.000000,1.703869,2,1,3,0.0000,0.0000,0.0000,0.5000,"LeadPursuit",-0.027176
321,B0100,defensive,HABFM,6704.767822,35.285085,145.784861,172.547053,-35.147767,13975.614056,222.052114,16158.453949,-110.424355,-4167.100106,564.264844,9.524110,False,False,True,False,False,True,False,2-circle,-1.000000,97.716812,23.834100,-67.192361,2.980164,100.000000,98.296131,1.703869,0.000000,2,2,3,0.0000,0.0000,0.0000,0.5000,"Pursue",-0.236519
322,A0100,adaptive_eagle_v11,HABFM,6512.699137,33.978028,147.376642,173.181754,-33.852735,13968.749020,221.365639,16138.113251,-101.703490,-4189.090168,573.444325,12.608639,False,False,True,False,False,True,False,2-circle,-1.000000,97.808921,18.747048,-72.325767,3.178475,98.296131,100.000000,0.000000,1.703869,2,1,3,0.0000,0.0000,0.0000,0.5000,"LeadPursuit",0.244115
322,B0100,defensive,HABFM,6512.699137,33.978028,147.376642,173.181754,-33.852735,13968.749020,221.365639,16138.113251,-101.703490,-4189.090168,573.444325,12.608639,False,False,True,False,False,True,False,2-circle,-1.000000,97.808921,18.747048,-72.325767,3.178475,100.000000,98.296131,1.703869,0.000000,2,2,3,0.0000,0.0000,0.0000,0.5000,"Pursue",-0.546567
323,A0100,adaptive_eagle_v11,HABFM,6317.273210,32.660144,149.789302,173.420460,-32.531202,13962.075839,220.753327,16119.455473,-93.288891,-4159.348260,584.194383,18.472324,False,False,True,False,False,True,False,2-circle,-1.000000,99.119888,13.441381,-77.695783,3.067213,98.296131,100.000000,0.000000,1.703869,2,1,3,0.0000,0.0000,0.0000,0.5000,"LeadPursuit",0.367254
323,B0100,defensive,HABFM,6317.273210,32.660144,149.789302,173.420460,-32.531202,13962.075839,220.753327,16119.455473,-93.288891,-4159.348260,584.194383,18.472324,False,False,True,False,False,True,False,2-circle,-1.000000,99.119888,13.441381,-77.695783,3.067213,100.000000,98.296131,1.703869,0.000000,2,2,3,0.0000,0.0000,0.0000,0.5000,"Pursue",-0.604322
324,A0100,adaptive_eagle_v11,HABFM,6118.279397,31.513411,152.093326,172.775057,-31.363010,13955.236756,220.379964,16105.324946,-70.652632,-4136.298109,593.930640,20.643000,False,False,True,False,False,True,False,2-circle,-1.000000,101.391533,12.281758,-78.936954,2.754424,98.296131,100.000000,0.000000,1.703869,2,1,3,0.0000,0.0000,0.0000,0.5000,"LeadPursuit",0.255437
324,B0100,defensive,HABFM,6118.279397,31.513411,152.093326,172.775057,-31.363010,13955.236756,220.379964,16105.324946,-70.652632,-4136.298109,593.930640,20.643000,False,False,True,False,False,True,False,2-circle,-1.000000,101.391533,12.281758,-78.936954,2.754424,100.000000,98.296131,1.703869,0.000000,2,2,3,0.0000,0.0000,0.0000,0.5000,"Pursue",-0.385082
325,A0100,adaptive_eagle_v11,HABFM,5916.470763,30.701326,153.542799,172.244528,-30.530207,13948.036580,220.316712,16096.890740,-42.171029,-4157.047700,601.082215,13.103170,False,False,True,False,False,True,False,2-circle,-1.000000,103.979278,18.438591,-72.873272,2.515641,98.296131,100.000000,0.000000,1.703869,2,2,3,0.0000,0.0000,0.0000,0.5000,"LeadPursuit",0.173727
325,B0100,defensive,HABFM,5916.470763,30.701326,153.542799,172.244528,-30.530207,13948.036580,220.316712,16096.890740,-42.171029,-4157.047700,601.082215,13.103170,False,False,True,False,False,True,False,2-circle,-1.000000,103.979278,18.438591,-72.873272,2.515641,100.000000,98.296131,1.703869,0.000000,2,2,3,0.0000,0.0000,0.0000,0.5000,"Pursue",-0.277335
326,A0100,adaptive_eagle_v11,HABFM,5712.441790,29.833105,154.766357,172.188883,-29.661694,13940.623845,220.148745,16086.202737,-53.440016,-4190.010841,607.529856,9.372559,False,False,True,False,False,True,False,2-circle,-1.000000,106.934977,24.743737,-66.675373,2.496295,98.296131,100.000000,0.000000,1.703869,2,2,3,0.0000,0.0000,0.0000,0.5000,"LeadPursuit",0.219707
326,B0100,defensive,HABFM,5712.441790,29.833105,154.766357,172.188883,-29.661694,13940.623845,220.148745,16086.202737,-53.440016,-4190.010841,607.529856,9.372559,False,False,True,False,False,True,False,2-circle,-1.000000,106.934977,24.743737,-66.675373,2.496295,100.000000,98.296131,1.703869,0.000000,2,2,3,0.0000,0.0000,0.0000,0.5000,"Pursue",-0.331932
327,A0100,adaptive_eagle_v11,HABFM,5506.166888,28.578955,156.402885,172.611820,-28.431912,13933.420432,219.582823,16067.982489,-91.101240,-4202.015767,614.626017,8.925199,False,False,True,False,False,True,False,2-circle,-1.000000,110.598021,25.964551,-65.582596,2.696046,98.296131,100.000000,0.000000,1.703869,2,2,3,0.0000,0.0000,0.0000,0.5000,"LeadPursuit",0.625047
327,B0100,defensive,HABFM,5506.166888,28.578955,156.402885,172.611820,-28.431912,13933.420432,219.582823,16067.982489,-91.101240,-4202.015767,614.626017,8.925199,False,False,True,False,False,True,False,2-circle,-1.000000,110.598021,25.964551,-65.582596,2.696046,100.000000,98.296131,1.703869,0.000000,2,2,3,0.0000,0.0000,0.0000,0.5000,"Pursue",-0.686053
328,A0100,adaptive_eagle_v11,HABFM,5297.378381,27.140775,158.864801,172.554030,-27.022499,13926.697580,218.868208,16047.388725,-102.968823,-4168.154988,622.455350,10.262176,False,False,True,False,False,True,False,2-circle,-1.000000,115.513012,23.317594,-68.389115,2.975312,98.296131,100.000000,0.000000,1.703869,2,2,3,0.0000,0.0000,0.0000,0.5000,"LeadPursuit",1.052942
328,B0100,defensive,HABFM,5297.378381,27.140775,158.864801,172.554030,-27.022499,13926.697580,218.868208,16047.388725,-102.968823,-4168.154988,622.455350,10.262176,False,False,True,False,False,True,False,2-circle,-1.000000,115.513012,23.317594,-68.389115,2.975312,100.000000,98.296131,1.703869,0.000000,2,2,3,0.0000,0.0000,0.0000,0.5000,"Pursue",-0.970255
329,A0100,adaptive_eagle_v11,HABFM,5085.986995,25.672255,161.636517,171.617647,-25.570334,13920.341952,218.213578,16028.366178,-95.112734,-4123.765436,629.984846,13.493191,False,False,True,False,False,True,False,2-circle,-1.000000,121.275585,18.710999,-73.184875,3.131403,98.296131,100.000000,0.000000,1.703869,2,2,3,0.0000,0.0000,0.0000,0.5000,"LeadPursuit",1.020857
329,B0100,defensive,HABFM,5085.986995,25.672255,161.636517,171.617647,-25.570334,13920.341952,218.213578,16028.366178,-95.112734,-4123.765436,629.984846,13.493191,False,False,True,False,False,True,False,2-circle,-1.000000,121.275585,18.710999,-73.184875,3.131403,100.000000,98.296131,1.703869,0.000000,2,2,3,0.0000,0.0000,0.0000,0.5000,"Pursue",-0.810020
330,A0100,adaptive_eagle_v11,HABFM,4872.226811,24.165838,163.806049,170.705207,-24.062907,13914.079099,217.631690,16010.875813,-87.451823,-4117.355722,636.402673,19.908061,False,False,True,False,False,True,False,2-circle,-1.000000,126.441502,13.701479,-78.393671,3.005977,98.296131,100.000000,0.000000,1.703869,2,3,3,0.0000,0.0000,0.0000,0.5000,"LeadPursuit",0.779781
330,B0100,defensive,HABFM,4872.226811,24.165838,163.806049,170.705207,-24.062907,13914.079099,217.631690,16010.875813,-87.451823,-4117.355722,636.402673,19.908061,False,False,True,False,False,True,False,2-circle,-1.000000,126.441502,13.701479,-78.393671,3.005977,100.000000,98.296131,1.703869,0.000000,2,2,3,0.0000,0.0000,0.0000,0.5000,"Pursue",-0.528842
331,A0100,adaptive_eagle_v11,HABFM,4656.425043,22.831108,165.257789,170.178565,-22.706556,13907.574532,217.286322,15997.721545,-65.771341,-4152.282366,642.003972,22.457707,False,False,True,False,False,True,False,2-circle,-1.000000,130.678228,12.635660,-79.664516,2.682384,98.296131,100.000000,0.000000,1.703869,2,3,3,0.0000,0.0000,0.0000,0.5000,"LeadPursuit",1.029836
331,B0100,defensive,HABFM,4656.425043,22.831108,165.257789,170.178565,-22.706556,13907.574532,217.286322,15997.721545,-65.771341,-4152.282366,642.003972,22.457707,False,False,True,False,False,True,False,2-circle,-1.000000,130.678228,12.635660,-79.664516,2.682384,100.000000,98.296131,1.703869,0.000000,2,2,3,0.0000,0.0000,0.0000,0.5000,"Pursue",-0.688656
332,A0100,adaptive_eagle_v11,HABFM,4439.115037,21.824204,166.640365,169.569473,-21.678372,13900.644217,217.251335,15990.118185,-38.016801,-4110.933987,645.070013,14.083929,False,False,True,False,False,True,False,2-circle,-1.000000,134.625370,18.742045,-73.781434,2.424295,98.296131,100.000000,0.000000,1.703869,2,3,3,0.0000,0.0000,0.0000,0.5000,"LeadPursuit",1.815178
332,B0100,defensive,HABFM,4439.115037,21.824204,166.640365,169.569473,-21.678372,13900.644217,217.251335,15990.118185,-38.016801,-4110.933987,645.070013,14.083929,False,False,True,False,False,True,False,2-circle,-1.000000,134.625370,18.742045,-73.781434,2.424295,100.000000,98.296131,1.703869,0.000000,2,2,3,0.0000,0.0000,0.0000,0.5000,"Pursue",-1.177492
333,A0100,adaptive_eagle_v11,HABFM,4220.628266,20.726515,168.588031,168.896189,-20.582675,13893.431871,217.118754,15980.356355,-48.809147,-4099.311646,649.405544,9.980838,False,False,True,False,False,True,False,2-circle,-1.000000,138.910353,25.110236,-67.669633,2.369417,98.296131,100.000000,0.000000,1.703869,2,4,3,0.0000,0.0000,0.0000,0.5000,"LeadPursuit",2.041816
333,B0100,defensive,HABFM,4220.628266,20.726515,168.588031,168.896189,-20.582675,13893.431871,217.118754,15980.356355,-48.809147,-4099.311646,649.405544,9.980838,False,False,True,False,False,True,False,2-circle,-1.000000,138.910353,25.110236,-67.669633,2.369417,100.000000,98.296131,1.703869,0.000000,2,2,3,0.0000,0.0000,0.0000,0.5000,"Pursue",-1.143393
334,A0100,adaptive_eagle_v11,HABFM,4001.031153,19.187177,170.479065,168.675384,-19.073239,13886.340125,216.598017,15963.266062,-85.451469,-4030.963055,651.512587,9.444283,False,False,True,True,False,True,False,2-circle,-1.000000,143.655166,26.592877,-66.483340,2.524070,98.296131,100.000000,0.000000,1.703869,2,4,3,0.0000,0.0000,0.0000,0.5000,"LeadPursuit",1.123871
334,B0100,defensive,HABFM,4001.031153,19.187177,170.479065,168.675384,-19.073239,13886.340125,216.598017,15963.266062,-85.451469,-4030.963055,651.512587,9.444283,False,False,True,True,False,True,False,2-circle,-1.000000,143.655166,26.592877,-66.483340,2.524070,100.000000,98.296131,1.703869,0.000000,2,2,3,0.0000,0.0000,0.0000,0.5000,"Pursue",-0.364768
335,A0100,adaptive_eagle_v11,HABFM,3780.524853,17.443887,171.639861,169.283627,-17.364153,13879.631957,215.932719,15943.818612,-97.237250,-4062.067108,654.990879,10.797490,False,False,True,True,False,True,False,2-circle,-1.000000,148.426401,24.307451,-69.102456,2.761705,98.296131,100.000000,0.000000,1.703869,2,3,1,0.0000,0.0000,0.0000,0.5000,"PNLeadPursuit",1.043737
335,B0100,defensive,HABFM,3780.524853,17.443887,171.639861,169.283627,-17.364153,13879.631957,215.932719,15943.818612,-97.237250,-4062.067108,654.990879,10.797490,False,False,True,True,False,True,False,2-circle,-1.000000,148.426401,24.307451,-69.102456,2.761705,100.000000,98.296131,1.703869,0.000000,2,2,3,0.0000,0.0000,0.0000,0.5000,"Pursue",-0.225812
336,A0100,adaptive_eagle_v11,HABFM,3559.115973,15.685457,172.895746,170.019689,-15.627879,13873.206981,215.327011,15925.829471,-89.945704,-4029.375564,656.531446,14.135258,False,False,True,True,False,True,False,2-circle,-1.000000,153.649710,20.102663,-73.696260,2.882109,98.296131,100.000000,0.000000,1.703869,2,3,1,0.0000,0.0000,0.0000,0.5000,"PNLeadPursuit",1.940904
336,B0100,defensive,HABFM,3559.115973,15.685457,172.895746,170.019689,-15.627879,13873.206981,215.327011,15925.829471,-89.945704,-4029.375564,656.531446,14.135258,False,False,True,True,False,True,False,2-circle,-1.000000,153.649710,20.102663,-73.696260,2.882109,100.000000,98.296131,1.703869,0.000000,2,2,3,0.0000,0.0000,0.0000,0.5000,"Pursue",-0.753436
337,A0100,adaptive_eagle_v11,HABFM,3337.489111,13.871484,175.071339,170.111894,-13.824098,13866.808200,214.792942,15909.261190,-82.841403,-3934.766950,656.752286,20.833262,False,False,True,True,False,True,False,2-circle,-1.000000,160.733367,15.541097,-78.747453,2.732593,98.296131,100.000000,0.000000,1.703869,2,3,1,0.0000,0.0000,0.0000,0.5000,"PNLeadPursuit",1.476819
337,B0100,defensive,HABFM,3337.489111,13.871484,175.071339,170.111894,-13.824098,13866.808200,214.792942,15909.261190,-82.841403,-3934.766950,656.752286,20.833262,False,False,True,True,False,True,False,2-circle,-1.000000,160.733367,15.541097,-78.747453,2.732593,100.000000,98.296131,1.703869,0.000000,2,2,3,0.0000,0.0000,0.0000,0.5000,"Pursue",-0.497655
338,A0100,adaptive_eagle_v11,OBFM,3116.153975,12.141334,177.825716,169.025368,-12.093653,13860.117976,214.492219,15896.855856,-62.026671,-3793.626145,655.394842,23.557680,False,False,True,True,False,True,False,2-circle,-1.000000,170.269167,14.905426,-80.006505,2.397832,98.296131,99.891068,0.108932,1.703869,2,4,1,0.0000,0.0000,0.0000,0.5000,"PNLeadPursuit",-1.957517
338,B0100,defensive,OBFM,3116.153975,12.141334,177.825716,169.025368,-12.093653,13860.117976,214.492219,15896.855856,-62.026671,-3793.626145,655.394842,23.557680,False,False,True,True,False,True,False,2-circle,-1.000000,170.269167,14.905426,-80.006505,2.397832,99.891068,98.296131,1.703869,0.108932,2,2,3,0.0000,0.0000,0.0000,0.5000,"Pursue",1.706799
339,A0100,adaptive_eagle_v11,DBFM,2895.499063,10.600763,177.568516,167.619557,-10.562943,13852.961212,214.500305,15889.852667,-35.015947,-3671.603005,653.527332,14.720603,False,True,True,True,False,True,False,2-circle,-1.000000,181.187602,21.409004,-74.250869,2.127529,98.296131,99.642978,0.357022,1.703869,2,0,3,0.0000,0.0000,0.0000,0.5000,"SmartGunAttack",-5.238239
339,B0100,defensive,DBFM,2895.499063,10.600763,177.568516,167.619557,-10.562943,13852.961212,214.500305,15889.852667,-35.015947,-3671.603005,653.527332,14.720603,False,True,True,True,False,True,False,2-circle,-1.000000,181.187602,21.409004,-74.250869,2.127529,99.642978,98.296131,1.703869,0.357022,2,2,3,0.0000,0.0000,0.0000,0.5000,"Pursue",3.940005
340,A0100,adaptive_eagle_v11,DBFM,2675.559424,8.839349,174.912720,166.341896,-8.835199,13845.477795,214.415751,15880.763729,-45.444690,-3558.217780,650.555601,10.375363,False,True,True,True,False,True,False,2-circle,-1.000000,192.452033,28.339755,-68.182695,2.045489,98.249523,99.492914,0.507086,1.750477,2,0,3,0.0000,0.0000,0.0000,0.5000,"SmartGunAttack",-6.048011
340,B0100,defensive,DBFM,2675.559424,8.839349,174.912720,166.341896,-8.835199,13845.477795,214.415751,15880.763729,-45.444690,-3558.217780,650.555601,10.375363,False,True,True,True,False,True,False,2-circle,-1.000000,192.452033,28.339755,-68.182695,2.045489,99.492914,98.249523,1.750477,0.507086,2,2,3,0.0000,0.0000,0.0000,0.5000,"Pursue",4.749693
341,A0100,adaptive_eagle_v11,DBFM,2457.043212,6.496141,171.353592,165.097294,-6.518255,13838.056780,213.950772,15864.524897,-81.194159,-3442.100829,645.101092,9.756611,True,True,True,True,False,True,False,2-circle,-1.000000,203.753478,30.605662,-66.893594,2.165080,98.082174,99.492914,0.507086,1.917826,2,0,3,0.0000,0.0000,0.0000,0.5000,"SmartGunAttack",-4.466013
341,B0100,defensive,DBFM,2457.043212,6.496141,171.353592,165.097294,-6.518255,13838.056780,213.950772,15864.524897,-81.194159,-3442.100829,645.101092,9.756611,True,True,True,True,False,True,False,2-circle,-1.000000,203.753478,30.605662,-66.893594,2.165080,99.492914,98.082174,1.917826,0.507086,2,2,3,0.0000,0.0000,0.0000,0.5000,"Pursue",3.747405
342,A0100,adaptive_eagle_v11,DBFM,2240.177403,3.857913,167.771761,164.400864,-3.753019,13830.956934,213.343877,15845.944757,-92.900698,-3427.771443,640.422030,11.079987,True,False,True,True,False,True,False,2-circle,-1.000000,214.349085,29.217844,-69.353590,2.377262,97.886569,99.492914,0.507086,2.113431,2,4,1,0.0000,0.0000,0.0000,0.5000,"PNLeadPursuit",-2.486711
342,B0100,defensive,DBFM,2240.177403,3.857913,167.771761,164.400864,-3.753019,13830.956934,213.343877,15845.944757,-92.900698,-3427.771443,640.422030,11.079987,True,False,True,True,False,True,False,2-circle,-1.000000,214.349085,29.217844,-69.353590,2.377262,99.492914,97.886569,2.113431,0.507086,2,2,3,0.0000,0.0000,0.0000,0.5000,"Pursue",1.888635
343,A0100,adaptive_eagle_v11,DBFM,2024.953654,1.980082,164.608776,164.474693,-0.652495,13824.089243,212.795240,15828.726865,-86.089463,-3390.594053,633.836901,14.400589,True,False,True,True,False,True,False,2-circle,-1.000000,224.123425,25.954870,-73.791888,2.484399,97.886569,99.492914,0.507086,2.113431,2,4,1,0.0000,0.0000,0.0000,0.5000,"PNLeadPursuit",-0.752582
343,B0100,defensive,DBFM,2024.953654,1.980082,164.608776,164.474693,-0.652495,13824.089243,212.795240,15828.726865,-86.089463,-3390.594053,633.836901,14.400589,True,False,True,True,False,True,False,2-circle,-1.000000,224.123425,25.954870,-73.791888,2.484399,99.492914,97.886569,2.113431,0.507086,2,2,3,0.0000,0.0000,0.0000,0.5000,"Pursue",-0.040505
344,A0100,adaptive_eagle_v11,DBFM,1811.904318,3.991088,161.586630,165.100020,2.866101,13817.211929,212.316476,15812.839302,-79.437816,-3371.919554,626.181352,21.033692,False,False,True,True,False,True,False,2-circle,1.000000,233.610113,22.345972,-78.718988,2.333626,97.886569,99.492914,0.507086,2.113431,2,5,1,0.0000,0.0000,0.0000,0.5000,"PNLeadPursuit",0.418472
344,B0100,defensive,DBFM,1811.904318,3.991088,161.586630,165.100020,2.866101,13817.211929,212.316476,15812.839302,-79.437816,-3371.919554,626.181352,21.033692,False,False,True,True,False,True,False,2-circle,1.000000,233.610113,22.345972,-78.718988,2.333626,99.492914,97.886569,2.113431,0.507086,2,2,3,0.0000,0.0000,0.0000,0.5000,"Pursue",-1.194400
345,A0100,adaptive_eagle_v11,DBFM,1601.400622,7.678793,158.470204,165.977418,6.730216,13810.021570,212.067446,15800.970266,-59.345180,-3356.474398,616.616206,23.722915,False,False,True,True,False,True,False,2-circle,1.000000,243.378143,22.624895,-79.957798,2.004047,97.886569,99.492914,0.507086,2.113431,2,5,1,0.0000,0.0000,0.0000,0.5000,"PNLeadPursuit",0.927824
345,B0100,defensive,DBFM,1601.400622,7.678793,158.470204,165.977418,6.730216,13810.021570,212.067446,15800.970266,-59.345180,-3356.474398,616.616206,23.722915,False,False,True,True,False,True,False,2-circle,1.000000,243.378143,22.624895,-79.957798,2.004047,99.492914,97.886569,2.113431,0.507086,2,2,3,0.0000,0.0000,0.0000,0.5000,"Pursue",-1.334440
346,A0100,adaptive_eagle_v11,DBFM,1394.110088,12.004970,155.053220,166.999181,10.950191,13802.347936,212.124804,15794.373776,-32.982449,-3358.880483,604.578638,14.939811,False,False,True,True,False,True,False,2-circle,1.000000,253.581823,30.060944,-74.296467,1.737021,97.886569,99.492914,0.507086,2.113431,2,5,1,0.0000,0.0000,0.0000,0.5000,"PNLeadPursuit",1.214282
346,B0100,defensive,DBFM,1394.110088,12.004970,155.053220,166.999181,10.950191,13802.347936,212.124804,15794.373776,-32.982449,-3358.880483,604.578638,14.939811,False,False,True,True,False,True,False,2-circle,1.000000,253.581823,30.060944,-74.296467,1.737021,99.492914,97.886569,2.113431,0.507086,2,2,3,0.0000,0.0000,0.0000,0.5000,"Pursue",-1.133870
347,A0100,adaptive_eagle_v11,DBFM,1190.780177,17.540250,150.808541,168.347742,16.203733,13794.325665,212.092850,15785.751393,-43.111916,-3405.358574,586.479979,10.537093,False,False,True,True,False,True,False,2-circle,1.000000,263.339449,38.152712,-68.261019,1.649519,97.886569,99.492914,0.507086,2.113431,2,5,1,0.0000,0.0000,0.0000,0.5000,"PNLeadPursuit",1.439034
347,B0100,defensive,DBFM,1190.780177,17.540250,150.808541,168.347742,16.203733,13794.325665,212.092850,15785.751393,-43.111916,-3405.358574,586.479979,10.537093,False,False,True,True,False,True,False,2-circle,1.000000,263.339449,38.152712,-68.261019,1.649519,99.492914,97.886569,2.113431,0.507086,2,2,3,0.0000,0.0000,0.0000,0.5000,"Pursue",-0.695625
348,A0100,adaptive_eagle_v11,DBFM,993.973155,25.091540,144.866414,169.867277,23.371550,13786.336254,211.686116,15770.131330,-78.100312,-3478.938648,553.806285,9.859387,False,False,True,False,False,True,False,2-circle,1.000000,271.162347,41.851386,-66.877390,1.756917,97.886569,99.492914,0.507086,2.113431,2,5,1,0.0000,0.0000,0.0000,0.5000,"PNLeadPursuit",1.670535
348,B0100,defensive,DBFM,993.973155,25.091540,144.866414,169.867277,23.371550,13786.336254,211.686116,15770.131330,-78.100312,-3478.938648,553.806285,9.859387,False,False,True,False,False,True,False,2-circle,1.000000,271.162347,41.851386,-66.877390,1.756917,99.492914,97.886569,2.113431,0.507086,2,2,3,0.0000,0.0000,0.0000,0.5000,"Pursue",0.064315
349,A0100,adaptive_eagle_v11,DBFM,809.547053,35.278617,136.158652,170.832838,33.268588,13778.638935,211.138656,15752.186351,-89.724898,-3558.186167,493.856819,11.101627,False,False,True,False,False,True,False,2-circle,1.000000,275.932265,42.095209,-69.181456,1.959807,97.886569,99.492914,0.507086,2.113431,2,6,1,0.0000,0.0000,0.0000,0.5000,"PNLeadPursuit",2.104022
349,B0100,defensive,DBFM,809.547053,35.278617,136.158652,170.832838,33.268588,13778.638935,211.138656,15752.186351,-89.724898,-3558.186167,493.856819,11.101627,False,False,True,False,False,True,False,2-circle,1.000000,275.932265,42.095209,-69.181456,1.959807,99.492914,97.886569,2.113431,0.507086,2,2,3,0.0000,0.0000,0.0000,0.5000,"Pursue",1.106852
350,A0100,adaptive_eagle_v11,DBFM,649.483529,49.253150,123.227920,170.690121,47.495640,13771.155176,210.647235,15735.526490,-83.299301,-3633.580599,384.188324,14.254026,False,False,True,False,False,True,False,2-circle,1.000000,277.095972,40.585576,-73.466131,2.068074,97.886569,99.492914,0.507086,2.113431,2,5,1,0.0000,0.0000,0.0000,0.5000,"PNLeadPursuit",2.886880
350,B0100,defensive,DBFM,649.483529,49.253150,123.227920,170.690121,47.495640,13771.155176,210.647235,15735.526490,-83.299301,-3633.580599,384.188324,14.254026,False,False,True,False,False,True,False,2-circle,1.000000,277.095972,40.585576,-73.466131,2.068074,99.492914,97.886569,2.113431,0.507086,2,2,3,0.0000,0.0000,0.0000,0.5000,"Pursue",2.339470
351,A0100,adaptive_eagle_v11,DBFM,537.607865,68.379673,104.865411,169.727542,68.251101,13763.656776,210.223004,15720.123814,-77.013380,-3700.129555,196.276493,20.424607,False,False,True,False,False,True,False,2-circle,1.000000,274.616317,38.792895,-78.271595,1.930826,97.886569,99.492914,0.507086,2.113431,2,7,1,0.0000,0.0000,0.0000,0.5000,"PNLeadPursuit",2.410743
351,B0100,defensive,DBFM,537.607865,68.379673,104.865411,169.727542,68.251101,13763.656776,210.223004,15720.123814,-77.013380,-3700.129555,196.276493,20.424607,False,False,True,False,False,True,False,2-circle,1.000000,274.616317,38.792895,-78.271595,1.930826,99.492914,97.886569,2.113431,0.507086,2,8,2,0.0000,0.0000,0.0000,0.5000,"LeadPursuit",3.031358
352,A0100,adaptive_eagle_v11,HABFM,507.369332,91.427600,82.906710,168.790737,94.465247,13755.843364,210.024842,15708.623685,-57.500645,-3758.502482,-55.369931,23.060747,False,False,False,False,False,True,False,2-circle,1.000000,269.623487,40.882345,-79.570435,1.681777,97.886569,99.492914,0.507086,2.113431,2,8,3,0.0000,0.0000,0.0000,0.5000,"PNLeadPursuit",-0.724658
352,B0100,defensive,HABFM,507.369332,91.427600,82.906710,168.790737,94.465247,13755.843364,210.024842,15708.623685,-57.500645,-3758.502482,-55.369931,23.060747,False,False,False,False,False,True,False,2-circle,1.000000,269.623487,40.882345,-79.570435,1.681777,99.492914,97.886569,2.113431,0.507086,2,8,2,0.0000,0.0000,0.0000,0.5000,"LeadPursuit",-0.732785
353,A0100,adaptive_eagle_v11,HABFM,570.394705,113.318595,63.240019,168.129442,118.915177,13747.545702,211.773255,15732.974333,121.753237,-3753.918570,-281.667202,14.020131,False,False,False,False,False,True,False,2-circle,1.000000,263.869464,51.342302,-73.282971,1.503770,97.886569,99.492914,0.507086,2.113431,2,8,3,0.0000,0.0000,0.0000,0.5000,"PNLeadPursuit",-0.390898
353,B0100,defensive,HABFM,570.394705,113.318595,63.240019,168.129442,118.915177,13747.545702,211.773255,15732.974333,121.753237,-3753.918570,-281.667202,14.020131,False,False,False,False,False,True,False,2-circle,1.000000,263.869464,51.342302,-73.282971,1.503770,99.492914,97.886569,2.113431,0.507086,2,8,2,0.0000,0.0000,0.0000,0.5000,"LeadPursuit",-0.406301
354,A0100,adaptive_eagle_v11,HABFM,700.122616,129.911626,49.217578,166.974011,136.480881,13738.790612,214.054667,15767.227310,171.264887,-3698.185430,-427.855046,7.881495,False,False,False,False,False,True,False,2-circle,1.000000,258.372793,68.162049,-62.133261,1.106752,97.886569,99.492914,0.507086,2.113431,2,8,3,0.0000,0.0000,0.0000,0.5000,"PNLeadPursuit",-0.213473
354,B0100,defensive,HABFM,700.122616,129.911626,49.217578,166.974011,136.480881,13738.790612,214.054667,15767.227310,171.264887,-3698.185430,-427.855046,7.881495,False,False,False,False,False,True,False,2-circle,1.000000,258.372793,68.162049,-62.133261,1.106752,99.492914,97.886569,2.113431,0.507086,2,8,2,0.0000,0.0000,0.0000,0.5000,"LeadPursuit",-0.231262
355,A0100,adaptive_eagle_v11,HABFM,866.690164,141.374273,40.139666,165.378648,148.146919,13729.567232,216.749291,15809.395277,210.839833,-3620.339268,-511.025223,4.733022,False,False,False,False,False,True,False,2-circle,1.000000,253.106971,89.399091,-48.983135,0.642401,97.886569,99.492914,0.507086,2.113431,2,8,3,0.0000,0.0000,0.0000,0.5000,"PNLeadPursuit",-0.121098
355,B0100,defensive,HABFM,866.690164,141.374273,40.139666,165.378648,148.146919,13729.567232,216.749291,15809.395277,210.839833,-3620.339268,-511.025223,4.733022,False,False,False,False,False,True,False,2-circle,1.000000,253.106971,89.399091,-48.983135,0.642401,99.492914,97.886569,2.113431,0.507086,2,8,2,0.0000,0.0000,0.0000,0.5000,"LeadPursuit",-0.142131
356,A0100,adaptive_eagle_v11,HABFM,1052.694908,149.276268,34.514349,163.531049,156.092796,13719.912552,219.628459,15855.361958,229.833407,-3528.583346,-558.040223,2.904137,False,False,False,False,False,True,False,2-circle,1.000000,247.898215,114.663741,-35.547417,0.219508,97.886569,99.492914,0.507086,2.113431,2,8,3,0.0000,0.0000,0.0000,0.5000,"PNLeadPursuit",-0.064995
356,B0100,defensive,HABFM,1052.694908,149.276268,34.514349,163.531049,156.092796,13719.912552,219.628459,15855.361958,229.833407,-3528.583346,-558.040223,2.904137,False,False,False,False,False,True,False,2-circle,1.000000,247.898215,114.663741,-35.547417,0.219508,99.492914,97.886569,2.113431,0.507086,2,8,2,0.0000,0.0000,0.0000,0.5000,"LeadPursuit",-0.093992
357,A0100,adaptive_eagle_v11,HABFM,1249.216436,154.802810,31.531029,161.291846,161.746469,13709.808690,222.651407,15904.446956,245.424990,-3403.273697,-583.619939,1.656901,False,False,False,False,False,True,False,2-circle,1.000000,242.670425,144.742990,-22.446463,-0.146284,97.886569,99.492914,0.507086,2.113431,2,8,3,0.0000,0.0000,0.0000,0.5000,"PNLeadPursuit",-0.034031
357,B0100,defensive,HABFM,1249.216436,154.802810,31.531029,161.291846,161.746469,13709.808690,222.651407,15904.446956,245.424990,-3403.273697,-583.619939,1.656901,False,False,False,False,False,True,False,2-circle,1.000000,242.670425,144.742990,-22.446463,-0.146284,99.492914,97.886569,2.113431,0.507086,2,8,2,0.0000,0.0000,0.0000,0.5000,"LeadPursuit",-0.066568
358,A0100,adaptive_eagle_v11,HABFM,1451.032805,158.814930,30.319400,158.911640,166.019239,13699.217885,225.646299,15953.293542,244.232927,-3252.351523,-597.025962,0.678876,False,False,False,False,False,True,False,2-circle,1.000000,237.933614,179.006942,-9.730149,-0.033281,97.886569,99.492914,0.507086,2.113431,2,8,3,0.0000,0.0000,0.0000,0.5000,"PNLeadPursuit",-0.026499
358,B0100,defensive,HABFM,1451.032805,158.814930,30.319400,158.911640,166.019239,13699.217885,225.646299,15953.293542,244.232927,-3252.351523,-597.025962,0.678876,False,False,False,False,False,True,False,2-circle,1.000000,237.933614,179.006942,-9.730149,-0.033281,99.492914,97.886569,2.113431,0.507086,2,8,2,0.0000,0.0000,0.0000,0.5000,"LeadPursuit",-0.049015
359,A0100,adaptive_eagle_v11,HABFM,1656.123914,161.931760,29.429067,157.097824,169.382411,13688.374115,228.583918,16001.522025,241.142417,-3128.776417,-607.373224,0.173252,False,False,False,False,False,True,False,2-circle,1.000000,234.062711,-147.838709,2.537295,2.010414,97.886569,99.492914,0.507086,2.113431,2,7,4,0.0000,0.0000,0.0000,0.5000,"TacticalLookup",-0.017487
359,B0100,defensive,HABFM,1656.123914,161.931760,29.429067,157.097824,169.382411,13688.374115,228.583918,16001.522025,241.142417,-3128.776417,-607.373224,0.173252,False,False,False,False,False,True,False,2-circle,1.000000,234.062711,-147.838709,2.537295,2.010414,99.492914,97.886569,2.113431,0.507086,2,8,2,0.0000,0.0000,0.0000,0.5000,"LeadPursuit",-0.036293
360,A0100,adaptive_eagle_v11,HABFM,1864.261538,164.476068,28.897151,155.596197,172.012562,13677.706389,231.403471,16048.270999,233.744866,-3090.286810,-616.977340,0.940752,False,False,False,False,False,True,False,2-circle,1.000000,230.465638,-120.912121,13.684801,4.725347,97.886569,99.492914,0.507086,2.113431,2,8,4,0.0000,0.0000,0.0000,0.5000,"TacticalLookup",-0.007064
360,B0100,defensive,HABFM,1864.261538,164.476068,28.897151,155.596197,172.012562,13677.706389,231.403471,16048.270999,233.744866,-3090.286810,-616.977340,0.940752,False,False,False,False,False,True,False,2-circle,1.000000,230.465638,-120.912121,13.684801,4.725347,99.492914,97.886569,2.113431,0.507086,2,8,2,0.0000,0.0000,0.0000,0.5000,"LeadPursuit",-0.026806
361,A0100,adaptive_eagle_v11,HABFM,2074.731319,166.618936,28.884649,154.165217,174.031994,13667.636150,234.003046,16091.761545,217.452732,-3057.491864,-623.667045,1.616687,False,False,False,False,False,True,False,2-circle,1.000000,226.631501,-100.833760,22.927919,7.062324,97.886569,99.492914,0.507086,2.113431,2,8,4,0.0000,0.0000,0.0000,0.5000,"TacticalLookup",-0.001034
361,B0100,defensive,HABFM,2074.731319,166.618936,28.884649,154.165217,174.031994,13667.636150,234.003046,16091.761545,217.452732,-3057.491864,-623.667045,1.616687,False,False,False,False,False,True,False,2-circle,1.000000,226.631501,-100.833760,22.927919,7.062324,99.492914,97.886569,2.113431,0.507086,2,8,2,0.0000,0.0000,0.0000,0.5000,"LeadPursuit",-0.019582
362,A0100,adaptive_eagle_v11,HABFM,2286.571292,168.376176,29.131117,152.856219,175.541028,13658.421069,234.840128,16099.920762,40.796083,-3083.598085,-626.831128,2.192079,False,False,False,False,False,True,False,2-circle,1.000000,222.110051,-86.390151,29.919104,8.822640,97.886569,99.492914,0.507086,2.113431,2,8,4,0.0000,0.0000,0.0000,0.5000,"TacticalLookup",0.009791
362,B0100,defensive,HABFM,2286.571292,168.376176,29.131117,152.856219,175.541028,13658.421069,234.840128,16099.920762,40.796083,-3083.598085,-626.831128,2.192079,False,False,False,False,False,True,False,2-circle,1.000000,222.110051,-86.390151,29.919104,8.822640,99.492914,97.886569,2.113431,0.507086,2,8,2,0.0000,0.0000,0.0000,0.5000,"LeadPursuit",-0.014235
363,A0100,adaptive_eagle_v11,HABFM,2498.662955,169.894304,29.993868,151.315552,176.662464,13650.163641,235.199803,16099.147751,-3.865055,-3102.119766,-626.279771,2.633912,False,False,False,False,False,True,False,2-circle,1.000000,216.676447,-76.295901,34.699204,10.061608,97.886569,99.492914,0.507086,2.113431,2,8,4,0.0000,0.0000,0.0000,0.5000,"TacticalLookup",0.016565
363,B0100,defensive,HABFM,2498.662955,169.894304,29.993868,151.315552,176.662464,13650.163641,235.199803,16099.147751,-3.865055,-3102.119766,-626.279771,2.633912,False,False,False,False,False,True,False,2-circle,1.000000,216.676447,-76.295901,34.699204,10.061608,99.492914,97.886569,2.113431,0.507086,2,8,2,0.0000,0.0000,0.0000,0.5000,"LeadPursuit",-0.010238
364,A0100,adaptive_eagle_v11,HABFM,2709.789368,171.244045,31.292681,149.674141,177.501742,13642.951362,235.391156,16095.921947,-16.129019,-3103.221963,-623.006304,2.927843,False,False,False,False,False,True,False,2-circle,1.000000,210.819881,-69.478703,37.603900,10.828389,97.886569,99.492914,0.507086,2.113431,2,8,4,0.0000,0.0000,0.0000,0.5000,"HeadOnBreak",0.009074
364,B0100,defensive,HABFM,2709.789368,171.244045,31.292681,149.674141,177.501742,13642.951362,235.391156,16095.921947,-16.129019,-3103.221963,-623.006304,2.927843,False,False,False,False,False,True,False,2-circle,1.000000,210.819881,-69.478703,37.603900,10.828389,99.492914,97.886569,2.113431,0.507086,2,8,2,0.0000,0.0000,0.0000,0.5000,"LeadPursuit",-0.006627
365,A0100,adaptive_eagle_v11,HABFM,2919.968705,172.451667,32.097663,148.652927,178.113507,13636.830141,235.441678,16090.853815,-25.340657,-3137.109905,-621.668416,3.130467,False,False,False,False,False,True,False,2-circle,1.000000,205.065890,-64.677243,39.475289,11.279270,97.886569,99.492914,0.507086,2.113431,2,8,4,0.0000,0.0000,0.0000,0.5000,"HeadOnBreak",0.007520
365,B0100,defensive,HABFM,2919.968705,172.451667,32.097663,148.652927,178.113507,13636.830141,235.441678,16090.853815,-25.340657,-3137.109905,-621.668416,3.130467,False,False,False,False,False,True,False,2-circle,1.000000,205.065890,-64.677243,39.475289,11.279270,99.492914,97.886569,2.113431,0.507086,2,8,2,0.0000,0.0000,0.0000,0.5000,"LeadPursuit",-0.003107
366,A0100,adaptive_eagle_v11,HABFM,3129.889828,173.541319,32.728425,147.890550,178.530576,13631.807153,235.369617,16084.328862,-32.624765,-3190.473912,-620.947150,3.346660,False,False,False,False,False,True,False,2-circle,1.000000,199.127106,-60.539055,41.352960,11.607368,97.886569,99.492914,0.507086,2.113431,2,8,4,0.0000,0.0000,0.0000,0.5000,"HeadOnBreak",0.011753
366,B0100,defensive,HABFM,3129.889828,173.541319,32.728425,147.890550,178.530576,13631.807153,235.369617,16084.328862,-32.624765,-3190.473912,-620.947150,3.346660,False,False,False,False,False,True,False,2-circle,1.000000,199.127106,-60.539055,41.352960,11.607368,99.492914,97.886569,2.113431,0.507086,2,8,2,0.0000,0.0000,0.0000,0.5000,"LeadPursuit",-0.000287
367,A0100,adaptive_eagle_v11,HABFM,3339.251803,174.525319,33.546709,147.026861,178.800317,13627.850413,235.188606,16076.601353,-38.637545,-3240.678386,-619.010813,3.669203,False,False,False,False,False,True,False,2-circle,1.000000,192.949379,-56.145410,43.955901,11.948590,97.886569,99.492914,0.507086,2.113431,2,8,4,0.0000,0.0000,0.0000,0.5000,"HeadOnBreak",0.013524
367,B0100,defensive,HABFM,3339.251803,174.525319,33.546709,147.026861,178.800317,13627.850413,235.188606,16076.601353,-38.637545,-3240.678386,-619.010813,3.669203,False,False,False,False,False,True,False,2-circle,1.000000,192.949379,-56.145410,43.955901,11.948590,99.492914,97.886569,2.113431,0.507086,2,8,3,0.0000,0.0000,0.0000,0.5000,"LeadPursuit",0.001497
368,A0100,adaptive_eagle_v11,HABFM,3547.833485,175.415245,34.408175,146.170481,178.957769,13624.906237,234.948184,16068.653251,-39.740514,-3294.797365,-616.670187,4.089356,False,False,False,False,False,True,False,2-circle,1.000000,186.376824,-51.616412,47.029745,12.271547,97.886569,99.492914,0.507086,2.113431,2,8,4,0.0000,0.0000,0.0000,0.5000,"HeadOnBreak",0.015029
368,B0100,defensive,HABFM,3547.833485,175.415245,34.408175,146.170481,178.957769,13624.906237,234.948184,16068.653251,-39.740514,-3294.797365,-616.670187,4.089356,False,False,False,False,False,True,False,2-circle,1.000000,186.376824,-51.616412,47.029745,12.271547,99.492914,97.886569,2.113431,0.507086,2,8,3,0.0000,0.0000,0.0000,0.5000,"LeadPursuit",0.004504
369,A0100,adaptive_eagle_v11,HABFM,3755.490596,176.288186,35.309878,145.477414,178.882496,13622.969506,234.507696,16057.561877,-55.456868,-3356.704979,-613.787911,4.384099,False,False,False,False,False,True,False,2-circle,1.000000,179.183240,-48.474244,48.959000,12.527797,97.886569,99.492914,0.507086,2.113431,2,8,4,0.0000,0.0000,0.0000,0.5000,"HeadOnBreak",0.016465
369,B0100,defensive,HABFM,3755.490596,176.288186,35.309878,145.477414,178.882496,13622.969506,234.507696,16057.561877,-55.456868,-3356.704979,-613.787911,4.384099,False,False,False,False,False,True,False,2-circle,1.000000,179.183240,-48.474244,48.959000,12.527797,99.492914,97.886569,2.113431,0.507086,2,8,3,0.0000,0.0000,0.0000,0.5000,"LeadPursuit",0.005175
370,A0100,adaptive_eagle_v11,HABFM,3962.040976,177.073265,36.256230,144.787568,178.730246,13622.158415,234.024759,16046.733695,-54.140911,-3420.910001,-610.484707,4.398378,False,False,False,False,False,True,False,2-circle,1.000000,171.057866,-47.401273,48.993521,12.749048,97.886569,99.492914,0.507086,2.113431,2,8,4,0.0000,0.0000,0.0000,0.5000,"HeadOnBreak",0.025373
370,B0100,defensive,HABFM,3962.040976,177.073265,36.256230,144.787568,178.730246,13622.158415,234.024759,16046.733695,-54.140911,-3420.910001,-610.484707,4.398378,False,False,False,False,False,True,False,2-circle,1.000000,171.057866,-47.401273,48.993521,12.749048,99.492914,97.886569,2.113431,0.507086,2,8,3,0.0000,0.0000,0.0000,0.5000,"LeadPursuit",0.005106
371,A0100,adaptive_eagle_v11,HABFM,4167.109274,177.715911,37.657522,143.641432,178.565294,13622.397447,233.539307,16036.924252,-49.047214,-3460.738580,-604.476417,4.360004,False,False,False,False,False,True,False,2-circle,1.000000,161.992163,-46.806987,48.686995,13.012096,97.886569,99.492914,0.507086,2.113431,2,8,4,0.0000,0.0000,0.0000,0.5000,"HeadOnBreak",0.024129
371,B0100,defensive,HABFM,4167.109274,177.715911,37.657522,143.641432,178.565294,13622.397447,233.539307,16036.924252,-49.047214,-3460.738580,-604.476417,4.360004,False,False,False,False,False,True,False,2-circle,1.000000,161.992163,-46.806987,48.686995,13.012096,99.492914,97.886569,2.113431,0.507086,2,8,3,0.0000,0.0000,0.0000,0.5000,"LeadPursuit",0.005508
372,A0100,adaptive_eagle_v11,HABFM,4369.873501,178.123196,38.977632,142.589927,178.372606,13623.664126,233.012157,16027.303005,-48.106238,-3503.870072,-598.543616,4.376733,False,False,False,False,False,True,False,2-circle,1.000000,152.477362,-45.985338,48.733336,13.342620,97.886569,99.492914,0.507086,2.113431,2,8,4,0.0000,0.0000,0.0000,0.5000,"HeadOnBreak",0.018287
372,B0100,defensive,HABFM,4369.873501,178.123196,38.977632,142.589927,178.372606,13623.664126,233.012157,16027.303005,-48.106238,-3503.870072,-598.543616,4.376733,False,False,False,False,False,True,False,2-circle,1.000000,152.477362,-45.985338,48.733336,13.342620,99.492914,97.886569,2.113431,0.507086,2,8,3,0.0000,0.0000,0.0000,0.5000,"LeadPursuit",0.005916
373,A0100,adaptive_eagle_v11,HABFM,4571.109272,178.137131,39.959380,141.892388,178.139503,13625.955201,232.445625,16017.920151,-46.914266,-3570.418947,-594.321823,4.463096,False,False,False,False,False,True,False,2-circle,1.000000,142.401337,-44.821762,49.220939,13.725484,97.886569,99.492914,0.507086,2.113431,2,8,4,0.0000,0.0000,0.0000,0.5000,"HeadOnBreak",0.021302
373,B0100,defensive,HABFM,4571.109272,178.137131,39.959380,141.892388,178.139503,13625.955201,232.445625,16017.920151,-46.914266,-3570.418947,-594.321823,4.463096,False,False,False,False,False,True,False,2-circle,1.000000,142.401337,-44.821762,49.220939,13.725484,99.492914,97.886569,2.113431,0.507086,2,8,3,0.0000,0.0000,0.0000,0.5000,"LeadPursuit",0.006140
374,A0100,adaptive_eagle_v11,HABFM,4770.714088,177.762058,41.067254,141.088001,177.870960,13629.253449,231.852042,16009.017556,-44.512976,-3632.579848,-589.178612,4.600055,False,False,False,False,False,True,False,2-circle,1.000000,131.668242,-43.439529,50.006058,14.134187,97.886569,99.492914,0.507086,2.113431,2,2,4,0.0000,0.0000,0.0000,0.5000,"ExtensionBreak",0.029612
374,B0100,defensive,HABFM,4770.714088,177.762058,41.067254,141.088001,177.870960,13629.253449,231.852042,16009.017556,-44.512976,-3632.579848,-589.178612,4.600055,False,False,False,False,False,True,False,2-circle,1.000000,131.668242,-43.439529,50.006058,14.134187,99.492914,97.886569,2.113431,0.507086,2,8,3,0.0000,0.0000,0.0000,0.5000,"LeadPursuit",0.006199
375,A0100,adaptive_eagle_v11,HABFM,4968.289093,177.167985,42.560902,139.910308,177.575021,13633.523546,231.240177,16000.743675,-41.369407,-3674.400414,-581.527361,4.765626,False,False,False,False,False,True,False,2-circle,1.000000,120.205782,-41.982564,50.929503,14.545750,97.886569,99.492914,0.507086,2.113431,2,2,4,0.0000,0.0000,0.0000,0.5000,"ExtensionBreak",0.041485
375,B0100,defensive,HABFM,4968.289093,177.167985,42.560902,139.910308,177.575021,13633.523546,231.240177,16000.743675,-41.369407,-3674.400414,-581.527361,4.765626,False,False,False,False,False,True,False,2-circle,1.000000,120.205782,-41.982564,50.929503,14.545750,99.492914,97.886569,2.113431,0.507086,2,8,3,0.0000,0.0000,0.0000,0.5000,"LeadPursuit",0.006224
376,A0100,adaptive_eagle_v11,HABFM,5162.589211,176.494002,44.613565,138.144989,177.263875,13638.718791,230.612696,15993.109232,-38.172216,-3673.484609,-569.965409,4.945026,False,False,False,False,False,True,False,2-circle,1.000000,108.782807,-40.559728,51.889396,14.944794,97.886569,99.492914,0.507086,2.113431,2,2,4,0.0000,0.0000,0.0000,0.5000,"ExtensionBreak",0.034696
376,B0100,defensive,HABFM,5162.589211,176.494002,44.613565,138.144989,177.263875,13638.718791,230.612696,15993.109232,-38.172216,-3673.484609,-569.965409,4.945026,False,False,False,False,False,True,False,2-circle,1.000000,108.782807,-40.559728,51.889396,14.944794,99.492914,97.886569,2.113431,0.507086,2,8,3,0.0000,0.0000,0.0000,0.5000,"LeadPursuit",0.006415
377,A0100,adaptive_eagle_v11,HABFM,5353.017392,175.811968,46.317513,136.660389,176.940313,13644.787887,229.966838,15986.009289,-35.499715,-3664.093619,-559.667040,5.131473,False,False,False,False,False,True,False,2-circle,1.000000,99.201537,-39.242084,52.841047,15.322478,97.886569,99.492914,0.507086,2.113431,2,2,4,0.0000,0.0000,0.0000,0.5000,"ExtensionBreak",0.011471
377,B0100,defensive,HABFM,5353.017392,175.811968,46.317513,136.660389,176.940313,13644.787887,229.966838,15986.009289,-35.499715,-3664.093619,-559.667040,5.131473,False,False,False,False,False,True,False,2-circle,1.000000,99.201537,-39.242084,52.841047,15.322478,99.492914,97.886569,2.113431,0.507086,2,8,3,0.0000,0.0000,0.0000,0.5000,"LeadPursuit",0.006789
378,A0100,adaptive_eagle_v11,HABFM,5541.051928,175.142557,46.918593,136.240504,176.589861,13651.679068,229.302699,15979.397216,-33.060364,-3681.045866,-555.389804,5.323138,False,False,False,False,False,True,False,2-circle,1.000000,92.489750,-38.045272,53.772597,15.674643,97.886569,99.492914,0.507086,2.113431,2,2,4,0.0000,0.0000,0.0000,0.5000,"ExtensionBreak",-0.008600
378,B0100,defensive,HABFM,5541.051928,175.142557,46.918593,136.240504,176.589861,13651.679068,229.302699,15979.397216,-33.060364,-3681.045866,-555.389804,5.323138,False,False,False,False,False,True,False,2-circle,1.000000,92.489750,-38.045272,53.772597,15.674643,99.492914,97.886569,2.113431,0.507086,2,8,3,0.0000,0.0000,0.0000,0.5000,"LeadPursuit",0.007231
379,A0100,adaptive_eagle_v11,HABFM,5728.604518,174.483121,46.579007,136.771502,176.197121,13659.341734,228.621022,15973.240640,-30.782881,-3711.891725,-556.206220,5.520321,False,False,False,False,False,True,False,2-circle,1.000000,88.519157,-36.949227,54.684686,15.999948,97.886569,99.492914,0.507086,2.113431,2,2,4,0.0000,0.0000,0.0000,0.5000,"ExtensionBreak",-0.021540
379,B0100,defensive,HABFM,5728.604518,174.483121,46.579007,136.771502,176.197121,13659.341734,228.621022,15973.240640,-30.782881,-3711.891725,-556.206220,5.520321,False,False,False,False,False,True,False,2-circle,1.000000,88.519157,-36.949227,54.684686,15.999948,99.492914,97.886569,2.113431,0.507086,2,8,3,0.0000,0.0000,0.0000,0.5000,"LeadPursuit",0.007661
380,A0100,adaptive_eagle_v11,HABFM,5917.049354,173.824053,45.621758,137.957638,175.752383,13667.726550,227.922803,15967.513543,-28.635484,-3746.721756,-560.209734,5.724024,False,False,False,False,False,True,False,2-circle,1.000000,86.583338,-35.924410,55.581176,16.298207,97.886569,99.492914,0.507086,2.113431,2,2,4,0.0000,0.0000,0.0000,0.5000,"ExtensionBreak",-0.029658
380,B0100,defensive,HABFM,5917.049354,173.824053,45.621758,137.957638,175.752383,13667.726550,227.922803,15967.513543,-28.635484,-3746.721756,-560.209734,5.724024,False,False,False,False,False,True,False,2-circle,1.000000,86.583338,-35.924410,55.581176,16.298207,99.492914,97.886569,2.113431,0.507086,2,8,3,0.0000,0.0000,0.0000,0.5000,"LeadPursuit",0.008063
381,A0100,adaptive_eagle_v11,HABFM,6107.201709,173.155443,44.252262,139.616241,175.250689,13676.785187,227.209343,15962.196808,-26.583673,-3776.076171,-566.039446,5.935244,False,False,False,False,False,True,False,2-circle,1.000000,85.899569,-34.946016,56.465221,16.569598,97.886569,99.492914,0.507086,2.113431,2,6,4,0.0000,0.0000,0.0000,0.5000,"TacticalLookup",-0.028354
381,B0100,defensive,HABFM,6107.201709,173.155443,44.252262,139.616241,175.250689,13676.785187,227.209343,15962.196808,-26.583673,-3776.076171,-566.039446,5.935244,False,False,False,False,False,True,False,2-circle,1.000000,85.899569,-34.946016,56.465221,16.569598,99.492914,97.886569,2.113431,0.507086,2,8,3,0.0000,0.0000,0.0000,0.5000,"LeadPursuit",0.008386
382,A0100,adaptive_eagle_v11,HABFM,6299.467616,172.467941,42.893009,141.389443,174.692430,13686.470034,226.482165,15957.276252,-24.602780,-3835.953346,-572.219746,6.154737,False,False,False,False,False,True,False,2-circle,1.000000,85.367919,-33.990228,57.338340,16.814357,97.886569,99.492914,0.507086,2.113431,2,5,4,0.0000,0.0000,0.0000,0.5000,"TacticalLookup",-0.015336
382,B0100,defensive,HABFM,6299.467616,172.467941,42.893009,141.389443,174.692430,13686.470034,226.482165,15957.276252,-24.602780,-3835.953346,-572.219746,6.154737,False,False,False,False,False,True,False,2-circle,1.000000,85.367919,-33.990228,57.338340,16.814357,99.492914,97.886569,2.113431,0.507086,2,8,3,0.0000,0.0000,0.0000,0.5000,"LeadPursuit",0.008513
383,A0100,adaptive_eagle_v11,HABFM,6493.496264,171.759564,42.120237,142.730037,174.090635,13696.734044,225.742911,15952.740313,-22.679698,-3954.030495,-576.582306,6.383026,False,False,False,False,False,True,False,2-circle,1.000000,83.543713,-33.033625,58.200743,17.032707,97.886569,99.492914,0.507086,2.113431,2,6,4,0.0000,0.0000,0.0000,0.5000,"TacticalLookup",-0.004291
383,B0100,defensive,HABFM,6493.496264,171.759564,42.120237,142.730037,174.090635,13696.734044,225.742911,15952.740313,-22.679698,-3954.030495,-576.582306,6.383026,False,False,False,False,False,True,False,2-circle,1.000000,83.543713,-33.033625,58.200743,17.032707,99.492914,97.886569,2.113431,0.507086,2,8,3,0.0000,0.0000,0.0000,0.5000,"LeadPursuit",0.008441
384,A0100,adaptive_eagle_v11,HABFM,6688.694605,171.032626,41.857272,143.743135,173.460638,13707.530678,224.993265,15948.578352,-20.809805,-4126.117077,-579.473025,6.620486,False,False,False,False,False,True,False,2-circle,1.000000,79.084015,-32.059445,59.051921,17.224867,97.886569,99.492914,0.507086,2.113431,2,6,4,0.0000,0.0000,0.0000,0.5000,"TacticalLookup",-0.006326
384,B0100,defensive,HABFM,6688.694605,171.032626,41.857272,143.743135,173.460638,13707.530678,224.993265,15948.578352,-20.809805,-4126.117077,-579.473025,6.620486,False,False,False,False,False,True,False,2-circle,1.000000,79.084015,-32.059445,59.051921,17.224867,99.492914,97.886569,2.113431,0.507086,2,8,0,0.0000,0.0000,0.0000,0.5000,"Pursue",0.008260
385,A0100,adaptive_eagle_v11,HABFM,6884.868346,170.286065,41.493483,144.947736,172.809333,13718.813929,224.234903,15944.779715,-18.993184,-4307.158580,-582.875591,6.867419,False,False,False,False,False,True,False,2-circle,1.000000,70.794499,-31.056702,59.891081,17.391073,97.886569,99.492914,0.507086,2.113431,2,7,4,0.0000,0.0000,0.0000,0.5000,"TacticalLookup",-0.010942
385,B0100,defensive,HABFM,6884.868346,170.286065,41.493483,144.947736,172.809333,13718.813929,224.234903,15944.779715,-18.993184,-4307.158580,-582.875591,6.867419,False,False,False,False,False,True,False,2-circle,1.000000,70.794499,-31.056702,59.891081,17.391073,99.492914,97.886569,2.113431,0.507086,2,8,0,0.0000,0.0000,0.0000,0.5000,"Pursue",0.008150
386,A0100,adaptive_eagle_v11,HABFM,7082.307337,169.517081,40.910172,146.461902,172.133396,13730.538384,223.469472,15941.333342,-17.231866,-4487.848689,-587.167291,7.124104,False,False,False,False,False,True,False,2-circle,1.000000,58.343072,-30.027899,60.717386,17.531591,97.886569,99.492914,0.507086,2.113431,2,7,4,0.0000,0.0000,0.0000,0.5000,"TacticalLookup",-0.015856
386,B0100,defensive,HABFM,7082.307337,169.517081,40.910172,146.461902,172.133396,13730.538384,223.469472,15941.333342,-17.231866,-4487.848689,-587.167291,7.124104,False,False,False,False,False,True,False,2-circle,1.000000,58.343072,-30.027899,60.717386,17.531591,99.492914,97.886569,2.113431,0.507086,2,8,0,0.0000,0.0000,0.0000,0.5000,"Pursue",0.008128
387,A0100,adaptive_eagle_v11,HABFM,7281.354546,168.722597,40.101488,148.255527,171.429052,13742.659286,222.698584,15938.227681,-15.528304,-4666.399648,-592.321834,7.390808,False,False,False,False,False,True,False,2-circle,1.000000,41.426452,-28.975659,61.530046,17.646730,97.886569,99.492914,0.507086,2.113431,2,8,4,0.0000,0.0000,0.0000,0.5000,"TacticalLookup",-0.013800
387,B0100,defensive,HABFM,7281.354546,168.722597,40.101488,148.255527,171.429052,13742.659286,222.698584,15938.227681,-15.528304,-4666.399648,-592.321834,7.390808,False,False,False,False,False,True,False,2-circle,1.000000,41.426452,-28.975659,61.530046,17.646730,99.492914,97.886569,2.113431,0.507086,2,8,0,0.0000,0.0000,0.0000,0.5000,"Pursue",0.008281
388,A0100,adaptive_eagle_v11,HABFM,7482.072510,167.908278,39.424476,149.783963,170.694831,13755.132599,221.923812,15935.450733,-13.884737,-4836.996777,-596.529559,7.667797,False,False,False,False,False,True,False,2-circle,1.000000,21.177129,-27.919078,62.328330,17.736833,97.886569,99.492914,0.507086,2.113431,2,8,4,0.0000,0.0000,0.0000,0.5000,"TacticalLookup",0.000718
388,B0100,defensive,HABFM,7482.072510,167.908278,39.424476,149.783963,170.694831,13755.132599,221.923812,15935.450733,-13.884737,-4836.996777,-596.529559,7.667797,False,False,False,False,False,True,False,2-circle,1.000000,21.177129,-27.919078,62.328330,17.736833,99.492914,97.886569,2.113431,0.507086,2,8,0,0.0000,0.0000,0.0000,0.5000,"Pursue",0.008569
389,A0100,adaptive_eagle_v11,HABFM,7683.705027,167.093600,39.490005,150.381861,169.939965,13767.915065,221.146693,15932.990125,-12.303043,-4995.162646,-596.873824,7.955318,False,False,False,False,False,True,False,2-circle,1.000000,0.160733,-26.890243,63.111557,17.802280,97.886569,99.492914,0.507086,2.113431,2,8,4,0.0000,0.0000,0.0000,0.5000,"TacticalLookup",0.019588
389,B0100,defensive,HABFM,7683.705027,167.093600,39.490005,150.381861,169.939965,13767.915065,221.146693,15932.990125,-12.303043,-4995.162646,-596.873824,7.955318,False,False,False,False,False,True,False,2-circle,1.000000,0.160733,-26.890243,63.111557,17.802280,99.492914,97.886569,2.113431,0.507086,2,8,0,0.0000,0.0000,0.0000,0.5000,"Pursue",0.008834
390,A0100,adaptive_eagle_v11,HABFM,7884.562145,166.294175,40.492135,149.972883,169.176963,13780.964249,220.368726,15930.833172,-10.784767,-5086.469456,-591.291067,8.253599,False,False,False,False,False,False,False,2-circle,1.000000,-20.046418,-25.905582,63.879076,17.843481,97.886569,99.492914,0.507086,2.113431,2,8,4,0.0000,0.0000,0.0000,0.5000,"TacticalLookup",0.027339
390,B0100,defensive,HABFM,7884.562145,166.294175,40.492135,149.972883,169.176963,13780.964249,220.368726,15930.833172,-10.784767,-5086.469456,-591.291067,8.253599,False,False,False,False,False,False,False,2-circle,1.000000,-20.046418,-25.905582,63.879076,17.843481,99.492914,97.886569,2.113431,0.507086,2,8,0,0.0000,0.0000,0.0000,0.5000,"Pursue",0.009008
391,A0100,adaptive_eagle_v11,HABFM,8082.969749,165.517784,41.850317,149.219700,168.415279,13794.238584,219.591376,15928.966931,-9.331202,-5152.275770,-583.297760,8.562837,False,False,False,False,False,False,False,2-circle,1.000000,-38.921743,-24.968068,64.630265,17.860878,97.886569,99.492914,0.507086,2.113431,2,8,4,0.0000,0.0000,0.0000,0.5000,"TacticalLookup",0.028140
391,B0100,defensive,HABFM,8082.969749,165.517784,41.850317,149.219700,168.415279,13794.238584,219.591376,15928.966931,-9.331202,-5152.275770,-583.297760,8.562837,False,False,False,False,False,False,False,2-circle,1.000000,-38.921743,-24.968068,64.630265,17.860878,99.492914,97.886569,2.113431,0.507086,2,8,0,0.0000,0.0000,0.0000,0.5000,"Pursue",0.009134
392,A0100,adaptive_eagle_v11,HABFM,8278.710293,164.761703,43.216364,148.493751,167.655535,13807.697407,218.816067,15927.378242,-7.943445,-5218.175096,-575.069462,8.883187,False,False,False,False,False,False,False,2-circle,1.000000,-56.780192,-24.071869,65.364522,17.854938,97.886569,99.492914,0.507086,2.113431,2,8,4,0.0000,0.0000,0.0000,0.5000,"TacticalLookup",0.029805
392,B0100,defensive,HABFM,8278.710293,164.761703,43.216364,148.493751,167.655535,13807.697407,218.816067,15927.378242,-7.943445,-5218.175096,-575.069462,8.883187,False,False,False,False,False,False,False,2-circle,1.000000,-56.780192,-24.071869,65.364522,17.854938,99.492914,97.886569,2.113431,0.507086,2,8,0,0.0000,0.0000,0.0000,0.5000,"Pursue",0.009228
393,A0100,adaptive_eagle_v11,HABFM,8471.618794,164.023705,44.632353,147.746993,166.898103,13821.300992,218.044188,15926.053757,-6.622424,-5280.768272,-566.316184,9.214757,False,False,False,False,False,False,False,2-circle,1.000000,-73.849958,-23.212810,66.081273,17.826152,97.886569,99.492914,0.507086,2.113431,2,8,4,0.0000,0.0000,0.0000,0.5000,"TacticalLookup",0.031254
393,B0100,defensive,HABFM,8471.618794,164.023705,44.632353,147.746993,166.898103,13821.300992,218.044188,15926.053757,-6.622424,-5280.768272,-566.316184,9.214757,False,False,False,False,False,False,False,2-circle,1.000000,-73.849958,-23.212810,66.081273,17.826152,99.492914,97.886569,2.113431,0.507086,2,8,0,0.0000,0.0000,0.0000,0.5000,"Pursue",0.009297
394,A0100,adaptive_eagle_v11,HABFM,8661.525362,163.301911,46.086843,146.992364,166.143375,13835.010581,217.277089,15924.979975,-5.368915,-5341.007165,-557.102593,9.557600,False,False,False,False,False,False,False,2-circle,1.000000,-90.339789,-22.387484,66.779973,17.775037,97.886569,99.492914,0.507086,2.113431,2,8,4,0.0000,0.0000,0.0000,0.5000,"TacticalLookup",0.032540
394,B0100,defensive,HABFM,8661.525362,163.301911,46.086843,146.992364,166.143375,13835.010581,217.277089,15924.979975,-5.368915,-5341.007165,-557.102593,9.557600,False,False,False,False,False,False,False,2-circle,1.000000,-90.339789,-22.387484,66.779973,17.775037,99.492914,97.886569,2.113431,0.507086,2,8,0,0.0000,0.0000,0.0000,0.5000,"Pursue",0.009346
395,A0100,adaptive_eagle_v11,HABFM,8848.282331,162.594553,47.571080,146.239145,165.391645,13848.788401,216.516079,15924.143266,-4.183542,-5399.714888,-547.481101,9.911705,False,False,False,False,False,False,False,2-circle,1.000000,-106.464312,-21.592897,67.460108,17.702131,97.886569,99.492914,0.507086,2.113431,2,8,4,0.0000,0.0000,0.0000,0.5000,"TacticalLookup",0.033704
395,B0100,defensive,HABFM,8848.282331,162.594553,47.571080,146.239145,165.391645,13848.788401,216.516079,15924.143266,-4.183542,-5399.714888,-547.481101,9.911705,False,False,False,False,False,False,False,2-circle,1.000000,-106.464312,-21.592897,67.460108,17.702131,99.492914,97.886569,2.113431,0.507086,2,8,0,0.0000,0.0000,0.0000,0.5000,"Pursue",0.009381
396,A0100,adaptive_eagle_v11,HABFM,9031.759624,161.899984,49.078303,145.493725,164.643134,13862.597696,215.762430,15923.529910,-3.066782,-5457.599781,-537.494555,10.276986,False,False,False,False,False,False,False,2-circle,1.000000,-122.443183,-20.826415,68.121197,17.607991,97.886569,99.492914,0.507086,2.113431,2,8,4,0.0000,0.0000,0.0000,0.5000,"TacticalLookup",0.034766
396,B0100,defensive,HABFM,9031.759624,161.899984,49.078303,145.493725,164.643134,13862.597696,215.762430,15923.529910,-3.066782,-5457.599781,-537.494555,10.276986,False,False,False,False,False,False,False,2-circle,1.000000,-122.443183,-20.826415,68.121197,17.607991,99.492914,97.886569,2.113431,0.507086,2,8,0,0.0000,0.0000,0.0000,0.5000,"Pursue",0.009405
397,A0100,adaptive_eagle_v11,HABFM,9211.842303,161.216670,50.602954,144.760539,163.898004,13876.402735,215.017370,15923.126117,-2.018964,-5515.311306,-527.180620,10.653276,False,False,False,False,False,False,False,2-circle,1.000000,-138.500813,-20.085706,68.762800,17.493194,97.886569,99.492914,0.507086,2.113431,2,8,4,0.0000,0.0000,0.0000,0.5000,"TacticalLookup",0.045476
397,B0100,defensive,HABFM,9211.842303,161.216670,50.602954,144.760539,163.898004,13876.402735,215.017370,15923.126117,-2.018964,-5515.311306,-527.180620,10.653276,False,False,False,False,False,False,False,2-circle,1.000000,-138.500813,-20.085706,68.762800,17.493194,99.492914,97.886569,2.113431,0.507086,2,8,0,0.0000,0.0000,0.0000,0.5000,"Pursue",0.009412
398,A0100,adaptive_eagle_v11,HABFM,9388.102417,160.544166,52.545995,143.619396,163.157322,13890.168830,214.282090,15922.918063,-1.040272,-5544.896378,-513.673961,11.040314,False,False,False,False,False,False,False,2-circle,1.000000,-154.808443,-19.369132,69.384512,17.358334,97.886569,99.492914,0.507086,2.113431,2,8,4,0.0000,0.0000,0.0000,0.5000,"TacticalLookup",0.053703
398,B0100,defensive,HABFM,9388.102417,160.544166,52.545995,143.619396,163.157322,13890.168830,214.282090,15922.918063,-1.040272,-5544.896378,-513.673961,11.040314,False,False,False,False,False,False,False,2-circle,1.000000,-154.808443,-19.369132,69.384512,17.358334,99.492914,97.886569,2.113431,0.507086,2,8,0,0.0000,0.0000,0.0000,0.5000,"Pursue",0.009398
399,A0100,adaptive_eagle_v11,HABFM,9559.227214,159.885917,54.756278,142.129115,162.424223,13903.862348,213.557737,15922.891912,-0.130754,-5550.483726,-497.866222,11.437737,False,False,False,False,False,False,False,2-circle,1.000000,-170.867268,-18.680384,69.985970,17.204019,97.886569,99.492914,0.507086,2.113431,2,8,4,0.0000,0.0000,0.0000,0.5000,"TacticalLookup",0.041494
399,B0100,defensive,HABFM,9559.227214,159.885917,54.756278,142.129115,162.424223,13903.862348,213.557737,15922.891912,-0.130754,-5550.483726,-497.866222,11.437737,False,False,False,False,False,False,False,2-circle,1.000000,-170.867268,-18.680384,69.985970,17.204019,99.492914,97.886569,2.113431,0.507086,2,8,0,0.0000,0.0000,0.0000,0.5000,"Pursue",0.009438
400,A0100,adaptive_eagle_v11,HABFM,9725.528547,159.241661,56.405580,141.147172,161.696901,13917.450715,212.845418,15923.033847,0.709677,-5588.109825,-485.782239,11.845067,False,False,False,False,False,False,False,2-circle,1.000000,-185.933746,-18.024656,70.566850,17.030870,97.886569,99.492914,0.507086,2.113431,2,8,4,0.0000,0.0000,0.0000,0.5000,"TacticalLookup",0.037608
400,B0100,defensive,HABFM,9725.528547,159.241661,56.405580,141.147172,161.696901,13917.450715,212.845418,15923.033847,0.709677,-5588.109825,-485.782239,11.845067,False,False,False,False,False,False,False,2-circle,1.000000,-185.933746,-18.024656,70.566850,17.030870,99.492914,97.886569,2.113431,0.507086,2,8,0,0.0000,0.0000,0.0000,0.5000,"Pursue",0.009520
401,A0100,adaptive_eagle_v11,HABFM,9888.190882,158.607249,57.866416,140.376171,160.972125,13930.902426,212.146198,15923.330094,1.481235,-5638.186508,-474.905040,12.261702,False,False,False,False,False,False,False,2-circle,1.000000,-200.100720,-17.400495,71.126872,16.839521,97.886569,99.492914,0.507086,2.113431,2,8,4,0.0000,0.0000,0.0000,0.5000,"TacticalLookup",0.040400
401,B0100,defensive,HABFM,9888.190882,158.607249,57.866416,140.376171,160.972125,13930.902426,212.146198,15923.330094,1.481235,-5638.186508,-474.905040,12.261702,False,False,False,False,False,False,False,2-circle,1.000000,-200.100720,-17.400495,71.126872,16.839521,99.492914,97.886569,2.113431,0.507086,2,8,0,0.0000,0.0000,0.0000,0.5000,"Pursue",0.009593
402,A0100,adaptive_eagle_v11,HABFM,10047.009511,157.981485,59.404212,139.557936,160.250247,13944.187042,211.461101,15923.766945,2.184255,-5683.047553,-463.304568,12.686908,False,False,False,False,False,False,False,2-circle,1.000000,-213.521547,-16.806055,71.665794,16.630615,97.886569,99.492914,0.507086,2.113431,2,8,3,0.0000,0.0000,0.0000,0.5000,"TacticalLookup",0.040921
402,B0100,defensive,HABFM,10047.009511,157.981485,59.404212,139.557936,160.250247,13944.187042,211.461101,15923.766945,2.184255,-5683.047553,-463.304568,12.686908,False,False,False,False,False,False,False,2-circle,1.000000,-213.521547,-16.806055,71.665794,16.630615,99.492914,97.886569,2.113431,0.507086,2,8,0,0.0000,0.0000,0.0000,0.5000,"Pursue",0.009658
403,A0100,adaptive_eagle_v11,HABFM,10201.910742,157.362732,60.931101,138.784630,159.531380,13957.275197,210.791108,15924.330782,2.819186,-5729.617818,-451.638404,13.119806,False,False,False,False,False,False,False,2-circle,1.000000,-226.500122,-16.238636,72.183420,16.404803,97.886569,99.492914,0.507086,2.113431,2,2,4,0.0000,0.0000,0.0000,0.5000,"ExtensionBreak",0.052102
403,B0100,defensive,HABFM,10201.910742,157.362732,60.931101,138.784630,159.531380,13957.275197,210.791108,15924.330782,2.819186,-5729.617818,-451.638404,13.119806,False,False,False,False,False,False,False,2-circle,1.000000,-226.500122,-16.238636,72.183420,16.404803,99.492914,97.886569,2.113431,0.507086,2,8,0,0.0000,0.0000,0.0000,0.5000,"Pursue",0.009714
404,A0100,adaptive_eagle_v11,HABFM,10352.554978,156.750042,62.823894,137.654417,158.816044,13970.138589,210.137160,15925.008100,3.386589,-5751.768033,-437.043674,13.559371,False,False,False,False,False,False,False,2-circle,1.000000,-239.278472,-15.696182,72.679592,16.162742,97.886569,99.492914,0.507086,2.113431,2,2,4,0.0000,0.0000,0.0000,0.5000,"ExtensionBreak",0.070997
404,B0100,defensive,HABFM,10352.554978,156.750042,62.823894,137.654417,158.816044,13970.138589,210.137160,15925.008100,3.386589,-5751.768033,-437.043674,13.559371,False,False,False,False,False,False,False,2-circle,1.000000,-239.278472,-15.696182,72.679592,16.162742,99.492914,97.886569,2.113431,0.507086,2,8,0,0.0000,0.0000,0.0000,0.5000,"Pursue",0.009767
405,A0100,adaptive_eagle_v11,HABFM,10497.407686,156.145695,65.284890,135.833107,158.105941,13982.749980,209.500153,15925.785525,3.887122,-5724.038255,-417.800597,14.004419,False,False,False,False,False,False,False,2-circle,1.000000,-251.181455,-15.182718,73.154197,15.905096,97.886569,99.492914,0.507086,2.113431,1,8,4,0.0000,0.0000,0.0000,0.5000,"SmartHighYoYo",0.059047
405,B0100,defensive,HABFM,10497.407686,156.145695,65.284890,135.833107,158.105941,13982.749980,209.500153,15925.785525,3.887122,-5724.038255,-417.800597,14.004419,False,False,False,False,False,False,False,2-circle,1.000000,-251.181455,-15.182718,73.154197,15.905096,99.492914,97.886569,2.113431,0.507086,2,8,0,0.0000,0.0000,0.0000,0.5000,"Pursue",0.009885
406,A0100,adaptive_eagle_v11,HABFM,10635.999127,155.551716,67.221835,134.391894,157.400024,13995.083188,208.880943,15926.649834,4.321545,-5706.868847,-402.158947,14.453609,False,False,False,False,False,False,False,2-circle,1.000000,-260.385524,-14.709361,73.607160,15.632531,97.886569,99.492914,0.507086,2.113431,4,8,3,0.0000,0.0000,0.0000,0.5000,"SmartHighYoYo",0.037066
406,B0100,defensive,HABFM,10635.999127,155.551716,67.221835,134.391894,157.400024,13995.083188,208.880943,15926.649834,4.321545,-5706.868847,-402.158947,14.453609,False,False,False,False,False,False,False,2-circle,1.000000,-260.385524,-14.709361,73.607160,15.632531,99.492914,97.886569,2.113431,0.507086,2,8,0,0.0000,0.0000,0.0000,0.5000,"Pursue",0.010049
407,A0100,adaptive_eagle_v11,HABFM,10770.352293,154.964041,68.401349,133.780184,156.695198,14007.113083,208.280345,15927.587975,4.690705,-5742.332071,-392.283370,14.905439,False,False,False,False,False,False,False,2-circle,1.000000,-266.829461,-14.275429,74.038448,15.345716,97.886569,99.492914,0.507086,2.113431,1,8,4,0.0000,0.0000,0.0000,0.5000,"SmartHighYoYo",0.037126
407,B0100,defensive,HABFM,10770.352293,154.964041,68.401349,133.780184,156.695198,14007.113083,208.280345,15927.587975,4.690705,-5742.332071,-392.283370,14.905439,False,False,False,False,False,False,False,2-circle,1.000000,-266.829461,-14.275429,74.038448,15.345716,99.492914,97.886569,2.113431,0.507086,2,8,0,0.0000,0.0000,0.0000,0.5000,"Pursue",0.010202
408,A0100,adaptive_eagle_v11,HABFM,10901.488382,154.379448,69.566590,133.221071,155.990952,14018.815574,207.699129,15928.587081,4.995531,-5782.774249,-382.503561,15.358250,False,False,False,False,False,False,False,2-circle,1.000000,-271.226191,-13.875434,74.448066,15.045319,97.886569,99.492914,0.507086,2.113431,1,8,4,0.0000,0.0000,0.0000,0.5000,"SmartHighYoYo",0.041725
408,B0100,defensive,HABFM,10901.488382,154.379448,69.566590,133.221071,155.990952,14018.815574,207.699129,15928.587081,4.995531,-5782.774249,-382.503561,15.358250,False,False,False,False,False,False,False,2-circle,1.000000,-271.226191,-13.875434,74.448066,15.045319,99.492914,97.886569,2.113431,0.507086,2,8,0,0.0000,0.0000,0.0000,0.5000,"Pursue",0.010343
409,A0100,adaptive_eagle_v11,HABFM,11029.083147,153.796823,70.858384,132.566996,155.287725,14030.167599,207.138027,15929.634488,5.237034,-5813.117411,-371.670507,15.810234,False,False,False,False,False,False,False,2-circle,1.000000,-273.773849,-13.507279,74.836059,14.732009,97.886569,99.492914,0.507086,2.113431,1,8,4,0.0000,0.0000,0.0000,0.5000,"SmartHighYoYo",0.044647
409,B0100,defensive,HABFM,11029.083147,153.796823,70.858384,132.566996,155.287725,14030.167599,207.138027,15929.634488,5.237034,-5813.117411,-371.670507,15.810234,False,False,False,False,False,False,False,2-circle,1.000000,-273.773849,-13.507279,74.836059,14.732009,99.492914,97.886569,2.113431,0.507086,2,8,0,0.0000,0.0000,0.0000,0.5000,"Pursue",0.010476
410,A0100,adaptive_eagle_v11,HABFM,11152.874306,153.214953,72.218258,131.880954,154.585809,14041.147115,206.597726,15930.717746,5.416292,-5838.210087,-360.236139,16.259437,False,False,False,False,False,False,False,2-circle,1.000000,-274.746452,-13.168578,75.202510,14.406455,97.886569,99.492914,0.507086,2.113431,1,8,4,0.0000,0.0000,0.0000,0.5000,"SmartHighYoYo",0.046882
410,B0100,defensive,HABFM,11152.874306,153.214953,72.218258,131.880954,154.585809,14041.147115,206.597726,15930.717746,5.416292,-5838.210087,-360.236139,16.259437,False,False,False,False,False,False,False,2-circle,1.000000,-274.746452,-13.168578,75.202510,14.406455,99.492914,97.886569,2.113431,0.507086,2,8,0,0.0000,0.0000,0.0000,0.5000,"Pursue",0.010601
411,A0100,adaptive_eagle_v11,HABFM,11272.704245,152.632694,73.620333,131.187159,153.885428,14051.733085,206.078873,15931.824636,5.534452,-5860.297037,-348.400527,16.703784,False,False,False,False,False,False,False,2-circle,1.000000,-274.451829,-12.856932,75.547536,14.069321,97.886569,99.492914,0.507086,2.113431,1,8,4,0.0000,0.0000,0.0000,0.5000,"SmartHighYoYo",0.048830
411,B0100,defensive,HABFM,11272.704245,152.632694,73.620333,131.187159,153.885428,14051.733085,206.078873,15931.824636,5.534452,-5860.297037,-348.400527,16.703784,False,False,False,False,False,False,False,2-circle,1.000000,-274.451829,-12.856932,75.547536,14.069321,99.492914,97.886569,2.113431,0.507086,2,8,0,0.0000,0.0000,0.0000,0.5000,"Pursue",0.010721
412,A0100,adaptive_eagle_v11,HABFM,11388.463535,152.049051,75.051910,130.494918,153.186756,14061.905463,205.582074,15932.943180,5.592719,-5880.487512,-336.261770,17.141087,False,False,False,False,False,False,False,2-circle,1.000000,-273.197744,-12.570104,75.871291,13.721268,97.886569,99.492914,0.507086,2.113431,1,8,4,0.0000,0.0000,0.0000,0.5000,"SmartHighYoYo",0.050649
412,B0100,defensive,HABFM,11388.463535,152.049051,75.051910,130.494918,153.186756,14061.905463,205.582074,15932.943180,5.592719,-5880.487512,-336.261770,17.141087,False,False,False,False,False,False,False,2-circle,1.000000,-273.197744,-12.570104,75.871291,13.721268,99.492914,97.886569,2.113431,0.507086,2,8,0,0.0000,0.0000,0.0000,0.5000,"Pursue",0.010837
413,A0100,adaptive_eagle_v11,HABFM,11500.067860,151.463174,76.505547,129.807753,152.489920,14071.645179,205.107893,15934.061651,5.592353,-5899.494441,-323.878379,17.569078,False,False,False,False,False,False,False,2-circle,1.000000,-271.284927,-12.306036,76.173961,13.362951,97.886569,99.492914,0.507086,2.113431,1,8,4,0.0000,0.0000,0.0000,0.5000,"SmartHighYoYo",0.052385
413,B0100,defensive,HABFM,11500.067860,151.463174,76.505547,129.807753,152.489920,14071.645179,205.107893,15934.061651,5.592353,-5899.494441,-323.878379,17.569078,False,False,False,False,False,False,False,2-circle,1.000000,-271.284927,-12.306036,76.173961,13.362951,99.492914,97.886569,2.113431,0.507086,2,8,0,0.0000,0.0000,0.0000,0.5000,"Pursue",0.010952
414,A0100,adaptive_eagle_v11,HABFM,11607.449715,150.874349,77.975588,129.127178,151.795005,14080.934125,204.656854,15935.168583,5.534661,-5917.922261,-311.296214,17.985431,False,False,False,False,False,False,False,2-circle,1.000000,-269.007670,-12.062815,76.455766,12.995023,97.886569,99.492914,0.507086,2.113431,1,8,4,0.0000,0.0000,0.0000,0.5000,"SmartHighYoYo",0.054041
414,B0100,defensive,HABFM,11607.449715,150.874349,77.975588,129.127178,151.795005,14080.934125,204.656854,15935.168583,5.534661,-5917.922261,-311.296214,17.985431,False,False,False,False,False,False,False,2-circle,1.000000,-269.007670,-12.062815,76.455766,12.995023,99.492914,97.886569,2.113431,0.507086,2,8,0,0.0000,0.0000,0.0000,0.5000,"Pursue",0.011067
415,A0100,adaptive_eagle_v11,HABFM,11710.556004,150.281983,79.456883,128.454015,151.102054,14089.755141,204.229441,15936.252782,5.420996,-5936.361353,-298.558160,18.387795,False,False,False,False,False,False,False,2-circle,1.000000,-266.655874,-11.838641,76.716956,12.618126,97.886569,99.492914,0.507086,2.113431,4,8,3,0.0000,0.0000,0.0000,0.5000,"SmartHighYoYo",0.071816
415,B0100,defensive,HABFM,11710.556004,150.281983,79.456883,128.454015,151.102054,14089.755141,204.229441,15936.252782,5.420996,-5936.361353,-298.558160,18.387795,False,False,False,False,False,False,False,2-circle,1.000000,-266.655874,-11.838641,76.716956,12.618126,99.492914,97.886569,2.113431,0.507086,2,8,0,0.0000,0.0000,0.0000,0.5000,"Pursue",0.011186
416,A0100,adaptive_eagle_v11,HABFM,11808.980866,149.685492,81.361762,127.363709,150.410945,14098.091992,203.826106,15937.303488,5.253527,-5926.760142,-282.444841,18.773832,False,False,False,False,False,False,False,2-circle,1.000000,-264.488381,-11.631908,76.957810,12.232897,97.886569,99.492914,0.507086,2.113431,1,8,4,0.0000,0.0000,0.0000,0.5000,"SmartHighYoYo",0.072296
416,B0100,defensive,HABFM,11808.980866,149.685492,81.361762,127.363709,150.410945,14098.091992,203.826106,15937.303488,5.253527,-5926.760142,-282.444841,18.773832,False,False,False,False,False,False,False,2-circle,1.000000,-264.488381,-11.631908,76.957810,12.232897,99.492914,97.886569,2.113431,0.507086,2,8,0,0.0000,0.0000,0.0000,0.5000,"Pursue",0.011327
417,A0100,adaptive_eagle_v11,HABFM,11901.644685,149.084328,83.205974,126.297153,149.720941,14105.929357,203.447278,15938.310541,5.035267,-5919.400964,-266.751382,19.141255,False,False,False,False,False,False,False,2-circle,1.000000,-262.247507,-11.443686,77.178640,11.839966,97.886569,99.492914,0.507086,2.113431,1,8,4,0.0000,0.0000,0.0000,0.5000,"SmartHighYoYo",0.059382
417,B0100,defensive,HABFM,11901.644685,149.084328,83.205974,126.297153,149.720941,14105.929357,203.447278,15938.310541,5.035267,-5919.400964,-266.751382,19.141255,False,False,False,False,False,False,False,2-circle,1.000000,-262.247507,-11.443686,77.178640,11.839966,99.492914,97.886569,2.113431,0.507086,2,8,0,0.0000,0.0000,0.0000,0.5000,"Pursue",0.011471
418,A0100,adaptive_eagle_v11,HABFM,11989.747133,148.478659,84.678219,125.605149,149.032233,14113.252805,203.093320,15939.263586,4.765227,-5938.056806,-253.908263,19.487866,False,False,False,False,False,False,False,2-circle,1.000000,-259.869857,-11.274206,77.379784,11.439952,97.886569,99.492914,0.507086,2.113431,1,8,4,0.0000,0.0000,0.0000,0.5000,"SmartHighYoYo",0.063873
418,B0100,defensive,HABFM,11989.747133,148.478659,84.678219,125.605149,149.032233,14113.252805,203.093320,15939.263586,4.765227,-5938.056806,-253.908263,19.487866,False,False,False,False,False,False,False,2-circle,1.000000,-259.869857,-11.274206,77.379784,11.439952,99.492914,97.886569,2.113431,0.507086,2,8,0,0.0000,0.0000,0.0000,0.5000,"Pursue",0.011618
419,A0100,adaptive_eagle_v11,HABFM,12073.361490,147.868141,86.219830,124.854223,148.344743,14120.048784,202.764557,15940.152532,4.444726,-5952.940607,-240.482084,19.811585,False,False,False,False,False,False,False,2-circle,1.000000,-257.567663,-11.122105,77.561595,11.033465,97.886569,99.492914,0.507086,2.113431,1,8,4,0.0000,0.0000,0.0000,0.5000,"SmartHighYoYo",0.064710
419,B0100,defensive,HABFM,12073.361490,147.868141,86.219830,124.854223,148.344743,14120.048784,202.764557,15940.152532,4.444726,-5952.940607,-240.482084,19.811585,False,False,False,False,False,False,False,2-circle,1.000000,-257.567663,-11.122105,77.561595,11.033465,99.492914,97.886569,2.113431,0.507086,2,8,0,0.0000,0.0000,0.0000,0.5000,"Pursue",0.011769
420,A0100,adaptive_eagle_v11,HABFM,12152.472011,147.252423,87.740220,124.132560,147.658363,14126.304602,202.461272,15940.967583,4.075258,-5970.615474,-227.179764,20.110496,False,False,False,False,False,False,False,2-circle,1.000000,-255.645550,-10.985572,77.724454,10.621106,97.886569,99.492914,0.507086,2.113431,1,8,4,0.0000,0.0000,0.0000,0.5000,"SmartHighYoYo",0.065684
420,B0100,defensive,HABFM,12152.472011,147.252423,87.740220,124.132560,147.658363,14126.304602,202.461272,15940.967583,4.075258,-5970.615474,-227.179764,20.110496,False,False,False,False,False,False,False,2-circle,1.000000,-255.645550,-10.985572,77.724454,10.621106,99.492914,97.886569,2.113431,0.507086,2,8,0,0.0000,0.0000,0.0000,0.5000,"Pursue",0.011925
421,A0100,adaptive_eagle_v11,HABFM,12227.124251,146.631283,89.242300,123.431704,146.972990,14132.008407,202.183712,15941.699248,3.658322,-5991.092338,-213.980747,20.382884,False,False,False,False,False,False,False,2-circle,1.000000,-254.412156,-10.862823,77.868761,10.203464,97.886569,99.492914,0.507086,2.113431,1,8,4,0.0000,0.0000,0.0000,0.5000,"SmartHighYoYo",0.086648
421,B0100,defensive,HABFM,12227.124251,146.631283,89.242300,123.431704,146.972990,14132.008407,202.183712,15941.699248,3.658322,-5991.092338,-213.980747,20.382884,False,False,False,False,False,False,False,2-circle,1.000000,-254.412156,-10.862823,77.868761,10.203464,99.492914,97.886569,2.113431,0.507086,2,8,0,0.0000,0.0000,0.0000,0.5000,"Pursue",-0.248426
422,A0100,adaptive_eagle_v11,DBFM,12296.995719,146.004167,91.153274,122.318734,146.288084,14137.149171,201.932085,15942.338334,3.195433,-5985.793988,-197.633267,20.627270,False,False,False,False,False,False,False,2-circle,1.000000,-254.183822,-10.752029,77.994940,9.781119,97.886569,99.492914,0.507086,2.113431,1,7,4,0.0000,0.0000,0.0000,0.5000,"SmartHighYoYo",0.088397
422,B0100,defensive,DBFM,12296.995719,146.004167,91.153274,122.318734,146.288084,14137.149171,201.932085,15942.338334,3.195433,-5985.793988,-197.633267,20.627270,False,False,False,False,False,False,False,2-circle,1.000000,-254.183822,-10.752029,77.994940,9.781119,99.492914,97.886569,2.113431,0.507086,2,8,0,0.0000,0.0000,0.0000,0.5000,"Pursue",-0.380187
423,A0100,adaptive_eagle_v11,DBFM,12361.037365,145.369844,93.022003,121.215098,145.602078,14141.716670,201.706564,15942.875958,2.688119,-5984.987814,-181.616534,20.842438,False,False,False,False,False,False,False,2-circle,1.000000,-254.841937,-10.653425,78.103433,9.354640,97.886569,99.492914,0.507086,2.113431,1,7,4,0.0000,0.0000,0.0000,0.5000,"SmartHighYoYo",0.072165
423,B0100,defensive,DBFM,12361.037365,145.369844,93.022003,121.215098,145.602078,14141.716670,201.706564,15942.875958,2.688119,-5984.987814,-181.616534,20.842438,False,False,False,False,False,False,False,2-circle,1.000000,-254.841937,-10.653425,78.103433,9.354640,99.492914,97.886569,2.113431,0.507086,2,8,0,0.0000,0.0000,0.0000,0.5000,"Pursue",-0.297259
424,A0100,adaptive_eagle_v11,DBFM,12420.426786,144.729715,94.500324,120.489543,144.916013,14145.701468,201.507285,15943.303542,2.137918,-6012.732232,-168.535350,21.027454,False,False,False,False,False,False,False,2-circle,1.000000,-256.178750,-10.567855,78.194704,8.924582,97.886569,99.492914,0.507086,2.113431,4,7,3,0.0000,0.0000,0.0000,0.5000,"SmartHighYoYo",0.099423
424,B0100,defensive,DBFM,12420.426786,144.729715,94.500324,120.489543,144.916013,14145.701468,201.507285,15943.303542,2.137918,-6012.732232,-168.535350,21.027454,False,False,False,False,False,False,False,2-circle,1.000000,-256.178750,-10.567855,78.194704,8.924582,99.492914,97.886569,2.113431,0.507086,2,8,0,0.0000,0.0000,0.0000,0.5000,"Pursue",-0.399483
425,A0100,adaptive_eagle_v11,DBFM,12474.939359,144.083266,96.460081,119.275019,144.229230,14149.094898,201.334347,15943.612816,1.546371,-6009.662818,-151.861497,21.181680,False,False,False,False,False,False,False,2-circle,1.000000,-258.398148,-10.493961,78.269229,8.491491,97.886569,99.492914,0.507086,2.113431,1,7,4,0.0000,0.0000,0.0000,0.5000,"SmartHighYoYo",0.119218
425,B0100,defensive,DBFM,12474.939359,144.083266,96.460081,119.275019,144.229230,14149.094898,201.334347,15943.612816,1.546371,-6009.662818,-151.861497,21.181680,False,False,False,False,False,False,False,2-circle,1.000000,-258.398148,-10.493961,78.269229,8.491491,99.492914,97.886569,2.113431,0.507086,2,8,0,0.0000,0.0000,0.0000,0.5000,"Pursue",-0.460741
426,A0100,adaptive_eagle_v11,DBFM,12523.279421,143.428360,98.691621,117.763032,143.539240,14151.889043,201.187816,15943.795820,0.915019,-5989.431042,-133.256435,21.304783,False,False,False,False,False,False,False,2-circle,1.000000,-261.310917,-10.432132,78.327500,8.055898,97.886569,99.492914,0.507086,2.113431,1,7,4,0.0000,0.0000,0.0000,0.5000,"SmartHighYoYo",0.095615
426,B0100,defensive,DBFM,12523.279421,143.428360,98.691621,117.763032,143.539240,14151.889043,201.187816,15943.795820,0.915019,-5989.431042,-133.256435,21.304783,False,False,False,False,False,False,False,2-circle,1.000000,-261.310917,-10.432132,78.327500,8.055898,99.492914,97.886569,2.113431,0.507086,2,8,0,0.0000,0.0000,0.0000,0.5000,"Pursue",-0.351803
427,A0100,adaptive_eagle_v11,DBFM,12565.872742,142.765599,100.398838,116.759576,142.846164,14154.076717,201.067724,15943.844899,0.245399,-6004.145026,-118.541847,21.396733,False,False,False,False,False,False,False,2-circle,1.000000,-264.177944,-10.385475,78.370024,7.618320,97.886569,99.492914,0.507086,2.113431,1,7,4,0.0000,0.0000,0.0000,0.5000,"SmartHighYoYo",0.087079
427,B0100,defensive,DBFM,12565.872742,142.765599,100.398838,116.759576,142.846164,14154.076717,201.067724,15943.844899,0.245399,-6004.145026,-118.541847,21.396733,False,False,False,False,False,False,False,2-circle,1.000000,-264.177944,-10.385475,78.370024,7.618320,99.492914,97.886569,2.113431,0.507086,2,8,0,0.0000,0.0000,0.0000,0.5000,"Pursue",-0.308310
428,A0100,adaptive_eagle_v11,DBFM,12603.974327,142.097058,101.901402,115.959586,142.151906,14155.651451,200.974069,15943.752707,-0.460960,-6033.112047,-105.315860,21.457795,False,False,False,False,False,False,False,2-circle,1.000000,-266.901347,-10.354063,78.397317,7.179265,97.886569,99.492914,0.507086,2.113431,1,7,4,0.0000,0.0000,0.0000,0.5000,"SmartHighYoYo",0.094372
428,B0100,defensive,DBFM,12603.974327,142.097058,101.901402,115.959586,142.151906,14155.651451,200.974069,15943.752707,-0.460960,-6033.112047,-105.315860,21.457795,False,False,False,False,False,False,False,2-circle,1.000000,-266.901347,-10.354063,78.397317,7.179265,99.492914,97.886569,2.113431,0.507086,2,8,0,0.0000,0.0000,0.0000,0.5000,"Pursue",-0.324289
429,A0100,adaptive_eagle_v11,DBFM,12637.467513,141.422264,103.477393,115.084491,141.455882,14156.607471,200.906816,15943.512199,-1.202540,-6057.514301,-91.579205,21.488517,False,False,False,False,False,False,False,2-circle,1.000000,-269.693075,-10.336354,78.409906,6.739223,97.886569,99.492914,0.507086,2.113431,1,7,4,0.0000,0.0000,0.0000,0.5000,"SmartHighYoYo",0.096172
429,B0100,defensive,DBFM,12637.467513,141.422264,103.477393,115.084491,141.455882,14156.607471,200.906816,15943.512199,-1.202540,-6057.514301,-91.579205,21.488517,False,False,False,False,False,False,False,2-circle,1.000000,-269.693075,-10.336354,78.409906,6.739223,99.492914,97.886569,2.113431,0.507086,2,8,0,0.0000,0.0000,0.0000,0.5000,"Pursue",-0.319736
430,A0100,adaptive_eagle_v11,DBFM,12666.357421,140.741023,105.031808,114.225755,140.757732,14156.939680,200.865898,15943.116633,-1.977833,-6084.582548,-78.012235,21.489711,False,False,False,False,False,False,False,2-circle,1.000000,-272.881846,-10.330296,78.408328,6.298672,97.886569,99.492914,0.507086,2.113431,1,7,4,0.0000,0.0000,0.0000,0.5000,"SmartHighYoYo",0.126809
430,B0100,defensive,DBFM,12666.357421,140.741023,105.031808,114.225755,140.757732,14156.939680,200.865898,15943.116633,-1.977833,-6084.582548,-78.012235,21.489711,False,False,False,False,False,False,False,2-circle,1.000000,-272.881846,-10.330296,78.408328,6.298672,99.492914,97.886569,2.113431,0.507086,2,8,0,0.0000,0.0000,0.0000,0.5000,"Pursue",-0.410344
431,A0100,adaptive_eagle_v11,DBFM,12690.378612,140.052513,106.995849,112.948526,140.056381,14156.643643,200.851221,15942.559563,-2.785348,-6085.403702,-61.663975,21.462427,False,False,False,False,False,False,False,2-circle,1.000000,-276.788245,-10.333863,78.393127,5.858076,97.886569,99.492914,0.507086,2.113431,1,7,4,0.0000,0.0000,0.0000,0.5000,"SmartHighYoYo",0.130277
431,B0100,defensive,DBFM,12690.378612,140.052513,106.995849,112.948526,140.056381,14156.643643,200.851221,15942.559563,-2.785348,-6085.403702,-61.663975,21.462427,False,False,False,False,False,False,False,2-circle,1.000000,-276.788245,-10.333863,78.393127,5.858076,99.492914,97.886569,2.113431,0.507086,2,8,0,0.0000,0.0000,0.0000,0.5000,"Pursue",-0.404735
432,A0100,adaptive_eagle_v11,DBFM,12708.618714,139.354270,108.914314,111.712974,139.349027,14155.715569,200.862655,15941.834841,-3.623609,-6090.346941,-45.734965,21.407926,False,False,False,False,False,False,False,2-circle,1.000000,-281.240602,-10.347223,78.364855,5.417885,97.886569,99.492914,0.507086,2.113431,1,7,4,0.0000,0.0000,0.0000,0.5000,"SmartHighYoYo",0.106095
432,B0100,defensive,DBFM,12708.618714,139.354270,108.914314,111.712974,139.349027,14155.715569,200.862655,15941.834841,-3.623609,-6090.346941,-45.734965,21.407926,False,False,False,False,False,False,False,2-circle,1.000000,-281.240602,-10.347223,78.364855,5.417885,99.492914,97.886569,2.113431,0.507086,2,8,0,0.0000,0.0000,0.0000,0.5000,"Pursue",-0.314912
433,A0100,adaptive_eagle_v11,DBFM,12722.181562,138.649048,110.418645,110.884253,138.638108,14154.152292,200.900046,15940.936609,-4.491160,-6125.262226,-32.636230,21.327644,False,False,False,False,False,False,False,2-circle,1.000000,-286.110644,-10.370536,78.324067,4.978532,97.886569,99.492914,0.507086,2.113431,4,7,3,0.0000,0.0000,0.0000,0.5000,"SmartHighYoYo",0.146979
433,B0100,defensive,DBFM,12722.181562,138.649048,110.418645,110.884253,138.638108,14154.152292,200.900046,15940.936609,-4.491160,-6125.262226,-32.636230,21.327644,False,False,False,False,False,False,False,2-circle,1.000000,-286.110644,-10.370536,78.324067,4.978532,99.492914,97.886569,2.113431,0.507086,2,8,0,0.0000,0.0000,0.0000,0.5000,"Pursue",-0.425641
434,A0100,adaptive_eagle_v11,DBFM,12730.926650,137.936221,112.408653,109.561759,137.922675,14151.951254,200.963210,15939.859297,-5.386562,-6128.363879,-16.428649,21.223168,False,False,False,False,False,False,False,2-circle,1.000000,-291.600241,-10.402302,78.271322,4.540439,97.886569,99.492914,0.507086,2.113431,1,7,4,0.0000,0.0000,0.0000,0.5000,"SmartHighYoYo",0.177178
434,B0100,defensive,DBFM,12730.926650,137.936221,112.408653,109.561759,137.922675,14151.951254,200.963210,15939.859297,-5.386562,-6128.363879,-16.428649,21.223168,False,False,False,False,False,False,False,2-circle,1.000000,-291.600241,-10.402302,78.271322,4.540439,99.492914,97.886569,2.113431,0.507086,2,8,0,0.0000,0.0000,0.0000,0.5000,"Pursue",-0.493059
435,A0100,adaptive_eagle_v11,DBFM,12733.749524,137.212102,114.662229,107.989310,137.198729,14149.110489,201.051936,15938.597617,-6.308401,-6113.852084,1.270930,21.096196,False,False,False,False,False,False,False,2-circle,1.000000,-297.445366,-10.443019,78.207185,4.104010,97.886569,99.492914,0.507086,2.113431,1,7,4,0.0000,0.0000,0.0000,0.5000,"SmartHighYoYo",0.144441
435,B0100,defensive,DBFM,12733.749524,137.212102,114.662229,107.989310,137.198729,14149.110489,201.051936,15938.597617,-6.308401,-6113.852084,1.270930,21.096196,False,False,False,False,False,False,False,2-circle,1.000000,-297.445366,-10.443019,78.207185,4.104010,99.492914,97.886569,2.113431,0.507086,2,8,0,0.0000,0.0000,0.0000,0.5000,"Pursue",-0.381848
436,A0100,adaptive_eagle_v11,DBFM,12731.068499,136.477626,116.396261,106.952729,136.467027,14145.628604,201.165988,15937.146560,-7.255284,-6133.520932,15.541380,20.948507,False,False,False,False,False,False,False,2-circle,1.000000,-302.914089,-10.495457,78.132219,3.669636,97.886569,99.492914,0.507086,2.113431,1,7,4,0.0000,0.0000,0.0000,0.5000,"SmartHighYoYo",0.133995
436,B0100,defensive,DBFM,12731.068499,136.477626,116.396261,106.952729,136.467027,14145.628604,201.165988,15937.146560,-7.255284,-6133.520932,15.541380,20.948507,False,False,False,False,False,False,False,2-circle,1.000000,-302.914089,-10.495457,78.132219,3.669636,99.492914,97.886569,2.113431,0.507086,2,8,0,0.0000,0.0000,0.0000,0.5000,"Pursue",-0.340306
437,A0100,adaptive_eagle_v11,DBFM,12723.963249,135.736205,117.937658,106.106347,135.730781,14141.504766,201.305102,15935.501392,-8.225842,-6166.338713,28.553510,20.781929,False,False,False,False,False,False,False,2-circle,1.000000,-307.969045,-10.559298,78.046989,3.237692,97.886569,99.492914,0.507086,2.113431,1,7,4,0.0000,0.0000,0.0000,0.5000,"SmartHighYoYo",0.146817
437,B0100,defensive,DBFM,12723.963249,135.736205,117.937658,106.106347,135.730781,14141.504766,201.305102,15935.501392,-8.225842,-6166.338713,28.553510,20.781929,False,False,False,False,False,False,False,2-circle,1.000000,-307.969045,-10.559298,78.046989,3.237692,99.492914,97.886569,2.113431,0.507086,2,8,0,0.0000,0.0000,0.0000,0.5000,"Pursue",-0.361312
438,A0100,adaptive_eagle_v11,DBFM,12712.343887,134.987217,119.558385,105.174496,134.989100,14136.738678,201.468994,15933.657645,-9.218732,-6193.784685,41.963920,20.598314,False,False,False,False,False,False,False,2-circle,1.000000,-312.811853,-10.633017,77.952060,2.808537,97.886569,99.492914,0.507086,2.113431,1,7,4,0.0000,0.0000,0.0000,0.5000,"SmartHighYoYo",0.151785
438,B0100,defensive,DBFM,12712.343887,134.987217,119.558385,105.174496,134.989100,14136.738678,201.468994,15933.657645,-9.218732,-6193.784685,41.963920,20.598314,False,False,False,False,False,False,False,2-circle,1.000000,-312.811853,-10.633017,77.952060,2.808537,99.492914,97.886569,2.113431,0.507086,2,8,0,0.0000,0.0000,0.0000,0.5000,"Pursue",-0.360682
439,A0100,adaptive_eagle_v11,DBFM,12696.222606,134.230450,121.166291,104.244092,134.241421,14131.330573,201.657354,15931.611118,-10.232637,-6223.025407,55.217360,20.399504,False,False,False,False,False,False,False,2-circle,1.000000,-317.769863,-10.714536,77.847994,2.382516,97.886569,99.492914,0.507086,2.113431,1,7,4,0.0000,0.0000,0.0000,0.5000,"SmartHighYoYo",0.201445
439,B0100,defensive,DBFM,12696.222606,134.230450,121.166291,104.244092,134.241421,14131.330573,201.657354,15931.611118,-10.232637,-6223.025407,55.217360,20.399504,False,False,False,False,False,False,False,2-circle,1.000000,-317.769863,-10.714536,77.847994,2.382516,99.492914,97.886569,2.113431,0.507086,2,2,3,0.0000,0.0000,0.0000,0.5000,"Pursue",-0.459047
440,A0100,adaptive_eagle_v11,DBFM,12675.463171,133.189284,123.188294,103.180908,133.206563,14125.305820,203.173440,15952.757600,105.732411,-6189.930659,70.459538,16.781766,False,False,False,False,False,False,False,2-circle,1.000000,-323.171578,-13.103361,75.433747,2.055924,97.886569,99.492914,0.507086,2.113431,1,7,4,0.0000,0.0000,0.0000,0.5000,"SmartHighYoYo",0.245650
440,B0100,defensive,DBFM,12675.463171,133.189284,123.188294,103.180908,133.206563,14125.305820,203.173440,15952.757600,105.732411,-6189.930659,70.459538,16.781766,False,False,False,False,False,False,False,2-circle,1.000000,-323.171578,-13.103361,75.433747,2.055924,99.492914,97.886569,2.113431,0.507086,2,2,3,0.0000,0.0000,0.0000,0.5000,"Pursue",-0.531764
441,A0100,adaptive_eagle_v11,DBFM,12648.997807,131.856597,125.478183,102.198984,131.871058,14118.877436,204.552005,15971.212460,92.274300,-6142.314807,87.987517,10.868427,False,False,False,False,False,False,False,2-circle,1.000000,-328.923323,-20.241766,68.267295,2.007336,97.886569,99.492914,0.507086,2.113431,1,7,4,0.0000,0.0000,0.0000,0.5000,"SmartHighYoYo",0.203575
441,B0100,defensive,DBFM,12648.997807,131.856597,125.478183,102.198984,131.871058,14118.877436,204.552005,15971.212460,92.274300,-6142.314807,87.987517,10.868427,False,False,False,False,False,False,False,2-circle,1.000000,-328.923323,-20.241766,68.267295,2.007336,99.492914,97.886569,2.113431,0.507086,2,2,3,0.0000,0.0000,0.0000,0.5000,"Pursue",-0.413461
442,A0100,adaptive_eagle_v11,DBFM,12616.919713,130.436460,127.249356,101.891659,130.436532,14112.505547,205.794706,15987.415677,81.016083,-6133.157804,103.001679,7.034737,False,False,False,False,False,False,False,2-circle,1.000000,-334.744672,-29.956138,58.523476,2.316690,97.886569,99.492914,0.507086,2.113431,4,7,3,0.0000,0.0000,0.0000,0.5000,"SmartHighYoYo",0.224532
442,B0100,defensive,DBFM,12616.919713,130.436460,127.249356,101.891659,130.436532,14112.505547,205.794706,15987.415677,81.016083,-6133.157804,103.001679,7.034737,False,False,False,False,False,False,False,2-circle,1.000000,-334.744672,-29.956138,58.523476,2.316690,99.492914,97.886569,2.113431,0.507086,2,2,3,0.0000,0.0000,0.0000,0.5000,"Pursue",-0.447350
443,A0100,adaptive_eagle_v11,DBFM,12580.156944,129.340962,129.087181,101.226105,129.325209,14106.677246,207.160172,16006.550307,95.673151,-6115.928982,117.044085,4.731381,False,False,False,False,False,False,False,2-circle,1.000000,-341.039522,-40.575228,47.871757,2.815602,97.886569,99.492914,0.507086,2.113431,1,7,4,0.0000,0.0000,0.0000,0.5000,"SmartHighYoYo",0.235689
443,B0100,defensive,DBFM,12580.156944,129.340962,129.087181,101.226105,129.325209,14106.677246,207.160172,16006.550307,95.673151,-6115.928982,117.044085,4.731381,False,False,False,False,False,False,False,2-circle,1.000000,-341.039522,-40.575228,47.871757,2.815602,99.492914,97.886569,2.113431,0.507086,2,2,3,0.0000,0.0000,0.0000,0.5000,"Pursue",-0.460729
444,A0100,adaptive_eagle_v11,DBFM,12538.758841,128.667800,130.890163,100.192295,128.641702,14101.675907,208.717490,16030.220757,118.352250,-6092.790606,129.081497,3.226814,False,False,False,False,False,False,False,2-circle,1.000000,-347.569948,-51.193372,37.218816,3.014245,97.886569,99.492914,0.507086,2.113431,1,7,4,0.0000,0.0000,0.0000,0.5000,"SmartHighYoYo",0.221321
444,B0100,defensive,DBFM,12538.758841,128.667800,130.890163,100.192295,128.641702,14101.675907,208.717490,16030.220757,118.352250,-6092.790606,129.081497,3.226814,False,False,False,False,False,False,False,2-circle,1.000000,-347.569948,-51.193372,37.218816,3.014245,99.492914,97.886569,2.113431,0.507086,2,2,3,0.0000,0.0000,0.0000,0.5000,"Pursue",-0.424416
445,A0100,adaptive_eagle_v11,DBFM,12493.905627,128.403354,132.492222,98.929450,128.374902,14097.647657,210.388159,16057.189958,134.846005,-6081.765934,138.481505,2.115360,False,False,False,False,False,False,False,2-circle,1.000000,-354.638587,-61.725312,26.648603,3.156830,97.886569,99.492914,0.507086,2.113431,1,7,4,0.0000,0.0000,0.0000,0.5000,"SmartHighYoYo",0.243638
445,B0100,defensive,DBFM,12493.905627,128.403354,132.492222,98.929450,128.374902,14097.647657,210.388159,16057.189958,134.846005,-6081.765934,138.481505,2.115360,False,False,False,False,False,False,False,2-circle,1.000000,-354.638587,-61.725312,26.648603,3.156830,99.492914,97.886569,2.113431,0.507086,2,2,3,0.0000,0.0000,0.0000,0.5000,"Pursue",-0.458801
446,A0100,adaptive_eagle_v11,DBFM,12446.079346,128.496655,134.164566,97.218127,128.473909,14094.641092,212.136054,16086.878215,148.441287,-6065.444242,146.683037,1.192372,False,False,False,False,False,False,False,2-circle,1.000000,-362.524248,-72.414678,15.916189,3.416118,97.886569,99.492914,0.507086,2.113431,1,7,4,0.0000,0.0000,0.0000,0.5000,"SmartHighYoYo",0.256915
446,B0100,defensive,DBFM,12446.079346,128.496655,134.164566,97.218127,128.473909,14094.641092,212.136054,16086.878215,148.441287,-6065.444242,146.683037,1.192372,False,False,False,False,False,False,False,2-circle,1.000000,-362.524248,-72.414678,15.916189,3.416118,99.492914,97.886569,2.113431,0.507086,2,2,3,0.0000,0.0000,0.0000,0.5000,"Pursue",-0.472844
447,A0100,adaptive_eagle_v11,DBFM,12395.752657,128.902360,135.836283,95.176518,128.892857,14092.658750,213.934354,16118.815857,159.688207,-6050.445814,153.515416,0.349309,False,False,False,False,False,False,False,2-circle,1.000000,-371.569274,-83.466582,4.814842,3.822598,97.886569,99.492914,0.507086,2.113431,1,7,4,0.0000,0.0000,0.0000,0.5000,"SmartHighYoYo",0.271041
447,B0100,defensive,DBFM,12395.752657,128.902360,135.836283,95.176518,128.892857,14092.658750,213.934354,16118.815857,159.688207,-6050.445814,153.515416,0.349309,False,False,False,False,False,False,False,2-circle,1.000000,-371.569274,-83.466582,4.814842,3.822598,99.492914,97.886569,2.113431,0.507086,2,2,3,0.0000,0.0000,0.0000,0.5000,"Pursue",-0.486432
448,A0100,adaptive_eagle_v11,DBFM,12343.374543,129.589873,137.508317,92.842374,129.603465,14091.712316,215.662166,16150.729555,159.568493,-6040.489579,159.170250,0.484328,False,False,False,False,False,False,False,2-circle,1.000000,-382.130912,-94.937685,-6.713819,4.723863,97.886569,99.492914,0.507086,2.113431,1,7,4,0.0000,0.0000,0.0000,0.5000,"SmartHighYoYo",0.285839
448,B0100,defensive,DBFM,12343.374543,129.589873,137.508317,92.842374,129.603465,14091.712316,215.662166,16150.729555,159.568493,-6040.489579,159.170250,0.484328,False,False,False,False,False,False,False,2-circle,1.000000,-382.130912,-94.937685,-6.713819,4.723863,99.492914,97.886569,2.113431,0.507086,2,2,3,0.0000,0.0000,0.0000,0.5000,"Pursue",-0.500492
449,A0100,adaptive_eagle_v11,DBFM,12289.352214,130.581361,139.181430,90.200106,130.637682,14092.018513,217.288571,16182.208811,157.396280,-6036.929399,163.597325,1.367491,False,False,False,False,False,False,False,2-circle,1.000000,-394.760914,-106.668046,-18.512523,7.324361,97.886569,99.492914,0.507086,2.113431,1,7,4,0.0000,0.0000,0.0000,0.5000,"SmartHighYoYo",0.385447
449,B0100,defensive,DBFM,12289.352214,130.581361,139.181430,90.200106,130.637682,14092.018513,217.288571,16182.208811,157.396280,-6036.929399,163.597325,1.367491,False,False,False,False,False,False,False,2-circle,1.000000,-394.760914,-106.668046,-18.512523,7.324361,99.492914,97.886569,2.113431,0.507086,2,2,3,0.0000,0.0000,0.0000,0.5000,"Pursue",-0.646663
450,A0100,adaptive_eagle_v11,DBFM,12233.972678,131.921573,141.281608,86.778259,132.049304,14093.863175,218.661306,16210.546712,141.689502,-6014.943923,168.284792,2.344454,False,False,False,False,False,False,False,1-circle,1.000000,-410.050320,-118.085630,-30.012165,10.419732,97.886569,99.492914,0.507086,2.113431,1,7,4,0.0000,0.0000,0.0000,0.5000,"SmartHighYoYo",0.492270
450,B0100,defensive,DBFM,12233.972678,131.921573,141.281608,86.778259,132.049304,14093.863175,218.661306,16210.546712,141.689502,-6014.943923,168.284792,2.344454,False,False,False,False,False,False,False,1-circle,1.000000,-410.050320,-118.085630,-30.012165,10.419732,99.492914,97.886569,2.113431,0.507086,2,2,3,0.0000,0.0000,0.0000,0.5000,"Pursue",-0.782996
451,A0100,adaptive_eagle_v11,DBFM,12177.064686,133.605193,143.699369,82.692886,133.836264,14097.402971,219.825545,16236.686640,130.699642,-5981.011532,172.597936,3.443653,False,False,False,False,False,False,False,1-circle,1.000000,-427.851928,-128.440378,-40.462247,12.965830,97.886569,99.492914,0.507086,2.113431,2,4,4,0.0000,0.0000,0.0000,0.5000,"Accelerate",0.620977
451,B0100,defensive,DBFM,12177.064686,133.605193,143.699369,82.692886,133.836264,14097.402971,219.825545,16236.686640,130.699642,-5981.011532,172.597936,3.443653,False,False,False,False,False,False,False,1-circle,1.000000,-427.851928,-128.440378,-40.462247,12.965830,99.492914,97.886569,2.113431,0.507086,2,2,3,0.0000,0.0000,0.0000,0.5000,"Pursue",-0.925712
452,A0100,adaptive_eagle_v11,DBFM,12118.949642,135.586414,146.364591,78.042100,135.949370,14102.602031,220.806372,16261.018587,121.659736,-5935.920360,176.207738,4.693015,False,False,False,False,False,False,False,1-circle,1.000000,-447.131974,-137.295043,-49.420798,14.709907,97.886569,99.492914,0.507086,2.113431,3,7,4,0.0000,0.0000,0.0000,0.5000,"LeadPursuit",0.637816
452,B0100,defensive,DBFM,12118.949642,135.586414,146.364591,78.042100,135.949370,14102.602031,220.806372,16261.018587,121.659736,-5935.920360,176.207738,4.693015,False,False,False,False,False,False,False,1-circle,1.000000,-447.131974,-137.295043,-49.420798,14.709907,99.492914,97.886569,2.113431,0.507086,2,2,3,0.0000,0.0000,0.0000,0.5000,"Pursue",-0.896142
453,A0100,adaptive_eagle_v11,DBFM,12059.924531,137.798688,148.712729,73.417978,138.314137,14109.284248,221.657311,16284.368976,116.751944,-5902.233993,177.422742,6.139928,False,False,False,False,False,False,False,1-circle,1.000000,-466.038463,-144.661979,-56.891409,15.705589,97.886569,99.492914,0.507086,2.113431,3,7,4,0.0000,0.0000,0.0000,0.5000,"LeadPursuit",0.493896
453,B0100,defensive,DBFM,12059.924531,137.798688,148.712729,73.417978,138.314137,14109.284248,221.657311,16284.368976,116.751944,-5902.233993,177.422742,6.139928,False,False,False,False,False,False,False,1-circle,1.000000,-466.038463,-144.661979,-56.891409,15.705589,99.492914,97.886569,2.113431,0.507086,2,2,3,0.0000,0.0000,0.0000,0.5000,"Pursue",-0.672530
454,A0100,adaptive_eagle_v11,DBFM,12000.947319,140.184395,150.352432,69.290298,140.865982,14117.201481,222.400007,16306.886516,112.587700,-5926.388551,176.327875,7.855027,False,False,False,False,False,False,False,1-circle,1.000000,-484.240340,-150.738805,-63.069938,16.040358,97.886569,99.492914,0.507086,2.113431,3,7,4,0.0000,0.0000,0.0000,0.5000,"LeadPursuit",0.547788
454,B0100,defensive,DBFM,12000.947319,140.184395,150.352432,69.290298,140.865982,14117.201481,222.400007,16306.886516,112.587700,-5926.388551,176.327875,7.855027,False,False,False,False,False,False,False,1-circle,1.000000,-484.240340,-150.738805,-63.069938,16.040358,99.492914,97.886569,2.113431,0.507086,2,2,3,0.0000,0.0000,0.0000,0.5000,"Pursue",-0.710457
455,A0100,adaptive_eagle_v11,DBFM,11942.402092,142.698817,152.024412,64.979284,143.554327,14126.089621,223.058408,16328.758696,109.360900,-5954.752946,175.122630,9.921859,False,False,False,False,False,False,False,1-circle,1.000000,-502.082291,-155.719334,-68.151728,15.795219,97.886569,99.492914,0.507086,2.113431,3,7,4,0.0000,0.0000,0.0000,0.5000,"LeadPursuit",0.641074
455,B0100,defensive,DBFM,11942.402092,142.698817,152.024412,64.979284,143.554327,14126.089621,223.058408,16328.758696,109.360900,-5954.752946,175.122630,9.921859,False,False,False,False,False,False,False,1-circle,1.000000,-502.082291,-155.719334,-68.151728,15.795219,99.492914,97.886569,2.113431,0.507086,2,2,3,0.0000,0.0000,0.0000,0.5000,"Pursue",-0.786498
456,A0100,adaptive_eagle_v11,DBFM,11884.263674,145.314272,153.814533,60.442590,146.344913,14135.680388,223.754572,16352.119962,116.806330,-5975.413903,173.930990,12.607017,False,False,False,False,False,False,False,1-circle,1.000000,-519.544015,-160.006444,-72.539488,15.077528,97.886569,99.492914,0.507086,2.113431,3,6,4,0.0000,0.0000,0.0000,0.5000,"LeadPursuit",0.917571
456,B0100,defensive,DBFM,11884.263674,145.314272,153.814533,60.442590,146.344913,14135.680388,223.754572,16352.119962,116.806330,-5975.413903,173.930990,12.607017,False,False,False,False,False,False,False,1-circle,1.000000,-519.544015,-160.006444,-72.539488,15.077528,99.492914,97.886569,2.113431,0.507086,2,2,3,0.0000,0.0000,0.0000,0.5000,"Pursue",-1.044111
457,A0100,adaptive_eagle_v11,DBFM,11826.440822,148.006820,156.077924,55.339652,149.202747,14145.693536,224.416106,16375.258360,115.691988,-5964.136463,173.389572,16.824710,False,False,False,False,False,False,False,1-circle,1.000000,-536.533099,-164.144384,-76.776936,14.039011,97.886569,99.492914,0.507086,2.113431,3,6,4,0.0000,0.0000,0.0000,0.5000,"LeadPursuit",1.051441
457,B0100,defensive,DBFM,11826.440822,148.006820,156.077924,55.339652,149.202747,14145.693536,224.416106,16375.258360,115.691988,-5964.136463,173.389572,16.824710,False,False,False,False,False,False,False,1-circle,1.000000,-536.533099,-164.144384,-76.776936,14.039011,99.492914,97.886569,2.113431,0.507086,2,2,3,0.0000,0.0000,0.0000,0.5000,"Pursue",-1.115094
458,A0100,adaptive_eagle_v11,DBFM,11768.521025,150.714921,158.280585,50.257612,152.034113,14155.756599,223.602125,16369.177006,-30.406765,-5996.443087,174.057768,26.045296,False,False,False,False,False,False,False,1-circle,1.000000,-552.163743,-168.613547,-81.340042,12.837591,97.886569,99.492914,0.507086,2.113431,3,6,4,0.0000,0.0000,0.0000,0.5000,"LeadPursuit",1.007369
458,B0100,defensive,DBFM,11768.521025,150.714921,158.280585,50.257612,152.034113,14155.756599,223.602125,16369.177006,-30.406765,-5996.443087,174.057768,26.045296,False,False,False,False,False,False,False,1-circle,1.000000,-552.163743,-168.613547,-81.340042,12.837591,99.492914,97.886569,2.113431,0.507086,2,2,3,0.0000,0.0000,0.0000,0.5000,"Pursue",-1.008982
459,A0100,adaptive_eagle_v11,DBFM,11710.343952,153.470548,160.130587,45.520632,154.865735,14165.439824,222.527201,16357.630217,-57.733946,-6064.752329,174.657522,63.473756,False,False,False,False,False,False,False,1-circle,1.000000,-566.331931,-173.593249,-86.407501,11.566283,97.886569,99.492914,0.507086,2.113431,3,6,4,0.0000,0.0000,0.0000,0.5000,"LeadPursuit",1.224028
459,B0100,defensive,DBFM,11710.343952,153.470548,160.130587,45.520632,154.865735,14165.439824,222.527201,16357.630217,-57.733946,-6064.752329,174.657522,63.473756,False,False,False,False,False,False,False,1-circle,1.000000,-566.331931,-173.593249,-86.407501,11.566283,99.492914,97.886569,2.113431,0.507086,2,2,3,0.0000,0.0000,0.0000,0.5000,"Pursue",-1.148680
460,A0100,adaptive_eagle_v11,DBFM,11651.853527,156.269428,162.107666,40.657345,157.679544,14174.395233,221.493158,16346.259536,-56.853406,-6125.411090,175.515464,229.320661,False,False,False,False,False,False,False,1-circle,1.000000,-579.019804,-178.933930,-91.829491,10.232307,97.886569,99.492914,0.507086,2.113431,3,5,4,0.0000,0.0000,0.0000,0.5000,"LeadPursuit",1.797110
460,B0100,defensive,DBFM,11651.853527,156.269428,162.107666,40.657345,157.679544,14174.395233,221.493158,16346.259536,-56.853406,-6125.411090,175.515464,229.320661,False,False,False,False,False,False,False,1-circle,1.000000,-579.019804,-178.933930,-91.829491,10.232307,99.492914,97.886569,2.113431,0.507086,2,2,3,0.0000,0.0000,0.0000,0.5000,"Pursue",-1.555209
461,A0100,adaptive_eagle_v11,DBFM,11592.936786,158.910653,164.540836,35.524391,160.256888,14182.273056,220.683582,16338.289698,-39.849192,-6147.666170,176.765459,230.119086,False,False,False,False,False,False,False,1-circle,1.000000,-590.110071,179.264757,-93.704890,8.961611,97.886569,99.492914,0.507086,2.113431,3,5,4,0.0000,0.0000,0.0000,0.5000,"LeadPursuit",2.525857
461,B0100,defensive,DBFM,11592.936786,158.910653,164.540836,35.524391,160.256888,14182.273056,220.683582,16338.289698,-39.849192,-6147.666170,176.765459,230.119086,False,False,False,False,False,False,False,1-circle,1.000000,-590.110071,179.264757,-93.704890,8.961611,99.492914,97.886569,2.113431,0.507086,2,2,3,0.0000,0.0000,0.0000,0.5000,"Pursue",-2.003650
462,A0100,adaptive_eagle_v11,DBFM,11533.498106,161.186783,167.119692,30.493018,162.461144,14188.975637,220.186606,16335.292575,-14.985613,-6139.201383,177.775939,152.746372,False,False,False,False,False,False,False,1-circle,1.000000,-598.952346,-175.457469,-88.490468,7.957497,97.886569,99.492914,0.507086,2.113431,3,4,4,0.0000,0.0000,0.0000,0.5000,"LeadPursuit",3.664101
462,B0100,defensive,DBFM,11533.498106,161.186783,167.119692,30.493018,162.461144,14188.975637,220.186606,16335.292575,-14.985613,-6139.201383,177.775939,152.746372,False,False,False,False,False,False,False,1-circle,1.000000,-598.952346,-175.457469,-88.490468,7.957497,99.492914,97.886569,2.113431,0.507086,2,2,3,0.0000,0.0000,0.0000,0.5000,"Pursue",-2.670649
463,A0100,adaptive_eagle_v11,DBFM,11473.698719,163.445881,169.538468,25.267471,164.710219,14194.704876,219.599002,16329.581496,-28.555393,-6111.308197,177.739347,32.437688,False,False,False,False,False,False,False,1-circle,1.000000,-604.792757,-169.826985,-82.908466,7.244611,97.886569,99.492914,0.507086,2.113431,3,4,4,0.0000,0.0000,0.0000,0.5000,"LeadPursuit",4.941817
463,B0100,defensive,DBFM,11473.698719,163.445881,169.538468,25.267471,164.710219,14194.704876,219.599002,16329.581496,-28.555393,-6111.308197,177.739347,32.437688,False,False,False,False,False,False,False,1-circle,1.000000,-604.792757,-169.826985,-82.908466,7.244611,99.492914,97.886569,2.113431,0.507086,2,2,3,0.0000,0.0000,0.0000,0.5000,"Pursue",-3.375108
464,A0100,adaptive_eagle_v11,DBFM,11414.007587,165.972669,170.922462,19.919025,167.317607,14199.715116,218.644320,16316.069826,-67.558354,-6067.020828,175.690054,29.171334,False,False,False,False,False,False,False,1-circle,1.000000,-605.966905,-168.985058,-82.091135,6.791529,97.886569,99.492914,0.507086,2.113431,3,4,4,0.0000,0.0000,0.0000,0.5000,"LeadPursuit",3.214251
464,B0100,defensive,DBFM,11414.007587,165.972669,170.922462,19.919025,167.317607,14199.715116,218.644320,16316.069826,-67.558354,-6067.020828,175.690054,29.171334,False,False,False,False,False,False,False,1-circle,1.000000,-605.966905,-168.985058,-82.091135,6.791529,99.492914,97.886569,2.113431,0.507086,2,2,3,0.0000,0.0000,0.0000,0.5000,"Pursue",-2.168274
465,A0100,adaptive_eagle_v11,DBFM,11354.928289,168.569426,170.438177,15.711144,170.033956,14204.117026,217.583375,16299.982856,-80.434847,-6039.131676,172.295108,45.390284,False,False,False,False,False,False,False,1-circle,1.000000,-601.080434,-171.775107,-84.874177,6.435438,97.886569,99.492914,0.507086,2.113431,3,4,4,0.0000,0.0000,0.0000,0.5000,"LeadPursuit",-1.543461
465,B0100,defensive,DBFM,11354.928289,168.569426,170.438177,15.711144,170.033956,14204.117026,217.583375,16299.982856,-80.434847,-6039.131676,172.295108,45.390284,False,False,False,False,False,False,False,1-circle,1.000000,-601.080434,-171.775107,-84.874177,6.435438,99.492914,97.886569,2.113431,0.507086,2,2,3,0.0000,0.0000,0.0000,0.5000,"Pursue",0.988819
466,A0100,adaptive_eagle_v11,DBFM,11296.825371,171.111907,168.693669,13.322047,172.666921,14207.777918,216.626565,16285.251388,-73.657343,-6012.382695,167.834792,234.260756,False,False,False,False,False,False,False,1-circle,1.000000,-589.313297,-176.479510,-89.535206,5.945491,97.886569,99.492914,0.507086,2.113431,3,4,4,0.0000,0.0000,0.0000,0.5000,"LeadPursuit",-3.306563
466,B0100,defensive,DBFM,11296.825371,171.111907,168.693669,13.322047,172.666921,14207.777918,216.626565,16285.251388,-73.657343,-6012.382695,167.834792,234.260756,False,False,False,False,False,False,False,1-circle,1.000000,-589.313297,-176.479510,-89.535206,5.945491,99.492914,97.886569,2.113431,0.507086,2,2,3,0.0000,0.0000,0.0000,0.5000,"Pursue",2.167067
467,A0100,adaptive_eagle_v11,DBFM,11239.892521,173.473857,166.860565,12.765603,175.041603,14210.437741,215.943173,16274.824263,-52.135621,-5999.824021,163.858868,234.979708,False,False,False,False,False,False,False,1-circle,1.000000,-570.628468,-178.245582,-91.220836,5.306145,97.886569,99.492914,0.507086,2.113431,3,4,4,0.0000,0.0000,0.0000,0.5000,"LeadPursuit",-2.422966
467,B0100,defensive,DBFM,11239.892521,173.473857,166.860565,12.765603,175.041603,14210.437741,215.943173,16274.824263,-52.135621,-5999.824021,163.858868,234.979708,False,False,False,False,False,False,False,1-circle,1.000000,-570.628468,-178.245582,-91.220836,5.306145,99.492914,97.886569,2.113431,0.507086,2,2,3,0.0000,0.0000,0.0000,0.5000,"Pursue",1.618886
468,A0100,adaptive_eagle_v11,DBFM,11183.779859,175.426614,165.460474,13.001490,177.038491,14212.012623,215.615335,16270.135741,-23.442613,-6004.714246,161.293700,59.907809,False,False,False,False,False,False,False,1-circle,1.000000,-546.405752,-173.213071,-86.077619,4.701361,97.886569,99.492914,0.507086,2.113431,3,4,4,0.0000,0.0000,0.0000,0.5000,"LeadPursuit",-2.448942
468,B0100,defensive,DBFM,11183.779859,175.426614,165.460474,13.001490,177.038491,14212.012623,215.615335,16270.135741,-23.442613,-6004.714246,161.293700,59.907809,False,False,False,False,False,False,False,1-circle,1.000000,-546.405752,-173.213071,-86.077619,4.701361,99.492914,97.886569,2.113431,0.507086,2,2,3,0.0000,0.0000,0.0000,0.5000,"Pursue",1.700005
469,A0100,adaptive_eagle_v11,DBFM,11128.491140,176.950955,163.816527,14.009812,178.894267,14212.669716,215.399552,16266.675435,-17.301528,-5978.398836,157.660427,19.869910,False,False,False,False,False,False,False,1-circle,1.000000,-516.999636,-165.583972,-78.308964,4.343554,97.886569,99.492914,0.507086,2.113431,3,4,4,0.0000,0.0000,0.0000,0.5000,"LeadPursuit",-2.470337
469,B0100,defensive,DBFM,11128.491140,176.950955,163.816527,14.009812,178.894267,14212.669716,215.399552,16266.675435,-17.301528,-5978.398836,157.660427,19.869910,False,False,False,False,False,False,False,1-circle,1.000000,-516.999636,-165.583972,-78.308964,4.343554,99.492914,97.886569,2.113431,0.507086,2,2,3,0.0000,0.0000,0.0000,0.5000,"Pursue",1.815856
470,A0100,adaptive_eagle_v11,DBFM,11074.495011,177.404514,161.824052,15.590012,-179.041673,14212.716973,214.953189,16258.218661,-42.283870,-5910.736163,152.471629,13.366130,False,False,False,False,False,False,False,1-circle,-1.000000,-481.813633,-160.315615,-72.868486,4.332285,97.886569,99.492914,0.507086,2.113431,3,4,4,0.0000,0.0000,0.0000,0.5000,"LeadPursuit",-1.939449
470,B0100,defensive,DBFM,11074.495011,177.404514,161.824052,15.590012,-179.041673,14212.716973,214.953189,16258.218661,-42.283870,-5910.736163,152.471629,13.366130,False,False,False,False,False,False,False,1-circle,-1.000000,-481.813633,-160.315615,-72.868486,4.332285,99.492914,97.886569,2.113431,0.507086,2,2,3,0.0000,0.0000,0.0000,0.5000,"Pursue",1.533342
471,A0100,adaptive_eagle_v11,DBFM,11022.133860,176.022873,160.034073,17.186606,-176.645426,14212.522175,214.175923,16243.257631,-74.805153,-5850.368940,148.291887,13.859272,False,False,False,False,False,False,False,1-circle,-1.000000,-440.833972,-161.040697,-73.388276,4.517211,97.886569,99.492914,0.507086,2.113431,3,4,4,0.0000,0.0000,0.0000,0.5000,"LeadPursuit",-0.772067
471,B0100,defensive,DBFM,11022.133860,176.022873,160.034073,17.186606,-176.645426,14212.522175,214.175923,16243.257631,-74.805153,-5850.368940,148.291887,13.859272,False,False,False,False,False,False,False,1-circle,-1.000000,-440.833972,-161.040697,-73.388276,4.517211,99.492914,97.886569,2.113431,0.507086,2,2,3,0.0000,0.0000,0.0000,0.5000,"Pursue",0.660116
472,A0100,adaptive_eagle_v11,DBFM,10970.407389,173.851962,159.478252,17.904383,-174.123676,14212.225073,213.302342,16226.428380,-84.146254,-5848.886400,149.202172,19.164452,False,False,False,False,False,False,False,1-circle,-1.000000,-396.218994,-165.657026,-77.777492,4.672549,97.886569,99.492914,0.507086,2.113431,3,4,4,0.0000,0.0000,0.0000,0.5000,"LeadPursuit",-0.012259
472,B0100,defensive,DBFM,10970.407389,173.851962,159.478252,17.904383,-174.123676,14212.225073,213.302342,16226.428380,-84.146254,-5848.886400,149.202172,19.164452,False,False,False,False,False,False,False,1-circle,-1.000000,-396.218994,-165.657026,-77.777492,4.672549,99.492914,97.886569,2.113431,0.507086,2,2,3,0.0000,0.0000,0.0000,0.5000,"Pursue",0.041812
473,A0100,adaptive_eagle_v11,DBFM,10917.712072,171.554089,159.894826,18.209470,-171.651418,14211.630130,212.525176,16211.182709,-76.228354,-5882.203079,153.954866,37.698195,False,False,False,False,False,False,False,1-circle,-1.000000,-350.776375,-171.806718,-83.693353,4.570726,97.886569,99.492914,0.507086,2.113431,3,4,4,0.0000,0.0000,0.0000,0.5000,"LeadPursuit",0.094668
473,B0100,defensive,DBFM,10917.712072,171.554089,159.894826,18.209470,-171.651418,14211.630130,212.525176,16211.182709,-76.228354,-5882.203079,153.954866,37.698195,False,False,False,False,False,False,False,1-circle,-1.000000,-350.776375,-171.806718,-83.693353,4.570726,99.492914,97.886569,2.113431,0.507086,2,2,3,0.0000,0.0000,0.0000,0.5000,"Pursue",-0.047937
474,A0100,adaptive_eagle_v11,DBFM,10863.504512,169.408911,160.457800,18.872117,-169.420368,14210.405123,212.013446,16200.340018,-54.213459,-5914.015733,159.178043,62.356004,False,False,False,False,False,False,False,1-circle,-1.000000,-305.171317,-174.518657,-86.168320,4.215271,97.886569,99.492914,0.507086,2.113431,2,4,4,0.0000,0.0000,0.0000,0.5000,"LeadPursuit",-0.031484
474,B0100,defensive,DBFM,10863.504512,169.408911,160.457800,18.872117,-169.420368,14210.405123,212.013446,16200.340018,-54.213459,-5914.015733,159.178043,62.356004,False,False,False,False,False,False,False,1-circle,-1.000000,-305.171317,-174.518657,-86.168320,4.215271,99.492914,97.886569,2.113431,0.507086,2,2,3,0.0000,0.0000,0.0000,0.5000,"Pursue",0.052190
475,A0100,adaptive_eagle_v11,DBFM,10807.868726,167.575023,160.861644,19.803817,-167.572330,14208.379175,211.845304,16195.158991,-25.905134,-5912.189167,163.030646,27.437173,False,False,False,False,False,False,False,1-circle,-1.000000,-259.292128,-169.929453,-81.338314,3.820127,97.886569,99.492914,0.507086,2.113431,2,4,4,0.0000,0.0000,0.0000,0.5000,"LeadPursuit",0.413904
475,B0100,defensive,DBFM,10807.868726,167.575023,160.861644,19.803817,-167.572330,14208.379175,211.845304,16195.158991,-25.905134,-5912.189167,163.030646,27.437173,False,False,False,False,False,False,False,1-circle,-1.000000,-259.292128,-169.929453,-81.338314,3.820127,99.492914,97.886569,2.113431,0.507086,2,2,3,0.0000,0.0000,0.0000,0.5000,"Pursue",-0.313641
476,A0100,adaptive_eagle_v11,DBFM,10751.086801,165.673893,161.843618,20.246870,-165.688909,14205.690623,211.615681,16188.165759,-34.966158,-5905.578718,168.531039,16.438311,False,False,False,False,False,False,False,1-circle,-1.000000,-213.436280,-164.553043,-75.718780,3.521799,97.886569,99.492914,0.507086,2.113431,2,4,4,0.0000,0.0000,0.0000,0.5000,"LeadPursuit",1.293124
476,B0100,defensive,DBFM,10751.086801,165.673893,161.843618,20.246870,-165.688909,14205.690623,211.615681,16188.165759,-34.966158,-5905.578718,168.531039,16.438311,False,False,False,False,False,False,False,1-circle,-1.000000,-213.436280,-164.553043,-75.718780,3.521799,99.492914,97.886569,2.113431,0.507086,2,2,3,0.0000,0.0000,0.0000,0.5000,"Pursue",-0.999110
477,A0100,adaptive_eagle_v11,DBFM,10691.917283,163.411656,163.782311,20.283978,-163.444816,14202.642411,211.036444,16174.279490,-69.431345,-5945.699903,178.026038,15.089884,False,False,False,False,False,False,False,1-circle,-1.000000,-170.309480,-163.525936,-74.461114,3.374658,97.886569,99.492914,0.507086,2.113431,2,4,4,0.0000,0.0000,0.0000,0.5000,"LeadPursuit",1.641568
477,B0100,defensive,DBFM,10691.917283,163.411656,163.782311,20.283978,-163.444816,14202.642411,211.036444,16174.279490,-69.431345,-5945.699903,178.026038,15.089884,False,False,False,False,False,False,False,1-circle,-1.000000,-170.309480,-163.525936,-74.461114,3.374658,99.492914,97.886569,2.113431,0.507086,2,2,3,0.0000,0.0000,0.0000,0.5000,"Pursue",-1.215059
478,A0100,adaptive_eagle_v11,DBFM,10629.658290,161.022587,165.828364,20.746333,-161.072711,14199.420947,210.340010,16158.066444,-81.065228,-5981.680732,187.673616,17.771936,False,False,False,False,False,False,False,1-circle,-1.000000,-131.381296,-165.948326,-76.673773,3.301135,97.886569,99.492914,0.507086,2.113431,2,4,4,0.0000,0.0000,0.0000,0.5000,"LeadPursuit",2.175082
478,B0100,defensive,DBFM,10629.658290,161.022587,165.828364,20.746333,-161.072711,14199.420947,210.340010,16158.066444,-81.065228,-5981.680732,187.673616,17.771936,False,False,False,False,False,False,False,1-circle,-1.000000,-131.381296,-165.948326,-76.673773,3.301135,99.492914,97.886569,2.113431,0.507086,2,2,3,0.0000,0.0000,0.0000,0.5000,"Pursue",-1.542449
479,A0100,adaptive_eagle_v11,DBFM,10564.364485,158.677739,168.018564,21.569690,-158.753692,14195.937512,209.720437,16143.061315,-75.025646,-6012.941835,197.093993,26.091558,False,False,False,False,False,False,False,1-circle,-1.000000,-97.018503,-170.269214,-80.808031,3.128682,97.886569,99.492914,0.507086,2.113431,2,4,4,0.0000,0.0000,0.0000,0.5000,"LeadPursuit",2.836584
479,B0100,defensive,DBFM,10564.364485,158.677739,168.018564,21.569690,-158.753692,14195.937512,209.720437,16143.061315,-75.025646,-6012.941835,197.093993,26.091558,False,False,False,False,False,False,False,1-circle,-1.000000,-97.018503,-170.269214,-80.808031,3.128682,99.492914,97.886569,2.113431,0.507086,2,2,3,0.0000,0.0000,0.0000,0.5000,"Pursue",-1.931280
480,A0100,adaptive_eagle_v11,DBFM,10496.127317,156.544524,170.271181,22.581335,-156.663327,14191.953763,209.339256,16132.005934,-55.276907,-6043.344496,205.732278,31.123411,False,False,False,False,False,False,False,1-circle,-1.000000,-67.502373,-171.883203,-82.260359,2.850563,97.886569,99.492914,0.507086,2.113431,2,4,4,0.0000,0.0000,0.0000,0.5000,"LeadPursuit",3.205539
480,B0100,defensive,DBFM,10496.127317,156.544524,170.271181,22.581335,-156.663327,14191.953763,209.339256,16132.005934,-55.276907,-6043.344496,205.732278,31.123411,False,False,False,False,False,False,False,1-circle,-1.000000,-67.502373,-171.883203,-82.260359,2.850563,99.492914,97.886569,2.113431,0.507086,2,2,3,0.0000,0.0000,0.0000,0.5000,"Pursue",-2.119312
481,A0100,adaptive_eagle_v11,DBFM,10425.421076,154.789040,172.282104,23.571556,-154.954504,14187.327606,209.284070,16126.357045,-28.244443,-6049.235187,212.173681,18.705942,False,False,False,False,False,False,False,1-circle,-1.000000,-42.756122,-167.013534,-77.253918,2.627718,97.886569,99.492914,0.507086,2.113431,2,4,4,0.0000,0.0000,0.0000,0.5000,"LeadPursuit",4.373565
481,B0100,defensive,DBFM,10425.421076,154.789040,172.282104,23.571556,-154.954504,14187.327606,209.284070,16126.357045,-28.244443,-6049.235187,212.173681,18.705942,False,False,False,False,False,False,False,1-circle,-1.000000,-42.756122,-167.013534,-77.253918,2.627718,99.492914,97.886569,2.113431,0.507086,2,2,3,0.0000,0.0000,0.0000,0.5000,"Pursue",-2.874822
482,A0100,adaptive_eagle_v11,DBFM,10352.722253,153.033529,174.350909,24.671177,-153.225236,14182.190034,209.166548,16119.042391,-36.573274,-6062.226317,218.413002,12.911515,False,False,False,False,False,False,False,1-circle,-1.000000,-22.937658,-161.714428,-71.844218,2.530972,97.886569,99.492914,0.507086,2.113431,2,4,4,0.0000,0.0000,0.0000,0.5000,"LeadPursuit",5.435414
482,B0100,defensive,DBFM,10352.722253,153.033529,174.350909,24.671177,-153.225236,14182.190034,209.166548,16119.042391,-36.573274,-6062.226317,218.413002,12.911515,False,False,False,False,False,False,False,1-circle,-1.000000,-22.937658,-161.714428,-71.844218,2.530972,99.492914,97.886569,2.113431,0.507086,2,2,3,0.0000,0.0000,0.0000,0.5000,"Pursue",-3.724549
483,A0100,adaptive_eagle_v11,DBFM,10277.803568,150.958263,176.233886,26.305016,-151.146400,14176.869015,208.699186,16105.075625,-69.833830,-6107.274073,225.667392,12.232964,False,False,False,False,False,False,False,1-circle,-1.000000,-9.002995,-160.816592,-70.867873,2.564224,97.886569,99.492914,0.507086,2.113431,2,4,4,0.0000,0.0000,0.0000,0.5000,"LeadPursuit",2.957166
483,B0100,defensive,DBFM,10277.803568,150.958263,176.233886,26.305016,-151.146400,14176.869015,208.699186,16105.075625,-69.833830,-6107.274073,225.667392,12.232964,False,False,False,False,False,False,False,1-circle,-1.000000,-9.002995,-160.816592,-70.867873,2.564224,99.492914,97.886569,2.113431,0.507086,2,2,3,0.0000,0.0000,0.0000,0.5000,"Pursue",-2.185409
484,A0100,adaptive_eagle_v11,DBFM,10200.366889,148.758277,177.046375,28.471642,-148.935893,14171.570602,208.106944,16088.849100,-81.132621,-6170.428626,233.008718,14.195445,False,False,False,False,False,False,False,1-circle,-1.000000,-0.318418,-163.308844,-73.310670,2.641136,97.886569,99.492914,0.507086,2.113431,2,4,4,0.0000,0.0000,0.0000,0.5000,"LeadPursuit",1.514312
484,B0100,defensive,DBFM,10200.366889,148.758277,177.046375,28.471642,-148.935893,14171.570602,208.106944,16088.849100,-81.132621,-6170.428626,233.008718,14.195445,False,False,False,False,False,False,False,1-circle,-1.000000,-0.318418,-163.308844,-73.310670,2.641136,99.492914,97.886569,2.113431,0.507086,2,2,3,0.0000,0.0000,0.0000,0.5000,"Pursue",-1.180662
485,A0100,adaptive_eagle_v11,DBFM,10120.444657,146.588863,177.385417,30.803269,-146.767539,14166.203006,207.581347,16073.809135,-75.199825,-6260.017136,240.882642,19.360227,False,False,False,False,False,True,False,1-circle,-1.000000,5.447622,-167.602419,-77.570954,2.601974,97.886569,99.492914,0.507086,2.113431,2,4,4,0.0000,0.0000,0.0000,0.5000,"LeadPursuit",0.368188
485,B0100,defensive,DBFM,10120.444657,146.588863,177.385417,30.803269,-146.767539,14166.203006,207.581347,16073.809135,-75.199825,-6260.017136,240.882642,19.360227,False,False,False,False,False,True,False,1-circle,-1.000000,5.447622,-167.602419,-77.570954,2.601974,99.492914,97.886569,2.113431,0.507086,2,2,3,0.0000,0.0000,0.0000,0.5000,"Pursue",-0.270700
486,A0100,adaptive_eagle_v11,DBFM,10037.710986,144.619243,177.430484,33.007055,-144.816585,14160.519840,207.283064,16062.647668,-55.807334,-6386.663529,249.181224,22.194549,False,False,False,False,False,True,False,1-circle,-1.000000,8.828668,-169.153034,-79.101663,2.448707,97.886569,99.492914,0.507086,2.113431,2,4,4,0.0000,0.0000,0.0000,0.5000,"LeadPursuit",1.928306
486,B0100,defensive,DBFM,10037.710986,144.619243,177.430484,33.007055,-144.816585,14160.519840,207.283064,16062.647668,-55.807334,-6386.663529,249.181224,22.194549,False,False,False,False,False,True,False,1-circle,-1.000000,8.828668,-169.153034,-79.101663,2.448707,99.492914,97.886569,2.113431,0.507086,2,2,3,0.0000,0.0000,0.0000,0.5000,"Pursue",-1.660115
487,A0100,adaptive_eagle_v11,DBFM,9952.447271,143.027167,177.817782,34.960513,-143.246853,14154.350613,207.300564,16056.799631,-29.240186,-6469.385697,255.611967,15.068548,False,False,False,False,False,True,False,1-circle,-1.000000,11.920760,-164.236774,-74.166878,2.344615,97.886569,99.492914,0.507086,2.113431,2,4,4,0.0000,0.0000,0.0000,0.5000,"LeadPursuit",2.366354
487,B0100,defensive,DBFM,9952.447271,143.027167,177.817782,34.960513,-143.246853,14154.350613,207.300564,16056.799631,-29.240186,-6469.385697,255.611967,15.068548,False,False,False,False,False,True,False,1-circle,-1.000000,11.920760,-164.236774,-74.166878,2.344615,99.492914,97.886569,2.113431,0.507086,2,2,3,0.0000,0.0000,0.0000,0.5000,"Pursue",-2.288703
488,A0100,adaptive_eagle_v11,DBFM,9865.183691,141.442185,178.267804,36.896740,-141.667292,14147.804261,207.251128,16049.346008,-37.268115,-6533.335615,261.761573,10.988239,False,False,False,False,False,True,False,1-circle,-1.000000,16.435626,-158.839338,-68.742207,2.355354,97.886569,99.492914,0.507086,2.113431,2,4,4,0.0000,0.0000,0.0000,0.5000,"LeadPursuit",1.555203
488,B0100,defensive,DBFM,9865.183691,141.442185,178.267804,36.896740,-141.667292,14147.804261,207.251128,16049.346008,-37.268115,-6533.335615,261.761573,10.988239,False,False,False,False,False,True,False,1-circle,-1.000000,16.435626,-158.839338,-68.742207,2.355354,99.492914,97.886569,2.113431,0.507086,2,2,3,0.0000,0.0000,0.0000,0.5000,"Pursue",-1.694811
489,A0100,adaptive_eagle_v11,DBFM,9775.516880,139.544065,178.483872,39.110394,-139.750960,14141.228127,206.849284,16035.403133,-69.714377,-6641.134110,270.055512,10.420413,False,False,False,False,False,True,False,1-circle,-1.000000,21.510571,-157.782541,-67.654374,2.483786,97.886569,99.492914,0.507086,2.113431,2,4,3,0.0000,0.0000,0.0000,0.5000,"LeadPursuit",0.766219
489,B0100,defensive,DBFM,9775.516880,139.544065,178.483872,39.110394,-139.750960,14141.228127,206.849284,16035.403133,-69.714377,-6641.134110,270.055512,10.420413,False,False,False,False,False,True,False,1-circle,-1.000000,21.510571,-157.782541,-67.654374,2.483786,99.492914,97.886569,2.113431,0.507086,2,2,3,0.0000,0.0000,0.0000,0.5000,"Pursue",-0.894531
490,A0100,adaptive_eagle_v11,DBFM,9682.809660,137.522213,178.506373,41.477813,-137.707420,14134.854672,206.315472,16019.265771,-80.686812,-6766.867739,279.293120,11.777062,False,False,False,False,False,True,False,1-circle,-1.000000,25.541573,-160.118063,-69.964572,2.655911,97.886569,99.492914,0.507086,2.113431,2,4,3,0.0000,0.0000,0.0000,0.5000,"LeadPursuit",-0.510302
490,B0100,defensive,DBFM,9682.809660,137.522213,178.506373,41.477813,-137.707420,14134.854672,206.315472,16019.265771,-80.686812,-6766.867739,279.293120,11.777062,False,False,False,False,False,True,False,1-circle,-1.000000,25.541573,-160.118063,-69.964572,2.655911,99.492914,97.886569,2.113431,0.507086,2,2,3,0.0000,0.0000,0.0000,0.5000,"Pursue",0.671583
491,A0100,adaptive_eagle_v11,DBFM,9586.981776,135.526505,178.329705,43.844632,-135.701212,14128.603299,205.838144,16004.305002,-74.803842,-6892.929212,288.560183,15.131259,False,False,False,False,False,True,False,1-circle,-1.000000,28.467658,-164.291125,-74.118517,2.726219,97.886569,99.492914,0.507086,2.113431,2,4,3,0.0000,0.0000,0.0000,0.5000,"LeadPursuit",0.620541
491,B0100,defensive,DBFM,9586.981776,135.526505,178.329705,43.844632,-135.701212,14128.603299,205.838144,16004.305002,-74.803842,-6892.929212,288.560183,15.131259,False,False,False,False,False,True,False,1-circle,-1.000000,28.467658,-164.291125,-74.118517,2.726219,99.492914,97.886569,2.113431,0.507086,2,2,3,0.0000,0.0000,0.0000,0.5000,"Pursue",-0.727316
492,A0100,adaptive_eagle_v11,DBFM,9488.096228,133.545573,178.384304,46.247442,-133.722440,14122.259444,205.427665,15990.487628,-69.086871,-6986.401106,297.200699,21.702356,False,False,False,False,False,True,False,1-circle,-1.000000,30.770563,-168.945967,-78.757649,2.566120,97.886569,99.492914,0.507086,2.113431,2,4,3,0.0000,0.0000,0.0000,0.5000,"LeadPursuit",-1.310335
492,B0100,defensive,DBFM,9488.096228,133.545573,178.384304,46.247442,-133.722440,14122.259444,205.427665,15990.487628,-69.086871,-6986.401106,297.200699,21.702356,False,False,False,False,False,True,False,1-circle,-1.000000,30.770563,-168.945967,-78.757649,2.566120,99.492914,97.886569,2.113431,0.507086,2,2,3,0.0000,0.0000,0.0000,0.5000,"Pursue",1.618628
493,A0100,adaptive_eagle_v11,DBFM,9386.381069,131.759515,178.136018,48.440384,-131.953761,14115.552307,205.236157,15980.298832,-50.943983,-7090.022617,305.514441,24.294853,False,False,False,False,False,True,False,1-circle,-1.000000,33.475043,-170.128146,-79.921279,2.243109,97.886569,99.492914,0.507086,2.113431,2,4,3,0.0000,0.0000,0.0000,0.5000,"LeadPursuit",-0.664432
493,B0100,defensive,DBFM,9386.381069,131.759515,178.136018,48.440384,-131.953761,14115.552307,205.236157,15980.298832,-50.943983,-7090.022617,305.514441,24.294853,False,False,False,False,False,True,False,1-circle,-1.000000,33.475043,-170.128146,-79.921279,2.243109,99.492914,97.886569,2.113431,0.507086,2,2,3,0.0000,0.0000,0.0000,0.5000,"Pursue",0.771716
494,A0100,adaptive_eagle_v11,DBFM,9282.045309,130.339884,178.022218,50.293585,-130.553669,14108.325269,205.340597,15974.970121,-26.643555,-7175.846111,312.298781,15.540009,False,False,False,False,False,True,False,1-circle,-1.000000,36.134603,-164.701753,-74.476186,1.978901,97.886569,99.492914,0.507086,2.113431,2,4,3,0.0000,0.0000,0.0000,0.5000,"LeadPursuit",-1.328275
494,B0100,defensive,DBFM,9282.045309,130.339884,178.022218,50.293585,-130.553669,14108.325269,205.340597,15974.970121,-26.643555,-7175.846111,312.298781,15.540009,False,False,False,False,False,True,False,1-circle,-1.000000,36.134603,-164.701753,-74.476186,1.978901,99.492914,97.886569,2.113431,0.507086,2,2,3,0.0000,0.0000,0.0000,0.5000,"Pursue",1.413249
495,A0100,adaptive_eagle_v11,DBFM,9175.542329,128.916766,177.792554,52.162761,-129.135608,14100.700947,205.365231,15967.793712,-35.882044,-7266.425582,319.290953,10.957479,False,False,False,False,False,True,False,1-circle,-1.000000,39.546703,-158.748041,-68.498579,1.874394,97.886569,99.492914,0.507086,2.113431,2,4,3,0.0000,0.0000,0.0000,0.5000,"LeadPursuit",-1.525101
495,B0100,defensive,DBFM,9175.542329,128.916766,177.792554,52.162761,-129.135608,14100.700947,205.365231,15967.793712,-35.882044,-7266.425582,319.290953,10.957479,False,False,False,False,False,True,False,1-circle,-1.000000,39.546703,-158.748041,-68.498579,1.874394,99.492914,97.886569,2.113431,0.507086,2,2,3,0.0000,0.0000,0.0000,0.5000,"Pursue",1.495718
496,A0100,adaptive_eagle_v11,DBFM,9066.342651,127.182706,177.533545,54.403586,-127.385926,14093.041297,205.035066,15954.135450,-68.291311,-7379.031772,327.996334,10.096231,False,False,False,False,False,True,False,1-circle,-1.000000,43.031436,-157.090320,-66.815905,1.942097,97.886569,99.492914,0.507086,2.113431,2,4,3,0.0000,0.0000,0.0000,0.5000,"LeadPursuit",-1.315292
496,B0100,defensive,DBFM,9066.342651,127.182706,177.533545,54.403586,-127.385926,14093.041297,205.035066,15954.135450,-68.291311,-7379.031772,327.996334,10.096231,False,False,False,False,False,True,False,1-circle,-1.000000,43.031436,-157.090320,-66.815905,1.942097,99.492914,97.886569,2.113431,0.507086,2,2,3,0.0000,0.0000,0.0000,0.5000,"Pursue",1.211677
497,A0100,adaptive_eagle_v11,DBFM,8954.149832,125.333332,177.370689,56.828542,-125.517408,14085.605133,204.569717,15938.260965,-79.372420,-7463.858134,336.620933,11.092503,False,False,False,False,False,True,False,1-circle,-1.000000,46.994055,-158.961306,-68.658192,2.104992,97.886569,99.492914,0.507086,2.113431,2,4,3,0.0000,0.0000,0.0000,0.5000,"LeadPursuit",-2.129115
497,B0100,defensive,DBFM,8954.149832,125.333332,177.370689,56.828542,-125.517408,14085.605133,204.569717,15938.260965,-79.372420,-7463.858134,336.620933,11.092503,False,False,False,False,False,True,False,1-circle,-1.000000,46.994055,-158.961306,-68.658192,2.104992,99.492914,97.886569,2.113431,0.507086,2,2,3,0.0000,0.0000,0.0000,0.5000,"Pursue",1.802152
498,A0100,adaptive_eagle_v11,DBFM,8839.087877,123.515644,176.941775,59.190970,-123.689928,14078.338242,204.154532,15923.481582,-73.896918,-7563.372558,345.488664,13.806649,False,False,False,False,False,True,False,1-circle,-1.000000,51.982172,-162.876826,-72.537534,2.209667,97.886569,99.492914,0.507086,2.113431,2,4,3,0.0000,0.0000,0.0000,0.5000,"LeadPursuit",-2.055557
498,B0100,defensive,DBFM,8839.087877,123.515644,176.941775,59.190970,-123.689928,14078.338242,204.154532,15923.481582,-73.896918,-7563.372558,345.488664,13.806649,False,False,False,False,False,True,False,1-circle,-1.000000,51.982172,-162.876826,-72.537534,2.209667,99.492914,97.886569,2.113431,0.507086,2,2,3,0.0000,0.0000,0.0000,0.5000,"Pursue",1.625439
499,A0100,adaptive_eagle_v11,DBFM,8721.015892,121.715695,176.509781,61.557534,-121.890531,14071.045947,203.799612,15909.779338,-68.511218,-7648.735801,354.042346,18.954164,False,False,False,False,False,True,False,1-circle,-1.000000,57.327866,-167.449760,-77.070903,2.115171,97.886569,99.492914,0.507086,2.113431,2,4,3,0.0000,0.0000,0.0000,0.5000,"LeadPursuit",-2.091991
499,B0100,defensive,DBFM,8721.015892,121.715695,176.509781,61.557534,-121.890531,14071.045947,203.799612,15909.779338,-68.511218,-7648.735801,354.042346,18.954164,False,False,False,False,False,True,False,1-circle,-1.000000,57.327866,-167.449760,-77.070903,2.115171,99.492914,97.886569,2.113431,0.507086,2,2,3,0.0000,0.0000,0.0000,0.5000,"Pursue",1.564092
500,A0100,adaptive_eagle_v11,DBFM,8600.177651,120.111509,175.935991,63.717917,-120.300057,14063.467177,203.657155,15899.630898,-50.742204,-7744.280168,362.101314,20.985494,False,False,False,False,False,True,False,1-circle,-1.000000,63.718706,-168.703458,-78.276875,1.873028,97.886569,99.492914,0.507086,2.113431,2,4,3,0.0000,0.0000,0.0000,0.5000,"LeadPursuit",-2.058062
500,B0100,defensive,DBFM,8600.177651,120.111509,175.935991,63.717917,-120.300057,14063.467177,203.657155,15899.630898,-50.742204,-7744.280168,362.101314,20.985494,False,False,False,False,False,True,False,1-circle,-1.000000,63.718706,-168.703458,-78.276875,1.873028,99.492914,97.886569,2.113431,0.507086,2,2,3,0.0000,0.0000,0.0000,0.5000,"Pursue",1.470324
501,A0100,adaptive_eagle_v11,DBFM,8476.805722,118.879082,175.257004,65.520297,-119.084143,14055.435286,203.806901,15894.300208,-26.653448,-7848.139314,368.881428,14.202497,False,False,False,False,False,True,False,1-circle,-1.000000,69.911420,-163.437630,-72.963226,1.689525,97.886569,99.492914,0.507086,2.113431,2,4,3,0.0000,0.0000,0.0000,0.5000,"LeadPursuit",-1.856722
501,B0100,defensive,DBFM,8476.805722,118.879082,175.257004,65.520297,-119.084143,14055.435286,203.806901,15894.300208,-26.653448,-7848.139314,368.881428,14.202497,False,False,False,False,False,True,False,1-circle,-1.000000,69.911420,-163.437630,-72.963226,1.689525,99.492914,97.886569,2.113431,0.507086,2,2,3,0.0000,0.0000,0.0000,0.5000,"Pursue",1.295124
502,A0100,adaptive_eagle_v11,DBFM,8351.319884,117.652634,174.642432,67.375010,-117.862434,14047.060220,203.877160,15887.193196,-35.535058,-7922.326720,374.981044,10.290212,False,False,False,False,False,True,False,1-circle,-1.000000,75.924051,-157.601520,-67.079036,1.652378,97.886569,99.492914,0.507086,2.113431,2,4,3,0.0000,0.0000,0.0000,0.5000,"LeadPursuit",-1.779781
502,B0100,defensive,DBFM,8351.319884,117.652634,174.642432,67.375010,-117.862434,14047.060220,203.877160,15887.193196,-35.535058,-7922.326720,374.981044,10.290212,False,False,False,False,False,True,False,1-circle,-1.000000,75.924051,-157.601520,-67.079036,1.652378,99.492914,97.886569,2.113431,0.507086,2,2,3,0.0000,0.0000,0.0000,0.5000,"Pursue",1.232439
503,A0100,adaptive_eagle_v11,DBFM,8223.562070,116.123281,173.970630,69.567762,-116.320836,14038.707980,203.593374,15873.721798,-67.356989,-8018.597467,382.684776,9.522585,False,False,False,False,False,True,False,1-circle,-1.000000,82.120854,-155.983657,-65.410213,1.770378,97.886569,99.492914,0.507086,2.113431,2,4,3,0.0000,0.0000,0.0000,0.5000,"LeadPursuit",-1.565464
503,B0100,defensive,DBFM,8223.562070,116.123281,173.970630,69.567762,-116.320836,14038.707980,203.593374,15873.721798,-67.356989,-8018.597467,382.684776,9.522585,False,False,False,False,False,True,False,1-circle,-1.000000,82.120854,-155.983657,-65.410213,1.770378,99.492914,97.886569,2.113431,0.507086,2,2,3,0.0000,0.0000,0.0000,0.5000,"Pursue",1.085146
504,A0100,adaptive_eagle_v11,DBFM,8093.077373,114.486022,173.403573,71.897001,-114.668011,14030.644996,203.171869,15858.068515,-78.266420,-8098.437512,390.518043,10.395555,False,False,False,False,False,True,False,1-circle,-1.000000,88.374069,-157.839334,-67.212725,1.974932,97.886569,99.492914,0.507086,2.113431,2,4,3,0.0000,0.0000,0.0000,0.5000,"LeadPursuit",-1.539958
504,B0100,defensive,DBFM,8093.077373,114.486022,173.403573,71.897001,-114.668011,14030.644996,203.171869,15858.068515,-78.266420,-8098.437512,390.518043,10.395555,False,False,False,False,False,True,False,1-circle,-1.000000,88.374069,-157.839334,-67.212725,1.974932,99.492914,97.886569,2.113431,0.507086,2,2,3,0.0000,0.0000,0.0000,0.5000,"Pursue",1.067011
505,A0100,adaptive_eagle_v11,DBFM,7960.003882,112.886136,172.712972,74.199770,-113.060289,14022.821404,202.796051,15843.490602,-72.889561,-8196.983201,398.509964,12.731026,False,False,False,False,False,True,False,1-circle,-1.000000,95.482872,-161.719996,-71.032085,2.123402,97.886569,99.492914,0.507086,2.113431,2,4,3,0.0000,0.0000,0.0000,0.5000,"LeadPursuit",-1.478484
505,B0100,defensive,DBFM,7960.003882,112.886136,172.712972,74.199770,-113.060289,14022.821404,202.796051,15843.490602,-72.889561,-8196.983201,398.509964,12.731026,False,False,False,False,False,True,False,1-circle,-1.000000,95.482872,-161.719996,-71.032085,2.123402,99.492914,97.886569,2.113431,0.507086,2,2,3,0.0000,0.0000,0.0000,0.5000,"Pursue",1.030961
506,A0100,adaptive_eagle_v11,DBFM,7824.190151,111.310719,171.928591,76.503585,-111.485100,14015.047995,202.475809,15829.971573,-67.595148,-8309.599747,406.564939,16.955482,False,False,False,False,False,True,False,1-circle,-1.000000,102.197343,-166.254954,-75.506250,2.080681,97.886569,99.492914,0.507086,2.113431,2,4,3,0.0000,0.0000,0.0000,0.5000,"LeadPursuit",-1.408377
506,B0100,defensive,DBFM,7824.190151,111.310719,171.928591,76.503585,-111.485100,14015.047995,202.475809,15829.971573,-67.595148,-8309.599747,406.564939,16.955482,False,False,False,False,False,True,False,1-circle,-1.000000,102.197343,-166.254954,-75.506250,2.080681,99.492914,97.886569,2.113431,0.507086,2,2,3,0.0000,0.0000,0.0000,0.5000,"Pursue",0.987808
507,A0100,adaptive_eagle_v11,DBFM,7685.867626,109.938532,171.157750,78.652069,-110.123772,14007.067504,202.362374,15819.958070,-50.067517,-8385.544595,412.963654,18.550204,False,False,False,False,False,True,False,1-circle,-1.000000,108.813202,-167.508643,-76.697397,1.897455,97.886569,99.492914,0.507086,2.113431,2,4,3,0.0000,0.0000,0.0000,0.5000,"LeadPursuit",-1.333601
507,B0100,defensive,DBFM,7685.867626,109.938532,171.157750,78.652069,-110.123772,14007.067504,202.362374,15819.958070,-50.067517,-8385.544595,412.963654,18.550204,False,False,False,False,False,True,False,1-circle,-1.000000,108.813202,-167.508643,-76.697397,1.897455,99.492914,97.886569,2.113431,0.507086,2,2,3,0.0000,0.0000,0.0000,0.5000,"Pursue",0.938674
508,A0100,adaptive_eagle_v11,DBFM,7545.681228,108.946509,170.288280,80.434795,-109.146515,13998.703953,202.536497,15814.715665,-26.212025,-8477.169970,418.001971,13.047598,False,False,False,False,False,True,False,1-circle,-1.000000,115.919128,-162.312401,-71.432267,1.774757,97.886569,99.492914,0.507086,2.113431,2,4,3,0.0000,0.0000,0.0000,0.5000,"LeadPursuit",-1.222734
508,B0100,defensive,DBFM,7545.681228,108.946509,170.288280,80.434795,-109.146515,13998.703953,202.536497,15814.715665,-26.212025,-8477.169970,418.001971,13.047598,False,False,False,False,False,True,False,1-circle,-1.000000,115.919128,-162.312401,-71.432267,1.774757,99.492914,97.886569,2.113431,0.507086,2,2,3,0.0000,0.0000,0.0000,0.5000,"Pursue",0.877667
509,A0100,adaptive_eagle_v11,DBFM,7403.937161,107.975050,169.445528,82.226752,-108.180426,13990.056901,202.630030,15807.746304,-34.846803,-8547.978371,422.410778,9.649776,False,False,False,False,False,True,False,1-circle,-1.000000,122.603416,-156.528641,-65.579902,1.792784,97.886569,99.492914,0.507086,2.113431,2,4,3,0.0000,0.0000,0.0000,0.5000,"LeadPursuit",-1.201127
509,B0100,defensive,DBFM,7403.937161,107.975050,169.445528,82.226752,-108.180426,13990.056901,202.630030,15807.746304,-34.846803,-8547.978371,422.410778,9.649776,False,False,False,False,False,True,False,1-circle,-1.000000,122.603416,-156.528641,-65.579902,1.792784,99.492914,97.886569,2.113431,0.507086,2,2,3,0.0000,0.0000,0.0000,0.5000,"Pursue",0.890217
510,A0100,adaptive_eagle_v11,DBFM,7260.487550,106.717363,168.481702,84.365604,-106.913405,13981.498826,202.369346,15794.514310,-66.159970,-8650.961526,428.308525,8.953155,False,False,False,False,False,True,False,1-circle,-1.000000,128.976357,-154.910573,-63.892531,1.956801,97.886569,99.492914,0.507086,2.113431,2,4,3,0.0000,0.0000,0.0000,0.5000,"LeadPursuit",-1.133343
510,B0100,defensive,DBFM,7260.487550,106.717363,168.481702,84.365604,-106.913405,13981.498826,202.369346,15794.514310,-66.159970,-8650.961526,428.308525,8.953155,False,False,False,False,False,True,False,1-circle,-1.000000,128.976357,-154.910573,-63.892531,1.956801,99.492914,97.886569,2.113431,0.507086,2,2,3,0.0000,0.0000,0.0000,0.5000,"Pursue",0.865759
511,A0100,adaptive_eagle_v11,DBFM,7114.857999,105.369022,167.453654,86.617723,-105.551257,13973.305449,201.968134,15779.139198,-76.875558,-8778.613597,434.771971,9.716718,False,False,False,False,False,True,False,1-circle,-1.000000,133.575542,-156.730339,-65.653842,2.203698,97.886569,99.492914,0.507086,2.113431,2,4,3,0.0000,0.0000,0.0000,0.5000,"LeadPursuit",-1.074320
511,B0100,defensive,DBFM,7114.857999,105.369022,167.453654,86.617723,-105.551257,13973.305449,201.968134,15779.139198,-76.875558,-8778.613597,434.771971,9.716718,False,False,False,False,False,True,False,1-circle,-1.000000,133.575542,-156.730339,-65.653842,2.203698,99.492914,97.886569,2.113431,0.507086,2,2,3,0.0000,0.0000,0.0000,0.5000,"Pursue",0.842983
512,A0100,adaptive_eagle_v11,DBFM,6967.171729,104.074501,166.469620,88.910121,-104.248007,13965.430881,201.608123,15764.832508,-71.533452,-8873.562256,440.209811,11.740399,False,False,False,False,False,True,False,1-circle,-1.000000,137.001079,-160.562513,-69.434058,2.398817,97.886569,99.492914,0.507086,2.113431,2,3,3,0.0000,0.0000,0.0000,0.5000,"LeadPursuit",-0.929584
512,B0100,defensive,DBFM,6967.171729,104.074501,166.469620,88.910121,-104.248007,13965.430881,201.608123,15764.832508,-71.533452,-8873.562256,440.209811,11.740399,False,False,False,False,False,True,False,1-circle,-1.000000,137.001079,-160.562513,-69.434058,2.398817,99.492914,97.886569,2.113431,0.507086,2,2,3,0.0000,0.0000,0.0000,0.5000,"Pursue",0.754131
513,A0100,adaptive_eagle_v11,DBFM,6817.858636,102.816116,165.616031,91.153297,-102.988626,13957.689865,201.299074,15751.579055,-66.267267,-8916.839050,444.563546,15.267188,False,False,False,False,False,True,False,2-circle,-1.000000,141.090519,-165.069935,-73.880934,2.410874,97.886569,99.492914,0.507086,2.113431,2,3,3,0.0000,0.0000,0.0000,0.5000,"LeadPursuit",-0.598439
513,B0100,defensive,DBFM,6817.858636,102.816116,165.616031,91.153297,-102.988626,13957.689865,201.299074,15751.579055,-66.267267,-8916.839050,444.563546,15.267188,False,False,False,False,False,True,False,2-circle,-1.000000,141.090519,-165.069935,-73.880934,2.410874,99.492914,97.886569,2.113431,0.507086,2,2,3,0.0000,0.0000,0.0000,0.5000,"Pursue",0.511412
514,A0100,adaptive_eagle_v11,DBFM,6667.222198,101.587760,165.065916,93.047730,-101.768268,13949.856229,201.047429,15739.263125,-61.579650,-8918.964195,448.587005,20.950551,False,False,False,False,False,True,False,2-circle,-1.000000,147.337697,-169.363443,-78.091744,2.161258,97.886569,99.492914,0.507086,2.113431,2,3,3,0.0000,0.0000,0.0000,0.5000,"LeadPursuit",-0.191383
514,B0100,defensive,DBFM,6667.222198,101.587760,165.065916,93.047730,-101.768268,13949.856229,201.047429,15739.263125,-61.579650,-8918.964195,448.587005,20.950551,False,False,False,False,False,True,False,2-circle,-1.000000,147.337697,-169.363443,-78.091744,2.161258,99.492914,97.886569,2.113431,0.507086,2,2,3,0.0000,0.0000,0.0000,0.5000,"Pursue",0.187949
515,A0100,adaptive_eagle_v11,DBFM,6515.288462,100.562850,164.932900,94.262287,-100.761828,13941.681059,200.995816,15730.169320,-45.469022,-8900.143751,452.364314,22.081250,False,False,False,False,False,True,False,2-circle,-1.000000,155.459923,-170.057030,-78.681207,1.758526,97.886569,99.492914,0.507086,2.113431,2,3,3,0.0000,0.0000,0.0000,0.5000,"LeadPursuit",0.714586
515,B0100,defensive,DBFM,6515.288462,100.562850,164.932900,94.262287,-100.761828,13941.681059,200.995816,15730.169320,-45.469022,-8900.143751,452.364314,22.081250,False,False,False,False,False,True,False,2-circle,-1.000000,155.459923,-170.057030,-78.681207,1.758526,99.492914,97.886569,2.113431,0.507086,2,2,3,0.0000,0.0000,0.0000,0.5000,"Pursue",-0.537724
516,A0100,adaptive_eagle_v11,DBFM,6362.028891,99.888183,165.835891,94.085248,-100.110842,13933.023132,201.218734,15725.480699,-23.443107,-8872.404747,456.974489,14.400375,False,False,False,False,False,True,False,2-circle,-1.000000,165.670687,-164.458069,-72.952963,1.446253,97.886569,99.492914,0.507086,2.113431,2,3,3,0.0000,0.0000,0.0000,0.5000,"LeadPursuit",1.564027
516,B0100,defensive,DBFM,6362.028891,99.888183,165.835891,94.085248,-100.110842,13933.023132,201.218734,15725.480699,-23.443107,-8872.404747,456.974489,14.400375,False,False,False,False,False,True,False,2-circle,-1.000000,165.670687,-164.458069,-72.952963,1.446253,99.492914,97.886569,2.113431,0.507086,2,2,3,0.0000,0.0000,0.0000,0.5000,"Pursue",-1.161593
517,A0100,adaptive_eagle_v11,DBFM,6207.123922,99.176133,167.363420,93.201500,-99.415841,13924.003282,201.355020,15718.889735,-32.954821,-8831.916991,462.599983,10.262842,False,False,False,False,False,True,False,2-circle,-1.000000,176.771542,-158.381867,-66.731287,1.328984,97.886569,99.492914,0.507086,2.113431,2,4,3,0.0000,0.0000,0.0000,0.5000,"LeadPursuit",1.794100
517,B0100,defensive,DBFM,6207.123922,99.176133,167.363420,93.201500,-99.415841,13924.003282,201.355020,15718.889735,-32.954821,-8831.916991,462.599983,10.262842,False,False,False,False,False,True,False,2-circle,-1.000000,176.771542,-158.381867,-66.731287,1.328984,99.492914,97.886569,2.113431,0.507086,2,2,3,0.0000,0.0000,0.0000,0.5000,"Pursue",-1.264987
518,A0100,adaptive_eagle_v11,DBFM,6050.035140,98.119893,168.604342,92.731822,-98.360860,13914.994957,201.138670,15706.026384,-64.316753,-8828.622567,469.456251,9.345190,False,False,False,False,False,True,False,2-circle,-1.000000,185.815330,-156.480216,-64.694611,1.407964,97.886569,99.492914,0.507086,2.113431,2,4,3,0.0000,0.0000,0.0000,0.5000,"LeadPursuit",1.556187
518,B0100,defensive,DBFM,6050.035140,98.119893,168.604342,92.731822,-98.360860,13914.994957,201.138670,15706.026384,-64.316753,-8828.622567,469.456251,9.345190,False,False,False,False,False,True,False,2-circle,-1.000000,185.815330,-156.480216,-64.694611,1.407964,99.492914,97.886569,2.113431,0.507086,2,2,3,0.0000,0.0000,0.0000,0.5000,"Pursue",-1.047602
519,A0100,adaptive_eagle_v11,DBFM,5890.421047,96.928746,169.366858,92.744873,-97.163438,13906.279790,200.783329,15690.988562,-75.189110,-8874.363847,476.803251,10.033963,False,False,False,False,False,True,False,2-circle,-1.000000,191.418886,-158.089553,-66.193684,1.607711,97.886569,99.492914,0.507086,2.113431,2,4,3,0.0000,0.0000,0.0000,0.5000,"LeadPursuit",1.221059
519,B0100,defensive,DBFM,5890.421047,96.928746,169.366858,92.744873,-97.163438,13906.279790,200.783329,15690.988562,-75.189110,-8874.363847,476.803251,10.033963,False,False,False,False,False,True,False,2-circle,-1.000000,191.418886,-158.089553,-66.193684,1.607711,99.492914,97.886569,2.113431,0.507086,2,2,3,0.0000,0.0000,0.0000,0.5000,"Pursue",-0.792973
520,A0100,adaptive_eagle_v11,DBFM,5728.239714,95.754135,169.861995,93.061950,-95.984759,13897.825715,200.469010,15676.951075,-70.187436,-8943.868437,484.038702,12.065763,False,False,False,False,False,True,False,2-circle,-1.000000,194.246720,-161.807324,-69.821303,1.780685,97.886569,99.492914,0.507086,2.113431,2,4,3,0.0000,0.0000,0.0000,0.5000,"LeadPursuit",0.733220
520,B0100,defensive,DBFM,5728.239714,95.754135,169.861995,93.061950,-95.984759,13897.825715,200.469010,15676.951075,-70.187436,-8943.868437,484.038702,12.065763,False,False,False,False,False,True,False,2-circle,-1.000000,194.246720,-161.807324,-69.821303,1.780685,99.492914,97.886569,2.113431,0.507086,2,2,3,0.0000,0.0000,0.0000,0.5000,"Pursue",-0.450781
521,A0100,adaptive_eagle_v11,DBFM,5563.568515,94.584634,170.164895,93.755164,-94.816733,13889.459285,200.205324,15663.907398,-65.218383,-9034.096368,491.355437,15.700667,False,False,False,False,False,True,False,2-circle,-1.000000,195.772642,-166.277444,-74.207667,1.784883,97.886569,99.492914,0.507086,2.113431,2,4,3,0.0000,0.0000,0.0000,0.5000,"LeadPursuit",-0.070068
521,B0100,defensive,DBFM,5563.568515,94.584634,170.164895,93.755164,-94.816733,13889.459285,200.205324,15663.907398,-65.218383,-9034.096368,491.355437,15.700667,False,False,False,False,False,True,False,2-circle,-1.000000,195.772642,-166.277444,-74.207667,1.784883,99.492914,97.886569,2.113431,0.507086,2,2,3,0.0000,0.0000,0.0000,0.5000,"Pursue",0.086880
522,A0100,adaptive_eagle_v11,DBFM,5396.500054,93.608774,170.128083,94.758668,-93.852250,13880.933309,200.142660,15654.270787,-48.183053,-9148.244807,497.910015,17.103317,False,False,False,False,False,True,False,2-circle,-1.000000,197.342796,-167.600783,-75.439392,1.659550,97.886569,99.492914,0.507086,2.113431,2,4,3,0.0000,0.0000,0.0000,0.5000,"LeadPursuit",-0.961396
522,B0100,defensive,DBFM,5396.500054,93.608774,170.128083,94.758668,-93.852250,13880.933309,200.142660,15654.270787,-48.183053,-9148.244807,497.910015,17.103317,False,False,False,False,False,True,False,2-circle,-1.000000,197.342796,-167.600783,-75.439392,1.659550,99.492914,97.886569,2.113431,0.507086,2,2,3,0.0000,0.0000,0.0000,0.5000,"Pursue",0.677566
523,A0100,adaptive_eagle_v11,DBFM,5227.591925,93.024215,169.586719,95.914395,-93.284370,13872.065626,200.363778,15649.323644,-24.735716,-9268.205393,502.241061,12.408427,False,False,False,False,False,True,False,2-circle,-1.000000,199.579468,-162.587583,-70.318660,1.593067,97.886569,99.492914,0.507086,2.113431,2,4,3,0.0000,0.0000,0.0000,0.5000,"LeadPursuit",-1.510077
523,B0100,defensive,DBFM,5227.591925,93.024215,169.586719,95.914395,-93.284370,13872.065626,200.363778,15649.323644,-24.735716,-9268.205393,502.241061,12.408427,False,False,False,False,False,True,False,2-circle,-1.000000,199.579468,-162.587583,-70.318660,1.593067,99.492914,97.886569,2.113431,0.507086,2,2,3,0.0000,0.0000,0.0000,0.5000,"Pursue",1.066789
524,A0100,adaptive_eagle_v11,DBFM,5057.481836,92.492624,168.540319,97.436766,-92.762882,13862.944135,200.505510,15642.717409,-33.031176,-9397.229848,505.532549,9.323196,False,False,False,False,False,True,False,2-circle,-1.000000,201.966269,-156.943920,-64.555611,1.654669,97.886569,99.492914,0.507086,2.113431,2,4,3,0.0000,0.0000,0.0000,0.5000,"LeadPursuit",-1.567637
524,B0100,defensive,DBFM,5057.481836,92.492624,168.540319,97.436766,-92.762882,13862.944135,200.505510,15642.717409,-33.031176,-9397.229848,505.532549,9.323196,False,False,False,False,False,True,False,2-circle,-1.000000,201.966269,-156.943920,-64.555611,1.654669,99.492914,97.886569,2.113431,0.507086,2,2,3,0.0000,0.0000,0.0000,0.5000,"Pursue",1.147339
525,A0100,adaptive_eagle_v11,DBFM,4886.220175,91.722816,167.341774,99.411714,-91.989543,13853.940408,200.295555,15629.988340,-63.645347,-9503.464214,508.666986,8.656462,False,False,False,False,False,True,False,2-circle,-1.000000,203.643847,-155.351641,-62.840775,1.847442,97.886569,99.492914,0.507086,2.113431,2,4,3,0.0000,0.0000,0.0000,0.5000,"LeadPursuit",-1.582478
525,B0100,defensive,DBFM,4886.220175,91.722816,167.341774,99.411714,-91.989543,13853.940408,200.295555,15629.988340,-63.645347,-9503.464214,508.666986,8.656462,False,False,False,False,False,True,False,2-circle,-1.000000,203.643847,-155.351641,-62.840775,1.847442,99.492914,97.886569,2.113431,0.507086,2,2,3,0.0000,0.0000,0.0000,0.5000,"Pursue",1.199824
526,A0100,adaptive_eagle_v11,DBFM,4714.255894,90.914801,166.058609,101.654711,-91.174397,13845.334909,199.943740,15615.149126,-74.196067,-9505.356475,509.277297,9.329728,False,False,False,False,False,True,False,2-circle,-1.000000,204.994282,-157.145769,-64.503643,2.117610,97.886569,99.492914,0.507086,2.113431,2,3,3,0.0000,0.0000,0.0000,0.5000,"LeadPursuit",-1.457376
526,B0100,defensive,DBFM,4714.255894,90.914801,166.058609,101.654711,-91.174397,13845.334909,199.943740,15615.149126,-74.196067,-9505.356475,509.277297,9.329728,False,False,False,False,False,True,False,2-circle,-1.000000,204.994282,-157.145769,-64.503643,2.117610,99.492914,97.886569,2.113431,0.507086,2,2,3,0.0000,0.0000,0.0000,0.5000,"Pursue",1.147557
527,A0100,adaptive_eagle_v11,DBFM,4542.191151,90.219290,164.811249,103.876418,-90.478233,13837.090595,199.629045,15601.338126,-69.055001,-9522.438483,509.576109,11.111323,False,False,False,False,False,True,False,2-circle,-1.000000,207.167404,-160.942999,-68.144051,2.327449,97.886569,99.492914,0.507086,2.113431,2,3,3,0.0000,0.0000,0.0000,0.5000,"LeadPursuit",-1.169681
527,B0100,defensive,DBFM,4542.191151,90.219290,164.811249,103.876418,-90.478233,13837.090595,199.629045,15601.338126,-69.055001,-9522.438483,509.576109,11.111323,False,False,False,False,False,True,False,2-circle,-1.000000,207.167404,-160.942999,-68.144051,2.327449,99.492914,97.886569,2.113431,0.507086,2,2,3,0.0000,0.0000,0.0000,0.5000,"Pursue",0.960814
528,A0100,adaptive_eagle_v11,DBFM,4370.262320,89.617249,163.740718,105.826316,-89.886084,13829.032009,199.360525,15588.536558,-64.007837,-9508.140038,509.108289,14.118733,False,False,True,False,False,True,False,2-circle,-1.000000,211.517374,-165.461668,-72.456992,2.346242,97.886569,99.492914,0.507086,2.113431,2,3,3,0.0000,0.0000,0.0000,0.5000,"LeadPursuit",-0.941110
528,B0100,defensive,DBFM,4370.262320,89.617249,163.740718,105.826316,-89.886084,13829.032009,199.360525,15588.536558,-64.007837,-9508.140038,509.108289,14.118733,False,False,True,False,False,True,False,2-circle,-1.000000,211.517374,-165.461668,-72.456992,2.346242,99.492914,97.886569,2.113431,0.507086,2,2,3,0.0000,0.0000,0.0000,0.5000,"Pursue",0.748032
529,A0100,adaptive_eagle_v11,DBFM,4198.626797,89.103168,162.798107,107.408179,-89.394409,13820.938424,199.144598,15576.633603,-59.514779,-9493.477128,508.503468,18.798665,False,False,True,False,False,True,False,2-circle,-1.000000,218.182636,-169.898001,-76.628476,2.126606,97.886569,99.492914,0.507086,2.113431,2,3,3,0.0000,0.0000,0.0000,0.5000,"LeadPursuit",-0.555090
529,B0100,defensive,DBFM,4198.626797,89.103168,162.798107,107.408179,-89.394409,13820.938424,199.144598,15576.633603,-59.514779,-9493.477128,508.503468,18.798665,False,False,True,False,False,True,False,2-circle,-1.000000,218.182636,-169.898001,-76.628476,2.126606,99.492914,97.886569,2.113431,0.507086,2,2,3,0.0000,0.0000,0.0000,0.5000,"Pursue",0.451025
530,A0100,adaptive_eagle_v11,DBFM,4027.355651,88.854613,162.217772,108.274438,-89.184064,13812.563996,199.123865,15567.893638,-43.699825,-9457.477750,507.367393,19.856159,False,False,True,False,False,True,False,2-circle,-1.000000,226.604614,-170.909281,-77.314118,1.783958,97.886569,99.492914,0.507086,2.113431,2,3,3,0.0000,0.0000,0.0000,0.5000,"LeadPursuit",0.360409
530,B0100,defensive,DBFM,4027.355651,88.854613,162.217772,108.274438,-89.184064,13812.563996,199.123865,15567.893638,-43.699825,-9457.477750,507.367393,19.856159,False,False,True,False,False,True,False,2-circle,-1.000000,226.604614,-170.909281,-77.314118,1.783958,99.492914,97.886569,2.113431,0.507086,2,2,3,0.0000,0.0000,0.0000,0.5000,"Pursue",-0.274022
531,A0100,adaptive_eagle_v11,DBFM,3856.419225,89.015622,162.803517,107.514112,-89.394185,13803.758414,199.374920,15563.517072,-21.882831,-9399.630374,507.450924,13.540674,False,False,True,False,False,True,False,2-circle,-1.000000,236.776554,-165.743506,-71.751330,1.535357,97.886569,99.492914,0.507086,2.113431,2,3,3,0.0000,0.0000,0.0000,0.5000,"LeadPursuit",0.692004
531,B0100,defensive,DBFM,3856.419225,89.015622,162.803517,107.514112,-89.394185,13803.758414,199.374920,15563.517072,-21.882831,-9399.630374,507.450924,13.540674,False,False,True,False,False,True,False,2-circle,-1.000000,236.776554,-165.743506,-71.751330,1.535357,99.492914,97.886569,2.113431,0.507086,2,2,3,0.0000,0.0000,0.0000,0.5000,"Pursue",-0.554964
532,A0100,adaptive_eagle_v11,DBFM,3685.385272,89.196220,163.562713,106.357535,-89.618596,13794.630177,199.540298,15557.309427,-31.038225,-9346.923640,507.906607,9.852891,False,False,True,False,False,True,False,2-circle,-1.000000,247.258864,-160.085429,-65.637593,1.467862,97.886569,99.492914,0.507086,2.113431,2,3,3,0.0000,0.0000,0.0000,0.5000,"LeadPursuit",0.334623
532,B0100,defensive,DBFM,3685.385272,89.196220,163.562713,106.357535,-89.618596,13794.630177,199.540298,15557.309427,-31.038225,-9346.923640,507.906607,9.852891,False,False,True,False,False,True,False,2-circle,-1.000000,247.258864,-160.085429,-65.637593,1.467862,99.492914,97.886569,2.113431,0.507086,2,2,3,0.0000,0.0000,0.0000,0.5000,"Pursue",-0.274583
533,A0100,adaptive_eagle_v11,DBFM,3514.003541,89.116596,163.835979,105.938197,-89.564293,13785.552542,199.354673,15544.953810,-61.778085,-9345.519870,508.994034,8.998845,False,False,True,False,False,True,False,2-circle,-1.000000,256.553657,-158.549583,-63.603414,1.580051,97.886569,99.492914,0.507086,2.113431,2,3,3,0.0000,0.0000,0.0000,0.5000,"LeadPursuit",0.235219
533,B0100,defensive,DBFM,3514.003541,89.116596,163.835979,105.938197,-89.564293,13785.552542,199.354673,15544.953810,-61.778085,-9345.519870,508.994034,8.998845,False,False,True,False,False,True,False,2-circle,-1.000000,256.553657,-158.549583,-63.603414,1.580051,99.492914,97.886569,2.113431,0.507086,2,2,3,0.0000,0.0000,0.0000,0.5000,"Pursue",-0.199531
534,A0100,adaptive_eagle_v11,DBFM,3342.111738,88.990819,164.128295,105.640456,-89.456904,13776.811175,199.028474,15530.459422,-72.471938,-9343.469117,510.203955,9.610926,False,False,True,False,False,True,False,2-circle,-1.000000,264.952394,-160.539918,-65.036407,1.805580,97.886569,99.492914,0.507086,2.113431,2,3,3,0.0000,0.0000,0.0000,0.5000,"LeadPursuit",0.438031
534,B0100,defensive,DBFM,3342.111738,88.990819,164.128295,105.640456,-89.456904,13776.811175,199.028474,15530.459422,-72.471938,-9343.469117,510.203955,9.610926,False,False,True,False,False,True,False,2-circle,-1.000000,264.952394,-160.539918,-65.036407,1.805580,99.492914,97.886569,2.113431,0.507086,2,2,3,0.0000,0.0000,0.0000,0.5000,"Pursue",-0.350473
535,A0100,adaptive_eagle_v11,DBFM,3169.863774,88.953788,164.822572,104.924472,-89.447301,13768.380495,198.739514,15516.940356,-67.595327,-9292.526814,511.009973,11.406742,False,False,True,False,False,True,False,2-circle,-1.000000,273.485614,-164.708194,-68.552302,1.993795,97.886569,99.492914,0.507086,2.113431,2,3,2,0.0000,0.0000,0.0000,0.5000,"LeadPursuit",1.048262
535,B0100,defensive,DBFM,3169.863774,88.953788,164.822572,104.924472,-89.447301,13768.380495,198.739514,15516.940356,-67.595327,-9292.526814,511.009973,11.406742,False,False,True,False,False,True,False,2-circle,-1.000000,273.485614,-164.708194,-68.552302,1.993795,99.492914,97.886569,2.113431,0.507086,2,2,3,0.0000,0.0000,0.0000,0.5000,"Pursue",-0.819199
536,A0100,adaptive_eagle_v11,DBFM,2997.413078,88.953925,165.952954,103.494729,-89.491059,13760.094339,198.496781,15504.385553,-62.774019,-9176.371483,511.226408,14.519033,False,False,True,False,False,True,False,2-circle,-1.000000,282.448375,-169.756867,-72.825950,2.003374,97.886569,99.492914,0.507086,2.113431,2,3,1,0.0000,0.0000,0.0000,0.5000,"PNLeadPursuit",1.011143
536,B0100,defensive,DBFM,2997.413078,88.953925,165.952954,103.494729,-89.491059,13760.094339,198.496781,15504.385553,-62.774019,-9176.371483,511.226408,14.519033,False,False,True,False,False,True,False,2-circle,-1.000000,282.448375,-169.756867,-72.825950,2.003374,99.492914,97.886569,2.113431,0.507086,2,2,3,0.0000,0.0000,0.0000,0.5000,"Pursue",-0.776607
537,A0100,adaptive_eagle_v11,DBFM,2824.909141,88.981816,166.221042,102.382902,-89.580831,13751.737543,198.307218,15492.698786,-58.433835,-9099.460238,510.112741,19.469358,False,False,True,False,False,True,False,2-circle,-1.000000,289.921490,-174.815082,-77.007994,1.778842,97.886569,99.492914,0.507086,2.113431,2,3,1,0.0000,0.0000,0.0000,0.5000,"PNLeadPursuit",0.324922
537,B0100,defensive,DBFM,2824.909141,88.981816,166.221042,102.382902,-89.580831,13751.737543,198.307218,15492.698786,-58.433835,-9099.460238,510.112741,19.469358,False,False,True,False,False,True,False,2-circle,-1.000000,289.921490,-174.815082,-77.007994,1.778842,99.492914,97.886569,2.113431,0.507086,2,2,3,0.0000,0.0000,0.0000,0.5000,"Pursue",-0.263482
538,A0100,adaptive_eagle_v11,DBFM,2652.647536,89.272039,165.673012,101.729519,-89.958048,13743.067645,198.313540,15484.139885,-42.794505,-9089.877219,507.563975,20.676144,False,False,True,False,False,True,False,2-circle,-1.000000,294.926614,-176.528698,-77.741471,1.430011,97.886569,99.492914,0.507086,2.113431,2,3,1,0.0000,0.0000,0.0000,0.5000,"PNLeadPursuit",-0.008061
538,B0100,defensive,DBFM,2652.647536,89.272039,165.673012,101.729519,-89.958048,13743.067645,198.313540,15484.139885,-42.794505,-9089.877219,507.563975,20.676144,False,False,True,False,False,True,False,2-circle,-1.000000,294.926614,-176.528698,-77.741471,1.430011,99.492914,97.886569,2.113431,0.507086,2,2,3,0.0000,0.0000,0.0000,0.5000,"Pursue",-0.036974
539,A0100,adaptive_eagle_v11,DBFM,2481.289814,90.050777,164.947503,100.830645,-90.840099,13733.937144,198.592642,15479.913532,-21.131766,-9089.992189,502.792656,14.008535,False,False,False,False,False,True,False,2-circle,-1.000000,298.077703,-172.165273,-72.240007,1.170194,97.886569,99.492914,0.507086,2.113431,2,3,1,0.0000,0.0000,0.0000,0.5000,"PNLeadPursuit",-0.130869
539,B0100,defensive,DBFM,2481.289814,90.050777,164.947503,100.830645,-90.840099,13733.937144,198.592642,15479.913532,-21.131766,-9089.992189,502.792656,14.008535,False,False,False,False,False,True,False,2-circle,-1.000000,298.077703,-172.165273,-72.240007,1.170194,99.492914,97.886569,2.113431,0.507086,2,2,3,0.0000,0.0000,0.0000,0.5000,"Pursue",0.049519
540,A0100,adaptive_eagle_v11,DBFM,2311.778255,90.992742,164.316963,99.822763,-91.876565,13724.454193,198.787907,15473.865700,-30.239156,-8980.141072,495.100684,10.139989,False,False,False,False,False,True,False,2-circle,-1.000000,299.999462,-167.441965,-66.148444,1.085604,97.886569,99.492914,0.507086,2.113431,2,3,1,0.0000,0.0000,0.0000,0.5000,"PNLeadPursuit",-0.429834
540,B0100,defensive,DBFM,2311.778255,90.992742,164.316963,99.822763,-91.876565,13724.454193,198.787907,15473.865700,-30.239156,-8980.141072,495.100684,10.139989,False,False,False,False,False,True,False,2-circle,-1.000000,299.999462,-167.441965,-66.148444,1.085604,99.492914,97.886569,2.113431,0.507086,2,2,3,0.0000,0.0000,0.0000,0.5000,"Pursue",0.282373
541,A0100,adaptive_eagle_v11,DBFM,2144.650075,91.833271,163.746495,99.141003,-92.785355,13714.985545,198.634392,15461.696112,-60.847944,-8850.184434,487.317369,9.234397,False,False,False,False,False,True,False,2-circle,-1.000000,301.313101,-167.084472,-64.083634,1.180555,97.886569,99.492914,0.507086,2.113431,2,3,1,0.0000,0.0000,0.0000,0.5000,"PNLeadPursuit",-0.542109
541,B0100,defensive,DBFM,2144.650075,91.833271,163.746495,99.141003,-92.785355,13714.985545,198.634392,15461.696112,-60.847944,-8850.184434,487.317369,9.234397,False,False,False,False,False,True,False,2-circle,-1.000000,301.313101,-167.084472,-64.083634,1.180555,99.492914,97.886569,2.113431,0.507086,2,2,3,0.0000,0.0000,0.0000,0.5000,"Pursue",0.368558
542,A0100,adaptive_eagle_v11,DBFM,1980.028816,92.790942,163.380300,98.310799,-93.811125,13705.813627,198.341593,15447.378480,-71.588158,-8689.932171,478.819557,9.840114,False,False,False,False,False,True,False,2-circle,-1.000000,302.826590,-170.679962,-65.451754,1.393375,97.886569,99.492914,0.507086,2.113431,2,4,1,0.0000,0.0000,0.0000,0.5000,"PNLeadPursuit",-0.800862
542,B0100,defensive,DBFM,1980.028816,92.790942,163.380300,98.310799,-93.811125,13705.813627,198.341593,15447.378480,-71.588158,-8689.932171,478.819557,9.840114,False,False,False,False,False,True,False,2-circle,-1.000000,302.826590,-170.679962,-65.451754,1.393375,99.492914,97.886569,2.113431,0.507086,2,2,3,0.0000,0.0000,0.0000,0.5000,"Pursue",0.566296
543,A0100,adaptive_eagle_v11,DBFM,1818.413855,94.015608,162.606085,97.475073,-95.137484,13696.917122,198.086537,15434.005759,-66.863607,-8536.889298,468.289743,11.651476,False,False,False,False,False,True,False,2-circle,-1.000000,304.836407,-177.108469,-68.879452,1.569661,97.886569,99.492914,0.507086,2.113431,2,4,1,0.0000,0.0000,0.0000,0.5000,"PNLeadPursuit",-1.625035
543,B0100,defensive,DBFM,1818.413855,94.015608,162.606085,97.475073,-95.137484,13696.917122,198.086537,15434.005759,-66.863607,-8536.889298,468.289743,11.651476,False,False,False,False,False,True,False,2-circle,-1.000000,304.836407,-177.108469,-68.879452,1.569661,99.492914,97.886569,2.113431,0.507086,2,2,3,0.0000,0.0000,0.0000,0.5000,"Pursue",1.244574
544,A0100,adaptive_eagle_v11,DBFM,1660.524460,95.590421,160.958959,97.366491,-96.871844,13688.135848,197.877889,15421.566986,-62.193863,-8445.008008,455.091461,14.793866,False,False,False,False,False,True,False,2-circle,-1.000000,307.320266,174.483500,-73.059939,1.567207,97.886569,99.492914,0.507086,2.113431,2,3,1,0.0000,0.0000,0.0000,0.5000,"PNLeadPursuit",-1.879436
544,B0100,defensive,DBFM,1660.524460,95.590421,160.958959,97.366491,-96.871844,13688.135848,197.877889,15421.566986,-62.193863,-8445.008008,455.091461,14.793866,False,False,False,False,False,True,False,2-circle,-1.000000,307.320266,174.483500,-73.059939,1.567207,99.492914,97.886569,2.113431,0.507086,2,2,3,0.0000,0.0000,0.0000,0.5000,"Pursue",1.535562
545,A0100,adaptive_eagle_v11,DBFM,1507.661890,97.799641,159.173318,97.030722,-99.348512,13679.230197,197.864469,15412.426221,-45.703827,-8315.127410,437.786427,15.985138,False,False,False,False,False,True,False,2-circle,-1.000000,311.517868,166.898882,-74.254428,1.457075,97.886569,99.492914,0.507086,2.113431,2,3,1,0.0000,0.0000,0.0000,0.5000,"PNLeadPursuit",-1.685082
545,B0100,defensive,DBFM,1507.661890,97.799641,159.173318,97.030722,-99.348512,13679.230197,197.864469,15412.426221,-45.703827,-8315.127410,437.786427,15.985138,False,False,False,False,False,True,False,2-circle,-1.000000,311.517868,166.898882,-74.254428,1.457075,99.492914,97.886569,2.113431,0.507086,2,2,3,0.0000,0.0000,0.0000,0.5000,"Pursue",1.470179
546,A0100,adaptive_eagle_v11,DBFM,1361.822406,100.883835,157.393942,95.671520,-102.839878,13670.013125,198.131592,15407.892048,-22.670864,-8102.374017,414.937033,11.911708,False,False,False,False,False,True,False,2-circle,-1.000000,319.107679,161.664932,-69.297767,1.431524,97.886569,99.492914,0.507086,2.113431,2,3,1,0.0000,0.0000,0.0000,0.5000,"PNLeadPursuit",-1.328954
546,B0100,defensive,DBFM,1361.822406,100.883835,157.393942,95.671520,-102.839878,13670.013125,198.131592,15407.892048,-22.670864,-8102.374017,414.937033,11.911708,False,False,False,False,False,True,False,2-circle,-1.000000,319.107679,161.664932,-69.297767,1.431524,99.492914,97.886569,2.113431,0.507086,2,2,3,0.0000,0.0000,0.0000,0.5000,"Pursue",1.238009
547,A0100,adaptive_eagle_v11,DBFM,1224.848669,104.553002,155.049405,93.558539,-107.049532,13660.562365,198.321290,15401.770693,-30.606776,-7849.149666,386.580475,9.096844,False,False,False,False,False,True,False,2-circle,-1.000000,329.666679,151.212553,-63.689577,1.532948,97.886569,99.492914,0.507086,2.113431,2,3,3,0.0000,0.0000,0.0000,0.5000,"PNLeadPursuit",-1.337529
547,B0100,defensive,DBFM,1224.848669,104.553002,155.049405,93.558539,-107.049532,13660.562365,198.321290,15401.770693,-30.606776,-7849.149666,386.580475,9.096844,False,False,False,False,False,True,False,2-circle,-1.000000,329.666679,151.212553,-63.689577,1.532948,99.492914,97.886569,2.113431,0.507086,2,2,3,0.0000,0.0000,0.0000,0.5000,"Pursue",1.382998
548,A0100,adaptive_eagle_v11,DBFM,1098.208427,108.673338,150.754226,92.258657,-111.839199,13651.245814,198.162072,15389.659486,-60.556031,-7675.161238,349.693023,8.476679,False,False,False,False,False,True,False,2-circle,-1.000000,340.030329,130.466710,-62.025934,1.755230,97.886569,99.492914,0.507086,2.113431,2,3,3,0.0000,0.0000,0.0000,0.5000,"PNLeadPursuit",-1.498399
548,B0100,defensive,DBFM,1098.208427,108.673338,150.754226,92.258657,-111.839199,13651.245814,198.162072,15389.659486,-60.556031,-7675.161238,349.693023,8.476679,False,False,False,False,False,True,False,2-circle,-1.000000,340.030329,130.466710,-62.025934,1.755230,99.492914,97.886569,2.113431,0.507086,2,2,3,0.0000,0.0000,0.0000,0.5000,"Pursue",1.773654
549,A0100,adaptive_eagle_v11,DBFM,984.561333,113.664125,144.802520,91.763392,-117.773294,13642.347153,197.860027,15375.465367,-70.970596,-7668.449791,302.907022,9.092637,False,False,False,False,False,True,False,2-circle,-1.000000,348.354959,104.587307,-63.620321,2.033773,97.886569,99.492914,0.507086,2.113431,2,3,3,0.0000,0.0000,0.0000,0.5000,"PNLeadPursuit",-1.424210
549,B0100,defensive,DBFM,984.561333,113.664125,144.802520,91.763392,-117.773294,13642.347153,197.860027,15375.465367,-70.970596,-7668.449791,302.907022,9.092637,False,False,False,False,False,True,False,2-circle,-1.000000,348.354959,104.587307,-63.620321,2.033773,99.492914,97.886569,2.113431,0.507086,2,2,3,0.0000,0.0000,0.0000,0.5000,"Pursue",1.965144
550,A0100,adaptive_eagle_v11,DBFM,888.359607,119.736439,137.717379,91.233898,-125.322846,13633.832593,197.591801,15362.255033,-66.051670,-7664.634705,242.214426,10.717112,False,False,False,False,False,True,False,2-circle,-1.000000,354.971917,81.636289,-67.149245,2.245544,97.886569,99.492914,0.507086,2.113431,2,3,3,0.0000,0.0000,0.0000,0.5000,"PNLeadPursuit",-1.265042
550,B0100,defensive,DBFM,888.359607,119.736439,137.717379,91.233898,-125.322846,13633.832593,197.591801,15362.255033,-66.051670,-7664.634705,242.214426,10.717112,False,False,False,False,False,True,False,2-circle,-1.000000,354.971917,81.636289,-67.149245,2.245544,99.492914,97.886569,2.113431,0.507086,2,2,3,0.0000,0.0000,0.0000,0.5000,"Pursue",2.087129
551,A0100,adaptive_eagle_v11,DBFM,815.381752,126.688915,129.629209,90.576009,-134.569659,13625.532229,197.366281,15350.011477,-61.217782,-7644.859477,167.616240,13.435730,False,False,False,False,False,True,False,2-circle,-1.000000,360.744330,64.387285,-71.398929,2.289548,97.886569,99.492914,0.507086,2.113431,2,2,1,0.0000,0.0000,0.0000,0.5000,"PNLeadPursuit",-1.040563
551,B0100,defensive,DBFM,815.381752,126.688915,129.629209,90.576009,-134.569659,13625.532229,197.366281,15350.011477,-61.217782,-7644.859477,167.616240,13.435730,False,False,False,False,False,True,False,2-circle,-1.000000,360.744330,64.387285,-71.398929,2.289548,99.492914,97.886569,2.113431,0.507086,2,2,3,0.0000,0.0000,0.0000,0.5000,"Pursue",2.088014
552,A0100,adaptive_eagle_v11,DBFM,771.652543,133.945172,120.947831,89.617509,-145.240253,13617.236406,197.189923,15338.635204,-56.881366,-7500.604617,82.341073,17.522300,False,False,False,False,False,True,False,1-circle,-1.000000,366.806414,51.901336,-75.515648,2.095059,97.886569,99.492914,0.507086,2.113431,2,2,1,0.0000,0.0000,0.0000,0.5000,"PNLeadPursuit",-0.758722
552,B0100,defensive,DBFM,771.652543,133.945172,120.947831,89.617509,-145.240253,13617.236406,197.189923,15338.635204,-56.881366,-7500.604617,82.341073,17.522300,False,False,False,False,False,True,False,1-circle,-1.000000,366.806414,51.901336,-75.515648,2.095059,99.492914,97.886569,2.113431,0.507086,2,2,3,0.0000,0.0000,0.0000,0.5000,"Pursue",1.840604
553,A0100,adaptive_eagle_v11,DBFM,760.264359,140.550960,112.364427,87.788624,-156.678929,13608.703215,197.204594,15330.358166,-41.385186,-7283.753610,-3.365112,18.455684,False,False,False,False,False,True,False,1-circle,-1.000000,373.542610,45.748491,-76.218791,1.778118,97.886569,99.492914,0.507086,2.113431,2,2,3,0.0000,0.0000,0.0000,0.5000,"PNLeadPursuit",-0.570043
553,B0100,defensive,DBFM,760.264359,140.550960,112.364427,87.788624,-156.678929,13608.703215,197.204594,15330.358166,-41.385186,-7283.753610,-3.365112,18.455684,False,False,False,False,False,True,False,1-circle,-1.000000,373.542610,45.748491,-76.218791,1.778118,99.492914,97.886569,2.113431,0.507086,3,0,2,0.0000,0.0000,0.0000,0.5000,"LeadPursuit",1.670202
554,A0100,adaptive_eagle_v11,DBFM,780.024916,145.607166,103.636400,86.191437,-167.703036,13599.832354,197.196523,15321.346377,-45.058948,-7194.714727,-86.174961,14.909504,False,False,False,False,False,True,False,1-circle,-1.000000,379.279273,45.094797,-73.108158,1.453311,97.886569,99.492914,0.507086,2.113431,2,1,3,0.0000,0.0000,0.0000,0.5000,"PNLeadPursuit",-0.462556
554,B0100,defensive,DBFM,780.024916,145.607166,103.636400,86.191437,-167.703036,13599.832354,197.196523,15321.346377,-45.058948,-7194.714727,-86.174961,14.909504,False,False,False,False,False,True,False,1-circle,-1.000000,379.279273,45.094797,-73.108158,1.453311,99.492914,97.886569,2.113431,0.507086,3,0,2,0.0000,0.0000,0.0000,0.5000,"LeadPursuit",1.642779
555,A0100,adaptive_eagle_v11,DBFM,828.620277,148.673458,95.184054,85.403488,-177.625941,13590.784408,197.239156,15313.042879,-41.517489,-7184.831984,-162.830724,11.984886,False,False,False,False,False,True,False,1-circle,-1.000000,382.936139,46.060109,-69.306315,1.213947,97.886569,99.492914,0.507086,2.113431,2,1,3,0.0000,0.0000,0.0000,0.5000,"PNLeadPursuit",-0.346685
555,B0100,defensive,DBFM,828.620277,148.673458,95.184054,85.403488,-177.625941,13590.784408,197.239156,15313.042879,-41.517489,-7184.831984,-162.830724,11.984886,False,False,False,False,False,True,False,1-circle,-1.000000,382.936139,46.060109,-69.306315,1.213947,99.492914,97.886569,2.113431,0.507086,3,0,2,0.0000,0.0000,0.0000,0.5000,"LeadPursuit",1.482830
556,A0100,adaptive_eagle_v11,UNKNOWN,901.946793,149.910390,87.928585,84.783397,173.936121,13581.656667,197.269928,15304.452565,-42.951569,-7194.950017,-226.058576,9.630350,False,False,False,False,False,True,False,1-circle,1.000000,385.014245,48.311969,-64.822199,1.213376,97.886569,99.492914,0.507086,2.113431,2,1,3,0.0000,0.0000,0.0000,0.5000,"PNLeadPursuit",-0.248054
556,B0100,defensive,UNKNOWN,901.946793,149.910390,87.928585,84.783397,173.936121,13581.656667,197.269928,15304.452565,-42.951569,-7194.950017,-226.058576,9.630350,False,False,False,False,False,True,False,1-circle,1.000000,385.014245,48.311969,-64.822199,1.213376,99.492914,97.886569,2.113431,0.507086,3,8,2,0.0000,0.0000,0.0000,0.5000,"LeadPursuit",0.033819
557,A0100,adaptive_eagle_v11,UNKNOWN,994.146224,149.814436,82.229448,84.119986,167.146083,13572.702126,198.834260,15322.929579,92.385069,-7150.982591,-274.895846,8.202437,False,False,False,False,False,True,False,1-circle,1.000000,386.050105,50.059668,-61.289609,1.510627,97.886569,99.492914,0.507086,2.113431,2,0,3,0.0000,0.0000,0.0000,0.5000,"PNLeadPursuit",-0.166581
557,B0100,defensive,UNKNOWN,994.146224,149.814436,82.229448,84.119986,167.146083,13572.702126,198.834260,15322.929579,92.385069,-7150.982591,-274.895846,8.202437,False,False,False,False,False,True,False,1-circle,1.000000,386.050105,50.059668,-61.289609,1.510627,99.492914,97.886569,2.113431,0.507086,3,8,2,0.0000,0.0000,0.0000,0.5000,"LeadPursuit",0.047292
558,A0100,adaptive_eagle_v11,UNKNOWN,1099.797115,148.599163,78.243558,82.619114,161.321735,13563.905924,200.812159,15349.127264,130.988422,-7059.067853,-306.896713,6.268212,False,False,False,False,False,True,False,1-circle,1.000000,387.016855,55.307972,-54.630242,2.054403,97.886569,99.492914,0.507086,2.113431,2,0,3,0.0000,0.0000,0.0000,0.5000,"PNLeadPursuit",-0.115430
558,B0100,defensive,UNKNOWN,1099.797115,148.599163,78.243558,82.619114,161.321735,13563.905924,200.812159,15349.127264,130.988422,-7059.067853,-306.896713,6.268212,False,False,False,False,False,True,False,1-circle,1.000000,387.016855,55.307972,-54.630242,2.054403,99.492914,97.886569,2.113431,0.507086,3,8,2,0.0000,0.0000,0.0000,0.5000,"LeadPursuit",0.057016
559,A0100,adaptive_eagle_v11,UNKNOWN,1213.503088,146.520169,75.245142,80.613354,156.166964,13555.120489,203.224638,15383.493388,171.830622,-6961.170515,-328.655535,4.550527,False,False,False,False,False,True,False,1-circle,1.000000,388.347791,62.868884,-45.975624,2.059554,97.886569,99.492914,0.507086,2.113431,2,0,3,0.0000,0.0000,0.0000,0.5000,"PNLeadPursuit",-0.093164
559,B0100,defensive,UNKNOWN,1213.503088,146.520169,75.245142,80.613354,156.166964,13555.120489,203.224638,15383.493388,171.830622,-6961.170515,-328.655535,4.550527,False,False,False,False,False,True,False,1-circle,1.000000,388.347791,62.868884,-45.975624,2.059554,99.492914,97.886569,2.113431,0.507086,3,8,2,0.0000,0.0000,0.0000,0.5000,"LeadPursuit",0.059757
560,A0100,adaptive_eagle_v11,UNKNOWN,1333.265215,144.091526,72.767699,78.727687,151.667919,13546.135858,205.891435,15422.808925,196.577684,-6888.051212,-345.061347,3.205639,False,False,False,False,False,True,False,1-circle,1.000000,390.114816,71.547128,-36.434165,1.988254,97.886569,99.492914,0.507086,2.113431,2,0,3,0.0000,0.0000,0.0000,0.5000,"PNLeadPursuit",-0.055091
560,B0100,defensive,UNKNOWN,1333.265215,144.091526,72.767699,78.727687,151.667919,13546.135858,205.891435,15422.808925,196.577684,-6888.051212,-345.061347,3.205639,False,False,False,False,False,True,False,1-circle,1.000000,390.114816,71.547128,-36.434165,1.988254,99.492914,97.886569,2.113431,0.507086,3,8,2,0.0000,0.0000,0.0000,0.5000,"LeadPursuit",0.058250
561,A0100,adaptive_eagle_v11,UNKNOWN,1456.512734,141.766832,71.497840,76.388129,147.851050,13537.057245,208.538661,15462.298759,197.449169,-6773.358510,-351.138784,2.156502,False,False,False,False,False,True,False,1-circle,1.000000,392.987177,80.638022,-26.693746,3.075207,97.886569,99.492914,0.507086,2.113431,2,0,3,0.0000,0.0000,0.0000,0.5000,"PNLeadPursuit",-0.008827
561,B0100,defensive,UNKNOWN,1456.512734,141.766832,71.497840,76.388129,147.851050,13537.057245,208.538661,15462.298759,197.449169,-6773.358510,-351.138784,2.156502,False,False,False,False,False,True,False,1-circle,1.000000,392.987177,80.638022,-26.693746,3.075207,99.492914,97.886569,2.113431,0.507086,3,8,2,0.0000,0.0000,0.0000,0.5000,"LeadPursuit",0.056115
562,A0100,adaptive_eagle_v11,UNKNOWN,1579.603202,139.603778,71.488637,73.190806,144.544220,13528.152519,211.118370,15501.320720,195.109806,-6603.133043,-346.727444,1.329171,False,False,False,False,False,True,False,1-circle,1.000000,397.171960,89.474880,-17.413607,4.928524,97.886569,99.492914,0.507086,2.113431,2,0,3,0.0000,0.0000,0.0000,0.5000,"PNLeadPursuit",0.006081
562,B0100,defensive,UNKNOWN,1579.603202,139.603778,71.488637,73.190806,144.544220,13528.152519,211.118370,15501.320720,195.109806,-6603.133043,-346.727444,1.329171,False,False,False,False,False,True,False,1-circle,1.000000,397.171960,89.474880,-17.413607,4.928524,99.492914,97.886569,2.113431,0.507086,3,8,2,0.0000,0.0000,0.0000,0.5000,"LeadPursuit",0.054519
563,A0100,adaptive_eagle_v11,UNKNOWN,1699.991035,137.590373,71.554058,70.017878,141.584340,13519.736431,213.567782,15538.955942,188.176113,-6463.874073,-341.853546,0.683983,False,False,False,False,False,True,False,1-circle,1.000000,400.880235,97.293334,-9.270074,6.994619,97.886569,99.492914,0.507086,2.113431,2,0,3,0.0000,0.0000,0.0000,0.5000,"PNLeadPursuit",-0.007821
563,B0100,defensive,UNKNOWN,1699.991035,137.590373,71.554058,70.017878,141.584340,13519.736431,213.567782,15538.955942,188.176113,-6463.874073,-341.853546,0.683983,False,False,False,False,False,True,False,1-circle,1.000000,400.880235,97.293334,-9.270074,6.994619,99.492914,97.886569,2.113431,0.507086,3,8,2,0.0000,0.0000,0.0000,0.5000,"LeadPursuit",0.053583
564,A0100,adaptive_eagle_v11,UNKNOWN,1818.532478,135.683801,71.209933,67.521478,138.858779,13512.104772,215.872610,15575.142376,180.932168,-6398.289539,-340.543016,0.194294,False,False,False,False,False,True,False,1-circle,1.000000,402.729187,103.584108,-2.682434,8.978554,97.886569,99.492914,0.507086,2.113431,2,0,3,0.0000,0.0000,0.0000,0.5000,"PNLeadPursuit",-0.006516
564,B0100,defensive,UNKNOWN,1818.532478,135.683801,71.209933,67.521478,138.858779,13512.104772,215.872610,15575.142376,180.932168,-6398.289539,-340.543016,0.194294,False,False,False,False,False,True,False,1-circle,1.000000,402.729187,103.584108,-2.682434,8.978554,99.492914,97.886569,2.113431,0.507086,3,8,2,0.0000,0.0000,0.0000,0.5000,"LeadPursuit",0.053215
565,A0100,adaptive_eagle_v11,UNKNOWN,1935.834082,133.830901,71.028986,65.114104,136.298948,13505.502926,218.034816,15610.074766,174.661950,-6351.308819,-337.788822,0.166232,False,False,False,False,False,True,False,1-circle,1.000000,402.921285,108.301677,2.317820,10.755974,97.886569,99.492914,0.507086,2.113431,2,0,3,0.0000,0.0000,0.0000,0.5000,"PNLeadPursuit",0.001834
565,B0100,defensive,UNKNOWN,1935.834082,133.830901,71.028986,65.114104,136.298948,13505.502926,218.034816,15610.074766,174.661950,-6351.308819,-337.788822,0.166232,False,False,False,False,False,True,False,1-circle,1.000000,402.921285,108.301677,2.317820,10.755974,99.492914,97.886569,2.113431,0.507086,3,8,2,0.0000,0.0000,0.0000,0.5000,"LeadPursuit",0.053269
566,A0100,adaptive_eagle_v11,UNKNOWN,2051.023166,131.993642,71.236843,62.520682,133.861874,13500.124755,220.061226,15643.998041,169.616376,-6295.152647,-331.532590,0.431615,False,False,False,False,False,True,False,1-circle,1.000000,402.089496,111.787468,6.053328,12.303477,97.886569,99.492914,0.507086,2.113431,2,0,3,0.0000,0.0000,0.0000,0.5000,"PNLeadPursuit",0.018045
566,B0100,defensive,UNKNOWN,2051.023166,131.993642,71.236843,62.520682,133.861874,13500.124755,220.061226,15643.998041,169.616376,-6295.152647,-331.532590,0.431615,False,False,False,False,False,True,False,1-circle,1.000000,402.089496,111.787468,6.053328,12.303477,99.492914,97.886569,2.113431,0.507086,3,8,2,0.0000,0.0000,0.0000,0.5000,"LeadPursuit",0.053602
567,A0100,adaptive_eagle_v11,UNKNOWN,2163.005623,130.151854,72.069216,59.464095,131.520712,13496.119937,221.953507,15677.021583,165.117707,-6205.328324,-319.692958,0.641963,False,False,False,False,False,True,False,1-circle,1.000000,401.086872,114.583557,9.037209,13.647778,97.886569,99.492914,0.507086,2.113431,2,0,3,0.0000,0.0000,0.0000,0.5000,"PNLeadPursuit",0.051064
567,B0100,defensive,UNKNOWN,2163.005623,130.151854,72.069216,59.464095,131.520712,13496.119937,221.953507,15677.021583,165.117707,-6205.328324,-319.692958,0.641963,False,False,False,False,False,True,False,1-circle,1.000000,401.086872,114.583557,9.037209,13.647778,99.492914,97.886569,2.113431,0.507086,3,8,2,0.0000,0.0000,0.0000,0.5000,"LeadPursuit",0.054250
568,A0100,adaptive_eagle_v11,UNKNOWN,2269.357816,128.292504,73.811871,55.515936,129.251494,13493.596777,223.702741,15709.009611,159.940142,-6057.166903,-299.808377,0.837501,False,False,False,False,False,True,False,1-circle,1.000000,400.355338,117.254381,11.810120,14.825506,97.886569,99.492914,0.507086,2.113431,2,0,3,0.0000,0.0000,0.0000,0.5000,"PNLeadPursuit",0.056782
568,B0100,defensive,UNKNOWN,2269.357816,128.292504,73.811871,55.515936,129.251494,13493.596777,223.702741,15709.009611,159.940142,-6057.166903,-299.808377,0.837501,False,False,False,False,False,True,False,1-circle,1.000000,400.355338,117.254381,11.810120,14.825506,99.492914,97.886569,2.113431,0.507086,3,8,2,0.0000,0.0000,0.0000,0.5000,"LeadPursuit",0.055182
569,A0100,adaptive_eagle_v11,UNKNOWN,2368.280582,126.411625,75.411224,51.637213,127.030799,13492.627577,225.336030,15740.508665,157.495271,-5943.463591,-280.807518,1.045744,False,False,False,False,False,True,False,1-circle,1.000000,398.442781,120.110685,14.732728,15.875171,97.886569,99.492914,0.507086,2.113431,2,0,3,0.0000,0.0000,0.0000,0.5000,"PNLeadPursuit",0.034088
569,B0100,defensive,UNKNOWN,2368.280582,126.411625,75.411224,51.637213,127.030799,13492.627577,225.336030,15740.508665,157.495271,-5943.463591,-280.807518,1.045744,False,False,False,False,False,True,False,1-circle,1.000000,398.442781,120.110685,14.732728,15.875171,99.492914,97.886569,2.113431,0.507086,3,8,2,0.0000,0.0000,0.0000,0.5000,"LeadPursuit",0.056345
570,A0100,adaptive_eagle_v11,UNKNOWN,2461.221107,124.503562,76.324944,48.516186,124.839758,13493.255263,226.878553,15772.017137,157.542359,-5902.121601,-267.171380,1.277484,False,False,False,False,False,True,False,1-circle,1.000000,394.190771,123.208568,17.920740,16.829696,97.886569,99.492914,0.507086,2.113431,4,0,3,0.0000,0.0000,0.0000,0.5000,"SmartHighYoYo",0.029165
570,B0100,defensive,UNKNOWN,2461.221107,124.503562,76.324944,48.516186,124.839758,13493.255263,226.878553,15772.017137,157.542359,-5902.121601,-267.171380,1.277484,False,False,False,False,False,True,False,1-circle,1.000000,394.190771,123.208568,17.920740,16.829696,99.492914,97.886569,2.113431,0.507086,3,8,2,0.0000,0.0000,0.0000,0.5000,"LeadPursuit",0.057232
571,A0100,adaptive_eagle_v11,UNKNOWN,2549.177233,122.543527,77.168875,45.536639,122.665202,13495.413293,226.819256,15772.984171,4.835170,-5922.141043,-252.615500,1.541922,False,False,False,False,False,True,False,1-circle,1.000000,388.067142,126.498541,21.317974,17.740175,97.886569,99.492914,0.507086,2.113431,1,0,4,0.0000,0.0000,0.0000,0.5000,"SmartHighYoYo",0.047425
571,B0100,defensive,UNKNOWN,2549.177233,122.543527,77.168875,45.536639,122.665202,13495.413293,226.819256,15772.984171,4.835170,-5922.141043,-252.615500,1.541922,False,False,False,False,False,True,False,1-circle,1.000000,388.067142,126.498541,21.317974,17.740175,99.492914,97.886569,2.113431,0.507086,3,8,2,0.0000,0.0000,0.0000,0.5000,"LeadPursuit",0.059240
572,A0100,adaptive_eagle_v11,UNKNOWN,2631.177557,120.532209,78.596052,42.002679,120.483309,13498.953349,226.398443,15768.081008,-24.515817,-5910.635837,-232.556287,1.825123,False,False,False,False,False,True,False,1-circle,1.000000,381.087356,129.851921,24.754588,18.612893,97.886569,99.492914,0.507086,2.113431,1,0,4,0.0000,0.0000,0.0000,0.5000,"SmartHighYoYo",0.081574
572,B0100,defensive,UNKNOWN,2631.177557,120.532209,78.596052,42.002679,120.483309,13498.953349,226.398443,15768.081008,-24.515817,-5910.635837,-232.556287,1.825123,False,False,False,False,False,True,False,1-circle,1.000000,381.087356,129.851921,24.754588,18.612893,99.492914,97.886569,2.113431,0.507086,3,8,2,0.0000,0.0000,0.0000,0.5000,"LeadPursuit",0.061674
573,A0100,adaptive_eagle_v11,UNKNOWN,2704.966006,118.471641,80.830583,37.648492,118.285956,13503.830786,225.906054,15763.099026,-24.909911,-5841.007213,-205.371124,2.113338,False,False,False,False,False,True,False,1-circle,1.000000,373.684372,133.111754,28.049458,19.388036,97.886569,99.492914,0.507086,2.113431,1,0,4,0.0000,0.0000,0.0000,0.5000,"SmartHighYoYo",0.081705
573,B0100,defensive,UNKNOWN,2704.966006,118.471641,80.830583,37.648492,118.285956,13503.830786,225.906054,15763.099026,-24.909911,-5841.007213,-205.371124,2.113338,False,False,False,False,False,True,False,1-circle,1.000000,373.684372,133.111754,28.049458,19.388036,99.492914,97.886569,2.113431,0.507086,3,8,2,0.0000,0.0000,0.0000,0.5000,"LeadPursuit",0.064126
574,A0100,adaptive_eagle_v11,UNKNOWN,2769.163189,116.367101,82.800079,33.594951,116.071976,13509.993161,225.353742,15758.227655,-24.356854,-5799.984956,-180.090859,2.398826,False,False,False,False,False,True,False,1-circle,1.000000,364.494704,136.131545,31.106712,20.054492,97.886569,99.492914,0.507086,2.113431,1,0,4,0.0000,0.0000,0.0000,0.5000,"SmartHighYoYo",0.054009
574,B0100,defensive,UNKNOWN,2769.163189,116.367101,82.800079,33.594951,116.071976,13509.993161,225.353742,15758.227655,-24.356854,-5799.984956,-180.090859,2.398826,False,False,False,False,False,True,False,1-circle,1.000000,364.494704,136.131545,31.106712,20.054492,99.492914,97.886569,2.113431,0.507086,3,8,2,0.0000,0.0000,0.0000,0.5000,"LeadPursuit",0.066703
575,A0100,adaptive_eagle_v11,UNKNOWN,2825.498065,114.218283,84.044624,30.347039,113.837434,13517.377667,224.751472,15753.611168,-23.082436,-5833.822770,-160.506661,2.680505,False,False,False,False,False,True,False,1-circle,1.000000,352.691807,138.860292,33.923066,20.621412,97.886569,99.492914,0.507086,2.113431,1,0,4,0.0000,0.0000,0.0000,0.5000,"SmartHighYoYo",0.048217
575,B0100,defensive,UNKNOWN,2825.498065,114.218283,84.044624,30.347039,113.837434,13517.377667,224.751472,15753.611168,-23.082436,-5833.822770,-160.506661,2.680505,False,False,False,False,False,True,False,1-circle,1.000000,352.691807,138.860292,33.923066,20.621412,99.492914,97.886569,2.113431,0.507086,3,8,2,0.0000,0.0000,0.0000,0.5000,"LeadPursuit",0.069562
576,A0100,adaptive_eagle_v11,UNKNOWN,2875.219536,112.024496,85.191290,27.248720,111.578485,13525.915385,224.106977,15749.342062,-21.345527,-5877.334952,-141.370003,2.962999,False,False,False,False,False,True,False,1-circle,1.000000,338.864760,141.364270,36.554630,21.102162,97.886569,99.492914,0.507086,2.113431,1,0,4,0.0000,0.0000,0.0000,0.5000,"SmartHighYoYo",0.070194
576,B0100,defensive,UNKNOWN,2875.219536,112.024496,85.191290,27.248720,111.578485,13525.915385,224.106977,15749.342062,-21.345527,-5877.334952,-141.370003,2.962999,False,False,False,False,False,True,False,1-circle,1.000000,338.864760,141.364270,36.554630,21.102162,99.492914,97.886569,2.113431,0.507086,3,8,2,0.0000,0.0000,0.0000,0.5000,"LeadPursuit",0.072630
577,A0100,adaptive_eagle_v11,UNKNOWN,2917.685885,109.791432,86.893890,23.643688,109.296669,13535.533633,223.426789,15745.484142,-19.289598,-5880.474169,-117.368408,3.253969,False,False,False,False,False,True,False,1-circle,1.000000,323.915120,143.748671,39.074450,21.508177,97.886569,99.492914,0.507086,2.113431,1,0,4,0.0000,0.0000,0.0000,0.5000,"SmartHighYoYo",0.109551
577,B0100,defensive,UNKNOWN,2917.685885,109.791432,86.893890,23.643688,109.296669,13535.533633,223.426789,15745.484142,-19.289598,-5880.474169,-117.368408,3.253969,False,False,False,False,False,True,False,1-circle,1.000000,323.915120,143.748671,39.074450,21.508177,99.492914,97.886569,2.113431,0.507086,2,8,2,0.0000,0.0000,0.0000,0.5000,"LeadPursuit",0.075760
578,A0100,adaptive_eagle_v11,UNKNOWN,2950.823734,107.528773,89.368276,19.541202,106.997625,13546.156847,222.716890,15742.086212,-16.989654,-5831.268122,-86.921194,3.561353,False,False,False,False,False,True,False,1-circle,1.000000,308.200878,146.087891,41.541107,21.847003,97.886569,99.492914,0.507086,2.113431,1,0,4,0.0000,0.0000,0.0000,0.5000,"SmartHighYoYo",0.106040
578,B0100,defensive,UNKNOWN,2950.823734,107.528773,89.368276,19.541202,106.997625,13546.156847,222.716890,15742.086212,-16.989654,-5831.268122,-86.921194,3.561353,False,False,False,False,False,True,False,1-circle,1.000000,308.200878,146.087891,41.541107,21.847003,99.492914,97.886569,2.113431,0.507086,2,8,2,0.0000,0.0000,0.0000,0.5000,"LeadPursuit",-0.356188
579,A0100,adaptive_eagle_v11,DBFM,2973.541419,105.240627,91.530475,16.412223,104.685291,13557.706839,221.982810,15739.184387,-14.509125,-5810.427386,-58.935567,3.891603,False,False,False,False,False,True,False,1-circle,1.000000,290.399493,148.345702,43.985469,22.122385,97.886569,99.492914,0.507086,2.113431,4,1,3,0.0000,0.0000,0.0000,0.5000,"SmartHighYoYo",0.072175
579,B0100,defensive,DBFM,2973.541419,105.240627,91.530475,16.412223,104.685291,13557.706839,221.982810,15739.184387,-14.509125,-5810.427386,-58.935567,3.891603,False,False,False,False,False,True,False,1-circle,1.000000,290.399493,148.345702,43.985469,22.122385,99.492914,97.886569,2.113431,0.507086,2,8,2,0.0000,0.0000,0.0000,0.5000,"LeadPursuit",-0.233975
580,A0100,adaptive_eagle_v11,DBFM,2987.703937,102.916696,92.948092,14.522208,102.350138,13570.103069,221.229523,15736.800276,-11.920552,-5863.212614,-36.712117,4.249186,False,False,False,False,False,True,False,1-circle,1.000000,269.860517,150.473025,46.412704,22.335369,97.886569,99.492914,0.507086,2.113431,1,1,4,0.0000,0.0000,0.0000,0.5000,"SmartHighYoYo",0.067044
580,B0100,defensive,DBFM,2987.703937,102.916696,92.948092,14.522208,102.350138,13570.103069,221.229523,15736.800276,-11.920552,-5863.212614,-36.712117,4.249186,False,False,False,False,False,True,False,1-circle,1.000000,269.860517,150.473025,46.412704,22.335369,99.492914,97.886569,2.113431,0.507086,2,8,2,0.0000,0.0000,0.0000,0.5000,"LeadPursuit",-0.198953
581,A0100,adaptive_eagle_v11,DBFM,2994.547204,100.549306,94.289845,13.262077,99.982566,13583.263133,220.461375,15734.940156,-9.300604,-5927.975742,-14.843126,4.637071,False,False,False,False,False,True,False,1-circle,1.000000,247.333842,152.471000,48.812312,22.485699,97.886569,99.492914,0.507086,2.113431,1,1,4,0.0000,0.0000,0.0000,0.5000,"SmartHighYoYo",0.094137
581,B0100,defensive,DBFM,2994.547204,100.549306,94.289845,13.262077,99.982566,13583.263133,220.461375,15734.940156,-9.300604,-5927.975742,-14.843126,4.637071,False,False,False,False,False,True,False,1-circle,1.000000,247.333842,152.471000,48.812312,22.485699,99.492914,97.886569,2.113431,0.507086,2,8,2,0.0000,0.0000,0.0000,0.5000,"LeadPursuit",-0.296993
582,A0100,adaptive_eagle_v11,DBFM,2993.469423,98.143026,96.161641,12.637994,97.584130,13597.103445,219.682135,15733.596775,-6.716905,-5953.217704,11.360847,5.057695,False,False,False,False,False,True,False,1-circle,1.000000,223.728962,154.349151,51.169132,22.572971,97.886569,99.492914,0.507086,2.113431,1,1,4,0.0000,0.0000,0.0000,0.5000,"SmartHighYoYo",0.141386
582,B0100,defensive,DBFM,2993.469423,98.143026,96.161641,12.637994,97.584130,13597.103445,219.682135,15733.596775,-6.716905,-5953.217704,11.360847,5.057695,False,False,False,False,False,True,False,1-circle,1.000000,223.728962,154.349151,51.169132,22.572971,99.492914,97.886569,2.113431,0.507086,2,8,2,0.0000,0.0000,0.0000,0.5000,"LeadPursuit",-0.461435
583,A0100,adaptive_eagle_v11,DBFM,2982.603488,95.710967,98.785872,13.783454,95.166186,13611.539951,218.895149,15732.753204,-4.217852,-5926.544403,43.365798,5.514017,False,False,False,False,False,True,False,1-circle,1.000000,199.369755,156.088533,53.471053,22.597302,97.886569,99.492914,0.507086,2.113431,1,1,4,0.0000,0.0000,0.0000,0.5000,"SmartHighYoYo",0.132772
583,B0100,defensive,DBFM,2982.603488,95.710967,98.785872,13.783454,95.166186,13611.539951,218.895149,15732.753204,-4.217852,-5926.544403,43.365798,5.514017,False,False,False,False,False,True,False,1-circle,1.000000,199.369755,156.088533,53.471053,22.597302,99.492914,97.886569,2.113431,0.507086,2,8,2,0.0000,0.0000,0.0000,0.5000,"LeadPursuit",-0.397611
584,A0100,adaptive_eagle_v11,DBFM,2961.119267,93.257830,101.060640,16.777219,92.737240,13626.488750,218.103526,15732.387226,-1.829893,-5928.828589,72.531007,6.010350,False,False,False,False,False,True,False,1-circle,1.000000,172.979687,157.563356,55.712168,22.559503,97.886569,99.492914,0.507086,2.113431,1,1,4,0.0000,0.0000,0.0000,0.5000,"SmartHighYoYo",0.015994
584,B0100,defensive,DBFM,2961.119267,93.257830,101.060640,16.777219,92.737240,13626.488750,218.103526,15732.387226,-1.829893,-5928.828589,72.531007,6.010350,False,False,False,False,False,True,False,1-circle,1.000000,172.979687,157.563356,55.712168,22.559503,99.492914,97.886569,2.113431,0.507086,2,8,2,0.0000,0.0000,0.0000,0.5000,"LeadPursuit",-0.214189
585,A0100,adaptive_eagle_v11,DBFM,2930.842145,90.635521,102.583162,20.020967,90.144960,13641.918621,217.165367,15729.739282,-13.239719,-6002.415945,96.723823,6.359321,False,False,False,False,False,True,False,1-circle,1.000000,143.995136,157.871122,57.096678,22.481048,97.886569,99.492914,0.507086,2.113431,1,1,4,0.0000,0.0000,0.0000,0.5000,"SmartHighYoYo",-0.449034
585,B0100,defensive,DBFM,2930.842145,90.635521,102.583162,20.020967,90.144960,13641.918621,217.165367,15729.739282,-13.239719,-6002.415945,96.723823,6.359321,False,False,False,False,False,True,False,1-circle,1.000000,143.995136,157.871122,57.096678,22.481048,99.492914,97.886569,2.113431,0.507086,2,8,2,0.0000,0.0000,0.0000,0.5000,"LeadPursuit",-0.170143
586,A0100,adaptive_eagle_v11,DBFM,2892.846452,87.959723,103.986964,23.293781,87.509588,13657.889252,216.214912,15727.474620,-11.323311,-6089.809005,120.174632,6.397984,False,False,True,False,False,True,False,1-circle,1.000000,113.015534,156.481933,57.148694,22.398683,97.886569,99.492914,0.507086,2.113431,1,1,4,0.0000,0.0000,0.0000,0.5000,"SmartHighYoYo",-0.440316
586,B0100,defensive,DBFM,2892.846452,87.959723,103.986964,23.293781,87.509588,13657.889252,216.214912,15727.474620,-11.323311,-6089.809005,120.174632,6.397984,False,False,True,False,False,True,False,1-circle,1.000000,113.015534,156.481933,57.148694,22.398683,99.492914,97.886569,2.113431,0.507086,2,8,2,0.0000,0.0000,0.0000,0.5000,"LeadPursuit",-0.177441
587,A0100,adaptive_eagle_v11,DBFM,2847.095247,85.272246,105.486159,26.619952,84.872463,13674.338295,215.281986,15726.102453,-6.860835,-6167.436755,144.198463,6.380851,False,False,True,False,False,True,False,1-circle,1.000000,80.905462,154.438497,56.973950,22.363808,97.886569,99.492914,0.507086,2.113431,1,1,4,0.0000,0.0000,0.0000,0.5000,"SmartHighYoYo",-0.415559
587,B0100,defensive,DBFM,2847.095247,85.272246,105.486159,26.619952,84.872463,13674.338295,215.281986,15726.102453,-6.860835,-6167.436755,144.198463,6.380851,False,False,True,False,False,True,False,1-circle,1.000000,80.905462,154.438497,56.973950,22.363808,99.492914,97.886569,2.113431,0.507086,2,8,2,0.0000,0.0000,0.0000,0.5000,"LeadPursuit",-0.254316
588,A0100,adaptive_eagle_v11,DBFM,2793.294763,82.552250,107.381475,30.266303,82.208654,13691.235919,214.338034,15725.046698,-5.278774,-6205.209988,170.901708,6.435117,False,False,True,False,False,True,False,1-circle,1.000000,48.630154,152.173142,57.089152,22.395248,97.886569,99.492914,0.507086,2.113431,4,1,3,0.0000,0.0000,0.0000,0.5000,"SmartHighYoYo",-0.417046
588,B0100,defensive,DBFM,2793.294763,82.552250,107.381475,30.266303,82.208654,13691.235919,214.338034,15725.046698,-5.278774,-6205.209988,170.901708,6.435117,False,False,True,False,False,True,False,1-circle,1.000000,48.630154,152.173142,57.089152,22.395248,99.492914,97.886569,2.113431,0.507086,2,8,2,0.0000,0.0000,0.0000,0.5000,"LeadPursuit",-0.241577
589,A0100,adaptive_eagle_v11,DBFM,2730.580898,79.800294,109.234223,34.139441,79.517856,13708.564541,213.381856,15724.269830,-3.884342,-6250.902316,197.132355,6.584238,False,False,True,False,False,True,False,1-circle,1.000000,16.615120,149.578330,57.577928,22.479642,97.886569,99.492914,0.507086,2.113431,1,1,4,0.0000,0.0000,0.0000,0.5000,"SmartHighYoYo",-0.421237
589,B0100,defensive,DBFM,2730.580898,79.800294,109.234223,34.139441,79.517856,13708.564541,213.381856,15724.269830,-3.884342,-6250.902316,197.132355,6.584238,False,False,True,False,False,True,False,1-circle,1.000000,16.615120,149.578330,57.577928,22.479642,99.492914,97.886569,2.113431,0.507086,2,8,2,0.0000,0.0000,0.0000,0.5000,"LeadPursuit",-0.228147
590,A0100,adaptive_eagle_v11,DBFM,2659.810438,77.001012,111.052790,38.088046,76.786375,13726.299342,212.420850,15723.889284,-1.902727,-6295.696741,222.925751,6.808421,False,False,True,False,False,False,False,1-circle,1.000000,-15.256708,146.174788,58.333205,22.591655,97.886569,99.492914,0.507086,2.113431,1,1,4,0.0000,0.0000,0.0000,0.5000,"SmartHighYoYo",-0.360334
590,B0100,defensive,DBFM,2659.810438,77.001012,111.052790,38.088046,76.786375,13726.299342,212.420850,15723.889284,-1.902727,-6295.696741,222.925751,6.808421,False,False,True,False,False,False,False,1-circle,1.000000,-15.256708,146.174788,58.333205,22.591655,99.492914,97.886569,2.113431,0.507086,2,8,2,0.0000,0.0000,0.0000,0.5000,"LeadPursuit",-0.394340
591,A0100,adaptive_eagle_v11,DBFM,2579.864984,74.168423,113.631827,42.928357,74.029670,13744.404700,211.461448,15723.991110,0.509127,-6280.850594,253.429547,7.079180,False,False,True,False,False,False,False,1-circle,1.000000,-46.835654,141.258165,59.217571,22.707679,97.886569,99.492914,0.507086,2.113431,1,1,4,0.0000,0.0000,0.0000,0.5000,"SmartHighYoYo",-0.372272
591,B0100,defensive,DBFM,2579.864984,74.168423,113.631827,42.928357,74.029670,13744.404700,211.461448,15723.991110,0.509127,-6280.850594,253.429547,7.079180,False,False,True,False,False,False,False,1-circle,1.000000,-46.835654,141.258165,59.217571,22.707679,99.492914,97.886569,2.113431,0.507086,2,8,2,0.0000,0.0000,0.0000,0.5000,"LeadPursuit",-0.325384
592,A0100,adaptive_eagle_v11,DBFM,2490.069456,71.307226,115.970270,47.864851,71.261259,13762.837755,210.506556,15724.586167,2.975285,-6294.430074,281.851207,7.373817,False,False,True,False,False,False,False,1-circle,1.000000,-79.395203,133.590778,60.131586,22.811227,97.886569,99.492914,0.507086,2.113431,1,1,4,0.0000,0.0000,0.0000,0.5000,"SmartHighYoYo",-0.444387
592,B0100,defensive,DBFM,2490.069456,71.307226,115.970270,47.864851,71.261259,13762.837755,210.506556,15724.586167,2.975285,-6294.430074,281.851207,7.373817,False,False,True,False,False,False,False,1-circle,1.000000,-79.395203,133.590778,60.131586,22.811227,99.492914,97.886569,2.113431,0.507086,2,8,2,0.0000,0.0000,0.0000,0.5000,"LeadPursuit",-0.114439
593,A0100,adaptive_eagle_v11,DBFM,2392.194191,68.379780,117.470450,52.024591,68.449491,13781.552976,209.556389,15725.631811,5.228220,-6374.315064,304.705943,7.679137,False,False,True,False,False,False,False,1-circle,1.000000,-113.660411,121.584151,61.024052,22.893139,97.886569,99.492914,0.507086,2.113431,1,1,4,0.0000,0.0000,0.0000,0.5000,"SmartHighYoYo",-0.473503
593,B0100,defensive,DBFM,2392.194191,68.379780,117.470450,52.024591,68.449491,13781.552976,209.556389,15725.631811,5.228220,-6374.315064,304.705943,7.679137,False,False,True,False,False,False,False,1-circle,1.000000,-113.660411,121.584151,61.024052,22.893139,99.492914,97.886569,2.113431,0.507086,2,8,2,0.0000,0.0000,0.0000,0.5000,"LeadPursuit",-0.045780
594,A0100,adaptive_eagle_v11,DBFM,2287.527517,65.352257,118.746003,55.943604,65.559606,13800.505255,208.610135,15727.066706,7.174478,-6465.561460,326.059439,7.990000,False,False,True,False,False,False,False,1-circle,1.000000,-149.031835,104.384433,61.878333,22.949631,97.886569,99.492914,0.507086,2.113431,1,1,4,0.0000,0.0000,0.0000,0.5000,"SmartHighYoYo",-0.445542
594,B0100,defensive,DBFM,2287.527517,65.352257,118.746003,55.943604,65.559606,13800.505255,208.610135,15727.066706,7.174478,-6465.561460,326.059439,7.990000,False,False,True,False,False,False,False,1-circle,1.000000,-149.031835,104.384433,61.878333,22.949631,99.492914,97.886569,2.113431,0.507086,2,8,2,0.0000,0.0000,0.0000,0.5000,"LeadPursuit",-0.127300
595,A0100,adaptive_eagle_v11,DBFM,2175.933994,62.216449,120.408375,60.222792,62.580778,13819.651265,207.667161,15728.834933,8.841132,-6516.178261,349.518852,8.306129,False,False,True,False,False,False,False,1-circle,1.000000,-184.600964,84.393072,62.695315,22.980037,97.886569,99.492914,0.507086,2.113431,4,1,3,0.0000,0.0000,0.0000,0.5000,"SmartHighYoYo",-0.508010
595,B0100,defensive,DBFM,2175.933994,62.216449,120.408375,60.222792,62.580778,13819.651265,207.667161,15728.834933,8.841132,-6516.178261,349.518852,8.306129,False,False,True,False,False,False,False,1-circle,1.000000,-184.600964,84.393072,62.695315,22.980037,99.492914,97.886569,2.113431,0.507086,2,2,3,0.0000,0.0000,0.0000,0.5000,"LeadPursuit",-0.061350
596,A0100,adaptive_eagle_v11,DBFM,2056.534141,58.733455,121.954498,64.807509,59.265668,13839.102708,208.050479,15755.340934,132.530005,-6533.334167,373.715132,7.739632,False,False,True,False,False,False,False,1-circle,1.000000,-220.096898,64.490299,61.063645,23.060081,97.886569,99.492914,0.507086,2.113431,1,1,1,0.0000,0.0000,0.0000,0.5000,"PNLeadPursuit",-0.541453
596,B0100,defensive,DBFM,2056.534141,58.733455,121.954498,64.807509,59.265668,13839.102708,208.050479,15755.340934,132.530005,-6533.334167,373.715132,7.739632,False,False,True,False,False,False,False,1-circle,1.000000,-220.096898,64.490299,61.063645,23.060081,99.492914,97.886569,2.113431,0.507086,2,2,3,0.0000,0.0000,0.0000,0.5000,"LeadPursuit",-0.005006
597,A0100,adaptive_eagle_v11,DBFM,1929.821391,54.933161,123.356797,69.595590,55.652361,13859.244949,208.276581,15779.650425,121.547459,-6552.874900,397.365092,5.988311,False,False,True,False,False,False,False,1-circle,1.000000,-255.963757,44.617403,54.489853,23.158449,97.886569,99.492914,0.507086,2.113431,1,1,1,0.0000,0.0000,0.0000,0.5000,"PNLeadPursuit",-0.402460
597,B0100,defensive,DBFM,1929.821391,54.933161,123.356797,69.595590,55.652361,13859.244949,208.276581,15779.650425,121.547459,-6552.874900,397.365092,5.988311,False,False,True,False,False,False,False,1-circle,1.000000,-255.963757,44.617403,54.489853,23.158449,99.492914,97.886569,2.113431,0.507086,2,2,3,0.0000,0.0000,0.0000,0.5000,"LeadPursuit",-0.150414
598,A0100,adaptive_eagle_v11,DBFM,1795.156320,51.173211,125.393745,75.021505,52.120495,13880.391168,208.498131,15804.884413,126.169936,-6519.244685,423.462389,4.207210,False,False,True,True,False,False,False,1-circle,1.000000,-292.399469,25.993409,44.594648,22.445901,97.886569,99.492914,0.507086,2.113431,1,1,3,0.0000,0.0000,0.0000,0.5000,"PNLeadPursuit",-0.306251
598,B0100,defensive,DBFM,1795.156320,51.173211,125.393745,75.021505,52.120495,13880.391168,208.498131,15804.884413,126.169936,-6519.244685,423.462389,4.207210,False,False,True,True,False,False,False,1-circle,1.000000,-292.399469,25.993409,44.594648,22.445901,99.492914,97.886569,2.113431,0.507086,2,2,3,0.0000,0.0000,0.0000,0.5000,"LeadPursuit",-0.033625
599,A0100,adaptive_eagle_v11,DBFM,1652.762800,47.798701,127.057821,79.754388,49.038244,13902.568466,209.153311,15839.175676,171.456317,-6499.852213,445.583328,2.755569,False,False,True,True,False,False,False,1-circle,1.000000,-330.713043,9.015684,32.942395,20.564638,97.886569,99.492914,0.507086,2.113431,1,1,3,0.0000,0.0000,0.0000,0.5000,"PNLeadPursuit",-0.280843
599,B0100,defensive,DBFM,1652.762800,47.798701,127.057821,79.754388,49.038244,13902.568466,209.153311,15839.175676,171.456317,-6499.852213,445.583328,2.755569,False,False,True,True,False,False,False,1-circle,1.000000,-330.713043,9.015684,32.942395,20.564638,99.492914,97.886569,2.113431,0.507086,2,2,3,0.0000,0.0000,0.0000,0.5000,"LeadPursuit",0.197695
600,A0100,adaptive_eagle_v11,UNKNOWN,1504.882855,44.738042,127.665844,83.105690,46.296205,13925.474495,210.104765,15879.741332,202.828279,-6537.836167,460.589885,1.557130,False,False,True,True,False,False,False,1-circle,1.000000,-371.287001,-6.900510,20.200168,17.940091,97.886569,99.492914,0.507086,2.113431,1,1,3,0.0000,0.0000,0.0000,0.5000,"PNLeadPursuit",-0.238217
600,B0100,defensive,UNKNOWN,1504.882855,44.738042,127.665844,83.105690,46.296205,13925.474495,210.104765,15879.741332,202.828279,-6537.836167,460.589885,1.557130,False,False,True,True,False,False,False,1-circle,1.000000,-371.287001,-6.900510,20.200168,17.940091,99.492914,97.886569,2.113431,0.507086,2,2,3,0.0000,0.0000,0.0000,0.5000,"LeadPursuit",0.305196
601,A0100,adaptive_eagle_v11,UNKNOWN,1353.143163,41.868191,127.667259,85.799069,43.637862,13948.632186,211.154607,15922.477798,213.682332,-6583.950067,471.016899,0.468492,False,False,True,True,False,False,False,1-circle,1.000000,-413.061177,-22.608387,6.349915,14.835949,97.886569,99.492914,0.507086,2.113431,1,1,1,0.0000,0.0000,0.0000,0.5000,"PNLeadPursuit",-0.168909
601,B0100,defensive,UNKNOWN,1353.143163,41.868191,127.667259,85.799069,43.637862,13948.632186,211.154607,15922.477798,213.682332,-6583.950067,471.016899,0.468492,False,False,True,True,False,False,False,1-circle,1.000000,-413.061177,-22.608387,6.349915,14.835949,99.492914,97.886569,2.113431,0.507086,2,2,3,0.0000,0.0000,0.0000,0.5000,"LeadPursuit",0.304707
602,A0100,adaptive_eagle_v11,UNKNOWN,1197.898626,39.196300,127.436603,88.609567,40.796533,13971.484512,212.165997,15964.284100,209.031510,-6589.983027,478.366390,0.642324,False,False,True,True,False,False,False,1-circle,1.000000,-454.612203,-38.620253,-8.718210,11.505523,97.886569,99.492914,0.507086,2.113431,1,1,1,0.0000,0.0000,0.0000,0.5000,"PNLeadPursuit",-0.079185
602,B0100,defensive,UNKNOWN,1197.898626,39.196300,127.436603,88.609567,40.796533,13971.484512,212.165997,15964.284100,209.031510,-6589.983027,478.366390,0.642324,False,False,True,True,False,False,False,1-circle,1.000000,-454.612203,-38.620253,-8.718210,11.505523,99.492914,97.886569,2.113431,0.507086,2,2,3,0.0000,0.0000,0.0000,0.5000,"LeadPursuit",0.343265
603,A0100,adaptive_eagle_v11,HABFM,1039.027686,36.943467,127.096942,92.084090,37.531739,13993.474450,211.677387,15977.105921,64.109105,-6502.749099,480.047769,1.991283,False,False,True,True,False,False,False,2-circle,1.000000,-494.951119,-55.444371,-25.383266,8.738086,97.886569,99.492914,0.507086,2.113431,1,1,3,0.0000,0.0000,0.0000,0.5000,"PNLeadPursuit",0.019625
603,B0100,defensive,HABFM,1039.027686,36.943467,127.096942,92.084090,37.531739,13993.474450,211.677387,15977.105921,64.109105,-6502.749099,480.047769,1.991283,False,False,True,True,False,False,False,2-circle,1.000000,-494.951119,-55.444371,-25.383266,8.738086,99.492914,97.886569,2.113431,0.507086,2,2,3,0.0000,0.0000,0.0000,0.5000,"LeadPursuit",0.673504
604,A0100,adaptive_eagle_v11,HABFM,877.139231,35.689555,125.619046,95.339792,33.649091,14014.401012,212.232093,16008.442422,156.682502,-6480.491752,474.008129,3.988354,False,False,True,True,False,False,False,2-circle,1.000000,-535.073933,-73.088443,-43.624085,8.023906,97.886569,99.492914,0.507086,2.113431,1,1,3,0.0000,0.0000,0.0000,0.5000,"PNLeadPursuit",0.287294
604,B0100,defensive,HABFM,877.139231,35.689555,125.619046,95.339792,33.649091,14014.401012,212.232093,16008.442422,156.682502,-6480.491752,474.008129,3.988354,False,False,True,True,False,False,False,2-circle,1.000000,-535.073933,-73.088443,-43.624085,8.023906,99.492914,97.886569,2.113431,0.507086,2,2,3,0.0000,0.0000,0.0000,0.5000,"LeadPursuit",1.031705
605,A0100,adaptive_eagle_v11,HABFM,714.874815,36.301694,121.710711,97.423749,28.741567,14034.512140,213.007751,16043.155676,173.566272,-6523.622562,447.993706,8.078019,False,False,True,False,False,False,False,2-circle,1.000000,-575.918108,-91.016480,-62.705551,9.554105,97.886569,99.492914,0.507086,2.113431,1,1,1,0.0000,0.0000,0.0000,0.5000,"PNLeadPursuit",0.679083
605,B0100,defensive,HABFM,714.874815,36.301694,121.710711,97.423749,28.741567,14034.512140,213.007751,16043.155676,173.566272,-6523.622562,447.993706,8.078019,False,False,True,False,False,False,False,2-circle,1.000000,-575.918108,-91.016480,-62.705551,9.554105,99.492914,97.886569,2.113431,0.507086,2,2,3,0.0000,0.0000,0.0000,0.5000,"LeadPursuit",1.299294
606,A0100,adaptive_eagle_v11,HABFM,556.920395,39.818965,115.317679,98.708489,21.767103,14054.044076,214.047711,16082.348943,195.966333,-6573.354268,395.377874,27.192898,False,False,True,False,False,False,False,2-circle,1.000000,-617.131001,-108.078138,-81.328562,11.550677,97.886569,99.492914,0.507086,2.113431,1,1,1,0.0000,0.0000,0.0000,0.5000,"PNLeadPursuit",1.010599
606,B0100,defensive,HABFM,556.920395,39.818965,115.317679,98.708489,21.767103,14054.044076,214.047711,16082.348943,195.966333,-6573.354268,395.377874,27.192898,False,False,True,False,False,False,False,2-circle,1.000000,-617.131001,-108.078138,-81.328562,11.550677,99.492914,97.886569,2.113431,0.507086,1,7,2,0.0000,0.0000,0.0000,0.5000,"LeadPursuit",1.547202
607,A0100,adaptive_eagle_v11,DBFM,411.723038,46.749257,106.627729,100.060765,9.749015,14072.828036,215.322726,16125.368821,215.099388,-6496.551812,310.202453,236.143071,False,False,True,False,False,False,False,2-circle,1.000000,-657.640708,-119.776943,-94.998074,12.636737,97.886569,99.492914,0.507086,2.113431,1,1,1,0.0000,0.0000,0.0000,0.5000,"PNLeadPursuit",1.307861
607,B0100,defensive,DBFM,411.723038,46.749257,106.627729,100.060765,9.749015,14072.828036,215.322726,16125.368821,215.099388,-6496.551812,310.202453,236.143071,False,False,True,False,False,False,False,2-circle,1.000000,-657.640708,-119.776943,-94.998074,12.636737,99.492914,97.886569,2.113431,0.507086,1,6,2,0.0000,0.0000,0.0000,0.5000,"LeadPursuit",0.020571
608,A0100,adaptive_eagle_v11,DBFM,300.374145,56.398789,96.616504,102.609181,-13.601731,14090.580137,216.707264,16169.601703,221.164412,-6345.299236,198.973567,234.596123,False,False,True,False,False,False,False,2-circle,-1.000000,-696.664276,-120.406727,-98.111391,12.918811,97.886569,99.492914,0.507086,2.113431,1,0,1,0.0000,0.0000,0.0000,0.5000,"PNLeadPursuit",1.494539
608,B0100,defensive,DBFM,300.374145,56.398789,96.616504,102.609181,-13.601731,14090.580137,216.707264,16169.601703,221.164412,-6345.299236,198.973567,234.596123,False,False,True,False,False,False,False,2-circle,-1.000000,-696.664276,-120.406727,-98.111391,12.918811,99.492914,97.886569,2.113431,0.507086,1,2,2,0.0000,0.0000,0.0000,0.5000,"LeadPursuit",-0.478268
609,A0100,adaptive_eagle_v11,DBFM,273.328041,67.497553,86.365061,105.582945,-51.165349,14107.265261,217.047445,16192.819148,116.087223,-6248.752940,74.201328,234.174866,False,False,True,False,False,False,False,2-circle,-1.000000,-735.296662,-112.595973,-93.350391,12.930643,97.886569,99.492914,0.507086,2.113431,1,0,3,0.0000,0.0000,0.0000,0.5000,"PNLeadPursuit",0.257328
609,B0100,defensive,DBFM,273.328041,67.497553,86.365061,105.582945,-51.165349,14107.265261,217.047445,16192.819148,116.087223,-6248.752940,74.201328,234.174866,False,False,True,False,False,False,False,2-circle,-1.000000,-735.296662,-112.595973,-93.350391,12.930643,99.492914,97.886569,2.113431,0.507086,1,0,2,0.0000,0.0000,0.0000,0.5000,"LeadPursuit",-0.374077
610,A0100,adaptive_eagle_v11,HABFM,357.070290,78.222089,76.550094,107.799145,-82.727916,14122.884796,217.129657,16210.018879,85.998656,-6307.208333,-48.522244,126.969979,False,False,True,False,False,False,False,2-circle,-1.000000,-774.215194,-103.968391,-88.157243,12.512548,97.886569,99.492914,0.507086,2.113431,1,0,3,0.0000,0.0000,0.0000,0.5000,"PNLeadPursuit",-0.220024
610,B0100,defensive,HABFM,357.070290,78.222089,76.550094,107.799145,-82.727916,14122.884796,217.129657,16210.018879,85.998656,-6307.208333,-48.522244,126.969979,False,False,True,False,False,False,False,2-circle,-1.000000,-774.215194,-103.968391,-88.157243,12.512548,99.492914,97.886569,2.113431,0.507086,1,0,2,0.0000,0.0000,0.0000,0.5000,"LeadPursuit",-0.261644
611,A0100,adaptive_eagle_v11,HABFM,502.245028,87.291850,68.036066,109.464902,-99.430765,14137.441278,216.688414,16216.101190,30.411555,-6397.660291,-153.559886,132.217098,False,False,True,False,False,False,False,2-circle,-1.000000,-812.888385,-100.354871,-88.227183,11.792658,97.886569,99.492914,0.507086,2.113431,1,0,3,0.0000,0.0000,0.0000,0.5000,"PNLeadPursuit",-0.147787
611,B0100,defensive,HABFM,502.245028,87.291850,68.036066,109.464902,-99.430765,14137.441278,216.688414,16216.101190,30.411555,-6397.660291,-153.559886,132.217098,False,False,True,False,False,False,False,2-circle,-1.000000,-812.888385,-100.354871,-88.227183,11.792658,99.492914,97.886569,2.113431,0.507086,1,0,2,0.0000,0.0000,0.0000,0.5000,"LeadPursuit",-0.171702
612,A0100,adaptive_eagle_v11,HABFM,671.349833,94.420593,60.883375,111.094309,-107.990974,14150.888871,216.064695,16217.599516,7.491629,-6457.484552,-236.769889,235.064408,False,False,False,False,False,False,False,2-circle,-1.000000,-850.390264,-101.029548,-92.837823,11.014131,97.886569,99.492914,0.507086,2.113431,1,0,3,0.0000,0.0000,0.0000,0.5000,"PNLeadPursuit",-0.108853
612,B0100,defensive,HABFM,671.349833,94.420593,60.883375,111.094309,-107.990974,14150.888871,216.064695,16217.599516,7.491629,-6457.484552,-236.769889,235.064408,False,False,False,False,False,False,False,2-circle,-1.000000,-850.390264,-101.029548,-92.837823,11.014131,99.492914,97.886569,2.113431,0.507086,1,0,2,0.0000,0.0000,0.0000,0.5000,"LeadPursuit",-0.111149
613,A0100,adaptive_eagle_v11,HABFM,850.629342,100.040017,55.202116,113.235798,-112.857970,14163.092084,215.591217,16220.754785,15.776347,-6457.658785,-299.247375,235.527721,False,False,False,False,False,False,False,2-circle,-1.000000,-886.048202,-104.137287,-100.248834,9.891277,97.886569,99.492914,0.507086,2.113431,1,8,3,0.0000,0.0000,0.0000,0.5000,"PNLeadPursuit",-0.091491
613,B0100,defensive,HABFM,850.629342,100.040017,55.202116,113.235798,-112.857970,14163.092084,215.591217,16220.754785,15.776347,-6457.658785,-299.247375,235.527721,False,False,False,False,False,False,False,2-circle,-1.000000,-886.048202,-104.137287,-100.248834,9.891277,99.492914,97.886569,2.113431,0.507086,1,0,2,0.0000,0.0000,0.0000,0.5000,"LeadPursuit",-0.068680
614,A0100,adaptive_eagle_v11,HABFM,1034.957199,104.537735,51.161214,114.658659,-115.816261,14173.751445,215.084266,16221.748561,4.968881,-6492.243333,-344.280059,236.034769,False,False,False,False,False,False,False,2-circle,-1.000000,-920.620836,-107.877014,-108.688870,8.207902,97.886569,99.492914,0.507086,2.113431,1,8,3,0.0000,0.0000,0.0000,0.5000,"PNLeadPursuit",-0.067069
614,B0100,defensive,HABFM,1034.957199,104.537735,51.161214,114.658659,-115.816261,14173.751445,215.084266,16221.748561,4.968881,-6492.243333,-344.280059,236.034769,False,False,False,False,False,False,False,2-circle,-1.000000,-920.620836,-107.877014,-108.688870,8.207902,99.492914,97.886569,2.113431,0.507086,1,0,2,0.0000,0.0000,0.0000,0.5000,"LeadPursuit",-0.041886
615,A0100,adaptive_eagle_v11,HABFM,1222.615032,108.222380,47.861514,114.606749,-117.747693,14182.474084,214.661163,16222.421700,3.365695,-6618.431897,-381.266539,236.460421,False,False,False,False,False,False,False,2-circle,-1.000000,-954.338843,-107.666579,-113.307011,6.122167,97.886569,99.492914,0.507086,2.113431,1,8,3,0.0000,0.0000,0.0000,0.5000,"PNLeadPursuit",-0.047780
615,B0100,defensive,HABFM,1222.615032,108.222380,47.861514,114.606749,-117.747693,14182.474084,214.661163,16222.421700,3.365695,-6618.431897,-381.266539,236.460421,False,False,False,False,False,False,False,2-circle,-1.000000,-954.338843,-107.666579,-113.307011,6.122167,99.492914,97.886569,2.113431,0.507086,1,0,2,0.0000,0.0000,0.0000,0.5000,"LeadPursuit",-0.028431
616,A0100,adaptive_eagle_v11,HABFM,1413.120731,111.157447,45.137428,113.698234,-119.068850,14189.155703,214.496956,16225.983549,17.809246,-6803.847421,-411.966848,236.614101,False,False,False,False,False,False,False,2-circle,-1.000000,-986.679037,-99.479716,-109.815165,4.012801,97.886569,99.492914,0.507086,2.113431,1,8,3,0.0000,0.0000,0.0000,0.5000,"PNLeadPursuit",-0.034294
616,B0100,defensive,HABFM,1413.120731,111.157447,45.137428,113.698234,-119.068850,14189.155703,214.496956,16225.983549,17.809246,-6803.847421,-411.966848,236.614101,False,False,False,False,False,False,False,2-circle,-1.000000,-986.679037,-99.479716,-109.815165,4.012801,99.492914,97.886569,2.113431,0.507086,0,0,2,0.0000,0.0000,0.0000,0.5000,"LeadPursuit",-0.010320
617,A0100,adaptive_eagle_v11,HABFM,1605.786025,113.218304,42.845220,112.372612,-119.614923,14193.920589,214.208601,16225.275778,-3.538857,-7002.736579,-436.056335,236.909880,False,False,False,False,False,False,False,2-circle,-1.000000,-1017.523694,-90.064286,-104.845104,2.156493,97.886569,99.492914,0.507086,2.113431,1,8,3,0.0000,0.0000,0.0000,0.5000,"PNLeadPursuit",-0.024279
617,B0100,defensive,HABFM,1605.786025,113.218304,42.845220,112.372612,-119.614923,14193.920589,214.208601,16225.275778,-3.538857,-7002.736579,-436.056335,236.909880,False,False,False,False,False,False,False,2-circle,-1.000000,-1017.523694,-90.064286,-104.845104,2.156493,99.492914,97.886569,2.113431,0.507086,0,0,2,0.0000,0.0000,0.0000,0.5000,"LeadPursuit",0.012345
618,A0100,adaptive_eagle_v11,HABFM,1799.363153,114.386150,40.903648,110.414193,-119.301526,14196.720853,213.562358,16215.837801,-47.189885,-7215.865539,-454.020022,237.604420,False,False,False,False,False,False,False,2-circle,-1.000000,-1046.553572,-84.863149,-103.817475,0.631119,97.886569,99.492914,0.507086,2.113431,1,8,3,0.0000,0.0000,0.0000,0.5000,"PNLeadPursuit",-0.016938
618,B0100,defensive,HABFM,1799.363153,114.386150,40.903648,110.414193,-119.301526,14196.720853,213.562358,16215.837801,-47.189885,-7215.865539,-454.020022,237.604420,False,False,False,False,False,False,False,2-circle,-1.000000,-1046.553572,-84.863149,-103.817475,0.631119,99.492914,97.886569,2.113431,0.507086,0,0,2,0.0000,0.0000,0.0000,0.5000,"LeadPursuit",0.025976
619,A0100,adaptive_eagle_v11,HABFM,1992.877396,114.984405,39.290541,108.121153,-118.538135,14197.453606,212.854134,16203.201000,-63.184004,-7432.808578,-467.679778,238.379002,False,False,False,False,False,False,False,2-circle,-1.000000,-1073.529503,-83.136977,-105.980996,-0.711003,97.886569,99.492914,0.507086,2.113431,1,8,3,0.0000,0.0000,0.0000,0.5000,"PNLeadPursuit",-0.011591
619,B0100,defensive,HABFM,1992.877396,114.984405,39.290541,108.121153,-118.538135,14197.453606,212.854134,16203.201000,-63.184004,-7432.808578,-467.679778,238.379002,False,False,False,False,False,False,False,2-circle,-1.000000,-1073.529503,-83.136977,-105.980996,-0.711003,99.492914,97.886569,2.113431,0.507086,0,0,2,0.0000,0.0000,0.0000,0.5000,"LeadPursuit",0.032631
620,A0100,adaptive_eagle_v11,HABFM,2185.925514,115.298369,37.983900,105.746010,-117.630189,14196.011821,212.300107,16191.331490,-59.347549,-7644.246874,-478.541916,238.995965,False,False,False,False,False,False,False,2-circle,-1.000000,-1098.339871,-83.614780,-110.061101,-2.113833,97.886569,99.492914,0.507086,2.113431,2,0,4,0.0000,0.0000,0.0000,0.5000,"HeadOnBreak",0.000268
620,B0100,defensive,HABFM,2185.925514,115.298369,37.983900,105.746010,-117.630189,14196.011821,212.300107,16191.331490,-59.347549,-7644.246874,-478.541916,238.995965,False,False,False,False,False,False,False,2-circle,-1.000000,-1098.339871,-83.614780,-110.061101,-2.113833,99.492914,97.886569,2.113431,0.507086,0,0,2,0.0000,0.0000,0.0000,0.5000,"LeadPursuit",0.032536
621,A0100,adaptive_eagle_v11,HABFM,2378.281019,115.528788,36.485891,103.412368,-116.802456,14192.253463,212.065288,16183.161645,-40.849225,-7797.109031,-489.131954,239.270011,False,False,False,False,False,False,False,2-circle,-1.000000,-1120.443282,-81.836255,-111.609505,-3.621129,97.886569,99.492914,0.507086,2.113431,2,0,4,0.0000,0.0000,0.0000,0.5000,"HeadOnBreak",0.016295
621,B0100,defensive,HABFM,2378.281019,115.528788,36.485891,103.412368,-116.802456,14192.253463,212.065288,16183.161645,-40.849225,-7797.109031,-489.131954,239.270011,False,False,False,False,False,False,False,2-circle,-1.000000,-1120.443282,-81.836255,-111.609505,-3.621129,99.492914,97.886569,2.113431,0.507086,0,0,2,0.0000,0.0000,0.0000,0.5000,"LeadPursuit",0.026468
622,A0100,adaptive_eagle_v11,HABFM,2569.863600,115.676765,34.324969,101.286733,-116.125110,14186.294279,212.228910,16180.275880,-14.428822,-7865.900992,-501.154935,239.110504,False,False,False,False,False,False,False,2-circle,-1.000000,-1137.549410,-73.858567,-106.734927,-5.097858,97.886569,99.492914,0.507086,2.113431,2,0,4,0.0000,0.0000,0.0000,0.5000,"HeadOnBreak",0.020756
622,B0100,defensive,HABFM,2569.863600,115.676765,34.324969,101.286733,-116.125110,14186.294279,212.228910,16180.275880,-14.428822,-7865.900992,-501.154935,239.110504,False,False,False,False,False,False,False,2-circle,-1.000000,-1137.549410,-73.858567,-106.734927,-5.097858,99.492914,97.886569,2.113431,0.507086,0,0,2,0.0000,0.0000,0.0000,0.5000,"LeadPursuit",0.025208
623,A0100,adaptive_eagle_v11,HABFM,2760.519933,115.609629,31.589362,99.747133,-115.405369,14178.417102,212.567136,16178.759325,-7.582776,-7862.442645,-513.142009,238.765276,False,False,False,False,False,False,False,2-circle,-1.000000,-1147.481706,-63.302456,-99.150038,-6.347633,97.886569,99.492914,0.507086,2.113431,2,0,4,0.0000,0.0000,0.0000,0.5000,"HeadOnBreak",0.009919
623,B0100,defensive,HABFM,2760.519933,115.609629,31.589362,99.747133,-115.405369,14178.417102,212.567136,16178.759325,-7.582776,-7862.442645,-513.142009,238.765276,False,False,False,False,False,False,False,2-circle,-1.000000,-1147.481706,-63.302456,-99.150038,-6.347633,99.492914,97.886569,2.113431,0.507086,0,0,2,0.0000,0.0000,0.0000,0.5000,"LeadPursuit",0.034402
624,A0100,adaptive_eagle_v11,HABFM,2950.026648,115.045621,28.815411,98.727802,-114.299482,14168.835639,212.711214,16171.890433,-34.344459,-7856.845784,-522.195000,238.641371,False,False,False,False,False,False,False,2-circle,-1.000000,-1150.008550,-54.772062,-93.552095,-7.239251,97.886569,99.492914,0.507086,2.113431,2,0,4,0.0000,0.0000,0.0000,0.5000,"TacticalLookup",-0.000214
624,B0100,defensive,HABFM,2950.026648,115.045621,28.815411,98.727802,-114.299482,14168.835639,212.711214,16171.890433,-34.344459,-7856.845784,-522.195000,238.641371,False,False,False,False,False,False,False,2-circle,-1.000000,-1150.008550,-54.772062,-93.552095,-7.239251,99.492914,97.886569,2.113431,0.507086,0,0,2,0.0000,0.0000,0.0000,0.5000,"LeadPursuit",0.046882
625,A0100,adaptive_eagle_v11,HABFM,3138.141689,113.978490,25.751109,98.263781,-112.766290,14157.690693,212.568316,16158.055109,-69.176623,-7851.227375,-529.029706,238.840004,False,False,False,False,False,False,False,2-circle,-1.000000,-1145.664284,-51.841312,-93.583613,-7.890443,97.886569,99.492914,0.507086,2.113431,2,8,4,0.0000,0.0000,0.0000,0.5000,"TacticalLookup",-0.011318
625,B0100,defensive,HABFM,3138.141689,113.978490,25.751109,98.263781,-112.766290,14157.690693,212.568316,16158.055109,-69.176623,-7851.227375,-529.029706,238.840004,False,False,False,False,False,False,False,2-circle,-1.000000,-1145.664284,-51.841312,-93.583613,-7.890443,99.492914,97.886569,2.113431,0.507086,0,0,2,0.0000,0.0000,0.0000,0.5000,"LeadPursuit",0.053259
626,A0100,adaptive_eagle_v11,HABFM,3324.702127,112.711800,23.339213,97.751401,-111.093612,14144.976670,212.357272,16141.371035,-83.420369,-7869.534051,-532.265447,239.120111,False,False,False,False,False,False,False,2-circle,-1.000000,-1135.651332,-52.647099,-97.394542,-8.526565,97.886569,99.492914,0.507086,2.113431,2,8,4,0.0000,0.0000,0.0000,0.5000,"TacticalLookup",-0.010517
626,B0100,defensive,HABFM,3324.702127,112.711800,23.339213,97.751401,-111.093612,14144.976670,212.357272,16141.371035,-83.420369,-7869.534051,-532.265447,239.120111,False,False,False,False,False,False,False,2-circle,-1.000000,-1135.651332,-52.647099,-97.394542,-8.526565,99.492914,97.886569,2.113431,0.507086,0,0,3,0.0000,0.0000,0.0000,0.5000,"LeadPursuit",0.054395
627,A0100,adaptive_eagle_v11,HABFM,3509.682899,111.472797,22.069267,96.303506,-109.495176,14130.538863,212.288856,16125.647053,-78.619909,-7960.369180,-533.236067,239.248948,False,False,False,False,False,False,False,2-circle,-1.000000,-1122.115076,-55.238457,-102.925001,-9.401779,97.886569,99.492914,0.507086,2.113431,2,8,4,0.0000,0.0000,0.0000,0.5000,"TacticalLookup",-0.007894
627,B0100,defensive,HABFM,3509.682899,111.472797,22.069267,96.303506,-109.495176,14130.538863,212.288856,16125.647053,-78.619909,-7960.369180,-533.236067,239.248948,False,False,False,False,False,False,False,2-circle,-1.000000,-1122.115076,-55.238457,-102.925001,-9.401779,99.492914,97.886569,2.113431,0.507086,0,0,3,0.0000,0.0000,0.0000,0.5000,"LeadPursuit",0.050084
628,A0100,adaptive_eagle_v11,HABFM,3693.275451,110.395821,21.445988,94.499343,-108.115962,14114.151702,212.517450,16113.558899,-60.440772,-8093.397593,-534.034825,239.056024,False,False,False,False,False,False,False,2-circle,-1.000000,-1106.163210,-54.882783,-105.357249,-10.549561,97.886569,99.492914,0.507086,2.113431,2,0,4,0.0000,0.0000,0.0000,0.5000,"TacticalLookup",-0.003041
628,B0100,defensive,HABFM,3693.275451,110.395821,21.445988,94.499343,-108.115962,14114.151702,212.517450,16113.558899,-60.440772,-8093.397593,-534.034825,239.056024,False,False,False,False,False,False,False,2-circle,-1.000000,-1106.163210,-54.882783,-105.357249,-10.549561,99.492914,97.886569,2.113431,0.507086,0,0,3,0.0000,0.0000,0.0000,0.5000,"LeadPursuit",0.042743
629,A0100,adaptive_eagle_v11,HABFM,3875.901267,109.408207,20.410965,93.223070,-106.930923,14095.769139,214.684912,16136.168145,113.046231,-8127.558582,-536.199775,236.749458,False,False,False,False,False,False,False,2-circle,-1.000000,-1087.486860,-47.466477,-100.590895,-11.772653,97.886569,99.492914,0.507086,2.113431,2,0,4,0.0000,0.0000,0.0000,0.5000,"TacticalLookup",0.000042
629,B0100,defensive,HABFM,3875.901267,109.408207,20.410965,93.223070,-106.930923,14095.769139,214.684912,16136.168145,113.046231,-8127.558582,-536.199775,236.749458,False,False,False,False,False,False,False,2-circle,-1.000000,-1087.486860,-47.466477,-100.590895,-11.772653,99.492914,97.886569,2.113431,0.507086,0,0,3,0.0000,0.0000,0.0000,0.5000,"LeadPursuit",0.039025
630,A0100,adaptive_eagle_v11,HABFM,4057.605750,108.390771,18.570423,92.753307,-105.804988,14075.533556,217.115806,16162.401365,131.166101,-8064.405374,-538.395078,234.216247,False,False,False,False,False,False,False,2-circle,-1.000000,-1064.482761,-36.914134,-92.623735,-12.792697,97.886569,99.492914,0.507086,2.113431,2,0,4,0.0000,0.0000,0.0000,0.5000,"TacticalLookup",-0.005444
630,B0100,defensive,HABFM,4057.605750,108.390771,18.570423,92.753307,-105.804988,14075.533556,217.115806,16162.401365,131.166101,-8064.405374,-538.395078,234.216247,False,False,False,False,False,False,False,2-circle,-1.000000,-1064.482761,-36.914134,-92.623735,-12.792697,99.492914,97.886569,2.113431,0.507086,0,0,3,0.0000,0.0000,0.0000,0.5000,"LeadPursuit",0.048155
631,A0100,adaptive_eagle_v11,HABFM,4237.988552,106.996315,15.877758,93.067836,-104.361693,14053.671103,219.359769,16183.898763,107.486990,-7949.996573,-539.106554,68.855133,False,False,False,False,False,False,False,2-circle,-1.000000,-1035.632607,-28.334792,-86.635022,-13.443501,97.886569,99.492914,0.507086,2.113431,2,8,4,0.0000,0.0000,0.0000,0.5000,"TacticalLookup",-0.014630
631,B0100,defensive,HABFM,4237.988552,106.996315,15.877758,93.067836,-104.361693,14053.671103,219.359769,16183.898763,107.486990,-7949.996573,-539.106554,68.855133,False,False,False,False,False,False,False,2-circle,-1.000000,-1035.632607,-28.334792,-86.635022,-13.443501,99.492914,97.886569,2.113431,0.507086,0,0,3,0.0000,0.0000,0.0000,0.5000,"LeadPursuit",0.061610
632,A0100,adaptive_eagle_v11,HABFM,4416.653785,105.190265,13.885452,92.737741,-102.536098,14030.405654,221.288980,16198.267661,71.844489,-7875.736438,-536.085425,67.251603,False,False,False,False,False,False,False,2-circle,-1.000000,-1002.258822,-25.712666,-86.583205,-13.844361,97.886569,99.492914,0.507086,2.113431,2,8,4,0.0000,0.0000,0.0000,0.5000,"TacticalLookup",-0.011112
632,B0100,defensive,HABFM,4416.653785,105.190265,13.885452,92.737741,-102.536098,14030.405654,221.288980,16198.267661,71.844489,-7875.736438,-536.085425,67.251603,False,False,False,False,False,False,False,2-circle,-1.000000,-1002.258822,-25.712666,-86.583205,-13.844361,99.492914,97.886569,2.113431,0.507086,0,0,3,0.0000,0.0000,0.0000,0.5000,"LeadPursuit",0.069767
633,A0100,adaptive_eagle_v11,HABFM,4593.213741,103.222026,13.061484,91.126485,-100.553126,14005.798550,223.116230,16209.609751,56.710454,-7883.346898,-531.272800,228.269698,False,False,False,False,False,False,False,2-circle,-1.000000,-966.484428,-27.215559,-90.541837,-14.236677,97.886569,99.492914,0.507086,2.113431,2,8,4,0.0000,0.0000,0.0000,0.5000,"TacticalLookup",-0.007408
633,B0100,defensive,HABFM,4593.213741,103.222026,13.061484,91.126485,-100.553126,14005.798550,223.116230,16209.609751,56.710454,-7883.346898,-531.272800,228.269698,False,False,False,False,False,False,False,2-circle,-1.000000,-966.484428,-27.215559,-90.541837,-14.236677,99.492914,97.886569,2.113431,0.507086,1,0,3,0.0000,0.0000,0.0000,0.5000,"LeadPursuit",0.064097
634,A0100,adaptive_eagle_v11,UNKNOWN,4767.833210,101.477629,12.874971,89.161499,-98.802961,13979.680362,225.232039,16225.487167,79.387078,-7934.663116,-527.341648,226.254050,False,False,False,False,False,False,False,1-circle,-1.000000,-928.973530,-26.980420,-92.605372,-14.729809,97.886569,99.492914,0.507086,2.113431,2,0,4,0.0000,0.0000,0.0000,0.5000,"TacticalLookup",-0.004559
634,B0100,defensive,UNKNOWN,4767.833210,101.477629,12.874971,89.161499,-98.802961,13979.680362,225.232039,16225.487167,79.387078,-7934.663116,-527.341648,226.254050,False,False,False,False,False,False,False,1-circle,-1.000000,-928.973530,-26.980420,-92.605372,-14.729809,99.492914,97.886569,2.113431,0.507086,1,0,3,0.0000,0.0000,0.0000,0.5000,"LeadPursuit",0.050799
635,A0100,adaptive_eagle_v11,UNKNOWN,4940.950091,100.036923,12.261109,88.001349,-97.402208,13951.988278,227.736672,16248.020596,112.667144,-7924.439534,-524.437110,95.594694,False,False,False,False,False,False,False,1-circle,-1.000000,-889.287877,-19.872426,-87.658827,-15.215559,97.886569,99.492914,0.507086,2.113431,2,0,4,0.0000,0.0000,0.0000,0.5000,"TacticalLookup",-0.004845
635,B0100,defensive,UNKNOWN,4940.950091,100.036923,12.261109,88.001349,-97.402208,13951.988278,227.736672,16248.020596,112.667144,-7924.439534,-524.437110,95.594694,False,False,False,False,False,False,False,1-circle,-1.000000,-889.287877,-19.872426,-87.658827,-15.215559,99.492914,97.886569,2.113431,0.507086,1,0,3,0.0000,0.0000,0.0000,0.5000,"LeadPursuit",0.044470
636,A0100,adaptive_eagle_v11,UNKNOWN,5112.610303,98.690254,10.904325,87.813284,-96.137824,13922.899722,230.391481,16272.775428,123.774158,-7822.926344,-521.143473,21.483978,False,False,False,False,False,False,False,1-circle,-1.000000,-846.260906,-9.940314,-79.799431,-15.493316,97.886569,99.492914,0.507086,2.113431,2,0,4,0.0000,0.0000,0.0000,0.5000,"TacticalLookup",-0.013366
636,B0100,defensive,UNKNOWN,5112.610303,98.690254,10.904325,87.813284,-96.137824,13922.899722,230.391481,16272.775428,123.774158,-7822.926344,-521.143473,21.483978,False,False,False,False,False,False,False,1-circle,-1.000000,-846.260906,-9.940314,-79.799431,-15.493316,99.492914,97.886569,2.113431,0.507086,1,0,3,0.0000,0.0000,0.0000,0.5000,"LeadPursuit",0.045510
637,A0100,adaptive_eagle_v11,UNKNOWN,5282.526268,97.257389,8.681925,88.581688,-94.819537,13892.702215,232.963159,16295.330319,112.774459,-7663.669021,-516.867508,11.658714,False,False,False,False,False,False,False,1-circle,-1.000000,-799.326183,0.042058,-71.833291,-15.344160,97.886569,99.492914,0.507086,2.113431,2,8,4,0.0000,0.0000,0.0000,0.5000,"TacticalLookup",-0.020371
637,B0100,defensive,UNKNOWN,5282.526268,97.257389,8.681925,88.581688,-94.819537,13892.702215,232.963159,16295.330319,112.774459,-7663.669021,-516.867508,11.658714,False,False,False,False,False,False,False,1-circle,-1.000000,-799.326183,0.042058,-71.833291,-15.344160,99.492914,97.886569,2.113431,0.507086,1,0,3,0.0000,0.0000,0.0000,0.5000,"LeadPursuit",0.051340
638,A0100,adaptive_eagle_v11,UNKNOWN,5450.796892,95.645762,6.971439,88.702386,-93.343800,13861.783554,235.302830,16312.913637,87.916589,-7545.953836,-511.107907,9.243792,False,False,False,False,False,False,False,1-circle,-1.000000,-750.485481,6.092415,-67.705313,-14.850545,97.886569,99.492914,0.507086,2.113431,2,8,4,0.0000,0.0000,0.0000,0.5000,"TacticalLookup",-0.200715
638,B0100,defensive,UNKNOWN,5450.796892,95.645762,6.971439,88.702386,-93.343800,13861.783554,235.302830,16312.913637,87.916589,-7545.953836,-511.107907,9.243792,False,False,False,False,False,False,False,1-circle,-1.000000,-750.485481,6.092415,-67.705313,-14.850545,99.492914,97.886569,2.113431,0.507086,1,0,3,0.0000,0.0000,0.0000,0.5000,"LeadPursuit",0.069665
639,A0100,adaptive_eagle_v11,UNKNOWN,5617.111984,93.649625,6.515995,87.226021,-91.469856,13830.580430,237.229305,16322.010659,45.485109,-7529.489946,-503.724267,10.717449,False,False,False,False,False,False,False,1-circle,-1.000000,-701.575388,4.914805,-70.659267,-14.306224,97.886569,99.492914,0.507086,2.113431,2,8,4,0.0000,0.0000,0.0000,0.5000,"TacticalLookup",-0.338476
639,B0100,defensive,UNKNOWN,5617.111984,93.649625,6.515995,87.226021,-91.469856,13830.580430,237.229305,16322.010659,45.485109,-7529.489946,-503.724267,10.717449,False,False,False,False,False,False,False,1-circle,-1.000000,-701.575388,4.914805,-70.659267,-14.306224,99.492914,97.886569,2.113431,0.507086,1,0,3,0.0000,0.0000,0.0000,0.5000,"LeadPursuit",0.073676
640,A0100,adaptive_eagle_v11,UNKNOWN,5781.259021,91.672588,6.749436,85.159084,-89.593032,13799.182874,239.195285,16332.078456,50.338985,-7571.052516,-496.931998,12.446179,False,False,False,False,False,False,False,1-circle,-1.000000,-652.710340,3.895467,-73.303441,-13.833860,97.886569,99.492914,0.507086,2.113431,2,0,4,0.0000,0.0000,0.0000,0.5000,"TacticalLookup",-0.256118
640,B0100,defensive,UNKNOWN,5781.259021,91.672588,6.749436,85.159084,-89.593032,13799.182874,239.195285,16332.078456,50.338985,-7571.052516,-496.931998,12.446179,False,False,False,False,False,False,False,1-circle,-1.000000,-652.710340,3.895467,-73.303441,-13.833860,99.492914,97.886569,2.113431,0.507086,1,0,3,0.0000,0.0000,0.0000,0.5000,"LeadPursuit",0.057167
641,A0100,adaptive_eagle_v11,UNKNOWN,5943.634204,90.104170,6.610426,83.998608,-88.138983,13767.391811,241.566032,16350.745012,93.332783,-7552.444066,-491.368363,9.570554,False,False,False,False,False,False,False,1-circle,-1.000000,-603.283311,9.830300,-68.868123,-13.357862,97.886569,99.492914,0.507086,2.113431,2,0,4,0.0000,0.0000,0.0000,0.5000,"TacticalLookup",-0.255290
641,B0100,defensive,UNKNOWN,5943.634204,90.104170,6.610426,83.998608,-88.138983,13767.391811,241.566032,16350.745012,93.332783,-7552.444066,-491.368363,9.570554,False,False,False,False,False,False,False,1-circle,-1.000000,-603.283311,9.830300,-68.868123,-13.357862,99.492914,97.886569,2.113431,0.507086,1,0,3,0.0000,0.0000,0.0000,0.5000,"LeadPursuit",0.058835
642,A0100,adaptive_eagle_v11,UNKNOWN,6104.251501,88.510231,6.170372,83.406263,-86.674154,13735.308120,243.859372,16367.944990,85.999886,-7473.338360,-484.419099,7.766371,False,False,True,False,False,False,False,1-circle,-1.000000,-552.444133,15.377460,-64.726333,-12.844431,97.886569,99.492914,0.507086,2.113431,2,0,4,0.0000,0.0000,0.0000,0.5000,"HeadOnBreak",-0.338212
642,B0100,defensive,UNKNOWN,6104.251501,88.510231,6.170372,83.406263,-86.674154,13735.308120,243.859372,16367.944990,85.999886,-7473.338360,-484.419099,7.766371,False,False,True,False,False,False,False,1-circle,-1.000000,-552.444133,15.377460,-64.726333,-12.844431,99.492914,97.886569,2.113431,0.507086,1,0,3,0.0000,0.0000,0.0000,0.5000,"LeadPursuit",0.079735
643,A0100,adaptive_eagle_v11,UNKNOWN,6262.112984,86.530317,5.055481,83.651367,-84.818339,13703.358716,245.694687,16375.771798,39.134043,-7321.047723,-473.927711,8.456640,False,False,True,False,False,False,False,1-circle,-1.000000,-499.551409,14.736311,-66.701710,-12.342556,97.886569,99.492914,0.507086,2.113431,2,0,4,0.0000,0.0000,0.0000,0.5000,"HeadOnBreak",-0.393216
643,B0100,defensive,UNKNOWN,6262.112984,86.530317,5.055481,83.651367,-84.818339,13703.358716,245.694687,16375.771798,39.134043,-7321.047723,-473.927711,8.456640,False,False,True,False,False,False,False,1-circle,-1.000000,-499.551409,14.736311,-66.701710,-12.342556,99.492914,97.886569,2.113431,0.507086,1,0,3,0.0000,0.0000,0.0000,0.5000,"LeadPursuit",0.093887
644,A0100,adaptive_eagle_v11,UNKNOWN,6416.426508,84.375287,3.907069,83.752892,-82.766179,13671.749600,247.312111,16379.463822,18.460118,-7161.886806,-461.959871,11.367997,False,False,True,False,False,False,False,1-circle,-1.000000,-445.920370,10.350496,-72.336078,-12.019401,97.886569,99.492914,0.507086,2.113431,2,8,4,0.0000,0.0000,0.0000,0.5000,"HeadOnBreak",-0.351937
644,B0100,defensive,UNKNOWN,6416.426508,84.375287,3.907069,83.752892,-82.766179,13671.749600,247.312111,16379.463822,18.460118,-7161.886806,-461.959871,11.367997,False,False,True,False,False,False,False,1-circle,-1.000000,-445.920370,10.350496,-72.336078,-12.019401,99.492914,97.886569,2.113431,0.507086,1,0,3,0.0000,0.0000,0.0000,0.5000,"LeadPursuit",0.085358
645,A0100,adaptive_eagle_v11,UNKNOWN,6567.526521,82.503145,3.138099,83.157553,-80.971832,13640.182673,249.213730,16389.697022,51.166001,-7053.177330,-452.298149,13.087527,False,False,True,False,False,False,False,1-circle,-1.000000,-394.102937,9.171569,-74.641269,-11.874109,97.886569,99.492914,0.507086,2.113431,2,8,4,0.0000,0.0000,0.0000,0.5000,"HeadOnBreak",-0.249371
645,B0100,defensive,UNKNOWN,6567.526521,82.503145,3.138099,83.157553,-80.971832,13640.182673,249.213730,16389.697022,51.166001,-7053.177330,-452.298149,13.087527,False,False,True,False,False,False,False,1-circle,-1.000000,-394.102937,9.171569,-74.641269,-11.874109,99.492914,97.886569,2.113431,0.507086,2,0,0,0.0000,0.0000,0.0000,0.5000,"Pursue",0.062355
646,A0100,adaptive_eagle_v11,UNKNOWN,6716.598958,81.106705,3.068176,81.965178,-79.662532,13608.424595,249.988960,16375.071395,-73.128135,-7078.489296,-447.078410,9.088942,False,False,True,False,False,False,False,1-circle,-1.000000,-344.201286,16.350937,-68.470890,-11.668617,97.886569,99.492914,0.507086,2.113431,2,8,4,0.0000,0.0000,0.0000,0.5000,"HeadOnBreak",-0.211767
646,B0100,defensive,UNKNOWN,6716.598958,81.106705,3.068176,81.965178,-79.662532,13608.424595,249.988960,16375.071395,-73.128135,-7078.489296,-447.078410,9.088942,False,False,True,False,False,False,False,1-circle,-1.000000,-344.201286,16.350937,-68.470890,-11.668617,99.492914,97.886569,2.113431,0.507086,2,0,0,0.0000,0.0000,0.0000,0.5000,"Pursue",0.054770
647,A0100,adaptive_eagle_v11,UNKNOWN,6864.779101,79.868607,3.319459,80.419693,-78.527725,13576.668648,250.559799,16355.964893,-95.532508,-7177.208333,-444.050811,6.167755,False,False,True,False,False,False,False,1-circle,-1.000000,-295.286154,25.864004,-59.872519,-11.141194,97.886569,99.492914,0.507086,2.113431,2,8,4,0.0000,0.0000,0.0000,0.5000,"HeadOnBreak",-0.258861
647,B0100,defensive,UNKNOWN,6864.779101,79.868607,3.319459,80.419693,-78.527725,13576.668648,250.559799,16355.964893,-95.532508,-7177.208333,-444.050811,6.167755,False,False,True,False,False,False,False,1-circle,-1.000000,-295.286154,25.864004,-59.872519,-11.141194,99.492914,97.886569,2.113431,0.507086,2,0,0,0.0000,0.0000,0.0000,0.5000,"Pursue",0.069197
648,A0100,adaptive_eagle_v11,UNKNOWN,7012.175840,78.408972,3.544786,78.891244,-77.187925,13545.369021,250.771049,16329.353767,-133.055632,-7273.458943,-439.590733,5.129712,False,False,True,False,False,False,False,1-circle,-1.000000,-247.432670,31.461943,-55.103986,-10.277224,97.886569,99.492914,0.507086,2.113431,2,0,4,0.0000,0.0000,0.0000,0.5000,"HeadOnBreak",-0.354730
648,B0100,defensive,UNKNOWN,7012.175840,78.408972,3.544786,78.891244,-77.187925,13545.369021,250.771049,16329.353767,-133.055632,-7273.458943,-439.590733,5.129712,False,False,True,False,False,False,False,1-circle,-1.000000,-247.432670,31.461943,-55.103986,-10.277224,99.492914,97.886569,2.113431,0.507086,2,0,0,0.0000,0.0000,0.0000,0.5000,"Pursue",0.099333
649,A0100,adaptive_eagle_v11,UNKNOWN,7157.819144,76.515237,3.888134,77.609835,-75.413458,13515.216450,250.509261,16293.391657,-179.810548,-7315.752470,-431.367317,5.764978,False,False,True,False,False,False,False,1-circle,-1.000000,-201.064275,29.177411,-58.136500,-9.355165,97.886569,99.492914,0.507086,2.113431,2,0,4,0.0000,0.0000,0.0000,0.5000,"HeadOnBreak",-0.401064
649,B0100,defensive,UNKNOWN,7157.819144,76.515237,3.888134,77.609835,-75.413458,13515.216450,250.509261,16293.391657,-179.810548,-7315.752470,-431.367317,5.764978,False,False,True,False,False,False,False,1-circle,-1.000000,-201.064275,29.177411,-58.136500,-9.355165,99.492914,97.886569,2.113431,0.507086,2,0,0,0.0000,0.0000,0.0000,0.5000,"Pursue",0.118753
650,A0100,adaptive_eagle_v11,UNKNOWN,7300.500664,74.421885,4.836906,77.129774,-73.416119,13486.454889,249.979192,16252.885480,-202.530886,-7302.776959,-420.427338,7.802664,False,False,True,False,False,False,False,1-circle,-1.000000,-155.488124,22.719273,-65.279059,-8.653117,97.886569,99.492914,0.507086,2.113431,2,0,4,0.0000,0.0000,0.0000,0.5000,"HeadOnBreak",-0.396775
650,B0100,defensive,UNKNOWN,7300.500664,74.421885,4.836906,77.129774,-73.416119,13486.454889,249.979192,16252.885480,-202.530886,-7302.776959,-420.427338,7.802664,False,False,True,False,False,False,False,1-circle,-1.000000,-155.488124,22.719273,-65.279059,-8.653117,99.492914,97.886569,2.113431,0.507086,2,0,0,0.0000,0.0000,0.0000,0.5000,"Pursue",0.123753
651,A0100,adaptive_eagle_v11,UNKNOWN,7439.356417,72.369854,6.311511,77.466767,-71.424516,13458.683988,249.557370,16215.786141,-185.496698,-7201.925201,-407.308931,11.960500,False,False,True,False,False,False,False,1-circle,-1.000000,-110.082584,15.383491,-73.249890,-8.372468,97.886569,99.492914,0.507086,2.113431,2,8,4,0.0000,0.0000,0.0000,0.5000,"HeadOnBreak",-0.344573
651,B0100,defensive,UNKNOWN,7439.356417,72.369854,6.311511,77.466767,-71.424516,13458.683988,249.557370,16215.786141,-185.496698,-7201.925201,-407.308931,11.960500,False,False,True,False,False,False,False,1-circle,-1.000000,-110.082584,15.383491,-73.249890,-8.372468,99.492914,97.886569,2.113431,0.507086,2,0,0,0.0000,0.0000,0.0000,0.5000,"Pursue",0.110020
652,A0100,adaptive_eagle_v11,UNKNOWN,7574.429563,70.615024,7.200410,77.197260,-69.698645,13431.262708,249.491091,16186.900556,-144.427921,-7150.923701,-397.366832,14.244249,False,False,True,False,False,False,False,1-circle,-1.000000,-66.210195,13.398475,-75.808325,-8.417759,97.886569,99.492914,0.507086,2.113431,2,8,4,0.0000,0.0000,0.0000,0.5000,"HeadOnBreak",-0.253022
652,B0100,defensive,UNKNOWN,7574.429563,70.615024,7.200410,77.197260,-69.698645,13431.262708,249.491091,16186.900556,-144.427921,-7150.923701,-397.366832,14.244249,False,False,True,False,False,False,False,1-circle,-1.000000,-66.210195,13.398475,-75.808325,-8.417759,99.492914,97.886569,2.113431,0.507086,2,0,0,0.0000,0.0000,0.0000,0.5000,"Pursue",0.081365
653,A0100,adaptive_eagle_v11,UNKNOWN,7707.306802,69.317152,7.397363,76.227371,-68.438345,13403.805051,249.866512,16167.742226,-95.791649,-7191.718689,-392.619951,9.366737,False,False,True,False,False,False,False,1-circle,-1.000000,-24.095456,20.735956,-68.985197,-8.432831,97.886569,99.492914,0.507086,2.113431,2,8,4,0.0000,0.0000,0.0000,0.5000,"HeadOnBreak",-0.284177
653,B0100,defensive,UNKNOWN,7707.306802,69.317152,7.397363,76.227371,-68.438345,13403.805051,249.866512,16167.742226,-95.791649,-7191.718689,-392.619951,9.366737,False,False,True,False,False,False,False,1-circle,-1.000000,-24.095456,20.735956,-68.985197,-8.432831,99.492914,97.886569,2.113431,0.507086,2,0,0,0.0000,0.0000,0.0000,0.5000,"Pursue",0.092366
654,A0100,adaptive_eagle_v11,UNKNOWN,7839.248964,67.915418,7.189969,74.539411,-67.093503,13376.464630,250.049141,16144.443628,-116.492992,-7308.263812,-389.448499,6.922466,False,False,True,False,False,True,False,1-circle,-1.000000,16.945142,27.648135,-62.541528,-8.189767,97.886569,99.492914,0.507086,2.113431,2,8,4,0.0000,0.0000,0.0000,0.5000,"HeadOnBreak",-0.388694
654,B0100,defensive,UNKNOWN,7839.248964,67.915418,7.189969,74.539411,-67.093503,13376.464630,250.049141,16144.443628,-116.492992,-7308.263812,-389.448499,6.922466,False,False,True,False,False,True,False,1-circle,-1.000000,16.945142,27.648135,-62.541528,-8.189767,99.492914,97.886569,2.113431,0.507086,2,0,0,0.0000,0.0000,0.0000,0.5000,"Pursue",0.132497
655,A0100,adaptive_eagle_v11,UNKNOWN,7969.928123,66.063766,7.222044,72.637882,-65.308069,13349.848462,249.694180,16109.974401,-172.346136,-7428.223993,-383.796292,6.981213,False,False,True,False,False,True,False,1-circle,-1.000000,56.741219,27.917716,-62.697352,-7.734283,97.886569,99.492914,0.507086,2.113431,2,0,4,0.0000,0.0000,0.0000,0.5000,"HeadOnBreak",-0.420415
655,B0100,defensive,UNKNOWN,7969.928123,66.063766,7.222044,72.637882,-65.308069,13349.848462,249.694180,16109.974401,-172.346136,-7428.223993,-383.796292,6.981213,False,False,True,False,False,True,False,1-circle,-1.000000,56.741219,27.917716,-62.697352,-7.734283,99.492914,97.886569,2.113431,0.507086,2,0,0,0.0000,0.0000,0.0000,0.5000,"Pursue",0.150870
656,A0100,adaptive_eagle_v11,UNKNOWN,8098.546019,64.082295,7.651188,70.983279,-63.381648,13324.236964,249.216278,16073.807523,-180.834390,-7508.275943,-376.292388,8.613117,False,False,True,False,False,True,False,1-circle,-1.000000,95.500050,23.754198,-67.249666,-7.293302,97.886569,99.492914,0.507086,2.113431,2,0,4,0.0000,0.0000,0.0000,0.5000,"HeadOnBreak",-0.413803
656,B0100,defensive,UNKNOWN,8098.546019,64.082295,7.651188,70.983279,-63.381648,13324.236964,249.216278,16073.807523,-180.834390,-7508.275943,-376.292388,8.613117,False,False,True,False,False,True,False,1-circle,-1.000000,95.500050,23.754198,-67.249666,-7.293302,99.492914,97.886569,2.113431,0.507086,2,0,0,0.0000,0.0000,0.0000,0.5000,"Pursue",0.157241
657,A0100,adaptive_eagle_v11,UNKNOWN,8224.570732,62.119843,8.642400,69.901871,-61.448448,13299.353234,248.829780,16040.402043,-167.027401,-7523.730639,-366.913015,12.279784,False,False,True,False,False,True,False,1-circle,-1.000000,134.305880,17.790173,-73.580468,-7.107557,97.886569,99.492914,0.507086,2.113431,2,0,4,0.0000,0.0000,0.0000,0.5000,"HeadOnBreak",-0.348762
657,B0100,defensive,UNKNOWN,8224.570732,62.119843,8.642400,69.901871,-61.448448,13299.353234,248.829780,16040.402043,-167.027401,-7523.730639,-366.913015,12.279784,False,False,True,False,False,True,False,1-circle,-1.000000,134.305880,17.790173,-73.580468,-7.107557,99.492914,97.886569,2.113431,0.507086,2,0,0,0.0000,0.0000,0.0000,0.5000,"Pursue",0.143537
658,A0100,adaptive_eagle_v11,UNKNOWN,8347.175100,60.382812,10.560680,70.199265,-59.717726,13274.718301,248.728788,16013.542564,-134.297392,-7451.487617,-355.307447,13.916624,False,False,True,False,False,True,False,1-circle,-1.000000,174.431445,16.316135,-75.413665,-7.140111,97.886569,99.492914,0.507086,2.113431,2,0,4,0.0000,0.0000,0.0000,0.5000,"HeadOnBreak",-0.262984
658,B0100,defensive,UNKNOWN,8347.175100,60.382812,10.560680,70.199265,-59.717726,13274.718301,248.728788,16013.542564,-134.297392,-7451.487617,-355.307447,13.916624,False,False,True,False,False,True,False,1-circle,-1.000000,174.431445,16.316135,-75.413665,-7.140111,99.492914,97.886569,2.113431,0.507086,2,1,0,0.0000,0.0000,0.0000,0.5000,"Pursue",0.112090
659,A0100,adaptive_eagle_v11,UNKNOWN,8466.367770,59.042351,11.984168,70.539852,-58.396332,13250.038371,248.987904,15994.572010,-94.852770,-7389.889733,-346.277530,9.233918,False,False,True,False,False,True,False,1-circle,-1.000000,214.782591,23.473020,-68.597953,-7.098006,97.886569,99.492914,0.507086,2.113431,2,8,4,0.0000,0.0000,0.0000,0.5000,"HeadOnBreak",-0.247648
659,B0100,defensive,UNKNOWN,8466.367770,59.042351,11.984168,70.539852,-58.396332,13250.038371,248.987904,15994.572010,-94.852770,-7389.889733,-346.277530,9.233918,False,False,True,False,False,True,False,1-circle,-1.000000,214.782591,23.473020,-68.597953,-7.098006,99.492914,97.886569,2.113431,0.507086,2,1,1,0.0000,0.0000,0.0000,0.5000,"Pursue",0.105112
660,A0100,adaptive_eagle_v11,UNKNOWN,8583.223464,57.830253,12.781870,70.246284,-57.226808,13225.455978,249.271433,15976.243700,-91.641550,-7397.630216,-340.322409,6.169093,False,False,True,False,False,True,False,1-circle,-1.000000,253.923998,32.761566,-59.620527,-6.692567,97.886569,99.492914,0.507086,2.113431,2,0,4,0.0000,0.0000,0.0000,0.5000,"HeadOnBreak",-0.299230
660,B0100,defensive,UNKNOWN,8583.223464,57.830253,12.781870,70.246284,-57.226808,13225.455978,249.271433,15976.243700,-91.641550,-7397.630216,-340.322409,6.169093,False,False,True,False,False,True,False,1-circle,-1.000000,253.923998,32.761566,-59.620527,-6.692567,99.492914,97.886569,2.113431,0.507086,2,1,1,0.0000,0.0000,0.0000,0.5000,"Pursue",0.128441
661,A0100,adaptive_eagle_v11,UNKNOWN,8698.363616,56.457861,13.467172,69.576160,-55.929738,13201.454541,249.235390,15951.446843,-123.984283,-7427.884449,-334.302120,5.095508,False,False,True,False,False,True,False,1-circle,-1.000000,291.821769,38.043440,-54.622111,-5.898365,97.886569,99.492914,0.507086,2.113431,2,0,4,0.0000,0.0000,0.0000,0.5000,"HeadOnBreak",-0.385261
661,B0100,defensive,UNKNOWN,8698.363616,56.457861,13.467172,69.576160,-55.929738,13201.454541,249.235390,15951.446843,-123.984283,-7427.884449,-334.302120,5.095508,False,False,True,False,False,True,False,1-circle,-1.000000,291.821769,38.043440,-54.622111,-5.898365,99.492914,97.886569,2.113431,0.507086,2,1,1,0.0000,0.0000,0.0000,0.5000,"Pursue",0.174451
662,A0100,adaptive_eagle_v11,UNKNOWN,8810.989711,54.739129,14.890221,69.304076,-54.301672,13178.658540,248.728217,15917.470229,-169.883069,-7425.775837,-324.435386,5.680628,False,False,True,False,False,True,False,1-circle,-1.000000,328.427899,35.478724,-57.444501,-4.994345,97.886569,99.492914,0.507086,2.113431,2,0,4,0.0000,0.0000,0.0000,0.5000,"HeadOnBreak",-0.419137
662,B0100,defensive,UNKNOWN,8810.989711,54.739129,14.890221,69.304076,-54.301672,13178.658540,248.728217,15917.470229,-169.883069,-7425.775837,-324.435386,5.680628,False,False,True,False,False,True,False,1-circle,-1.000000,328.427899,35.478724,-57.444501,-4.994345,99.492914,97.886569,2.113431,0.507086,2,1,1,0.0000,0.0000,0.0000,0.5000,"Pursue",0.201356
663,A0100,adaptive_eagle_v11,UNKNOWN,8919.628204,52.874683,16.867301,69.548517,-52.508289,13157.274086,248.074729,15881.713222,-178.785040,-7355.956200,-310.964036,7.614891,False,False,True,False,False,True,False,1-circle,-1.000000,363.263596,28.684193,-64.468670,-4.280247,97.886569,99.492914,0.507086,2.113431,2,8,4,0.0000,0.0000,0.0000,0.5000,"HeadOnBreak",-0.431762
663,B0100,defensive,UNKNOWN,8919.628204,52.874683,16.867301,69.548517,-52.508289,13157.274086,248.074729,15881.713222,-178.785040,-7355.956200,-310.964036,7.614891,False,False,True,False,False,True,False,1-circle,-1.000000,363.263596,28.684193,-64.468670,-4.280247,99.492914,97.886569,2.113431,0.507086,2,1,1,0.0000,0.0000,0.0000,0.5000,"Pursue",0.209851
664,A0100,adaptive_eagle_v11,UNKNOWN,9024.135607,51.027706,17.896417,68.854757,-50.693635,13136.894957,247.517800,15849.115065,-162.990782,-7350.616014,-301.180856,11.497090,False,False,True,False,False,True,False,1-circle,-1.000000,394.605552,20.938892,-72.403288,-3.975213,97.886569,99.492914,0.507086,2.113431,2,8,4,0.0000,0.0000,0.0000,0.5000,"HeadOnBreak",-0.394240
664,B0100,defensive,UNKNOWN,9024.135607,51.027706,17.896417,68.854757,-50.693635,13136.894957,247.517800,15849.115065,-162.990782,-7350.616014,-301.180856,11.497090,False,False,True,False,False,True,False,1-circle,-1.000000,394.605552,20.938892,-72.403288,-3.975213,99.492914,97.886569,2.113431,0.507086,2,1,1,0.0000,0.0000,0.0000,0.5000,"Pursue",0.191716
665,A0100,adaptive_eagle_v11,UNKNOWN,9126.252744,49.397351,17.965677,67.330144,-49.060467,13116.920068,247.268396,15823.677159,-127.189531,-7437.292336,-296.876473,13.622947,False,False,True,False,False,True,False,1-circle,-1.000000,423.029478,18.502616,-74.996830,-3.994677,97.886569,99.492914,0.507086,2.113431,2,8,4,0.0000,0.0000,0.0000,0.5000,"HeadOnBreak",-0.314997
665,B0100,defensive,UNKNOWN,9126.252744,49.397351,17.965677,67.330144,-49.060467,13116.920068,247.268396,15823.677159,-127.189531,-7437.292336,-296.876473,13.622947,False,False,True,False,False,True,False,1-circle,-1.000000,423.029478,18.502616,-74.996830,-3.994677,99.492914,97.886569,2.113431,0.507086,2,1,1,0.0000,0.0000,0.0000,0.5000,"Pursue",0.153960
666,A0100,adaptive_eagle_v11,UNKNOWN,9227.694021,48.129245,17.559835,65.660752,-47.792939,13096.984517,247.383098,15806.253374,-87.118923,-7579.450818,-296.523694,9.189904,False,False,True,False,False,True,False,1-circle,-1.000000,450.152508,25.304521,-68.335577,-3.992318,97.886569,99.492914,0.507086,2.113431,2,8,4,0.0000,0.0000,0.0000,0.5000,"HeadOnBreak",-0.348880
666,B0100,defensive,UNKNOWN,9227.694021,48.129245,17.559835,65.660752,-47.792939,13096.984517,247.383098,15806.253374,-87.118923,-7579.450818,-296.523694,9.189904,False,False,True,False,False,True,False,1-circle,-1.000000,450.152508,25.304521,-68.335577,-3.992318,99.492914,97.886569,2.113431,0.507086,2,1,1,0.0000,0.0000,0.0000,0.5000,"Pursue",0.177647
667,A0100,adaptive_eagle_v11,UNKNOWN,9328.966018,46.770595,17.399982,64.143796,-46.459633,13077.261872,247.322995,15785.214432,-105.194710,-7711.589463,-295.021115,6.883140,False,False,True,False,False,True,False,1-circle,-1.000000,476.225701,31.719255,-62.047917,-3.748766,97.886569,99.492914,0.507086,2.113431,2,0,4,0.0000,0.0000,0.0000,0.5000,"HeadOnBreak",-0.466635
667,B0100,defensive,UNKNOWN,9328.966018,46.770595,17.399982,64.143796,-46.459633,13077.261872,247.322995,15785.214432,-105.194710,-7711.589463,-295.021115,6.883140,False,False,True,False,False,True,False,1-circle,-1.000000,476.225701,31.719255,-62.047917,-3.748766,99.492914,97.886569,2.113431,0.507086,2,1,1,0.0000,0.0000,0.0000,0.5000,"Pursue",0.250900
668,A0100,adaptive_eagle_v11,UNKNOWN,9429.135127,45.009502,17.868774,62.844989,-44.744141,13058.306129,246.775565,15754.284271,-154.650807,-7793.222634,-289.424916,6.964996,False,False,True,False,False,True,False,1-circle,-1.000000,501.012176,31.610465,-62.269505,-3.296022,97.886569,99.492914,0.507086,2.113431,2,0,4,0.0000,0.0000,0.0000,0.5000,"HeadOnBreak",-0.447954
668,B0100,defensive,UNKNOWN,9429.135127,45.009502,17.868774,62.844989,-44.744141,13058.306129,246.775565,15754.284271,-154.650807,-7793.222634,-289.424916,6.964996,False,False,True,False,False,True,False,1-circle,-1.000000,501.012176,31.610465,-62.269505,-3.296022,99.492914,97.886569,2.113431,0.507086,3,1,1,0.0000,0.0000,0.0000,0.5000,"Pursue",0.258483
669,A0100,adaptive_eagle_v11,OBFM,9526.732928,43.300966,19.353593,62.608658,-43.073370,13040.335631,246.276303,15725.416118,-144.340766,-7809.406559,-279.830875,7.046914,False,False,True,False,False,True,False,1-circle,-1.000000,525.291154,31.493747,-62.491614,-2.669794,97.886569,99.492914,0.507086,2.113431,2,0,4,0.0000,0.0000,0.0000,0.5000,"HeadOnBreak",-0.314919
669,B0100,defensive,OBFM,9526.732928,43.300966,19.353593,62.608658,-43.073370,13040.335631,246.276303,15725.416118,-144.340766,-7809.406559,-279.830875,7.046914,False,False,True,False,False,True,False,1-circle,-1.000000,525.291154,31.493747,-62.491614,-2.669794,99.492914,97.886569,2.113431,0.507086,3,1,1,0.0000,0.0000,0.0000,0.5000,"Pursue",0.199250
670,A0100,adaptive_eagle_v11,OBFM,9620.541747,42.050068,21.539850,63.559573,-41.861298,13023.121679,246.173082,15705.951857,-97.321305,-7726.953897,-267.291750,5.638876,False,False,True,False,False,True,False,1-circle,-1.000000,549.499183,37.159765,-56.926940,-1.827880,97.886569,99.492914,0.507086,2.113431,2,8,4,0.0000,0.0000,0.0000,0.5000,"HeadOnBreak",-0.327612
670,B0100,defensive,OBFM,9620.541747,42.050068,21.539850,63.559573,-41.861298,13023.121679,246.173082,15705.951857,-97.321305,-7726.953897,-267.291750,5.638876,False,False,True,False,False,True,False,1-circle,-1.000000,549.499183,37.159765,-56.926940,-1.827880,99.492914,97.886569,2.113431,0.507086,3,1,1,0.0000,0.0000,0.0000,0.5000,"Pursue",0.206323
671,A0100,adaptive_eagle_v11,OBFM,9710.598336,40.860273,22.827728,63.679053,-40.727553,13006.718055,245.972244,15685.172496,-103.896805,-7722.754225,-259.174947,4.874338,False,False,True,False,False,True,False,1-circle,-1.000000,571.504341,41.190592,-52.978048,-0.838091,97.886569,99.492914,0.507086,2.113431,2,8,4,0.0000,0.0000,0.0000,0.5000,"HeadOnBreak",-0.476708
671,B0100,defensive,OBFM,9710.598336,40.860273,22.827728,63.679053,-40.727553,13006.718055,245.972244,15685.172496,-103.896805,-7722.754225,-259.174947,4.874338,False,False,True,False,False,True,False,1-circle,-1.000000,571.504341,41.190592,-52.978048,-0.838091,99.492914,97.886569,2.113431,0.507086,3,1,1,0.0000,0.0000,0.0000,0.5000,"Pursue",0.292281
672,A0100,adaptive_eagle_v11,OBFM,9798.705440,39.316144,22.989967,62.296339,-39.249661,12991.644551,245.285675,15655.167422,-150.025372,-7833.371838,-256.220770,5.410088,False,False,True,False,False,True,False,1-circle,-1.000000,590.267419,38.499429,-55.725891,0.118426,97.886569,99.492914,0.507086,2.113431,2,8,4,0.0000,0.0000,0.0000,0.5000,"HeadOnBreak",-0.566654
672,B0100,defensive,OBFM,9798.705440,39.316144,22.989967,62.296339,-39.249661,12991.644551,245.285675,15655.167422,-150.025372,-7833.371838,-256.220770,5.410088,False,False,True,False,False,True,False,1-circle,-1.000000,590.267419,38.499429,-55.725891,0.118426,99.492914,97.886569,2.113431,0.507086,3,1,1,0.0000,0.0000,0.0000,0.5000,"Pursue",0.355597
673,A0100,adaptive_eagle_v11,OBFM,9886.268854,37.557630,22.613234,60.151708,-37.539330,12978.128544,244.413725,15622.748308,-162.095567,-8016.142955,-256.135035,7.016650,False,False,True,False,False,True,False,1-circle,-1.000000,606.430318,32.070173,-62.192826,0.851438,97.886569,99.492914,0.507086,2.113431,2,0,4,0.0000,0.0000,0.0000,0.5000,"HeadOnBreak",-0.508918
673,B0100,defensive,OBFM,9886.268854,37.557630,22.613234,60.151708,-37.539330,12978.128544,244.413725,15622.748308,-162.095567,-8016.142955,-256.135035,7.016650,False,False,True,False,False,True,False,1-circle,-1.000000,606.430318,32.070173,-62.192826,0.851438,99.492914,97.886569,2.113431,0.507086,3,1,1,0.0000,0.0000,0.0000,0.5000,"Pursue",0.340184
674,A0100,adaptive_eagle_v11,OBFM,9973.298494,35.954007,22.942723,58.874896,-35.956581,12965.754127,243.817906,15597.495773,-126.262675,-8124.672606,-252.639906,8.042336,False,False,True,False,False,True,False,1-circle,-1.000000,620.786240,29.053321,-65.234867,1.390331,97.886569,99.492914,0.507086,2.113431,2,0,4,0.0000,0.0000,0.0000,0.5000,"HeadOnBreak",-0.374586
674,B0100,defensive,OBFM,9973.298494,35.954007,22.942723,58.874896,-35.956581,12965.754127,243.817906,15597.495773,-126.262675,-8124.672606,-252.639906,8.042336,False,False,True,False,False,True,False,1-circle,-1.000000,620.786240,29.053321,-65.234867,1.390331,99.492914,97.886569,2.113431,0.507086,3,1,1,0.0000,0.0000,0.0000,0.5000,"Pursue",0.271943
675,A0100,adaptive_eagle_v11,OBFM,10058.363264,34.747677,24.356281,59.080270,-34.765173,12954.057231,243.600099,15581.099004,-81.983847,-8151.679846,-244.659066,6.373996,False,False,True,False,False,True,False,1-circle,-1.000000,634.334008,34.536873,-59.771162,1.961869,97.886569,99.492914,0.507086,2.113431,2,0,4,0.0000,0.0000,0.0000,0.5000,"TacticalLookup",-0.387137
675,B0100,defensive,OBFM,10058.363264,34.747677,24.356281,59.080270,-34.765173,12954.057231,243.600099,15581.099004,-81.983847,-8151.679846,-244.659066,6.373996,False,False,True,False,False,True,False,1-circle,-1.000000,634.334008,34.536873,-59.771162,1.961869,99.492914,97.886569,2.113431,0.507086,3,1,1,0.0000,0.0000,0.0000,0.5000,"Pursue",0.291747
676,A0100,adaptive_eagle_v11,OBFM,10140.319272,33.576127,25.865596,59.419514,-33.616823,12943.077877,243.255943,15562.701979,-91.985125,-8167.017274,-235.999930,5.242869,False,False,True,False,False,True,False,1-circle,-1.000000,646.863237,39.677023,-54.644269,2.673878,97.886569,99.492914,0.507086,2.113431,2,0,4,0.0000,0.0000,0.0000,0.5000,"TacticalLookup",-0.538518
676,B0100,defensive,OBFM,10140.319272,33.576127,25.865596,59.419514,-33.616823,12943.077877,243.255943,15562.701979,-91.985125,-8167.017274,-235.999930,5.242869,False,False,True,False,False,True,False,1-circle,-1.000000,646.863237,39.677023,-54.644269,2.673878,99.492914,97.886569,2.113431,0.507086,3,1,1,0.0000,0.0000,0.0000,0.5000,"Pursue",0.411492
677,A0100,adaptive_eagle_v11,OBFM,10219.513735,32.080741,27.182619,59.230449,-32.144769,12933.351580,242.425837,15535.127364,-137.873073,-8222.336912,-227.968931,5.489368,False,False,True,False,False,True,False,1-circle,-1.000000,657.376910,38.538331,-55.783638,3.460886,97.886569,99.492914,0.507086,2.113431,2,0,4,0.0000,0.0000,0.0000,0.5000,"TacticalLookup",-0.619650
677,B0100,defensive,OBFM,10219.513735,32.080741,27.182619,59.230449,-32.144769,12933.351580,242.425837,15535.127364,-137.873073,-8222.336912,-227.968931,5.489368,False,False,True,False,False,True,False,1-circle,-1.000000,657.376910,38.538331,-55.783638,3.460886,99.492914,97.886569,2.113431,0.507086,3,1,1,0.0000,0.0000,0.0000,0.5000,"Pursue",0.494999
678,A0100,adaptive_eagle_v11,OBFM,10295.537536,30.423852,28.723300,59.089625,-30.494124,12925.165807,241.408975,15505.160917,-149.832236,-8262.311203,-218.211623,6.736633,False,False,True,False,False,True,False,1-circle,-1.000000,665.976964,33.406364,-60.905246,4.144328,97.886569,99.492914,0.507086,2.113431,2,0,4,0.0000,0.0000,0.0000,0.5000,"TacticalLookup",-0.633180
678,B0100,defensive,OBFM,10295.537536,30.423852,28.723300,59.089625,-30.494124,12925.165807,241.408975,15505.160917,-149.832236,-8262.311203,-218.211623,6.736633,False,False,True,False,False,True,False,1-circle,-1.000000,665.976964,33.406364,-60.905246,4.144328,99.492914,97.886569,2.113431,0.507086,3,1,1,0.0000,0.0000,0.0000,0.5000,"Pursue",0.535156
679,A0100,adaptive_eagle_v11,OBFM,10367.819235,28.744180,30.655740,59.310497,-28.807012,12918.239150,240.461378,15478.019630,-135.706432,-8251.953082,-205.477348,9.083864,False,False,True,False,False,True,False,1-circle,-1.000000,673.733932,26.803037,-67.494697,4.549694,97.886569,99.492914,0.507086,2.113431,2,0,2,0.0000,0.0000,0.0000,0.5000,"TacticalLookup",-0.556167
679,B0100,defensive,OBFM,10367.819235,28.744180,30.655740,59.310497,-28.807012,12918.239150,240.461378,15478.019630,-135.706432,-8251.953082,-205.477348,9.083864,False,False,True,False,False,True,False,1-circle,-1.000000,673.733932,26.803037,-67.494697,4.549694,99.492914,97.886569,2.113431,0.507086,3,2,3,0.0000,0.0000,0.0000,0.5000,"Pursue",0.506361
680,A0100,adaptive_eagle_v11,OBFM,10434.984584,27.229133,33.181243,60.330839,-27.283838,12912.053496,239.784535,15457.443865,-102.878828,-8175.802205,-188.558040,10.271969,False,False,True,False,False,True,False,1-circle,-1.000000,680.991050,24.458762,-69.824198,4.814206,97.886569,99.492914,0.507086,2.113431,2,8,2,0.0000,0.0000,0.0000,0.5000,"TacticalLookup",-0.427484
680,B0100,defensive,OBFM,10434.984584,27.229133,33.181243,60.330839,-27.283838,12912.053496,239.784535,15457.443865,-102.878828,-8175.802205,-188.558040,10.271969,False,False,True,False,False,True,False,1-circle,-1.000000,680.991050,24.458762,-69.824198,4.814206,99.492914,97.886569,2.113431,0.507086,3,2,3,0.0000,0.0000,0.0000,0.5000,"Pursue",0.403631
681,A0100,adaptive_eagle_v11,OBFM,10496.864626,26.115132,34.889507,60.961214,-26.161956,12906.246035,239.454191,15444.627829,-64.080178,-8162.055460,-177.176211,7.651727,False,False,True,False,False,True,False,1-circle,-1.000000,685.808077,30.544180,-63.711152,5.152024,97.886569,99.492914,0.507086,2.113431,2,8,2,0.0000,0.0000,0.0000,0.5000,"TacticalLookup",-0.423579
681,B0100,defensive,OBFM,10496.864626,26.115132,34.889507,60.961214,-26.161956,12906.246035,239.454191,15444.627829,-64.080178,-8162.055460,-177.176211,7.651727,False,False,True,False,False,True,False,1-circle,-1.000000,685.808077,30.544180,-63.711152,5.152024,99.492914,97.886569,2.113431,0.507086,3,2,3,0.0000,0.0000,0.0000,0.5000,"Pursue",0.389676
682,A0100,adaptive_eagle_v11,OBFM,10556.340717,25.160964,35.294600,60.417728,-25.192871,12900.885058,239.137468,15432.556311,-60.357591,-8266.417207,-174.951236,5.427657,False,False,True,False,False,True,False,1-circle,-1.000000,687.675837,39.102470,-55.109229,5.718735,97.886569,99.492914,0.507086,2.113431,2,8,2,0.0000,0.0000,0.0000,0.5000,"TacticalLookup",-0.533007
682,B0100,defensive,OBFM,10556.340717,25.160964,35.294600,60.417728,-25.192871,12900.885058,239.137468,15432.556311,-60.357591,-8266.417207,-174.951236,5.427657,False,False,True,False,False,True,False,1-circle,-1.000000,687.675837,39.102470,-55.109229,5.718735,99.492914,97.886569,2.113431,0.507086,3,2,3,0.0000,0.0000,0.0000,0.5000,"Pursue",0.491378
683,A0100,adaptive_eagle_v11,OBFM,10615.921008,24.135343,35.053680,59.124896,-24.125525,12896.403312,238.588579,15416.466088,-80.451112,-8448.939800,-177.549966,4.533997,False,False,True,False,False,True,False,1-circle,-1.000000,687.340608,44.078091,-50.078572,6.599474,97.886569,99.492914,0.507086,2.113431,2,0,2,0.0000,0.0000,0.0000,0.5000,"TacticalLookup",-0.708389
683,B0100,defensive,OBFM,10615.921008,24.135343,35.053680,59.124896,-24.125525,12896.403312,238.588579,15416.466088,-80.451112,-8448.939800,-177.549966,4.533997,False,False,True,False,False,True,False,1-circle,-1.000000,687.340608,44.078091,-50.078572,6.599474,99.492914,97.886569,2.113431,0.507086,3,2,3,0.0000,0.0000,0.0000,0.5000,"Pursue",0.691111
684,A0100,adaptive_eagle_v11,OBFM,10675.722528,22.867295,35.425971,58.161409,-22.762020,12893.408517,237.609622,15392.833483,-118.163028,-8582.155868,-175.795035,4.952100,False,False,True,False,False,True,False,1-circle,-1.000000,684.754624,41.659719,-52.430657,7.586071,97.886569,99.492914,0.507086,2.113431,2,0,2,0.0000,0.0000,0.0000,0.5000,"TacticalLookup",-0.801092
684,B0100,defensive,OBFM,10675.722528,22.867295,35.425971,58.161409,-22.762020,12893.408517,237.609622,15392.833483,-118.163028,-8582.155868,-175.795035,4.952100,False,False,True,False,False,True,False,1-circle,-1.000000,684.754624,41.659719,-52.430657,7.586071,99.492914,97.886569,2.113431,0.507086,3,2,3,0.0000,0.0000,0.0000,0.5000,"Pursue",0.838932
685,A0100,adaptive_eagle_v11,OBFM,10733.614255,21.465007,36.914175,58.135977,-21.223403,12892.124560,236.491144,15368.074285,-123.795988,-8646.754209,-166.553006,6.373734,False,False,True,False,False,True,False,1-circle,-1.000000,680.394232,34.999658,-59.016833,8.440414,97.886569,99.492914,0.507086,2.113431,2,0,2,0.0000,0.0000,0.0000,0.5000,"TacticalLookup",-0.890923
685,B0100,defensive,OBFM,10733.614255,21.465007,36.914175,58.135977,-21.223403,12892.124560,236.491144,15368.074285,-123.795988,-8646.754209,-166.553006,6.373734,False,False,True,False,False,True,False,1-circle,-1.000000,680.394232,34.999658,-59.016833,8.440414,99.492914,97.886569,2.113431,0.507086,3,2,3,0.0000,0.0000,0.0000,0.5000,"Pursue",0.986979
686,A0100,adaptive_eagle_v11,OBFM,10787.186371,19.943581,38.714014,58.313182,-19.555271,12892.234439,237.001668,15378.885585,54.056500,-8634.239148,-152.846290,8.901480,False,False,True,False,False,True,False,1-circle,-1.000000,674.565545,27.158752,-66.778820,8.948868,97.886569,99.492914,0.507086,2.113431,2,0,2,0.0000,0.0000,0.0000,0.5000,"TacticalLookup",-0.921658
686,B0100,defensive,OBFM,10787.186371,19.943581,38.714014,58.313182,-19.555271,12892.234439,237.001668,15378.885585,54.056500,-8634.239148,-152.846290,8.901480,False,False,True,False,False,True,False,1-circle,-1.000000,674.565545,27.158752,-66.778820,8.948868,99.492914,97.886569,2.113431,0.507086,3,2,3,0.0000,0.0000,0.0000,0.5000,"Pursue",1.072028
687,A0100,adaptive_eagle_v11,OBFM,10836.577925,18.393136,40.398152,58.376099,-17.901919,12893.234223,236.079115,15360.563966,-91.608094,-8680.413698,-141.403763,13.337931,False,False,True,False,False,True,False,1-circle,-1.000000,667.278183,19.889850,-73.963951,9.015240,97.886569,99.492914,0.507086,2.113431,2,0,2,0.0000,0.0000,0.0000,0.5000,"TacticalLookup",-0.859268
687,B0100,defensive,OBFM,10836.577925,18.393136,40.398152,58.376099,-17.901919,12893.234223,236.079115,15360.563966,-91.608094,-8680.413698,-141.403763,13.337931,False,False,True,False,False,True,False,1-circle,-1.000000,667.278183,19.889850,-73.963951,9.015240,99.492914,97.886569,2.113431,0.507086,3,2,3,0.0000,0.0000,0.0000,0.5000,"Pursue",1.055331
688,A0100,adaptive_eagle_v11,OBFM,10881.736612,16.953409,42.290191,58.781273,-16.422737,12894.524595,235.286080,15345.305728,-76.291192,-8697.573886,-128.115265,15.334471,False,False,True,False,False,True,False,1-circle,-1.000000,659.699956,17.852709,-75.919201,8.804523,97.886569,99.492914,0.507086,2.113431,2,0,2,0.0000,0.0000,0.0000,0.5000,"TacticalLookup",-0.677254
688,B0100,defensive,OBFM,10881.736612,16.953409,42.290191,58.781273,-16.422737,12894.524595,235.286080,15345.305728,-76.291192,-8697.573886,-128.115265,15.334471,False,False,True,False,False,True,False,1-circle,-1.000000,659.699956,17.852709,-75.919201,8.804523,99.492914,97.886569,2.113431,0.507086,3,2,3,0.0000,0.0000,0.0000,0.5000,"Pursue",0.883370
689,A0100,adaptive_eagle_v11,OBFM,10922.075666,15.861963,44.538104,59.876878,-15.305970,12895.804297,234.812303,15336.725464,-42.901319,-8660.610511,-111.695517,10.342734,False,False,True,False,False,True,False,1-circle,-1.000000,653.155217,24.135404,-69.563942,8.654783,97.886569,99.492914,0.507086,2.113431,2,0,2,0.0000,0.0000,0.0000,0.5000,"TacticalLookup",-0.771018
689,B0100,defensive,OBFM,10922.075666,15.861963,44.538104,59.876878,-15.305970,12895.804297,234.812303,15336.725464,-42.901319,-8660.610511,-111.695517,10.342734,False,False,True,False,False,True,False,1-circle,-1.000000,653.155217,24.135404,-69.563942,8.654783,99.492914,97.886569,2.113431,0.507086,3,2,3,0.0000,0.0000,0.0000,0.5000,"Pursue",1.052508
690,A0100,adaptive_eagle_v11,OBFM,10956.010957,14.802260,47.359845,61.547571,-14.143753,12897.233082,234.156816,15324.545433,-60.900155,-8570.526436,-90.336199,7.703292,False,False,True,False,False,True,False,1-circle,-1.000000,647.498879,30.275980,-63.359385,8.762245,97.886569,99.492914,0.507086,2.113431,1,0,4,0.0000,0.0000,0.0000,0.5000,"LeadPursuit",-0.839204
690,B0100,defensive,OBFM,10956.010957,14.802260,47.359845,61.547571,-14.143753,12897.233082,234.156816,15324.545433,-60.900155,-8570.526436,-90.336199,7.703292,False,False,True,False,False,True,False,1-circle,-1.000000,647.498879,30.275980,-63.359385,8.762245,99.492914,97.886569,2.113431,0.507086,3,3,3,0.0000,0.0000,0.0000,0.5000,"Pursue",1.168302
691,A0100,adaptive_eagle_v11,OBFM,10983.102477,13.817491,49.588600,62.732209,-13.006402,12899.197226,233.427865,15311.420235,-65.625992,-8542.100309,-73.552480,6.603680,False,False,True,False,False,True,False,1-circle,-1.000000,639.907364,33.975427,-59.588781,9.231494,97.886569,99.492914,0.507086,2.113431,1,0,4,0.0000,0.0000,0.0000,0.5000,"LeadPursuit",-0.648815
691,B0100,defensive,OBFM,10983.102477,13.817491,49.588600,62.732209,-13.006402,12899.197226,233.427865,15311.420235,-65.625992,-8542.100309,-73.552480,6.603680,False,False,True,False,False,True,False,1-circle,-1.000000,639.907364,33.975427,-59.588781,9.231494,99.492914,97.886569,2.113431,0.507086,3,3,3,0.0000,0.0000,0.0000,0.5000,"Pursue",0.929277
692,A0100,adaptive_eagle_v11,OBFM,11005.290680,13.163511,51.232005,63.666692,-12.201502,12901.688289,232.932344,15303.680828,-38.697034,-8577.497369,-61.661170,5.316538,False,False,True,False,False,True,False,1-circle,-1.000000,629.054338,39.628518,-53.849626,10.089407,97.886569,99.492914,0.507086,2.113431,1,0,4,0.0000,0.0000,0.0000,0.5000,"LeadPursuit",-0.625600
692,B0100,defensive,OBFM,11005.290680,13.163511,51.232005,63.666692,-12.201502,12901.688289,232.932344,15303.680828,-38.697034,-8577.497369,-61.661170,5.316538,False,False,True,False,False,True,False,1-circle,-1.000000,629.054338,39.628518,-53.849626,10.089407,99.492914,97.886569,2.113431,0.507086,3,3,3,0.0000,0.0000,0.0000,0.5000,"Pursue",0.921640
693,A0100,adaptive_eagle_v11,OBFM,11023.318983,12.669356,52.974256,64.785586,-11.481953,12904.855047,232.371947,15295.303869,-41.884796,-8614.821457,-48.991470,4.327609,False,False,True,False,False,True,False,1-circle,-1.000000,615.193640,45.352771,-48.025813,11.219836,97.886569,99.492914,0.507086,2.113431,1,0,4,0.0000,0.0000,0.0000,0.5000,"LeadPursuit",-0.693372
693,B0100,defensive,OBFM,11023.318983,12.669356,52.974256,64.785586,-11.481953,12904.855047,232.371947,15295.303869,-41.884796,-8614.821457,-48.991470,4.327609,False,False,True,False,False,True,False,1-circle,-1.000000,615.193640,45.352771,-48.025813,11.219836,99.492914,97.886569,2.113431,0.507086,3,3,3,0.0000,0.0000,0.0000,0.5000,"Pursue",1.038892
694,A0100,adaptive_eagle_v11,OBFM,11036.763319,12.302727,54.793947,65.950095,-10.722357,12909.017037,231.561550,15282.821576,-62.411463,-8656.163214,-35.794198,4.039751,False,False,True,False,False,True,False,1-circle,-1.000000,598.698853,47.304996,-45.962827,12.469916,97.886569,99.492914,0.507086,2.113431,1,0,4,0.0000,0.0000,0.0000,0.5000,"LeadPursuit",-0.972314
694,B0100,defensive,OBFM,11036.763319,12.302727,54.793947,65.950095,-10.722357,12909.017037,231.561550,15282.821576,-62.411463,-8656.163214,-35.794198,4.039751,False,False,True,False,False,True,False,1-circle,-1.000000,598.698853,47.304996,-45.962827,12.469916,99.492914,97.886569,2.113431,0.507086,3,3,3,0.0000,0.0000,0.0000,0.5000,"Pursue",1.459535
695,A0100,adaptive_eagle_v11,OBFM,11045.822137,11.904222,56.511681,66.711555,-9.657622,12914.660467,230.316621,15263.009348,-99.061142,-8715.216390,-23.595653,4.815101,False,False,True,False,False,True,False,1-circle,-1.000000,580.029602,42.345017,-50.803387,13.607069,97.886569,99.492914,0.507086,2.113431,1,0,4,0.0000,0.0000,0.0000,0.5000,"LeadPursuit",-1.254015
695,B0100,defensive,OBFM,11045.822137,11.904222,56.511681,66.711555,-9.657622,12914.660467,230.316621,15263.009348,-99.061142,-8715.216390,-23.595653,4.815101,False,False,True,False,False,True,False,1-circle,-1.000000,580.029602,42.345017,-50.803387,13.607069,99.492914,97.886569,2.113431,0.507086,3,3,3,0.0000,0.0000,0.0000,0.5000,"Pursue",1.916807
696,A0100,adaptive_eagle_v11,OBFM,11050.541543,11.409579,58.458844,67.351037,-8.277004,12921.977411,228.819880,15239.903405,-115.529714,-8747.093127,-9.119741,6.549651,False,False,True,False,False,True,False,1-circle,-1.000000,560.025820,34.127651,-58.897220,14.449982,97.886569,99.492914,0.507086,2.113431,1,0,4,0.0000,0.0000,0.0000,0.5000,"LeadPursuit",-1.391985
696,B0100,defensive,OBFM,11050.541543,11.409579,58.458844,67.351037,-8.277004,12921.977411,228.819880,15239.903405,-115.529714,-8747.093127,-9.119741,6.549651,False,False,True,False,False,True,False,1-circle,-1.000000,560.025820,34.127651,-58.897220,14.449982,99.492914,97.886569,2.113431,0.507086,3,3,3,0.0000,0.0000,0.0000,0.5000,"Pursue",2.185263
697,A0100,adaptive_eagle_v11,OBFM,11049.349665,10.821725,60.981704,68.479428,-6.804313,12930.606303,227.412835,15220.113450,-98.949774,-8719.510573,11.082545,9.443576,False,False,True,False,False,True,False,1-circle,-1.000000,539.187017,25.727188,-67.172998,14.882798,97.886569,99.492914,0.507086,2.113431,1,0,4,0.0000,0.0000,0.0000,0.5000,"LeadPursuit",-1.397408
697,B0100,defensive,OBFM,11049.349665,10.821725,60.981704,68.479428,-6.804313,12930.606303,227.412835,15220.113450,-98.949774,-8719.510573,11.082545,9.443576,False,False,True,False,False,True,False,1-circle,-1.000000,539.187017,25.727188,-67.172998,14.882798,99.492914,97.886569,2.113431,0.507086,3,3,3,0.0000,0.0000,0.0000,0.5000,"Pursue",2.195126
698,A0100,adaptive_eagle_v11,OBFM,11041.642525,10.189352,62.972419,69.290870,-5.475292,12939.952728,226.293440,15206.976053,-65.686984,-8738.247428,27.071051,11.169790,False,False,True,False,False,True,False,1-circle,-1.000000,516.076877,22.440929,-70.325664,15.010859,97.886569,99.492914,0.507086,2.113431,1,0,4,0.0000,0.0000,0.0000,0.5000,"LeadPursuit",-0.968976
698,B0100,defensive,OBFM,11041.642525,10.189352,62.972419,69.290870,-5.475292,12939.952728,226.293440,15206.976053,-65.686984,-8738.247428,27.071051,11.169790,False,False,True,False,False,True,False,1-circle,-1.000000,516.076877,22.440929,-70.325664,15.010859,99.492914,97.886569,2.113431,0.507086,3,3,3,0.0000,0.0000,0.0000,0.5000,"Pursue",1.519048
699,A0100,adaptive_eagle_v11,OBFM,11029.518138,9.746554,64.320604,69.804933,-4.516320,12949.602830,225.515986,15201.075739,-29.501572,-8828.976974,37.400046,8.567696,False,False,True,False,False,True,False,1-circle,-1.000000,490.119688,27.683420,-64.936910,15.126574,97.886569,99.492914,0.507086,2.113431,1,0,4,0.0000,0.0000,0.0000,0.5000,"LeadPursuit",-0.426297
699,B0100,defensive,OBFM,11029.518138,9.746554,64.320604,69.804933,-4.516320,12949.602830,225.515986,15201.075739,-29.501572,-8828.976974,37.400046,8.567696,False,False,True,False,False,True,False,1-circle,-1.000000,490.119688,27.683420,-64.936910,15.126574,99.492914,97.886569,2.113431,0.507086,2,4,3,0.0000,0.0000,0.0000,0.5000,"Pursue",0.698391
700,A0100,adaptive_eagle_v11,OBFM,11014.005645,9.499466,65.675407,70.605786,-3.874672,12959.491368,224.949509,15199.667457,-7.041410,-8921.745021,47.979489,5.908342,False,False,True,False,False,True,False,1-circle,-1.000000,461.927024,36.668825,-55.795424,15.585688,97.886569,99.492914,0.507086,2.113431,1,0,4,0.0000,0.0000,0.0000,0.5000,"SmartHighYoYo",0.161340
700,B0100,defensive,OBFM,11014.005645,9.499466,65.675407,70.605786,-3.874672,12959.491368,224.949509,15199.667457,-7.041410,-8921.745021,47.979489,5.908342,False,False,True,False,False,True,False,1-circle,-1.000000,461.927024,36.668825,-55.795424,15.585688,99.492914,97.886569,2.113431,0.507086,2,4,3,0.0000,0.0000,0.0000,0.5000,"Pursue",-0.174743
701,A0100,adaptive_eagle_v11,OBFM,10994.650750,9.521192,67.183067,71.666196,-3.352140,12969.792761,224.311105,15197.271711,-11.978729,-8996.738503,59.923455,4.108081,False,False,True,False,False,True,False,1-circle,-1.000000,432.050780,46.727353,-45.573835,16.595379,97.886569,99.492914,0.507086,2.113431,1,0,4,0.0000,0.0000,0.0000,0.5000,"SmartHighYoYo",0.731539
701,B0100,defensive,OBFM,10994.650750,9.521192,67.183067,71.666196,-3.352140,12969.792761,224.311105,15197.271711,-11.978729,-8996.738503,59.923455,4.108081,False,False,True,False,False,True,False,1-circle,-1.000000,432.050780,46.727353,-45.573835,16.595379,99.492914,97.886569,2.113431,0.507086,2,4,3,0.0000,0.0000,0.0000,0.5000,"Pursue",-1.029854
702,A0100,adaptive_eagle_v11,OBFM,10971.248352,9.775994,68.713051,72.915631,-3.028514,12980.817325,223.629777,15194.785223,-12.432440,-9066.218049,72.060969,2.998102,False,False,True,False,False,True,False,1-circle,-1.000000,401.118465,55.541416,-36.592868,18.032672,97.886569,99.492914,0.507086,2.113431,1,0,4,0.0000,0.0000,0.0000,0.5000,"SmartHighYoYo",0.969312
702,B0100,defensive,OBFM,10971.248352,9.775994,68.713051,72.915631,-3.028514,12980.817325,223.629777,15194.785223,-12.432440,-9066.218049,72.060969,2.998102,False,False,True,False,False,True,False,1-circle,-1.000000,401.118465,55.541416,-36.592868,18.032672,99.492914,97.886569,2.113431,0.507086,2,4,3,0.0000,0.0000,0.0000,0.5000,"Pursue",-1.378983
703,A0100,adaptive_eagle_v11,OBFM,10943.540964,10.113894,70.527170,74.650722,-2.976745,12992.687367,222.932360,15192.867742,-9.587405,-9097.559241,87.045617,2.269679,False,False,True,False,False,True,False,1-circle,-1.000000,370.109423,62.699761,-29.268751,19.367517,97.886569,99.492914,0.507086,2.113431,1,0,4,0.0000,0.0000,0.0000,0.5000,"SmartHighYoYo",0.862356
703,B0100,defensive,OBFM,10943.540964,10.113894,70.527170,74.650722,-2.976745,12992.687367,222.932360,15192.867742,-9.587405,-9097.559241,87.045617,2.269679,False,False,True,False,False,True,False,1-circle,-1.000000,370.109423,62.699761,-29.268751,19.367517,99.492914,97.886569,2.113431,0.507086,2,4,3,0.0000,0.0000,0.0000,0.5000,"Pursue",-1.183513
704,A0100,adaptive_eagle_v11,OBFM,10909.739652,10.346296,72.983512,77.325795,-3.229922,13005.200662,222.447947,15195.829817,14.810373,-9058.964680,108.635033,1.727190,False,False,True,False,False,True,False,1-circle,-1.000000,339.587597,68.748960,-23.057903,18.837191,97.886569,99.492914,0.507086,2.113431,1,0,4,0.0000,0.0000,0.0000,0.5000,"SmartHighYoYo",0.620650
704,B0100,defensive,OBFM,10909.739652,10.346296,72.983512,77.325795,-3.229922,13005.200662,222.447947,15195.829817,14.810373,-9058.964680,108.635033,1.727190,False,False,True,False,False,True,False,1-circle,-1.000000,339.587597,68.748960,-23.057903,18.837191,99.492914,97.886569,2.113431,0.507086,2,4,3,0.0000,0.0000,0.0000,0.5000,"Pursue",-0.833177
705,A0100,adaptive_eagle_v11,OBFM,10868.908990,10.383613,74.987974,79.904932,-3.757065,13017.979407,222.463754,15208.919903,65.450430,-9056.025658,126.796592,1.257718,False,False,True,False,False,True,False,1-circle,-1.000000,308.014172,74.414992,-17.225941,16.833552,97.886569,99.492914,0.507086,2.113431,1,0,4,0.0000,0.0000,0.0000,0.5000,"SmartHighYoYo",0.370292
705,B0100,defensive,OBFM,10868.908990,10.383613,74.987974,79.904932,-3.757065,13017.979407,222.463754,15208.919903,65.450430,-9056.025658,126.796592,1.257718,False,False,True,False,False,True,False,1-circle,-1.000000,308.014172,74.414992,-17.225941,16.833552,99.492914,97.886569,2.113431,0.507086,2,4,3,0.0000,0.0000,0.0000,0.5000,"Pursue",-0.487108
706,A0100,adaptive_eagle_v11,OBFM,10823.037192,10.197955,76.326354,81.980427,-4.507811,13030.500595,222.886058,15229.767126,104.236118,-9115.606925,139.360183,0.752782,False,False,True,False,False,True,False,1-circle,-1.000000,274.779726,80.932659,-10.534109,14.122168,97.886569,99.492914,0.507086,2.113431,1,0,4,0.0000,0.0000,0.0000,0.5000,"SmartHighYoYo",0.249487
706,B0100,defensive,OBFM,10823.037192,10.197955,76.326354,81.980427,-4.507811,13030.500595,222.886058,15229.767126,104.236118,-9115.606925,139.360183,0.752782,False,False,True,False,False,True,False,1-circle,-1.000000,274.779726,80.932659,-10.534109,14.122168,99.492914,97.886569,2.113431,0.507086,2,4,3,0.0000,0.0000,0.0000,0.5000,"Pursue",-0.306187
707,A0100,adaptive_eagle_v11,OBFM,10773.168280,9.877785,77.626348,84.064071,-5.392916,13042.205442,223.557446,15254.741403,124.871382,-9174.915635,152.049612,0.154935,False,False,True,False,False,True,False,1-circle,-1.000000,240.941036,89.090818,-2.198671,11.071192,97.886569,99.492914,0.507086,2.113431,1,0,4,0.0000,0.0000,0.0000,0.5000,"SmartHighYoYo",0.402654
707,B0100,defensive,OBFM,10773.168280,9.877785,77.626348,84.064071,-5.392916,13042.205442,223.557446,15254.741403,124.871382,-9174.915635,152.049612,0.154935,False,False,True,False,False,True,False,1-circle,-1.000000,240.941036,89.090818,-2.198671,11.071192,99.492914,97.886569,2.113431,0.507086,2,3,3,0.0000,0.0000,0.0000,0.5000,"Pursue",-0.527573
708,A0100,adaptive_eagle_v11,OBFM,10718.896494,9.682714,79.040068,86.285570,-6.351835,13052.717484,224.149760,15276.993169,111.258830,-9220.077967,165.745358,0.336082,False,False,True,False,False,True,False,1-circle,-1.000000,207.677538,95.888890,4.773768,7.846164,97.886569,99.492914,0.507086,2.113431,4,0,3,0.0000,0.0000,0.0000,0.5000,"SmartHighYoYo",0.625777
708,B0100,defensive,OBFM,10718.896494,9.682714,79.040068,86.285570,-6.351835,13052.717484,224.149760,15276.993169,111.258830,-9220.077967,165.745358,0.336082,False,False,True,False,False,True,False,1-circle,-1.000000,207.677538,95.888890,4.773768,7.846164,99.492914,97.886569,2.113431,0.507086,2,3,3,0.0000,0.0000,0.0000,0.5000,"Pursue",-0.856983
709,A0100,adaptive_eagle_v11,OBFM,10660.196787,9.749220,80.431270,88.487557,-7.325635,13062.057264,224.524847,15293.783286,83.950584,-9268.040184,178.863393,0.451254,False,False,True,False,False,True,False,1-circle,-1.000000,175.956240,97.357755,6.409184,4.564478,97.886569,99.492914,0.507086,2.113431,1,0,4,0.0000,0.0000,0.0000,0.5000,"SmartHighYoYo",0.768130
709,B0100,defensive,OBFM,10660.196787,9.749220,80.431270,88.487557,-7.325635,13062.057264,224.524847,15293.783286,83.950584,-9268.040184,178.863393,0.451254,False,False,True,False,False,True,False,1-circle,-1.000000,175.956240,97.357755,6.409184,4.564478,99.492914,97.886569,2.113431,0.507086,2,3,3,0.0000,0.0000,0.0000,0.5000,"Pursue",-1.043965
710,A0100,adaptive_eagle_v11,OBFM,10597.090973,10.047303,82.059168,90.927174,-8.303135,13070.347563,224.504453,15301.668183,39.424487,-9279.339164,193.730959,0.181039,False,False,True,False,False,True,False,2-circle,-1.000000,146.809335,93.375610,2.580428,1.368330,97.886569,99.492914,0.507086,2.113431,1,0,4,0.0000,0.0000,0.0000,0.5000,"SmartHighYoYo",0.752411
710,B0100,defensive,OBFM,10597.090973,10.047303,82.059168,90.927174,-8.303135,13070.347563,224.504453,15301.668183,39.424487,-9279.339164,193.730959,0.181039,False,False,True,False,False,True,False,2-circle,-1.000000,146.809335,93.375610,2.580428,1.368330,99.492914,97.886569,2.113431,0.507086,2,3,3,0.0000,0.0000,0.0000,0.5000,"Pursue",-0.965488
711,A0100,adaptive_eagle_v11,OBFM,10528.051548,10.403834,84.352648,94.031668,-9.257180,13077.564332,224.299410,15304.811005,15.714111,-9227.287457,214.679313,0.391906,False,False,True,False,False,True,False,2-circle,-1.000000,120.822284,85.090313,-5.567796,-1.573475,97.886569,99.492914,0.507086,2.113431,1,0,4,0.0000,0.0000,0.0000,0.5000,"SmartHighYoYo",0.744016
711,B0100,defensive,OBFM,10528.051548,10.403834,84.352648,94.031668,-9.257180,13077.564332,224.299410,15304.811005,15.714111,-9227.287457,214.679313,0.391906,False,False,True,False,False,True,False,2-circle,-1.000000,120.822284,85.090313,-5.567796,-1.573475,99.492914,97.886569,2.113431,0.507086,2,3,3,0.0000,0.0000,0.0000,0.5000,"Pursue",-0.955718
712,A0100,adaptive_eagle_v11,OBFM,10452.259580,10.846093,86.272641,96.819150,-10.229866,13083.339117,224.050409,15305.643480,4.162375,-9222.172132,231.902112,1.238664,False,False,True,False,False,True,False,2-circle,-1.000000,96.529925,73.421003,-17.108281,-4.195264,97.886569,99.492914,0.507086,2.113431,1,0,4,0.0000,0.0000,0.0000,0.5000,"SmartHighYoYo",0.808777
712,B0100,defensive,OBFM,10452.259580,10.846093,86.272641,96.819150,-10.229866,13083.339117,224.050409,15305.643480,4.162375,-9222.172132,231.902112,1.238664,False,False,True,False,False,True,False,2-circle,-1.000000,96.529925,73.421003,-17.108281,-4.195264,99.492914,97.886569,2.113431,0.507086,2,3,3,0.0000,0.0000,0.0000,0.5000,"Pursue",-1.068496
713,A0100,adaptive_eagle_v11,OBFM,10371.952740,11.496163,87.511256,98.947378,-11.240187,13087.398801,223.606903,15300.913812,-23.648340,-9294.454115,242.277234,2.429631,False,False,True,False,False,True,False,2-circle,-1.000000,72.865238,59.329100,-31.073415,-6.066987,97.886569,99.492914,0.507086,2.113431,1,0,4,0.0000,0.0000,0.0000,0.5000,"SmartHighYoYo",0.690413
713,B0100,defensive,OBFM,10371.952740,11.496163,87.511256,98.947378,-11.240187,13087.398801,223.606903,15300.913812,-23.648340,-9294.454115,242.277234,2.429631,False,False,True,False,False,True,False,2-circle,-1.000000,72.865238,59.329100,-31.073415,-6.066987,99.492914,97.886569,2.113431,0.507086,2,3,3,0.0000,0.0000,0.0000,0.5000,"Pursue",-0.886699
714,A0100,adaptive_eagle_v11,OBFM,10288.547722,12.146747,88.675384,100.820434,-12.047135,13089.966842,223.084525,15293.151753,-38.810294,-9374.631194,251.868168,4.276295,False,False,True,False,False,True,False,2-circle,-1.000000,50.007325,43.658062,-46.620447,-5.401727,97.886569,99.492914,0.507086,2.113431,1,0,4,0.0000,0.0000,0.0000,0.5000,"SmartHighYoYo",0.286852
714,B0100,defensive,OBFM,10288.547722,12.146747,88.675384,100.820434,-12.047135,13089.966842,223.084525,15293.151753,-38.810294,-9374.631194,251.868168,4.276295,False,False,True,False,False,True,False,2-circle,-1.000000,50.007325,43.658062,-46.620447,-5.401727,99.492914,97.886569,2.113431,0.507086,2,3,3,0.0000,0.0000,0.0000,0.5000,"Pursue",-0.316733
715,A0100,adaptive_eagle_v11,OBFM,10201.645680,12.387171,89.922692,102.306441,-12.342828,13091.662781,222.932194,15291.839864,-6.559445,-9426.729265,263.095796,7.929194,False,False,True,False,False,True,False,2-circle,-1.000000,28.197204,27.178450,-62.980001,-2.696219,97.886569,99.492914,0.507086,2.113431,2,0,4,0.0000,0.0000,0.0000,0.5000,"LeadPursuit",-0.107929
715,B0100,defensive,OBFM,10201.645680,12.387171,89.922692,102.306441,-12.342828,13091.662781,222.932194,15291.839864,-6.559445,-9426.729265,263.095796,7.929194,False,False,True,False,False,True,False,2-circle,-1.000000,28.197204,27.178450,-62.980001,-2.696219,99.492914,97.886569,2.113431,0.507086,2,3,3,0.0000,0.0000,0.0000,0.5000,"Pursue",-0.017900
716,A0100,adaptive_eagle_v11,OBFM,10110.912516,12.174062,91.116722,103.272804,-12.161872,13092.791497,223.052630,15295.346452,17.532940,-9460.590271,274.615988,15.583817,False,False,True,False,False,True,False,2-circle,-1.000000,8.149896,14.584654,-75.461593,0.300270,97.886569,99.492914,0.507086,2.113431,2,0,4,0.0000,0.0000,0.0000,0.5000,"LeadPursuit",-0.153688
716,B0100,defensive,OBFM,10110.912516,12.174062,91.116722,103.272804,-12.161872,13092.791497,223.052630,15295.346452,17.532940,-9460.590271,274.615988,15.583817,False,False,True,False,False,True,False,2-circle,-1.000000,8.149896,14.584654,-75.461593,0.300270,99.492914,97.886569,2.113431,0.507086,2,3,3,0.0000,0.0000,0.0000,0.5000,"Pursue",0.007119
717,A0100,adaptive_eagle_v11,OBFM,10016.134421,11.911427,92.520237,104.391353,-11.911426,13093.237482,223.358091,15301.829180,32.413639,-9445.562555,288.325185,20.620859,False,False,True,False,False,False,False,2-circle,-1.000000,-8.838639,11.023300,-78.926006,2.587640,97.886569,99.492914,0.507086,2.113431,2,0,4,0.0000,0.0000,0.0000,0.5000,"LeadPursuit",-0.104930
717,B0100,defensive,OBFM,10016.134421,11.911427,92.520237,104.391353,-11.911426,13093.237482,223.358091,15301.829180,32.413639,-9445.562555,288.325185,20.620859,False,False,True,False,False,False,False,2-circle,-1.000000,-8.838639,11.023300,-78.926006,2.587640,99.492914,97.886569,2.113431,0.507086,2,3,3,0.0000,0.0000,0.0000,0.5000,"Pursue",-0.157687
718,A0100,adaptive_eagle_v11,OBFM,9915.682365,11.679020,94.624785,106.234996,-11.670044,13093.010007,223.681115,15307.994529,30.826742,-9359.111201,308.389245,15.253320,False,False,True,False,False,False,False,2-circle,-1.000000,-22.038998,14.672503,-75.199604,3.832082,97.886569,99.492914,0.507086,2.113431,2,0,4,0.0000,0.0000,0.0000,0.5000,"LeadPursuit",-0.499376
718,B0100,defensive,OBFM,9915.682365,11.679020,94.624785,106.234996,-11.670044,13093.010007,223.681115,15307.994529,30.826742,-9359.111201,308.389245,15.253320,False,False,True,False,False,False,False,2-circle,-1.000000,-22.038998,14.672503,-75.199604,3.832082,99.492914,97.886569,2.113431,0.507086,2,3,3,0.0000,0.0000,0.0000,0.5000,"Pursue",0.440343
719,A0100,adaptive_eagle_v11,OBFM,9808.545450,11.029695,96.462061,107.393903,-11.007358,13092.306738,223.509608,15303.895901,-20.493139,-9330.518273,325.701992,11.899979,False,False,True,False,False,False,False,2-circle,-1.000000,-33.395599,18.526915,-71.276771,4.523510,97.886569,99.492914,0.507086,2.113431,2,0,3,0.0000,0.0000,0.0000,0.5000,"LeadPursuit",-1.031467
719,B0100,defensive,OBFM,9808.545450,11.029695,96.462061,107.393903,-11.007358,13092.306738,223.509608,15303.895901,-20.493139,-9330.518273,325.701992,11.899979,False,False,True,False,False,False,False,2-circle,-1.000000,-33.395599,18.526915,-71.276771,4.523510,99.492914,97.886569,2.113431,0.507086,2,3,3,0.0000,0.0000,0.0000,0.5000,"Pursue",1.299182
720,A0100,adaptive_eagle_v11,OBFM,9696.586330,9.906559,97.748782,107.548040,-9.877354,13091.490779,222.835075,15289.751293,-70.723040,-9384.294820,337.799134,12.788134,False,False,True,False,False,False,False,2-circle,-1.000000,-44.814417,17.286943,-72.445923,4.957141,97.886569,99.492914,0.507086,2.113431,2,0,3,0.0000,0.0000,0.0000,0.5000,"LeadPursuit",-1.489955
720,B0100,defensive,OBFM,9696.586330,9.906559,97.748782,107.548040,-9.877354,13091.490779,222.835075,15289.751293,-70.723040,-9384.294820,337.799134,12.788134,False,False,True,False,False,False,False,2-circle,-1.000000,-44.814417,17.286943,-72.445923,4.957141,99.492914,97.886569,2.113431,0.507086,2,3,3,0.0000,0.0000,0.0000,0.5000,"Pursue",2.008430
721,A0100,adaptive_eagle_v11,OBFM,9580.634335,8.496099,99.107863,107.490741,-8.456262,13090.729776,221.900903,15270.597775,-95.767590,-9440.554740,350.320260,17.421678,False,False,True,False,False,False,False,2-circle,-1.000000,-56.088582,12.785619,-76.875031,5.155478,97.886569,99.492914,0.507086,2.113431,2,0,3,0.0000,0.0000,0.0000,0.5000,"LeadPursuit",-1.714194
721,B0100,defensive,OBFM,9580.634335,8.496099,99.107863,107.490741,-8.456262,13090.729776,221.900903,15270.597775,-95.767590,-9440.554740,350.320260,17.421678,False,False,True,False,False,False,False,2-circle,-1.000000,-56.088582,12.785619,-76.875031,5.155478,99.492914,97.886569,2.113431,0.507086,2,3,3,0.0000,0.0000,0.0000,0.5000,"Pursue",2.332163
722,A0100,adaptive_eagle_v11,HABFM,9459.889697,7.123993,100.959383,107.929192,-7.042674,13089.840782,221.043716,15252.899980,-88.488973,-9434.770453,366.981709,30.974764,False,False,True,False,False,False,False,2-circle,-1.000000,-65.951264,7.094214,-82.500359,5.025503,97.886569,99.492914,0.507086,2.113431,2,0,3,0.0000,0.0000,0.0000,0.5000,"LeadPursuit",-1.637858
722,B0100,defensive,HABFM,9459.889697,7.123993,100.959383,107.929192,-7.042674,13089.840782,221.043716,15252.899980,-88.488973,-9434.770453,366.981709,30.974764,False,False,True,False,False,False,False,2-circle,-1.000000,-65.951264,7.094214,-82.500359,5.025503,99.492914,97.886569,2.113431,0.507086,2,3,3,0.0000,0.0000,0.0000,0.5000,"Pursue",2.149048
723,A0100,adaptive_eagle_v11,HABFM,9332.426037,6.047404,103.520338,109.274052,-5.848476,13088.467504,220.465961,15240.234044,-63.329683,-9354.576126,389.599160,41.295884,False,False,True,False,False,False,False,2-circle,-1.000000,-73.882199,5.191825,-84.346122,4.653889,97.886569,99.492914,0.507086,2.113431,2,0,3,0.0000,0.0000,0.0000,0.5000,"LeadPursuit",-1.239514
723,B0100,defensive,HABFM,9332.426037,6.047404,103.520338,109.274052,-5.848476,13088.467504,220.465961,15240.234044,-63.329683,-9354.576126,389.599160,41.295884,False,False,True,False,False,False,False,2-circle,-1.000000,-73.882199,5.191825,-84.346122,4.653889,99.492914,97.886569,2.113431,0.507086,2,3,3,0.0000,0.0000,0.0000,0.5000,"Pursue",1.601581
724,A0100,adaptive_eagle_v11,HABFM,9197.771573,5.408168,105.572557,110.446384,-5.026908,13086.435698,220.246211,15233.914808,-31.596176,-9320.777391,407.727823,20.620604,False,False,True,False,False,False,False,2-circle,-1.000000,-82.123476,10.702089,-78.774716,4.297221,97.886569,99.492914,0.507086,2.113431,2,0,3,0.0000,0.0000,0.0000,0.5000,"LeadPursuit",-1.610359
724,B0100,defensive,HABFM,9197.771573,5.408168,105.572557,110.446384,-5.026908,13086.435698,220.246211,15233.914808,-31.596176,-9320.777391,407.727823,20.620604,False,False,True,False,False,False,False,2-circle,-1.000000,-82.123476,10.702089,-78.774716,4.297221,99.492914,97.886569,2.113431,0.507086,2,3,3,0.0000,0.0000,0.0000,0.5000,"Pursue",2.177568
725,A0100,adaptive_eagle_v11,HABFM,9058.030982,4.739468,107.021791,110.972212,-4.158589,13083.907578,219.946371,15225.543577,-41.856155,-9358.463472,420.598811,13.360852,False,False,True,False,False,False,False,2-circle,-1.000000,-92.254686,16.452607,-72.947967,4.105572,97.886569,99.492914,0.507086,2.113431,2,0,3,0.0000,0.0000,0.0000,0.5000,"LeadPursuit",-1.992606
725,B0100,defensive,HABFM,9058.030982,4.739468,107.021791,110.972212,-4.158589,13083.907578,219.946371,15225.543577,-41.856155,-9358.463472,420.598811,13.360852,False,False,True,False,False,False,False,2-circle,-1.000000,-92.254686,16.452607,-72.947967,4.105572,99.492914,97.886569,2.113431,0.507086,2,4,3,0.0000,0.0000,0.0000,0.5000,"Pursue",2.591061
726,A0100,adaptive_eagle_v11,HABFM,8914.012774,4.111173,108.576410,111.601525,-3.278155,13081.160121,219.609132,15216.233716,-46.549308,-9394.370219,434.187017,10.794706,False,False,True,False,False,False,False,2-circle,-1.000000,-104.183320,20.127082,-69.181754,4.276741,97.886569,99.492914,0.507086,2.113431,2,0,3,0.0000,0.0000,0.0000,0.5000,"LeadPursuit",-1.222915
726,B0100,defensive,HABFM,8914.012774,4.111173,108.576410,111.601525,-3.278155,13081.160121,219.609132,15216.233716,-46.549308,-9394.370219,434.187017,10.794706,False,False,True,False,False,False,False,2-circle,-1.000000,-104.183320,20.127082,-69.181754,4.276741,99.492914,97.886569,2.113431,0.507086,2,4,3,0.0000,0.0000,0.0000,0.5000,"Pursue",1.394189
727,A0100,adaptive_eagle_v11,HABFM,8765.120058,3.875716,110.317243,112.822862,-2.794410,13078.233168,219.592166,15212.976881,-16.284175,-9405.354551,449.387765,7.926935,False,False,True,False,False,False,False,2-circle,-1.000000,-117.225677,26.582315,-62.622677,4.925880,97.886569,99.492914,0.507086,2.113431,2,0,3,0.0000,0.0000,0.0000,0.5000,"LeadPursuit",-0.883077
727,B0100,defensive,HABFM,8765.120058,3.875716,110.317243,112.822862,-2.794410,13078.233168,219.592166,15212.976881,-16.284175,-9405.354551,449.387765,7.926935,False,False,True,False,False,False,False,2-circle,-1.000000,-117.225677,26.582315,-62.622677,4.925880,99.492914,97.886569,2.113431,0.507086,2,4,3,0.0000,0.0000,0.0000,0.5000,"Pursue",0.882040
728,A0100,adaptive_eagle_v11,HABFM,8611.045023,3.750785,112.098217,114.315614,-2.512900,13075.197840,219.668316,15211.422385,-7.772480,-9406.519340,464.772675,5.607014,False,False,True,False,False,False,False,2-circle,-1.000000,-130.440736,35.294668,-53.799813,5.976781,97.886569,99.492914,0.507086,2.113431,2,0,3,0.0000,0.0000,0.0000,0.5000,"LeadPursuit",-1.246866
728,B0100,defensive,HABFM,8611.045023,3.750785,112.098217,114.315614,-2.512900,13075.197840,219.668316,15211.422385,-7.772480,-9406.519340,464.772675,5.607014,False,False,True,False,False,False,False,2-circle,-1.000000,-130.440736,35.294668,-53.799813,5.976781,99.492914,97.886569,2.113431,0.507086,2,4,3,0.0000,0.0000,0.0000,0.5000,"Pursue",1.258782
729,A0100,adaptive_eagle_v11,HABFM,8451.923131,3.464290,113.812539,115.819532,-2.258720,13072.370498,219.564197,15206.570444,-24.259705,-9408.362165,479.189237,4.102437,False,False,True,False,False,False,False,2-circle,-1.000000,-142.964888,44.006440,-44.976286,7.322996,97.886569,99.492914,0.507086,2.113431,2,0,3,0.0000,0.0000,0.0000,0.5000,"LeadPursuit",-0.290209
729,B0100,defensive,HABFM,8451.923131,3.464290,113.812539,115.819532,-2.258720,13072.370498,219.564197,15206.570444,-24.259705,-9408.362165,479.189237,4.102437,False,False,True,False,False,False,False,2-circle,-1.000000,-142.964888,44.006440,-44.976286,7.322996,99.492914,97.886569,2.113431,0.507086,2,4,3,0.0000,0.0000,0.0000,0.5000,"Pursue",0.064952
730,A0100,adaptive_eagle_v11,HABFM,8287.870890,3.288987,115.750032,117.800676,-2.235470,13070.027420,219.431304,15201.644679,-24.628825,-9370.761768,494.830451,3.164450,False,False,True,False,False,False,False,2-circle,-1.000000,-153.736377,51.272482,-37.604678,8.558527,97.886569,99.492914,0.507086,2.113431,2,0,3,0.0000,0.0000,0.0000,0.5000,"LeadPursuit",1.358923
730,B0100,defensive,HABFM,8287.870890,3.288987,115.750032,117.800676,-2.235470,13070.027420,219.431304,15201.644679,-24.628825,-9370.761768,494.830451,3.164450,False,False,True,False,False,False,False,2-circle,-1.000000,-153.736377,51.272482,-37.604678,8.558527,99.492914,97.886569,2.113431,0.507086,2,4,3,0.0000,0.0000,0.0000,0.5000,"Pursue",-1.929910
731,A0100,adaptive_eagle_v11,HABFM,8117.679177,3.441120,118.420925,120.810097,-2.530767,13068.061366,219.525785,15201.514639,-0.650197,-9248.803296,515.505928,2.515566,False,False,True,False,False,False,False,2-circle,-1.000000,-161.905117,57.295371,-31.488941,8.186326,97.886569,99.492914,0.507086,2.113431,2,0,3,0.0000,0.0000,0.0000,0.5000,"LeadPursuit",2.288377
731,B0100,defensive,HABFM,8117.679177,3.441120,118.420925,120.810097,-2.530767,13068.061366,219.525785,15201.514639,-0.650197,-9248.803296,515.505928,2.515566,False,False,True,False,False,False,False,2-circle,-1.000000,-161.905117,57.295371,-31.488941,8.186326,99.492914,97.886569,2.113431,0.507086,2,4,2,0.0000,0.0000,0.0000,0.5000,"Pursue",-3.154791
732,A0100,adaptive_eagle_v11,HABFM,7940.379110,3.999708,120.907749,123.876464,-3.128026,13066.169002,220.112842,15211.048113,47.667368,-9151.782523,534.869163,1.979378,False,False,True,False,False,False,False,2-circle,-1.000000,-168.954870,62.902311,-25.791181,6.486273,97.886569,99.492914,0.507086,2.113431,2,0,3,0.0000,0.0000,0.0000,0.5000,"LeadPursuit",2.344019
732,B0100,defensive,HABFM,7940.379110,3.999708,120.907749,123.876464,-3.128026,13066.169002,220.112842,15211.048113,47.667368,-9151.782523,534.869163,1.979378,False,False,True,False,False,False,False,2-circle,-1.000000,-168.954870,62.902311,-25.791181,6.486273,99.492914,97.886569,2.113431,0.507086,2,2,3,0.0000,0.0000,0.0000,0.5000,"Pursue",-3.360258
733,A0100,adaptive_eagle_v11,HABFM,7757.466347,4.755164,122.670589,126.392123,-3.907431,13064.027261,220.848507,15223.267646,61.097664,-9126.062415,549.011297,1.701193,False,False,True,False,False,False,False,2-circle,-1.000000,-176.087341,65.975364,-22.619899,4.354062,97.886569,99.492914,0.507086,2.113431,2,0,3,0.0000,0.0000,0.0000,0.5000,"LeadPursuit",1.610504
733,B0100,defensive,HABFM,7757.466347,4.755164,122.670589,126.392123,-3.907431,13064.027261,220.848507,15223.267646,61.097664,-9126.062415,549.011297,1.701193,False,False,True,False,False,False,False,2-circle,-1.000000,-176.087341,65.975364,-22.619899,4.354062,99.492914,97.886569,2.113431,0.507086,2,2,3,0.0000,0.0000,0.0000,0.5000,"Pursue",-2.444892
734,A0100,adaptive_eagle_v11,HABFM,7570.303959,5.198686,124.203613,128.566564,-4.527923,13061.925817,221.117401,15226.427364,15.798591,-9132.764202,560.908674,1.974075,False,False,True,False,False,False,False,2-circle,-1.000000,-183.173661,62.659847,-25.830101,4.062351,97.886569,99.492914,0.507086,2.113431,2,0,3,0.0000,0.0000,0.0000,0.5000,"LeadPursuit",0.979596
734,B0100,defensive,HABFM,7570.303959,5.198686,124.203613,128.566564,-4.527923,13061.925817,221.117401,15226.427364,15.798591,-9132.764202,560.908674,1.974075,False,False,True,False,False,False,False,2-circle,-1.000000,-183.173661,62.659847,-25.830101,4.062351,99.492914,97.886569,2.113431,0.507086,2,2,3,0.0000,0.0000,0.0000,0.5000,"Pursue",-1.604597
735,A0100,adaptive_eagle_v11,HABFM,7378.852135,5.145954,126.169811,130.860761,-4.783069,13060.605814,221.082153,15224.417344,-10.050098,-9096.758194,575.001378,2.706267,False,False,True,False,False,False,False,2-circle,-1.000000,-189.921767,54.815239,-33.563956,6.125716,97.886569,99.492914,0.507086,2.113431,2,0,3,0.0000,0.0000,0.0000,0.5000,"LeadPursuit",0.645407
735,B0100,defensive,HABFM,7378.852135,5.145954,126.169811,130.860761,-4.783069,13060.605814,221.082153,15224.417344,-10.050098,-9096.758194,575.001378,2.706267,False,False,True,False,False,False,False,2-circle,-1.000000,-189.921767,54.815239,-33.563956,6.125716,99.492914,97.886569,2.113431,0.507086,2,2,3,0.0000,0.0000,0.0000,0.5000,"Pursue",-1.162473
736,A0100,adaptive_eagle_v11,HABFM,7181.986566,4.715502,128.855609,133.416143,-4.601353,13060.699314,220.731619,15217.654668,-33.813380,-9005.263753,592.708776,3.908719,False,False,True,False,False,False,False,2-circle,-1.000000,-196.813929,44.522629,-43.735358,8.610938,97.886569,99.492914,0.507086,2.113431,2,0,3,0.0000,0.0000,0.0000,0.5000,"LeadPursuit",0.338729
736,B0100,defensive,HABFM,7181.986566,4.715502,128.855609,133.416143,-4.601353,13060.699314,220.731619,15217.654668,-33.813380,-9005.263753,592.708776,3.908719,False,False,True,False,False,False,False,2-circle,-1.000000,-196.813929,44.522629,-43.735358,8.610938,99.492914,97.886569,2.113431,0.507086,2,2,3,0.0000,0.0000,0.0000,0.5000,"Pursue",-0.649453
737,A0100,adaptive_eagle_v11,HABFM,6979.583523,4.078268,131.052293,135.098582,-4.067002,13062.223135,220.232619,15209.437216,-41.087263,-8972.256908,606.828334,5.694304,False,False,True,False,False,False,False,2-circle,-1.000000,-206.215944,33.819522,-54.283873,10.495877,97.886569,99.492914,0.507086,2.113431,2,0,3,0.0000,0.0000,0.0000,0.5000,"LeadPursuit",0.080559
737,B0100,defensive,HABFM,6979.583523,4.078268,131.052293,135.098582,-4.067002,13062.223135,220.232619,15209.437216,-41.087263,-8972.256908,606.828334,5.694304,False,False,True,False,False,False,False,2-circle,-1.000000,-206.215944,33.819522,-54.283873,10.495877,99.492914,97.886569,2.113431,0.507086,2,2,3,0.0000,0.0000,0.0000,0.5000,"Pursue",-0.210527
738,A0100,adaptive_eagle_v11,HABFM,6773.296019,3.263326,132.590328,135.852882,-3.262943,13064.881060,219.633497,15200.428443,-45.043861,-9016.382567,616.962068,8.299494,False,False,True,False,False,False,False,2-circle,-1.000000,-219.187742,24.218979,-63.682461,11.548069,97.886569,99.492914,0.507086,2.113431,2,0,3,0.0000,0.0000,0.0000,0.5000,"LeadPursuit",0.004855
738,B0100,defensive,HABFM,6773.296019,3.263326,132.590328,135.852882,-3.262943,13064.881060,219.633497,15200.428443,-45.043861,-9016.382567,616.962068,8.299494,False,False,True,False,False,False,False,2-circle,-1.000000,-219.187742,24.218979,-63.682461,11.548069,99.492914,97.886569,2.113431,0.507086,2,2,3,0.0000,0.0000,0.0000,0.5000,"Pursue",-0.093612
739,A0100,adaptive_eagle_v11,HABFM,6563.804483,2.296822,134.184452,136.478965,-2.283867,13068.264820,218.907335,15189.714270,-53.570866,-9068.272105,627.069412,12.149566,False,False,True,False,False,False,False,2-circle,-1.000000,-234.896470,16.379086,-71.275403,11.824468,97.886569,99.492914,0.507086,2.113431,2,0,3,0.0000,0.0000,0.0000,0.5000,"LeadPursuit",0.057294
739,B0100,defensive,HABFM,6563.804483,2.296822,134.184452,136.478965,-2.283867,13068.264820,218.907335,15189.714270,-53.570866,-9068.272105,627.069412,12.149566,False,False,True,False,False,False,False,2-circle,-1.000000,-234.896470,16.379086,-71.275403,11.824468,99.492914,97.886569,2.113431,0.507086,2,2,3,0.0000,0.0000,0.0000,0.5000,"Pursue",-0.172615
740,A0100,adaptive_eagle_v11,HABFM,6350.836735,1.187403,135.992175,137.179099,-1.182329,13071.959686,218.169090,15179.124460,-52.949048,-9102.912504,637.885613,18.240329,False,False,True,False,False,False,False,2-circle,-1.000000,-252.188929,10.131559,-77.237053,11.484770,97.886569,99.492914,0.507086,2.113431,2,0,3,0.0000,0.0000,0.0000,0.5000,"LeadPursuit",0.264513
740,B0100,defensive,HABFM,6350.836735,1.187403,135.992175,137.179099,-1.182329,13071.959686,218.169090,15179.124460,-52.949048,-9102.912504,637.885613,18.240329,False,False,True,False,False,False,False,2-circle,-1.000000,-252.188929,10.131559,-77.237053,11.484770,99.492914,97.886569,2.113431,0.507086,2,2,3,0.0000,0.0000,0.0000,0.5000,"Pursue",-0.466947
741,A0100,adaptive_eagle_v11,HABFM,6134.267004,0.239028,137.869354,137.848594,0.004145,13075.615442,217.438056,15168.682637,-52.209115,-9128.787116,648.515429,29.019490,False,False,True,False,False,False,False,2-circle,1.000000,-269.698432,5.182578,-81.870869,10.635712,97.886569,99.492914,0.507086,2.113431,2,0,3,0.0000,0.0000,0.0000,0.5000,"LeadPursuit",0.643042
741,B0100,defensive,HABFM,6134.267004,0.239028,137.869354,137.848594,0.004145,13075.615442,217.438056,15168.682637,-52.209115,-9128.787116,648.515429,29.019490,False,False,True,False,False,False,False,2-circle,1.000000,-269.698432,5.182578,-81.870869,10.635712,99.492914,97.886569,2.113431,0.507086,2,2,3,0.0000,0.0000,0.0000,0.5000,"Pursue",-1.015647
742,A0100,adaptive_eagle_v11,HABFM,5914.023955,1.484389,140.090845,138.786894,1.261329,13078.939964,216.720502,15158.215549,-52.335442,-9115.829224,659.982017,52.684996,False,False,True,False,False,False,False,2-circle,1.000000,-285.933713,1.235115,-85.486988,9.311750,97.886569,99.492914,0.507086,2.113431,2,1,3,0.0000,0.0000,0.0000,0.5000,"LeadPursuit",1.028278
742,B0100,defensive,HABFM,5914.023955,1.484389,140.090845,138.786894,1.261329,13078.939964,216.720502,15158.215549,-52.335442,-9115.829224,659.982017,52.684996,False,False,True,False,False,False,False,2-circle,1.000000,-285.933713,1.235115,-85.486988,9.311750,99.492914,97.886569,2.113431,0.507086,2,2,3,0.0000,0.0000,0.0000,0.5000,"Pursue",-1.556521
743,A0100,adaptive_eagle_v11,HABFM,5689.784015,2.990001,142.283083,139.622877,2.587370,13081.667053,216.024938,15147.617204,-52.991724,-9107.437900,670.598667,172.879252,False,False,True,False,False,False,False,2-circle,1.000000,-300.269270,-2.237499,-88.617764,7.630587,97.886569,99.492914,0.507086,2.113431,2,1,3,0.0000,0.0000,0.0000,0.5000,"LeadPursuit",1.091515
743,B0100,defensive,HABFM,5689.784015,2.990001,142.283083,139.622877,2.587370,13081.667053,216.024938,15147.617204,-52.991724,-9107.437900,670.598667,172.879252,False,False,True,False,False,False,False,2-circle,1.000000,-300.269270,-2.237499,-88.617764,7.630587,99.492914,97.886569,2.113431,0.507086,2,2,3,0.0000,0.0000,0.0000,0.5000,"Pursue",-1.626746
744,A0100,adaptive_eagle_v11,HABFM,5462.335296,4.458384,144.051052,140.186324,3.767337,13083.528007,215.525415,15139.934835,-38.411846,-9129.609055,679.075052,154.477385,False,False,True,False,False,False,False,2-circle,1.000000,-312.640483,-2.422006,-88.449699,5.918874,97.886569,99.492914,0.507086,2.113431,2,1,3,0.0000,0.0000,0.0000,0.5000,"LeadPursuit",1.179848
744,B0100,defensive,HABFM,5462.335296,4.458384,144.051052,140.186324,3.767337,13083.528007,215.525415,15139.934835,-38.411846,-9129.609055,679.075052,154.477385,False,False,True,False,False,False,False,2-circle,1.000000,-312.640483,-2.422006,-88.449699,5.918874,99.492914,97.886569,2.113431,0.507086,2,2,3,0.0000,0.0000,0.0000,0.5000,"Pursue",-1.725879
745,A0100,adaptive_eagle_v11,HABFM,5231.780430,5.655097,146.135219,141.427882,4.641260,13084.420408,215.325776,15137.019342,-14.577467,-9096.035245,688.246738,33.013450,False,False,True,False,False,False,False,2-circle,1.000000,-321.967405,2.901597,-82.776021,4.666488,97.886569,99.492914,0.507086,2.113431,2,1,3,0.0000,0.0000,0.0000,0.5000,"LeadPursuit",1.870102
745,B0100,defensive,HABFM,5231.780430,5.655097,146.135219,141.427882,4.641260,13084.420408,215.325776,15137.019342,-14.577467,-9096.035245,688.246738,33.013450,False,False,True,False,False,False,False,2-circle,1.000000,-321.967405,2.901597,-82.776021,4.666488,99.492914,97.886569,2.113431,0.507086,2,2,3,0.0000,0.0000,0.0000,0.5000,"Pursue",-2.670442
746,A0100,adaptive_eagle_v11,HABFM,4997.576500,6.856501,149.020574,143.379890,5.637749,13084.494977,215.044336,15131.731750,-26.437955,-8992.742167,699.050531,19.831851,False,False,True,False,False,False,False,2-circle,1.000000,-327.816134,7.267883,-78.070219,4.031737,97.886569,99.492914,0.507086,2.113431,2,1,3,0.0000,0.0000,0.0000,0.5000,"LeadPursuit",2.547855
746,B0100,defensive,HABFM,4997.576500,6.856501,149.020574,143.379890,5.637749,13084.494977,215.044336,15131.731750,-26.437955,-8992.742167,699.050531,19.831851,False,False,True,False,False,False,False,2-circle,1.000000,-327.816134,7.267883,-78.070219,4.031737,99.492914,97.886569,2.113431,0.507086,2,2,3,0.0000,0.0000,0.0000,0.5000,"Pursue",-3.607602
747,A0100,adaptive_eagle_v11,HABFM,4759.774338,8.388201,151.772012,144.624509,7.122909,13084.025455,214.392743,15118.874609,-64.285706,-8935.480183,707.985401,20.873685,False,False,True,True,False,False,False,2-circle,1.000000,-332.422900,6.363623,-78.616645,3.801072,97.886569,99.492914,0.507086,2.113431,3,1,3,0.0000,0.0000,0.0000,0.5000,"LeadPursuit",2.467691
747,B0100,defensive,HABFM,4759.774338,8.388201,151.772012,144.624509,7.122909,13084.025455,214.392743,15118.874609,-64.285706,-8935.480183,707.985401,20.873685,False,False,True,True,False,False,False,2-circle,1.000000,-332.422900,6.363623,-78.616645,3.801072,99.492914,97.886569,2.113431,0.507086,2,2,3,0.0000,0.0000,0.0000,0.5000,"Pursue",-3.430268
748,A0100,adaptive_eagle_v11,HABFM,4519.436893,10.170967,153.863388,144.954149,8.844833,13083.120724,213.624951,15103.421409,-77.266001,-8955.923008,714.194840,32.042585,False,False,True,True,False,False,False,2-circle,1.000000,-337.456764,2.074057,-82.501742,3.630790,97.886569,99.492914,0.507086,2.113431,3,2,3,0.0000,0.0000,0.0000,0.5000,"LeadPursuit",2.277048
748,B0100,defensive,HABFM,4519.436893,10.170967,153.863388,144.954149,8.844833,13083.120724,213.624951,15103.421409,-77.266001,-8955.923008,714.194840,32.042585,False,False,True,True,False,False,False,2-circle,1.000000,-337.456764,2.074057,-82.501742,3.630790,99.492914,97.886569,2.113431,0.507086,2,2,3,0.0000,0.0000,0.0000,0.5000,"Pursue",-3.019252
749,A0100,adaptive_eagle_v11,HABFM,4277.137452,12.076210,155.815092,145.152095,10.585042,13081.609324,212.956400,15089.284504,-70.684527,-8990.047964,719.373704,107.134224,False,False,True,True,False,False,False,2-circle,1.000000,-342.366635,-3.612425,-87.738617,3.257194,97.886569,99.492914,0.507086,2.113431,3,2,3,0.0000,0.0000,0.0000,0.5000,"LeadPursuit",2.174911
749,B0100,defensive,HABFM,4277.137452,12.076210,155.815092,145.152095,10.585042,13081.609324,212.956400,15089.284504,-70.684527,-8990.047964,719.373704,107.134224,False,False,True,True,False,False,False,2-circle,1.000000,-342.366635,-3.612425,-87.738617,3.257194,99.492914,97.886569,2.113431,0.507086,2,2,3,0.0000,0.0000,0.0000,0.5000,"Pursue",-2.675379
750,A0100,adaptive_eagle_v11,HABFM,4032.958882,13.934139,157.918603,145.744870,12.158779,13079.203562,212.560299,15079.417095,-49.337041,-8991.495781,724.135793,242.826548,False,False,True,True,False,False,False,2-circle,1.000000,-345.902325,-5.956219,-89.603700,2.680181,97.886569,99.492914,0.507086,2.113431,3,2,3,0.0000,0.0000,0.0000,0.5000,"LeadPursuit",2.099447
750,B0100,defensive,HABFM,4032.958882,13.934139,157.918603,145.744870,12.158779,13079.203562,212.560299,15079.417095,-49.337041,-8991.495781,724.135793,242.826548,False,False,True,True,False,False,False,2-circle,1.000000,-345.902325,-5.956219,-89.603700,2.680181,99.492914,97.886569,2.113431,0.507086,2,2,3,0.0000,0.0000,0.0000,0.5000,"Pursue",-2.372539
751,A0100,adaptive_eagle_v11,HABFM,3786.929347,15.521888,159.938920,146.715446,13.442614,13075.794024,212.516696,15075.187032,-21.150317,-8969.535122,728.236815,43.409707,False,False,True,True,False,False,False,2-circle,1.000000,-346.806609,-1.261368,-84.421870,2.109427,97.886569,99.492914,0.507086,2.113431,1,3,1,0.0000,0.0000,0.0000,0.5000,"PNLeadPursuit",2.557001
751,B0100,defensive,HABFM,3786.929347,15.521888,159.938920,146.715446,13.442614,13075.794024,212.516696,15075.187032,-21.150317,-8969.535122,728.236815,43.409707,False,False,True,True,False,False,False,2-circle,1.000000,-346.806609,-1.261368,-84.421870,2.109427,99.492914,97.886569,2.113431,0.507086,2,2,3,0.0000,0.0000,0.0000,0.5000,"Pursue",-2.636587
752,A0100,adaptive_eagle_v11,HABFM,3539.226477,17.005401,162.027727,148.114395,14.696336,13071.529765,212.572069,15071.964824,-16.111037,-8900.802205,731.123541,17.585603,False,False,True,True,False,False,False,2-circle,1.000000,-343.922019,6.243045,-76.447984,1.773525,97.886569,99.492914,0.507086,2.113431,1,3,1,0.0000,0.0000,0.0000,0.5000,"PNLeadPursuit",3.918253
752,B0100,defensive,HABFM,3539.226477,17.005401,162.027727,148.114395,14.696336,13071.529765,212.572069,15071.964824,-16.111037,-8900.802205,731.123541,17.585603,False,False,True,True,False,False,False,2-circle,1.000000,-343.922019,6.243045,-76.447984,1.773525,99.492914,97.886569,2.113431,0.507086,2,2,3,0.0000,0.0000,0.0000,0.5000,"Pursue",-3.654987
753,A0100,adaptive_eagle_v11,HABFM,3290.507097,18.676798,164.721500,150.038760,16.330667,13066.723770,212.381159,15063.567273,-41.987755,-8678.831054,730.702189,12.093060,False,False,True,True,False,False,False,2-circle,1.000000,-336.902240,11.593975,-70.666440,1.785135,97.886569,99.492914,0.507086,2.113431,1,3,1,0.0000,0.0000,0.0000,0.5000,"PNLeadPursuit",4.838494
753,B0100,defensive,HABFM,3290.507097,18.676798,164.721500,150.038760,16.330667,13066.723770,212.381159,15063.567273,-41.987755,-8678.831054,730.702189,12.093060,False,False,True,True,False,False,False,2-circle,1.000000,-336.902240,11.593975,-70.666440,1.785135,99.492914,97.886569,2.113431,0.507086,2,2,3,0.0000,0.0000,0.0000,0.5000,"Pursue",-4.158022
754,A0100,adaptive_eagle_v11,HABFM,3041.904019,20.771251,167.747680,151.478890,18.540050,13061.773525,211.847123,15048.587462,-74.899054,-8475.855153,728.656328,12.165648,False,False,True,False,False,False,False,2-circle,1.000000,-328.225561,11.102428,-70.727731,2.008984,97.886569,99.416839,0.583161,2.113431,1,3,1,0.0000,0.0000,0.0000,0.5000,"PNLeadPursuit",3.613865
754,B0100,defensive,HABFM,3041.904019,20.771251,167.747680,151.478890,18.540050,13061.773525,211.847123,15048.587462,-74.899054,-8475.855153,728.656328,12.165648,False,False,True,False,False,False,False,2-circle,1.000000,-328.225561,11.102428,-70.727731,2.008984,99.416839,97.886569,2.113431,0.583161,2,2,3,0.0000,0.0000,0.0000,0.5000,"Pursue",-3.070243
755,A0100,adaptive_eagle_v11,DBFM,2794.287896,23.289932,170.854907,151.975406,21.141798,13056.858769,211.214417,15031.822741,-83.823607,-8324.053388,725.094995,15.560362,False,True,True,False,False,False,False,2-circle,1.000000,-321.857535,6.634015,-74.666502,2.234764,97.886569,99.290177,0.709823,2.113431,2,8,3,0.0000,0.0000,0.0000,0.5000,"SmartGunAttack",0.369870
755,B0100,defensive,DBFM,2794.287896,23.289932,170.854907,151.975406,21.141798,13056.858769,211.214417,15031.822741,-83.823607,-8324.053388,725.094995,15.560362,False,True,True,False,False,False,False,2-circle,1.000000,-321.857535,6.634015,-74.666502,2.234764,99.290177,97.886569,2.113431,0.709823,2,2,3,0.0000,0.0000,0.0000,0.5000,"Pursue",-0.684649
756,A0100,adaptive_eagle_v11,DBFM,2548.096101,26.196653,173.528375,151.301581,23.990572,13051.813496,210.668671,15016.584634,-76.190535,-8333.233475,722.100128,24.829190,False,True,True,False,False,False,False,2-circle,1.000000,-320.402914,0.345362,-80.224457,2.243788,97.886569,99.290177,0.709823,2.113431,2,8,3,0.0000,0.0000,0.0000,0.5000,"SmartGunAttack",-1.033095
756,B0100,defensive,DBFM,2548.096101,26.196653,173.528375,151.301581,23.990572,13051.813496,210.668671,15016.584634,-76.190535,-8333.233475,722.100128,24.829190,False,True,True,False,False,False,False,2-circle,1.000000,-320.402914,0.345362,-80.224457,2.243788,99.290177,97.886569,2.113431,0.709823,2,2,3,0.0000,0.0000,0.0000,0.5000,"Pursue",0.465430
757,A0100,adaptive_eagle_v11,DBFM,2303.290178,29.352418,175.428931,150.140109,26.911881,13046.323793,210.381868,15005.748910,-54.178620,-8414.059619,718.382543,32.483412,False,False,True,False,False,False,False,2-circle,1.000000,-323.784457,-2.904880,-82.487145,2.034297,97.886569,99.290177,0.709823,2.113431,2,8,3,0.0000,0.0000,0.0000,0.5000,"SmartGunAttack",-1.176338
757,B0100,defensive,DBFM,2303.290178,29.352418,175.428931,150.140109,26.911881,13046.323793,210.381868,15005.748910,-54.178620,-8414.059619,718.382543,32.483412,False,False,True,False,False,False,False,2-circle,1.000000,-323.784457,-2.904880,-82.487145,2.034297,99.290177,97.886569,2.113431,0.709823,2,2,3,0.0000,0.0000,0.0000,0.5000,"Pursue",0.765183
758,A0100,adaptive_eagle_v11,DBFM,2059.879756,32.591645,175.979861,149.116164,29.803093,13040.202217,210.437348,15000.660926,-25.439921,-8530.163848,713.843087,19.494334,False,False,True,False,False,False,False,2-circle,1.000000,-330.874599,0.695006,-77.608081,1.805406,97.886569,99.290177,0.709823,2.113431,2,8,3,0.0000,0.0000,0.0000,0.5000,"SmartGunAttack",-1.056873
758,B0100,defensive,DBFM,2059.879756,32.591645,175.979861,149.116164,29.803093,13040.202217,210.437348,15000.660926,-25.439921,-8530.163848,713.843087,19.494334,False,False,True,False,False,False,False,2-circle,1.000000,-330.874599,0.695006,-77.608081,1.805406,99.290177,97.886569,2.113431,0.709823,2,2,3,0.0000,0.0000,0.0000,0.5000,"Pursue",0.884773
759,A0100,adaptive_eagle_v11,DBFM,1818.277637,36.360219,174.472787,148.259138,33.208524,13033.570447,210.421464,14993.733213,-34.638564,-8654.978864,705.771811,13.190193,False,False,True,False,False,False,False,2-circle,1.000000,-340.825792,4.675971,-72.006978,1.671726,97.886569,99.290177,0.709823,2.113431,2,8,3,0.0000,0.0000,0.0000,0.5000,"SmartGunAttack",-0.664869
759,B0100,defensive,DBFM,1818.277637,36.360219,174.472787,148.259138,33.208524,13033.570447,210.421464,14993.733213,-34.638564,-8654.978864,705.771811,13.190193,False,False,True,False,False,False,False,2-circle,1.000000,-340.825792,4.675971,-72.006978,1.671726,99.290177,97.886569,2.113431,0.709823,2,2,3,0.0000,0.0000,0.0000,0.5000,"Pursue",0.869252
760,A0100,adaptive_eagle_v11,DBFM,1579.913478,41.188354,171.117821,147.145653,37.695182,13026.763958,210.036539,14979.761813,-69.857000,-8810.764068,691.196431,12.296943,False,False,True,False,False,False,False,2-circle,1.000000,-353.121303,3.896592,-70.758826,1.671123,97.886569,99.290177,0.709823,2.113431,2,8,3,0.0000,0.0000,0.0000,0.5000,"SmartGunAttack",-0.348614
760,B0100,defensive,DBFM,1579.913478,41.188354,171.117821,147.145653,37.695182,13026.763958,210.036539,14979.761813,-69.857000,-8810.764068,691.196431,12.296943,False,False,True,False,False,False,False,2-circle,1.000000,-353.121303,3.896592,-70.758826,1.671123,99.290177,97.886569,2.113431,0.709823,2,2,3,0.0000,0.0000,0.0000,0.5000,"Pursue",1.010844
761,A0100,adaptive_eagle_v11,DBFM,1346.892377,47.279128,166.340544,145.814222,43.376363,13020.003438,209.520335,14963.413368,-81.742227,-8987.664146,666.875157,14.016728,False,False,True,False,False,False,False,2-circle,1.000000,-366.891908,-0.786044,-72.933929,1.731792,97.886569,99.290177,0.709823,2.113431,1,4,1,0.0000,0.0000,0.0000,0.5000,"PNLeadPursuit",-0.057296
761,B0100,defensive,DBFM,1346.892377,47.279128,166.340544,145.814222,43.376363,13020.003438,209.520335,14963.413368,-81.742227,-8987.664146,666.875157,14.016728,False,False,True,False,False,False,False,2-circle,1.000000,-366.891908,-0.786044,-72.933929,1.731792,99.290177,97.886569,2.113431,0.709823,2,2,3,0.0000,0.0000,0.0000,0.5000,"Pursue",1.312792
762,A0100,adaptive_eagle_v11,DBFM,1122.483503,55.056661,159.910759,144.267159,50.633299,13013.208051,209.072244,14948.314316,-75.495259,-9170.635359,626.400875,18.659787,False,False,True,False,False,False,False,2-circle,1.000000,-381.205042,-7.924184,-76.986563,1.696853,97.886569,99.290177,0.709823,2.113431,1,5,1,0.0000,0.0000,0.0000,0.5000,"PNLeadPursuit",0.308763
762,B0100,defensive,DBFM,1122.483503,55.056661,159.910759,144.267159,50.633299,13013.208051,209.072244,14948.314316,-75.495259,-9170.635359,626.400875,18.659787,False,False,True,False,False,False,False,2-circle,1.000000,-381.205042,-7.924184,-76.986563,1.696853,99.290177,97.886569,2.113431,0.709823,2,2,3,0.0000,0.0000,0.0000,0.5000,"Pursue",1.787137
763,A0100,adaptive_eagle_v11,DBFM,912.728888,65.191739,151.358937,142.399366,60.258868,13006.137048,208.858510,14937.288836,-55.127399,-9343.415929,558.890633,20.902019,False,False,True,False,False,False,False,2-circle,1.000000,-395.472523,-13.088664,-78.329503,1.567547,97.886569,99.290177,0.709823,2.113431,1,5,1,0.0000,0.0000,0.0000,0.5000,"PNLeadPursuit",0.882633
763,B0100,defensive,DBFM,912.728888,65.191739,151.358937,142.399366,60.258868,13006.137048,208.858510,14937.288836,-55.127399,-9343.415929,558.890633,20.902019,False,False,True,False,False,False,False,2-circle,1.000000,-395.472523,-13.088664,-78.329503,1.567547,99.290177,97.886569,2.113431,0.709823,2,2,3,0.0000,0.0000,0.0000,0.5000,"Pursue",2.460989
764,A0100,adaptive_eagle_v11,DBFM,729.364484,78.516048,139.921866,140.263098,73.703801,12998.620516,208.970126,14931.836908,-27.259638,-9423.442756,446.234249,14.323642,False,False,True,False,False,False,False,2-circle,1.000000,-410.711597,-12.885282,-73.232861,1.504277,97.886569,99.290177,0.709823,2.113431,1,6,1,0.0000,0.0000,0.0000,0.5000,"PNLeadPursuit",1.865459
764,B0100,defensive,DBFM,729.364484,78.516048,139.921866,140.263098,73.703801,12998.620516,208.970126,14931.836908,-27.259638,-9423.442756,446.234249,14.323642,False,False,True,False,False,False,False,2-circle,1.000000,-410.711597,-12.885282,-73.232861,1.504277,99.290177,97.886569,2.113431,0.709823,2,2,3,0.0000,0.0000,0.0000,0.5000,"Pursue",3.190991
765,A0100,adaptive_eagle_v11,DBFM,596.286114,95.973535,124.396214,138.038605,93.553340,12990.770788,209.006568,14924.661497,-35.877058,-9480.150241,266.384903,10.568716,False,False,False,False,False,False,False,2-circle,1.000000,-429.099318,-13.905364,-67.789018,1.567750,97.886569,99.290177,0.709823,2.113431,1,6,1,0.0000,0.0000,0.0000,0.5000,"PNLeadPursuit",-1.180999
765,B0100,defensive,DBFM,596.286114,95.973535,124.396214,138.038605,93.553340,12990.770788,209.006568,14924.661497,-35.877058,-9480.150241,266.384903,10.568716,False,False,False,False,False,False,False,2-circle,1.000000,-429.099318,-13.905364,-67.789018,1.567750,99.290177,97.886569,2.113431,0.709823,2,2,3,0.0000,0.0000,0.0000,0.5000,"Pursue",3.706037
766,A0100,adaptive_eagle_v11,DBFM,550.676280,116.148902,105.772054,135.864365,119.889293,12982.952474,208.670158,14910.622731,-70.193830,-9562.113634,29.784779,10.095622,False,False,False,False,False,False,False,2-circle,1.000000,-452.518351,-21.430469,-66.820330,1.749610,97.886569,99.290177,0.709823,2.113431,1,7,1,0.0000,0.0000,0.0000,0.5000,"PNLeadPursuit",-0.754469
766,B0100,defensive,DBFM,550.676280,116.148902,105.772054,135.864365,119.889293,12982.952474,208.670158,14910.622731,-70.193830,-9562.113634,29.784779,10.095622,False,False,False,False,False,False,False,2-circle,1.000000,-452.518351,-21.430469,-66.820330,1.749610,99.290177,97.886569,2.113431,0.709823,1,8,2,0.0000,0.0000,0.0000,0.5000,"LeadPursuit",-0.169966
767,A0100,adaptive_eagle_v11,HABFM,611.663005,134.311002,88.116415,134.086931,145.348739,12975.358365,208.354713,14897.204944,-67.088932,-9652.701032,-193.320253,9.786037,False,False,False,False,False,False,False,2-circle,1.000000,-481.416379,-31.321843,-66.133641,2.143169,97.886569,99.290177,0.709823,2.113431,1,8,3,0.0000,0.0000,0.0000,0.5000,"PNLeadPursuit",-0.396276
767,B0100,defensive,HABFM,611.663005,134.311002,88.116415,134.086931,145.348739,12975.358365,208.354713,14897.204944,-67.088932,-9652.701032,-193.320253,9.786037,False,False,False,False,False,False,False,2-circle,1.000000,-481.416379,-31.321843,-66.133641,2.143169,99.290177,97.886569,2.113431,0.709823,1,8,2,0.0000,0.0000,0.0000,0.5000,"LeadPursuit",-0.261101
768,A0100,adaptive_eagle_v11,HABFM,751.724812,147.002173,74.765122,132.133843,163.736981,12967.877203,210.061511,14921.339484,120.672701,-9711.776235,-350.404866,7.610873,False,False,False,False,False,False,False,2-circle,1.000000,-513.582899,-37.848490,-60.559942,2.647403,97.886569,99.290177,0.709823,2.113431,1,8,3,0.0000,0.0000,0.0000,0.5000,"PNLeadPursuit",-0.189087
768,B0100,defensive,HABFM,751.724812,147.002173,74.765122,132.133843,163.736981,12967.877203,210.061511,14921.339484,120.672701,-9711.776235,-350.404866,7.610873,False,False,False,False,False,False,False,2-circle,1.000000,-513.582899,-37.848490,-60.559942,2.647403,99.290177,97.886569,2.113431,0.709823,1,8,2,0.0000,0.0000,0.0000,0.5000,"LeadPursuit",-0.128758
769,A0100,adaptive_eagle_v11,HABFM,932.145759,154.388339,66.262147,129.188798,175.679098,12960.348976,212.313544,14955.921242,172.908787,-9666.374456,-441.633702,5.366018,False,False,False,False,False,False,False,2-circle,1.000000,-545.936183,-41.762296,-51.612737,2.338436,97.886569,99.290177,0.709823,2.113431,1,8,3,0.0000,0.0000,0.0000,0.5000,"PNLeadPursuit",-0.097132
769,B0100,defensive,HABFM,932.145759,154.388339,66.262147,129.188798,175.679098,12960.348976,212.313544,14955.921242,172.908787,-9666.374456,-441.633702,5.366018,False,False,False,False,False,False,False,2-circle,1.000000,-545.936183,-41.762296,-51.612737,2.338436,99.290177,97.886569,2.113431,0.709823,1,8,2,0.0000,0.0000,0.0000,0.5000,"LeadPursuit",-0.056440
770,A0100,adaptive_eagle_v11,HABFM,1130.167194,158.042226,60.980658,125.968615,-176.378057,12952.429548,215.191276,15002.465037,232.718977,-9634.049195,-494.598415,3.637234,False,False,False,False,False,False,False,2-circle,-1.000000,-577.132993,-43.829359,-40.922447,0.934213,97.886569,99.290177,0.709823,2.113431,1,8,3,0.0000,0.0000,0.0000,0.5000,"PNLeadPursuit",-0.053108
770,B0100,defensive,HABFM,1130.167194,158.042226,60.980658,125.968615,-176.378057,12952.429548,215.191276,15002.465037,232.718977,-9634.049195,-494.598415,3.637234,False,False,False,False,False,False,False,2-circle,-1.000000,-577.132993,-43.829359,-40.922447,0.934213,99.290177,97.886569,2.113431,0.709823,1,0,2,0.0000,0.0000,0.0000,0.5000,"LeadPursuit",-0.019651
771,A0100,adaptive_eagle_v11,HABFM,1336.172289,159.295028,57.679845,122.815326,-170.730844,12943.885205,216.651568,15021.838266,96.866143,-9641.249537,-524.310381,2.657123,False,False,False,False,False,False,False,2-circle,-1.000000,-607.318696,-47.141098,-32.515816,-1.298485,97.886569,99.290177,0.709823,2.113431,1,8,3,0.0000,0.0000,0.0000,0.5000,"PNLeadPursuit",-0.019452
771,B0100,defensive,HABFM,1336.172289,159.295028,57.679845,122.815326,-170.730844,12943.885205,216.651568,15021.838266,96.866143,-9641.249537,-524.310381,2.657123,False,False,False,False,False,False,False,2-circle,-1.000000,-607.318696,-47.141098,-32.515816,-1.298485,99.290177,97.886569,2.113431,0.709823,1,0,2,0.0000,0.0000,0.0000,0.5000,"LeadPursuit",-0.000964
772,A0100,adaptive_eagle_v11,HABFM,1544.818951,158.930791,55.937489,119.247315,-166.265080,12934.757571,217.687782,15032.635266,53.985003,-9625.742229,-537.913082,2.496207,False,False,False,False,False,False,False,2-circle,-1.000000,-636.980341,-55.719988,-31.030695,-3.709352,97.886569,99.290177,0.709823,2.113431,1,8,3,0.0000,0.0000,0.0000,0.5000,"PNLeadPursuit",0.000102
772,B0100,defensive,HABFM,1544.818951,158.930791,55.937489,119.247315,-166.265080,12934.757571,217.687782,15032.635266,53.985003,-9625.742229,-537.913082,2.496207,False,False,False,False,False,False,False,2-circle,-1.000000,-636.980341,-55.719988,-31.030695,-3.709352,99.290177,97.886569,2.113431,0.709823,1,0,2,0.0000,0.0000,0.0000,0.5000,"LeadPursuit",0.007967
773,A0100,adaptive_eagle_v11,HABFM,1752.701864,157.320263,54.886715,115.558164,-162.314219,12925.403600,218.116845,15031.559299,-5.379838,-9614.873754,-543.113166,2.874707,False,False,False,False,False,False,False,2-circle,-1.000000,-665.957959,-67.748327,-34.762770,-4.141903,97.886569,99.290177,0.709823,2.113431,1,8,3,0.0000,0.0000,0.0000,0.5000,"PNLeadPursuit",0.009428
773,B0100,defensive,HABFM,1752.701864,157.320263,54.886715,115.558164,-162.314219,12925.403600,218.116845,15031.559299,-5.379838,-9614.873754,-543.113166,2.874707,False,False,False,False,False,False,False,2-circle,-1.000000,-665.957959,-67.748327,-34.762770,-4.141903,99.290177,97.886569,2.113431,0.709823,1,0,2,0.0000,0.0000,0.0000,0.5000,"LeadPursuit",0.015829
774,A0100,adaptive_eagle_v11,HABFM,1958.592216,154.898944,54.055528,111.865489,-158.544095,12916.437610,218.464604,15029.314642,-11.223286,-9612.919679,-544.829746,3.733917,False,False,False,False,False,False,False,2-circle,-1.000000,-693.769847,-81.760721,-42.075407,-2.098081,97.886569,99.290177,0.709823,2.113431,1,8,3,0.0000,0.0000,0.0000,0.5000,"PNLeadPursuit",0.008580
774,B0100,defensive,HABFM,1958.592216,154.898944,54.055528,111.865489,-158.544095,12916.437610,218.464604,15029.314642,-11.223286,-9612.919679,-544.829746,3.733917,False,False,False,False,False,False,False,2-circle,-1.000000,-693.769847,-81.760721,-42.075407,-2.098081,99.290177,97.886569,2.113431,0.709823,1,0,2,0.0000,0.0000,0.0000,0.5000,"LeadPursuit",0.025728
775,A0100,adaptive_eagle_v11,HABFM,2162.150992,152.014946,53.254921,108.256574,-154.797912,12908.155794,218.774496,15027.031312,-11.416646,-9647.223362,-545.257164,5.209724,False,False,False,False,False,False,False,2-circle,-1.000000,-719.789423,-96.675104,-51.589520,0.555947,97.886569,99.290177,0.709823,2.113431,1,8,3,0.0000,0.0000,0.0000,0.5000,"PNLeadPursuit",0.014018
775,B0100,defensive,HABFM,2162.150992,152.014946,53.254921,108.256574,-154.797912,12908.155794,218.774496,15027.031312,-11.416646,-9647.223362,-545.257164,5.209724,False,False,False,False,False,False,False,2-circle,-1.000000,-719.789423,-96.675104,-51.589520,0.555947,99.290177,97.886569,2.113431,0.709823,1,0,2,0.0000,0.0000,0.0000,0.5000,"LeadPursuit",0.037178
776,A0100,adaptive_eagle_v11,HABFM,2363.019108,148.840697,52.884172,104.216883,-150.995998,12900.617524,218.874510,15021.430783,-28.002648,-9691.672560,-541.087748,7.675026,False,False,False,False,False,False,False,2-circle,-1.000000,-744.311193,-111.162843,-61.718708,2.540331,97.886569,99.290177,0.709823,2.113431,1,8,3,0.0000,0.0000,0.0000,0.5000,"PNLeadPursuit",0.021619
776,B0100,defensive,HABFM,2363.019108,148.840697,52.884172,104.216883,-150.995998,12900.617524,218.874510,15021.430783,-28.002648,-9691.672560,-541.087748,7.675026,False,False,False,False,False,False,False,2-circle,-1.000000,-744.311193,-111.162843,-61.718708,2.540331,99.290177,97.886569,2.113431,0.709823,1,0,2,0.0000,0.0000,0.0000,0.5000,"LeadPursuit",0.048573
777,A0100,adaptive_eagle_v11,HABFM,2559.730346,145.530112,53.036699,99.650274,-147.159123,12893.622584,218.836490,15013.699124,-38.658294,-9727.866954,-531.785855,12.017692,False,False,False,False,False,False,False,2-circle,-1.000000,-767.422944,-124.029810,-71.032118,3.515670,97.886569,99.290177,0.709823,2.113431,1,8,3,0.0000,0.0000,0.0000,0.5000,"PNLeadPursuit",0.027081
777,B0100,defensive,HABFM,2559.730346,145.530112,53.036699,99.650274,-147.159123,12893.622584,218.836490,15013.699124,-38.658294,-9727.866954,-531.785855,12.017692,False,False,False,False,False,False,False,2-circle,-1.000000,-767.422944,-124.029810,-71.032118,3.515670,99.290177,97.886569,2.113431,0.709823,1,0,2,0.0000,0.0000,0.0000,0.5000,"LeadPursuit",0.058221
778,A0100,adaptive_eagle_v11,HABFM,2750.983415,142.189457,53.635882,94.725953,-143.343696,12886.808002,218.741162,15005.037868,-43.306282,-9759.338439,-518.286793,20.815293,False,False,False,False,False,False,False,2-circle,-1.000000,-789.278952,-134.697053,-78.770468,3.573739,97.886569,99.290177,0.709823,2.113431,1,8,3,0.0000,0.0000,0.0000,0.5000,"PNLeadPursuit",0.039333
778,B0100,defensive,HABFM,2750.983415,142.189457,53.635882,94.725953,-143.343696,12886.808002,218.741162,15005.037868,-43.306282,-9759.338439,-518.286793,20.815293,False,False,False,False,False,False,False,2-circle,-1.000000,-789.278952,-134.697053,-78.770468,3.573739,99.290177,97.886569,2.113431,0.709823,1,0,2,0.0000,0.0000,0.0000,0.5000,"LeadPursuit",0.066237
779,A0100,adaptive_eagle_v11,UNKNOWN,2935.437125,138.854541,54.826979,89.245324,-139.571651,12879.773945,218.625270,14995.759883,-46.389922,-9752.719134,-499.189147,46.736562,False,False,False,False,False,False,False,1-circle,-1.000000,-810.002955,-143.311220,-84.943591,2.916456,97.886569,99.290177,0.709823,2.113431,1,8,3,0.0000,0.0000,0.0000,0.5000,"PNLeadPursuit",0.044911
779,B0100,defensive,UNKNOWN,2935.437125,138.854541,54.826979,89.245324,-139.571651,12879.773945,218.625270,14995.759883,-46.389922,-9752.719134,-499.189147,46.736562,False,False,False,False,False,False,False,1-circle,-1.000000,-810.002955,-143.311220,-84.943591,2.916456,99.290177,97.886569,2.113431,0.709823,1,0,2,0.0000,0.0000,0.0000,0.5000,"LeadPursuit",0.073009
780,A0100,adaptive_eagle_v11,UNKNOWN,3111.520370,135.534381,56.090568,83.664464,-135.846844,12872.153530,218.433244,14984.424005,-56.679392,-9733.799940,-478.607260,237.143063,False,False,False,False,False,False,False,1-circle,-1.000000,-828.728330,-150.325320,-89.872610,1.720057,97.886569,99.290177,0.709823,2.113431,2,2,4,0.0000,0.0000,0.0000,0.5000,"ExtensionBreak",0.052018
780,B0100,defensive,UNKNOWN,3111.520370,135.534381,56.090568,83.664464,-135.846844,12872.153530,218.433244,14984.424005,-56.679392,-9733.799940,-478.607260,237.143063,False,False,False,False,False,False,False,1-circle,-1.000000,-828.728330,-150.325320,-89.872610,1.720057,99.290177,97.886569,2.113431,0.709823,1,0,2,0.0000,0.0000,0.0000,0.5000,"LeadPursuit",0.078938
781,A0100,adaptive_eagle_v11,UNKNOWN,3278.896919,132.231339,57.293942,78.041599,-132.167891,12863.634066,218.260357,14972.562208,-59.308984,-9683.202322,-457.511728,237.358758,False,False,False,False,False,False,False,1-circle,-1.000000,-843.940883,-156.104848,-93.806889,0.035106,97.886569,99.290177,0.709823,2.113431,2,2,4,0.0000,0.0000,0.0000,0.5000,"ExtensionBreak",0.042647
781,B0100,defensive,UNKNOWN,3278.896919,132.231339,57.293942,78.041599,-132.167891,12863.634066,218.260357,14972.562208,-59.308984,-9683.202322,-457.511728,237.358758,False,False,False,False,False,False,False,1-circle,-1.000000,-843.940883,-156.104848,-93.806889,0.035106,99.290177,97.886569,2.113431,0.709823,1,0,2,0.0000,0.0000,0.0000,0.5000,"LeadPursuit",0.079660
782,A0100,adaptive_eagle_v11,UNKNOWN,3437.588646,129.131546,57.717711,73.371086,-128.728336,12853.930227,218.282248,14963.281431,-46.403886,-9625.310164,-442.670270,237.370353,False,False,False,False,False,False,False,1-circle,-1.000000,-852.954751,-157.694106,-93.670899,-1.876329,97.886569,99.290177,0.709823,2.113431,2,2,4,0.0000,0.0000,0.0000,0.5000,"ExtensionBreak",0.017774
782,B0100,defensive,UNKNOWN,3437.588646,129.131546,57.717711,73.371086,-128.728336,12853.930227,218.282248,14963.281431,-46.403886,-9625.310164,-442.670270,237.370353,False,False,False,False,False,False,False,1-circle,-1.000000,-852.954751,-157.694106,-93.670899,-1.876329,99.290177,97.886569,2.113431,0.709823,1,0,3,0.0000,0.0000,0.0000,0.5000,"LeadPursuit",0.075421
783,A0100,adaptive_eagle_v11,UNKNOWN,3590.700025,126.249248,57.000920,70.291991,-125.591403,12842.961972,220.215741,14989.846947,132.827583,-9540.998704,-438.573136,84.227400,False,False,False,False,False,False,False,1-circle,-1.000000,-854.041962,-152.908675,-87.207616,-3.495986,97.886569,99.290177,0.709823,2.113431,1,8,4,0.0000,0.0000,0.0000,0.5000,"SmartHighYoYo",-0.008310
783,B0100,defensive,UNKNOWN,3590.700025,126.249248,57.000920,70.291991,-125.591403,12842.961972,220.215741,14989.846947,132.827583,-9540.998704,-438.573136,84.227400,False,False,False,False,False,False,False,1-circle,-1.000000,-854.041962,-152.908675,-87.207616,-3.495986,99.290177,97.886569,2.113431,0.709823,1,0,3,0.0000,0.0000,0.0000,0.5000,"LeadPursuit",0.072942
784,A0100,adaptive_eagle_v11,UNKNOWN,3741.388496,123.474497,55.615856,68.364672,-122.636537,12830.868472,222.346407,15019.498176,148.256141,-9499.604106,-440.068133,21.039076,False,False,False,False,False,False,False,1-circle,-1.000000,-847.169141,-146.398907,-79.050915,-4.446261,97.886569,99.290177,0.709823,2.113431,1,8,4,0.0000,0.0000,0.0000,0.5000,"SmartHighYoYo",-0.019183
784,B0100,defensive,UNKNOWN,3741.388496,123.474497,55.615856,68.364672,-122.636537,12830.868472,222.346407,15019.498176,148.256141,-9499.604106,-440.068133,21.039076,False,False,False,False,False,False,False,1-circle,-1.000000,-847.169141,-146.398907,-79.050915,-4.446261,99.290177,97.886569,2.113431,0.709823,1,0,3,0.0000,0.0000,0.0000,0.5000,"LeadPursuit",0.078193
785,A0100,adaptive_eagle_v11,UNKNOWN,3891.025773,120.479446,54.455264,66.306025,-119.533285,12817.942473,224.275089,15044.706166,126.039953,-9541.807712,-439.247076,14.146336,False,False,False,False,False,False,False,1-circle,-1.000000,-835.631493,-142.976848,-74.074375,-4.675984,97.886569,99.290177,0.709823,2.113431,4,8,3,0.0000,0.0000,0.0000,0.5000,"SmartHighYoYo",-0.017692
785,B0100,defensive,UNKNOWN,3891.025773,120.479446,54.455264,66.306025,-119.533285,12817.942473,224.275089,15044.706166,126.039953,-9541.807712,-439.247076,14.146336,False,False,False,False,False,False,False,1-circle,-1.000000,-835.631493,-142.976848,-74.074375,-4.675984,99.290177,97.886569,2.113431,0.709823,1,0,3,0.0000,0.0000,0.0000,0.5000,"LeadPursuit",0.090217
786,A0100,adaptive_eagle_v11,UNKNOWN,4039.037503,117.127622,53.602077,63.691814,-116.113639,12804.562877,225.820245,15062.115100,87.044669,-9645.466738,-434.500067,15.522788,False,False,False,False,False,False,False,1-circle,-1.000000,-822.601039,-145.828897,-75.514859,-4.599985,97.886569,99.290177,0.709823,2.113431,1,8,4,0.0000,0.0000,0.0000,0.5000,"SmartHighYoYo",-0.008280
786,B0100,defensive,UNKNOWN,4039.037503,117.127622,53.602077,63.691814,-116.113639,12804.562877,225.820245,15062.115100,87.044669,-9645.466738,-434.500067,15.522788,False,False,False,False,False,False,False,1-circle,-1.000000,-822.601039,-145.828897,-75.514859,-4.599985,99.290177,97.886569,2.113431,0.709823,1,0,3,0.0000,0.0000,0.0000,0.5000,"LeadPursuit",0.099669
787,A0100,adaptive_eagle_v11,UNKNOWN,4184.574906,113.665179,52.645888,61.047388,-112.588560,12790.853004,227.224679,15076.573148,72.290241,-9691.081436,-428.570725,24.585303,False,False,False,False,False,False,False,1-circle,-1.000000,-806.982493,-152.415938,-80.789400,-4.577617,97.886569,99.290177,0.709823,2.113431,1,8,4,0.0000,0.0000,0.0000,0.5000,"SmartHighYoYo",0.000815
787,B0100,defensive,UNKNOWN,4184.574906,113.665179,52.645888,61.047388,-112.588560,12790.853004,227.224679,15076.573148,72.290241,-9691.081436,-428.570725,24.585303,False,False,False,False,False,False,False,1-circle,-1.000000,-806.982493,-152.415938,-80.789400,-4.577617,99.290177,97.886569,2.113431,0.709823,1,0,3,0.0000,0.0000,0.0000,0.5000,"LeadPursuit",0.104343
788,A0100,adaptive_eagle_v11,UNKNOWN,4326.362164,110.322050,52.169078,58.163026,-109.171737,12776.569072,228.731234,15092.699464,80.631578,-9697.783418,-418.724459,88.145821,False,False,False,False,False,False,False,1-circle,-1.000000,-786.492524,-160.327039,-87.426615,-4.880838,97.886569,99.290177,0.709823,2.113431,1,8,4,0.0000,0.0000,0.0000,0.5000,"SmartHighYoYo",0.010335
788,B0100,defensive,UNKNOWN,4326.362164,110.322050,52.169078,58.163026,-109.171737,12776.569072,228.731234,15092.699464,80.631578,-9697.783418,-418.724459,88.145821,False,False,False,False,False,False,False,1-circle,-1.000000,-786.492524,-160.327039,-87.426615,-4.880838,99.290177,97.886569,2.113431,0.709823,1,0,3,0.0000,0.0000,0.0000,0.5000,"LeadPursuit",0.102362
789,A0100,adaptive_eagle_v11,UNKNOWN,4463.452205,107.282756,52.263354,55.160464,-106.053407,12761.316432,230.535450,15114.129870,107.152033,-9684.022077,-405.622219,225.268099,False,False,False,False,False,False,False,1-circle,-1.000000,-761.860923,-164.151377,-90.018855,-5.485058,97.886569,99.290177,0.709823,2.113431,1,8,4,0.0000,0.0000,0.0000,0.5000,"SmartHighYoYo",0.028167
789,B0100,defensive,UNKNOWN,4463.452205,107.282756,52.263354,55.160464,-106.053407,12761.316432,230.535450,15114.129870,107.152033,-9684.022077,-405.622219,225.268099,False,False,False,False,False,False,False,1-circle,-1.000000,-761.860923,-164.151377,-90.018855,-5.485058,99.290177,97.886569,2.113431,0.709823,1,0,3,0.0000,0.0000,0.0000,0.5000,"LeadPursuit",0.093382
790,A0100,adaptive_eagle_v11,UNKNOWN,4594.557920,104.609383,53.181745,51.860443,-103.332835,12744.927024,232.715574,15142.450981,141.605553,-9638.502915,-387.643570,40.024784,False,False,False,False,False,False,False,1-circle,-1.000000,-733.027474,-159.773765,-84.439198,-6.117408,97.886569,99.290177,0.709823,2.113431,1,8,4,0.0000,0.0000,0.0000,0.5000,"SmartHighYoYo",0.043722
790,B0100,defensive,UNKNOWN,4594.557920,104.609383,53.181745,51.860443,-103.332835,12744.927024,232.715574,15142.450981,141.605553,-9638.502915,-387.643570,40.024784,False,False,False,False,False,False,False,1-circle,-1.000000,-733.027474,-159.773765,-84.439198,-6.117408,99.290177,97.886569,2.113431,0.709823,1,0,3,0.0000,0.0000,0.0000,0.5000,"LeadPursuit",0.092965
791,A0100,adaptive_eagle_v11,UNKNOWN,4718.088730,102.003796,54.927707,47.878719,-100.712704,12727.567641,234.967582,15171.718190,146.336043,-9533.598809,-362.628417,15.422981,False,False,False,False,False,False,False,1-circle,-1.000000,-701.210660,-152.435678,-75.944950,-6.466926,97.886569,99.290177,0.709823,2.113431,1,8,4,0.0000,0.0000,0.0000,0.5000,"SmartHighYoYo",0.051753
791,B0100,defensive,UNKNOWN,4718.088730,102.003796,54.927707,47.878719,-100.712704,12727.567641,234.967582,15171.718190,146.336043,-9533.598809,-362.628417,15.422981,False,False,False,False,False,False,False,1-circle,-1.000000,-701.210660,-152.435678,-75.944950,-6.466926,99.290177,97.886569,2.113431,0.709823,1,0,3,0.0000,0.0000,0.0000,0.5000,"LeadPursuit",0.106457
792,A0100,adaptive_eagle_v11,UNKNOWN,4831.902443,99.096943,57.104794,43.148698,-97.819632,12709.615576,236.907037,15194.281366,112.815883,-9409.164180,-331.800629,10.728658,False,False,False,False,False,False,False,1-circle,-1.000000,-668.183802,-147.922836,-70.348834,-6.406115,97.886569,99.290177,0.709823,2.113431,1,8,4,0.0000,0.0000,0.0000,0.5000,"SmartHighYoYo",0.050727
792,B0100,defensive,UNKNOWN,4831.902443,99.096943,57.104794,43.148698,-97.819632,12709.615576,236.907037,15194.281366,112.815883,-9409.164180,-331.800629,10.728658,False,False,False,False,False,False,False,1-circle,-1.000000,-668.183802,-147.922836,-70.348834,-6.406115,99.290177,97.886569,2.113431,0.709823,1,0,3,0.0000,0.0000,0.0000,0.5000,"LeadPursuit",0.128893
793,A0100,adaptive_eagle_v11,UNKNOWN,4934.947486,95.769584,59.300767,37.895734,-94.515172,12691.537512,238.416393,15207.964205,68.414192,-9303.711969,-298.033416,11.493641,False,False,False,False,False,False,False,1-circle,-1.000000,-635.900846,-150.225964,-71.667858,-6.136735,97.886569,99.290177,0.709823,2.113431,1,8,4,0.0000,0.0000,0.0000,0.5000,"SmartHighYoYo",0.004329
793,B0100,defensive,UNKNOWN,4934.947486,95.769584,59.300767,37.895734,-94.515172,12691.537512,238.416393,15207.964205,68.414192,-9303.711969,-298.033416,11.493641,False,False,False,False,False,False,False,1-circle,-1.000000,-635.900846,-150.225964,-71.667858,-6.136735,99.290177,97.886569,2.113431,0.709823,1,0,3,0.0000,0.0000,0.0000,0.5000,"LeadPursuit",0.146412
794,A0100,adaptive_eagle_v11,UNKNOWN,5026.329819,92.289918,61.854139,32.092204,-91.039592,12673.494991,239.796906,15219.148018,55.919066,-9170.038749,-259.607184,16.663638,False,False,False,False,False,False,False,1-circle,-1.000000,-606.021438,-156.618739,-77.193720,-5.955029,97.886569,99.290177,0.709823,2.113431,4,8,3,0.0000,0.0000,0.0000,0.5000,"SmartHighYoYo",-0.640774
794,B0100,defensive,UNKNOWN,5026.329819,92.289918,61.854139,32.092204,-91.039592,12673.494991,239.796906,15219.148018,55.919066,-9170.038749,-259.607184,16.663638,False,False,False,False,False,False,False,1-circle,-1.000000,-606.021438,-156.618739,-77.193720,-5.955029,99.290177,97.886569,2.113431,0.709823,1,0,3,0.0000,0.0000,0.0000,0.5000,"LeadPursuit",0.158775
795,A0100,adaptive_eagle_v11,UNKNOWN,5104.645235,88.855728,64.542626,26.372541,-87.571037,12655.202729,241.276766,15232.372713,66.123473,-9024.249350,-219.564959,37.237212,False,False,True,False,False,False,False,1-circle,-1.000000,-579.159908,-164.400153,-84.224964,-6.125411,97.886569,99.290177,0.709823,2.113431,1,8,4,0.0000,0.0000,0.0000,0.5000,"SmartHighYoYo",-0.598619
795,B0100,defensive,UNKNOWN,5104.645235,88.855728,64.542626,26.372541,-87.571037,12655.202729,241.276766,15232.372713,66.123473,-9024.249350,-219.564959,37.237212,False,False,True,False,False,False,False,1-circle,-1.000000,-579.159908,-164.400153,-84.224964,-6.125411,99.290177,97.886569,2.113431,0.709823,1,0,3,0.0000,0.0000,0.0000,0.5000,"LeadPursuit",0.160629
796,A0100,adaptive_eagle_v11,UNKNOWN,5169.863965,85.681192,67.189725,21.349516,-84.325619,12636.198103,243.066585,15251.745387,96.863370,-8878.225517,-180.684111,67.004807,False,False,True,False,False,False,False,1-circle,-1.000000,-554.384394,-167.640685,-86.805357,-6.607515,97.886569,99.290177,0.709823,2.113431,1,8,4,0.0000,0.0000,0.0000,0.5000,"SmartHighYoYo",-0.521508
796,B0100,defensive,UNKNOWN,5169.863965,85.681192,67.189725,21.349516,-84.325619,12636.198103,243.066585,15251.745387,96.863370,-8878.225517,-180.684111,67.004807,False,False,True,False,False,False,False,1-circle,-1.000000,-554.384394,-167.640685,-86.805357,-6.607515,99.290177,97.886569,2.113431,0.709823,1,0,3,0.0000,0.0000,0.0000,0.5000,"LeadPursuit",0.152065
797,A0100,adaptive_eagle_v11,UNKNOWN,5222.427105,82.861562,69.776643,17.297916,-81.438880,12616.265838,245.240229,15278.801804,135.282088,-8727.389473,-143.650544,22.543798,False,False,True,False,False,False,False,1-circle,-1.000000,-530.653126,-162.089805,-80.658555,-7.093174,97.886569,99.290177,0.709823,2.113431,1,8,4,0.0000,0.0000,0.0000,0.5000,"SmartHighYoYo",-0.542929
797,B0100,defensive,UNKNOWN,5222.427105,82.861562,69.776643,17.297916,-81.438880,12616.265838,245.240229,15278.801804,135.282088,-8727.389473,-143.650544,22.543798,False,False,True,False,False,False,False,1-circle,-1.000000,-530.653126,-162.089805,-80.658555,-7.093174,99.290177,97.886569,2.113431,0.709823,1,0,3,0.0000,0.0000,0.0000,0.5000,"LeadPursuit",0.167717
798,A0100,adaptive_eagle_v11,UNKNOWN,5262.630315,79.912773,72.267815,14.290715,-78.438642,12595.618391,247.277554,15302.575970,118.870829,-8586.065297,-106.444361,13.461664,False,False,True,False,False,False,False,1-circle,-1.000000,-507.179669,-156.694095,-74.712306,-7.358475,97.886569,99.290177,0.709823,2.113431,1,8,4,0.0000,0.0000,0.0000,0.5000,"SmartHighYoYo",-0.658345
798,B0100,defensive,UNKNOWN,5262.630315,79.912773,72.267815,14.290715,-78.438642,12595.618391,247.277554,15302.575970,118.870829,-8586.065297,-106.444361,13.461664,False,False,True,False,False,False,False,1-circle,-1.000000,-507.179669,-156.694095,-74.712306,-7.358475,99.290177,97.886569,2.113431,0.709823,1,0,3,0.0000,0.0000,0.0000,0.5000,"LeadPursuit",0.209142
799,A0100,adaptive_eagle_v11,UNKNOWN,5290.368121,76.483972,74.334420,12.975131,-74.962670,12574.661540,248.825780,15315.622226,65.231277,-8496.684336,-70.566850,13.656672,False,False,True,False,False,False,False,1-circle,-1.000000,-483.426986,-157.504152,-75.004009,-7.404070,97.886569,99.290177,0.709823,2.113431,1,8,4,0.0000,0.0000,0.0000,0.5000,"SmartHighYoYo",-0.716474
799,B0100,defensive,UNKNOWN,5290.368121,76.483972,74.334420,12.975131,-74.962670,12574.661540,248.825780,15315.622226,65.231277,-8496.684336,-70.566850,13.656672,False,False,True,False,False,False,False,1-circle,-1.000000,-483.426986,-157.504152,-75.004009,-7.404070,99.290177,97.886569,2.113431,0.709823,1,0,3,0.0000,0.0000,0.0000,0.5000,"LeadPursuit",0.242098
800,A0100,adaptive_eagle_v11,UNKNOWN,5306.123130,72.863477,76.322748,13.837713,-71.275178,12553.569698,250.206844,15325.041260,47.095170,-8423.195442,-34.428947,19.614245,False,False,True,False,False,False,False,1-circle,-1.000000,-459.679568,-162.474805,-79.487791,-7.464969,97.886569,99.290177,0.709823,2.113431,1,8,4,0.0000,0.0000,0.0000,0.5000,"SmartHighYoYo",-0.669973
800,B0100,defensive,UNKNOWN,5306.123130,72.863477,76.322748,13.837713,-71.275178,12553.569698,250.206844,15325.041260,47.095170,-8423.195442,-34.428947,19.614245,False,False,True,False,False,False,False,1-circle,-1.000000,-459.679568,-162.474805,-79.487791,-7.464969,99.290177,97.886569,2.113431,0.709823,1,0,3,0.0000,0.0000,0.0000,0.5000,"LeadPursuit",0.250482
801,A0100,adaptive_eagle_v11,UNKNOWN,5309.373876,69.475552,78.739713,16.894304,-67.783415,12532.074529,251.871271,15340.541540,77.501400,-8299.413804,4.629399,23.365020,False,False,True,False,False,False,False,1-circle,-1.000000,-436.180576,-164.641697,-81.199802,-7.617425,97.886569,99.290177,0.709823,2.113431,1,8,4,0.0000,0.0000,0.0000,0.5000,"SmartHighYoYo",-0.581865
801,B0100,defensive,UNKNOWN,5309.373876,69.475552,78.739713,16.894304,-67.783415,12532.074529,251.871271,15340.541540,77.501400,-8299.413804,4.629399,23.365020,False,False,True,False,False,False,False,1-circle,-1.000000,-436.180576,-164.641697,-81.199802,-7.617425,99.290177,97.886569,2.113431,0.709823,1,0,3,0.0000,0.0000,0.0000,0.5000,"LeadPursuit",0.238963
802,A0100,adaptive_eagle_v11,UNKNOWN,5299.477161,66.495066,81.203709,21.037749,-64.709054,12509.986424,253.980292,15365.683215,125.708376,-8148.595330,42.302849,13.366440,False,False,True,False,False,False,False,1-circle,-1.000000,-412.419955,-158.845076,-74.970494,-7.683150,97.886569,99.290177,0.709823,2.113431,1,8,4,0.0000,0.0000,0.0000,0.5000,"SmartHighYoYo",-0.633684
802,B0100,defensive,UNKNOWN,5299.477161,66.495066,81.203709,21.037749,-64.709054,12509.986424,253.980292,15365.683215,125.708376,-8148.595330,42.302849,13.366440,False,False,True,False,False,False,False,1-circle,-1.000000,-412.419955,-158.845076,-74.970494,-7.683150,99.290177,97.886569,2.113431,0.709823,1,0,3,0.0000,0.0000,0.0000,0.5000,"LeadPursuit",0.268733
803,A0100,adaptive_eagle_v11,DBFM,5277.575727,63.377196,83.180750,25.343420,-61.530707,12487.501482,255.936813,15387.365093,108.409391,-8042.275015,76.019552,9.659488,False,False,True,False,False,False,False,1-circle,-1.000000,-387.737459,-154.050524,-69.751946,-7.534786,97.886569,99.290177,0.709823,2.113431,4,8,3,0.0000,0.0000,0.0000,0.5000,"SmartHighYoYo",-0.780830
803,B0100,defensive,DBFM,5277.575727,63.377196,83.180750,25.343420,-61.530707,12487.501482,255.936813,15387.365093,108.409391,-8042.275015,76.019552,9.659488,False,False,True,False,False,False,False,1-circle,-1.000000,-387.737459,-154.050524,-69.751946,-7.534786,99.290177,97.886569,2.113431,0.709823,1,0,3,0.0000,0.0000,0.0000,0.5000,"LeadPursuit",0.353264
804,A0100,adaptive_eagle_v11,DBFM,5243.900009,59.654232,85.376322,30.558829,-57.763363,12465.160737,257.260436,15395.096237,38.655718,-7932.336261,114.031699,10.546561,False,False,True,False,False,False,False,1-circle,-1.000000,-362.661895,-156.123537,-71.414154,-7.262553,97.886569,99.290177,0.709823,2.113431,1,8,4,0.0000,0.0000,0.0000,0.5000,"SmartHighYoYo",-0.881566
804,B0100,defensive,DBFM,5243.900009,59.654232,85.376322,30.558829,-57.763363,12465.160737,257.260436,15395.096237,38.655718,-7932.336261,114.031699,10.546561,False,False,True,False,False,False,False,1-circle,-1.000000,-362.661895,-156.123537,-71.414154,-7.262553,99.290177,97.886569,2.113431,0.709823,1,0,3,0.0000,0.0000,0.0000,0.5000,"LeadPursuit",0.424133
805,A0100,adaptive_eagle_v11,DBFM,5197.405940,55.704817,87.290401,36.047968,-53.736712,12443.144884,258.390804,15398.884442,18.941026,-7845.978582,149.874541,15.593208,False,False,True,False,False,False,False,1-circle,-1.000000,-336.881109,-162.349317,-77.236094,-7.123012,97.886569,99.290177,0.709823,2.113431,1,8,4,0.0000,0.0000,0.0000,0.5000,"SmartHighYoYo",-0.929974
805,B0100,defensive,DBFM,5197.405940,55.704817,87.290401,36.047968,-53.736712,12443.144884,258.390804,15398.884442,18.941026,-7845.978582,149.874541,15.593208,False,False,True,False,False,False,False,1-circle,-1.000000,-336.881109,-162.349317,-77.236094,-7.123012,99.290177,97.886569,2.113431,0.709823,1,0,3,0.0000,0.0000,0.0000,0.5000,"LeadPursuit",0.483787
806,A0100,adaptive_eagle_v11,DBFM,5139.377960,51.788022,89.076237,41.600226,-49.661835,12421.085652,259.619430,15405.000622,30.580900,-7768.602641,183.792634,37.024405,False,False,True,False,False,False,False,1-circle,-1.000000,-310.307569,-170.088608,-84.573473,-7.366390,97.886569,99.290177,0.709823,2.113431,1,8,4,0.0000,0.0000,0.0000,0.5000,"SmartHighYoYo",-0.913254
806,B0100,defensive,DBFM,5139.377960,51.788022,89.076237,41.600226,-49.661835,12421.085652,259.619430,15405.000622,30.580900,-7768.602641,183.792634,37.024405,False,False,True,False,False,False,False,1-circle,-1.000000,-310.307569,-170.088608,-84.573473,-7.366390,99.290177,97.886569,2.113431,0.709823,2,0,3,0.0000,0.0000,0.0000,0.5000,"LeadPursuit",0.290758
807,A0100,adaptive_eagle_v11,DBFM,5070.116853,48.132038,90.913384,47.090675,-45.755044,12398.400000,261.167323,15418.002193,65.007857,-7674.543202,216.596449,66.201203,False,False,True,False,False,False,False,1-circle,-1.000000,-282.932148,-172.893016,-86.975464,-7.921123,97.886569,99.290177,0.709823,2.113431,1,7,4,0.0000,0.0000,0.0000,0.5000,"SmartHighYoYo",-0.790280
807,B0100,defensive,DBFM,5070.116853,48.132038,90.913384,47.090675,-45.755044,12398.400000,261.167323,15418.002193,65.007857,-7674.543202,216.596449,66.201203,False,False,True,False,False,False,False,1-circle,-1.000000,-282.932148,-172.893016,-86.975464,-7.921123,99.290177,97.886569,2.113431,0.709823,2,0,3,0.0000,0.0000,0.0000,0.5000,"LeadPursuit",0.115801
808,A0100,adaptive_eagle_v11,DBFM,4990.275664,45.042809,92.744484,51.945610,-42.428893,12374.824071,263.398706,15446.244952,141.213792,-7556.493660,246.997284,19.866299,False,False,True,False,False,False,False,1-circle,-1.000000,-255.257310,-166.407459,-80.092038,-8.428532,97.886569,99.290177,0.709823,2.113431,1,7,4,0.0000,0.0000,0.0000,0.5000,"SmartHighYoYo",-0.789079
808,B0100,defensive,DBFM,4990.275664,45.042809,92.744484,51.945610,-42.428893,12374.824071,263.398706,15446.244952,141.213792,-7556.493660,246.997284,19.866299,False,False,True,False,False,False,False,1-circle,-1.000000,-255.257310,-166.407459,-80.092038,-8.428532,99.290177,97.886569,2.113431,0.709823,2,0,3,0.0000,0.0000,0.0000,0.5000,"LeadPursuit",0.167997
809,A0100,adaptive_eagle_v11,OBFM,4900.634501,42.071134,94.516937,56.494482,-39.253377,12350.520966,265.786770,15477.887439,158.212434,-7435.496259,276.063369,9.934632,False,False,True,False,False,False,False,1-circle,-1.000000,-228.322546,-157.592883,-70.896929,-8.489307,97.886569,99.290177,0.709823,2.113431,1,7,4,0.0000,0.0000,0.0000,0.5000,"SmartHighYoYo",-0.845037
809,B0100,defensive,OBFM,4900.634501,42.071134,94.516937,56.494482,-39.253377,12350.520966,265.786770,15477.887439,158.212434,-7435.496259,276.063369,9.934632,False,False,True,False,False,False,False,1-circle,-1.000000,-228.322546,-157.592883,-70.896929,-8.489307,99.290177,97.886569,2.113431,0.709823,2,0,3,0.0000,0.0000,0.0000,0.5000,"LeadPursuit",0.195857
810,A0100,adaptive_eagle_v11,OBFM,4801.185544,38.997040,96.581479,61.310774,-36.014593,12325.904000,268.062910,15507.064017,145.882893,-7286.776309,307.387787,6.562838,False,False,True,False,False,False,False,1-circle,-1.000000,-203.486832,-149.561889,-62.520540,-7.935181,97.886569,99.290177,0.709823,2.113431,1,7,4,0.0000,0.0000,0.0000,0.5000,"SmartHighYoYo",-1.052503
810,B0100,defensive,OBFM,4801.185544,38.997040,96.581479,61.310774,-36.014593,12325.904000,268.062910,15507.064017,145.882893,-7286.776309,307.387787,6.562838,False,False,True,False,False,False,False,1-circle,-1.000000,-203.486832,-149.561889,-62.520540,-7.935181,99.290177,97.886569,2.113431,0.709823,2,1,3,0.0000,0.0000,0.0000,0.5000,"LeadPursuit",0.380974
811,A0100,adaptive_eagle_v11,OBFM,4691.084836,35.452560,98.713808,66.645924,-32.384413,12301.522647,269.802438,15524.103322,85.196525,-7147.991674,339.605664,5.717545,False,False,True,False,False,False,False,1-circle,-1.000000,-181.513475,-146.654282,-59.312918,-7.014615,97.886569,99.290177,0.709823,2.113431,4,7,3,0.0000,0.0000,0.0000,0.5000,"SmartHighYoYo",-1.496492
811,B0100,defensive,OBFM,4691.084836,35.452560,98.713808,66.645924,-32.384413,12301.522647,269.802438,15524.103322,85.196525,-7147.991674,339.605664,5.717545,False,False,True,False,False,False,False,1-circle,-1.000000,-181.513475,-146.654282,-59.312918,-7.014615,99.290177,97.886569,2.113431,0.709823,2,1,3,0.0000,0.0000,0.0000,0.5000,"LeadPursuit",0.844115
812,A0100,adaptive_eagle_v11,UNKNOWN,4570.393008,31.032650,100.678955,72.794852,-27.901871,12278.296803,270.578539,15519.443991,-23.296657,-7053.489410,370.950262,7.159773,False,False,True,False,False,False,False,1-circle,-1.000000,-162.424208,-152.295060,-64.697954,-6.165320,97.886569,99.290177,0.709823,2.113431,1,7,4,0.0000,0.0000,0.0000,0.5000,"SmartHighYoYo",-1.850190
812,B0100,defensive,UNKNOWN,4570.393008,31.032650,100.678955,72.794852,-27.901871,12278.296803,270.578539,15519.443991,-23.296657,-7053.489410,370.950262,7.159773,False,False,True,False,False,False,False,1-circle,-1.000000,-162.424208,-152.295060,-64.697954,-6.165320,99.290177,97.886569,2.113431,0.709823,2,1,3,0.0000,0.0000,0.0000,0.5000,"LeadPursuit",1.359152
813,A0100,adaptive_eagle_v11,UNKNOWN,4439.743720,26.380833,102.423262,79.306972,-22.986847,12256.448359,271.109074,15510.318116,-45.629377,-6976.071159,398.976744,11.705316,False,False,True,False,False,False,False,1-circle,-1.000000,-145.297722,-161.719896,-73.896549,-5.700774,97.886569,99.290177,0.709823,2.113431,4,7,3,0.0000,0.0000,0.0000,0.5000,"SmartHighYoYo",-1.949784
813,B0100,defensive,UNKNOWN,4439.743720,26.380833,102.423262,79.306972,-22.986847,12256.448359,271.109074,15510.318116,-45.629377,-6976.071159,398.976744,11.705316,False,False,True,False,False,False,False,1-circle,-1.000000,-145.297722,-161.719896,-73.896549,-5.700774,99.290177,97.886569,2.113431,0.709823,2,2,3,0.0000,0.0000,0.0000,0.5000,"LeadPursuit",1.736940
814,A0100,adaptive_eagle_v11,UNKNOWN,4300.509707,22.284409,103.887477,85.457056,-18.277369,12235.197765,272.183425,15514.907501,22.946927,-6884.915700,422.000868,16.113015,False,False,True,False,False,False,False,1-circle,-1.000000,-128.138804,-166.247380,-78.196092,-5.593162,97.886569,99.290177,0.709823,2.113431,1,7,4,0.0000,0.0000,0.0000,0.5000,"SmartHighYoYo",-1.814331
814,B0100,defensive,UNKNOWN,4300.509707,22.284409,103.887477,85.457056,-18.277369,12235.197765,272.183425,15514.907501,22.946927,-6884.915700,422.000868,16.113015,False,False,True,False,False,False,False,1-circle,-1.000000,-128.138804,-166.247380,-78.196092,-5.593162,99.290177,97.886569,2.113431,0.709823,2,2,3,0.0000,0.0000,0.0000,0.5000,"LeadPursuit",1.913294
815,A0100,adaptive_eagle_v11,HABFM,4154.651214,19.056579,104.756555,90.362560,-14.273193,12213.864648,274.202661,15542.416977,137.547380,-6795.369223,438.008151,10.338685,False,False,True,True,False,False,False,2-circle,-1.000000,-109.258319,-160.384874,-72.075848,-5.485459,97.886569,99.290177,0.709823,2.113431,4,7,3,0.0000,0.0000,0.0000,0.5000,"SmartHighYoYo",-1.887541
815,B0100,defensive,HABFM,4154.651214,19.056579,104.756555,90.362560,-14.273193,12213.864648,274.202661,15542.416977,137.547380,-6795.369223,438.008151,10.338685,False,False,True,True,False,False,False,2-circle,-1.000000,-109.258319,-160.384874,-72.075848,-5.485459,99.290177,97.886569,2.113431,0.709823,2,3,3,0.0000,0.0000,0.0000,0.5000,"LeadPursuit",2.193199
816,A0100,adaptive_eagle_v11,HABFM,4003.765355,16.109181,105.747472,95.314551,-10.381170,12192.401924,276.410108,15574.762469,161.727460,-6668.309761,453.714630,6.608538,False,False,True,True,False,False,False,2-circle,-1.000000,-88.499168,-151.935148,-63.332598,-4.932522,97.886569,99.290177,0.709823,2.113431,2,8,3,0.0000,0.0000,0.0000,0.5000,"LeadPursuit",-2.008062
816,B0100,defensive,HABFM,4003.765355,16.109181,105.747472,95.314551,-10.381170,12192.401924,276.410108,15574.762469,161.727460,-6668.309761,453.714630,6.608538,False,False,True,True,False,False,False,2-circle,-1.000000,-88.499168,-151.935148,-63.332598,-4.932522,99.290177,97.886569,2.113431,0.709823,2,4,3,0.0000,0.0000,0.0000,0.5000,"LeadPursuit",2.610952
817,A0100,adaptive_eagle_v11,HABFM,3848.416357,13.357035,106.328981,99.974707,-6.396201,12171.279306,276.837740,15564.113598,-53.244355,-6612.868806,462.931894,4.777902,False,False,True,True,False,False,False,2-circle,-1.000000,-65.515693,-144.187451,-55.245907,-3.795397,97.886569,99.290177,0.709823,2.113431,2,8,3,0.0000,0.0000,0.0000,0.5000,"LeadPursuit",-1.340685
817,B0100,defensive,HABFM,3848.416357,13.357035,106.328981,99.974707,-6.396201,12171.279306,276.837740,15564.113598,-53.244355,-6612.868806,462.931894,4.777902,False,False,True,True,False,False,False,2-circle,-1.000000,-65.515693,-144.187451,-55.245907,-3.795397,99.290177,97.886569,2.113431,0.709823,2,4,3,0.0000,0.0000,0.0000,0.5000,"LeadPursuit",1.849602
818,A0100,adaptive_eagle_v11,HABFM,3690.881001,11.441319,106.679926,104.115862,-2.674867,12150.800387,277.347794,15556.148298,-39.826501,-6561.475078,468.676283,3.527491,False,False,True,True,False,False,False,2-circle,-1.000000,-40.937421,-136.142680,-46.821120,-2.176522,97.886569,99.290177,0.709823,2.113431,2,8,3,0.0000,0.0000,0.0000,0.5000,"LeadPursuit",-0.183016
818,B0100,defensive,HABFM,3690.881001,11.441319,106.679926,104.115862,-2.674867,12150.800387,277.347794,15556.148298,-39.826501,-6561.475078,468.676283,3.527491,False,False,True,True,False,False,False,2-circle,-1.000000,-40.937421,-136.142680,-46.821120,-2.176522,99.290177,97.886569,2.113431,0.709823,2,4,3,0.0000,0.0000,0.0000,0.5000,"LeadPursuit",0.228426
819,A0100,adaptive_eagle_v11,HABFM,3531.805473,10.488439,106.985654,108.073548,0.946646,12130.730347,278.064956,15553.712039,-12.181296,-6492.488834,472.889996,2.501584,False,False,True,True,False,False,False,2-circle,1.000000,-14.897691,-126.887464,-37.141490,-0.220095,97.886569,99.290177,0.709823,2.113431,2,8,3,0.0000,0.0000,0.0000,0.5000,"LeadPursuit",0.763733
819,B0100,defensive,HABFM,3531.805473,10.488439,106.985654,108.073548,0.946646,12130.730347,278.064956,15553.712039,-12.181296,-6492.488834,472.889996,2.501584,False,False,True,True,False,False,False,2-circle,1.000000,-14.897691,-126.887464,-37.141490,-0.220095,99.290177,97.886569,2.113431,0.709823,2,4,3,0.0000,0.0000,0.0000,0.5000,"LeadPursuit",-1.110804
820,A0100,adaptive_eagle_v11,HABFM,3371.937819,10.435329,107.166379,112.245623,4.949584,12111.623881,278.106533,15535.629278,-90.413805,-6442.014468,474.258728,1.944457,False,False,True,True,False,True,False,2-circle,1.000000,11.446296,-120.685361,-30.483876,1.789419,97.886569,99.290177,0.709823,2.113431,2,8,3,0.0000,0.0000,0.0000,0.5000,"LeadPursuit",1.815270
820,B0100,defensive,HABFM,3371.937819,10.435329,107.166379,112.245623,4.949584,12111.623881,278.106533,15535.629278,-90.413805,-6442.014468,474.258728,1.944457,False,False,True,True,False,True,False,2-circle,1.000000,11.446296,-120.685361,-30.483876,1.789419,99.290177,97.886569,2.113431,0.709823,2,4,3,0.0000,0.0000,0.0000,0.5000,"LeadPursuit",-2.497980
821,A0100,adaptive_eagle_v11,OBFM,3212.416560,11.985419,107.133791,116.294027,9.079307,12094.264098,278.054422,15516.986456,-93.214106,-6395.348443,471.933243,1.727818,False,False,True,True,False,True,False,2-circle,1.000000,36.547342,-118.269438,-27.602885,3.746111,97.886569,99.290177,0.709823,2.113431,2,8,2,0.0000,0.0000,0.0000,0.5000,"LeadPursuit",2.254663
821,B0100,defensive,OBFM,3212.416560,11.985419,107.133791,116.294027,9.079307,12094.264098,278.054422,15516.986456,-93.214106,-6395.348443,471.933243,1.727818,False,False,True,True,False,True,False,2-circle,1.000000,36.547342,-118.269438,-27.602885,3.746111,99.290177,97.886569,2.113431,0.709823,2,6,2,0.0000,0.0000,0.0000,0.5000,"LeadPursuit",-2.901369
822,A0100,adaptive_eagle_v11,OBFM,3053.899164,14.854679,107.204064,120.523965,13.303973,12078.401923,279.908453,15546.920986,149.672647,-6250.768767,470.292175,1.516712,False,False,True,True,False,True,False,2-circle,1.000000,59.876445,-115.926371,-24.790060,5.067825,97.886569,99.290177,0.709823,2.113431,2,8,2,0.0000,0.0000,0.0000,0.5000,"LeadPursuit",2.215374
822,B0100,defensive,OBFM,3053.899164,14.854679,107.204064,120.523965,13.303973,12078.401923,279.908453,15546.920986,149.672647,-6250.768767,470.292175,1.516712,False,False,True,True,False,True,False,2-circle,1.000000,59.876445,-115.926371,-24.790060,5.067825,99.290177,97.886569,2.113431,0.709823,2,6,2,0.0000,0.0000,0.0000,0.5000,"LeadPursuit",-2.540803
823,A0100,adaptive_eagle_v11,OBFM,2896.488142,18.471995,107.035513,124.616887,17.600877,12063.514072,282.348746,15592.775129,229.270715,-6075.064737,465.003618,1.206508,False,False,True,True,False,True,False,2-circle,1.000000,82.074671,-111.956189,-20.326875,4.179792,97.886569,99.290177,0.709823,2.113431,2,7,1,0.0000,0.0000,0.0000,0.5000,"PNLeadPursuit",2.032117
823,B0100,defensive,OBFM,2896.488142,18.471995,107.035513,124.616887,17.600877,12063.514072,282.348746,15592.775129,229.270715,-6075.064737,465.003618,1.206508,False,False,True,True,False,True,False,2-circle,1.000000,82.074671,-111.956189,-20.326875,4.179792,99.290177,97.886569,2.113431,0.709823,2,6,2,0.0000,0.0000,0.0000,0.5000,"LeadPursuit",-1.929569
824,A0100,adaptive_eagle_v11,HABFM,2742.308381,22.534878,106.003614,127.940342,21.991326,12048.840699,285.696740,15662.295504,347.601878,-5908.712397,451.352252,0.798023,False,False,True,True,False,True,False,2-circle,1.000000,104.590122,-106.102546,-13.918083,1.588113,97.886569,99.290177,0.709823,2.113431,2,7,1,0.0000,0.0000,0.0000,0.5000,"PNLeadPursuit",1.906331
824,B0100,defensive,HABFM,2742.308381,22.534878,106.003614,127.940342,21.991326,12048.840699,285.696740,15662.295504,347.601878,-5908.712397,451.352252,0.798023,False,False,True,True,False,True,False,2-circle,1.000000,104.590122,-106.102546,-13.918083,1.588113,99.290177,97.886569,2.113431,0.709823,2,6,2,0.0000,0.0000,0.0000,0.5000,"LeadPursuit",-1.460608
825,A0100,adaptive_eagle_v11,HABFM,2594.274264,27.006670,104.395192,130.880938,26.627481,12033.348118,289.749216,15750.040316,438.724056,-5732.147699,430.739268,0.275847,False,False,True,True,False,True,False,2-circle,1.000000,128.201560,-97.796917,-4.962318,-1.561816,97.886569,99.290177,0.709823,2.113431,2,7,3,0.0000,0.0000,0.0000,0.5000,"PNLeadPursuit",1.839858
825,B0100,defensive,HABFM,2594.274264,27.006670,104.395192,130.880938,26.627481,12033.348118,289.749216,15750.040316,438.724056,-5732.147699,430.739268,0.275847,False,False,True,True,False,True,False,2-circle,1.000000,128.201560,-97.796917,-4.962318,-1.561816,99.290177,97.886569,2.113431,0.709823,2,6,2,0.0000,0.0000,0.0000,0.5000,"LeadPursuit",-1.101886
826,A0100,adaptive_eagle_v11,HABFM,2454.919532,31.975532,102.347213,133.752151,31.718043,12016.055299,292.378657,15800.510701,252.351925,-5600.603298,401.092976,0.381905,False,False,True,True,False,True,False,2-circle,1.000000,153.238086,-86.699157,6.912986,-4.145072,97.886569,99.290177,0.709823,2.113431,2,7,3,0.0000,0.0000,0.0000,0.5000,"PNLeadPursuit",1.745182
826,B0100,defensive,HABFM,2454.919532,31.975532,102.347213,133.752151,31.718043,12016.055299,292.378657,15800.510701,252.351925,-5600.603298,401.092976,0.381905,False,False,True,True,False,True,False,2-circle,1.000000,153.238086,-86.699157,6.912986,-4.145072,99.290177,97.886569,2.113431,0.709823,2,7,2,0.0000,0.0000,0.0000,0.5000,"LeadPursuit",-0.810527
827,A0100,adaptive_eagle_v11,HABFM,2327.131064,37.416641,100.165239,136.988850,37.353811,11996.943925,294.423136,15834.510524,169.999118,-5452.998471,365.270289,1.207726,False,False,True,True,False,True,False,2-circle,1.000000,178.965485,-73.431177,21.102930,-2.552317,97.886569,99.290177,0.709823,2.113431,2,8,3,0.0000,0.0000,0.0000,0.5000,"PNLeadPursuit",1.597373
827,B0100,defensive,HABFM,2327.131064,37.416641,100.165239,136.988850,37.353811,11996.943925,294.423136,15834.510524,169.999118,-5452.998471,365.270289,1.207726,False,False,True,True,False,True,False,2-circle,1.000000,178.965485,-73.431177,21.102930,-2.552317,99.290177,97.886569,2.113431,0.709823,2,7,2,0.0000,0.0000,0.0000,0.5000,"LeadPursuit",-0.469506
828,A0100,adaptive_eagle_v11,OBFM,2212.814586,43.178921,97.556752,140.231524,43.352862,11977.085472,296.352762,15865.119149,153.043127,-5297.427876,321.495238,2.182684,False,False,True,True,False,True,False,2-circle,1.000000,204.368561,-60.562744,35.058530,0.956775,97.886569,99.290177,0.709823,2.113431,2,8,1,0.0000,0.0000,0.0000,0.5000,"PNLeadPursuit",1.475635
828,B0100,defensive,OBFM,2212.814586,43.178921,97.556752,140.231524,43.352862,11977.085472,296.352762,15865.119149,153.043127,-5297.427876,321.495238,2.182684,False,False,True,True,False,True,False,2-circle,1.000000,204.368561,-60.562744,35.058530,0.956775,99.290177,97.886569,2.113431,0.709823,2,8,2,0.0000,0.0000,0.0000,0.5000,"LeadPursuit",-0.133995
829,A0100,adaptive_eagle_v11,DBFM,2115.284102,49.210336,94.291416,143.152696,49.601541,11957.342933,297.825892,15884.126462,95.036564,-5166.390715,267.580248,3.232005,False,False,True,True,False,True,False,2-circle,1.000000,229.502434,-50.707938,46.228443,2.907897,97.886569,99.290177,0.709823,2.113431,2,8,1,0.0000,0.0000,0.0000,0.5000,"PNLeadPursuit",1.291957
829,B0100,defensive,DBFM,2115.284102,49.210336,94.291416,143.152696,49.601541,11957.342933,297.825892,15884.126462,95.036564,-5166.390715,267.580248,3.232005,False,False,True,True,False,True,False,2-circle,1.000000,229.502434,-50.707938,46.228443,2.907897,99.290177,97.886569,2.113431,0.709823,2,8,2,0.0000,0.0000,0.0000,0.5000,"LeadPursuit",0.148329
830,A0100,adaptive_eagle_v11,DBFM,2038.221588,55.196845,90.058145,145.092745,55.758780,11938.308140,298.364396,15879.304667,-24.108977,-5107.611635,202.134810,3.814539,False,False,True,True,False,True,False,2-circle,1.000000,254.677565,-47.605854,50.975046,3.763265,97.886569,99.290177,0.709823,2.113431,2,8,1,0.0000,0.0000,0.0000,0.5000,"PNLeadPursuit",1.273019
830,B0100,defensive,DBFM,2038.221588,55.196845,90.058145,145.092745,55.758780,11938.308140,298.364396,15879.304667,-24.108977,-5107.611635,202.134810,3.814539,False,False,True,True,False,True,False,2-circle,1.000000,254.677565,-47.605854,50.975046,3.763265,99.290177,97.886569,2.113431,0.709823,2,8,2,0.0000,0.0000,0.0000,0.5000,"LeadPursuit",-0.582942
831,A0100,adaptive_eagle_v11,DBFM,1985.209403,61.510800,85.314203,146.771323,62.198712,11920.658090,298.609227,15868.125058,-55.898046,-5071.566604,128.097760,3.694420,False,False,True,True,False,True,False,2-circle,1.000000,279.053508,-50.578165,50.090798,4.084348,97.886569,99.290177,0.709823,2.113431,2,8,1,0.0000,0.0000,0.0000,0.5000,"PNLeadPursuit",1.266466
831,B0100,defensive,DBFM,1985.209403,61.510800,85.314203,146.771323,62.198712,11920.658090,298.609227,15868.125058,-55.898046,-5071.566604,128.097760,3.694420,False,False,True,True,False,True,False,2-circle,1.000000,279.053508,-50.578165,50.090798,4.084348,99.290177,97.886569,2.113431,0.709823,2,8,2,0.0000,0.0000,0.0000,0.5000,"LeadPursuit",-0.503015
832,A0100,adaptive_eagle_v11,HABFM,1958.486866,68.068586,80.357984,148.417290,68.850347,11904.312162,298.658921,15853.093109,-75.159744,-5038.019006,49.010526,3.546834,False,False,True,False,False,True,False,2-circle,1.000000,302.222317,-54.481105,48.935297,4.379342,97.886569,99.290177,0.709823,2.113431,2,8,3,0.0000,0.0000,0.0000,0.5000,"PNLeadPursuit",1.232623
832,B0100,defensive,HABFM,1958.486866,68.068586,80.357984,148.417290,68.850347,11904.312162,298.658921,15853.093109,-75.159744,-5038.019006,49.010526,3.546834,False,False,True,False,False,True,False,2-circle,1.000000,302.222317,-54.481105,48.935297,4.379342,99.290177,97.886569,2.113431,0.709823,2,8,2,0.0000,0.0000,0.0000,0.5000,"LeadPursuit",-0.421325
833,A0100,adaptive_eagle_v11,HABFM,1958.723037,74.632351,75.705881,150.337886,75.465244,11889.489729,298.382825,15830.973128,-110.599903,-4981.070207,-28.513689,3.557036,False,False,True,False,False,True,False,2-circle,1.000000,323.380696,-58.211022,48.985082,4.892515,97.886569,99.290177,0.709823,2.113431,2,8,3,0.0000,0.0000,0.0000,0.5000,"PNLeadPursuit",1.189802
833,B0100,defensive,HABFM,1958.723037,74.632351,75.705881,150.337886,75.465244,11889.489729,298.382825,15830.973128,-110.599903,-4981.070207,-28.513689,3.557036,False,False,True,False,False,True,False,2-circle,1.000000,323.380696,-58.211022,48.985082,4.892515,99.290177,97.886569,2.113431,0.709823,2,8,2,0.0000,0.0000,0.0000,0.5000,"LeadPursuit",-0.354247
834,A0100,adaptive_eagle_v11,HABFM,1984.833375,81.095986,71.266292,152.337576,81.948473,11876.382558,297.952569,15806.507234,-122.329472,-4918.737204,-103.792505,3.639128,False,False,True,False,False,True,False,2-circle,1.000000,342.599810,-63.218626,49.586128,5.467451,97.886569,99.290177,0.709823,2.113431,2,8,3,0.0000,0.0000,0.0000,0.5000,"PNLeadPursuit",1.120053
834,B0100,defensive,HABFM,1984.833375,81.095986,71.266292,152.337576,81.948473,11876.382558,297.952569,15806.507234,-122.329472,-4918.737204,-103.792505,3.639128,False,False,True,False,False,True,False,2-circle,1.000000,342.599810,-63.218626,49.586128,5.467451,99.290177,97.886569,2.113431,0.709823,3,8,2,0.0000,0.0000,0.0000,0.5000,"LeadPursuit",-0.295716
835,A0100,adaptive_eagle_v11,HABFM,2036.577060,87.303968,66.603644,153.806069,88.152452,11865.018786,297.437137,15781.557662,-124.747859,-4901.155073,-179.049484,3.764210,False,False,True,False,False,True,False,2-circle,1.000000,360.620124,-71.489578,50.486971,6.050887,97.886569,99.290177,0.709823,2.113431,2,8,3,0.0000,0.0000,0.0000,0.5000,"PNLeadPursuit",0.070247
835,B0100,defensive,HABFM,2036.577060,87.303968,66.603644,153.806069,88.152452,11865.018786,297.437137,15781.557662,-124.747859,-4901.155073,-179.049484,3.764210,False,False,True,False,False,True,False,2-circle,1.000000,360.620124,-71.489578,50.486971,6.050887,99.290177,97.886569,2.113431,0.709823,3,8,2,0.0000,0.0000,0.0000,0.5000,"LeadPursuit",-0.244519
836,A0100,adaptive_eagle_v11,HABFM,2113.308878,93.117891,62.172740,155.087916,93.940635,11855.365554,296.865697,15756.869886,-123.438880,-4901.139198,-248.979428,3.919698,False,False,False,False,False,True,False,2-circle,1.000000,377.300765,-86.879928,51.564397,6.626232,97.886569,99.290177,0.709823,2.113431,2,8,3,0.0000,0.0000,0.0000,0.5000,"PNLeadPursuit",-0.094166
836,B0100,defensive,HABFM,2113.308878,93.117891,62.172740,155.087916,93.940635,11855.365554,296.865697,15756.869886,-123.438880,-4901.139198,-248.979428,3.919698,False,False,False,False,False,True,False,2-circle,1.000000,377.300765,-86.879928,51.564397,6.626232,99.290177,97.886569,2.113431,0.709823,3,8,2,0.0000,0.0000,0.0000,0.5000,"LeadPursuit",-0.201168
837,A0100,adaptive_eagle_v11,HABFM,2211.916286,98.452760,58.640220,156.789935,99.229718,11847.359955,296.254166,15732.806978,-120.314542,-4865.052560,-307.251856,4.096831,False,False,False,False,False,True,False,2-circle,1.000000,392.290545,-114.975901,52.732190,7.182041,97.886569,99.290177,0.709823,2.113431,2,8,3,0.0000,0.0000,0.0000,0.5000,"PNLeadPursuit",-0.076116
837,B0100,defensive,HABFM,2211.916286,98.452760,58.640220,156.789935,99.229718,11847.359955,296.254166,15732.806978,-120.314542,-4865.052560,-307.251856,4.096831,False,False,False,False,False,True,False,2-circle,1.000000,392.290545,-114.975901,52.732190,7.182041,99.290177,97.886569,2.113431,0.709823,3,8,2,0.0000,0.0000,0.0000,0.5000,"LeadPursuit",-0.165546
838,A0100,adaptive_eagle_v11,HABFM,2328.374695,103.277343,55.745617,158.551710,103.993017,11840.924030,295.610248,15709.499100,-116.539387,-4817.108955,-356.149928,4.290652,False,False,False,False,False,True,False,2-circle,1.000000,406.057239,-148.684729,53.939797,7.710089,97.886569,99.290177,0.709823,2.113431,2,8,3,0.0000,0.0000,0.0000,0.5000,"PNLeadPursuit",-0.073163
838,B0100,defensive,HABFM,2328.374695,103.277343,55.745617,158.551710,103.993017,11840.924030,295.610248,15709.499100,-116.539387,-4817.108955,-356.149928,4.290652,False,False,False,False,False,True,False,2-circle,1.000000,406.057239,-148.684729,53.939797,7.710089,99.290177,97.886569,2.113431,0.709823,3,8,2,0.0000,0.0000,0.0000,0.5000,"LeadPursuit",-0.136108
839,A0100,adaptive_eagle_v11,HABFM,2460.513985,107.580571,52.882929,159.740067,108.224404,11835.973704,294.937400,15686.958057,-112.705215,-4809.871778,-400.839079,4.499065,False,False,False,False,False,True,False,2-circle,1.000000,419.436114,-170.466384,55.161479,8.204848,97.886569,99.290177,0.709823,2.113431,2,8,3,0.0000,0.0000,0.0000,0.5000,"PNLeadPursuit",-0.060457
839,B0100,defensive,HABFM,2460.513985,107.580571,52.882929,159.740067,108.224404,11835.973704,294.937400,15686.958057,-112.705215,-4809.871778,-400.839079,4.499065,False,False,False,False,False,True,False,2-circle,1.000000,419.436114,-170.466384,55.161479,8.204848,99.290177,97.886569,2.113431,0.709823,3,8,2,0.0000,0.0000,0.0000,0.5000,"LeadPursuit",-0.111761
840,A0100,adaptive_eagle_v11,HABFM,2606.769868,111.372534,50.372790,160.770198,111.936891,11832.423110,294.237509,15665.152240,-109.029089,-4816.719900,-439.028987,4.721686,False,False,False,False,False,True,False,2-circle,1.000000,432.292730,178.371945,56.385067,8.662823,97.886569,99.290177,0.709823,2.113431,2,8,3,0.0000,0.0000,0.0000,0.5000,"PNLeadPursuit",-0.045616
840,B0100,defensive,HABFM,2606.769868,111.372534,50.372790,160.770198,111.936891,11832.423110,294.237509,15665.152240,-109.029089,-4816.719900,-439.028987,4.721686,False,False,False,False,False,True,False,2-circle,1.000000,432.292730,178.371945,56.385067,8.662823,99.290177,97.886569,2.113431,0.709823,3,8,2,0.0000,0.0000,0.0000,0.5000,"LeadPursuit",-0.092089
841,A0100,adaptive_eagle_v11,HABFM,2764.521028,114.692641,48.340329,161.860747,115.173184,11830.186258,293.512175,15644.042331,-105.549542,-4820.537399,-470.244489,4.959081,False,False,False,False,False,True,False,2-circle,1.000000,444.241008,172.456318,57.604908,9.081913,97.886569,99.290177,0.709823,2.113431,2,8,3,0.0000,0.0000,0.0000,0.5000,"PNLeadPursuit",-0.026070
841,B0100,defensive,HABFM,2764.521028,114.692641,48.340329,161.860747,115.173184,11830.186258,293.512175,15644.042331,-105.549542,-4820.537399,-470.244489,4.959081,False,False,False,False,False,True,False,2-circle,1.000000,444.241008,172.456318,57.604908,9.081913,99.290177,97.886569,2.113431,0.709823,3,8,2,0.0000,0.0000,0.0000,0.5000,"LeadPursuit",-0.076353
842,A0100,adaptive_eagle_v11,HABFM,2931.176808,117.591961,47.098793,163.361129,117.987517,11829.177533,292.763186,15623.593931,-102.242000,-4789.861184,-492.715713,5.212347,False,False,False,False,False,True,False,2-circle,1.000000,454.824343,169.120890,58.818245,9.460932,97.886569,99.290177,0.709823,2.113431,2,8,3,0.0000,0.0000,0.0000,0.5000,"PNLeadPursuit",-0.017265
842,B0100,defensive,HABFM,2931.176808,117.591961,47.098793,163.361129,117.987517,11829.177533,292.763186,15623.593931,-102.242000,-4789.861184,-492.715713,5.212347,False,False,False,False,False,True,False,2-circle,1.000000,454.824343,169.120890,58.818245,9.460932,99.290177,97.886569,2.113431,0.709823,3,8,2,0.0000,0.0000,0.0000,0.5000,"LeadPursuit",-0.063888
843,A0100,adaptive_eagle_v11,HABFM,3103.938002,120.126734,46.349211,164.844863,120.440337,11829.311781,291.992601,15603.779807,-99.070623,-4747.333742,-509.371899,5.482926,False,False,False,False,False,True,False,2-circle,1.000000,464.435751,167.202219,60.023536,9.799274,97.886569,99.290177,0.709823,2.113431,2,2,4,0.0000,0.0000,0.0000,0.5000,"ExtensionBreak",-0.009384
843,B0100,defensive,HABFM,3103.938002,120.126734,46.349211,164.844863,120.440337,11829.311781,291.992601,15603.779807,-99.070623,-4747.333742,-509.371899,5.482926,False,False,False,False,False,True,False,2-circle,1.000000,464.435751,167.202219,60.023536,9.799274,99.290177,97.886569,2.113431,0.709823,3,8,2,0.0000,0.0000,0.0000,0.5000,"LeadPursuit",-0.053636
844,A0100,adaptive_eagle_v11,HABFM,3281.323184,122.336480,46.176462,166.171335,122.574761,11830.504307,291.202703,15584.578598,-96.006042,-4679.846879,-519.961226,5.772531,False,False,False,False,False,True,False,2-circle,1.000000,474.220949,166.160177,61.219696,10.096689,97.886569,99.290177,0.709823,2.113431,2,2,4,0.0000,0.0000,0.0000,0.5000,"ExtensionBreak",-0.014473
844,B0100,defensive,HABFM,3281.323184,122.336480,46.176462,166.171335,122.574761,11830.504307,291.202703,15584.578598,-96.006042,-4679.846879,-519.961226,5.772531,False,False,False,False,False,True,False,2-circle,1.000000,474.220949,166.160177,61.219696,10.096689,99.290177,97.886569,2.113431,0.709823,3,8,3,0.0000,0.0000,0.0000,0.5000,"LeadPursuit",-0.043412
845,A0100,adaptive_eagle_v11,HABFM,3461.857049,124.208342,46.087334,166.366610,124.372599,11832.727682,292.058511,15608.899889,121.606456,-4544.479074,-528.975016,6.049576,False,False,False,False,False,True,False,2-circle,1.000000,486.396999,165.734545,62.406915,10.337337,97.886569,99.290177,0.709823,2.113431,2,2,4,0.0000,0.0000,0.0000,0.5000,"ExtensionBreak",-0.034576
845,B0100,defensive,HABFM,3461.857049,124.208342,46.087334,166.366610,124.372599,11832.727682,292.058511,15608.899889,121.606456,-4544.479074,-528.975016,6.049576,False,False,False,False,False,True,False,2-circle,1.000000,486.396999,165.734545,62.406915,10.337337,99.290177,97.886569,2.113431,0.709823,3,8,3,0.0000,0.0000,0.0000,0.5000,"LeadPursuit",-0.035546
846,A0100,adaptive_eagle_v11,HABFM,3646.584743,125.796046,45.196163,164.932965,125.896804,11835.976370,293.045314,15637.709433,144.047719,-4441.422814,-542.012689,6.354122,False,False,False,False,False,True,False,2-circle,1.000000,502.701333,165.799650,63.622076,10.532281,97.886569,99.290177,0.709823,2.113431,2,2,4,0.0000,0.0000,0.0000,0.5000,"ExtensionBreak",-0.051137
846,B0100,defensive,HABFM,3646.584743,125.796046,45.196163,164.932965,125.896804,11835.976370,293.045314,15637.709433,144.047719,-4441.422814,-542.012689,6.354122,False,False,False,False,False,True,False,2-circle,1.000000,502.701333,165.799650,63.622076,10.532281,99.290177,97.886569,2.113431,0.709823,3,8,3,0.0000,0.0000,0.0000,0.5000,"LeadPursuit",-0.027999
847,A0100,adaptive_eagle_v11,HABFM,3837.074262,127.094303,43.327082,162.761130,127.140082,11840.184106,294.078622,15668.775047,155.328067,-4374.707998,-559.867861,6.698108,False,False,False,False,False,True,False,2-circle,1.000000,522.891596,166.230002,64.882232,10.697755,97.886569,99.290177,0.709823,2.113431,1,8,4,0.0000,0.0000,0.0000,0.5000,"SmartHighYoYo",-0.053081
847,B0100,defensive,HABFM,3837.074262,127.094303,43.327082,162.761130,127.140082,11840.184106,294.078622,15668.775047,155.328067,-4374.707998,-559.867861,6.698108,False,False,False,False,False,True,False,2-circle,1.000000,522.891596,166.230002,64.882232,10.697755,99.290177,97.886569,2.113431,0.709823,3,8,3,0.0000,0.0000,0.0000,0.5000,"LeadPursuit",-0.021163
848,A0100,adaptive_eagle_v11,HABFM,4034.248002,128.114115,40.972038,160.828950,128.110938,11845.281381,295.094121,15700.359409,157.921813,-4361.059616,-579.588437,7.087708,False,False,False,False,False,True,False,2-circle,1.000000,544.903682,166.886713,66.177537,10.831389,97.886569,99.290177,0.709823,2.113431,1,8,4,0.0000,0.0000,0.0000,0.5000,"SmartHighYoYo",-0.043883
848,B0100,defensive,HABFM,4034.248002,128.114115,40.972038,160.828950,128.110938,11845.281381,295.094121,15700.359409,157.921813,-4361.059616,-579.588437,7.087708,False,False,False,False,False,True,False,2-circle,1.000000,544.903682,166.886713,66.177537,10.831389,99.290177,97.886569,2.113431,0.709823,3,8,3,0.0000,0.0000,0.0000,0.5000,"LeadPursuit",-0.015440
849,A0100,adaptive_eagle_v11,HABFM,4237.847936,128.886836,38.669286,159.531071,128.839369,11851.194370,296.087806,15732.278904,159.597472,-4394.403568,-598.091072,7.527733,False,False,False,False,False,True,False,2-circle,1.000000,566.481532,167.666325,67.495063,10.928867,97.886569,99.290177,0.709823,2.113431,2,0,4,0.0000,0.0000,0.0000,0.5000,"HeadOnBreak",-0.036524
849,B0100,defensive,HABFM,4237.847936,128.886836,38.669286,159.531071,128.839369,11851.194370,296.087806,15732.278904,159.597472,-4394.403568,-598.091072,7.527733,False,False,False,False,False,True,False,2-circle,1.000000,566.481532,167.666325,67.495063,10.928867,99.290177,97.886569,2.113431,0.709823,3,8,3,0.0000,0.0000,0.0000,0.5000,"LeadPursuit",-0.010890
850,A0100,adaptive_eagle_v11,HABFM,4446.968968,129.450353,36.464477,158.572444,129.362951,11857.846892,297.060442,15764.471705,160.964006,-4418.424406,-614.338900,8.025074,False,False,False,False,False,True,False,2-circle,1.000000,585.462981,168.499455,68.825706,10.986627,97.886569,99.290177,0.709823,2.113431,2,0,4,0.0000,0.0000,0.0000,0.5000,"HeadOnBreak",-0.042060
850,B0100,defensive,HABFM,4446.968968,129.450353,36.464477,158.572444,129.362951,11857.846892,297.060442,15764.471705,160.964006,-4418.424406,-614.338900,8.025074,False,False,False,False,False,True,False,2-circle,1.000000,585.462981,168.499455,68.825706,10.986627,99.290177,97.886569,2.113431,0.709823,3,8,3,0.0000,0.0000,0.0000,0.5000,"LeadPursuit",-0.006601
851,A0100,adaptive_eagle_v11,HABFM,4660.750905,129.811696,34.202614,156.753959,129.689600,11865.160488,298.013271,15796.886699,162.074970,-4368.339230,-627.920274,8.589722,False,False,False,False,False,True,False,2-circle,1.000000,602.442624,169.383279,70.164232,11.002301,97.886569,99.290177,0.709823,2.113431,2,0,4,0.0000,0.0000,0.0000,0.5000,"HeadOnBreak",-0.051397
851,B0100,defensive,HABFM,4660.750905,129.811696,34.202614,156.753959,129.689600,11865.160488,298.013271,15796.886699,162.074970,-4368.339230,-627.920274,8.589722,False,False,False,False,False,True,False,2-circle,1.000000,602.442624,169.383279,70.164232,11.002301,99.290177,97.886569,2.113431,0.709823,3,8,3,0.0000,0.0000,0.0000,0.5000,"LeadPursuit",-0.002258
852,A0100,adaptive_eagle_v11,HABFM,4878.863584,129.968495,31.528888,154.076376,129.817362,11873.054428,298.948002,15829.483353,162.983270,-4291.261297,-641.186460,9.235381,False,False,False,False,False,True,False,2-circle,1.000000,618.874108,170.328373,71.507676,10.974330,97.886569,99.290177,0.709823,2.113431,2,0,4,0.0000,0.0000,0.0000,0.5000,"HeadOnBreak",-0.067068
852,B0100,defensive,HABFM,4878.863584,129.968495,31.528888,154.076376,129.817362,11873.054428,298.948002,15829.483353,162.983270,-4291.261297,-641.186460,9.235381,False,False,False,False,False,True,False,2-circle,1.000000,618.874108,170.328373,71.507676,10.974330,99.290177,97.886569,2.113431,0.709823,3,8,3,0.0000,0.0000,0.0000,0.5000,"LeadPursuit",0.002328
853,A0100,adaptive_eagle_v11,HABFM,5101.634584,129.909266,27.852933,150.318864,129.734249,11881.445650,299.866753,15862.230376,163.735118,-4208.222038,-656.378936,9.980445,False,False,False,False,False,True,False,2-circle,1.000000,634.791615,171.323810,72.854151,10.901641,97.886569,99.290177,0.709823,2.113431,2,0,4,0.0000,0.0000,0.0000,0.5000,"TacticalLookup",-0.063571
853,B0100,defensive,HABFM,5101.634584,129.909266,27.852933,150.318864,129.734249,11881.445650,299.866753,15862.230376,163.735118,-4208.222038,-656.378936,9.980445,False,False,False,False,False,True,False,2-circle,1.000000,634.791615,171.323810,72.854151,10.901641,99.290177,97.886569,2.113431,0.709823,3,8,3,0.0000,0.0000,0.0000,0.5000,"LeadPursuit",0.006908
854,A0100,adaptive_eagle_v11,HABFM,5329.111440,129.632222,23.932548,146.533444,129.437965,11890.248719,300.771968,15895.103490,164.365567,-4156.687915,-670.171635,10.849684,False,False,False,False,False,True,False,2-circle,1.000000,648.612330,172.340504,74.202221,10.783445,97.886569,99.290177,0.709823,2.113431,2,8,4,0.0000,0.0000,0.0000,0.5000,"TacticalLookup",-0.047900
854,B0100,defensive,HABFM,5329.111440,129.632222,23.932548,146.533444,129.437965,11890.248719,300.771968,15895.103490,164.365567,-4156.687915,-670.171635,10.849684,False,False,False,False,False,True,False,2-circle,1.000000,648.612330,172.340504,74.202221,10.783445,99.290177,97.886569,2.113431,0.709823,3,8,3,0.0000,0.0000,0.0000,0.5000,"LeadPursuit",0.010791
855,A0100,adaptive_eagle_v11,HABFM,5560.142600,129.169886,20.863473,143.221905,128.961126,11899.375807,301.666325,15928.083177,164.898435,-4166.654673,-679.728868,11.877014,False,False,False,False,False,True,False,2-circle,1.000000,659.712431,173.365680,75.550612,10.619129,97.886569,99.290177,0.709823,2.113431,2,0,4,0.0000,0.0000,0.0000,0.5000,"TacticalLookup",-0.040610
855,B0100,defensive,HABFM,5560.142600,129.169886,20.863473,143.221905,128.961126,11899.375807,301.666325,15928.083177,164.898435,-4166.654673,-679.728868,11.877014,False,False,False,False,False,True,False,2-circle,1.000000,659.712431,173.365680,75.550612,10.619129,99.290177,97.886569,2.113431,0.709823,3,8,3,0.0000,0.0000,0.0000,0.5000,"LeadPursuit",0.014016
856,A0100,adaptive_eagle_v11,HABFM,5793.472226,128.557630,18.415919,139.993098,128.339044,11908.736724,302.552670,15961.152875,165.348491,-4192.381750,-685.928052,13.110019,False,False,False,False,False,True,False,2-circle,1.000000,669.201249,174.408327,76.898101,10.408200,97.886569,99.290177,0.709823,2.113431,2,0,4,0.0000,0.0000,0.0000,0.5000,"TacticalLookup",-0.048266
856,B0100,defensive,HABFM,5793.472226,128.557630,18.415919,139.993098,128.339044,11908.736724,302.552670,15961.152875,165.348491,-4192.381750,-685.928052,13.110019,False,False,False,False,False,True,False,2-circle,1.000000,669.201249,174.408327,76.898101,10.408200,99.290177,97.886569,2.113431,0.709823,3,8,3,0.0000,0.0000,0.0000,0.5000,"LeadPursuit",0.017250
857,A0100,adaptive_eagle_v11,HABFM,6028.308881,127.801763,15.855824,135.932487,127.577517,11918.238975,303.433961,15994.297680,165.724027,-4175.475748,-689.860101,14.617565,False,False,False,False,False,True,False,2-circle,1.000000,677.839742,175.473258,78.243478,10.150261,97.886569,99.290177,0.709823,2.113431,2,0,4,0.0000,0.0000,0.0000,0.5000,"HeadOnBreak",-0.057714
857,B0100,defensive,HABFM,6028.308881,127.801763,15.855824,135.932487,127.577517,11918.238975,303.433961,15994.297680,165.724027,-4175.475748,-689.860101,14.617565,False,False,False,False,False,True,False,2-circle,1.000000,677.839742,175.473258,78.243478,10.150261,99.290177,97.886569,2.113431,0.709823,3,8,3,0.0000,0.0000,0.0000,0.5000,"LeadPursuit",0.020943
858,A0100,adaptive_eagle_v11,HABFM,6263.773472,126.889063,12.986019,130.900051,126.662760,11927.787831,304.313234,16027.503484,166.029019,-4076.170785,-690.741905,16.503174,False,False,False,False,False,True,False,2-circle,1.000000,685.571990,176.557116,79.585543,9.844996,97.886569,99.290177,0.709823,2.113431,2,8,4,0.0000,0.0000,0.0000,0.5000,"HeadOnBreak",-0.037400
858,B0100,defensive,HABFM,6263.773472,126.889063,12.986019,130.900051,126.662760,11927.787831,304.313234,16027.503484,166.029019,-4076.170785,-690.741905,16.503174,False,False,False,False,False,True,False,2-circle,1.000000,685.571990,176.557116,79.585543,9.844996,99.290177,97.886569,2.113431,0.709823,3,8,3,0.0000,0.0000,0.0000,0.5000,"LeadPursuit",0.024540
859,A0100,adaptive_eagle_v11,HABFM,6498.780828,125.828015,10.701785,126.626735,125.603245,11937.286421,305.193578,16060.756426,166.264711,-4024.852777,-689.700251,18.929981,False,False,False,False,False,True,False,2-circle,1.000000,690.588525,177.638790,80.923119,9.492165,97.886569,99.290177,0.709823,2.113431,2,8,4,0.0000,0.0000,0.0000,0.5000,"HeadOnBreak",-0.002701
859,B0100,defensive,HABFM,6498.780828,125.828015,10.701785,126.626735,125.603245,11937.286421,305.193578,16060.756426,166.264711,-4024.852777,-689.700251,18.929981,False,False,False,False,False,True,False,2-circle,1.000000,690.588525,177.638790,80.923119,9.492165,99.290177,97.886569,2.113431,0.709823,3,8,3,0.0000,0.0000,0.0000,0.5000,"LeadPursuit",0.027235
860,A0100,adaptive_eagle_v11,HABFM,6732.890264,124.663633,9.693453,123.488164,124.444010,11946.635824,306.078120,16094.042564,166.430690,-4074.587599,-687.804758,22.170885,False,False,False,False,False,True,False,2-circle,1.000000,693.081441,178.716415,82.255060,9.091596,97.886569,99.290177,0.709823,2.113431,2,8,4,0.0000,0.0000,0.0000,0.5000,"HeadOnBreak",0.009330
860,B0100,defensive,HABFM,6732.890264,124.663633,9.693453,123.488164,124.444010,11946.635824,306.078120,16094.042564,166.430690,-4074.587599,-687.804758,22.170885,False,False,False,False,False,True,False,2-circle,1.000000,693.081441,178.716415,82.255060,9.091596,99.290177,97.886569,2.113431,0.709823,3,8,0,0.0000,0.0000,0.0000,0.5000,"Pursue",0.029295
861,A0100,adaptive_eagle_v11,HABFM,6966.161374,123.429859,9.334272,120.982210,123.218717,11955.735161,306.970013,16127.347683,166.525593,-4190.725193,-685.898207,26.719561,False,False,False,False,False,True,False,2-circle,1.000000,694.509212,179.799850,83.580270,8.643190,97.886569,99.290177,0.709823,2.113431,2,0,4,0.0000,0.0000,0.0000,0.5000,"HeadOnBreak",0.018943
861,B0100,defensive,HABFM,6966.161374,123.429859,9.334272,120.982210,123.218717,11955.735161,306.970013,16127.347683,166.525593,-4190.725193,-685.898207,26.719561,False,False,False,False,False,True,False,2-circle,1.000000,694.509212,179.799850,83.580270,8.643190,99.290177,97.886569,2.113431,0.709823,3,8,0,0.0000,0.0000,0.0000,0.5000,"Pursue",0.029657
862,A0100,adaptive_eagle_v11,HABFM,7198.252671,122.192892,9.565920,117.892620,121.995256,11964.440472,306.283253,16117.408241,-49.697210,-4313.736214,-680.842179,33.730149,False,False,False,False,False,True,False,2-circle,1.000000,695.621757,-179.108447,84.896207,8.149622,97.886569,99.290177,0.709823,2.113431,2,0,4,0.0000,0.0000,0.0000,0.5000,"HeadOnBreak",0.033913
862,B0100,defensive,HABFM,7198.252671,122.192892,9.565920,117.892620,121.995256,11964.440472,306.283253,16117.408241,-49.697210,-4313.736214,-680.842179,33.730149,False,False,False,False,False,True,False,2-circle,1.000000,695.621757,-179.108447,84.896207,8.149622,99.290177,97.886569,2.113431,0.709823,3,8,0,0.0000,0.0000,0.0000,0.5000,"Pursue",0.031966
863,A0100,adaptive_eagle_v11,HABFM,7427.961353,120.885737,11.024510,113.707708,120.704754,11972.583329,305.296973,16098.847754,-92.802432,-4381.728574,-671.754876,45.072620,False,False,False,False,False,True,False,2-circle,1.000000,697.307715,-178.039673,86.164570,7.608451,97.886569,99.290177,0.709823,2.113431,2,0,4,0.0000,0.0000,0.0000,0.5000,"HeadOnBreak",0.050806
863,B0100,defensive,HABFM,7427.961353,120.885737,11.024510,113.707708,120.704754,11972.583329,305.296973,16098.847754,-92.802432,-4381.728574,-671.754876,45.072620,False,False,False,False,False,True,False,2-circle,1.000000,697.307715,-178.039673,86.164570,7.608451,99.290177,97.886569,2.113431,0.709823,3,8,0,0.0000,0.0000,0.0000,0.5000,"Pursue",0.035088
864,A0100,adaptive_eagle_v11,HABFM,7653.742075,119.484477,13.449967,108.568029,119.322954,11980.062064,304.336029,16080.391929,-92.279130,-4357.992082,-657.910842,65.834592,False,False,False,False,False,True,False,2-circle,1.000000,699.752047,-177.014443,87.364256,7.017868,97.886569,99.290177,0.709823,2.113431,2,8,4,0.0000,0.0000,0.0000,0.5000,"HeadOnBreak",0.043370
864,B0100,defensive,HABFM,7653.742075,119.484477,13.449967,108.568029,119.322954,11980.062064,304.336029,16080.391929,-92.279130,-4357.992082,-657.910842,65.834592,False,False,False,False,False,True,False,2-circle,1.000000,699.752047,-177.014443,87.364256,7.017868,99.290177,97.886569,2.113431,0.709823,3,8,0,0.0000,0.0000,0.0000,0.5000,"Pursue",0.038182
865,A0100,adaptive_eagle_v11,HABFM,7874.674304,117.995435,15.376702,104.217358,117.856569,11986.781516,303.406496,16062.102386,-91.447712,-4393.427096,-645.157600,116.518103,False,False,False,False,False,True,False,2-circle,1.000000,701.091462,-176.038969,88.505744,6.382088,97.886569,99.290177,0.709823,2.113431,2,8,4,0.0000,0.0000,0.0000,0.5000,"HeadOnBreak",0.024666
865,B0100,defensive,HABFM,7874.674304,117.995435,15.376702,104.217358,117.856569,11986.781516,303.406496,16062.102386,-91.447712,-4393.427096,-645.157600,116.518103,False,False,False,False,False,True,False,2-circle,1.000000,701.091462,-176.038969,88.505744,6.382088,99.290177,97.886569,2.113431,0.709823,3,8,0,0.0000,0.0000,0.0000,0.5000,"Pursue",0.040539
866,A0100,adaptive_eagle_v11,HABFM,8091.678750,116.451896,16.551864,101.107693,116.339066,11992.649890,302.513314,16044.011846,-90.452703,-4529.394760,-635.593964,174.616025,False,False,False,False,False,True,False,2-circle,1.000000,701.154836,-175.105046,89.601380,5.704877,97.886569,99.290177,0.709823,2.113431,2,8,4,0.0000,0.0000,0.0000,0.5000,"HeadOnBreak",0.014232
866,B0100,defensive,HABFM,8091.678750,116.451896,16.551864,101.107693,116.339066,11992.649890,302.513314,16044.011846,-90.452703,-4529.394760,-635.593964,174.616025,False,False,False,False,False,True,False,2-circle,1.000000,701.154836,-175.105046,89.601380,5.704877,99.290177,97.886569,2.113431,0.709823,3,8,0,0.0000,0.0000,0.0000,0.5000,"Pursue",0.042379
867,A0100,adaptive_eagle_v11,HABFM,8305.821429,114.877792,17.279464,98.639737,114.794408,11997.578538,301.660762,16026.137327,-89.372590,-4728.428557,-628.129379,175.084710,False,False,False,False,False,True,False,2-circle,1.000000,701.077605,-174.198820,90.658758,4.988789,97.886569,99.290177,0.709823,2.113431,2,0,4,0.0000,0.0000,0.0000,0.5000,"HeadOnBreak",0.023972
867,B0100,defensive,HABFM,8305.821429,114.877792,17.279464,98.639737,114.794408,11997.578538,301.660762,16026.137327,-89.372590,-4728.428557,-628.129379,175.084710,False,False,False,False,False,True,False,2-circle,1.000000,701.077605,-174.198820,90.658758,4.988789,99.290177,97.886569,2.113431,0.709823,3,8,0,0.0000,0.0000,0.0000,0.5000,"Pursue",0.057771
868,A0100,adaptive_eagle_v11,HABFM,8516.667869,112.831343,18.724654,95.011408,112.776409,12001.484658,300.299009,15993.754205,-161.915612,-4884.630249,-614.245208,66.200269,False,False,False,False,False,True,False,2-circle,1.000000,701.425584,-177.649671,87.345313,4.408780,97.886569,99.290177,0.709823,2.113431,2,0,4,0.0000,0.0000,0.0000,0.5000,"HeadOnBreak",0.039589
868,B0100,defensive,HABFM,8516.667869,112.831343,18.724654,95.011408,112.776409,12001.484658,300.299009,15993.754205,-161.915612,-4884.630249,-614.245208,66.200269,False,False,False,False,False,True,False,2-circle,1.000000,701.425584,-177.649671,87.345313,4.408780,99.290177,97.886569,2.113431,0.709823,3,8,0,0.0000,0.0000,0.0000,0.5000,"Pursue",0.059033
869,A0100,adaptive_eagle_v11,HABFM,8721.698544,110.840486,21.272977,90.379485,110.802343,12004.594402,299.061021,15964.015385,-148.694101,-4963.626127,-595.365589,25.683049,False,False,False,False,False,True,False,2-circle,1.000000,702.653281,178.042907,83.157790,4.009888,97.886569,99.290177,0.709823,2.113431,2,0,4,0.0000,0.0000,0.0000,0.5000,"HeadOnBreak",0.055608
869,B0100,defensive,HABFM,8721.698544,110.840486,21.272977,90.379485,110.802343,12004.594402,299.061021,15964.015385,-148.694101,-4963.626127,-595.365589,25.683049,False,False,False,False,False,True,False,2-circle,1.000000,702.653281,178.042907,83.157790,4.009888,99.290177,97.886569,2.113431,0.709823,3,8,0,0.0000,0.0000,0.0000,0.5000,"Pursue",0.050085
870,A0100,adaptive_eagle_v11,UNKNOWN,8919.971089,109.189989,24.551271,85.260577,109.172058,12007.015083,298.355903,15947.787252,-81.140667,-4942.947133,-573.395771,33.963574,False,False,False,False,False,True,False,1-circle,1.000000,704.559576,179.584494,84.803717,3.777972,97.886569,99.290177,0.709823,2.113431,2,8,4,0.0000,0.0000,0.0000,0.5000,"HeadOnBreak",0.044394
870,B0100,defensive,UNKNOWN,8919.971089,109.189989,24.551271,85.260577,109.172058,12007.015083,298.355903,15947.787252,-81.140667,-4942.947133,-573.395771,33.963574,False,False,False,False,False,True,False,1-circle,1.000000,704.559576,179.584494,84.803717,3.777972,99.290177,97.886569,2.113431,0.709823,3,8,0,0.0000,0.0000,0.0000,0.5000,"Pursue",0.057358
871,A0100,adaptive_eagle_v11,UNKNOWN,9110.750901,107.358346,26.872018,80.879327,107.362734,12008.703910,297.533384,15927.777883,-100.046845,-4990.085377,-553.913538,65.817218,False,False,False,False,False,True,False,1-circle,1.000000,705.066221,-178.016787,87.305994,3.470559,97.886569,99.290177,0.709823,2.113431,2,8,4,0.0000,0.0000,0.0000,0.5000,"HeadOnBreak",0.022991
871,B0100,defensive,UNKNOWN,9110.750901,107.358346,26.872018,80.879327,107.362734,12008.703910,297.533384,15927.777883,-100.046845,-4990.085377,-553.913538,65.817218,False,False,False,False,False,True,False,1-circle,1.000000,705.066221,-178.016787,87.305994,3.470559,99.290177,97.886569,2.113431,0.709823,3,8,0,0.0000,0.0000,0.0000,0.5000,"Pursue",0.058376
872,A0100,adaptive_eagle_v11,UNKNOWN,9295.899822,105.542845,28.043924,77.797869,105.574570,12009.542475,296.815826,15909.736084,-90.208994,-5137.262825,-540.613005,177.841070,False,False,False,False,False,True,False,1-circle,1.000000,704.138810,-176.115359,89.312283,2.982401,97.886569,99.290177,0.709823,2.113431,2,8,4,0.0000,0.0000,0.0000,0.5000,"HeadOnBreak",0.011476
872,B0100,defensive,UNKNOWN,9295.899822,105.542845,28.043924,77.797869,105.574570,12009.542475,296.815826,15909.736084,-90.208994,-5137.262825,-540.613005,177.841070,False,False,False,False,False,True,False,1-circle,1.000000,704.138810,-176.115359,89.312283,2.982401,99.290177,97.886569,2.113431,0.709823,3,8,0,0.0000,0.0000,0.0000,0.5000,"Pursue",0.075738
873,A0100,adaptive_eagle_v11,UNKNOWN,9476.926756,103.288226,28.633432,74.920843,103.346870,12009.412616,295.626719,15878.418806,-156.586389,-5368.539827,-528.076185,53.071138,False,False,False,False,False,True,False,1-circle,1.000000,703.025695,-178.887752,86.639364,2.515955,97.886569,99.290177,0.709823,2.113431,2,8,4,0.0000,0.0000,0.0000,0.5000,"HeadOnBreak",0.015786
873,B0100,defensive,UNKNOWN,9476.926756,103.288226,28.633432,74.920843,103.346870,12009.412616,295.626719,15878.418806,-156.586389,-5368.539827,-528.076185,53.071138,False,False,False,False,False,True,False,1-circle,1.000000,703.025695,-178.887752,86.639364,2.515955,99.290177,97.886569,2.113431,0.709823,3,8,0,0.0000,0.0000,0.0000,0.5000,"Pursue",0.098275
874,A0100,adaptive_eagle_v11,UNKNOWN,9652.759464,100.549123,29.489500,71.283503,100.613017,12008.581235,293.853331,15831.308320,-235.552429,-5603.025891,-510.867175,15.620226,False,False,False,False,False,True,False,1-circle,1.000000,701.851560,173.031669,78.652100,2.315448,97.886569,99.290177,0.709823,2.113431,2,0,4,0.0000,0.0000,0.0000,0.5000,"HeadOnBreak",0.024914
874,B0100,defensive,UNKNOWN,9652.759464,100.549123,29.489500,71.283503,100.613017,12008.581235,293.853331,15831.308320,-235.552429,-5603.025891,-510.867175,15.620226,False,False,False,False,False,True,False,1-circle,1.000000,701.851560,173.031669,78.652100,2.315448,99.290177,97.886569,2.113431,0.709823,3,8,0,0.0000,0.0000,0.0000,0.5000,"Pursue",0.081026
875,A0100,adaptive_eagle_v11,UNKNOWN,9822.685600,98.406907,30.941347,67.675978,98.466640,12007.577391,292.804661,15803.068937,-141.196917,-5743.042480,-493.195296,11.642666,False,False,False,False,False,True,False,1-circle,1.000000,700.547469,169.171829,74.879885,2.463420,97.886569,99.290177,0.709823,2.113431,2,0,4,0.0000,0.0000,0.0000,0.5000,"TacticalLookup",0.040704
875,B0100,defensive,UNKNOWN,9822.685600,98.406907,30.941347,67.675978,98.466640,12007.577391,292.804661,15803.068937,-141.196917,-5743.042480,-493.195296,11.642666,False,False,False,False,False,True,False,1-circle,1.000000,700.547469,169.171829,74.879885,2.463420,99.290177,97.886569,2.113431,0.709823,3,8,0,0.0000,0.0000,0.0000,0.5000,"Pursue",0.067838
876,A0100,adaptive_eagle_v11,UNKNOWN,9986.321886,96.662849,33.352571,63.569183,96.727059,12006.349585,292.314727,15789.150194,-69.593715,-5793.103769,-471.692815,14.315063,False,False,False,False,False,True,False,1-circle,1.000000,700.431512,171.803912,77.586060,2.777228,97.886569,99.290177,0.709823,2.113431,2,0,4,0.0000,0.0000,0.0000,0.5000,"TacticalLookup",0.059336
876,B0100,defensive,UNKNOWN,9986.321886,96.662849,33.352571,63.569183,96.727059,12006.349585,292.314727,15789.150194,-69.593715,-5793.103769,-471.692815,14.315063,False,False,False,False,False,True,False,1-circle,1.000000,700.431512,171.803912,77.586060,2.777228,99.290177,97.886569,2.113431,0.709823,3,8,0,0.0000,0.0000,0.0000,0.5000,"Pursue",0.077370
877,A0100,adaptive_eagle_v11,UNKNOWN,10141.280377,94.739738,36.592687,58.417309,94.810448,12004.817124,291.676870,15771.126912,-90.116410,-5758.548820,-442.333135,19.817172,False,False,False,False,False,True,False,1-circle,1.000000,702.064112,175.107174,80.946167,2.902191,97.886569,99.290177,0.709823,2.113431,2,0,2,0.0000,0.0000,0.0000,0.5000,"TacticalLookup",0.055809
877,B0100,defensive,UNKNOWN,10141.280377,94.739738,36.592687,58.417309,94.810448,12004.817124,291.676870,15771.126912,-90.116410,-5758.548820,-442.333135,19.817172,False,False,False,False,False,True,False,1-circle,1.000000,702.064112,175.107174,80.946167,2.902191,99.290177,97.886569,2.113431,0.709823,3,8,0,0.0000,0.0000,0.0000,0.5000,"Pursue",0.079755
878,A0100,adaptive_eagle_v11,UNKNOWN,10286.454063,92.818350,39.336093,53.671669,92.901348,12002.840992,291.126239,15754.944040,-80.914361,-5769.726819,-415.427285,27.786834,False,False,False,False,False,True,False,1-circle,1.000000,703.422079,177.613556,83.504408,2.745342,97.886569,99.290177,0.709823,2.113431,2,8,2,0.0000,0.0000,0.0000,0.5000,"TacticalLookup",0.043109
878,B0100,defensive,UNKNOWN,10286.454063,92.818350,39.336093,53.671669,92.901348,12002.840992,291.126239,15754.944040,-80.914361,-5769.726819,-415.427285,27.786834,False,False,False,False,False,True,False,1-circle,1.000000,703.422079,177.613556,83.504408,2.745342,99.290177,97.886569,2.113431,0.709823,3,8,0,0.0000,0.0000,0.0000,0.5000,"Pursue",0.081919
879,A0100,adaptive_eagle_v11,UNKNOWN,10423.138923,90.908840,41.366248,49.674667,91.008263,12000.263920,290.662421,15740.420900,-72.615699,-5843.227179,-393.032167,38.602166,False,False,False,False,False,True,False,1-circle,1.000000,703.353770,179.361794,85.307197,2.373321,97.886569,99.290177,0.709823,2.113431,2,8,2,0.0000,0.0000,0.0000,0.5000,"TacticalLookup",-0.136974
879,B0100,defensive,UNKNOWN,10423.138923,90.908840,41.366248,49.674667,91.008263,12000.263920,290.662421,15740.420900,-72.615699,-5843.227179,-393.032167,38.602166,False,False,False,False,False,True,False,1-circle,1.000000,703.353770,179.361794,85.307197,2.373321,99.290177,97.886569,2.113431,0.709823,3,8,0,0.0000,0.0000,0.0000,0.5000,"Pursue",0.085036
880,A0100,adaptive_eagle_v11,UNKNOWN,10553.345318,88.994787,42.548643,46.569196,89.113204,11996.967890,290.249464,15726.504804,-69.580480,-5987.450856,-376.467293,53.696356,False,False,True,False,False,True,False,1-circle,1.000000,702.743857,-179.380791,86.617865,1.863442,97.886569,99.290177,0.709823,2.113431,2,0,2,0.0000,0.0000,0.0000,0.5000,"TacticalLookup",-0.464729
880,B0100,defensive,UNKNOWN,10553.345318,88.994787,42.548643,46.569196,89.113204,11996.967890,290.249464,15726.504804,-69.580480,-5987.450856,-376.467293,53.696356,False,False,True,False,False,True,False,1-circle,1.000000,702.743857,-179.380791,86.617865,1.863442,99.290177,97.886569,2.113431,0.709823,3,8,0,0.0000,0.0000,0.0000,0.5000,"Pursue",0.111454
881,A0100,adaptive_eagle_v11,UNKNOWN,10677.278432,86.608612,44.123107,42.632286,86.742586,11992.886690,289.321357,15698.610467,-139.471681,-6100.941978,-353.667103,28.260095,False,False,True,False,False,True,False,1-circle,1.000000,702.680018,177.527976,83.572761,1.433463,97.886569,99.290177,0.709823,2.113431,2,0,2,0.0000,0.0000,0.0000,0.5000,"TacticalLookup",-0.440035
881,B0100,defensive,UNKNOWN,10677.278432,86.608612,44.123107,42.632286,86.742586,11992.886690,289.321357,15698.610467,-139.471681,-6100.941978,-353.667103,28.260095,False,False,True,False,False,True,False,1-circle,1.000000,702.680018,177.527976,83.572761,1.433463,99.290177,97.886569,2.113431,0.709823,3,8,0,0.0000,0.0000,0.0000,0.5000,"Pursue",0.115407
882,A0100,adaptive_eagle_v11,UNKNOWN,10792.224295,84.275091,46.591071,37.903346,84.414825,11988.287296,288.469519,15672.221963,-131.942522,-6139.354805,-324.013650,16.965677,False,False,True,False,False,True,False,1-circle,1.000000,704.172904,173.264449,79.341801,1.153150,97.886569,99.290177,0.709823,2.113431,2,0,2,0.0000,0.0000,0.0000,0.5000,"TacticalLookup",-0.329660
882,B0100,defensive,UNKNOWN,10792.224295,84.275091,46.591071,37.903346,84.414825,11988.287296,288.469519,15672.221963,-131.942522,-6139.354805,-324.013650,16.965677,False,False,True,False,False,True,False,1-circle,1.000000,704.172904,173.264449,79.341801,1.153150,99.290177,97.886569,2.113431,0.709823,3,8,0,0.0000,0.0000,0.0000,0.5000,"Pursue",0.099599
883,A0100,adaptive_eagle_v11,UNKNOWN,10896.287921,82.338892,50.039429,32.583522,82.488438,11983.198317,288.159968,15659.230912,-64.955255,-6065.964958,-288.028895,19.284541,False,False,True,False,False,True,False,1-circle,1.000000,707.802883,174.495795,80.588625,1.040854,97.886569,99.290177,0.709823,2.113431,2,0,2,0.0000,0.0000,0.0000,0.5000,"TacticalLookup",-0.373934
883,B0100,defensive,UNKNOWN,10896.287921,82.338892,50.039429,32.583522,82.488438,11983.198317,288.159968,15659.230912,-64.955255,-6065.964958,-288.028895,19.284541,False,False,True,False,False,True,False,1-circle,1.000000,707.802883,174.495795,80.588625,1.040854,99.290177,97.886569,2.113431,0.709823,3,8,0,0.0000,0.0000,0.0000,0.5000,"Pursue",0.113972
884,A0100,adaptive_eagle_v11,UNKNOWN,10988.137208,80.220204,52.999179,27.448020,80.379060,11977.595039,287.698230,15641.856365,-86.872734,-6042.950122,-254.157689,25.450043,False,False,True,False,False,True,False,1-circle,1.000000,711.354149,176.726258,82.829573,0.879765,97.886569,99.290177,0.709823,2.113431,2,8,2,0.0000,0.0000,0.0000,0.5000,"TacticalLookup",-0.392337
884,B0100,defensive,UNKNOWN,10988.137208,80.220204,52.999179,27.448020,80.379060,11977.595039,287.698230,15641.856365,-86.872734,-6042.950122,-254.157689,25.450043,False,False,True,False,False,True,False,1-circle,1.000000,711.354149,176.726258,82.829573,0.879765,99.290177,97.886569,2.113431,0.709823,3,8,0,0.0000,0.0000,0.0000,0.5000,"Pursue",0.118898
885,A0100,adaptive_eagle_v11,UNKNOWN,11069.506005,78.104146,55.094729,23.194680,78.274302,11971.396119,287.306487,15625.685377,-80.854941,-6095.338409,-227.028175,34.184922,False,False,True,False,False,True,False,1-circle,1.000000,713.489116,178.524791,84.641744,0.555059,97.886569,99.290177,0.709823,2.113431,2,8,2,0.0000,0.0000,0.0000,0.5000,"TacticalLookup",-0.516190
885,B0100,defensive,UNKNOWN,11069.506005,78.104146,55.094729,23.194680,78.274302,11971.396119,287.306487,15625.685377,-80.854941,-6095.338409,-227.028175,34.184922,False,False,True,False,False,True,False,1-circle,1.000000,713.489116,178.524791,84.641744,0.555059,99.290177,97.886569,2.113431,0.709823,3,8,0,0.0000,0.0000,0.0000,0.5000,"Pursue",0.152470
886,A0100,adaptive_eagle_v11,UNKNOWN,11142.923146,75.542912,56.230099,19.514660,75.720450,11964.524606,286.442474,15596.867929,-144.087238,-6244.846624,-205.408235,22.837713,False,False,True,False,False,True,False,1-circle,1.000000,715.141652,175.854450,81.984151,0.249088,97.886569,99.290177,0.709823,2.113431,2,0,2,0.0000,0.0000,0.0000,0.5000,"TacticalLookup",-0.633227
886,B0100,defensive,UNKNOWN,11142.923146,75.542912,56.230099,19.514660,75.720450,11964.524606,286.442474,15596.867929,-144.087238,-6244.846624,-205.408235,22.837713,False,False,True,False,False,True,False,1-circle,1.000000,715.141652,175.854450,81.984151,0.249088,99.290177,97.886569,2.113431,0.709823,3,8,0,0.0000,0.0000,0.0000,0.5000,"Pursue",0.197956
887,A0100,adaptive_eagle_v11,UNKNOWN,11208.236287,72.478953,57.646401,15.090643,72.646981,11957.348074,284.970192,15552.447687,-222.101211,-6372.215884,-178.551636,11.336008,False,False,True,False,False,True,False,1-circle,1.000000,717.047548,167.946046,74.083615,0.188599,97.886569,99.290177,0.709823,2.113431,2,0,2,0.0000,0.0000,0.0000,0.5000,"TacticalLookup",-0.491503
887,B0100,defensive,UNKNOWN,11208.236287,72.478953,57.646401,15.090643,72.646981,11957.348074,284.970192,15552.447687,-222.101211,-6372.215884,-178.551636,11.336008,False,False,True,False,False,True,False,1-circle,1.000000,717.047548,167.946046,74.083615,0.188599,99.290177,97.886569,2.113431,0.709823,3,8,0,0.0000,0.0000,0.0000,0.5000,"Pursue",0.171758
888,A0100,adaptive_eagle_v11,UNKNOWN,11263.844920,70.009704,59.907383,10.592040,70.165719,11950.366040,284.183829,15525.651985,-133.978510,-6404.357823,-147.491553,8.948206,False,False,True,False,False,True,False,1-circle,1.000000,720.150096,163.950769,70.085723,0.471336,97.886569,99.290177,0.709823,2.113431,2,0,2,0.0000,0.0000,0.0000,0.5000,"TacticalLookup",-0.367448
888,B0100,defensive,UNKNOWN,11263.844920,70.009704,59.907383,10.592040,70.165719,11950.366040,284.183829,15525.651985,-133.978510,-6404.357823,-147.491553,8.948206,False,False,True,False,False,True,False,1-circle,1.000000,720.150096,163.950769,70.085723,0.471336,99.290177,97.886569,2.113431,0.709823,3,8,0,0.0000,0.0000,0.0000,0.5000,"Pursue",0.149418
889,A0100,adaptive_eagle_v11,UNKNOWN,11307.909143,67.964612,63.182371,5.905550,68.116703,11943.414153,283.962715,15513.138624,-62.566803,-6321.874142,-109.215199,10.280481,False,False,True,False,False,True,False,1-circle,1.000000,725.447281,166.368315,72.484274,0.947722,97.886569,99.290177,0.709823,2.113431,1,0,4,0.0000,0.0000,0.0000,0.5000,"SmartHighYoYo",-0.415651
889,B0100,defensive,UNKNOWN,11307.909143,67.964612,63.182371,5.905550,68.116703,11943.414153,283.962715,15513.138624,-62.566803,-6321.874142,-109.215199,10.280481,False,False,True,False,False,True,False,1-circle,1.000000,725.447281,166.368315,72.484274,0.947722,99.290177,97.886569,2.113431,0.709823,3,8,0,0.0000,0.0000,0.0000,0.5000,"Pursue",0.171466
890,A0100,adaptive_eagle_v11,UNKNOWN,11339.044552,65.743428,66.046295,2.846252,65.891617,11936.421320,283.573114,15496.357098,-83.907633,-6288.896053,-73.475174,12.754379,False,False,True,False,False,True,False,1-circle,1.000000,730.876577,169.616608,75.707736,1.262741,97.886569,99.290177,0.709823,2.113431,1,0,4,0.0000,0.0000,0.0000,0.5000,"SmartHighYoYo",-0.430819
890,B0100,defensive,UNKNOWN,11339.044552,65.743428,66.046295,2.846252,65.891617,11936.421320,283.573114,15496.357098,-83.907633,-6288.896053,-73.475174,12.754379,False,False,True,False,False,True,False,1-circle,1.000000,730.876577,169.616608,75.707736,1.262741,99.290177,97.886569,2.113431,0.709823,3,8,0,0.0000,0.0000,0.0000,0.5000,"Pursue",0.180111
891,A0100,adaptive_eagle_v11,UNKNOWN,11359.015190,63.533085,68.327833,5.299573,63.680506,11929.280777,283.250552,15481.122362,-76.173677,-6315.557675,-42.962848,15.532335,False,False,True,False,False,True,False,1-circle,1.000000,734.996387,172.101927,78.170664,1.305847,97.886569,99.290177,0.709823,2.113431,1,0,4,0.0000,0.0000,0.0000,0.5000,"SmartHighYoYo",-0.424997
891,B0100,defensive,UNKNOWN,11359.015190,63.533085,68.327833,5.299573,63.680506,11929.280777,283.250552,15481.122362,-76.173677,-6315.557675,-42.962848,15.532335,False,False,True,False,False,True,False,1-circle,1.000000,734.996387,172.101927,78.170664,1.305847,99.290177,97.886569,2.113431,0.709823,3,8,0,0.0000,0.0000,0.0000,0.5000,"Pursue",0.188499
892,A0100,adaptive_eagle_v11,UNKNOWN,11368.571298,61.344258,70.730346,9.590399,61.493073,11921.841851,283.004896,15467.525274,-67.985442,-6330.639261,-11.324708,18.200425,False,False,True,False,False,True,False,1-circle,1.000000,738.279524,173.809902,79.856370,1.135213,97.886569,99.290177,0.709823,2.113431,1,0,4,0.0000,0.0000,0.0000,0.5000,"SmartHighYoYo",-0.416396
892,B0100,defensive,UNKNOWN,11368.571298,61.344258,70.730346,9.590399,61.493073,11921.841851,283.004896,15467.525274,-67.985442,-6330.639261,-11.324708,18.200425,False,False,True,False,False,True,False,1-circle,1.000000,738.279524,173.809902,79.856370,1.135213,99.290177,97.886569,2.113431,0.709823,3,8,0,0.0000,0.0000,0.0000,0.5000,"Pursue",0.200120
893,A0100,adaptive_eagle_v11,UNKNOWN,11366.859910,59.150077,73.530635,14.504049,59.301188,11913.993170,282.800374,15454.553645,-64.858144,-6302.908982,24.150859,20.649187,False,False,True,False,False,True,False,1-circle,1.000000,741.561196,175.011766,81.031244,0.826272,97.886569,99.290177,0.709823,2.113431,1,0,4,0.0000,0.0000,0.0000,0.5000,"SmartHighYoYo",-0.433396
893,B0100,defensive,UNKNOWN,11366.859910,59.150077,73.530635,14.504049,59.301188,11913.993170,282.800374,15454.553645,-64.858144,-6302.908982,24.150859,20.649187,False,False,True,False,False,True,False,1-circle,1.000000,741.561196,175.011766,81.031244,0.826272,99.290177,97.886569,2.113431,0.709823,3,7,1,0.0000,0.0000,0.0000,0.5000,"Pursue",0.214765
894,A0100,adaptive_eagle_v11,UNKNOWN,11353.135264,56.932747,76.035192,19.170361,57.085963,11905.656590,282.613612,15441.542217,-65.057139,-6288.253318,57.088412,22.953980,False,False,True,False,False,True,False,1-circle,1.000000,744.623168,175.924554,81.913120,0.434117,97.886569,99.290177,0.709823,2.113431,1,0,4,0.0000,0.0000,0.0000,0.5000,"SmartHighYoYo",-0.575084
894,B0100,defensive,UNKNOWN,11353.135264,56.932747,76.035192,19.170361,57.085963,11905.656590,282.613612,15441.542217,-65.057139,-6288.253318,57.088412,22.953980,False,False,True,False,False,True,False,1-circle,1.000000,744.623168,175.924554,81.913120,0.434117,99.290177,97.886569,2.113431,0.709823,3,7,1,0.0000,0.0000,0.0000,0.5000,"Pursue",0.282282
895,A0100,adaptive_eagle_v11,DBFM,11329.040723,54.241150,78.096394,23.895975,54.391651,11896.819065,281.912895,15415.192568,-131.748245,-6341.889059,87.679473,16.412324,False,False,True,False,False,True,False,1-circle,1.000000,747.194272,172.776885,78.732505,0.143986,97.886569,99.290177,0.709823,2.113431,4,0,3,0.0000,0.0000,0.0000,0.5000,"SmartHighYoYo",-0.577252
895,B0100,defensive,DBFM,11329.040723,54.241150,78.096394,23.895975,54.391651,11896.819065,281.912895,15415.192568,-131.748245,-6341.889059,87.679473,16.412324,False,False,True,False,False,True,False,1-circle,1.000000,747.194272,172.776885,78.732505,0.143986,99.290177,97.886569,2.113431,0.709823,3,7,1,0.0000,0.0000,0.0000,0.5000,"Pursue",0.301772
896,A0100,adaptive_eagle_v11,DBFM,11294.320020,51.612826,80.221470,28.637473,51.756708,11887.818911,281.279553,15390.401506,-123.955311,-6383.386595,118.330904,11.731051,False,False,True,False,False,True,False,1-circle,1.000000,749.559938,168.471769,74.390535,0.010100,97.886569,99.290177,0.709823,2.113431,1,0,4,0.0000,0.0000,0.0000,0.5000,"SmartHighYoYo",-0.471963
896,B0100,defensive,DBFM,11294.320020,51.612826,80.221470,28.637473,51.756708,11887.818911,281.279553,15390.401506,-123.955311,-6383.386595,118.330904,11.731051,False,False,True,False,False,True,False,1-circle,1.000000,749.559938,168.471769,74.390535,0.010100,99.290177,97.886569,2.113431,0.709823,3,7,1,0.0000,0.0000,0.0000,0.5000,"Pursue",0.274611
897,A0100,adaptive_eagle_v11,DBFM,11249.350540,49.383315,82.691264,33.342126,49.523438,11878.601513,281.154749,15378.076587,-61.624594,-6360.160214,150.520546,12.602232,False,False,True,False,False,True,False,1-circle,1.000000,752.732999,169.541575,75.414101,0.058776,97.886569,99.290177,0.709823,2.113431,1,0,4,0.0000,0.0000,0.0000,0.5000,"SmartHighYoYo",-0.501444
897,B0100,defensive,DBFM,11249.350540,49.383315,82.691264,33.342126,49.523438,11878.601513,281.154749,15378.076587,-61.624594,-6360.160214,150.520546,12.602232,False,False,True,False,False,True,False,1-circle,1.000000,752.732999,169.541575,75.414101,0.058776,99.290177,97.886569,2.113431,0.709823,3,7,1,0.0000,0.0000,0.0000,0.5000,"Pursue",0.320147
898,A0100,adaptive_eagle_v11,DBFM,11192.405342,46.977478,85.749549,38.794503,47.112749,11869.159890,280.861682,15361.343296,-83.666458,-6282.774769,188.488106,14.863044,False,False,True,False,False,True,False,1-circle,1.000000,756.730341,171.727989,77.543849,0.074257,97.886569,99.290177,0.709823,2.113431,1,0,4,0.0000,0.0000,0.0000,0.5000,"SmartHighYoYo",-0.528508
898,B0100,defensive,DBFM,11192.405342,46.977478,85.749549,38.794503,47.112749,11869.159890,280.861682,15361.343296,-83.666458,-6282.774769,188.488106,14.863044,False,False,True,False,False,True,False,1-circle,1.000000,756.730341,171.727989,77.543849,0.074257,99.290177,97.886569,2.113431,0.709823,3,7,1,0.0000,0.0000,0.0000,0.5000,"Pursue",0.344633
899,A0100,adaptive_eagle_v11,OBFM,11123.251420,44.580734,88.200931,43.623503,44.710708,11859.435366,280.626669,15345.776987,-77.831544,-6256.412368,220.441166,17.365595,False,False,True,False,False,True,False,1-circle,1.000000,759.347271,173.523490,79.284007,-0.063820,97.886569,99.290177,0.709823,2.113431,1,0,4,0.0000,0.0000,0.0000,0.5000,"SmartHighYoYo",-0.562489
899,B0100,defensive,OBFM,11123.251420,44.580734,88.200931,43.623503,44.710708,11859.435366,280.626669,15345.776987,-77.831544,-6256.412368,220.441166,17.365595,False,False,True,False,False,True,False,1-circle,1.000000,759.347271,173.523490,79.284007,-0.063820,99.290177,97.886569,2.113431,0.709823,3,7,1,0.0000,0.0000,0.0000,0.5000,"Pursue",0.258320
900,A0100,adaptive_eagle_v11,OBFM,11044.247346,42.205760,90.032931,47.827200,42.328631,11849.320924,280.465274,15331.653539,-70.617240,-6306.239292,246.309287,19.675671,False,False,True,False,False,True,False,1-circle,1.000000,759.596924,174.798440,80.511207,-0.336413,97.886569,99.290177,0.709823,2.113431,1,1,4,0.0000,0.0000,0.0000,0.5000,"SmartHighYoYo",-0.714088
900,B0100,defensive,OBFM,11044.247346,42.205760,90.032931,47.827200,42.328631,11849.320924,280.465274,15331.653539,-70.617240,-6306.239292,246.309287,19.675671,False,False,True,False,False,True,False,1-circle,1.000000,759.596924,174.798440,80.511207,-0.336413,99.290177,97.886569,2.113431,0.709823,3,7,1,0.0000,0.0000,0.0000,0.5000,"Pursue",0.054745
901,A0100,adaptive_eagle_v11,OBFM,10956.295366,39.374522,91.987952,52.615958,39.485825,11838.785429,279.818878,15305.084892,-132.843235,-6363.936874,274.159039,14.937738,False,False,True,False,False,True,False,1-circle,1.000000,758.007675,171.885059,77.555045,-0.550456,97.886569,99.290177,0.709823,2.113431,1,1,4,0.0000,0.0000,0.0000,0.5000,"SmartHighYoYo",-0.722688
901,B0100,defensive,OBFM,10956.295366,39.374522,91.987952,52.615958,39.485825,11838.785429,279.818878,15305.084892,-132.843235,-6363.936874,274.159039,14.937738,False,False,True,False,False,True,False,1-circle,1.000000,758.007675,171.885059,77.555045,-0.550456,99.290177,97.886569,2.113431,0.709823,3,7,1,0.0000,0.0000,0.0000,0.5000,"Pursue",0.050678
902,A0100,adaptive_eagle_v11,OBFM,10858.316343,36.606582,94.230036,57.630663,36.706167,11828.171578,279.241780,15280.187995,-124.484486,-6399.671045,303.776953,11.021190,False,False,True,False,False,True,False,1-circle,1.000000,754.908977,167.683428,73.313216,-0.635413,97.886569,99.290177,0.709823,2.113431,1,1,4,0.0000,0.0000,0.0000,0.5000,"SmartHighYoYo",-0.607215
902,B0100,defensive,OBFM,10858.316343,36.606582,94.230036,57.630663,36.706167,11828.171578,279.241780,15280.187995,-124.484486,-6399.671045,303.776953,11.021190,False,False,True,False,False,True,False,1-circle,1.000000,754.908977,167.683428,73.313216,-0.635413,99.290177,97.886569,2.113431,0.709823,3,7,1,0.0000,0.0000,0.0000,0.5000,"Pursue",-0.002839
903,A0100,adaptive_eagle_v11,OBFM,10750.430697,34.266676,96.584379,62.323635,34.354675,11817.394487,279.200243,15268.384022,-59.019865,-6404.808606,332.808813,11.762816,False,False,True,False,False,True,False,1-circle,1.000000,751.395610,168.721369,74.307360,-0.547232,97.886569,99.290177,0.709823,2.113431,1,1,4,0.0000,0.0000,0.0000,0.5000,"SmartHighYoYo",-0.672419
903,B0100,defensive,OBFM,10750.430697,34.266676,96.584379,62.323635,34.354675,11817.394487,279.200243,15268.384022,-59.019865,-6404.808606,332.808813,11.762816,False,False,True,False,False,True,False,1-circle,1.000000,751.395610,168.721369,74.307360,-0.547232,99.290177,97.886569,2.113431,0.709823,3,7,1,0.0000,0.0000,0.0000,0.5000,"Pursue",0.022061
904,A0100,adaptive_eagle_v11,OBFM,10632.421504,31.750020,99.308388,67.560441,31.824983,11806.438074,278.989307,15252.215117,-80.844524,-6366.880080,364.794204,13.674430,False,False,True,False,False,True,False,1-circle,1.000000,748.709733,170.870974,76.401852,-0.492221,97.886569,99.290177,0.709823,2.113431,4,1,3,0.0000,0.0000,0.0000,0.5000,"SmartHighYoYo",-0.695813
904,B0100,defensive,OBFM,10632.421504,31.750020,99.308388,67.560441,31.824983,11806.438074,278.989307,15252.215117,-80.844524,-6366.880080,364.794204,13.674430,False,False,True,False,False,True,False,1-circle,1.000000,748.709733,170.870974,76.401852,-0.492221,99.290177,97.886569,2.113431,0.709823,3,7,1,0.0000,0.0000,0.0000,0.5000,"Pursue",0.089928
905,A0100,adaptive_eagle_v11,UNKNOWN,10503.483112,29.239923,101.960472,72.720902,29.299277,11795.251481,278.828306,15237.052660,-75.812285,-6337.010519,395.377361,15.726573,False,False,True,False,False,True,False,1-circle,1.000000,747.214661,172.652565,78.113854,-0.589970,97.886569,99.290177,0.709823,2.113431,1,1,4,0.0000,0.0000,0.0000,0.5000,"SmartHighYoYo",-0.934391
905,B0100,defensive,UNKNOWN,10503.483112,29.239923,101.960472,72.720902,29.299277,11795.251481,278.828306,15237.052660,-75.812285,-6337.010519,395.377361,15.726573,False,False,True,False,False,True,False,1-circle,1.000000,747.214661,172.652565,78.113854,-0.589970,99.290177,97.886569,2.113431,0.709823,3,6,3,0.0000,0.0000,0.0000,0.5000,"Pursue",0.345464
906,A0100,adaptive_eagle_v11,UNKNOWN,10364.482182,26.212581,104.588791,78.376235,26.255808,11783.794701,279.857513,15251.051431,69.993853,-6266.160219,427.448164,12.780921,False,False,True,False,False,True,False,1-circle,1.000000,746.846582,170.150783,75.527706,-0.685415,97.886569,99.290177,0.709823,2.113431,4,1,3,0.0000,0.0000,0.0000,0.5000,"SmartHighYoYo",-0.988466
906,B0100,defensive,UNKNOWN,10364.482182,26.212581,104.588791,78.376235,26.255808,11783.794701,279.857513,15251.051431,69.993853,-6266.160219,427.448164,12.780921,False,False,True,False,False,True,False,1-circle,1.000000,746.846582,170.150783,75.527706,-0.685415,99.290177,97.886569,2.113431,0.709823,3,6,3,0.0000,0.0000,0.0000,0.5000,"Pursue",0.474181
907,A0100,adaptive_eagle_v11,UNKNOWN,10214.418006,23.254576,107.160164,83.905607,23.288533,11772.422815,281.108957,15270.758066,98.533177,-6190.434802,458.003640,9.833897,False,False,True,False,False,True,False,1-circle,1.000000,747.106368,166.249103,71.528408,-0.697292,97.886569,99.290177,0.709823,2.113431,1,1,4,0.0000,0.0000,0.0000,0.5000,"SmartHighYoYo",-0.842426
907,B0100,defensive,UNKNOWN,10214.418006,23.254576,107.160164,83.905607,23.288533,11772.422815,281.108957,15270.758066,98.533177,-6190.434802,458.003640,9.833897,False,False,True,False,False,True,False,1-circle,1.000000,747.106368,166.249103,71.528408,-0.697292,99.290177,97.886569,2.113431,0.709823,3,6,3,0.0000,0.0000,0.0000,0.5000,"Pursue",0.412885
908,A0100,adaptive_eagle_v11,UNKNOWN,10054.688110,20.751627,109.746500,88.994881,20.773793,11761.001682,282.993573,15306.401368,178.216513,-6090.582643,487.297364,10.455811,False,False,True,False,False,True,False,1-circle,1.000000,747.854953,167.493658,72.662671,-0.547551,97.886569,99.290177,0.709823,2.113431,4,1,3,0.0000,0.0000,0.0000,0.5000,"SmartHighYoYo",-0.971585
908,B0100,defensive,UNKNOWN,10054.688110,20.751627,109.746500,88.994881,20.773793,11761.001682,282.993573,15306.401368,178.216513,-6090.582643,487.297364,10.455811,False,False,True,False,False,True,False,1-circle,1.000000,747.854953,167.493658,72.662671,-0.547551,99.290177,97.886569,2.113431,0.709823,3,6,3,0.0000,0.0000,0.0000,0.5000,"Pursue",0.624161
909,A0100,adaptive_eagle_v11,HABFM,9884.882394,18.075166,112.247513,94.172377,18.084997,11749.502466,284.703982,15337.888360,157.434958,-6001.771656,515.096453,11.996710,False,False,True,False,False,True,False,2-circle,1.000000,748.693369,169.814706,74.862164,-0.434411,97.886569,99.290177,0.709823,2.113431,1,1,4,0.0000,0.0000,0.0000,0.5000,"SmartHighYoYo",-1.051188
909,B0100,defensive,HABFM,9884.882394,18.075166,112.247513,94.172377,18.084997,11749.502466,284.703982,15337.888360,157.434958,-6001.771656,515.096453,11.996710,False,False,True,False,False,True,False,2-circle,1.000000,748.693369,169.814706,74.862164,-0.434411,99.290177,97.886569,2.113431,0.709823,3,6,3,0.0000,0.0000,0.0000,0.5000,"Pursue",0.864158
910,A0100,adaptive_eagle_v11,HABFM,9706.564881,15.389946,114.316454,98.926584,15.382412,11737.882571,286.442301,15370.221494,161.665669,-5954.017832,538.717480,13.658636,False,False,True,False,False,True,False,2-circle,1.000000,749.323452,171.791976,76.708016,-0.475010,97.886569,99.290177,0.709823,2.113431,1,0,3,0.0000,0.0000,0.0000,0.5000,"LeadPursuit",-1.027140
910,B0100,defensive,HABFM,9706.564881,15.389946,114.316454,98.926584,15.382412,11737.882571,286.442301,15370.221494,161.665669,-5954.017832,538.717480,13.658636,False,False,True,False,False,True,False,2-circle,1.000000,749.323452,171.791976,76.708016,-0.475010,99.290177,97.886569,2.113431,0.709823,3,6,3,0.0000,0.0000,0.0000,0.5000,"Pursue",0.874197
911,A0100,adaptive_eagle_v11,HABFM,9519.991493,12.710033,116.846084,104.138285,12.677457,11726.039104,288.224750,15403.724725,167.516158,-5856.394142,564.688996,15.210036,False,False,True,False,False,True,False,2-circle,1.000000,750.502996,173.322316,78.090865,-0.650450,97.886569,99.290177,0.709823,2.113431,1,0,3,0.0000,0.0000,0.0000,0.5000,"LeadPursuit",-1.209894
911,B0100,defensive,HABFM,9519.991493,12.710033,116.846084,104.138285,12.677457,11726.039104,288.224750,15403.724725,167.516158,-5856.394142,564.688996,15.210036,False,False,True,False,False,True,False,2-circle,1.000000,750.502996,173.322316,78.090865,-0.650450,99.290177,97.886569,2.113431,0.709823,3,5,3,0.0000,0.0000,0.0000,0.5000,"Pursue",1.131001
912,A0100,adaptive_eagle_v11,HABFM,9324.066593,9.563155,119.917607,110.358655,9.502680,11713.955743,289.475144,15423.620073,99.476738,-5718.078858,592.907466,12.047386,False,False,True,False,False,True,False,2-circle,1.000000,751.988762,170.543047,75.147773,-0.765215,97.886569,99.290177,0.709823,2.113431,1,0,3,0.0000,0.0000,0.0000,0.5000,"LeadPursuit",-1.623504
912,B0100,defensive,HABFM,9324.066593,9.563155,119.917607,110.358655,9.502680,11713.955743,289.475144,15423.620073,99.476738,-5718.078858,592.907466,12.047386,False,False,True,False,False,True,False,2-circle,1.000000,751.988762,170.543047,75.147773,-0.765215,99.290177,97.886569,2.113431,0.709823,3,5,3,0.0000,0.0000,0.0000,0.5000,"Pursue",1.906686
913,A0100,adaptive_eagle_v11,HABFM,9119.503290,5.868546,122.103710,116.235508,5.816682,11702.188482,290.044934,15426.471084,14.255057,-5668.691648,612.851128,7.548891,False,False,True,False,False,True,False,2-circle,1.000000,750.657144,162.651436,67.097144,-0.619312,97.886569,99.290177,0.709823,2.113431,1,0,3,0.0000,0.0000,0.0000,0.5000,"LeadPursuit",-1.783326
913,B0100,defensive,HABFM,9119.503290,5.868546,122.103710,116.235508,5.816682,11702.188482,290.044934,15426.471084,14.255057,-5668.691648,612.851128,7.548891,False,False,True,False,False,True,False,2-circle,1.000000,750.657144,162.651436,67.097144,-0.619312,99.290177,97.886569,2.113431,0.709823,2,2,3,0.0000,0.0000,0.0000,0.5000,"Pursue",2.363643
914,A0100,adaptive_eagle_v11,HABFM,8909.004850,1.972092,123.582666,121.639280,1.978910,11691.529758,290.270483,15421.606866,-24.321090,-5705.998527,626.214321,4.954129,False,False,True,False,False,True,False,2-circle,1.000000,744.641073,152.937778,57.244358,0.000244,97.886569,99.290177,0.709823,2.113431,1,0,3,0.0000,0.0000,0.0000,0.5000,"LeadPursuit",-1.408063
914,B0100,defensive,HABFM,8909.004850,1.972092,123.582666,121.639280,1.978910,11691.529758,290.270483,15421.606866,-24.321090,-5705.998527,626.214321,4.954129,False,False,True,False,False,True,False,2-circle,1.000000,744.641073,152.937778,57.244358,0.000244,99.290177,97.886569,2.113431,0.709823,2,2,3,0.0000,0.0000,0.0000,0.5000,"Pursue",1.920188
915,A0100,adaptive_eagle_v11,HABFM,8693.865217,2.332027,125.175831,127.224328,-1.782732,11683.286491,290.140709,15410.029067,-57.888996,-5754.703773,638.111256,3.184389,False,False,True,False,False,True,False,2-circle,-1.000000,733.039884,140.761385,44.957924,1.242906,97.886569,99.290177,0.709823,2.113431,1,0,3,0.0000,0.0000,0.0000,0.5000,"LeadPursuit",-0.152007
915,B0100,defensive,HABFM,8693.865217,2.332027,125.175831,127.224328,-1.782732,11683.286491,290.140709,15410.029067,-57.888996,-5754.703773,638.111256,3.184389,False,False,True,False,False,True,False,2-circle,-1.000000,733.039884,140.761385,44.957924,1.242906,99.290177,97.886569,2.113431,0.709823,2,2,3,0.0000,0.0000,0.0000,0.5000,"Pursue",0.074193
916,A0100,adaptive_eagle_v11,HABFM,8474.137264,5.843056,127.012277,132.453076,-4.841421,11678.373681,290.294178,15409.059781,-4.846430,-5778.161772,650.209520,1.981427,False,False,True,False,False,True,False,2-circle,-1.000000,715.480952,127.742568,31.864870,2.745154,97.886569,99.290177,0.709823,2.113431,1,0,3,0.0000,0.0000,0.0000,0.5000,"LeadPursuit",0.827865
916,B0100,defensive,HABFM,8474.137264,5.843056,127.012277,132.453076,-4.841421,11678.373681,290.294178,15409.059781,-4.846430,-5778.161772,650.209520,1.981427,False,False,True,False,False,True,False,2-circle,-1.000000,715.480952,127.742568,31.864870,2.745154,99.290177,97.886569,2.113431,0.709823,2,2,3,0.0000,0.0000,0.0000,0.5000,"Pursue",-1.379109
917,A0100,adaptive_eagle_v11,HABFM,8249.830816,8.728547,128.990856,137.081807,-7.130258,11677.076710,290.695819,15418.093250,45.167345,-5789.352338,662.486180,1.044512,False,False,True,False,False,True,False,2-circle,-1.000000,692.603364,114.081747,18.165263,3.469396,97.886569,99.290177,0.709823,2.113431,1,0,3,0.0000,0.0000,0.0000,0.5000,"LeadPursuit",1.106492
917,B0100,defensive,HABFM,8249.830816,8.728547,128.990856,137.081807,-7.130258,11677.076710,290.695819,15418.093250,45.167345,-5789.352338,662.486180,1.044512,False,False,True,False,False,True,False,2-circle,-1.000000,692.603364,114.081747,18.165263,3.469396,99.290177,97.886569,2.113431,0.709823,2,2,3,0.0000,0.0000,0.0000,0.5000,"Pursue",-1.765617
918,A0100,adaptive_eagle_v11,HABFM,8021.045347,10.983892,131.036030,141.046917,-8.736911,11679.295981,291.158144,15432.221479,70.641146,-5799.959307,674.761906,0.194652,False,False,True,False,False,True,False,2-circle,-1.000000,665.679147,99.430244,3.504582,4.284759,97.886569,99.290177,0.709823,2.113431,1,0,3,0.0000,0.0000,0.0000,0.5000,"LeadPursuit",1.010637
918,B0100,defensive,HABFM,8021.045347,10.983892,131.036030,141.046917,-8.736911,11679.295981,291.158144,15432.221479,70.641146,-5799.959307,674.761906,0.194652,False,False,True,False,False,True,False,2-circle,-1.000000,665.679147,99.430244,3.504582,4.284759,99.290177,97.886569,2.113431,0.709823,2,2,3,0.0000,0.0000,0.0000,0.5000,"Pursue",-1.608903
919,A0100,adaptive_eagle_v11,HABFM,7787.769433,12.748707,133.474794,144.717548,-9.736659,11684.826736,291.437710,15444.962706,63.706133,-5783.018260,688.576615,0.678539,False,False,True,False,False,True,False,2-circle,-1.000000,636.237569,83.851483,-12.062915,5.982411,97.886569,99.290177,0.709823,2.113431,1,0,3,0.0000,0.0000,0.0000,0.5000,"LeadPursuit",-199.208710
919,B0100,defensive,HABFM,7787.769433,12.748707,133.474794,144.717548,-9.736659,11684.826736,291.437710,15444.962706,63.706133,-5783.018260,688.576615,0.678539,False,False,True,False,False,True,False,2-circle,-1.000000,636.237569,83.851483,-12.062915,5.982411,99.290177,97.886569,2.113431,0.709823,2,2,3,0.0000,0.0000,0.0000,0.5000,"Pursue",-1.285142
