step,agent_id,tree_name,bfm_situation,distance_ft,ata_deg,aa_deg,hca_deg,relative_bearing_deg,ego_altitude_ft,ego_vc_kts,specific_energy_ft,ps_fts,energy_diff_ft,closure_rate_kts,turn_rate_degs,in_wez,enm_in_wez,in_39_line,overshoot_risk,energy_advantage,alt_advantage,spd_advantage,tc_type,side_flag,alt_gap_ft,ego_health,enm_health,ego_damage_dealt,enm_damage_dealt,tau_deg,roll_deg,pitch_deg,action_alt,action_hdg,action_vel,aileron,elevator,rudder,throttle,active_node,reward
0,A0100,adaptive_eagle_v9,HABFM,3297.631970,90.000000,90.000000,180.000000,-90.000000,15000.000480,386.782661,21622.867763,0.000000,0.000000,-0.000000,0.000000,False,False,False,False,True,True,True,2-circle,-1.000000,0.000000,100.000000,100.000000,0.000000,0.000000,90.000000,-0.000000,0.000000,2,0,3,0.0000,0.0000,0.0000,0.5000,"LeadPursuit",-0.238483
0,B0100,L7_mid_level_aggressive,HABFM,3297.631970,90.000000,90.000000,180.000000,-90.000000,15000.000480,386.782661,21622.867763,0.000000,0.000000,-0.000000,0.000000,False,False,False,False,True,True,True,2-circle,-1.000000,0.000000,100.000000,100.000000,0.000000,0.000000,90.000000,-0.000000,0.000000,2,7,1,0.0000,0.0000,0.0000,0.5000,"LagPursuit",-0.240592
1,A0100,adaptive_eagle_v9,HABFM,3313.153508,95.562767,84.488798,179.893236,-95.562908,14999.608114,388.505069,21681.592212,293.622244,66.397905,-91.705209,0.215467,False,False,False,False,True,True,True,2-circle,-1.000000,0.662893,100.000000,100.000000,0.000000,0.000000,95.375990,5.364472,0.904827,2,0,3,0.0000,0.0000,0.0000,0.5000,"LeadPursuit",-0.192620
1,B0100,L7_mid_level_aggressive,HABFM,3313.153508,95.562767,84.488798,179.893236,-95.562908,14999.608114,388.505069,21681.592212,293.622244,66.397905,-91.705209,0.215467,False,False,False,False,True,True,True,2-circle,-1.000000,0.662893,100.000000,100.000000,0.000000,0.000000,95.375990,5.364472,0.904827,2,7,1,0.0000,0.0000,0.0000,0.5000,"LagPursuit",-0.218213
2,A0100,adaptive_eagle_v9,HABFM,3358.978943,101.188766,79.565515,177.805045,-101.188988,14998.712463,390.805246,21760.053270,392.305294,228.925543,-178.610598,0.882945,False,False,False,False,True,True,True,2-circle,-1.000000,4.907310,100.000000,100.000000,0.000000,0.000000,111.239591,21.154315,6.517469,2,0,3,0.0000,0.0000,0.0000,0.5000,"LeadPursuit",-0.136841
2,B0100,L7_mid_level_aggressive,HABFM,3358.978943,101.188766,79.565515,177.805045,-101.188988,14998.712463,390.805246,21760.053270,392.305294,228.925543,-178.610598,0.882945,False,False,False,False,True,True,True,2-circle,-1.000000,4.907310,100.000000,100.000000,0.000000,0.000000,111.239591,21.154315,6.517469,2,7,1,0.0000,0.0000,0.0000,0.5000,"LagPursuit",-0.207423
3,A0100,adaptive_eagle_v9,HABFM,3432.686147,107.146152,75.792924,174.146181,-107.144819,14999.631949,389.136842,21703.365706,-283.437824,220.603821,-256.333529,1.885123,False,False,False,False,True,True,True,2-circle,-1.000000,13.074666,100.000000,100.000000,0.000000,0.000000,129.675710,39.448369,10.586146,2,0,3,0.0000,0.0000,0.0000,0.5000,"LeadPursuit",-0.091647
3,B0100,L7_mid_level_aggressive,HABFM,3432.686147,107.146152,75.792924,174.146181,-107.144819,14999.631949,389.136842,21703.365706,-283.437824,220.603821,-256.333529,1.885123,False,False,False,False,True,True,True,2-circle,-1.000000,13.074666,100.000000,100.000000,0.000000,0.000000,129.675710,39.448369,10.586146,2,7,1,0.0000,0.0000,0.0000,0.5000,"LagPursuit",-0.193364
4,A0100,adaptive_eagle_v9,HABFM,3530.981799,113.331813,73.141902,170.186130,-113.330827,15003.208273,386.965029,21632.322403,-355.216514,213.504346,-324.024495,3.693135,False,False,False,False,True,True,True,2-circle,-1.000000,23.648041,100.000000,100.000000,0.000000,0.000000,148.462723,58.050976,12.198595,2,6,4,0.0000,0.0000,0.0000,0.5000,"ExtensionBreak",-0.079653
4,B0100,L7_mid_level_aggressive,HABFM,3530.981799,113.331813,73.141902,170.186130,-113.330827,15003.208273,386.965029,21632.322403,-355.216514,213.504346,-324.024495,3.693135,False,False,False,False,True,True,True,2-circle,-1.000000,23.648041,100.000000,100.000000,0.000000,0.000000,148.462723,58.050976,12.198595,2,7,1,0.0000,0.0000,0.0000,0.5000,"LagPursuit",-0.182176
5,A0100,adaptive_eagle_v9,HABFM,3651.244541,119.812172,70.735958,166.422258,-119.816306,15008.927367,384.174636,21542.781519,-447.704421,129.703797,-388.803690,6.657706,False,False,False,False,True,True,True,2-circle,-1.000000,34.893262,100.000000,100.000000,0.000000,0.000000,161.405413,70.796609,12.671384,2,6,4,0.0000,0.0000,0.0000,0.5000,"ExtensionBreak",-0.103896
5,B0100,L7_mid_level_aggressive,HABFM,3651.244541,119.812172,70.735958,166.422258,-119.816306,15008.927367,384.174636,21542.781519,-447.704421,129.703797,-388.803690,6.657706,False,False,False,False,True,True,True,2-circle,-1.000000,34.893262,100.000000,100.000000,0.000000,0.000000,161.405413,70.796609,12.671384,2,7,1,0.0000,0.0000,0.0000,0.5000,"LagPursuit",-0.165068
6,A0100,adaptive_eagle_v9,HABFM,3794.104588,126.319216,67.409210,163.559076,-126.334794,15016.434702,380.961172,21441.439945,-506.707867,-55.630701,-457.215219,10.248200,False,False,False,False,False,True,False,2-circle,-1.000000,45.131804,100.000000,100.000000,0.000000,0.000000,167.941175,77.152422,12.154438,2,6,4,0.0000,0.0000,0.0000,0.5000,"ExtensionBreak",-0.122687
6,B0100,L7_mid_level_aggressive,HABFM,3794.104588,126.319216,67.409210,163.559076,-126.334794,15016.434702,380.961172,21441.439945,-506.707867,-55.630701,-457.215219,10.248200,False,False,False,False,False,True,False,2-circle,-1.000000,45.131804,100.000000,100.000000,0.000000,0.000000,167.941175,77.152422,12.154438,2,7,1,0.0000,0.0000,0.0000,0.5000,"LagPursuit",-0.141628
7,A0100,adaptive_eagle_v9,HABFM,3960.274974,132.455168,63.200485,161.976834,-132.483565,15024.980249,377.904692,21347.302473,-470.687358,-315.997126,-526.184157,17.881012,False,False,False,False,False,True,False,2-circle,-1.000000,54.114473,100.000000,100.000000,0.000000,0.000000,173.442876,82.497045,10.910043,2,6,4,0.0000,0.0000,0.0000,0.5000,"ExtensionBreak",-0.111376
7,B0100,L7_mid_level_aggressive,HABFM,3960.274974,132.455168,63.200485,161.976834,-132.483565,15024.980249,377.904692,21347.302473,-470.687358,-315.997126,-526.184157,17.881012,False,False,False,False,False,True,False,2-circle,-1.000000,54.114473,100.000000,100.000000,0.000000,0.000000,173.442876,82.497045,10.910043,2,7,1,0.0000,0.0000,0.0000,0.5000,"LagPursuit",-0.123216
8,A0100,adaptive_eagle_v9,HABFM,4148.689803,138.263689,59.097412,160.754457,-138.301354,15033.839433,374.898506,21255.975137,-456.636684,-582.240722,-587.882772,53.539314,False,False,False,False,False,True,False,2-circle,-1.000000,61.632397,100.000000,100.000000,0.000000,0.000000,178.537408,87.462454,9.389154,2,6,4,0.0000,0.0000,0.0000,0.5000,"ExtensionBreak",-0.096317
8,B0100,L7_mid_level_aggressive,HABFM,4148.689803,138.263689,59.097412,160.754457,-138.301354,15033.839433,374.898506,21255.975137,-456.636684,-582.240722,-587.882772,53.539314,False,False,False,False,False,True,False,2-circle,-1.000000,61.632397,100.000000,100.000000,0.000000,0.000000,178.537408,87.462454,9.389154,2,7,1,0.0000,0.0000,0.0000,0.5000,"LagPursuit",-0.107577
9,A0100,adaptive_eagle_v9,HABFM,4356.482386,143.733761,55.302043,159.664447,-143.772938,15042.353205,371.974629,21167.813056,-440.810404,-850.567741,-641.150961,136.936520,False,False,False,False,False,True,False,2-circle,-1.000000,67.527872,100.000000,100.000000,0.000000,0.000000,-176.666498,92.160893,8.038985,2,6,4,0.0000,0.0000,0.0000,0.5000,"ExtensionBreak",-0.080534
9,B0100,L7_mid_level_aggressive,HABFM,4356.482386,143.733761,55.302043,159.664447,-143.772938,15042.353205,371.974629,21167.813056,-440.810404,-850.567741,-641.150961,136.936520,False,False,False,False,False,True,False,2-circle,-1.000000,67.527872,100.000000,100.000000,0.000000,0.000000,-176.666498,92.160893,8.038985,2,1,1,0.0000,0.0000,0.0000,0.5000,"LagPursuit",-0.101916
10,A0100,adaptive_eagle_v9,HABFM,4581.298268,149.302437,51.925801,158.032008,-149.340866,15050.072535,370.769628,21135.910141,-159.514572,-1043.436824,-689.242602,137.346409,False,False,False,False,False,True,False,2-circle,-1.000000,71.190303,100.000000,100.000000,0.000000,0.000000,-178.023153,90.748988,7.233508,2,6,4,0.0000,0.0000,0.0000,0.5000,"ExtensionBreak",-0.063039
10,B0100,L7_mid_level_aggressive,HABFM,4581.298268,149.302437,51.925801,158.032008,-149.340866,15050.072535,370.769628,21135.910141,-159.514572,-1043.436824,-689.242602,137.346409,False,False,False,False,False,True,False,2-circle,-1.000000,71.190303,100.000000,100.000000,0.000000,0.000000,-178.023153,90.748988,7.233508,2,1,1,0.0000,0.0000,0.0000,0.5000,"LagPursuit",-0.099546
11,A0100,adaptive_eagle_v9,HABFM,4820.990115,155.176877,49.134501,155.261133,-155.241327,15057.337492,368.578003,21071.440784,-322.346787,-1289.660877,-729.048527,10.872509,False,False,False,False,False,True,False,2-circle,-1.000000,71.324963,100.000000,100.000000,0.000000,0.000000,168.716739,77.498114,7.159396,2,6,4,0.0000,0.0000,0.0000,0.5000,"ExtensionBreak",-0.045551
11,B0100,L7_mid_level_aggressive,HABFM,4820.990115,155.176877,49.134501,155.261133,-155.241327,15057.337492,368.578003,21071.440784,-322.346787,-1289.660877,-729.048527,10.872509,False,False,False,False,False,True,False,2-circle,-1.000000,71.324963,100.000000,100.000000,0.000000,0.000000,168.716739,77.498114,7.159396,2,7,1,0.0000,0.0000,0.0000,0.5000,"LagPursuit",-0.079857
12,A0100,adaptive_eagle_v9,HABFM,5072.220225,160.258561,47.026071,152.320894,-160.438514,15065.756121,366.742179,21020.098181,-256.713015,-1530.097546,-757.981157,5.673842,False,False,False,False,False,True,False,2-circle,-1.000000,65.670280,100.000000,100.000000,0.000000,0.000000,157.992610,66.883840,7.490361,2,6,4,0.0000,0.0000,0.0000,0.5000,"ExtensionBreak",-0.032162
12,B0100,L7_mid_level_aggressive,HABFM,5072.220225,160.258561,47.026071,152.320894,-160.438514,15065.756121,366.742179,21020.098181,-256.713015,-1530.097546,-757.981157,5.673842,False,False,False,False,False,True,False,2-circle,-1.000000,65.670280,100.000000,100.000000,0.000000,0.000000,157.992610,66.883840,7.490361,2,0,3,0.0000,0.0000,0.0000,0.5000,"LeadPursuit",-0.066415
13,A0100,adaptive_eagle_v9,HABFM,5331.607196,164.730479,45.504303,149.202238,-165.194413,15076.068247,365.140977,20978.530313,-207.839338,-1749.729196,-778.379286,4.818236,False,False,False,False,False,True,False,2-circle,-1.000000,53.336274,100.000000,100.000000,0.000000,0.000000,154.108166,63.219738,8.612088,2,6,4,0.0000,0.0000,0.0000,0.5000,"ExtensionBreak",-0.037797
13,B0100,L7_mid_level_aggressive,HABFM,5331.607196,164.730479,45.504303,149.202238,-165.194413,15076.068247,365.140977,20978.530313,-207.839338,-1749.729196,-778.379286,4.818236,False,False,False,False,False,True,False,2-circle,-1.000000,53.336274,100.000000,100.000000,0.000000,0.000000,154.108166,63.219738,8.612088,2,0,3,0.0000,0.0000,0.0000,0.5000,"LeadPursuit",-0.050894
14,A0100,adaptive_eagle_v9,HABFM,5597.100299,168.287855,43.731364,146.597693,-169.556916,15089.278212,363.248779,20930.724449,-239.029325,-1979.386872,-795.576319,2.945496,False,False,False,False,False,True,False,2-circle,-1.000000,34.974212,100.000000,100.000000,0.000000,0.000000,140.896474,50.322646,9.747283,2,6,4,0.0000,0.0000,0.0000,0.5000,"ExtensionBreak",-0.063210
14,B0100,L7_mid_level_aggressive,HABFM,5597.100299,168.287855,43.731364,146.597693,-169.556916,15089.278212,363.248779,20930.724449,-239.029325,-1979.386872,-795.576319,2.945496,False,False,False,False,False,True,False,2-circle,-1.000000,34.974212,100.000000,100.000000,0.000000,0.000000,140.896474,50.322646,9.747283,2,0,3,0.0000,0.0000,0.0000,0.5000,"LeadPursuit",-0.024372
15,A0100,adaptive_eagle_v9,HABFM,5868.828131,169.871897,40.682254,146.133295,-172.788914,15106.251815,361.989900,20907.279848,-117.223001,-2096.463377,-814.975094,1.497421,False,False,False,False,False,True,False,2-circle,-1.000000,13.035603,100.000000,100.000000,0.000000,0.000000,121.633149,31.422888,10.456802,2,6,4,0.0000,0.0000,0.0000,0.5000,"ExtensionBreak",-0.071375
15,B0100,L7_mid_level_aggressive,HABFM,5868.828131,169.871897,40.682254,146.133295,-172.788914,15106.251815,361.989900,20907.279848,-117.223001,-2096.463377,-814.975094,1.497421,False,False,False,False,False,True,False,2-circle,-1.000000,13.035603,100.000000,100.000000,0.000000,0.000000,121.633149,31.422888,10.456802,2,0,3,0.0000,0.0000,0.0000,0.5000,"LeadPursuit",-0.003306
16,A0100,adaptive_eagle_v9,HABFM,6147.101061,169.760283,37.059888,147.203117,-174.822824,15127.204740,361.397724,20909.268594,9.943728,-2103.672716,-833.246291,0.426899,False,False,False,False,False,False,False,2-circle,-1.000000,-10.580975,100.000000,100.000000,0.000000,0.000000,99.700711,9.868118,11.475866,1,3,4,0.0000,0.0000,0.0000,0.5000,"HeadOnBreak",-0.070980
16,B0100,L7_mid_level_aggressive,HABFM,6147.101061,169.760283,37.059888,147.203117,-174.822824,15127.204740,361.397724,20909.268594,9.943728,-2103.672716,-833.246291,0.426899,False,False,False,False,False,False,False,2-circle,-1.000000,-10.580975,100.000000,100.000000,0.000000,0.000000,99.700711,9.868118,11.475866,2,0,3,0.0000,0.0000,0.0000,0.5000,"LeadPursuit",0.009346
17,A0100,adaptive_eagle_v9,HABFM,6431.202579,168.664784,33.251193,149.085691,-175.915148,15151.941174,360.760159,20913.622015,21.767104,-2090.018279,-848.839992,0.527529,False,False,False,False,False,False,False,2-circle,-1.000000,-35.553276,100.000000,100.000000,0.000000,0.000000,77.333369,-12.115932,13.702734,1,3,4,0.0000,0.0000,0.0000,0.5000,"HeadOnBreak",-0.061221
17,B0100,L7_mid_level_aggressive,HABFM,6431.202579,168.664784,33.251193,149.085691,-175.915148,15151.941174,360.760159,20913.622015,21.767104,-2090.018279,-848.839992,0.527529,False,False,False,False,False,False,False,2-circle,-1.000000,-35.553276,100.000000,100.000000,0.000000,0.000000,77.333369,-12.115932,13.702734,2,0,3,0.0000,0.0000,0.0000,0.5000,"LeadPursuit",0.020431
18,A0100,adaptive_eagle_v9,HABFM,6719.927957,166.793699,29.769391,151.027840,-175.994714,15180.936539,359.990719,20918.066227,22.221059,-2073.695400,-859.323400,1.663470,False,False,False,False,False,False,False,2-circle,-1.000000,-61.711014,100.000000,100.000000,0.000000,0.000000,55.013669,-34.051897,18.427180,1,3,4,0.0000,0.0000,0.0000,0.5000,"HeadOnBreak",-0.038561
18,B0100,L7_mid_level_aggressive,HABFM,6719.927957,166.793699,29.769391,151.027840,-175.994714,15180.936539,359.990719,20918.066227,22.221059,-2073.695400,-859.323400,1.663470,False,False,False,False,False,False,False,2-circle,-1.000000,-61.711014,100.000000,100.000000,0.000000,0.000000,55.013669,-34.051897,18.427180,2,0,3,0.0000,0.0000,0.0000,0.5000,"LeadPursuit",0.024093
19,A0100,adaptive_eagle_v9,HABFM,7011.191901,164.727828,27.450731,152.542023,-174.995975,15214.407232,358.733577,20911.537047,-32.645900,-2145.573823,-863.584169,3.642115,False,False,False,False,False,False,False,2-circle,-1.000000,-89.336828,100.000000,100.000000,0.000000,0.000000,32.805546,-55.872338,21.475149,1,2,4,0.0000,0.0000,0.0000,0.5000,"HeadOnBreak",-0.023738
19,B0100,L7_mid_level_aggressive,HABFM,7011.191901,164.727828,27.450731,152.542023,-174.995975,15214.407232,358.733577,20911.537047,-32.645900,-2145.573823,-863.584169,3.642115,False,False,False,False,False,False,False,2-circle,-1.000000,-89.336828,100.000000,100.000000,0.000000,0.000000,32.805546,-55.872338,21.475149,2,0,3,0.0000,0.0000,0.0000,0.5000,"LeadPursuit",0.020226
20,A0100,adaptive_eagle_v9,HABFM,7303.408354,163.016666,25.947659,154.058798,-173.240785,15251.159900,357.271286,20901.938401,-47.993229,-2246.511716,-864.564487,11.533647,False,False,False,False,False,False,False,2-circle,-1.000000,-118.188613,100.000000,100.000000,0.000000,0.000000,10.408910,-77.879889,22.534474,1,2,4,0.0000,0.0000,0.0000,0.5000,"HeadOnBreak",-0.012989
20,B0100,L7_mid_level_aggressive,HABFM,7303.408354,163.016666,25.947659,154.058798,-173.240785,15251.159900,357.271286,20901.938401,-47.993229,-2246.511716,-864.564487,11.533647,False,False,False,False,False,False,False,2-circle,-1.000000,-118.188613,100.000000,100.000000,0.000000,0.000000,10.408910,-77.879889,22.534474,2,0,3,0.0000,0.0000,0.0000,0.5000,"LeadPursuit",0.012995
21,A0100,adaptive_eagle_v9,HABFM,7595.718831,161.909273,25.108774,156.017244,-171.165104,15289.088615,355.861124,20895.347531,-32.954346,-2336.229668,-863.853354,142.358978,False,False,False,False,False,False,False,2-circle,-1.000000,-147.029874,100.000000,100.000000,0.000000,0.000000,-12.006569,-99.920423,21.603791,1,1,4,0.0000,0.0000,0.0000,0.5000,"HeadOnBreak",-0.009523
21,B0100,L7_mid_level_aggressive,HABFM,7595.718831,161.909273,25.108774,156.017244,-171.165104,15289.088615,355.861124,20895.347531,-32.954346,-2336.229668,-863.853354,142.358978,False,False,False,False,False,False,False,2-circle,-1.000000,-147.029874,100.000000,100.000000,0.000000,0.000000,-12.006569,-99.920423,21.603791,2,0,3,0.0000,0.0000,0.0000,0.5000,"LeadPursuit",0.004420
22,A0100,adaptive_eagle_v9,HABFM,7887.977892,161.471012,24.519388,158.297965,-169.442292,15325.951135,355.170671,20910.476258,75.643634,-2368.433279,-863.969203,142.549178,False,False,False,False,False,False,False,2-circle,-1.000000,-175.515607,100.000000,100.000000,0.000000,0.000000,-25.518296,-113.073212,19.212366,1,0,4,0.0000,0.0000,0.0000,0.5000,"HeadOnBreak",-0.001729
22,B0100,L7_mid_level_aggressive,HABFM,7887.977892,161.471012,24.519388,158.297965,-169.442292,15325.951135,355.170671,20910.476258,75.643634,-2368.433279,-863.969203,142.549178,False,False,False,False,False,False,False,2-circle,-1.000000,-175.515607,100.000000,100.000000,0.000000,0.000000,-25.518296,-113.073212,19.212366,2,0,3,0.0000,0.0000,0.0000,0.5000,"LeadPursuit",0.002943
23,A0100,adaptive_eagle_v9,HABFM,8180.320383,161.194014,24.362997,159.704517,-168.120170,15360.852415,355.219965,20946.927798,182.257697,-2343.664952,-863.246205,142.459788,False,False,False,False,False,False,False,2-circle,-1.000000,-202.568803,100.000000,100.000000,0.000000,0.000000,-22.234754,-109.459355,16.441074,1,0,4,0.0000,0.0000,0.0000,0.5000,"HeadOnBreak",0.018376
23,B0100,L7_mid_level_aggressive,HABFM,8180.320383,161.194014,24.362997,159.704517,-168.120170,15360.852415,355.219965,20946.927798,182.257697,-2343.664952,-863.246205,142.459788,False,False,False,False,False,False,False,2-circle,-1.000000,-202.568803,100.000000,100.000000,0.000000,0.000000,-22.234754,-109.459355,16.441074,2,0,3,0.0000,0.0000,0.0000,0.5000,"LeadPursuit",0.009228
24,A0100,adaptive_eagle_v9,HABFM,8471.632755,160.602909,25.361432,159.986841,-166.515208,15393.862076,354.897592,20969.802987,114.375945,-2341.605967,-857.322939,142.516828,False,False,False,False,False,False,False,2-circle,-1.000000,-226.175736,100.000000,100.000000,0.000000,0.000000,-14.128066,-101.073832,14.417344,1,0,4,0.0000,0.0000,0.0000,0.5000,"HeadOnBreak",0.034559
24,B0100,L7_mid_level_aggressive,HABFM,8471.632755,160.602909,25.361432,159.986841,-166.515208,15393.862076,354.897592,20969.802987,114.375945,-2341.605967,-857.322939,142.516828,False,False,False,False,False,False,False,2-circle,-1.000000,-226.175736,100.000000,100.000000,0.000000,0.000000,-14.128066,-101.073832,14.417344,2,0,3,0.0000,0.0000,0.0000,0.5000,"LeadPursuit",0.017067
25,A0100,adaptive_eagle_v9,HABFM,8759.771198,159.569196,27.351647,159.850858,-164.639503,15425.204759,354.067878,20975.104215,26.506139,-2337.894138,-845.221568,142.772678,False,False,False,False,False,False,False,2-circle,-1.000000,-245.764295,100.000000,100.000000,0.000000,0.000000,-5.364764,-92.083620,13.370811,1,0,4,0.0000,0.0000,0.0000,0.5000,"HeadOnBreak",0.037732
25,B0100,L7_mid_level_aggressive,HABFM,8759.771198,159.569196,27.351647,159.850858,-164.639503,15425.204759,354.067878,20975.104215,26.506139,-2337.894138,-845.221568,142.772678,False,False,False,False,False,False,False,2-circle,-1.000000,-245.764295,100.000000,100.000000,0.000000,0.000000,-5.364764,-92.083620,13.370811,2,0,3,0.0000,0.0000,0.0000,0.5000,"LeadPursuit",0.026459
26,A0100,adaptive_eagle_v9,HABFM,9043.087232,157.965877,29.584871,160.278455,-162.374633,15455.484153,352.589440,20959.132282,-79.859665,-2350.508499,-828.918885,141.017174,False,False,False,False,False,False,False,2-circle,-1.000000,-263.709295,100.000000,100.000000,0.000000,0.000000,-2.477422,-88.983932,12.817606,1,8,4,0.0000,0.0000,0.0000,0.5000,"HeadOnBreak",0.025361
26,B0100,L7_mid_level_aggressive,HABFM,9043.087232,157.965877,29.584871,160.278455,-162.374633,15455.484153,352.589440,20959.132282,-79.859665,-2350.508499,-828.918885,141.017174,False,False,False,False,False,False,False,2-circle,-1.000000,-263.709295,100.000000,100.000000,0.000000,0.000000,-2.477422,-88.983932,12.817606,2,0,3,0.0000,0.0000,0.0000,0.5000,"LeadPursuit",0.036536
27,A0100,adaptive_eagle_v9,HABFM,9320.774251,155.807065,31.136316,162.165191,-159.480668,15484.832875,350.194149,20913.957735,-225.872730,-2450.297291,-812.931697,144.160681,False,False,False,False,False,False,False,2-circle,-1.000000,-282.754772,100.000000,100.000000,0.000000,0.000000,-10.899503,-97.168317,12.193409,1,8,4,0.0000,0.0000,0.0000,0.5000,"HeadOnBreak",0.006613
27,B0100,L7_mid_level_aggressive,HABFM,9320.774251,155.807065,31.136316,162.165191,-159.480668,15484.832875,350.194149,20913.957735,-225.872730,-2450.297291,-812.931697,144.160681,False,False,False,False,False,False,False,2-circle,-1.000000,-282.754772,100.000000,100.000000,0.000000,0.000000,-10.899503,-97.168317,12.193409,2,0,3,0.0000,0.0000,0.0000,0.5000,"LeadPursuit",0.031322
28,A0100,adaptive_eagle_v9,HABFM,9594.333488,154.044401,31.581485,164.606170,-156.985597,15512.316480,348.406743,20886.161787,-138.979742,-2616.542753,-804.963753,144.811581,False,False,False,False,False,False,False,2-circle,-1.000000,-302.429729,100.000000,100.000000,0.000000,0.000000,-16.692210,-102.703813,11.349927,1,8,4,0.0000,0.0000,0.0000,0.5000,"HeadOnBreak",-0.005263
28,B0100,L7_mid_level_aggressive,HABFM,9594.333488,154.044401,31.581485,164.606170,-156.985597,15512.316480,348.406743,20886.161787,-138.979742,-2616.542753,-804.963753,144.811581,False,False,False,False,False,False,False,2-circle,-1.000000,-302.429729,100.000000,100.000000,0.000000,0.000000,-16.692210,-102.703813,11.349927,2,0,3,0.0000,0.0000,0.0000,0.5000,"LeadPursuit",0.022617
29,A0100,adaptive_eagle_v9,HABFM,9866.541721,152.792458,31.322164,166.558747,-155.270311,15537.694507,347.805739,20893.015978,34.270955,-2795.880335,-804.132033,144.998591,False,False,False,False,False,False,False,2-circle,-1.000000,-321.472809,100.000000,100.000000,0.000000,0.000000,-10.486380,-96.239692,10.420198,1,8,4,0.0000,0.0000,0.0000,0.5000,"HeadOnBreak",-0.002731
29,B0100,L7_mid_level_aggressive,HABFM,9866.541721,152.792458,31.322164,166.558747,-155.270311,15537.694507,347.805739,20893.015978,34.270955,-2795.880335,-804.132033,144.998591,False,False,False,False,False,False,False,2-circle,-1.000000,-321.472809,100.000000,100.000000,0.000000,0.000000,-10.486380,-96.239692,10.420198,2,0,4,0.0000,0.0000,0.0000,0.5000,"LeadPursuit",0.022476
30,A0100,adaptive_eagle_v9,HABFM,10138.548777,151.536408,31.196096,167.976465,-153.714706,15561.586269,347.437043,20905.559795,62.719084,-2954.526643,-802.547584,74.306488,False,False,False,False,False,False,False,2-circle,-1.000000,-339.928976,100.000000,100.000000,0.000000,0.000000,-2.554170,-88.047883,9.918155,1,0,4,0.0000,0.0000,0.0000,0.5000,"HeadOnBreak",0.003475
30,B0100,L7_mid_level_aggressive,HABFM,10138.548777,151.536408,31.196096,167.976465,-153.714706,15561.586269,347.437043,20905.559795,62.719084,-2954.526643,-802.547584,74.306488,False,False,False,False,False,False,False,2-circle,-1.000000,-339.928976,100.000000,100.000000,0.000000,0.000000,-2.554170,-88.047883,9.918155,1,0,4,0.0000,0.0000,0.0000,0.5000,"LeadPursuit",0.031398
31,A0100,adaptive_eagle_v9,HABFM,10409.312632,149.768181,31.392703,168.844436,-151.733378,15584.606684,346.321107,20894.306653,-56.265711,-3107.669196,-795.867262,35.224206,False,False,False,False,False,False,False,2-circle,-1.000000,-357.975223,100.000000,100.000000,0.000000,0.000000,-0.648324,-85.876147,9.747224,1,0,4,0.0000,0.0000,0.0000,0.5000,"HeadOnBreak",0.012219
31,B0100,L7_mid_level_aggressive,HABFM,10409.312632,149.768181,31.392703,168.844436,-151.733378,15584.606684,346.321107,20894.306653,-56.265711,-3107.669196,-795.867262,35.224206,False,False,False,False,False,False,False,2-circle,-1.000000,-357.975223,100.000000,100.000000,0.000000,0.000000,-0.648324,-85.876147,9.747224,1,0,4,0.0000,0.0000,0.0000,0.5000,"LeadPursuit",0.044416
32,A0100,adaptive_eagle_v9,HABFM,10676.664729,147.344913,32.041214,169.347700,-149.035652,15606.922126,344.204534,20851.918978,-211.938371,-3248.780850,-782.065985,146.305725,False,False,False,False,False,False,False,2-circle,-1.000000,-375.040706,100.000000,100.000000,0.000000,0.000000,-10.036483,-94.994907,9.391236,1,0,4,0.0000,0.0000,0.0000,0.5000,"HeadOnBreak",0.032834
32,B0100,L7_mid_level_aggressive,HABFM,10676.664729,147.344913,32.041214,169.347700,-149.035652,15606.922126,344.204534,20851.918978,-211.938371,-3248.780850,-782.065985,146.305725,False,False,False,False,False,False,False,2-circle,-1.000000,-375.040706,100.000000,100.000000,0.000000,0.000000,-10.036483,-94.994907,9.391236,1,0,4,0.0000,0.0000,0.0000,0.5000,"LeadPursuit",0.045809
33,A0100,adaptive_eagle_v9,HABFM,10937.942299,144.997864,33.806928,170.043667,-146.283467,15627.484100,342.034786,20806.564022,-226.774782,-3313.154100,-761.157510,147.151060,False,False,False,False,False,False,False,2-circle,-1.000000,-389.313347,100.000000,100.000000,0.000000,0.000000,-24.503933,-109.207371,8.294527,1,0,4,0.0000,0.0000,0.0000,0.5000,"HeadOnBreak",0.037528
33,B0100,L7_mid_level_aggressive,HABFM,10937.942299,144.997864,33.806928,170.043667,-146.283467,15627.484100,342.034786,20806.564022,-226.774782,-3313.154100,-761.157510,147.151060,False,False,False,False,False,False,False,2-circle,-1.000000,-389.313347,100.000000,100.000000,0.000000,0.000000,-24.503933,-109.207371,8.294527,1,0,4,0.0000,0.0000,0.0000,0.5000,"LeadPursuit",0.033438
34,A0100,adaptive_eagle_v9,HABFM,11192.013277,143.415504,35.880097,171.932716,-144.296767,15644.724667,340.948085,20790.947287,-78.083676,-3309.552244,-741.971577,147.563822,False,False,False,False,False,False,False,2-circle,-1.000000,-400.189358,100.000000,100.000000,0.000000,0.000000,-32.353732,-116.820776,6.485447,1,8,4,0.0000,0.0000,0.0000,0.5000,"HeadOnBreak",0.022555
34,B0100,L7_mid_level_aggressive,HABFM,11192.013277,143.415504,35.880097,171.932716,-144.296767,15644.724667,340.948085,20790.947287,-78.083676,-3309.552244,-741.971577,147.563822,False,False,False,False,False,False,False,2-circle,-1.000000,-400.189358,100.000000,100.000000,0.000000,0.000000,-32.353732,-116.820776,6.485447,1,0,4,0.0000,0.0000,0.0000,0.5000,"LeadPursuit",0.023165
35,A0100,adaptive_eagle_v9,HABFM,11440.776384,142.359668,37.194999,174.233013,-142.979917,15658.516881,340.986315,20805.893650,74.731817,-3310.623351,-730.517735,147.518823,False,False,False,False,False,False,False,2-circle,-1.000000,-410.061388,100.000000,100.000000,0.000000,0.000000,-26.038885,-110.256415,4.459433,1,8,4,0.0000,0.0000,0.0000,0.5000,"HeadOnBreak",0.002708
35,B0100,L7_mid_level_aggressive,HABFM,11440.776384,142.359668,37.194999,174.233013,-142.979917,15658.516881,340.986315,20805.893650,74.731817,-3310.623351,-730.517735,147.518823,False,False,False,False,False,False,False,2-circle,-1.000000,-410.061388,100.000000,100.000000,0.000000,0.000000,-26.038885,-110.256415,4.459433,1,0,4,0.0000,0.0000,0.0000,0.5000,"LeadPursuit",0.024834
36,A0100,adaptive_eagle_v9,HABFM,11686.967969,141.205148,37.423109,175.867682,-141.647383,15669.554973,341.092436,20820.136136,71.212430,-3404.955091,-725.843467,147.451543,False,False,False,False,False,False,False,2-circle,-1.000000,-419.900616,100.000000,100.000000,0.000000,0.000000,-17.102840,-101.046016,2.970716,1,8,4,0.0000,0.0000,0.0000,0.5000,"HeadOnBreak",-0.008493
36,B0100,L7_mid_level_aggressive,HABFM,11686.967969,141.205148,37.423109,175.867682,-141.647383,15669.554973,341.092436,20820.136136,71.212430,-3404.955091,-725.843467,147.451543,False,False,False,False,False,False,False,2-circle,-1.000000,-419.900616,100.000000,100.000000,0.000000,0.000000,-17.102840,-101.046016,2.970716,1,0,4,0.0000,0.0000,0.0000,0.5000,"LeadPursuit",0.027902
37,A0100,adaptive_eagle_v9,HABFM,11932.220773,139.885313,37.026602,175.970039,-140.211866,15678.373103,341.117647,20829.715685,47.897742,-3567.623616,-724.607056,147.422480,False,False,False,False,False,False,False,2-circle,-1.000000,-429.088265,100.000000,100.000000,0.000000,0.000000,-8.861266,-92.513793,2.274954,1,8,4,0.0000,0.0000,0.0000,0.5000,"HeadOnBreak",-0.006957
37,B0100,L7_mid_level_aggressive,HABFM,11932.220773,139.885313,37.026602,175.970039,-140.211866,15678.373103,341.117647,20829.715685,47.897742,-3567.623616,-724.607056,147.422480,False,False,False,False,False,False,False,2-circle,-1.000000,-429.088265,100.000000,100.000000,0.000000,0.000000,-8.861266,-92.513793,2.274954,1,0,4,0.0000,0.0000,0.0000,0.5000,"LeadPursuit",0.036909
38,A0100,adaptive_eagle_v9,HABFM,12176.709629,138.122568,36.703685,174.607269,-138.373277,15685.604507,340.515729,20818.783545,-54.660696,-3755.675337,-720.009362,147.656764,False,False,False,False,False,False,False,2-circle,-1.000000,-437.737773,100.000000,100.000000,0.000000,0.000000,-6.892741,-90.234233,1.954433,1,8,4,0.0000,0.0000,0.0000,0.5000,"HeadOnBreak",-0.002599
38,B0100,L7_mid_level_aggressive,HABFM,12176.709629,138.122568,36.703685,174.607269,-138.373277,15685.604507,340.515729,20818.783545,-54.660696,-3755.675337,-720.009362,147.656764,False,False,False,False,False,False,False,2-circle,-1.000000,-437.737773,100.000000,100.000000,0.000000,0.000000,-6.892741,-90.234233,1.954433,1,0,4,0.0000,0.0000,0.0000,0.5000,"LeadPursuit",0.052816
39,A0100,adaptive_eagle_v9,HABFM,12418.500476,135.664600,36.596027,172.251836,-135.831955,15691.332594,338.956106,20777.597562,-205.929916,-3964.749403,-709.225764,148.295372,False,False,False,False,False,False,False,2-circle,-1.000000,-445.796038,100.000000,100.000000,0.000000,0.000000,-16.108743,-99.112689,1.456273,1,0,4,0.0000,0.0000,0.0000,0.5000,"HeadOnBreak",0.002111
39,B0100,L7_mid_level_aggressive,HABFM,12418.500476,135.664600,36.596027,172.251836,-135.831955,15691.332594,338.956106,20777.597562,-205.929916,-3964.749403,-709.225764,148.295372,False,False,False,False,False,False,False,2-circle,-1.000000,-445.796038,100.000000,100.000000,0.000000,0.000000,-16.108743,-99.112689,1.456273,1,0,4,0.0000,0.0000,0.0000,0.5000,"LeadPursuit",0.049644
40,A0100,adaptive_eagle_v9,HABFM,12656.267098,133.471615,36.705022,170.143128,-133.547840,15694.615069,337.802088,20746.305363,-156.460994,-4118.535687,-697.941796,148.773773,False,False,False,False,False,False,False,2-circle,-1.000000,-451.785328,100.000000,100.000000,0.000000,0.000000,-22.501232,-105.157704,0.621099,1,0,4,0.0000,0.0000,0.0000,0.5000,"HeadOnBreak",0.010112
40,B0100,L7_mid_level_aggressive,HABFM,12656.267098,133.471615,36.705022,170.143128,-133.547840,15694.615069,337.802088,20746.305363,-156.460994,-4118.535687,-697.941796,148.773773,False,False,False,False,False,False,False,2-circle,-1.000000,-451.785328,100.000000,100.000000,0.000000,0.000000,-22.501232,-105.157704,0.621099,1,0,4,0.0000,0.0000,0.0000,0.5000,"LeadPursuit",0.034360
41,A0100,adaptive_eagle_v9,HABFM,12890.553788,132.004957,37.193008,169.115448,-132.028487,15695.248024,337.961510,20751.707614,27.011254,-4153.300693,-688.245493,148.705168,False,False,False,False,False,False,False,2-circle,-1.000000,-454.656863,100.000000,100.000000,0.000000,0.000000,-16.432439,-98.746537,-0.375121,1,0,4,0.0000,0.0000,0.0000,0.5000,"HeadOnBreak",0.031058
41,B0100,L7_mid_level_aggressive,HABFM,12890.553788,132.004957,37.193008,169.115448,-132.028487,15695.248024,337.961510,20751.707614,27.011254,-4153.300693,-688.245493,148.705168,False,False,False,False,False,False,False,2-circle,-1.000000,-454.656863,100.000000,100.000000,0.000000,0.000000,-16.432439,-98.746537,-0.375121,1,0,4,0.0000,0.0000,0.0000,0.5000,"LeadPursuit",0.031165
42,A0100,adaptive_eagle_v9,HABFM,13120.536106,130.682038,38.739898,169.330238,-130.677816,15693.900274,338.416623,20763.987529,61.399576,-4100.640303,-672.264705,148.516403,False,False,False,False,False,False,False,2-circle,-1.000000,-454.177525,100.000000,100.000000,0.000000,0.000000,-8.156146,-90.132302,-0.980078,1,0,4,0.0000,0.0000,0.0000,0.5000,"HeadOnBreak",0.034419
42,B0100,L7_mid_level_aggressive,HABFM,13120.536106,130.682038,38.739898,169.330238,-130.677816,15693.900274,338.416623,20763.987529,61.399576,-4100.640303,-672.264705,148.516403,False,False,False,False,False,False,False,2-circle,-1.000000,-454.177525,100.000000,100.000000,0.000000,0.000000,-8.156146,-90.132302,-0.980078,1,0,4,0.0000,0.0000,0.0000,0.5000,"LeadPursuit",0.031899
43,A0100,adaptive_eagle_v9,HABFM,13344.405237,129.327445,40.507104,169.624283,-129.310019,15691.189598,338.732444,20770.744387,33.784290,-4046.819891,-654.193547,19.145507,False,False,False,False,False,False,False,2-circle,-1.000000,-451.929517,100.000000,100.000000,0.000000,0.000000,-0.689077,-82.295374,-0.941640,2,6,4,0.0000,0.0000,0.0000,0.5000,"ExtensionBreak",0.019015
43,B0100,L7_mid_level_aggressive,HABFM,13344.405237,129.327445,40.507104,169.624283,-129.310019,15691.189598,338.732444,20770.744387,33.784290,-4046.819891,-654.193547,19.145507,False,False,False,False,False,False,False,2-circle,-1.000000,-451.929517,100.000000,100.000000,0.000000,0.000000,-0.689077,-82.295374,-0.941640,1,0,4,0.0000,0.0000,0.0000,0.5000,"LeadPursuit",0.040782
44,A0100,adaptive_eagle_v9,HABFM,13562.583644,127.601403,41.537925,168.670589,-127.579388,15687.782699,338.491455,20760.112433,-53.159771,-4082.782554,-638.470205,15.985825,False,False,False,False,False,False,False,2-circle,-1.000000,-451.072069,100.000000,100.000000,0.000000,0.000000,0.346571,-80.789861,-0.654872,2,6,4,0.0000,0.0000,0.0000,0.5000,"ExtensionBreak",-0.001449
44,B0100,L7_mid_level_aggressive,HABFM,13562.583644,127.601403,41.537925,168.670589,-127.579388,15687.782699,338.491455,20760.112433,-53.159771,-4082.782554,-638.470205,15.985825,False,False,False,False,False,False,False,2-circle,-1.000000,-451.072069,100.000000,100.000000,0.000000,0.000000,0.346571,-80.789861,-0.654872,1,0,4,0.0000,0.0000,0.0000,0.5000,"LeadPursuit",0.060162
45,A0100,adaptive_eagle_v9,HABFM,13775.931752,125.136596,41.524536,166.008215,-125.108101,15683.995990,337.239983,20718.888184,-206.121247,-4252.298125,-624.935324,149.034149,False,False,False,False,False,False,False,2-circle,-1.000000,-452.179028,100.000000,100.000000,0.000000,0.000000,-9.951161,-90.487943,-0.656529,2,6,4,0.0000,0.0000,0.0000,0.5000,"ExtensionBreak",-0.012053
45,B0100,L7_mid_level_aggressive,HABFM,13775.931752,125.136596,41.524536,166.008215,-125.108101,15683.995990,337.239983,20718.888184,-206.121247,-4252.298125,-624.935324,149.034149,False,False,False,False,False,False,False,2-circle,-1.000000,-452.179028,100.000000,100.000000,0.000000,0.000000,-9.951161,-90.487943,-0.656529,1,0,4,0.0000,0.0000,0.0000,0.5000,"LeadPursuit",0.058854
46,A0100,adaptive_eagle_v9,HABFM,13985.388686,122.846622,40.959768,162.947787,-122.806012,15678.998293,336.326321,20686.646031,-161.210766,-4463.747294,-616.541300,149.432945,False,False,False,False,False,False,False,2-circle,-1.000000,-453.411963,100.000000,100.000000,0.000000,0.000000,-17.256618,-97.077491,-1.056284,2,6,4,0.0000,0.0000,0.0000,0.5000,"ExtensionBreak",-0.009800
46,B0100,L7_mid_level_aggressive,HABFM,13985.388686,122.846622,40.959768,162.947787,-122.806012,15678.998293,336.326321,20686.646031,-161.210766,-4463.747294,-616.541300,149.432945,False,False,False,False,False,False,False,2-circle,-1.000000,-453.411963,100.000000,100.000000,0.000000,0.000000,-17.256618,-97.077491,-1.056284,1,0,4,0.0000,0.0000,0.0000,0.5000,"LeadPursuit",0.040374
47,A0100,adaptive_eagle_v9,HABFM,14192.923857,121.329400,40.501148,160.762579,-121.282711,15672.305017,336.698790,20691.050473,22.022213,-4615.786209,-612.814052,149.288833,False,False,False,False,False,False,False,2-circle,-1.000000,-453.935047,100.000000,100.000000,0.000000,0.000000,-11.768506,-90.750470,-1.621813,2,6,4,0.0000,0.0000,0.0000,0.5000,"ExtensionBreak",-0.005189
47,B0100,L7_mid_level_aggressive,HABFM,14192.923857,121.329400,40.501148,160.762579,-121.282711,15672.305017,336.698790,20691.050473,22.022213,-4615.786209,-612.814052,149.288833,False,False,False,False,False,False,False,2-circle,-1.000000,-453.935047,100.000000,100.000000,0.000000,0.000000,-11.768506,-90.750470,-1.621813,1,0,4,0.0000,0.0000,0.0000,0.5000,"LeadPursuit",0.037420
48,A0100,adaptive_eagle_v9,HABFM,14399.130138,119.939555,40.261432,159.008978,-119.890377,15664.390563,337.160674,20696.914904,29.322153,-4743.667937,-608.146687,18.619673,False,False,False,False,False,False,False,2-circle,-1.000000,-454.146063,100.000000,100.000000,0.000000,0.000000,-4.070163,-82.042565,-1.810812,2,6,4,0.0000,0.0000,0.0000,0.5000,"ExtensionBreak",-0.005139
48,B0100,L7_mid_level_aggressive,HABFM,14399.130138,119.939555,40.261432,159.008978,-119.890377,15664.390563,337.160674,20696.914904,29.322153,-4743.667937,-608.146687,18.619673,False,False,False,False,False,False,False,2-circle,-1.000000,-454.146063,100.000000,100.000000,0.000000,0.000000,-4.070163,-82.042565,-1.810812,1,0,4,0.0000,0.0000,0.0000,0.5000,"LeadPursuit",0.048995
49,A0100,adaptive_eagle_v9,HABFM,14603.329002,118.136852,40.006243,156.992757,-118.085519,15655.938116,336.993538,20683.474302,-67.203010,-4890.809097,-600.258805,13.710994,False,False,False,False,False,False,False,2-circle,-1.000000,-454.309085,100.000000,100.000000,0.000000,0.000000,-2.520788,-79.245320,-1.652990,2,6,4,0.0000,0.0000,0.0000,0.5000,"ExtensionBreak",-0.010622
49,B0100,L7_mid_level_aggressive,HABFM,14603.329002,118.136852,40.006243,156.992757,-118.085519,15655.938116,336.993538,20683.474302,-67.203010,-4890.809097,-600.258805,13.710994,False,False,False,False,False,False,False,2-circle,-1.000000,-454.309085,100.000000,100.000000,0.000000,0.000000,-2.520788,-79.245320,-1.652990,1,0,4,0.0000,0.0000,0.0000,0.5000,"LeadPursuit",0.071521
50,A0100,adaptive_eagle_v9,HABFM,14804.085105,115.597071,39.473912,153.977568,-115.541853,15647.397078,335.828183,20640.221998,-216.261521,-5075.593533,-588.345020,58.877269,False,False,False,False,False,False,False,2-circle,-1.000000,-454.474705,100.000000,100.000000,0.000000,0.000000,-12.314774,-87.458604,-1.649356,1,0,4,0.0000,0.0000,0.0000,0.5000,"HeadOnBreak",-0.016283
50,B0100,L7_mid_level_aggressive,HABFM,14804.085105,115.597071,39.473912,153.977568,-115.541853,15647.397078,335.828183,20640.221998,-216.261521,-5075.593533,-588.345020,58.877269,False,False,False,False,False,False,False,2-circle,-1.000000,-454.474705,100.000000,100.000000,0.000000,0.000000,-12.314774,-87.458604,-1.649356,1,0,4,0.0000,0.0000,0.0000,0.5000,"LeadPursuit",0.070021
51,A0100,adaptive_eagle_v9,HABFM,15001.019061,113.236086,38.672020,150.683345,-113.175236,15638.102511,335.034199,20607.346692,-164.376530,-5230.145099,-578.884458,150.073728,False,False,False,False,False,False,False,2-circle,-1.000000,-454.475327,100.000000,100.000000,0.000000,0.000000,-19.824012,-92.925150,-1.932787,1,0,4,0.0000,0.0000,0.0000,0.5000,"HeadOnBreak",-0.013010
51,B0100,L7_mid_level_aggressive,HABFM,15001.019061,113.236086,38.672020,150.683345,-113.175236,15638.102511,335.034199,20607.346692,-164.376530,-5230.145099,-578.884458,150.073728,False,False,False,False,False,False,False,2-circle,-1.000000,-454.475327,100.000000,100.000000,0.000000,0.000000,-19.824012,-92.925150,-1.932787,1,0,4,0.0000,0.0000,0.0000,0.5000,"LeadPursuit",0.048772
52,A0100,adaptive_eagle_v9,HABFM,15195.396323,111.649049,38.020834,148.336404,-111.584570,15627.573156,335.395383,20607.537328,0.953181,-5239.798368,-572.482932,39.992106,False,False,False,False,False,False,False,2-circle,-1.000000,-454.192295,100.000000,100.000000,0.000000,0.000000,-15.866840,-86.255683,-2.296413,1,0,4,0.0000,0.0000,0.0000,0.5000,"HeadOnBreak",0.006752
52,B0100,L7_mid_level_aggressive,HABFM,15195.396323,111.649049,38.020834,148.336404,-111.584570,15627.573156,335.395383,20607.537328,0.953181,-5239.798368,-572.482932,39.992106,False,False,False,False,False,False,False,2-circle,-1.000000,-454.192295,100.000000,100.000000,0.000000,0.000000,-15.866840,-86.255683,-2.296413,1,0,4,0.0000,0.0000,0.0000,0.5000,"LeadPursuit",0.043284
53,A0100,adaptive_eagle_v9,HABFM,15386.944688,110.262566,38.308132,147.423708,-110.195457,15616.229027,336.007437,20614.385378,34.240251,-5179.787665,-561.070820,11.836394,False,False,False,False,False,False,False,2-circle,-1.000000,-452.515300,100.000000,100.000000,0.000000,0.000000,-10.882262,-77.550640,-2.250852,1,0,4,0.0000,0.0000,0.0000,0.5000,"HeadOnBreak",0.031885
53,B0100,L7_mid_level_aggressive,HABFM,15386.944688,110.262566,38.308132,147.423708,-110.195457,15616.229027,336.007437,20614.385378,34.240251,-5179.787665,-561.070820,11.836394,False,False,False,False,False,False,False,2-circle,-1.000000,-452.515300,100.000000,100.000000,0.000000,0.000000,-10.882262,-77.550640,-2.250852,1,0,4,0.0000,0.0000,0.0000,0.5000,"LeadPursuit",0.056355
54,A0100,adaptive_eagle_v9,HABFM,15572.870428,108.481942,39.870510,147.414307,-108.411895,15604.780218,335.961500,20601.570031,-64.076737,-5137.641731,-538.954892,9.606538,False,False,False,False,False,False,False,2-circle,-1.000000,-448.673788,100.000000,100.000000,0.000000,0.000000,-13.581780,-74.778752,-1.869268,1,8,4,0.0000,0.0000,0.0000,0.5000,"HeadOnBreak",0.024203
54,B0100,L7_mid_level_aggressive,HABFM,15572.870428,108.481942,39.870510,147.414307,-108.411895,15604.780218,335.961500,20601.570031,-64.076737,-5137.641731,-538.954892,9.606538,False,False,False,False,False,False,False,2-circle,-1.000000,-448.673788,100.000000,100.000000,0.000000,0.000000,-13.581780,-74.778752,-1.869268,1,0,4,0.0000,0.0000,0.0000,0.5000,"LeadPursuit",0.082801
55,A0100,adaptive_eagle_v9,HABFM,15750.395231,105.966192,41.091411,146.114097,-105.891610,15593.809236,334.884463,20558.612651,-214.786899,-5188.716215,-513.812859,21.340802,False,False,False,False,False,False,False,2-circle,-1.000000,-444.952789,100.000000,100.000000,0.000000,0.000000,-30.762456,-82.994659,-1.654957,3,0,4,0.0000,0.0000,0.0000,0.5000,"LeadPursuit",0.008116
55,B0100,L7_mid_level_aggressive,HABFM,15750.395231,105.966192,41.091411,146.114097,-105.891610,15593.809236,334.884463,20558.612651,-214.786899,-5188.716215,-513.812859,21.340802,False,False,False,False,False,False,False,2-circle,-1.000000,-444.952789,100.000000,100.000000,0.000000,0.000000,-30.762456,-82.994659,-1.654957,1,0,4,0.0000,0.0000,0.0000,0.5000,"LeadPursuit",0.082185
56,A0100,adaptive_eagle_v9,HABFM,15920.467640,103.599731,41.511276,144.072180,-103.517556,15582.744118,334.142899,20525.583880,-165.143856,-5286.108057,-495.435789,97.453015,False,False,False,False,False,False,False,2-circle,-1.000000,-442.050846,100.000000,100.000000,0.000000,0.000000,-52.026329,-88.455088,-1.725296,3,0,4,0.0000,0.0000,0.0000,0.5000,"LeadPursuit",0.016257
56,B0100,L7_mid_level_aggressive,HABFM,15920.467640,103.599731,41.511276,144.072180,-103.517556,15582.744118,334.142899,20525.583880,-165.143856,-5286.108057,-495.435789,97.453015,False,False,False,False,False,False,False,2-circle,-1.000000,-442.050846,100.000000,100.000000,0.000000,0.000000,-52.026329,-88.455088,-1.725296,1,0,4,0.0000,0.0000,0.0000,0.5000,"LeadPursuit",0.056786
57,A0100,adaptive_eagle_v9,HABFM,16085.125636,102.024452,42.315437,143.217427,-101.936473,15570.984419,334.538401,20525.532098,-0.258908,-5339.144150,-480.508282,18.224460,False,False,False,False,False,False,False,2-circle,-1.000000,-439.254223,100.000000,100.000000,0.000000,0.000000,-72.399440,-81.801171,-1.857763,3,0,4,0.0000,0.0000,0.0000,0.5000,"LeadPursuit",0.023261
57,B0100,L7_mid_level_aggressive,HABFM,16085.125636,102.024452,42.315437,143.217427,-101.936473,15570.984419,334.538401,20525.532098,-0.258908,-5339.144150,-480.508282,18.224460,False,False,False,False,False,False,False,2-circle,-1.000000,-439.254223,100.000000,100.000000,0.000000,0.000000,-72.399440,-81.801171,-1.857763,1,0,4,0.0000,0.0000,0.0000,0.5000,"LeadPursuit",0.063154
58,A0100,adaptive_eagle_v9,HABFM,16244.340213,100.310135,43.427109,142.652513,-100.217864,15558.894130,334.669960,20517.339382,-40.963582,-5362.726469,-461.738812,12.307832,False,False,False,False,False,False,False,2-circle,-1.000000,-436.349966,100.000000,100.000000,0.000000,0.000000,-101.138378,-77.959206,-1.838524,3,0,4,0.0000,0.0000,0.0000,0.5000,"LeadPursuit",0.025221
58,B0100,L7_mid_level_aggressive,HABFM,16244.340213,100.310135,43.427109,142.652513,-100.217864,15558.894130,334.669960,20517.339382,-40.963582,-5362.726469,-461.738812,12.307832,False,False,False,False,False,False,False,2-circle,-1.000000,-436.349966,100.000000,100.000000,0.000000,0.000000,-101.138378,-77.959206,-1.838524,1,0,4,0.0000,0.0000,0.0000,0.5000,"LeadPursuit",0.094911
59,A0100,adaptive_eagle_v9,HABFM,16396.037904,97.832583,44.592884,141.478561,-97.733848,15546.977312,333.733709,20477.718503,-198.104394,-5415.564398,-436.463632,26.872510,False,False,False,False,False,False,False,2-circle,-1.000000,-432.988585,100.000000,100.000000,0.000000,0.000000,-130.653100,-84.404401,-1.874064,3,0,4,0.0000,0.0000,0.0000,0.5000,"LeadPursuit",-0.059597
59,B0100,L7_mid_level_aggressive,HABFM,16396.037904,97.832583,44.592884,141.478561,-97.733848,15546.977312,333.733709,20477.718503,-198.104394,-5415.564398,-436.463632,26.872510,False,False,False,False,False,False,False,2-circle,-1.000000,-432.988585,100.000000,100.000000,0.000000,0.000000,-130.653100,-84.404401,-1.874064,1,0,4,0.0000,0.0000,0.0000,0.5000,"LeadPursuit",0.007664
60,A0100,adaptive_eagle_v9,HABFM,16539.045797,95.524679,45.682035,140.394415,-95.414656,15534.789358,333.129594,20447.695761,-150.113711,-5443.696158,-412.665176,91.798933,False,False,False,False,False,False,False,2-circle,-1.000000,-427.807466,100.000000,100.000000,0.000000,0.000000,-147.737314,-88.354065,-2.066860,3,0,4,0.0000,0.0000,0.0000,0.5000,"LeadPursuit",-0.058505
60,B0100,L7_mid_level_aggressive,HABFM,16539.045797,95.524679,45.682035,140.394415,-95.414656,15534.789358,333.129594,20447.695761,-150.113711,-5443.696158,-412.665176,91.798933,False,False,False,False,False,False,False,2-circle,-1.000000,-427.807466,100.000000,100.000000,0.000000,0.000000,-147.737314,-88.354065,-2.066860,1,0,4,0.0000,0.0000,0.0000,0.5000,"LeadPursuit",-0.024417
61,A0100,adaptive_eagle_v9,HABFM,16674.807146,93.989631,46.916344,140.296918,-93.872279,15521.895693,333.616745,20449.181338,7.427887,-5385.031973,-392.876846,17.002409,False,False,False,False,False,False,False,2-circle,-1.000000,-419.308447,100.000000,100.000000,0.000000,0.000000,-148.406166,-81.191729,-2.228013,1,0,4,0.0000,0.0000,0.0000,0.5000,"SmartHighYoYo",-0.044309
61,B0100,L7_mid_level_aggressive,HABFM,16674.807146,93.989631,46.916344,140.296918,-93.872279,15521.895693,333.616745,20449.181338,7.427887,-5385.031973,-392.876846,17.002409,False,False,False,False,False,False,False,2-circle,-1.000000,-419.308447,100.000000,100.000000,0.000000,0.000000,-148.406166,-81.191729,-2.228013,1,0,4,0.0000,0.0000,0.0000,0.5000,"LeadPursuit",-0.016569
62,A0100,adaptive_eagle_v9,HABFM,16803.020523,92.292002,48.784922,140.677918,-92.172259,15508.709650,333.799828,20441.404798,-38.882702,-5268.509051,-366.346305,11.646575,False,False,False,False,False,False,False,2-circle,-1.000000,-407.014638,100.000000,100.000000,0.000000,0.000000,-149.597156,-77.257547,-2.180262,1,0,4,0.0000,0.0000,0.0000,0.5000,"SmartHighYoYo",-0.123781
62,B0100,L7_mid_level_aggressive,HABFM,16803.020523,92.292002,48.784922,140.677918,-92.172259,15508.709650,333.799828,20441.404798,-38.882702,-5268.509051,-366.346305,11.646575,False,False,False,False,False,False,False,2-circle,-1.000000,-407.014638,100.000000,100.000000,0.000000,0.000000,-149.597156,-77.257547,-2.180262,1,0,4,0.0000,0.0000,0.0000,0.5000,"LeadPursuit",0.023245
63,A0100,adaptive_eagle_v9,HABFM,16920.671865,89.828096,50.909833,140.395466,-89.704453,15495.772870,332.905860,20402.082331,-196.612335,-5199.737641,-332.180245,23.649163,False,False,True,False,False,False,False,2-circle,-1.000000,-392.606268,100.000000,100.000000,0.000000,0.000000,-159.529412,-83.627902,-2.176259,1,0,4,0.0000,0.0000,0.0000,0.5000,"SmartHighYoYo",-0.525462
63,B0100,L7_mid_level_aggressive,HABFM,16920.671865,89.828096,50.909833,140.395466,-89.704453,15495.772870,332.905860,20402.082331,-196.612335,-5199.737641,-332.180245,23.649163,False,False,True,False,False,False,False,2-circle,-1.000000,-392.606268,100.000000,100.000000,0.000000,0.000000,-159.529412,-83.627902,-2.176259,1,0,4,0.0000,0.0000,0.0000,0.5000,"LeadPursuit",0.024934
64,A0100,adaptive_eagle_v9,HABFM,17027.353118,87.546335,52.500237,139.577422,-87.410608,15482.665046,332.354614,20372.739623,-146.713542,-5184.643068,-303.863215,61.433359,False,False,True,False,False,False,False,2-circle,-1.000000,-378.677256,100.000000,100.000000,0.000000,0.000000,-165.974163,-87.533993,-2.328620,1,0,4,0.0000,0.0000,0.0000,0.5000,"SmartHighYoYo",-0.371956
64,B0100,L7_mid_level_aggressive,HABFM,17027.353118,87.546335,52.500237,139.577422,-87.410608,15482.665046,332.354614,20372.739623,-146.713542,-5184.643068,-303.863215,61.433359,False,False,True,False,False,False,False,2-circle,-1.000000,-378.677256,100.000000,100.000000,0.000000,0.000000,-165.974163,-87.533993,-2.328620,1,0,4,0.0000,0.0000,0.0000,0.5000,"LeadPursuit",-0.006104
65,A0100,adaptive_eagle_v9,HABFM,17126.398090,86.037241,53.520840,138.936698,-85.892807,15468.934869,332.886833,20374.683510,9.719439,-5182.157473,-285.838555,15.580332,False,False,True,False,False,False,False,2-circle,-1.000000,-366.175034,100.000000,100.000000,0.000000,0.000000,-160.674112,-80.375091,-2.446082,1,0,4,0.0000,0.0000,0.0000,0.5000,"SmartHighYoYo",-0.399359
65,B0100,L7_mid_level_aggressive,HABFM,17126.398090,86.037241,53.520840,138.936698,-85.892807,15468.934869,332.886833,20374.683510,9.719439,-5182.157473,-285.838555,15.580332,False,False,True,False,False,False,False,2-circle,-1.000000,-366.175034,100.000000,100.000000,0.000000,0.000000,-160.674112,-80.375091,-2.446082,1,0,4,0.0000,0.0000,0.0000,0.5000,"LeadPursuit",0.005912
66,A0100,adaptive_eagle_v9,HABFM,17219.513214,84.364447,54.642217,138.279786,-84.217026,15454.980427,333.112413,20367.380078,-36.517161,-5195.122305,-265.789673,10.950476,False,False,True,False,False,False,False,2-circle,-1.000000,-355.397116,100.000000,100.000000,0.000000,0.000000,-158.136028,-76.440551,-2.353165,1,0,4,0.0000,0.0000,0.0000,0.5000,"SmartHighYoYo",-0.554017
66,B0100,L7_mid_level_aggressive,HABFM,17219.513214,84.364447,54.642217,138.279786,-84.217026,15454.980427,333.112413,20367.380078,-36.517161,-5195.122305,-265.789673,10.950476,False,False,True,False,False,False,False,2-circle,-1.000000,-355.397116,100.000000,100.000000,0.000000,0.000000,-158.136028,-76.440551,-2.353165,1,0,4,0.0000,0.0000,0.0000,0.5000,"LeadPursuit",0.054574
67,A0100,adaptive_eagle_v9,HABFM,17304.634487,81.917060,55.942852,137.079271,-81.764435,15441.366924,332.253774,20328.474545,-194.527667,-5235.386143,-238.631316,20.928858,False,False,True,False,False,False,False,2-circle,-1.000000,-346.542935,100.000000,100.000000,0.000000,0.000000,-165.551546,-82.788849,-2.306004,1,0,4,0.0000,0.0000,0.0000,0.5000,"SmartHighYoYo",-0.513232
67,B0100,L7_mid_level_aggressive,HABFM,17304.634487,81.917060,55.942852,137.079271,-81.764435,15441.366924,332.253774,20328.474545,-194.527667,-5235.386143,-238.631316,20.928858,False,False,True,False,False,False,False,2-circle,-1.000000,-346.542935,100.000000,100.000000,0.000000,0.000000,-165.551546,-82.788849,-2.306004,1,0,4,0.0000,0.0000,0.0000,0.5000,"LeadPursuit",0.058606
68,A0100,adaptive_eagle_v9,HABFM,17380.375493,79.643948,57.305369,136.101784,-79.474264,15427.696208,331.729476,20299.392261,-145.411420,-5253.910597,-212.097788,45.562148,False,False,True,False,False,False,False,2-circle,-1.000000,-338.551267,100.000000,100.000000,0.000000,0.000000,-170.278217,-86.668025,-2.416893,1,0,4,0.0000,0.0000,0.0000,0.5000,"SmartHighYoYo",-0.335229
68,B0100,L7_mid_level_aggressive,HABFM,17380.375493,79.643948,57.305369,136.101784,-79.474264,15427.696208,331.729476,20299.392261,-145.411420,-5253.910597,-212.097788,45.562148,False,False,True,False,False,False,False,2-circle,-1.000000,-338.551267,100.000000,100.000000,0.000000,0.000000,-170.278217,-86.668025,-2.416893,1,0,4,0.0000,0.0000,0.0000,0.5000,"LeadPursuit",0.024924
69,A0100,adaptive_eagle_v9,HABFM,17447.778373,78.145403,58.953801,136.231240,-77.963212,15413.497751,332.286764,20301.575940,10.918395,-5192.080028,-188.115358,14.302719,False,False,True,False,False,False,False,2-circle,-1.000000,-330.112985,100.000000,100.000000,0.000000,0.000000,-163.825412,-79.507644,-2.490006,4,0,3,0.0000,0.0000,0.0000,0.5000,"SmartHighYoYo",-0.363263
69,B0100,L7_mid_level_aggressive,HABFM,17447.778373,78.145403,58.953801,136.231240,-77.963212,15413.497751,332.286764,20301.575940,10.918395,-5192.080028,-188.115358,14.302719,False,False,True,False,False,False,False,2-circle,-1.000000,-330.112985,100.000000,100.000000,0.000000,0.000000,-163.825412,-79.507644,-2.490006,1,0,4,0.0000,0.0000,0.0000,0.5000,"LeadPursuit",0.043540
70,A0100,adaptive_eagle_v9,HABFM,17506.926340,76.485131,60.544129,136.168887,-76.300243,15399.154195,332.535855,20294.563597,-35.061715,-5156.050034,-163.520368,10.291898,False,False,True,False,False,False,False,2-circle,-1.000000,-321.446098,100.000000,100.000000,0.000000,0.000000,-160.489461,-75.573839,-2.351081,1,0,4,0.0000,0.0000,0.0000,0.5000,"SmartHighYoYo",-0.362099
70,B0100,L7_mid_level_aggressive,HABFM,17506.926340,76.485131,60.544129,136.168887,-76.300243,15399.154195,332.535855,20294.563597,-35.061715,-5156.050034,-163.520368,10.291898,False,False,True,False,False,False,False,2-circle,-1.000000,-321.446098,100.000000,100.000000,0.000000,0.000000,-160.489461,-75.573839,-2.351081,2,0,4,0.0000,0.0000,0.0000,0.5000,"LeadPursuit",0.055575
71,A0100,adaptive_eagle_v9,HABFM,17557.807902,74.804091,62.120713,136.087214,-74.617599,15385.144563,332.718699,20285.938875,-43.123611,-5119.366675,-138.763634,9.588772,False,False,True,False,False,False,False,2-circle,-1.000000,-313.159251,100.000000,100.000000,0.000000,0.000000,-159.987368,-74.569631,-1.886003,1,0,4,0.0000,0.0000,0.0000,0.5000,"SmartHighYoYo",-0.236516
71,B0100,L7_mid_level_aggressive,HABFM,17557.807902,74.804091,62.120713,136.087214,-74.617599,15385.144563,332.718699,20285.938875,-43.123611,-5119.366675,-138.763634,9.588772,False,False,True,False,False,False,False,2-circle,-1.000000,-313.159251,100.000000,100.000000,0.000000,0.000000,-159.987368,-74.569631,-1.886003,2,0,4,0.0000,0.0000,0.0000,0.5000,"LeadPursuit",0.036040
72,A0100,adaptive_eagle_v9,HABFM,17600.047607,73.597542,64.285435,136.990048,-73.415439,15371.421029,333.479039,20294.639854,43.504899,-5002.127193,-111.622985,6.354516,False,False,True,False,False,False,False,2-circle,-1.000000,-305.497923,100.000000,100.000000,0.000000,0.000000,-153.269811,-67.428795,-1.145701,1,0,4,0.0000,0.0000,0.0000,0.5000,"SmartHighYoYo",-0.326402
72,B0100,L7_mid_level_aggressive,HABFM,17600.047607,73.597542,64.285435,136.990048,-73.415439,15371.421029,333.479039,20294.639854,43.504899,-5002.127193,-111.622985,6.354516,False,False,True,False,False,False,False,2-circle,-1.000000,-305.497923,100.000000,100.000000,0.000000,0.000000,-153.269811,-67.428795,-1.145701,2,0,4,0.0000,0.0000,0.0000,0.5000,"LeadPursuit",0.073429
73,A0100,adaptive_eagle_v9,HABFM,17633.160346,71.986945,66.024991,137.007853,-71.824378,15358.559996,333.496372,20282.290635,-61.746100,-4959.391880,-85.684891,5.729062,False,False,True,False,False,False,False,2-circle,-1.000000,-300.935675,100.000000,100.000000,0.000000,0.000000,-151.413913,-65.244997,-0.288572,1,0,4,0.0000,0.0000,0.0000,0.5000,"SmartHighYoYo",-0.500643
73,B0100,L7_mid_level_aggressive,HABFM,17633.160346,71.986945,66.024991,137.007853,-71.824378,15358.559996,333.496372,20282.290635,-61.746100,-4959.391880,-85.684891,5.729062,False,False,True,False,False,False,False,2-circle,-1.000000,-300.935675,100.000000,100.000000,0.000000,0.000000,-151.413913,-65.244997,-0.288572,2,0,4,0.0000,0.0000,0.0000,0.5000,"LeadPursuit",0.138723
74,A0100,adaptive_eagle_v9,HABFM,17657.879489,69.635077,67.160484,135.744315,-69.495115,15347.368548,332.454149,20240.372558,-209.590381,-5039.051071,-60.819209,9.191100,False,False,True,False,False,False,False,2-circle,-1.000000,-301.198653,100.000000,100.000000,0.000000,0.000000,-160.313033,-73.915852,0.333102,1,0,4,0.0000,0.0000,0.0000,0.5000,"SmartHighYoYo",-0.488944
74,B0100,L7_mid_level_aggressive,HABFM,17657.879489,69.635077,67.160484,135.744315,-69.495115,15347.368548,332.454149,20240.372558,-209.590381,-5039.051071,-60.819209,9.191100,False,False,True,False,False,False,False,2-circle,-1.000000,-301.198653,100.000000,100.000000,0.000000,0.000000,-160.313033,-73.915852,0.333102,2,0,4,0.0000,0.0000,0.0000,0.5000,"LeadPursuit",0.153075
75,A0100,adaptive_eagle_v9,HABFM,17674.355297,67.351670,68.245980,134.436293,-67.214401,15337.434021,331.680645,20207.695926,-163.383163,-5124.376649,-37.053416,14.451679,False,False,True,False,False,False,False,2-circle,-1.000000,-305.456427,100.000000,100.000000,0.000000,0.000000,-166.136070,-79.584440,0.658400,1,0,4,0.0000,0.0000,0.0000,0.5000,"SmartHighYoYo",-0.301085
75,B0100,L7_mid_level_aggressive,HABFM,17674.355297,67.351670,68.245980,134.436293,-67.214401,15337.434021,331.680645,20207.695926,-163.383163,-5124.376649,-37.053416,14.451679,False,False,True,False,False,False,False,2-circle,-1.000000,-305.456427,100.000000,100.000000,0.000000,0.000000,-166.136070,-79.584440,0.658400,2,0,4,0.0000,0.0000,0.0000,0.5000,"LeadPursuit",0.106560
76,A0100,adaptive_eagle_v9,HABFM,17683.348751,65.873103,69.547342,134.141450,-65.735609,15327.901054,332.033056,20208.517776,4.109251,-5146.914955,-16.212174,8.691874,False,False,True,False,False,False,False,2-circle,-1.000000,-312.411329,100.000000,100.000000,0.000000,0.000000,-159.678373,-73.019776,0.950243,1,0,4,0.0000,0.0000,0.0000,0.5000,"SmartHighYoYo",-0.324727
76,B0100,L7_mid_level_aggressive,HABFM,17683.348751,65.873103,69.547342,134.141450,-65.735609,15327.901054,332.033056,20208.517776,4.109251,-5146.914955,-16.212174,8.691874,False,False,True,False,False,False,False,2-circle,-1.000000,-312.411329,100.000000,100.000000,0.000000,0.000000,-159.678373,-73.019776,0.950243,2,0,4,0.0000,0.0000,0.0000,0.5000,"LeadPursuit",0.129718
77,A0100,adaptive_eagle_v9,HABFM,17685.290733,64.249618,70.936131,133.923390,-64.125393,15318.968245,332.050640,20200.101921,-42.079276,-5172.803099,6.277437,7.007005,False,False,True,False,False,False,False,2-circle,-1.000000,-321.581497,100.000000,100.000000,0.000000,0.000000,-155.983483,-69.252990,1.394222,1,0,4,0.0000,0.0000,0.0000,0.5000,"SmartHighYoYo",-0.493657
77,B0100,L7_mid_level_aggressive,HABFM,17685.290733,64.249618,70.936131,133.923390,-64.125393,15318.968245,332.050640,20200.101921,-42.079276,-5172.803099,6.277437,7.007005,False,False,True,False,False,False,False,2-circle,-1.000000,-321.581497,100.000000,100.000000,0.000000,0.000000,-155.983483,-69.252990,1.394222,2,0,4,0.0000,0.0000,0.0000,0.5000,"LeadPursuit",0.210770
78,A0100,adaptive_eagle_v9,HABFM,17678.927188,61.868146,72.326858,133.077225,-61.763660,15311.367233,330.980136,20161.078886,-195.115173,-5243.804646,32.990063,10.470661,False,False,True,False,False,False,False,2-circle,-1.000000,-332.810367,100.000000,100.000000,0.000000,0.000000,-162.504349,-75.731349,1.765507,4,0,3,0.0000,0.0000,0.0000,0.5000,"SmartHighYoYo",-0.558613
78,B0100,L7_mid_level_aggressive,HABFM,17678.927188,61.868146,72.326858,133.077225,-61.763660,15311.367233,330.980136,20161.078886,-195.115173,-5243.804646,32.990063,10.470661,False,False,True,False,False,False,False,2-circle,-1.000000,-332.810367,100.000000,100.000000,0.000000,0.000000,-162.504349,-75.731349,1.765507,1,0,4,0.0000,0.0000,0.0000,0.5000,"LeadPursuit",0.260065
79,A0100,adaptive_eagle_v9,DBFM,17663.332259,59.241338,73.649026,131.886588,-59.136226,15304.821398,329.734968,20118.111849,-214.835185,-5326.266292,60.152833,54.537588,False,False,True,False,False,False,False,2-circle,-1.000000,-344.819012,100.000000,100.000000,0.000000,0.000000,-173.995413,-87.194320,1.610452,1,0,4,0.0000,0.0000,0.0000,0.5000,"SmartHighYoYo",-0.434945
79,B0100,L7_mid_level_aggressive,DBFM,17663.332259,59.241338,73.649026,131.886588,-59.136226,15304.821398,329.734968,20118.111849,-214.835185,-5326.266292,60.152833,54.537588,False,False,True,False,False,False,False,2-circle,-1.000000,-344.819012,100.000000,100.000000,0.000000,0.000000,-173.995413,-87.194320,1.610452,1,0,4,0.0000,0.0000,0.0000,0.5000,"LeadPursuit",0.236632
80,A0100,adaptive_eagle_v9,DBFM,17638.824668,57.146940,75.151340,131.342562,-57.012077,15297.933099,329.324616,20099.250834,-94.305078,-5332.532347,86.037545,153.320516,False,False,True,False,False,False,False,2-circle,-1.000000,-355.061917,100.000000,100.000000,0.000000,0.000000,-179.439587,-92.600444,0.979617,1,0,4,0.0000,0.0000,0.0000,0.5000,"SmartHighYoYo",-0.242687
80,B0100,L7_mid_level_aggressive,DBFM,17638.824668,57.146940,75.151340,131.342562,-57.012077,15297.933099,329.324616,20099.250834,-94.305078,-5332.532347,86.037545,153.320516,False,False,True,False,False,False,False,2-circle,-1.000000,-355.061917,100.000000,100.000000,0.000000,0.000000,-179.439587,-92.600444,0.979617,1,0,4,0.0000,0.0000,0.0000,0.5000,"LeadPursuit",0.183981
81,A0100,adaptive_eagle_v9,DBFM,17605.216988,55.748848,77.278211,132.117022,-55.585774,15290.086372,329.923322,20108.877390,48.132783,-5230.129942,114.155442,31.972822,False,False,True,False,False,False,False,2-circle,-1.000000,-362.056141,100.000000,100.000000,0.000000,0.000000,-172.122115,-85.223097,0.310005,1,0,4,0.0000,0.0000,0.0000,0.5000,"SmartHighYoYo",-0.306777
81,B0100,L7_mid_level_aggressive,DBFM,17605.216988,55.748848,77.278211,132.117022,-55.585774,15290.086372,329.923322,20108.877390,48.132783,-5230.129942,114.155442,31.972822,False,False,True,False,False,False,False,2-circle,-1.000000,-362.056141,100.000000,100.000000,0.000000,0.000000,-172.122115,-85.223097,0.310005,1,0,4,0.0000,0.0000,0.0000,0.5000,"LeadPursuit",0.234188
82,A0100,adaptive_eagle_v9,DBFM,17561.575077,54.044864,79.524915,132.618304,-53.867775,15281.714394,330.041973,20103.971999,-24.526958,-5152.014755,144.685374,15.644382,False,False,True,False,False,False,False,2-circle,-1.000000,-367.331288,100.000000,100.000000,0.000000,0.000000,-167.275950,-80.310285,-0.042240,1,0,4,0.0000,0.0000,0.0000,0.5000,"SmartHighYoYo",-0.530319
82,B0100,L7_mid_level_aggressive,DBFM,17561.575077,54.044864,79.524915,132.618304,-53.867775,15281.714394,330.041973,20103.971999,-24.526958,-5152.014755,144.685374,15.644382,False,False,True,False,False,False,False,2-circle,-1.000000,-367.331288,100.000000,100.000000,0.000000,0.000000,-167.275950,-80.310285,-0.042240,1,0,4,0.0000,0.0000,0.0000,0.5000,"LeadPursuit",0.350460
83,A0100,adaptive_eagle_v9,DBFM,17508.003461,51.558864,81.109695,131.558943,-51.367861,15273.341574,329.086505,20067.718841,-181.265790,-5191.433397,172.416280,31.720721,False,False,True,False,False,False,False,2-circle,-1.000000,-374.180912,100.000000,100.000000,0.000000,0.000000,-172.183985,-85.172437,-0.284496,1,0,4,0.0000,0.0000,0.0000,0.5000,"SmartHighYoYo",-0.501644
83,B0100,L7_mid_level_aggressive,DBFM,17508.003461,51.558864,81.109695,131.558943,-51.367861,15273.341574,329.086505,20067.718841,-181.265790,-5191.433397,172.416280,31.720721,False,False,True,False,False,False,False,2-circle,-1.000000,-374.180912,100.000000,100.000000,0.000000,0.000000,-172.183985,-85.172437,-0.284496,1,0,4,0.0000,0.0000,0.0000,0.5000,"LeadPursuit",0.352931
84,A0100,adaptive_eagle_v9,DBFM,17446.153363,49.324812,82.160445,130.134503,-49.094713,15264.628824,328.544365,20043.222498,-122.481710,-5280.000601,193.572874,71.300978,False,False,True,False,False,False,False,2-circle,-1.000000,-383.372386,100.000000,100.000000,0.000000,0.000000,-174.877217,-87.844525,-0.569220,1,0,4,0.0000,0.0000,0.0000,0.5000,"SmartHighYoYo",-0.303489
84,B0100,L7_mid_level_aggressive,DBFM,17446.153363,49.324812,82.160445,130.134503,-49.094713,15264.628824,328.544365,20043.222498,-122.481710,-5280.000601,193.572874,71.300978,False,False,True,False,False,False,False,2-circle,-1.000000,-383.372386,100.000000,100.000000,0.000000,0.000000,-174.877217,-87.844525,-0.569220,1,0,4,0.0000,0.0000,0.0000,0.5000,"LeadPursuit",0.272686
85,A0100,adaptive_eagle_v9,DBFM,17377.801994,47.851698,83.329391,129.600901,-47.588041,15255.256572,329.060859,20048.886589,28.320453,-5320.243705,212.309942,15.898271,False,False,True,False,False,False,False,2-circle,-1.000000,-394.356533,100.000000,100.000000,0.000000,0.000000,-167.467881,-80.431747,-0.744602,1,0,4,0.0000,0.0000,0.0000,0.5000,"SmartHighYoYo",-0.349919
85,B0100,L7_mid_level_aggressive,DBFM,17377.801994,47.851698,83.329391,129.600901,-47.588041,15255.256572,329.060859,20048.886589,28.320453,-5320.243705,212.309942,15.898271,False,False,True,False,False,False,False,2-circle,-1.000000,-394.356533,100.000000,100.000000,0.000000,0.000000,-167.467881,-80.431747,-0.744602,1,0,4,0.0000,0.0000,0.0000,0.5000,"LeadPursuit",0.316809
86,A0100,adaptive_eagle_v9,DBFM,17302.887251,46.182787,84.698550,129.189215,-45.907136,15245.653321,329.251978,20044.853273,-20.166580,-5360.274639,233.562508,11.168608,False,False,True,False,False,False,False,2-circle,-1.000000,-407.146126,100.000000,100.000000,0.000000,0.000000,-163.535737,-76.512316,-0.656881,1,0,4,0.0000,0.0000,0.0000,0.5000,"SmartHighYoYo",-0.579396
86,B0100,L7_mid_level_aggressive,DBFM,17302.887251,46.182787,84.698550,129.189215,-45.907136,15245.653321,329.251978,20044.853273,-20.166580,-5360.274639,233.562508,11.168608,False,False,True,False,False,False,False,2-circle,-1.000000,-407.146126,100.000000,100.000000,0.000000,0.000000,-163.535737,-76.512316,-0.656881,1,0,4,0.0000,0.0000,0.0000,0.5000,"LeadPursuit",0.469109
87,A0100,adaptive_eagle_v9,OBFM,17220.175794,43.719397,86.149960,128.168517,-43.432947,15236.387967,328.353425,20009.428912,-177.121806,-5435.486790,258.420995,21.147352,False,False,True,False,False,False,False,2-circle,-1.000000,-421.586563,100.000000,100.000000,0.000000,0.000000,-169.756992,-82.760850,-0.600536,4,0,3,0.0000,0.0000,0.0000,0.5000,"SmartHighYoYo",-0.662198
87,B0100,L7_mid_level_aggressive,OBFM,17220.175794,43.719397,86.149960,128.168517,-43.432947,15236.387967,328.353425,20009.428912,-177.121806,-5435.486790,258.420995,21.147352,False,False,True,False,False,False,False,2-circle,-1.000000,-421.586563,100.000000,100.000000,0.000000,0.000000,-169.756992,-82.760850,-0.600536,1,0,4,0.0000,0.0000,0.0000,0.5000,"LeadPursuit",0.552390
88,A0100,adaptive_eagle_v9,OBFM,17128.966615,41.094051,87.590177,126.899689,-40.743351,15227.058232,327.301346,19969.561508,-199.337019,-5520.675317,283.224734,154.389578,False,False,True,False,False,False,False,2-circle,-1.000000,-436.391241,100.000000,100.000000,0.000000,0.000000,179.079399,-93.957010,-1.077473,1,0,4,0.0000,0.0000,0.0000,0.5000,"SmartHighYoYo",-0.501061
88,B0100,L7_mid_level_aggressive,OBFM,17128.966615,41.094051,87.590177,126.899689,-40.743351,15227.058232,327.301346,19969.561508,-199.337019,-5520.675317,283.224734,154.389578,False,False,True,False,False,False,False,2-circle,-1.000000,-436.391241,100.000000,100.000000,0.000000,0.000000,179.079399,-93.957010,-1.077473,1,0,4,0.0000,0.0000,0.0000,0.5000,"LeadPursuit",0.492996
89,A0100,adaptive_eagle_v9,OBFM,17029.519177,39.094055,89.282061,126.392951,-38.606573,15216.375803,327.073075,19952.266239,-86.476344,-5529.121746,307.674454,154.517056,False,False,True,False,False,False,False,2-circle,-1.000000,-449.153013,100.000000,100.000000,0.000000,0.000000,173.915081,-99.142531,-2.066997,1,0,4,0.0000,0.0000,0.0000,0.5000,"SmartHighYoYo",-0.272677
89,B0100,L7_mid_level_aggressive,OBFM,17029.519177,39.094055,89.282061,126.392951,-38.606573,15216.375803,327.073075,19952.266239,-86.476344,-5529.121746,307.674454,154.517056,False,False,True,False,False,False,False,2-circle,-1.000000,-449.153013,100.000000,100.000000,0.000000,0.000000,173.915081,-99.142531,-2.066997,1,1,4,0.0000,0.0000,0.0000,0.5000,"LeadPursuit",0.128850
90,A0100,adaptive_eagle_v9,OBFM,16921.199458,37.767557,91.600491,127.166630,-37.148760,15203.948170,327.978676,19966.100397,69.170790,-5426.873868,335.612437,154.134331,False,False,True,False,False,False,False,2-circle,-1.000000,-458.905136,100.000000,100.000000,0.000000,0.000000,-178.578189,-91.639899,-3.108010,1,1,4,0.0000,0.0000,0.0000,0.5000,"SmartHighYoYo",-0.270028
90,B0100,L7_mid_level_aggressive,OBFM,16921.199458,37.767557,91.600491,127.166630,-37.148760,15203.948170,327.978676,19966.100397,69.170790,-5426.873868,335.612437,154.134331,False,False,True,False,False,False,False,2-circle,-1.000000,-458.905136,100.000000,100.000000,0.000000,0.000000,-178.578189,-91.639899,-3.108010,1,1,4,0.0000,0.0000,0.0000,0.5000,"LeadPursuit",-0.069372
91,A0100,adaptive_eagle_v9,OBFM,16803.314177,36.465206,93.849067,127.822509,-35.741985,15190.277706,328.938077,19980.331121,71.153618,-5337.487247,362.579372,19.380897,False,False,True,False,False,False,False,2-circle,-1.000000,-467.462442,100.000000,100.000000,0.000000,0.000000,-169.055428,-82.117156,-3.572767,4,1,3,0.0000,0.0000,0.0000,0.5000,"SmartHighYoYo",-0.472185
91,B0100,L7_mid_level_aggressive,OBFM,16803.314177,36.465206,93.849067,127.822509,-35.741985,15190.277706,328.938077,19980.331121,71.153618,-5337.487247,362.579372,19.380897,False,False,True,False,False,False,False,2-circle,-1.000000,-467.462442,100.000000,100.000000,0.000000,0.000000,-169.055428,-82.117156,-3.572767,1,1,4,0.0000,0.0000,0.0000,0.5000,"LeadPursuit",0.195764
92,A0100,adaptive_eagle_v9,OBFM,16677.100187,34.666771,95.511099,127.534373,-33.878294,15176.067005,329.207667,19973.975282,-31.779195,-5351.392489,385.411766,12.964672,False,False,True,False,False,False,False,2-circle,-1.000000,-476.651190,100.000000,100.000000,0.000000,0.000000,-165.243169,-78.312760,-3.521115,3,0,4,0.0000,0.0000,0.0000,0.5000,"LeadPursuit",-0.786074
92,B0100,L7_mid_level_aggressive,OBFM,16677.100187,34.666771,95.511099,127.534373,-33.878294,15176.067005,329.207667,19973.975282,-31.779195,-5351.392489,385.411766,12.964672,False,False,True,False,False,False,False,2-circle,-1.000000,-476.651190,100.000000,100.000000,0.000000,0.000000,-165.243169,-78.312760,-3.521115,1,1,4,0.0000,0.0000,0.0000,0.5000,"LeadPursuit",0.504224
93,A0100,adaptive_eagle_v9,OBFM,16543.508926,32.128066,96.911342,126.329186,-31.251396,15161.881216,328.358812,19935.078787,-194.482477,-5436.501537,407.273428,31.370330,False,False,True,False,False,False,False,2-circle,-1.000000,-486.590985,100.000000,100.000000,0.000000,0.000000,-172.014654,-85.100589,-3.499512,3,0,4,0.0000,0.0000,0.0000,0.5000,"LeadPursuit",-0.743612
93,B0100,L7_mid_level_aggressive,OBFM,16543.508926,32.128066,96.911342,126.329186,-31.251396,15161.881216,328.358812,19935.078787,-194.482477,-5436.501537,407.273428,31.370330,False,False,True,False,False,False,False,2-circle,-1.000000,-486.590985,100.000000,100.000000,0.000000,0.000000,-172.014654,-85.100589,-3.499512,1,1,4,0.0000,0.0000,0.0000,0.5000,"LeadPursuit",0.505361
94,A0100,adaptive_eagle_v9,OBFM,16402.541999,29.900213,98.357138,125.353803,-28.838368,15147.241361,328.026630,19910.786252,-121.462672,-5490.006952,428.234483,154.238844,False,False,True,False,False,False,False,2-circle,-1.000000,-496.008266,100.000000,100.000000,0.000000,0.000000,-176.271765,-89.374573,-3.694190,3,0,4,0.0000,0.0000,0.0000,0.5000,"LeadPursuit",-0.541866
94,B0100,L7_mid_level_aggressive,OBFM,16402.541999,29.900213,98.357138,125.353803,-28.838368,15147.241361,328.026630,19910.786252,-121.462672,-5490.006952,428.234483,154.238844,False,False,True,False,False,False,False,2-circle,-1.000000,-496.008266,100.000000,100.000000,0.000000,0.000000,-176.271765,-89.374573,-3.694190,1,1,4,0.0000,0.0000,0.0000,0.5000,"LeadPursuit",0.233285
95,A0100,adaptive_eagle_v9,OBFM,16254.859363,28.443609,99.752925,125.185525,-27.216042,15131.700718,328.817097,19918.231306,37.225272,-5487.563533,446.753044,20.122180,False,False,True,False,False,False,False,2-circle,-1.000000,-503.514864,100.000000,100.000000,0.000000,0.000000,-169.283888,-82.395094,-3.899644,3,0,4,0.0000,0.0000,0.0000,0.5000,"LeadPursuit",-0.658733
95,B0100,L7_mid_level_aggressive,OBFM,16254.859363,28.443609,99.752925,125.185525,-27.216042,15131.700718,328.817097,19918.231306,37.225272,-5487.563533,446.753044,20.122180,False,False,True,False,False,False,False,2-circle,-1.000000,-503.514864,100.000000,100.000000,0.000000,0.000000,-169.283888,-82.395094,-3.899644,1,1,4,0.0000,0.0000,0.0000,0.5000,"LeadPursuit",0.377308
96,A0100,adaptive_eagle_v9,HABFM,16101.099450,26.779432,101.007752,124.859905,-25.434147,15115.662041,329.337548,19917.356856,-4.372250,-5489.994984,464.115896,13.137578,False,False,True,False,False,False,False,2-circle,-1.000000,-508.514622,100.000000,100.000000,0.000000,0.000000,-165.349431,-78.456906,-3.895855,3,0,4,0.0000,0.0000,0.0000,0.5000,"LeadPursuit",-1.058918
96,B0100,L7_mid_level_aggressive,HABFM,16101.099450,26.779432,101.007752,124.859905,-25.434147,15115.662041,329.337548,19917.356856,-4.372250,-5489.994984,464.115896,13.137578,False,False,True,False,False,False,False,2-circle,-1.000000,-508.514622,100.000000,100.000000,0.000000,0.000000,-165.349431,-78.456906,-3.895855,1,2,4,0.0000,0.0000,0.0000,0.5000,"LeadPursuit",0.780441
97,A0100,adaptive_eagle_v9,HABFM,15941.252981,24.353233,102.357836,123.934259,-22.842016,15099.630673,328.769614,19884.778974,-162.889411,-5500.528440,482.937358,29.075827,False,False,True,False,False,False,False,2-circle,-1.000000,-510.355676,100.000000,100.000000,0.000000,0.000000,-171.629153,-84.717664,-3.886986,3,0,4,0.0000,0.0000,0.0000,0.5000,"LeadPursuit",-1.008375
97,B0100,L7_mid_level_aggressive,HABFM,15941.252981,24.353233,102.357836,123.934259,-22.842016,15099.630673,328.769614,19884.778974,-162.889411,-5500.528440,482.937358,29.075827,False,False,True,False,False,False,False,2-circle,-1.000000,-510.355676,100.000000,100.000000,0.000000,0.000000,-171.629153,-84.717664,-3.886986,1,2,4,0.0000,0.0000,0.0000,0.5000,"LeadPursuit",0.712575
98,A0100,adaptive_eagle_v9,HABFM,15774.242971,22.216824,104.319553,123.715633,-20.397284,15083.211267,328.521664,19861.144592,-118.171909,-5421.772026,505.644569,97.324373,False,False,True,False,False,False,False,2-circle,-1.000000,-507.420511,100.000000,100.000000,0.000000,0.000000,-175.370586,-88.416286,-4.032063,3,0,4,0.0000,0.0000,0.0000,0.5000,"LeadPursuit",-0.683479
98,B0100,L7_mid_level_aggressive,HABFM,15774.242971,22.216824,104.319553,123.715633,-20.397284,15083.211267,328.521664,19861.144592,-118.171909,-5421.772026,505.644569,97.324373,False,False,True,False,False,False,False,2-circle,-1.000000,-507.420511,100.000000,100.000000,0.000000,0.000000,-175.370586,-88.416286,-4.032063,1,2,4,0.0000,0.0000,0.0000,0.5000,"LeadPursuit",0.429137
99,A0100,adaptive_eagle_v9,HABFM,15599.260692,20.812061,106.337799,124.202526,-18.730984,15066.011154,329.371723,19868.702565,37.789860,-5312.513073,527.564214,17.165773,False,False,True,False,False,False,False,2-circle,-1.000000,-499.994217,100.000000,100.000000,0.000000,0.000000,-168.129514,-81.110663,-4.152176,3,0,4,0.0000,0.0000,0.0000,0.5000,"LeadPursuit",-0.913742
99,B0100,L7_mid_level_aggressive,HABFM,15599.260692,20.812061,106.337799,124.202526,-18.730984,15066.011154,329.371723,19868.702565,37.789860,-5312.513073,527.564214,17.165773,False,False,True,False,False,False,False,2-circle,-1.000000,-499.994217,100.000000,100.000000,0.000000,0.000000,-168.129514,-81.110663,-4.152176,1,2,4,0.0000,0.0000,0.0000,0.5000,"LeadPursuit",0.829436
100,A0100,adaptive_eagle_v9,HABFM,15417.711842,19.156787,107.737690,123.892638,-16.879833,15048.454846,329.905691,19866.730842,-9.858613,-5285.442271,544.328368,11.579539,False,False,True,False,False,False,False,2-circle,-1.000000,-490.003634,100.000000,100.000000,0.000000,0.000000,-164.056743,-76.962582,-4.037943,3,0,4,0.0000,0.0000,0.0000,0.5000,"LeadPursuit",-1.512898
100,B0100,L7_mid_level_aggressive,HABFM,15417.711842,19.156787,107.737690,123.892638,-16.879833,15048.454846,329.905691,19866.730842,-9.858613,-5285.442271,544.328368,11.579539,False,False,True,False,False,False,False,2-circle,-1.000000,-490.003634,100.000000,100.000000,0.000000,0.000000,-164.056743,-76.962582,-4.037943,1,3,4,0.0000,0.0000,0.0000,0.5000,"LeadPursuit",1.626092
101,A0100,adaptive_eagle_v9,HABFM,15230.696334,16.805958,109.181292,122.871042,-14.219488,15031.126433,329.344462,19833.022861,-168.539907,-5291.088378,561.195982,21.587016,False,False,True,False,False,False,False,2-circle,-1.000000,-478.051948,100.000000,100.000000,0.000000,0.000000,-170.083065,-82.906338,-3.948075,3,0,4,0.0000,0.0000,0.0000,0.5000,"LeadPursuit",-1.691036
101,B0100,L7_mid_level_aggressive,HABFM,15230.696334,16.805958,109.181292,122.871042,-14.219488,15031.126433,329.344462,19833.022861,-168.539907,-5291.088378,561.195982,21.587016,False,False,True,False,False,False,False,2-circle,-1.000000,-478.051948,100.000000,100.000000,0.000000,0.000000,-170.083065,-82.906338,-3.948075,1,3,4,0.0000,0.0000,0.0000,0.5000,"LeadPursuit",1.915558
102,A0100,adaptive_eagle_v9,HABFM,15037.112769,14.635963,111.381693,122.311849,-11.335833,15013.666423,328.628327,19794.702817,-191.600216,-5228.442832,582.654925,154.264097,False,False,True,False,False,False,False,2-circle,-1.000000,-463.265312,100.000000,100.000000,0.000000,0.000000,178.976735,-93.752075,-4.378093,3,0,4,0.0000,0.0000,0.0000,0.5000,"LeadPursuit",-1.179370
102,B0100,L7_mid_level_aggressive,HABFM,15037.112769,14.635963,111.381693,122.311849,-11.335833,15013.666423,328.628327,19794.702817,-191.600216,-5228.442832,582.654925,154.264097,False,False,True,False,False,False,False,2-circle,-1.000000,-463.265312,100.000000,100.000000,0.000000,0.000000,178.976735,-93.752075,-4.378093,1,4,4,0.0000,0.0000,0.0000,0.5000,"LeadPursuit",1.371065
103,A0100,adaptive_eagle_v9,HABFM,14836.242165,13.453762,113.509484,122.030174,-8.997739,14994.824134,328.739476,19779.095159,-78.038292,-5162.053822,602.195496,154.255808,False,False,True,False,False,False,False,2-circle,-1.000000,-445.898039,100.000000,100.000000,0.000000,0.000000,173.967499,-98.656317,-5.204454,3,0,4,0.0000,0.0000,0.0000,0.5000,"LeadPursuit",-0.681077
103,B0100,L7_mid_level_aggressive,HABFM,14836.242165,13.453762,113.509484,122.030174,-8.997739,14994.824134,328.739476,19779.095159,-78.038292,-5162.053822,602.195496,154.255808,False,False,True,False,False,False,False,2-circle,-1.000000,-445.898039,100.000000,100.000000,0.000000,0.000000,173.967499,-98.656317,-5.204454,1,4,4,0.0000,0.0000,0.0000,0.5000,"LeadPursuit",0.794650
104,A0100,adaptive_eagle_v9,HABFM,14629.643459,12.850432,115.047384,121.811594,-7.336334,14974.261646,329.582591,19783.104499,20.046701,-5128.250966,616.916525,104.176773,False,False,True,False,False,False,False,2-circle,-1.000000,-427.190285,100.000000,100.000000,0.000000,0.000000,-176.008329,-88.522673,-5.905564,3,0,4,0.0000,0.0000,0.0000,0.5000,"LeadPursuit",-0.341851
104,B0100,L7_mid_level_aggressive,HABFM,14629.643459,12.850432,115.047384,121.811594,-7.336334,14974.261646,329.582591,19783.104499,20.046701,-5128.250966,616.916525,104.176773,False,False,True,False,False,False,False,2-circle,-1.000000,-427.190285,100.000000,100.000000,0.000000,0.000000,-176.008329,-88.522673,-5.905564,1,4,4,0.0000,0.0000,0.0000,0.5000,"LeadPursuit",0.339555
105,A0100,adaptive_eagle_v9,HABFM,14418.268210,12.477888,116.457126,122.162879,-6.319730,14952.637034,331.396883,19814.569208,157.323544,-5065.942064,631.311032,7.963236,False,False,True,False,False,False,False,2-circle,-1.000000,-407.755612,100.000000,100.000000,0.000000,0.000000,-159.039209,-71.442230,-5.886083,3,0,4,0.0000,0.0000,0.0000,0.5000,"LeadPursuit",0.130440
105,B0100,L7_mid_level_aggressive,HABFM,14418.268210,12.477888,116.457126,122.162879,-6.319730,14952.637034,331.396883,19814.569208,157.323544,-5065.942064,631.311032,7.963236,False,False,True,False,False,False,False,2-circle,-1.000000,-407.755612,100.000000,100.000000,0.000000,0.000000,-159.039209,-71.442230,-5.886083,1,4,4,0.0000,0.0000,0.0000,0.5000,"LeadPursuit",-0.354233
106,A0100,adaptive_eagle_v9,HABFM,14201.811357,12.427691,118.004105,123.437044,-6.040042,14930.458130,333.999891,19869.067863,272.493274,-4949.946751,646.914372,3.740926,False,False,True,False,False,False,False,2-circle,-1.000000,-387.474448,100.000000,100.000000,0.000000,0.000000,-142.355605,-54.644192,-6.548345,3,0,4,0.0000,0.0000,0.0000,0.5000,"LeadPursuit",0.766197
106,B0100,L7_mid_level_aggressive,HABFM,14201.811357,12.427691,118.004105,123.437044,-6.040042,14930.458130,333.999891,19869.067863,272.493274,-4949.946751,646.914372,3.740926,False,False,True,False,False,False,False,2-circle,-1.000000,-387.474448,100.000000,100.000000,0.000000,0.000000,-142.355605,-54.644192,-6.548345,1,4,4,0.0000,0.0000,0.0000,0.5000,"LeadPursuit",-1.265564
107,A0100,adaptive_eagle_v9,HABFM,13980.023541,12.922692,119.536474,125.409497,-6.451340,14907.460940,337.595038,19952.960457,419.462970,-4778.288060,662.399985,2.042362,False,False,True,False,False,False,False,2-circle,-1.000000,-365.247909,100.000000,100.000000,0.000000,0.000000,-125.689923,-37.853914,-8.202673,3,0,4,0.0000,0.0000,0.0000,0.5000,"LeadPursuit",1.269848
107,B0100,L7_mid_level_aggressive,HABFM,13980.023541,12.922692,119.536474,125.409497,-6.451340,14907.460940,337.595038,19952.960457,419.462970,-4778.288060,662.399985,2.042362,False,False,True,False,False,False,False,2-circle,-1.000000,-365.247909,100.000000,100.000000,0.000000,0.000000,-125.689923,-37.853914,-8.202673,1,4,4,0.0000,0.0000,0.0000,0.5000,"LeadPursuit",-1.974154
108,A0100,adaptive_eagle_v9,HABFM,13752.996858,13.952347,121.270315,127.956297,-7.212387,14882.738117,341.479926,20045.028323,460.339332,-4552.909858,678.208585,0.950378,False,False,True,False,False,False,False,2-circle,-1.000000,-339.174027,100.000000,100.000000,0.000000,0.000000,-108.060931,-20.078297,-10.644739,3,0,4,0.0000,0.0000,0.0000,0.5000,"LeadPursuit",1.479369
108,B0100,L7_mid_level_aggressive,HABFM,13752.996858,13.952347,121.270315,127.956297,-7.212387,14882.738117,341.479926,20045.028323,460.339332,-4552.909858,678.208585,0.950378,False,False,True,False,False,False,False,2-circle,-1.000000,-339.174027,100.000000,100.000000,0.000000,0.000000,-108.060931,-20.078297,-10.644739,1,4,4,0.0000,0.0000,0.0000,0.5000,"LeadPursuit",-2.265270
109,A0100,adaptive_eagle_v9,HABFM,13520.141751,15.257586,123.652564,131.075092,-7.971584,14855.223959,344.957998,20123.208547,390.901120,-4273.359473,696.668531,0.069542,False,False,True,False,False,False,False,2-circle,-1.000000,-307.549728,100.000000,100.000000,0.000000,0.000000,-89.708292,-1.546436,-12.898322,2,0,4,0.0000,0.0000,0.0000,0.5000,"LeadPursuit",1.230130
109,B0100,L7_mid_level_aggressive,HABFM,13520.141751,15.257586,123.652564,131.075092,-7.971584,14855.223959,344.957998,20123.208547,390.901120,-4273.359473,696.668531,0.069542,False,False,True,False,False,False,False,2-circle,-1.000000,-307.549728,100.000000,100.000000,0.000000,0.000000,-89.708292,-1.546436,-12.898322,2,4,4,0.0000,0.0000,0.0000,0.5000,"LeadPursuit",-1.874269
110,A0100,adaptive_eagle_v9,HABFM,13280.741128,16.304545,126.194125,133.908066,-8.560875,14824.617782,348.428615,20199.137818,379.646352,-3995.436060,715.967244,0.789963,False,False,True,False,False,False,False,2-circle,-1.000000,-271.552813,100.000000,100.000000,0.000000,0.000000,-71.170102,17.197194,-12.467997,2,0,4,0.0000,0.0000,0.0000,0.5000,"LeadPursuit",0.642712
110,B0100,L7_mid_level_aggressive,HABFM,13280.741128,16.304545,126.194125,133.908066,-8.560875,14824.617782,348.428615,20199.137818,379.646352,-3995.436060,715.967244,0.789963,False,False,True,False,False,False,False,2-circle,-1.000000,-271.552813,100.000000,100.000000,0.000000,0.000000,-71.170102,17.197194,-12.467997,2,4,4,0.0000,0.0000,0.0000,0.5000,"LeadPursuit",-1.018336
111,A0100,adaptive_eagle_v9,HABFM,13035.508999,16.597732,128.176066,136.376659,-9.464893,14792.464248,350.457275,20229.750748,153.064654,-3849.724130,731.334391,1.299781,False,False,True,False,False,False,False,2-circle,-1.000000,-235.768678,100.000000,100.000000,0.000000,0.000000,-61.466942,27.105562,-8.357996,2,0,4,0.0000,0.0000,0.0000,0.5000,"LeadPursuit",0.225813
111,B0100,L7_mid_level_aggressive,HABFM,13035.508999,16.597732,128.176066,136.376659,-9.464893,14792.464248,350.457275,20229.750748,153.064654,-3849.724130,731.334391,1.299781,False,False,True,False,False,False,False,2-circle,-1.000000,-235.768678,100.000000,100.000000,0.000000,0.000000,-61.466942,27.105562,-8.357996,2,4,4,0.0000,0.0000,0.0000,0.5000,"LeadPursuit",-0.419836
112,A0100,adaptive_eagle_v9,HABFM,12785.817177,16.327040,129.559868,139.178788,-11.014942,14762.155841,351.968096,20246.423686,83.364688,-3789.948725,743.591713,0.963061,False,False,True,False,False,False,False,2-circle,-1.000000,-204.870419,100.000000,100.000000,0.000000,0.000000,-67.910468,20.839493,-4.505718,2,0,4,0.0000,0.0000,0.0000,0.5000,"LeadPursuit",0.045411
112,B0100,L7_mid_level_aggressive,HABFM,12785.817177,16.327040,129.559868,139.178788,-11.014942,14762.155841,351.968096,20246.423686,83.364688,-3789.948725,743.591713,0.963061,False,False,True,False,False,False,False,2-circle,-1.000000,-204.870419,100.000000,100.000000,0.000000,0.000000,-67.910468,20.839493,-4.505718,2,4,4,0.0000,0.0000,0.0000,0.5000,"LeadPursuit",-0.191261
113,A0100,adaptive_eagle_v9,HABFM,12532.444683,15.778375,130.977732,142.236169,-12.501185,14736.744539,352.178902,20227.583781,-94.199524,-3790.674424,754.978380,0.301309,False,False,True,False,False,False,False,2-circle,-1.000000,-181.750145,100.000000,100.000000,0.000000,0.000000,-82.088760,6.793001,-1.330102,2,0,4,0.0000,0.0000,0.0000,0.5000,"LeadPursuit",-0.082431
113,B0100,L7_mid_level_aggressive,HABFM,12532.444683,15.778375,130.977732,142.236169,-12.501185,14736.744539,352.178902,20227.583781,-94.199524,-3790.674424,754.978380,0.301309,False,False,True,False,False,False,False,2-circle,-1.000000,-181.750145,100.000000,100.000000,0.000000,0.000000,-82.088760,6.793001,-1.330102,2,3,4,0.0000,0.0000,0.0000,0.5000,"LeadPursuit",-0.035738
114,A0100,adaptive_eagle_v9,HABFM,12275.282537,15.069493,132.553215,144.888557,-13.288853,14717.481208,351.932719,20200.646627,-134.685772,-3806.858179,766.843397,0.450414,False,False,True,False,False,False,False,2-circle,-1.000000,-167.388874,100.000000,100.000000,0.000000,0.000000,-99.047979,-10.087262,0.558763,2,0,4,0.0000,0.0000,0.0000,0.5000,"LeadPursuit",-0.105742
114,B0100,L7_mid_level_aggressive,HABFM,12275.282537,15.069493,132.553215,144.888557,-13.288853,14717.481208,351.932719,20200.646627,-134.685772,-3806.858179,766.843397,0.450414,False,False,True,False,False,False,False,2-circle,-1.000000,-167.388874,100.000000,100.000000,0.000000,0.000000,-99.047979,-10.087262,0.558763,2,3,4,0.0000,0.0000,0.0000,0.5000,"LeadPursuit",-0.000392
115,A0100,adaptive_eagle_v9,HABFM,12014.140987,14.409133,134.213653,146.880841,-13.397526,14703.816978,352.091393,20191.927826,-43.594004,-3805.948777,779.265852,1.452360,False,False,True,False,False,False,False,2-circle,-1.000000,-160.640254,100.000000,100.000000,0.000000,0.000000,-118.838379,-29.845855,-0.143863,2,0,4,0.0000,0.0000,0.0000,0.5000,"LeadPursuit",-0.128787
115,B0100,L7_mid_level_aggressive,HABFM,12014.140987,14.409133,134.213653,146.880841,-13.397526,14703.816978,352.091393,20191.927826,-43.594004,-3805.948777,779.265852,1.452360,False,False,True,False,False,False,False,2-circle,-1.000000,-160.640254,100.000000,100.000000,0.000000,0.000000,-118.838379,-29.845855,-0.143863,2,3,4,0.0000,0.0000,0.0000,0.5000,"LeadPursuit",0.043298
116,A0100,adaptive_eagle_v9,HABFM,11748.875108,13.797007,135.905259,148.411099,-13.107642,14693.586797,352.371396,20190.430036,-7.488948,-3801.296913,791.574104,3.138608,False,False,True,False,False,False,False,2-circle,-1.000000,-158.524314,100.000000,100.000000,0.000000,0.000000,-140.125964,-51.131373,0.001503,2,0,4,0.0000,0.0000,0.0000,0.5000,"LeadPursuit",-0.404761
116,B0100,L7_mid_level_aggressive,HABFM,11748.875108,13.797007,135.905259,148.411099,-13.107642,14693.586797,352.371396,20190.430036,-7.488948,-3801.296913,791.574104,3.138608,False,False,True,False,False,False,False,2-circle,-1.000000,-158.524314,100.000000,100.000000,0.000000,0.000000,-140.125964,-51.131373,0.001503,2,3,4,0.0000,0.0000,0.0000,0.5000,"LeadPursuit",0.435534
117,A0100,adaptive_eagle_v9,HABFM,11479.439129,12.896215,137.574750,149.426612,-12.344105,14685.365438,353.031137,20202.811305,61.906345,-3780.374854,804.305391,6.979901,False,False,True,False,False,False,False,2-circle,-1.000000,-158.664286,100.000000,100.000000,0.000000,0.000000,-159.089990,-70.108910,2.324019,2,0,4,0.0000,0.0000,0.0000,0.5000,"LeadPursuit",-0.664461
117,B0100,L7_mid_level_aggressive,HABFM,11479.439129,12.896215,137.574750,149.426612,-12.344105,14685.365438,353.031137,20202.811305,61.906345,-3780.374854,804.305391,6.979901,False,False,True,False,False,False,False,2-circle,-1.000000,-158.664286,100.000000,100.000000,0.000000,0.000000,-159.089990,-70.108910,2.324019,2,4,4,0.0000,0.0000,0.0000,0.5000,"LeadPursuit",0.820891
118,A0100,adaptive_eagle_v9,HABFM,11205.538261,11.718428,139.506573,150.306184,-11.190396,14678.246348,354.028722,20226.918351,120.535228,-3706.542586,818.365544,11.795098,False,False,True,False,False,False,False,2-circle,-1.000000,-159.069589,100.000000,100.000000,0.000000,0.000000,-166.909513,-77.945330,3.688718,2,0,4,0.0000,0.0000,0.0000,0.5000,"LeadPursuit",-0.212366
118,B0100,L7_mid_level_aggressive,HABFM,11205.538261,11.718428,139.506573,150.306184,-11.190396,14678.246348,354.028722,20226.918351,120.535228,-3706.542586,818.365544,11.795098,False,False,True,False,False,False,False,2-circle,-1.000000,-159.069589,100.000000,100.000000,0.000000,0.000000,-166.909513,-77.945330,3.688718,2,4,4,0.0000,0.0000,0.0000,0.5000,"LeadPursuit",0.225869
119,A0100,adaptive_eagle_v9,HABFM,10926.553888,10.941060,142.103905,152.185563,-10.417154,14671.613671,355.243994,20258.444822,157.632355,-3560.973417,834.134436,6.638197,False,False,True,False,False,False,False,2-circle,-1.000000,-158.491651,100.000000,100.000000,0.000000,0.000000,-158.232922,-69.281130,4.253683,2,1,4,0.0000,0.0000,0.0000,0.5000,"LeadPursuit",0.360928
119,B0100,L7_mid_level_aggressive,HABFM,10926.553888,10.941060,142.103905,152.185563,-10.417154,14671.613671,355.243994,20258.444822,157.632355,-3560.973417,834.134436,6.638197,False,False,True,False,False,False,False,2-circle,-1.000000,-158.491651,100.000000,100.000000,0.000000,0.000000,-158.232922,-69.281130,4.253683,2,4,4,0.0000,0.0000,0.0000,0.5000,"LeadPursuit",-0.532173
120,A0100,adaptive_eagle_v9,HABFM,10642.319126,10.726889,144.629712,154.490233,-10.233515,14665.286955,357.163228,20312.647796,271.014871,-3399.221720,848.827054,3.196196,False,False,True,False,False,False,False,2-circle,-1.000000,-157.957224,100.000000,100.000000,0.000000,0.000000,-140.925919,-51.988736,3.726364,2,1,4,0.0000,0.0000,0.0000,0.5000,"LeadPursuit",0.545902
120,B0100,L7_mid_level_aggressive,HABFM,10642.319126,10.726889,144.629712,154.490233,-10.233515,14665.286955,357.163228,20312.647796,271.014871,-3399.221720,848.827054,3.196196,False,False,True,False,False,False,False,2-circle,-1.000000,-157.957224,100.000000,100.000000,0.000000,0.000000,-140.925919,-51.988736,3.726364,2,4,4,0.0000,0.0000,0.0000,0.5000,"LeadPursuit",-0.754895
121,A0100,adaptive_eagle_v9,HABFM,10353.567627,10.761346,146.628041,156.539986,-10.319243,14659.433609,359.295393,20374.422021,308.871125,-3293.869329,861.131312,1.621508,False,False,True,False,False,False,False,2-circle,-1.000000,-158.670293,100.000000,100.000000,0.000000,0.000000,-122.046305,-33.134133,2.880634,2,1,4,0.0000,0.0000,0.0000,0.5000,"LeadPursuit",0.949809
121,B0100,L7_mid_level_aggressive,HABFM,10353.567627,10.761346,146.628041,156.539986,-10.319243,14659.433609,359.295393,20374.422021,308.871125,-3293.869329,861.131312,1.621508,False,False,True,False,False,False,False,2-circle,-1.000000,-158.670293,100.000000,100.000000,0.000000,0.000000,-122.046305,-33.134133,2.880634,2,4,4,0.0000,0.0000,0.0000,0.5000,"LeadPursuit",-1.294835
122,A0100,adaptive_eagle_v9,HABFM,10060.886227,11.242440,148.486258,158.794395,-10.779581,14653.670128,362.022608,20455.746532,406.622554,-3174.251831,872.517743,0.598388,False,False,True,False,False,False,False,2-circle,-1.000000,-159.807684,100.000000,100.000000,0.000000,0.000000,-102.519289,-13.637232,2.011367,2,1,4,0.0000,0.0000,0.0000,0.5000,"LeadPursuit",1.064693
122,B0100,L7_mid_level_aggressive,HABFM,10060.886227,11.242440,148.486258,158.794395,-10.779581,14653.670128,362.022608,20455.746532,406.622554,-3174.251831,872.517743,0.598388,False,False,True,False,False,False,False,2-circle,-1.000000,-159.807684,100.000000,100.000000,0.000000,0.000000,-102.519289,-13.637232,2.011367,2,4,4,0.0000,0.0000,0.0000,0.5000,"LeadPursuit",-1.400560
123,A0100,adaptive_eagle_v9,HABFM,9764.414352,11.732207,150.461609,161.325962,-11.304227,14647.665149,364.513150,20529.847157,370.503126,-3042.288397,883.219164,0.014496,False,False,True,False,False,False,False,2-circle,-1.000000,-160.066836,100.000000,100.000000,0.000000,0.000000,-89.194701,-0.338919,1.031195,2,1,3,0.0000,0.0000,0.0000,0.5000,"LeadPursuit",1.255085
123,B0100,L7_mid_level_aggressive,HABFM,9764.414352,11.732207,150.461609,161.325962,-11.304227,14647.665149,364.513150,20529.847157,370.503126,-3042.288397,883.219164,0.014496,False,False,True,False,False,False,False,2-circle,-1.000000,-160.066836,100.000000,100.000000,0.000000,0.000000,-89.194701,-0.338919,1.031195,2,4,3,0.0000,0.0000,0.0000,0.5000,"LeadPursuit",-1.573808
124,A0100,adaptive_eagle_v9,HABFM,9464.548843,12.182454,152.731147,164.366335,-11.886070,14642.518437,366.197696,20579.193431,246.731368,-2904.947264,892.891027,0.138922,False,False,True,False,False,False,False,2-circle,-1.000000,-159.360018,100.000000,100.000000,0.000000,0.000000,-85.575399,3.258780,0.385060,2,1,3,0.0000,0.0000,0.0000,0.5000,"LeadPursuit",1.682580
124,B0100,L7_mid_level_aggressive,HABFM,9464.548843,12.182454,152.731147,164.366335,-11.886070,14642.518437,366.197696,20579.193431,246.731368,-2904.947264,892.891027,0.138922,False,False,True,False,False,False,False,2-circle,-1.000000,-159.360018,100.000000,100.000000,0.000000,0.000000,-85.575399,3.258780,0.385060,2,4,3,0.0000,0.0000,0.0000,0.5000,"LeadPursuit",-1.967200
125,A0100,adaptive_eagle_v9,HABFM,9161.379234,12.662169,155.700924,168.102947,-12.483932,14638.704624,367.565798,20619.820910,203.137398,-2714.011786,902.622167,0.029350,False,False,True,False,False,False,False,2-circle,-1.000000,-157.454427,100.000000,100.000000,0.000000,0.000000,-88.127534,0.691606,0.115009,2,2,3,0.0000,0.0000,0.0000,0.5000,"LeadPursuit",1.841569
125,B0100,L7_mid_level_aggressive,HABFM,9161.379234,12.662169,155.700924,168.102947,-12.483932,14638.704624,367.565798,20619.820910,203.137398,-2714.011786,902.622167,0.029350,False,False,True,False,False,False,False,2-circle,-1.000000,-157.454427,100.000000,100.000000,0.000000,0.000000,-88.127534,0.691606,0.115009,2,4,3,0.0000,0.0000,0.0000,0.5000,"LeadPursuit",-1.997765
126,A0100,adaptive_eagle_v9,HABFM,8854.980463,13.215121,158.608343,171.542085,-13.044167,14635.926608,369.419511,20677.523089,288.510896,-2531.301969,911.813936,0.014336,False,False,True,False,False,False,False,2-circle,-1.000000,-155.450235,100.000000,100.000000,0.000000,0.000000,-88.463102,0.339449,-0.425911,2,2,3,0.0000,0.0000,0.0000,0.5000,"LeadPursuit",1.717316
126,B0100,L7_mid_level_aggressive,HABFM,8854.980463,13.215121,158.608343,171.542085,-13.044167,14635.926608,369.419511,20677.523089,288.510896,-2531.301969,911.813936,0.014336,False,False,True,False,False,False,False,2-circle,-1.000000,-155.450235,100.000000,100.000000,0.000000,0.000000,-88.463102,0.339449,-0.425911,2,3,3,0.0000,0.0000,0.0000,0.5000,"LeadPursuit",-1.769456
127,A0100,adaptive_eagle_v9,HABFM,8545.764720,13.782505,160.848741,174.277937,-13.618243,14632.795178,371.274039,20735.202926,288.399186,-2415.018354,919.135137,0.015990,False,False,True,False,False,False,False,2-circle,-1.000000,-153.336985,100.000000,100.000000,0.000000,0.000000,-89.164958,-0.380422,-0.781561,2,2,3,0.0000,0.0000,0.0000,0.5000,"LeadPursuit",1.669904
127,B0100,L7_mid_level_aggressive,HABFM,8545.764720,13.782505,160.848741,174.277937,-13.618243,14632.795178,371.274039,20735.202926,288.399186,-2415.018354,919.135137,0.015990,False,False,True,False,False,False,False,2-circle,-1.000000,-153.336985,100.000000,100.000000,0.000000,0.000000,-89.164958,-0.380422,-0.781561,2,3,3,0.0000,0.0000,0.0000,0.5000,"LeadPursuit",-1.591943
128,A0100,adaptive_eagle_v9,HABFM,8234.471694,14.089058,162.854900,176.836816,-14.021236,14630.736635,371.828100,20751.371532,80.843028,-2375.142035,924.407141,0.529664,False,False,True,False,False,False,False,2-circle,-1.000000,-152.284281,100.000000,100.000000,0.000000,0.000000,-101.176132,-12.420537,-0.679409,2,3,3,0.0000,0.0000,0.0000,0.5000,"LeadPursuit",2.071979
128,B0100,L7_mid_level_aggressive,HABFM,8234.471694,14.089058,162.854900,176.836816,-14.021236,14630.736635,371.828100,20751.371532,80.843028,-2375.142035,924.407141,0.529664,False,False,True,False,False,False,False,2-circle,-1.000000,-152.284281,100.000000,100.000000,0.000000,0.000000,-101.176132,-12.420537,-0.679409,2,3,3,0.0000,0.0000,0.0000,0.5000,"LeadPursuit",-1.712826
129,A0100,adaptive_eagle_v9,HABFM,7921.572116,14.027240,165.285097,179.028608,-14.017878,14631.111022,371.794151,20750.628297,-3.716173,-2315.116730,929.045671,1.435486,False,False,True,False,False,False,False,2-circle,-1.000000,-152.766522,100.000000,100.000000,0.000000,0.000000,-119.541105,-30.830547,-0.522800,2,3,3,0.0000,0.0000,0.0000,0.5000,"LeadPursuit",3.112335
129,B0100,L7_mid_level_aggressive,HABFM,7921.572116,14.027240,165.285097,179.028608,-14.017878,14631.111022,371.794151,20750.628297,-3.716173,-2315.116730,929.045671,1.435486,False,False,True,False,False,False,False,2-circle,-1.000000,-152.766522,100.000000,100.000000,0.000000,0.000000,-119.541105,-30.830547,-0.522800,2,3,3,0.0000,0.0000,0.0000,0.5000,"LeadPursuit",-2.174538
130,A0100,adaptive_eagle_v9,HABFM,7607.137549,13.542050,168.445821,177.412655,-13.544805,14633.385553,371.629173,20747.473150,-15.775736,-2205.537448,933.527493,3.044767,False,False,True,False,False,False,False,2-circle,-1.000000,-153.988112,100.000000,100.000000,0.000000,0.000000,-140.337327,-51.683009,0.388111,2,4,3,0.0000,0.0000,0.0000,0.5000,"LeadPursuit",3.243337
130,B0100,L7_mid_level_aggressive,HABFM,7607.137549,13.542050,168.445821,177.412655,-13.544805,14633.385553,371.629173,20747.473150,-15.775736,-2205.537448,933.527493,3.044767,False,False,True,False,False,False,False,2-circle,-1.000000,-153.988112,100.000000,100.000000,0.000000,0.000000,-140.337327,-51.683009,0.388111,2,3,3,0.0000,0.0000,0.0000,0.5000,"LeadPursuit",-1.528832
131,A0100,adaptive_eagle_v9,HABFM,7291.167038,11.972606,171.546952,176.113002,-11.965450,14637.309596,371.319441,20741.209941,-31.316044,-2133.988159,938.691779,7.651624,False,False,True,False,False,False,False,2-circle,-1.000000,-157.542530,100.000000,100.000000,0.000000,0.000000,-161.102581,-72.531898,3.381802,2,4,3,0.0000,0.0000,0.0000,0.5000,"LeadPursuit",2.561074
131,B0100,L7_mid_level_aggressive,HABFM,7291.167038,11.972606,171.546952,176.113002,-11.965450,14637.309596,371.319441,20741.209941,-31.316044,-2133.988159,938.691779,7.651624,False,False,True,False,False,False,False,2-circle,-1.000000,-157.542530,100.000000,100.000000,0.000000,0.000000,-161.102581,-72.531898,3.381802,2,4,3,0.0000,0.0000,0.0000,0.5000,"LeadPursuit",-0.357254
132,A0100,adaptive_eagle_v9,HABFM,6973.413006,9.800133,174.024032,176.037561,-9.790221,14642.240930,371.225851,20743.064727,9.273928,-2125.578714,944.173806,22.919956,False,False,True,False,False,False,False,2-circle,-1.000000,-164.068770,100.000000,100.000000,0.000000,0.000000,-172.451644,-84.001743,4.874509,2,4,3,0.0000,0.0000,0.0000,0.5000,"LeadPursuit",2.735771
132,B0100,L7_mid_level_aggressive,HABFM,6973.413006,9.800133,174.024032,176.037561,-9.790221,14642.240930,371.225851,20743.064727,9.273928,-2125.578714,944.173806,22.919956,False,False,True,False,False,False,False,2-circle,-1.000000,-164.068770,100.000000,100.000000,0.000000,0.000000,-172.451644,-84.001743,4.874509,2,4,3,0.0000,0.0000,0.0000,0.5000,"LeadPursuit",-0.381255
133,A0100,adaptive_eagle_v9,HABFM,6654.007925,7.914070,176.133088,175.879006,-7.908297,14647.194713,371.426728,20754.622832,57.790524,-2138.052884,948.657714,10.789117,False,False,True,False,False,False,False,2-circle,-1.000000,-172.000929,100.000000,100.000000,0.000000,0.000000,-165.726557,-77.424208,5.593251,2,4,3,0.0000,0.0000,0.0000,0.5000,"LeadPursuit",4.063014
133,B0100,L7_mid_level_aggressive,HABFM,6654.007925,7.914070,176.133088,175.879006,-7.908297,14647.194713,371.426728,20754.622832,57.790524,-2138.052884,948.657714,10.789117,False,False,True,False,False,False,False,2-circle,-1.000000,-172.000929,100.000000,100.000000,0.000000,0.000000,-165.726557,-77.424208,5.593251,2,4,3,0.0000,0.0000,0.0000,0.5000,"LeadPursuit",-1.859290
134,A0100,adaptive_eagle_v9,HABFM,6333.341547,6.547277,178.039999,175.152438,-6.540102,14652.335964,372.067894,20780.867861,131.225143,-2110.366798,951.542733,4.510097,False,False,True,False,False,False,False,2-circle,-1.000000,-180.171933,100.000000,100.000000,0.000000,0.000000,-150.089921,-61.953776,6.411054,2,4,3,0.0000,0.0000,0.0000,0.5000,"LeadPursuit",3.248786
134,B0100,L7_mid_level_aggressive,HABFM,6333.341547,6.547277,178.039999,175.152438,-6.540102,14652.335964,372.067894,20780.867861,131.225143,-2110.366798,951.542733,4.510097,False,False,True,False,False,False,False,2-circle,-1.000000,-180.171933,100.000000,100.000000,0.000000,0.000000,-150.089921,-61.953776,6.411054,2,4,3,0.0000,0.0000,0.0000,0.5000,"LeadPursuit",-2.229834
135,A0100,adaptive_eagle_v9,HABFM,6011.652997,5.815694,178.528144,174.394001,-5.809358,14657.913547,373.418801,20831.029267,250.807030,-2109.087213,955.168752,2.296329,False,False,True,False,False,False,False,2-circle,-1.000000,-187.615316,100.000000,100.000000,0.000000,0.000000,-131.763212,-43.804222,5.291566,2,4,3,0.0000,0.0000,0.0000,0.5000,"LeadPursuit",1.357344
135,B0100,L7_mid_level_aggressive,HABFM,6011.652997,5.815694,178.528144,174.394001,-5.809358,14657.913547,373.418801,20831.029267,250.807030,-2109.087213,955.168752,2.296329,False,False,True,False,False,False,False,2-circle,-1.000000,-187.615316,100.000000,100.000000,0.000000,0.000000,-131.763212,-43.804222,5.291566,2,4,3,0.0000,0.0000,0.0000,0.5000,"LeadPursuit",-1.135453
136,A0100,adaptive_eagle_v9,HABFM,5688.419882,5.756013,178.010666,173.801832,-5.756429,14663.274185,375.852666,20917.122290,430.465115,-2095.639887,960.123493,1.030139,False,False,True,False,False,False,False,2-circle,-1.000000,-193.388138,100.000000,100.000000,0.000000,0.000000,-111.191190,-23.411104,3.052061,2,4,3,0.0000,0.0000,0.0000,0.5000,"LeadPursuit",-0.768757
136,B0100,L7_mid_level_aggressive,HABFM,5688.419882,5.756013,178.010666,173.801832,-5.756429,14663.274185,375.852666,20917.122290,430.465115,-2095.639887,960.123493,1.030139,False,False,True,False,False,False,False,2-circle,-1.000000,-193.388138,100.000000,100.000000,0.000000,0.000000,-111.191190,-23.411104,3.052061,2,4,3,0.0000,0.0000,0.0000,0.5000,"LeadPursuit",0.906057
137,A0100,adaptive_eagle_v9,HABFM,5363.464515,5.947442,177.750278,173.696874,-5.854077,14667.144098,378.263312,21001.471396,421.745531,-2073.932294,964.725337,0.056382,False,False,True,False,False,False,False,2-circle,-1.000000,-196.861359,100.000000,100.000000,0.000000,0.000000,-88.972887,-1.365887,0.983161,2,4,3,0.0000,0.0000,0.0000,0.5000,"LeadPursuit",-0.480860
137,B0100,L7_mid_level_aggressive,HABFM,5363.464515,5.947442,177.750278,173.696874,-5.854077,14667.144098,378.263312,21001.471396,421.745531,-2073.932294,964.725337,0.056382,False,False,True,False,False,False,False,2-circle,-1.000000,-196.861359,100.000000,100.000000,0.000000,0.000000,-88.972887,-1.365887,0.983161,2,4,3,0.0000,0.0000,0.0000,0.5000,"LeadPursuit",0.618808
138,A0100,adaptive_eagle_v9,HABFM,5036.977513,6.174195,177.494891,173.770334,-5.886242,14669.006697,379.797064,21054.805976,266.672900,-2082.486648,968.029439,0.551679,False,False,True,False,False,False,False,2-circle,-1.000000,-198.261252,100.000000,100.000000,0.000000,0.000000,-74.256168,13.181808,-0.565019,2,4,3,0.0000,0.0000,0.0000,0.5000,"LeadPursuit",2.568576
138,B0100,L7_mid_level_aggressive,HABFM,5036.977513,6.174195,177.494891,173.770334,-5.886242,14669.006697,379.797064,21054.805976,266.672900,-2082.486648,968.029439,0.551679,False,False,True,False,False,False,False,2-circle,-1.000000,-198.261252,100.000000,100.000000,0.000000,0.000000,-74.256168,13.181808,-0.565019,2,4,3,0.0000,0.0000,0.0000,0.5000,"LeadPursuit",-2.610120
139,A0100,adaptive_eagle_v9,HABFM,4709.689756,6.428220,176.777473,173.904526,-5.994557,14669.502605,380.547676,21080.567984,128.810039,-2060.577207,968.696255,0.613240,False,False,True,True,False,False,False,2-circle,-1.000000,-197.212708,100.000000,100.000000,0.000000,0.000000,-72.659987,14.619352,-2.898142,2,4,3,0.0000,0.0000,0.0000,0.5000,"LeadPursuit",1.253618
139,B0100,L7_mid_level_aggressive,HABFM,4709.689756,6.428220,176.777473,173.904526,-5.994557,14669.502605,380.547676,21080.567984,128.810039,-2060.577207,968.696255,0.613240,False,False,True,True,False,False,False,2-circle,-1.000000,-197.212708,100.000000,100.000000,0.000000,0.000000,-72.659987,14.619352,-2.898142,2,1,1,0.0000,0.0000,0.0000,0.5000,"LagPursuit",-1.635169
140,A0100,adaptive_eagle_v9,HABFM,4382.631691,6.562456,176.358142,173.758608,-6.212827,14670.063850,378.668575,21017.971326,-312.983286,-2164.509137,966.550010,0.179524,False,False,True,True,False,False,False,2-circle,-1.000000,-194.713982,100.000000,100.000000,0.000000,0.000000,-82.773126,4.346177,-2.195266,2,4,3,0.0000,0.0000,0.0000,0.5000,"LeadPursuit",-3.212140
140,B0100,L7_mid_level_aggressive,HABFM,4382.631691,6.562456,176.358142,173.758608,-6.212827,14670.063850,378.668575,21017.971326,-312.983286,-2164.509137,966.550010,0.179524,False,False,True,True,False,False,False,2-circle,-1.000000,-194.713982,100.000000,100.000000,0.000000,0.000000,-82.773126,4.346177,-2.195266,2,1,1,0.0000,0.0000,0.0000,0.5000,"LagPursuit",2.847665
141,A0100,adaptive_eagle_v9,HABFM,4056.242366,6.356798,176.706609,173.732603,-6.208051,14672.279011,376.498909,20947.651399,-351.599637,-2306.731145,965.311885,0.513121,False,False,True,True,False,False,False,2-circle,-1.000000,-194.156903,100.000000,100.000000,0.000000,0.000000,-99.094781,-12.191180,0.643977,2,4,3,0.0000,0.0000,0.0000,0.5000,"LeadPursuit",-3.521184
141,B0100,L7_mid_level_aggressive,HABFM,4056.242366,6.356798,176.706609,173.732603,-6.208051,14672.279011,376.498909,20947.651399,-351.599637,-2306.731145,965.311885,0.513121,False,False,True,True,False,False,False,2-circle,-1.000000,-194.156903,100.000000,100.000000,0.000000,0.000000,-99.094781,-12.191180,0.643977,2,1,1,0.0000,0.0000,0.0000,0.5000,"LagPursuit",2.182140
142,A0100,adaptive_eagle_v9,HABFM,3730.509877,5.473707,177.094107,174.044461,-5.481496,14678.171013,374.232189,20878.208836,-347.212815,-2417.246302,963.618856,1.446999,False,False,True,True,False,False,False,2-circle,-1.000000,-199.467134,100.000000,100.000000,0.000000,0.000000,-117.757055,-31.207334,6.352290,2,4,3,0.0000,0.0000,0.0000,0.5000,"LeadPursuit",-2.850334
142,B0100,L7_mid_level_aggressive,HABFM,3730.509877,5.473707,177.094107,174.044461,-5.481496,14678.171013,374.232189,20878.208836,-347.212815,-2417.246302,963.618856,1.446999,False,False,True,True,False,False,False,2-circle,-1.000000,-199.467134,100.000000,100.000000,0.000000,0.000000,-117.757055,-31.207334,6.352290,2,1,1,0.0000,0.0000,0.0000,0.5000,"LagPursuit",1.208081
143,A0100,adaptive_eagle_v9,HABFM,3405.667062,3.959570,177.200936,174.697330,-3.746223,14688.946018,371.489595,20798.441765,-398.835357,-2573.491396,961.922284,3.080838,False,False,True,True,False,False,False,2-circle,-1.000000,-211.679865,100.000000,100.000000,0.000000,0.000000,-138.021143,-52.022419,10.023085,2,4,3,0.0000,0.0000,0.0000,0.5000,"LeadPursuit",-1.982502
143,B0100,L7_mid_level_aggressive,HABFM,3405.667062,3.959570,177.200936,174.697330,-3.746223,14688.946018,371.489595,20798.441765,-398.835357,-2573.491396,961.922284,3.080838,False,False,True,True,False,False,False,2-circle,-1.000000,-211.679865,100.000000,100.000000,0.000000,0.000000,-138.021143,-52.022419,10.023085,2,1,1,0.0000,0.0000,0.0000,0.5000,"LagPursuit",0.482041
144,A0100,adaptive_eagle_v9,OBFM,3081.769361,2.088790,176.859606,175.082785,-1.171132,14703.577372,368.386091,20711.419426,-435.111691,-2760.397930,959.629381,8.157309,False,False,True,True,False,False,False,2-circle,-1.000000,-229.188178,100.000000,100.000000,0.000000,0.000000,-158.672277,-73.450687,11.619289,2,4,2,0.0000,0.0000,0.0000,0.5000,"LeadPursuit",-1.971122
144,B0100,L7_mid_level_aggressive,OBFM,3081.769361,2.088790,176.859606,175.082785,-1.171132,14703.577372,368.386091,20711.419426,-435.111691,-2760.397930,959.629381,8.157309,False,False,True,True,False,False,False,2-circle,-1.000000,-229.188178,100.000000,100.000000,0.000000,0.000000,-158.672277,-73.450687,11.619289,2,1,1,0.0000,0.0000,0.0000,0.5000,"LagPursuit",0.500274
145,A0100,adaptive_eagle_v9,DBFM,2758.841576,2.142468,176.291227,174.841439,1.916672,14719.803123,365.246786,20625.686455,-428.664857,-2980.871836,957.033037,139.977197,True,True,True,True,False,False,False,2-circle,1.000000,-249.244138,99.794261,99.979356,0.020644,0.205739,-178.903238,-94.701780,11.395798,2,4,2,0.0000,0.0000,0.0000,0.5000,"LeadPursuit",-0.866882
145,B0100,L7_mid_level_aggressive,DBFM,2758.841576,2.142468,176.291227,174.841439,1.916672,14719.803123,365.246786,20625.686455,-428.664857,-2980.871836,957.033037,139.977197,True,True,True,True,False,False,False,2-circle,1.000000,-249.244138,99.794261,99.979356,0.020644,0.205739,-178.903238,-94.701780,11.395798,2,1,1,0.0000,0.0000,0.0000,0.5000,"LagPursuit",-0.168838
146,A0100,adaptive_eagle_v9,DBFM,2436.912146,4.861385,174.950613,173.595420,4.815191,14735.070633,362.748748,20560.445844,-326.203056,-3109.823826,951.955241,140.869236,False,True,True,True,False,False,False,2-circle,1.000000,-268.698567,99.386211,99.979356,0.020644,0.613789,170.579361,-106.497769,9.842572,2,4,2,0.0000,0.0000,0.0000,0.5000,"LeadPursuit",-0.941215
146,B0100,L7_mid_level_aggressive,DBFM,2436.912146,4.861385,174.950613,173.595420,4.815191,14735.070633,362.748748,20560.445844,-326.203056,-3109.823826,951.955241,140.869236,False,True,True,True,False,False,False,2-circle,1.000000,-268.698567,99.386211,99.979356,0.020644,0.613789,170.579361,-106.497769,9.842572,2,7,0,0.0000,0.0000,0.0000,0.5000,"LagPursuit",-0.257345
147,A0100,adaptive_eagle_v9,DBFM,2115.833027,7.969822,173.407914,172.094764,7.462522,14748.382391,362.952885,20580.315902,99.350293,-3127.298765,948.481034,140.767039,False,True,True,True,False,False,False,2-circle,1.000000,-285.406974,98.924707,99.979356,0.020644,1.075293,178.442068,-100.227022,8.156073,2,4,2,0.0000,0.0000,0.0000,0.5000,"LeadPursuit",-0.435605
147,B0100,L7_mid_level_aggressive,DBFM,2115.833027,7.969822,173.407914,172.094764,7.462522,14748.382391,362.952885,20580.315902,99.350293,-3127.298765,948.481034,140.767039,False,True,True,True,False,False,False,2-circle,1.000000,-285.406974,98.924707,99.979356,0.020644,1.075293,178.442068,-100.227022,8.156073,2,7,0,0.0000,0.0000,0.0000,0.5000,"LagPursuit",-0.652309
148,A0100,adaptive_eagle_v9,DBFM,1795.165505,11.166758,171.070980,170.397023,10.023328,14760.329236,363.568760,20612.071317,158.777075,-3108.975267,942.287583,22.705497,False,True,True,True,False,False,False,2-circle,1.000000,-300.068611,98.569968,99.979356,0.020644,1.430032,-163.062657,-83.834679,7.422646,2,4,2,0.0000,0.0000,0.0000,0.5000,"LeadPursuit",-0.603387
148,B0100,L7_mid_level_aggressive,DBFM,1795.165505,11.166758,171.070980,170.397023,10.023328,14760.329236,363.568760,20612.071317,158.777075,-3108.975267,942.287583,22.705497,False,True,True,True,False,False,False,2-circle,1.000000,-300.068611,98.569968,99.979356,0.020644,1.430032,-163.062657,-83.834679,7.422646,2,1,0,0.0000,0.0000,0.0000,0.5000,"LagPursuit",-0.394465
149,A0100,adaptive_eagle_v9,DBFM,1475.905168,14.692059,167.832626,168.859454,12.711373,14771.768032,362.610317,20592.697969,-96.866742,-3124.110568,929.011402,6.471392,False,False,True,True,False,False,False,2-circle,1.000000,-312.498596,98.569968,99.979356,0.020644,1.430032,-145.491481,-69.197996,6.391111,2,5,1,0.0000,0.0000,0.0000,0.5000,"LeadPursuit",-1.051185
149,B0100,L7_mid_level_aggressive,DBFM,1475.905168,14.692059,167.832626,168.859454,12.711373,14771.768032,362.610317,20592.697969,-96.866742,-3124.110568,929.011402,6.471392,False,False,True,True,False,False,False,2-circle,1.000000,-312.498596,98.569968,99.979356,0.020644,1.430032,-145.491481,-69.197996,6.391111,2,1,0,0.0000,0.0000,0.0000,0.5000,"LagPursuit",0.270264
150,A0100,adaptive_eagle_v9,DBFM,1159.075250,19.355862,163.313791,167.455591,16.104782,14783.198288,361.245177,20560.381933,-161.580181,-3221.273866,907.511408,5.405230,False,False,True,True,False,False,False,2-circle,1.000000,-323.100679,98.569968,99.979356,0.020644,1.430032,-137.302819,-65.467539,5.180380,2,4,1,0.0000,0.0000,0.0000,0.5000,"LeadPursuit",-0.703135
150,B0100,L7_mid_level_aggressive,DBFM,1159.075250,19.355862,163.313791,167.455591,16.104782,14783.198288,361.245177,20560.381933,-161.580181,-3221.273866,907.511408,5.405230,False,False,True,True,False,False,False,2-circle,1.000000,-323.100679,98.569968,99.979356,0.020644,1.430032,-137.302819,-65.467539,5.180380,2,1,0,0.0000,0.0000,0.0000,0.5000,"LagPursuit",0.809676
151,A0100,adaptive_eagle_v9,DBFM,847.198660,27.325000,156.013284,164.923126,22.351101,14795.152157,358.489064,20484.518259,-379.318368,-3343.448498,857.482806,9.695542,False,False,True,False,False,False,False,2-circle,1.000000,-332.534914,98.569968,99.979356,0.020644,1.430032,-139.821180,-75.625784,6.246556,3,4,2,0.0000,0.0000,0.0000,0.5000,"LeadPursuit",-0.016291
151,B0100,L7_mid_level_aggressive,DBFM,847.198660,27.325000,156.013284,164.923126,22.351101,14795.152157,358.489064,20484.518259,-379.318368,-3343.448498,857.482806,9.695542,False,False,True,False,False,False,False,2-circle,1.000000,-332.534914,98.569968,99.979356,0.020644,1.430032,-139.821180,-75.625784,6.246556,2,1,0,0.0000,0.0000,0.0000,0.5000,"LagPursuit",2.430965
152,A0100,adaptive_eagle_v9,DBFM,548.701973,42.171865,143.035630,161.904539,34.504560,14807.619622,355.375875,20398.599680,-429.592896,-3472.596106,731.174194,143.519791,False,False,True,False,False,False,False,2-circle,1.000000,-341.398463,98.569968,99.979356,0.020644,1.430032,-141.598328,-92.774539,6.864238,3,6,2,0.0000,0.0000,0.0000,0.5000,"LeadPursuit",2.577310
152,B0100,L7_mid_level_aggressive,DBFM,548.701973,42.171865,143.035630,161.904539,34.504560,14807.619622,355.375875,20398.599680,-429.592896,-3472.596106,731.174194,143.519791,False,False,True,False,False,False,False,2-circle,1.000000,-341.398463,98.569968,99.979356,0.020644,1.430032,-141.598328,-92.774539,6.864238,2,1,0,0.0000,0.0000,0.0000,0.5000,"LagPursuit",4.876779
153,A0100,adaptive_eagle_v9,DBFM,299.647940,70.783674,116.705652,159.331347,64.853143,14818.903857,352.662217,20324.824210,-368.877348,-3612.201320,372.095038,144.554912,False,False,True,False,False,False,False,2-circle,1.000000,-349.446839,98.569968,99.979356,0.020644,1.430032,-117.371492,-102.544172,6.067089,3,8,2,0.0000,0.0000,0.0000,0.5000,"LeadPursuit",0.474152
153,B0100,L7_mid_level_aggressive,DBFM,299.647940,70.783674,116.705652,159.331347,64.853143,14818.903857,352.662217,20324.824210,-368.877348,-3612.201320,372.095038,144.554912,False,False,True,False,False,False,False,2-circle,1.000000,-349.446839,98.569968,99.979356,0.020644,1.430032,-117.371492,-102.544172,6.067089,2,1,0,0.0000,0.0000,0.0000,0.5000,"LagPursuit",4.565212
154,A0100,adaptive_eagle_v9,HABFM,280.581522,111.807269,76.716415,156.896631,132.338635,14828.166647,350.960823,20281.089316,-218.674473,-3771.947361,-277.883869,145.207627,False,False,False,False,False,False,False,2-circle,1.000000,-355.274358,98.569968,99.979356,0.020644,1.430032,-66.584419,-96.656099,4.927516,3,8,2,0.0000,0.0000,0.0000,0.5000,"LeadPursuit",-0.782827
154,B0100,L7_mid_level_aggressive,HABFM,280.581522,111.807269,76.716415,156.896631,132.338635,14828.166647,350.960823,20281.089316,-218.674473,-3771.947361,-277.883869,145.207627,False,False,False,False,False,False,False,2-circle,1.000000,-355.274358,98.569968,99.979356,0.020644,1.430032,-66.584419,-96.656099,4.927516,2,1,0,0.0000,0.0000,0.0000,0.5000,"LagPursuit",-0.635897
155,A0100,adaptive_eagle_v9,HABFM,513.533340,140.239184,48.670997,153.659933,166.162092,14835.862734,349.316118,20237.797182,-216.460669,-3877.287222,-668.851347,68.960415,False,False,False,False,False,False,False,2-circle,1.000000,-356.421957,98.569968,99.979356,0.020644,1.430032,-33.179288,-87.885803,4.246896,3,8,2,0.0000,0.0000,0.0000,0.5000,"LeadPursuit",-0.263291
155,B0100,L7_mid_level_aggressive,HABFM,513.533340,140.239184,48.670997,153.659933,166.162092,14835.862734,349.316118,20237.797182,-216.460669,-3877.287222,-668.851347,68.960415,False,False,False,False,False,False,False,2-circle,1.000000,-356.421957,98.569968,99.979356,0.020644,1.430032,-33.179288,-87.885803,4.246896,2,1,0,0.0000,0.0000,0.0000,0.5000,"LagPursuit",-0.224808
156,A0100,adaptive_eagle_v9,HABFM,799.387750,153.575099,35.646767,149.712420,178.875848,14842.617424,347.504782,20188.674964,-245.611088,-3971.769475,-799.876291,14.052200,False,False,False,False,False,False,False,2-circle,1.000000,-352.769609,98.569968,99.979356,0.020644,1.430032,-13.497190,-79.682087,4.281010,3,8,2,0.0000,0.0000,0.0000,0.5000,"LeadPursuit",-0.101523
156,B0100,L7_mid_level_aggressive,HABFM,799.387750,153.575099,35.646767,149.712420,178.875848,14842.617424,347.504782,20188.674964,-245.611088,-3971.769475,-799.876291,14.052200,False,False,False,False,False,False,False,2-circle,1.000000,-352.769609,98.569968,99.979356,0.020644,1.430032,-13.497190,-79.682087,4.281010,2,2,0,0.0000,0.0000,0.0000,0.5000,"LagPursuit",-0.077665
157,A0100,adaptive_eagle_v9,HABFM,1093.773227,158.829424,30.328672,144.765650,-173.635737,14849.157285,345.086374,20121.063546,-338.057091,-4058.597771,-838.769529,12.172312,False,False,False,False,False,False,False,2-circle,-1.000000,-345.997524,98.569968,99.979356,0.020644,1.430032,-5.643432,-78.054441,4.656521,3,8,2,0.0000,0.0000,0.0000,0.5000,"LeadPursuit",-0.037471
157,B0100,L7_mid_level_aggressive,HABFM,1093.773227,158.829424,30.328672,144.765650,-173.635737,14849.157285,345.086374,20121.063546,-338.057091,-4058.597771,-838.769529,12.172312,False,False,False,False,False,False,False,2-circle,-1.000000,-345.997524,98.569968,99.979356,0.020644,1.430032,-5.643432,-78.054441,4.656521,2,3,0,0.0000,0.0000,0.0000,0.5000,"LagPursuit",0.006352
158,A0100,adaptive_eagle_v9,HABFM,1386.554137,159.446140,28.864060,138.743268,-167.455323,14855.880423,341.634598,20022.848153,-491.076967,-4163.994521,-842.390671,68.829439,False,False,False,False,False,False,False,2-circle,-1.000000,-337.525968,98.569968,99.979356,0.020644,1.430032,-11.600779,-87.836751,4.790569,3,8,2,0.0000,0.0000,0.0000,0.5000,"LeadPursuit",-0.010260
158,B0100,L7_mid_level_aggressive,HABFM,1386.554137,159.446140,28.864060,138.743268,-167.455323,14855.880423,341.634598,20022.848153,-491.076967,-4163.994521,-842.390671,68.829439,False,False,False,False,False,False,False,2-circle,-1.000000,-337.525968,98.569968,99.979356,0.020644,1.430032,-11.600779,-87.836751,4.790569,2,2,0,0.0000,0.0000,0.0000,0.5000,"LagPursuit",0.051137
159,A0100,adaptive_eagle_v9,HABFM,1673.974328,157.851172,29.239402,132.645166,-162.068752,14861.869402,338.070722,19921.597522,-506.253156,-4277.753285,-832.036635,150.446235,False,False,False,False,False,False,False,2-circle,-1.000000,-327.840629,98.569968,99.979356,0.020644,1.430032,-23.145427,-101.955997,4.071726,2,8,2,0.0000,0.0000,0.0000,0.5000,"LeadPursuit",0.003844
159,B0100,L7_mid_level_aggressive,HABFM,1673.974328,157.851172,29.239402,132.645166,-162.068752,14861.869402,338.070722,19921.597522,-506.253156,-4277.753285,-832.036635,150.446235,False,False,False,False,False,False,False,2-circle,-1.000000,-327.840629,98.569968,99.979356,0.020644,1.430032,-23.145427,-101.955997,4.071726,2,1,0,0.0000,0.0000,0.0000,0.5000,"LagPursuit",0.056241
160,A0100,adaptive_eagle_v9,HABFM,1954.831448,155.788596,30.505414,127.297875,-157.900035,14865.453511,335.539908,19849.710439,-359.435415,-4347.126563,-817.253021,151.529094,False,False,False,False,False,False,False,2-circle,-1.000000,-316.785047,98.569968,99.979356,0.020644,1.430032,-28.013755,-108.689466,2.598821,2,8,2,0.0000,0.0000,0.0000,0.5000,"LeadPursuit",0.017639
160,B0100,L7_mid_level_aggressive,HABFM,1954.831448,155.788596,30.505414,127.297875,-157.900035,14865.453511,335.539908,19849.710439,-359.435415,-4347.126563,-817.253021,151.529094,False,False,False,False,False,False,False,2-circle,-1.000000,-316.785047,98.569968,99.979356,0.020644,1.430032,-28.013755,-108.689466,2.598821,2,1,0,0.0000,0.0000,0.0000,0.5000,"LagPursuit",0.048051
161,A0100,adaptive_eagle_v9,HABFM,2229.092328,153.612904,32.500110,122.252440,-154.684846,14866.343188,334.150397,19809.404779,-201.528299,-4336.315597,-798.672418,152.133029,False,False,False,False,False,False,False,2-circle,-1.000000,-305.583388,98.569968,99.979356,0.020644,1.430032,-19.278883,-101.349862,0.956777,1,4,4,0.0000,0.0000,0.0000,0.5000,"HeadOnBreak",0.035440
161,B0100,L7_mid_level_aggressive,HABFM,2229.092328,153.612904,32.500110,122.252440,-154.684846,14866.343188,334.150397,19809.404779,-201.528299,-4336.315597,-798.672418,152.133029,False,False,False,False,False,False,False,2-circle,-1.000000,-305.583388,98.569968,99.979356,0.020644,1.430032,-19.278883,-101.349862,0.956777,2,1,0,0.0000,0.0000,0.0000,0.5000,"LagPursuit",0.049198
162,A0100,adaptive_eagle_v9,HABFM,2495.501464,151.058297,35.173964,116.602019,-151.600466,14865.197935,332.815813,19768.853560,-202.756093,-4280.580046,-773.634033,152.722281,False,False,False,False,False,False,False,2-circle,-1.000000,-295.889600,98.569968,99.979356,0.020644,1.430032,-8.637839,-91.751458,-0.089101,1,4,4,0.0000,0.0000,0.0000,0.5000,"HeadOnBreak",0.046162
162,B0100,L7_mid_level_aggressive,HABFM,2495.501464,151.058297,35.173964,116.602019,-151.600466,14865.197935,332.815813,19768.853560,-202.756093,-4280.580046,-773.634033,152.722281,False,False,False,False,False,False,False,2-circle,-1.000000,-295.889600,98.569968,99.979356,0.020644,1.430032,-8.637839,-91.751458,-0.089101,2,2,0,0.0000,0.0000,0.0000,0.5000,"LagPursuit",0.050533
163,A0100,adaptive_eagle_v9,HABFM,2752.671036,148.296462,37.941893,110.808249,-148.575433,14862.653788,331.454634,19726.280646,-212.864570,-4229.036247,-745.872489,22.396124,False,False,False,False,False,False,False,2-circle,-1.000000,-287.622343,98.569968,99.979356,0.020644,1.430032,0.724629,-83.185292,-0.280361,1,4,4,0.0000,0.0000,0.0000,0.5000,"HeadOnBreak",0.046400
163,B0100,L7_mid_level_aggressive,HABFM,2752.671036,148.296462,37.941893,110.808249,-148.575433,14862.653788,331.454634,19726.280646,-212.864570,-4229.036247,-745.872489,22.396124,False,False,False,False,False,False,False,2-circle,-1.000000,-287.622343,98.569968,99.979356,0.020644,1.430032,0.724629,-83.185292,-0.280361,2,4,1,0.0000,0.0000,0.0000,0.5000,"LagPursuit",0.049848
164,A0100,adaptive_eagle_v9,HABFM,3000.173931,145.552741,40.308497,105.490549,-145.702267,14859.357591,330.189777,19685.935314,-201.726664,-4190.416751,-719.329803,10.763035,False,False,False,False,False,False,False,2-circle,-1.000000,-279.295176,98.569968,99.979356,0.020644,1.430032,8.571239,-75.985596,0.297608,2,2,4,0.0000,0.0000,0.0000,0.5000,"ExtensionBreak",0.027067
164,B0100,L7_mid_level_aggressive,HABFM,3000.173931,145.552741,40.308497,105.490549,-145.702267,14859.357591,330.189777,19685.935314,-201.726664,-4190.416751,-719.329803,10.763035,False,False,False,False,False,False,False,2-circle,-1.000000,-279.295176,98.569968,99.979356,0.020644,1.430032,8.571239,-75.985596,0.297608,2,6,1,0.0000,0.0000,0.0000,0.5000,"LagPursuit",0.042650
165,A0100,adaptive_eagle_v9,HABFM,3239.772917,143.239482,41.524230,101.815453,-143.321319,14855.818468,329.439029,19660.472891,-127.312112,-4196.576100,-701.768499,6.515431,False,False,False,False,False,False,False,2-circle,-1.000000,-269.223433,98.569968,99.979356,0.020644,1.430032,17.579509,-67.547679,1.399678,2,2,4,0.0000,0.0000,0.0000,0.5000,"ExtensionBreak",0.010500
165,B0100,L7_mid_level_aggressive,HABFM,3239.772917,143.239482,41.524230,101.815453,-143.321319,14855.818468,329.439029,19660.472891,-127.312112,-4196.576100,-701.768499,6.515431,False,False,False,False,False,False,False,2-circle,-1.000000,-269.223433,98.569968,99.979356,0.020644,1.430032,17.579509,-67.547679,1.399678,2,7,1,0.0000,0.0000,0.0000,0.5000,"LagPursuit",0.036169
166,A0100,adaptive_eagle_v9,HABFM,3474.613947,141.307674,41.922549,99.408217,-141.352919,14852.252012,330.571473,19689.995142,147.611253,-4143.873649,-692.225161,4.108382,False,False,False,False,False,False,False,2-circle,-1.000000,-256.710890,98.569968,99.979356,0.020644,1.430032,28.810184,-56.846506,2.597332,2,2,4,0.0000,0.0000,0.0000,0.5000,"ExtensionBreak",-0.001422
166,B0100,L7_mid_level_aggressive,HABFM,3474.613947,141.307674,41.922549,99.408217,-141.352919,14852.252012,330.571473,19689.995142,147.611253,-4143.873649,-692.225161,4.108382,False,False,False,False,False,False,False,2-circle,-1.000000,-256.710890,98.569968,99.979356,0.020644,1.430032,28.810184,-56.846506,2.597332,2,7,1,0.0000,0.0000,0.0000,0.5000,"LagPursuit",0.023988
167,A0100,adaptive_eagle_v9,HABFM,3707.126377,140.070110,41.788201,98.281979,-140.082260,14848.670401,332.682141,19748.387807,291.963324,-4052.578717,-689.567244,2.743745,False,False,False,False,False,False,False,2-circle,-1.000000,-241.716229,98.569968,99.979356,0.020644,1.430032,40.350642,-45.807878,1.795826,2,2,4,0.0000,0.0000,0.0000,0.5000,"ExtensionBreak",-0.010432
167,B0100,L7_mid_level_aggressive,HABFM,3707.126377,140.070110,41.788201,98.281979,-140.082260,14848.670401,332.682141,19748.387807,291.963324,-4052.578717,-689.567244,2.743745,False,False,False,False,False,False,False,2-circle,-1.000000,-241.716229,98.569968,99.979356,0.020644,1.430032,40.350642,-45.807878,1.795826,2,7,1,0.0000,0.0000,0.0000,0.5000,"LagPursuit",0.012042
168,A0100,adaptive_eagle_v9,HABFM,3939.682298,139.516143,41.274042,98.276404,-139.486889,14844.366662,335.985029,19841.856391,467.342920,-3902.642167,-693.119806,1.690622,False,False,False,False,False,False,False,2-circle,-1.000000,-223.893316,98.569968,99.979356,0.020644,1.430032,54.034070,-32.611532,0.050932,2,2,4,0.0000,0.0000,0.0000,0.5000,"ExtensionBreak",-0.017159
168,B0100,L7_mid_level_aggressive,HABFM,3939.682298,139.516143,41.274042,98.276404,-139.486889,14844.366662,335.985029,19841.856391,467.342920,-3902.642167,-693.119806,1.690622,False,False,False,False,False,False,False,2-circle,-1.000000,-223.893316,98.569968,99.979356,0.020644,1.430032,54.034070,-32.611532,0.050932,2,7,1,0.0000,0.0000,0.0000,0.5000,"LagPursuit",0.006665
169,A0100,adaptive_eagle_v9,HABFM,4173.908197,139.261809,40.489263,98.907926,-139.208867,14838.279336,339.558876,19942.650324,503.969667,-3729.754260,-699.655091,0.755724,False,False,False,False,False,False,False,2-circle,-1.000000,-202.834150,98.569968,99.979356,0.020644,1.430032,71.013224,-16.113984,-2.260764,2,2,4,0.0000,0.0000,0.0000,0.5000,"ExtensionBreak",-0.025072
169,B0100,L7_mid_level_aggressive,HABFM,4173.908197,139.261809,40.489263,98.907926,-139.208867,14838.279336,339.558876,19942.650324,503.969667,-3729.754260,-699.655091,0.755724,False,False,False,False,False,False,False,2-circle,-1.000000,-202.834150,98.569968,99.979356,0.020644,1.430032,71.013224,-16.113984,-2.260764,2,7,1,0.0000,0.0000,0.0000,0.5000,"LagPursuit",0.006276
170,A0100,adaptive_eagle_v9,HABFM,4410.479500,139.006474,39.339474,99.962122,-138.974219,14829.676778,342.865224,20033.936158,456.429173,-3542.808580,-707.494155,0.111183,False,False,False,False,False,False,False,2-circle,-1.000000,-178.632903,98.569968,99.979356,0.020644,1.430032,90.058931,2.456212,-4.368673,1,0,4,0.0000,0.0000,0.0000,0.5000,"HeadOnBreak",-0.045713
170,B0100,L7_mid_level_aggressive,HABFM,4410.479500,139.006474,39.339474,99.962122,-138.974219,14829.676778,342.865224,20033.936158,456.429173,-3542.808580,-707.494155,0.111183,False,False,False,False,False,False,False,2-circle,-1.000000,-178.632903,98.569968,99.979356,0.020644,1.430032,90.058931,2.456212,-4.368673,2,7,1,0.0000,0.0000,0.0000,0.5000,"LagPursuit",0.004792
171,A0100,adaptive_eagle_v9,HABFM,4650.208669,138.727564,37.127498,102.012470,-138.741848,14818.916314,344.159248,20062.533124,142.984826,-3433.921354,-718.775895,0.993593,False,False,False,False,False,False,False,2-circle,-1.000000,-152.205919,98.569968,99.979356,0.020644,1.430032,109.101141,21.040120,-1.344324,1,8,4,0.0000,0.0000,0.0000,0.5000,"HeadOnBreak",-0.044575
171,B0100,L7_mid_level_aggressive,HABFM,4650.208669,138.727564,37.127498,102.012470,-138.741848,14818.916314,344.159248,20062.533124,142.984826,-3433.921354,-718.775895,0.993593,False,False,False,False,False,False,False,2-circle,-1.000000,-152.205919,98.569968,99.979356,0.020644,1.430032,109.101141,21.040120,-1.344324,2,7,1,0.0000,0.0000,0.0000,0.5000,"LagPursuit",-0.005909
172,A0100,adaptive_eagle_v9,HABFM,4894.428431,138.906737,34.941246,104.330705,-138.943185,14807.829885,345.241999,20084.492209,109.795425,-3352.564906,-731.649712,2.016918,False,False,False,False,False,False,False,2-circle,-1.000000,-126.917765,98.569968,99.979356,0.020644,1.430032,126.526981,38.063790,4.385768,1,8,4,0.0000,0.0000,0.0000,0.5000,"HeadOnBreak",-0.021005
172,B0100,L7_mid_level_aggressive,HABFM,4894.428431,138.906737,34.941246,104.330705,-138.943185,14807.829885,345.241999,20084.492209,109.795425,-3352.564906,-731.649712,2.016918,False,False,False,False,False,False,False,2-circle,-1.000000,-126.917765,98.569968,99.979356,0.020644,1.430032,126.526981,38.063790,4.385768,2,7,1,0.0000,0.0000,0.0000,0.5000,"LagPursuit",-0.014983
173,A0100,adaptive_eagle_v9,HABFM,5142.675509,139.549686,33.925693,105.938093,-139.592953,14797.737782,345.821054,20092.115445,38.116184,-3386.058770,-741.743063,3.482000,False,False,False,False,False,False,False,2-circle,-1.000000,-104.526487,98.569968,99.979356,0.020644,1.430032,142.345109,53.549939,6.922550,1,8,4,0.0000,0.0000,0.0000,0.5000,"HeadOnBreak",-0.008541
173,B0100,L7_mid_level_aggressive,HABFM,5142.675509,139.549686,33.925693,105.938093,-139.592953,14797.737782,345.821054,20092.115445,38.116184,-3386.058770,-741.743063,3.482000,False,False,False,False,False,False,False,2-circle,-1.000000,-104.526487,98.569968,99.979356,0.020644,1.430032,142.345109,53.549939,6.922550,2,0,3,0.0000,0.0000,0.0000,0.5000,"LeadPursuit",-0.027705
174,A0100,adaptive_eagle_v9,HABFM,5394.614121,140.856874,33.541102,107.577176,-140.893395,14788.925527,347.151062,20124.105263,159.949089,-3450.672335,-753.634703,4.424466,False,False,False,False,False,False,False,2-circle,-1.000000,-84.490168,98.569968,99.979356,0.020644,1.430032,148.991392,59.919964,7.934120,1,0,4,0.0000,0.0000,0.0000,0.5000,"HeadOnBreak",-0.015434
174,B0100,L7_mid_level_aggressive,HABFM,5394.614121,140.856874,33.541102,107.577176,-140.893395,14788.925527,347.151062,20124.105263,159.949089,-3450.672335,-753.634703,4.424466,False,False,False,False,False,False,False,2-circle,-1.000000,-84.490168,98.569968,99.979356,0.020644,1.430032,148.991392,59.919964,7.934120,2,0,3,0.0000,0.0000,0.0000,0.5000,"LeadPursuit",-0.041801
175,A0100,adaptive_eagle_v9,HABFM,5651.265102,142.923034,32.747580,110.346884,-142.931985,14782.453553,347.077145,20115.361533,-43.718650,-3542.319913,-768.803002,2.993042,False,False,False,False,False,False,False,2-circle,-1.000000,-67.439388,98.569968,99.979356,0.020644,1.430032,138.712972,49.420681,8.758844,1,0,4,0.0000,0.0000,0.0000,0.5000,"HeadOnBreak",-0.025191
175,B0100,L7_mid_level_aggressive,HABFM,5651.265102,142.923034,32.747580,110.346884,-142.931985,14782.453553,347.077145,20115.361533,-43.718650,-3542.319913,-768.803002,2.993042,False,False,False,False,False,False,False,2-circle,-1.000000,-67.439388,98.569968,99.979356,0.020644,1.430032,138.712972,49.420681,8.758844,2,0,3,0.0000,0.0000,0.0000,0.5000,"LeadPursuit",-0.039703
176,A0100,adaptive_eagle_v9,HABFM,5913.154072,144.938313,31.373600,113.626382,-144.947035,14780.268825,345.917950,20077.613776,-188.738786,-3620.288799,-783.717858,1.493465,False,False,False,False,False,False,False,2-circle,-1.000000,-54.822888,98.569968,99.979356,0.020644,1.430032,119.594074,30.144090,9.305968,1,0,4,0.0000,0.0000,0.0000,0.5000,"HeadOnBreak",-0.045578
176,B0100,L7_mid_level_aggressive,HABFM,5913.154072,144.938313,31.373600,113.626382,-144.947035,14780.268825,345.917950,20077.613776,-188.738786,-3620.288799,-783.717858,1.493465,False,False,False,False,False,False,False,2-circle,-1.000000,-54.822888,98.569968,99.979356,0.020644,1.430032,119.594074,30.144090,9.305968,2,0,3,0.0000,0.0000,0.0000,0.5000,"LeadPursuit",-0.018215
177,A0100,adaptive_eagle_v9,HABFM,6180.030123,145.857449,28.785081,117.076285,-145.983828,14783.904198,345.056145,20054.886904,-113.634359,-3616.671397,-797.672576,0.417032,False,False,False,False,False,False,False,2-circle,-1.000000,-47.715935,98.569968,99.979356,0.020644,1.430032,98.731334,9.189485,9.208236,1,8,4,0.0000,0.0000,0.0000,0.5000,"HeadOnBreak",-0.041308
177,B0100,L7_mid_level_aggressive,HABFM,6180.030123,145.857449,28.785081,117.076285,-145.983828,14783.904198,345.056145,20054.886904,-113.634359,-3616.671397,-797.672576,0.417032,False,False,False,False,False,False,False,2-circle,-1.000000,-47.715935,98.569968,99.979356,0.020644,1.430032,98.731334,9.189485,9.208236,2,0,3,0.0000,0.0000,0.0000,0.5000,"LeadPursuit",0.001561
178,A0100,adaptive_eagle_v9,HABFM,6450.935067,145.720238,26.368872,119.380448,-146.080596,14793.123053,344.418808,20044.652162,-51.173711,-3625.823653,-806.157871,0.525382,False,False,False,False,False,False,False,2-circle,-1.000000,-47.192958,98.569968,99.979356,0.020644,1.430032,78.064778,-11.501133,10.474195,1,8,4,0.0000,0.0000,0.0000,0.5000,"HeadOnBreak",-0.020696
178,B0100,L7_mid_level_aggressive,HABFM,6450.935067,145.720238,26.368872,119.380448,-146.080596,14793.123053,344.418808,20044.652162,-51.173711,-3625.823653,-806.157871,0.525382,False,False,False,False,False,False,False,2-circle,-1.000000,-47.192958,98.569968,99.979356,0.020644,1.430032,78.064778,-11.501133,10.474195,2,0,3,0.0000,0.0000,0.0000,0.5000,"LeadPursuit",0.019428
179,A0100,adaptive_eagle_v9,HABFM,6723.473225,144.606804,25.126165,119.636443,-145.306907,14807.711520,343.785681,20039.951164,-23.504989,-3735.080357,-807.289821,1.613637,False,False,False,False,False,False,False,2-circle,-1.000000,-53.780685,98.569968,99.979356,0.020644,1.430032,57.562743,-31.962735,14.238030,1,8,4,0.0000,0.0000,0.0000,0.5000,"HeadOnBreak",-0.007700
179,B0100,L7_mid_level_aggressive,HABFM,6723.473225,144.606804,25.126165,119.636443,-145.306907,14807.711520,343.785681,20039.951164,-23.504989,-3735.080357,-807.289821,1.613637,False,False,False,False,False,False,False,2-circle,-1.000000,-53.780685,98.569968,99.979356,0.020644,1.430032,57.562743,-31.962735,14.238030,2,0,3,0.0000,0.0000,0.0000,0.5000,"LeadPursuit",0.036388
180,A0100,adaptive_eagle_v9,HABFM,6995.356649,142.601903,24.650491,118.272956,-143.649771,14827.317749,342.759240,20028.360218,-57.954733,-3934.270501,-802.354955,3.314229,False,False,False,False,False,False,False,2-circle,-1.000000,-66.455842,98.569968,99.979356,0.020644,1.430032,37.473674,-51.962967,17.075192,1,0,4,0.0000,0.0000,0.0000,0.5000,"HeadOnBreak",-0.012069
180,B0100,L7_mid_level_aggressive,HABFM,6995.356649,142.601903,24.650491,118.272956,-143.649771,14827.317749,342.759240,20028.360218,-57.954733,-3934.270501,-802.354955,3.314229,False,False,False,False,False,False,False,2-circle,-1.000000,-66.455842,98.569968,99.979356,0.020644,1.430032,37.473674,-51.962967,17.075192,2,0,3,0.0000,0.0000,0.0000,0.5000,"LeadPursuit",0.047174
181,A0100,adaptive_eagle_v9,HABFM,7265.144073,140.099927,23.893988,116.633653,-141.356402,14850.656610,341.644289,20017.917506,-52.213556,-4104.650554,-794.951932,7.826833,False,False,False,False,False,False,False,2-circle,-1.000000,-83.454760,98.569968,99.979356,0.020644,1.430032,17.695627,-71.623539,18.340711,1,0,4,0.0000,0.0000,0.0000,0.5000,"HeadOnBreak",-0.020065
181,B0100,L7_mid_level_aggressive,HABFM,7265.144073,140.099927,23.893988,116.633653,-141.356402,14850.656610,341.644289,20017.917506,-52.213556,-4104.650554,-794.951932,7.826833,False,False,False,False,False,False,False,2-circle,-1.000000,-83.454760,98.569968,99.979356,0.020644,1.430032,17.695627,-71.623539,18.340711,2,0,3,0.0000,0.0000,0.0000,0.5000,"LeadPursuit",0.051582
182,A0100,adaptive_eagle_v9,HABFM,7532.314509,137.483833,22.616875,115.276173,-138.745085,14875.814918,340.562500,20010.404174,-37.566661,-4210.442067,-786.942151,149.358651,False,False,False,False,False,False,False,2-circle,-1.000000,-102.426059,98.569968,99.979356,0.020644,1.430032,-1.671624,-90.866258,17.914349,1,0,4,0.0000,0.0000,0.0000,0.5000,"HeadOnBreak",-0.035676
182,B0100,L7_mid_level_aggressive,HABFM,7532.314509,137.483833,22.616875,115.276173,-138.745085,14875.814918,340.562500,20010.404174,-37.566661,-4210.442067,-786.942151,149.358651,False,False,False,False,False,False,False,2-circle,-1.000000,-102.426059,98.569968,99.979356,0.020644,1.430032,-1.671624,-90.866258,17.914349,2,0,3,0.0000,0.0000,0.0000,0.5000,"LeadPursuit",0.050715
183,A0100,adaptive_eagle_v9,HABFM,7797.146479,135.039274,20.327386,115.035864,-136.121236,14900.663991,339.531675,20004.217248,-30.934629,-4243.620546,-780.891936,149.740997,False,False,False,False,False,False,False,2-circle,-1.000000,-121.028351,98.569968,99.979356,0.020644,1.430032,-20.532132,-109.613775,15.796199,1,8,4,0.0000,0.0000,0.0000,0.5000,"HeadOnBreak",-0.028366
183,B0100,L7_mid_level_aggressive,HABFM,7797.146479,135.039274,20.327386,115.035864,-136.121236,14900.663991,339.531675,20004.217248,-30.934629,-4243.620546,-780.891936,149.740997,False,False,False,False,False,False,False,2-circle,-1.000000,-121.028351,98.569968,99.979356,0.020644,1.430032,-20.532132,-109.613775,15.796199,2,0,3,0.0000,0.0000,0.0000,0.5000,"LeadPursuit",0.040349
184,A0100,adaptive_eagle_v9,HABFM,8060.264926,133.185362,18.524057,114.981778,-134.019529,14923.247351,339.230668,20017.755656,67.692038,-4279.528410,-776.654643,149.820212,False,False,False,False,False,False,False,2-circle,-1.000000,-138.853230,98.569968,99.979356,0.020644,1.430032,-30.286948,-119.269084,12.544571,1,8,4,0.0000,0.0000,0.0000,0.5000,"HeadOnBreak",-0.010786
184,B0100,L7_mid_level_aggressive,HABFM,8060.264926,133.185362,18.524057,114.981778,-134.019529,14923.247351,339.230668,20017.755656,67.692038,-4279.528410,-776.654643,149.820212,False,False,False,False,False,False,False,2-circle,-1.000000,-138.853230,98.569968,99.979356,0.020644,1.430032,-30.286948,-119.269084,12.544571,2,0,3,0.0000,0.0000,0.0000,0.5000,"LeadPursuit",0.032790
185,A0100,adaptive_eagle_v9,HABFM,8322.119462,131.725910,17.858858,114.193447,-132.373305,14943.030831,339.688218,20051.291215,167.677797,-4367.675677,-773.101385,149.584008,False,False,False,False,False,False,False,2-circle,-1.000000,-155.851798,98.569968,99.979356,0.020644,1.430032,-24.463592,-113.358686,9.325410,1,8,4,0.0000,0.0000,0.0000,0.5000,"HeadOnBreak",-0.000702
185,B0100,L7_mid_level_aggressive,HABFM,8322.119462,131.725910,17.858858,114.193447,-132.373305,14943.030831,339.688218,20051.291215,167.677797,-4367.675677,-773.101385,149.584008,False,False,False,False,False,False,False,2-circle,-1.000000,-155.851798,98.569968,99.979356,0.020644,1.430032,-24.463592,-113.358686,9.325410,2,0,3,0.0000,0.0000,0.0000,0.5000,"LeadPursuit",0.039431
186,A0100,adaptive_eagle_v9,HABFM,8582.474502,130.013777,17.844510,112.478700,-130.511310,14960.311355,339.921138,20075.579484,121.441344,-4528.463888,-767.214218,149.448609,False,False,False,False,False,False,False,2-circle,-1.000000,-171.522029,98.569968,99.979356,0.020644,1.430032,-15.037923,-103.860567,7.049307,1,8,4,0.0000,0.0000,0.0000,0.5000,"HeadOnBreak",-0.003058
186,B0100,L7_mid_level_aggressive,HABFM,8582.474502,130.013777,17.844510,112.478700,-130.511310,14960.311355,339.921138,20075.579484,121.441344,-4528.463888,-767.214218,149.448609,False,False,False,False,False,False,False,2-circle,-1.000000,-171.522029,98.569968,99.979356,0.020644,1.430032,-15.037923,-103.860567,7.049307,2,0,3,0.0000,0.0000,0.0000,0.5000,"LeadPursuit",0.046333
187,A0100,adaptive_eagle_v9,HABFM,8840.474106,128.047430,17.668846,110.674131,-128.440586,14975.396209,339.851283,20088.562132,64.913240,-4689.913782,-759.571010,149.445854,False,False,False,False,False,False,False,2-circle,-1.000000,-185.781746,98.569968,99.979356,0.020644,1.430032,-5.827766,-94.591593,5.893925,1,0,4,0.0000,0.0000,0.0000,0.5000,"HeadOnBreak",-0.007155
187,B0100,L7_mid_level_aggressive,HABFM,8840.474106,128.047430,17.668846,110.674131,-128.440586,14975.396209,339.851283,20088.562132,64.913240,-4689.913782,-759.571010,149.445854,False,False,False,False,False,False,False,2-circle,-1.000000,-185.781746,98.569968,99.979356,0.020644,1.430032,-5.827766,-94.591593,5.893925,2,0,3,0.0000,0.0000,0.0000,0.5000,"LeadPursuit",0.048077
188,A0100,adaptive_eagle_v9,HABFM,9095.771073,126.055472,17.193778,109.129736,-126.386073,14988.927243,339.797199,20100.465888,59.518781,-4805.987962,-751.390765,41.087108,False,False,False,False,False,False,False,2-circle,-1.000000,-198.888320,98.569968,99.979356,0.020644,1.430032,2.348341,-86.367361,5.554315,1,0,4,0.0000,0.0000,0.0000,0.5000,"HeadOnBreak",-0.013050
188,B0100,L7_mid_level_aggressive,HABFM,9095.771073,126.055472,17.193778,109.129736,-126.386073,14988.927243,339.797199,20100.465888,59.518781,-4805.987962,-751.390765,41.087108,False,False,False,False,False,False,False,2-circle,-1.000000,-198.888320,98.569968,99.979356,0.020644,1.430032,2.348341,-86.367361,5.554315,2,0,3,0.0000,0.0000,0.0000,0.5000,"LeadPursuit",0.058736
189,A0100,adaptive_eagle_v9,HABFM,9347.901951,123.686385,16.273271,107.623780,-123.981109,15001.582482,339.211778,20095.523405,-24.712417,-4878.965970,-740.073328,27.653309,False,False,False,False,False,False,False,2-circle,-1.000000,-210.791744,98.569968,99.979356,0.020644,1.430032,4.074144,-84.603443,5.556850,1,0,4,0.0000,0.0000,0.0000,0.5000,"HeadOnBreak",-0.028367
189,B0100,L7_mid_level_aggressive,HABFM,9347.901951,123.686385,16.273271,107.623780,-123.981109,15001.582482,339.211778,20095.523405,-24.712417,-4878.965970,-740.073328,27.653309,False,False,False,False,False,False,False,2-circle,-1.000000,-210.791744,98.569968,99.979356,0.020644,1.430032,4.074144,-84.603443,5.556850,2,0,3,0.0000,0.0000,0.0000,0.5000,"LeadPursuit",0.079385
190,A0100,adaptive_eagle_v9,HABFM,9595.444980,120.622957,14.270970,106.495591,-120.869731,15013.571862,337.628689,20060.077266,-177.230694,-4928.049164,-724.531960,150.308474,False,False,False,False,False,False,False,2-circle,-1.000000,-220.958183,98.569968,99.979356,0.020644,1.430032,-5.412709,-94.064468,5.333667,1,0,4,0.0000,0.0000,0.0000,0.5000,"HeadOnBreak",-0.029803
190,B0100,L7_mid_level_aggressive,HABFM,9595.444980,120.622957,14.270970,106.495591,-120.869731,15013.571862,337.628689,20060.077266,-177.230694,-4928.049164,-724.531960,150.308474,False,False,False,False,False,False,False,2-circle,-1.000000,-220.958183,98.569968,99.979356,0.020644,1.430032,-5.412709,-94.064468,5.333667,2,0,3,0.0000,0.0000,0.0000,0.5000,"LeadPursuit",0.076060
191,A0100,adaptive_eagle_v9,HABFM,9837.564668,117.846086,12.285150,105.752190,-118.023180,15023.969364,336.434331,20034.834002,-126.216318,-4957.162263,-709.887531,150.798602,False,False,False,False,False,False,False,2-circle,-1.000000,-229.845065,98.569968,99.979356,0.020644,1.430032,-11.687291,-100.321709,4.725437,1,8,4,0.0000,0.0000,0.0000,0.5000,"HeadOnBreak",-0.017721
191,B0100,L7_mid_level_aggressive,HABFM,9837.564668,117.846086,12.285150,105.752190,-118.023180,15023.969364,336.434331,20034.834002,-126.216318,-4957.162263,-709.887531,150.798602,False,False,False,False,False,False,False,2-circle,-1.000000,-229.845065,98.569968,99.979356,0.020644,1.430032,-11.687291,-100.321709,4.725437,2,0,3,0.0000,0.0000,0.0000,0.5000,"LeadPursuit",0.055369
192,A0100,adaptive_eagle_v9,HABFM,10075.639924,115.904545,11.273925,105.021073,-116.036139,15032.391563,336.486441,20044.808572,49.872848,-4998.500507,-700.046574,150.757951,False,False,False,False,False,False,False,2-circle,-1.000000,-239.567856,98.569968,99.979356,0.020644,1.430032,-5.354830,-93.967576,3.950846,1,8,4,0.0000,0.0000,0.0000,0.5000,"HeadOnBreak",-0.002710
192,B0100,L7_mid_level_aggressive,HABFM,10075.639924,115.904545,11.273925,105.021073,-116.036139,15032.391563,336.486441,20044.808572,49.872848,-4998.500507,-700.046574,150.757951,False,False,False,False,False,False,False,2-circle,-1.000000,-239.567856,98.569968,99.979356,0.020644,1.430032,-5.354830,-93.967576,3.950846,2,0,4,0.0000,0.0000,0.0000,0.5000,"LeadPursuit",0.051433
193,A0100,adaptive_eagle_v9,HABFM,10310.719808,114.145048,11.237031,103.446728,-114.250933,15039.395455,336.815850,20061.631262,84.113452,-5112.107564,-691.218572,33.898656,False,False,False,False,False,False,False,2-circle,-1.000000,-250.480230,98.569968,99.979356,0.020644,1.430032,3.019337,-85.565735,3.576641,1,8,4,0.0000,0.0000,0.0000,0.5000,"HeadOnBreak",0.003512
193,B0100,L7_mid_level_aggressive,HABFM,10310.719808,114.145048,11.237031,103.446728,-114.250933,15039.395455,336.815850,20061.631262,84.113452,-5112.107564,-691.218572,33.898656,False,False,False,False,False,False,False,2-circle,-1.000000,-250.480230,98.569968,99.979356,0.020644,1.430032,3.019337,-85.565735,3.576641,2,0,4,0.0000,0.0000,0.0000,0.5000,"LeadPursuit",0.053099
194,A0100,adaptive_eagle_v9,HABFM,10542.833327,112.367718,11.563883,101.420607,-112.462120,15045.583634,337.098994,20076.266845,73.177915,-5283.148306,-682.517011,12.364064,False,False,False,False,False,False,False,2-circle,-1.000000,-261.880483,98.569968,99.979356,0.020644,1.430032,10.548223,-78.007378,3.828668,1,8,4,0.0000,0.0000,0.0000,0.5000,"HeadOnBreak",0.001768
194,B0100,L7_mid_level_aggressive,HABFM,10542.833327,112.367718,11.563883,101.420607,-112.462120,15045.583634,337.098994,20076.266845,73.177915,-5283.148306,-682.517011,12.364064,False,False,False,False,False,False,False,2-circle,-1.000000,-261.880483,98.569968,99.979356,0.020644,1.430032,10.548223,-78.007378,3.828668,2,0,4,0.0000,0.0000,0.0000,0.5000,"LeadPursuit",0.066056
195,A0100,adaptive_eagle_v9,HABFM,10771.721681,110.210498,11.780705,99.169218,-110.306420,15051.620563,336.796471,20073.278465,-14.941900,-5473.844875,-670.837773,11.280835,False,False,False,False,False,False,False,2-circle,-1.000000,-274.159356,98.569968,99.979356,0.020644,1.430032,11.638193,-76.884077,4.312832,1,8,4,0.0000,0.0000,0.0000,0.5000,"HeadOnBreak",-0.001005
195,B0100,L7_mid_level_aggressive,HABFM,10771.721681,110.210498,11.780705,99.169218,-110.306420,15051.620563,336.796471,20073.278465,-14.941900,-5473.844875,-670.837773,11.280835,False,False,False,False,False,False,False,2-circle,-1.000000,-274.159356,98.569968,99.979356,0.020644,1.430032,11.638193,-76.884077,4.312832,2,0,4,0.0000,0.0000,0.0000,0.5000,"LeadPursuit",0.093806
196,A0100,adaptive_eagle_v9,HABFM,10995.675076,107.281442,11.802824,96.345450,-107.375640,15057.907889,335.338037,20036.169248,-185.546089,-5696.291447,-653.181870,49.746278,False,False,False,False,False,False,False,2-circle,-1.000000,-287.777775,98.569968,99.979356,0.020644,1.430032,1.519509,-86.963143,4.483495,1,0,4,0.0000,0.0000,0.0000,0.5000,"HeadOnBreak",-0.004434
196,B0100,L7_mid_level_aggressive,HABFM,10995.675076,107.281442,11.802824,96.345450,-107.375640,15057.907889,335.338037,20036.169248,-185.546089,-5696.291447,-653.181870,49.746278,False,False,False,False,False,False,False,2-circle,-1.000000,-287.777775,98.569968,99.979356,0.020644,1.430032,1.519509,-86.963143,4.483495,2,0,4,0.0000,0.0000,0.0000,0.5000,"LeadPursuit",0.093992
197,A0100,adaptive_eagle_v9,HABFM,11213.469681,104.515924,11.553759,93.877432,-104.589809,15063.634882,334.315659,20011.587075,-122.910862,-5860.366347,-636.338666,151.630463,False,False,False,False,False,False,False,2-circle,-1.000000,-301.557248,98.569968,99.979356,0.020644,1.430032,-5.191619,-93.634624,4.224149,1,0,4,0.0000,0.0000,0.0000,0.5000,"HeadOnBreak",-0.010820
197,B0100,L7_mid_level_aggressive,HABFM,11213.469681,104.515924,11.553759,93.877432,-104.589809,15063.634882,334.315659,20011.587075,-122.910862,-5860.366347,-636.338666,151.630463,False,False,False,False,False,False,False,2-circle,-1.000000,-301.557248,98.569968,99.979356,0.020644,1.430032,-5.191619,-93.634624,4.224149,2,0,4,0.0000,0.0000,0.0000,0.5000,"LeadPursuit",0.069019
198,A0100,adaptive_eagle_v9,HABFM,11426.554897,102.575332,10.811172,92.675751,-102.632887,15068.193496,334.502929,20021.690537,50.517311,-5906.049088,-625.030262,57.692216,False,False,False,False,False,False,False,2-circle,-1.000000,-314.268020,98.569968,99.979356,0.020644,1.430032,1.034800,-87.374892,3.800963,1,0,4,0.0000,0.0000,0.0000,0.5000,"HeadOnBreak",-0.025361
198,B0100,L7_mid_level_aggressive,HABFM,11426.554897,102.575332,10.811172,92.675751,-102.632887,15068.193496,334.502929,20021.690537,50.517311,-5906.049088,-625.030262,57.692216,False,False,False,False,False,False,False,2-circle,-1.000000,-314.268020,98.569968,99.979356,0.020644,1.430032,1.034800,-87.374892,3.800963,2,0,4,0.0000,0.0000,0.0000,0.5000,"LeadPursuit",0.065086
199,A0100,adaptive_eagle_v9,HABFM,11636.172079,100.796717,9.121374,92.750569,-100.846624,15071.972425,334.861066,20036.082099,71.957807,-5880.837873,-614.924954,13.518174,False,False,False,False,False,False,False,2-circle,-1.000000,-325.833083,98.569968,99.979356,0.020644,1.430032,9.442477,-78.940411,3.763397,1,8,4,0.0000,0.0000,0.0000,0.5000,"HeadOnBreak",-0.017697
199,B0100,L7_mid_level_aggressive,HABFM,11636.172079,100.796717,9.121374,92.750569,-100.846624,15071.972425,334.861066,20036.082099,71.957807,-5880.837873,-614.924954,13.518174,False,False,False,False,False,False,False,2-circle,-1.000000,-325.833083,98.569968,99.979356,0.020644,1.430032,9.442477,-78.940411,3.763397,2,0,4,0.0000,0.0000,0.0000,0.5000,"LeadPursuit",0.081135
200,A0100,adaptive_eagle_v9,HABFM,11841.951993,98.638597,8.219455,92.046520,-98.691437,15075.645614,334.470309,20028.176602,-39.527486,-5932.771100,-601.280567,11.044120,False,False,False,False,False,False,False,2-circle,-1.000000,-338.435872,98.569968,99.979356,0.020644,1.430032,11.820263,-76.531257,4.065878,1,8,4,0.0000,0.0000,0.0000,0.5000,"HeadOnBreak",-0.003289
200,B0100,L7_mid_level_aggressive,HABFM,11841.951993,98.638597,8.219455,92.046520,-98.691437,15075.645614,334.470309,20028.176602,-39.527486,-5932.771100,-601.280567,11.044120,False,False,False,False,False,False,False,2-circle,-1.000000,-338.435872,98.569968,99.979356,0.020644,1.430032,11.820263,-76.531257,4.065878,1,0,4,0.0000,0.0000,0.0000,0.5000,"LeadPursuit",0.114930
201,A0100,adaptive_eagle_v9,UNKNOWN,12042.263132,95.726199,8.230202,89.517855,-95.781631,15079.708483,333.039264,19989.950910,-191.128459,-6111.831660,-582.389604,31.043500,False,False,False,False,False,False,False,1-circle,-1.000000,-353.227690,98.569968,99.979356,0.020644,1.430032,3.199898,-85.110099,4.193513,1,8,4,0.0000,0.0000,0.0000,0.5000,"HeadOnBreak",0.003240
201,B0100,L7_mid_level_aggressive,UNKNOWN,12042.263132,95.726199,8.230202,89.517855,-95.781631,15079.708483,333.039264,19989.950910,-191.128459,-6111.831660,-582.389604,31.043500,False,False,False,False,False,False,False,1-circle,-1.000000,-353.227690,98.569968,99.979356,0.020644,1.430032,3.199898,-85.110099,4.193513,1,0,4,0.0000,0.0000,0.0000,0.5000,"LeadPursuit",0.131387
202,A0100,adaptive_eagle_v9,UNKNOWN,12235.950990,92.620557,8.575227,86.193672,-92.660494,15083.449512,331.478451,19947.775356,-210.877771,-6357.817598,-562.930303,152.834310,False,False,False,False,False,False,False,1-circle,-1.000000,-368.850723,98.569968,99.979356,0.020644,1.430032,-10.097122,-98.362071,3.620135,1,0,4,0.0000,0.0000,0.0000,0.5000,"HeadOnBreak",-0.001591
202,B0100,L7_mid_level_aggressive,UNKNOWN,12235.950990,92.620557,8.575227,86.193672,-92.660494,15083.449512,331.478451,19947.775356,-210.877771,-6357.817598,-562.930303,152.834310,False,False,False,False,False,False,False,1-circle,-1.000000,-368.850723,98.569968,99.979356,0.020644,1.430032,-10.097122,-98.362071,3.620135,1,0,4,0.0000,0.0000,0.0000,0.5000,"LeadPursuit",0.111593
203,A0100,adaptive_eagle_v9,UNKNOWN,12423.674046,90.166568,8.587249,83.818665,-90.175233,15085.320730,330.846658,19931.121586,-83.268850,-6518.421516,-547.797359,153.110815,False,False,False,False,False,False,False,1-circle,-1.000000,-383.389765,98.569968,99.979356,0.020644,1.430032,-16.568488,-104.793904,2.386404,1,0,4,0.0000,0.0000,0.0000,0.5000,"HeadOnBreak",-0.354878
203,B0100,L7_mid_level_aggressive,UNKNOWN,12423.674046,90.166568,8.587249,83.818665,-90.175233,15085.320730,330.846658,19931.121586,-83.268850,-6518.421516,-547.797359,153.110815,False,False,False,False,False,False,False,1-circle,-1.000000,-383.389765,98.569968,99.979356,0.020644,1.430032,-16.568488,-104.793904,2.386404,1,0,4,0.0000,0.0000,0.0000,0.5000,"LeadPursuit",0.084243
204,A0100,adaptive_eagle_v9,UNKNOWN,12607.041082,88.402848,8.115427,82.667177,-88.384969,15084.945912,331.414878,19947.406121,81.422679,-6556.533131,-536.868368,152.859206,False,False,True,False,False,False,False,1-circle,-1.000000,-396.020318,98.569968,99.979356,0.020644,1.430032,-9.437066,-97.632139,1.005465,1,0,4,0.0000,0.0000,0.0000,0.5000,"HeadOnBreak",-0.393769
204,B0100,L7_mid_level_aggressive,UNKNOWN,12607.041082,88.402848,8.115427,82.667177,-88.384969,15084.945912,331.414878,19947.406121,81.422679,-6556.533131,-536.868368,152.859206,False,False,True,False,False,False,False,1-circle,-1.000000,-396.020318,98.569968,99.979356,0.020644,1.430032,-9.437066,-97.632139,1.005465,1,0,4,0.0000,0.0000,0.0000,0.5000,"LeadPursuit",0.084981
205,A0100,adaptive_eagle_v9,UNKNOWN,12786.748671,86.676384,7.237107,82.633257,-86.638496,15082.893870,332.049868,19964.004839,82.993590,-6530.350223,-525.425206,87.169417,False,False,True,False,False,False,False,1-circle,-1.000000,-407.199940,98.569968,99.979356,0.020644,1.430032,-0.078414,-88.249952,0.191528,1,8,4,0.0000,0.0000,0.0000,0.5000,"HeadOnBreak",-0.476398
205,B0100,L7_mid_level_aggressive,UNKNOWN,12786.748671,86.676384,7.237107,82.633257,-86.638496,15082.893870,332.049868,19964.004839,82.993590,-6530.350223,-525.425206,87.169417,False,False,True,False,False,False,False,1-circle,-1.000000,-407.199940,98.569968,99.979356,0.020644,1.430032,-0.078414,-88.249952,0.191528,1,0,4,0.0000,0.0000,0.0000,0.5000,"LeadPursuit",0.111249
206,A0100,adaptive_eagle_v9,UNKNOWN,12962.068721,84.484705,7.415043,81.643805,-84.434086,15079.801621,331.898780,19956.471653,-37.665931,-6584.780271,-510.296144,28.247972,False,False,True,False,False,False,False,1-circle,-1.000000,-419.323286,98.569968,99.979356,0.020644,1.430032,3.532535,-84.611249,-0.088090,1,8,4,0.0000,0.0000,0.0000,0.5000,"HeadOnBreak",-0.629970
206,B0100,L7_mid_level_aggressive,UNKNOWN,12962.068721,84.484705,7.415043,81.643805,-84.434086,15079.801621,331.898780,19956.471653,-37.665931,-6584.780271,-510.296144,28.247972,False,False,True,False,False,False,False,1-circle,-1.000000,-419.323286,98.569968,99.979356,0.020644,1.430032,3.532535,-84.611249,-0.088090,1,0,4,0.0000,0.0000,0.0000,0.5000,"LeadPursuit",0.157794
207,A0100,adaptive_eagle_v9,UNKNOWN,13131.633090,81.545701,7.858527,78.883268,-81.477902,15076.023822,330.745664,19918.866686,-188.024838,-6763.876998,-491.378985,153.176282,False,False,True,False,False,False,False,1-circle,-1.000000,-433.031713,98.569968,99.979356,0.020644,1.430032,-3.551341,-91.660248,-0.389197,1,8,4,0.0000,0.0000,0.0000,0.5000,"HeadOnBreak",-0.576508
207,B0100,L7_mid_level_aggressive,UNKNOWN,13131.633090,81.545701,7.858527,78.883268,-81.477902,15076.023822,330.745664,19918.866686,-188.024838,-6763.876998,-491.378985,153.176282,False,False,True,False,False,False,False,1-circle,-1.000000,-433.031713,98.569968,99.979356,0.020644,1.430032,-3.551341,-91.660248,-0.389197,1,0,4,0.0000,0.0000,0.0000,0.5000,"LeadPursuit",0.153429
208,A0100,adaptive_eagle_v9,UNKNOWN,13295.134462,78.893160,8.248228,75.892854,-78.791031,15070.922923,330.072318,19894.067333,-123.996761,-6981.824008,-475.860881,153.488072,False,False,True,False,False,False,False,1-circle,-1.000000,-446.753136,98.569968,99.979356,0.020644,1.430032,-7.994622,-96.068467,-0.921005,1,8,4,0.0000,0.0000,0.0000,0.5000,"HeadOnBreak",-0.413256
208,B0100,L7_mid_level_aggressive,UNKNOWN,13295.134462,78.893160,8.248228,75.892854,-78.791031,15070.922923,330.072318,19894.067333,-123.996761,-6981.824008,-475.860881,153.488072,False,False,True,False,False,False,False,1-circle,-1.000000,-446.753136,98.569968,99.979356,0.020644,1.430032,-7.994622,-96.068467,-0.921005,1,0,4,0.0000,0.0000,0.0000,0.5000,"LeadPursuit",0.115133
209,A0100,adaptive_eagle_v9,UNKNOWN,13454.299408,77.013938,8.530981,73.894452,-76.879936,15064.215859,330.658570,19904.508553,52.206097,-7126.990286,-465.330762,153.241140,False,False,True,False,False,False,False,1-circle,-1.000000,-459.897823,98.569968,99.979356,0.020644,1.430032,-1.073453,-89.114765,-1.494336,1,0,4,0.0000,0.0000,0.0000,0.5000,"HeadOnBreak",-0.374994
209,B0100,L7_mid_level_aggressive,UNKNOWN,13454.299408,77.013938,8.530981,73.894452,-76.879936,15064.215859,330.658570,19904.508553,52.206097,-7126.990286,-465.330762,153.241140,False,False,True,False,False,False,False,1-circle,-1.000000,-459.897823,98.569968,99.979356,0.020644,1.430032,-1.073453,-89.114765,-1.494336,1,0,4,0.0000,0.0000,0.0000,0.5000,"LeadPursuit",0.107551
210,A0100,adaptive_eagle_v9,UNKNOWN,13610.193647,75.321930,8.588134,72.358703,-75.164766,15056.404869,331.403933,19918.543916,70.176817,-7224.234961,-455.599219,15.956381,False,False,True,False,False,False,False,1-circle,-1.000000,-472.624943,98.569968,99.979356,0.020644,1.430032,7.507764,-80.502913,-1.611085,1,0,4,0.0000,0.0000,0.0000,0.5000,"HeadOnBreak",-0.477995
210,B0100,L7_mid_level_aggressive,UNKNOWN,13610.193647,75.321930,8.588134,72.358703,-75.164766,15056.404869,331.403933,19918.543916,70.176817,-7224.234961,-455.599219,15.956381,False,False,True,False,False,False,False,1-circle,-1.000000,-472.624943,98.569968,99.979356,0.020644,1.430032,7.507764,-80.502913,-1.611085,1,0,4,0.0000,0.0000,0.0000,0.5000,"LeadPursuit",0.141176
211,A0100,adaptive_eagle_v9,UNKNOWN,13762.326554,73.175376,8.315779,70.872117,-73.008092,15048.163288,331.470458,19912.254567,-31.446744,-7283.349053,-442.178212,12.404179,False,False,True,False,False,False,False,1-circle,-1.000000,-484.958706,98.569968,99.979356,0.020644,1.430032,10.125492,-77.856180,-1.360396,1,0,4,0.0000,0.0000,0.0000,0.5000,"HeadOnBreak",-0.655057
211,B0100,L7_mid_level_aggressive,UNKNOWN,13762.326554,73.175376,8.315779,70.872117,-73.008092,15048.163288,331.470458,19912.254567,-31.446744,-7283.349053,-442.178212,12.404179,False,False,True,False,False,False,False,1-circle,-1.000000,-484.958706,98.569968,99.979356,0.020644,1.430032,10.125492,-77.856180,-1.360396,1,0,4,0.0000,0.0000,0.0000,0.5000,"LeadPursuit",0.204496
212,A0100,adaptive_eagle_v9,UNKNOWN,13908.910530,70.257045,8.096330,69.706483,-70.076302,15039.985666,330.484283,19875.177171,-185.386983,-7325.370450,-422.836349,38.925496,False,False,True,False,False,False,False,1-circle,-1.000000,-496.842724,98.569968,99.979356,0.020644,1.430032,1.888540,-86.065643,-1.271435,1,8,4,0.0000,0.0000,0.0000,0.5000,"HeadOnBreak",-0.612925
212,B0100,L7_mid_level_aggressive,UNKNOWN,13908.910530,70.257045,8.096330,69.706483,-70.076302,15039.985666,330.484283,19875.177171,-185.386983,-7325.370450,-422.836349,38.925496,False,False,True,False,False,False,False,1-circle,-1.000000,-496.842724,98.569968,99.979356,0.020644,1.430032,1.888540,-86.065643,-1.271435,1,0,4,0.0000,0.0000,0.0000,0.5000,"LeadPursuit",0.207886
213,A0100,adaptive_eagle_v9,UNKNOWN,14048.803481,67.535197,8.782867,68.229952,-67.313045,15031.259484,329.836609,19847.517804,-138.296832,-7401.406598,-404.744517,153.681378,False,False,True,False,False,False,False,1-circle,-1.000000,-509.263883,98.569968,99.979356,0.020644,1.430032,-3.395164,-91.319090,-1.501700,1,8,4,0.0000,0.0000,0.0000,0.5000,"HeadOnBreak",-0.438323
213,B0100,L7_mid_level_aggressive,UNKNOWN,14048.803481,67.535197,8.782867,68.229952,-67.313045,15031.259484,329.836609,19847.517804,-138.296832,-7401.406598,-404.744517,153.681378,False,False,True,False,False,False,False,1-circle,-1.000000,-509.263883,98.569968,99.979356,0.020644,1.430032,-3.395164,-91.319090,-1.501700,1,0,4,0.0000,0.0000,0.0000,0.5000,"LeadPursuit",0.155891
214,A0100,adaptive_eagle_v9,UNKNOWN,14183.833388,65.628586,9.265398,66.533200,-65.366572,15021.477940,330.361417,19853.074887,27.785414,-7506.547306,-393.535389,28.222032,False,False,True,False,False,False,False,1-circle,-1.000000,-522.413474,98.569968,99.979356,0.020644,1.430032,3.312618,-84.577808,-1.810947,1,8,4,0.0000,0.0000,0.0000,0.5000,"HeadOnBreak",-0.397037
214,B0100,L7_mid_level_aggressive,UNKNOWN,14183.833388,65.628586,9.265398,66.533200,-65.366572,15021.477940,330.361417,19853.074887,27.785414,-7506.547306,-393.535389,28.222032,False,False,True,False,False,False,False,1-circle,-1.000000,-522.413474,98.569968,99.979356,0.020644,1.430032,3.312618,-84.577808,-1.810947,1,0,4,0.0000,0.0000,0.0000,0.5000,"LeadPursuit",0.145642
215,A0100,adaptive_eagle_v9,UNKNOWN,14315.758236,63.923079,9.524676,64.624610,-63.635637,15011.016633,331.142830,19865.497234,62.111734,-7657.552950,-385.046082,10.680717,False,False,True,False,False,False,False,1-circle,-1.000000,-536.057683,98.569968,99.979356,0.020644,1.430032,11.906019,-75.948918,-1.694041,1,0,4,0.0000,0.0000,0.0000,0.5000,"HeadOnBreak",-0.499816
215,B0100,L7_mid_level_aggressive,UNKNOWN,14315.758236,63.923079,9.524676,64.624610,-63.635637,15011.016633,331.142830,19865.497234,62.111734,-7657.552950,-385.046082,10.680717,False,False,True,False,False,False,False,1-circle,-1.000000,-536.057683,98.569968,99.979356,0.020644,1.430032,11.906019,-75.948918,-1.694041,1,0,4,0.0000,0.0000,0.0000,0.5000,"LeadPursuit",0.190929
216,A0100,adaptive_eagle_v9,UNKNOWN,14444.398760,61.775076,9.736804,62.946827,-61.485835,15000.574609,331.243382,19858.003788,-37.467231,-7765.905582,-372.898434,8.916275,False,False,True,False,False,False,False,1-circle,-1.000000,-550.498371,98.569968,99.979356,0.020644,1.430032,14.502874,-73.313389,-1.230372,1,0,4,0.0000,0.0000,0.0000,0.5000,"HeadOnBreak",-0.692836
216,B0100,L7_mid_level_aggressive,UNKNOWN,14444.398760,61.775076,9.736804,62.946827,-61.485835,15000.574609,331.243382,19858.003788,-37.467231,-7765.905582,-372.898434,8.916275,False,False,True,False,False,False,False,1-circle,-1.000000,-550.498371,98.569968,99.979356,0.020644,1.430032,14.502874,-73.313389,-1.230372,1,0,4,0.0000,0.0000,0.0000,0.5000,"LeadPursuit",0.280189
217,A0100,adaptive_eagle_v9,UNKNOWN,14568.119773,58.847374,9.954668,61.481162,-58.556956,14990.780456,330.277867,19819.933856,-190.349659,-7859.617714,-355.692310,18.061935,False,False,True,False,False,False,False,1-circle,-1.000000,-565.455203,98.569968,99.979356,0.020644,1.430032,6.217140,-81.558160,-0.938604,1,0,4,0.0000,0.0000,0.0000,0.5000,"HeadOnBreak",-0.764334
217,B0100,L7_mid_level_aggressive,UNKNOWN,14568.119773,58.847374,9.954668,61.481162,-58.556956,14990.780456,330.277867,19819.933856,-190.349659,-7859.617714,-355.692310,18.061935,False,False,True,False,False,False,False,1-circle,-1.000000,-565.455203,98.569968,99.979356,0.020644,1.430032,6.217140,-81.558160,-0.938604,1,0,4,0.0000,0.0000,0.0000,0.5000,"LeadPursuit",0.333262
218,A0100,adaptive_eagle_v9,UNKNOWN,14685.502475,55.725361,10.663888,59.886708,-55.383127,14981.085692,329.137178,19776.939546,-214.971550,-7940.390212,-336.827710,154.106960,False,False,True,False,False,False,False,1-circle,-1.000000,-580.265915,98.569968,99.979356,0.020644,1.430032,-6.657556,-94.391967,-1.326936,1,0,4,0.0000,0.0000,0.0000,0.5000,"HeadOnBreak",-0.629597
218,B0100,L7_mid_level_aggressive,UNKNOWN,14685.502475,55.725361,10.663888,59.886708,-55.383127,14981.085692,329.137178,19776.939546,-214.971550,-7940.390212,-336.827710,154.106960,False,False,True,False,False,False,False,1-circle,-1.000000,-580.265915,98.569968,99.979356,0.020644,1.430032,-6.657556,-94.391967,-1.326936,1,0,4,0.0000,0.0000,0.0000,0.5000,"LeadPursuit",0.293736
219,A0100,adaptive_eagle_v9,UNKNOWN,14797.158754,53.277608,11.452678,58.683350,-52.819768,14969.988860,328.899076,19758.906474,-90.165358,-8002.226888,-322.079373,154.238985,False,False,True,False,False,False,False,1-circle,-1.000000,-594.017331,98.569968,99.979356,0.020644,1.430032,-12.687097,-100.384261,-2.340927,1,0,4,0.0000,0.0000,0.0000,0.5000,"HeadOnBreak",-0.458144
219,B0100,L7_mid_level_aggressive,UNKNOWN,14797.158754,53.277608,11.452678,58.683350,-52.819768,14969.988860,328.899076,19758.906474,-90.165358,-8002.226888,-322.079373,154.238985,False,False,True,False,False,False,False,1-circle,-1.000000,-594.017331,98.569968,99.979356,0.020644,1.430032,-12.687097,-100.384261,-2.340927,1,0,4,0.0000,0.0000,0.0000,0.5000,"LeadPursuit",0.226873
220,A0100,adaptive_eagle_v9,UNKNOWN,14904.312112,51.535736,12.251226,58.335329,-50.967076,14957.025438,329.846133,19773.561906,73.277160,-7989.999928,-310.269227,153.841547,False,False,True,False,False,False,False,1-circle,-1.000000,-605.752680,98.569968,99.979356,0.020644,1.430032,-5.245254,-92.912539,-3.466453,1,0,4,0.0000,0.0000,0.0000,0.5000,"HeadOnBreak",-0.450076
220,B0100,L7_mid_level_aggressive,UNKNOWN,14904.312112,51.535736,12.251226,58.335329,-50.967076,14957.025438,329.846133,19773.561906,73.277160,-7989.999928,-310.269227,153.841547,False,False,True,False,False,False,False,1-circle,-1.000000,-605.752680,98.569968,99.979356,0.020644,1.430032,-5.245254,-92.912539,-3.466453,1,0,4,0.0000,0.0000,0.0000,0.5000,"LeadPursuit",0.233943
221,A0100,adaptive_eagle_v9,UNKNOWN,15007.396185,49.826743,13.187074,58.328747,-49.169455,14942.708774,330.851299,19788.645574,75.418337,-7934.449425,-297.620636,22.828012,False,False,True,False,False,False,False,1-circle,-1.000000,-615.086947,98.569968,99.979356,0.020644,1.430032,4.337056,-83.309058,-4.016366,1,0,4,0.0000,0.0000,0.0000,0.5000,"HeadOnBreak",-0.450894
221,B0100,L7_mid_level_aggressive,UNKNOWN,15007.396185,49.826743,13.187074,58.328747,-49.169455,14942.708774,330.851299,19788.645574,75.418337,-7934.449425,-297.620636,22.828012,False,False,True,False,False,False,False,1-circle,-1.000000,-615.086947,98.569968,99.979356,0.020644,1.430032,4.337056,-83.309058,-4.016366,1,0,4,0.0000,0.0000,0.0000,0.5000,"LeadPursuit",0.249156
222,A0100,adaptive_eagle_v9,UNKNOWN,15105.657752,48.089613,14.876017,58.790973,-47.378267,14927.688470,331.667109,19797.552857,44.536414,-7838.487920,-282.230557,9.765758,False,False,True,False,False,False,False,1-circle,-1.000000,-622.631160,98.569968,99.979356,0.020644,1.430032,12.934529,-74.696467,-3.799600,1,8,4,0.0000,0.0000,0.0000,0.5000,"HeadOnBreak",-0.567306
222,B0100,L7_mid_level_aggressive,UNKNOWN,15105.657752,48.089613,14.876017,58.790973,-47.378267,14927.688470,331.667109,19797.552857,44.536414,-7838.487920,-282.230557,9.765758,False,False,True,False,False,False,False,1-circle,-1.000000,-622.631160,98.569968,99.979356,0.020644,1.430032,12.934529,-74.696467,-3.799600,1,0,4,0.0000,0.0000,0.0000,0.5000,"LeadPursuit",0.320856
223,A0100,adaptive_eagle_v9,UNKNOWN,15198.714233,45.969806,16.462410,58.176867,-45.247760,14912.710871,331.884424,19788.959044,-42.969065,-7861.442392,-267.137553,8.474157,False,False,True,False,False,False,False,1-circle,-1.000000,-631.305987,98.569968,99.979356,0.020644,1.430032,15.106128,-72.504569,-3.231826,1,8,4,0.0000,0.0000,0.0000,0.5000,"HeadOnBreak",-0.831960
223,B0100,L7_mid_level_aggressive,UNKNOWN,15198.714233,45.969806,16.462410,58.176867,-45.247760,14912.710871,331.884424,19788.959044,-42.969065,-7861.442392,-267.137553,8.474157,False,False,True,False,False,False,False,1-circle,-1.000000,-631.305987,98.569968,99.979356,0.020644,1.430032,15.106128,-72.504569,-3.231826,1,0,4,0.0000,0.0000,0.0000,0.5000,"LeadPursuit",0.483862
224,A0100,adaptive_eagle_v9,OBFM,15287.069259,43.074310,17.033452,55.677127,-42.331921,14898.400591,331.039760,19749.859707,-195.496685,-8016.137690,-253.746807,17.523079,False,False,True,False,False,False,False,1-circle,-1.000000,-642.496906,98.569968,99.979356,0.020644,1.430032,6.270140,-81.310068,-2.882512,1,8,4,0.0000,0.0000,0.0000,0.5000,"HeadOnBreak",-0.843965
224,B0100,L7_mid_level_aggressive,OBFM,15287.069259,43.074310,17.033452,55.677127,-42.331921,14898.400591,331.039760,19749.859707,-195.496685,-8016.137690,-253.746807,17.523079,False,False,True,False,False,False,False,1-circle,-1.000000,-642.496906,98.569968,99.979356,0.020644,1.430032,6.270140,-81.310068,-2.882512,1,0,4,0.0000,0.0000,0.0000,0.5000,"LeadPursuit",0.521149
225,A0100,adaptive_eagle_v9,OBFM,15371.550686,40.356217,17.130008,52.773754,-39.510442,14884.200829,330.501671,19719.901137,-149.792848,-8215.944856,-244.147920,49.882416,False,False,True,False,False,False,False,1-circle,-1.000000,-654.982962,98.569968,99.979356,0.020644,1.430032,0.623197,-86.921227,-2.884099,1,0,4,0.0000,0.0000,0.0000,0.5000,"HeadOnBreak",-0.616539
225,B0100,L7_mid_level_aggressive,OBFM,15371.550686,40.356217,17.130008,52.773754,-39.510442,14884.200829,330.501671,19719.901137,-149.792848,-8215.944856,-244.147920,49.882416,False,False,True,False,False,False,False,1-circle,-1.000000,-654.982962,98.569968,99.979356,0.020644,1.430032,0.623197,-86.921227,-2.884099,1,1,4,0.0000,0.0000,0.0000,0.5000,"LeadPursuit",0.407858
226,A0100,adaptive_eagle_v9,OBFM,15453.080899,38.453266,17.559780,51.239800,-37.508663,14869.444959,331.249791,19727.062120,35.804915,-8290.735113,-235.329116,15.449117,False,False,True,False,False,False,False,1-circle,-1.000000,-667.607583,98.569968,99.979356,0.020644,1.430032,7.341016,-80.166828,-2.964162,1,0,4,0.0000,0.0000,0.0000,0.5000,"HeadOnBreak",-0.688970
226,B0100,L7_mid_level_aggressive,OBFM,15453.080899,38.453266,17.559780,51.239800,-37.508663,14869.444959,331.249791,19727.062120,35.804915,-8290.735113,-235.329116,15.449117,False,False,True,False,False,False,False,1-circle,-1.000000,-667.607583,98.569968,99.979356,0.020644,1.430032,7.341016,-80.166828,-2.964162,1,1,4,0.0000,0.0000,0.0000,0.5000,"LeadPursuit",0.487465
227,A0100,adaptive_eagle_v9,OBFM,15531.236520,36.346175,18.578838,50.515511,-35.344880,14854.464753,331.705830,19725.466288,-7.979161,-8318.737411,-223.239455,10.988060,False,False,True,False,False,False,False,1-circle,-1.000000,-679.614309,98.569968,99.979356,0.020644,1.430032,11.154290,-76.318844,-2.863857,1,0,4,0.0000,0.0000,0.0000,0.5000,"HeadOnBreak",-1.000081
227,B0100,L7_mid_level_aggressive,OBFM,15531.236520,36.346175,18.578838,50.515511,-35.344880,14854.464753,331.705830,19725.466288,-7.979161,-8318.737411,-223.239455,10.988060,False,False,True,False,False,False,False,1-circle,-1.000000,-679.614309,98.569968,99.979356,0.020644,1.430032,11.154290,-76.318844,-2.863857,1,1,4,0.0000,0.0000,0.0000,0.5000,"LeadPursuit",0.752990
228,A0100,adaptive_eagle_v9,OBFM,15604.556142,33.459607,19.928452,49.180206,-32.385498,14839.826752,330.958059,19688.891467,-182.874104,-8378.636623,-207.994254,21.129220,False,False,True,False,False,False,False,1-circle,-1.000000,-691.352824,98.569968,99.979356,0.020644,1.430032,4.670486,-82.768212,-2.812478,1,0,4,0.0000,0.0000,0.0000,0.5000,"HeadOnBreak",-1.003565
228,B0100,L7_mid_level_aggressive,OBFM,15604.556142,33.459607,19.928452,49.180206,-32.385498,14839.826752,330.958059,19688.891467,-182.874104,-8378.636623,-207.994254,21.129220,False,False,True,False,False,False,False,1-circle,-1.000000,-691.352824,98.569968,99.979356,0.020644,1.430032,4.670486,-82.768212,-2.812478,1,1,4,0.0000,0.0000,0.0000,0.5000,"LeadPursuit",0.813286
229,A0100,adaptive_eagle_v9,OBFM,15673.028727,30.830759,21.173748,47.819342,-29.584194,14825.129457,330.651765,19665.222932,-118.342674,-8439.358480,-194.583056,44.064095,False,False,True,False,False,False,False,1-circle,-1.000000,-703.049504,98.569968,99.979356,0.020644,1.430032,0.889494,-86.514206,-2.937234,1,0,4,0.0000,0.0000,0.0000,0.5000,"HeadOnBreak",-0.750221
229,B0100,L7_mid_level_aggressive,OBFM,15673.028727,30.830759,21.173748,47.819342,-29.584194,14825.129457,330.651765,19665.222932,-118.342674,-8439.358480,-194.583056,44.064095,False,False,True,False,False,False,False,1-circle,-1.000000,-703.049504,98.569968,99.979356,0.020644,1.430032,0.889494,-86.514206,-2.937234,1,1,4,0.0000,0.0000,0.0000,0.5000,"LeadPursuit",0.653352
230,A0100,adaptive_eagle_v9,OBFM,15737.208145,28.991404,22.429492,47.376825,-27.593195,14809.898036,331.473144,19674.068143,44.226054,-8429.489510,-182.751159,14.036486,False,False,True,False,False,False,False,1-circle,-1.000000,-713.695706,98.569968,99.979356,0.020644,1.430032,8.174600,-79.197275,-3.020917,1,0,4,0.0000,0.0000,0.0000,0.5000,"HeadOnBreak",-0.874056
230,B0100,L7_mid_level_aggressive,OBFM,15737.208145,28.991404,22.429492,47.376825,-27.593195,14809.898036,331.473144,19674.068143,44.226054,-8429.489510,-182.751159,14.036486,False,False,True,False,False,False,False,1-circle,-1.000000,-713.695706,98.569968,99.979356,0.020644,1.430032,8.174600,-79.197275,-3.020917,1,1,4,0.0000,0.0000,0.0000,0.5000,"LeadPursuit",0.805742
231,A0100,adaptive_eagle_v9,OBFM,15797.240684,26.930680,23.828831,47.030239,-25.439545,14794.519259,331.971065,19673.313717,-3.772132,-8393.130822,-169.346143,10.225721,False,False,True,False,False,False,False,1-circle,-1.000000,-722.742189,98.569968,99.979356,0.020644,1.430032,12.005074,-75.340099,-2.865171,1,0,4,0.0000,0.0000,0.0000,0.5000,"HeadOnBreak",-1.311531
231,B0100,L7_mid_level_aggressive,OBFM,15797.240684,26.930680,23.828831,47.030239,-25.439545,14794.519259,331.971065,19673.313717,-3.772132,-8393.130822,-169.346143,10.225721,False,False,True,False,False,False,False,1-circle,-1.000000,-722.742189,98.569968,99.979356,0.020644,1.430032,12.005074,-75.340099,-2.865171,1,2,4,0.0000,0.0000,0.0000,0.5000,"LeadPursuit",1.297294
232,A0100,adaptive_eagle_v9,OBFM,15851.910436,24.102376,25.846328,46.344550,-22.479251,14779.593700,331.343841,19639.969644,-166.720362,-8357.707789,-151.518588,18.878972,False,False,True,False,False,False,False,1-circle,-1.000000,-730.701239,98.569968,99.979356,0.020644,1.430032,5.402395,-81.919059,-2.719876,1,8,4,0.0000,0.0000,0.0000,0.5000,"HeadOnBreak",-1.553443
232,B0100,L7_mid_level_aggressive,OBFM,15851.910436,24.102376,25.846328,46.344550,-22.479251,14779.593700,331.343841,19639.969644,-166.720362,-8357.707789,-151.518588,18.878972,False,False,True,False,False,False,False,1-circle,-1.000000,-730.701239,98.569968,99.979356,0.020644,1.430032,5.402395,-81.919059,-2.719876,1,2,4,0.0000,0.0000,0.0000,0.5000,"LeadPursuit",1.662431
233,A0100,adaptive_eagle_v9,OBFM,15900.933532,21.296966,27.475281,44.704136,-19.304279,14764.720717,330.552367,19601.904643,-190.325008,-8423.011093,-137.693772,153.950814,False,False,True,False,False,False,False,1-circle,-1.000000,-739.404031,98.569968,99.979356,0.020644,1.430032,-6.100750,-93.394734,-3.111385,1,8,4,0.0000,0.0000,0.0000,0.5000,"HeadOnBreak",-1.373185
233,B0100,L7_mid_level_aggressive,OBFM,15900.933532,21.296966,27.475281,44.704136,-19.304279,14764.720717,330.552367,19601.904643,-190.325008,-8423.011093,-137.693772,153.950814,False,False,True,False,False,False,False,1-circle,-1.000000,-739.404031,98.569968,99.979356,0.020644,1.430032,-6.100750,-93.394734,-3.111385,1,2,4,0.0000,0.0000,0.0000,0.5000,"LeadPursuit",1.575875
234,A0100,adaptive_eagle_v9,OBFM,15946.780641,19.342830,28.003986,42.476299,-16.691842,14748.566824,330.601979,19587.202866,-73.508883,-8535.241622,-132.157275,153.964352,False,False,True,False,False,False,False,1-circle,-1.000000,-748.430797,98.569968,99.979356,0.020644,1.430032,-11.170339,-98.435142,-4.031782,1,8,4,0.0000,0.0000,0.0000,0.5000,"HeadOnBreak",-1.083310
234,B0100,L7_mid_level_aggressive,OBFM,15946.780641,19.342830,28.003986,42.476299,-16.691842,14748.566824,330.601979,19587.202866,-73.508883,-8535.241622,-132.157275,153.964352,False,False,True,False,False,False,False,1-circle,-1.000000,-748.430797,98.569968,99.979356,0.020644,1.430032,-11.170339,-98.435142,-4.031782,1,3,4,0.0000,0.0000,0.0000,0.5000,"LeadPursuit",1.313674
235,A0100,adaptive_eagle_v9,OBFM,15991.575895,18.051153,28.071397,40.498688,-14.755008,14730.725301,331.710505,19601.864142,73.306382,-8655.972785,-130.401902,153.508380,False,False,True,False,False,False,False,1-circle,-1.000000,-756.834232,98.569968,99.979356,0.020644,1.430032,-3.288249,-90.526005,-4.993914,1,0,4,0.0000,0.0000,0.0000,0.5000,"HeadOnBreak",-1.181677
235,B0100,L7_mid_level_aggressive,OBFM,15991.575895,18.051153,28.071397,40.498688,-14.755008,14730.725301,331.710505,19601.864142,73.306382,-8655.972785,-130.401902,153.508380,False,False,True,False,False,False,False,1-circle,-1.000000,-756.834232,98.569968,99.979356,0.020644,1.430032,-3.288249,-90.526005,-4.993914,1,3,4,0.0000,0.0000,0.0000,0.5000,"LeadPursuit",1.510785
236,A0100,adaptive_eagle_v9,OBFM,16035.539868,16.754360,28.316720,38.816283,-12.845710,14711.719693,332.847048,19616.295788,72.158227,-8732.148100,-127.183093,16.451371,False,False,True,False,False,False,False,1-circle,-1.000000,-764.699580,98.569968,99.979356,0.020644,1.430032,6.435895,-80.776652,-5.349916,1,0,4,0.0000,0.0000,0.0000,0.5000,"HeadOnBreak",-1.739378
236,B0100,L7_mid_level_aggressive,OBFM,16035.539868,16.754360,28.316720,38.816283,-12.845710,14711.719693,332.847048,19616.295788,72.158227,-8732.148100,-127.183093,16.451371,False,False,True,False,False,False,False,1-circle,-1.000000,-764.699580,98.569968,99.979356,0.020644,1.430032,6.435895,-80.776652,-5.349916,1,3,4,0.0000,0.0000,0.0000,0.5000,"LeadPursuit",2.357595
237,A0100,adaptive_eagle_v9,OBFM,16078.081616,15.015372,28.921808,37.158839,-10.464169,14692.307739,333.258378,19609.013399,-36.411946,-8769.946679,-121.181812,11.458271,False,False,True,False,False,False,False,1-circle,-1.000000,-772.153763,98.569968,99.979356,0.020644,1.430032,10.300789,-76.887819,-5.186185,1,0,4,0.0000,0.0000,0.0000,0.5000,"HeadOnBreak",-1.940628
237,B0100,L7_mid_level_aggressive,OBFM,16078.081616,15.015372,28.921808,37.158839,-10.464169,14692.307739,333.258378,19609.013399,-36.411946,-8769.946679,-121.181812,11.458271,False,False,True,False,False,False,False,1-circle,-1.000000,-772.153763,98.569968,99.979356,0.020644,1.430032,10.300789,-76.887819,-5.186185,1,4,4,0.0000,0.0000,0.0000,0.5000,"LeadPursuit",2.804329
238,A0100,adaptive_eagle_v9,OBFM,16117.594570,13.476333,30.601876,36.587833,-8.102262,14673.019784,333.369674,19593.009986,-80.017063,-8757.903507,-109.567098,10.874698,False,False,True,False,False,False,False,1-circle,-1.000000,-779.235875,98.569968,99.979356,0.020644,1.430032,10.954478,-76.210978,-4.583647,1,8,4,0.0000,0.0000,0.0000,0.5000,"HeadOnBreak",-1.461318
238,B0100,L7_mid_level_aggressive,OBFM,16117.594570,13.476333,30.601876,36.587833,-8.102262,14673.019784,333.369674,19593.009986,-80.017063,-8757.903507,-109.567098,10.874698,False,False,True,False,False,False,False,1-circle,-1.000000,-779.235875,98.569968,99.979356,0.020644,1.430032,10.954478,-76.210978,-4.583647,1,4,4,0.0000,0.0000,0.0000,0.5000,"LeadPursuit",2.190903
239,A0100,adaptive_eagle_v9,OBFM,16153.202135,12.560396,32.054140,36.332366,-6.537207,14653.804131,334.493962,19607.035612,70.128129,-8757.095370,-99.701972,5.908746,False,False,True,False,False,False,False,1-circle,-1.000000,-787.676593,98.569968,99.979356,0.020644,1.430032,21.380720,-65.755834,-3.543974,3,0,4,0.0000,0.0000,0.0000,0.5000,"LeadPursuit",-1.102087
239,B0100,L7_mid_level_aggressive,OBFM,16153.202135,12.560396,32.054140,36.332366,-6.537207,14653.804131,334.493962,19607.035612,70.128129,-8757.095370,-99.701972,5.908746,False,False,True,False,False,False,False,1-circle,-1.000000,-787.676593,98.569968,99.979356,0.020644,1.430032,21.380720,-65.755834,-3.543974,1,4,4,0.0000,0.0000,0.0000,0.5000,"LeadPursuit",1.666551
240,A0100,adaptive_eagle_v9,OBFM,16186.669179,11.969050,32.674218,35.832148,-5.541120,14634.774752,336.024858,19633.449417,132.069027,-8788.244198,-95.048781,3.295190,False,False,True,False,False,False,False,1-circle,-1.000000,-798.181622,98.569968,99.979356,0.020644,1.430032,35.906310,-51.193372,-2.359295,3,0,4,0.0000,0.0000,0.0000,0.5000,"LeadPursuit",-0.401535
240,B0100,L7_mid_level_aggressive,OBFM,16186.669179,11.969050,32.674218,35.832148,-5.541120,14634.774752,336.024858,19633.449417,132.069027,-8788.244198,-95.048781,3.295190,False,False,True,False,False,False,False,1-circle,-1.000000,-798.181622,98.569968,99.979356,0.020644,1.430032,35.906310,-51.193372,-2.359295,1,4,4,0.0000,0.0000,0.0000,0.5000,"LeadPursuit",0.638084
241,A0100,adaptive_eagle_v9,OBFM,16218.150777,11.829809,33.959194,36.596998,-5.152842,14615.930134,338.321081,19683.154995,248.527892,-8792.325700,-86.379218,1.971620,False,False,True,False,False,False,False,1-circle,-1.000000,-810.646863,98.569968,99.979356,0.020644,1.430032,50.233437,-36.821747,-3.293282,3,0,4,0.0000,0.0000,0.0000,0.5000,"LeadPursuit",0.148689
241,B0100,L7_mid_level_aggressive,OBFM,16218.150777,11.829809,33.959194,36.596998,-5.152842,14615.930134,338.321081,19683.154995,248.527892,-8792.325700,-86.379218,1.971620,False,False,True,False,False,False,False,1-circle,-1.000000,-810.646863,98.569968,99.979356,0.020644,1.430032,50.233437,-36.821747,-3.293282,1,4,4,0.0000,0.0000,0.0000,0.5000,"LeadPursuit",-0.181151
242,A0100,adaptive_eagle_v9,OBFM,16246.068137,12.022386,35.563375,38.107019,-5.150646,14596.668789,341.574217,19761.810274,393.276393,-8706.819405,-74.140315,1.131144,False,False,True,False,False,False,False,1-circle,-1.000000,-824.488835,98.569968,99.979356,0.020644,1.430032,63.573619,-23.431106,-5.585288,3,0,4,0.0000,0.0000,0.0000,0.5000,"LeadPursuit",1.270412
242,B0100,L7_mid_level_aggressive,OBFM,16246.068137,12.022386,35.563375,38.107019,-5.150646,14596.668789,341.574217,19761.810274,393.276393,-8706.819405,-74.140315,1.131144,False,False,True,False,False,False,False,1-circle,-1.000000,-824.488835,98.569968,99.979356,0.020644,1.430032,63.573619,-23.431106,-5.585288,1,4,4,0.0000,0.0000,0.0000,0.5000,"LeadPursuit",-1.862477
243,A0100,adaptive_eagle_v9,OBFM,16269.770394,13.132203,37.190825,40.022105,-5.533925,14576.009364,345.665420,19865.622728,519.062272,-8569.922216,-61.693628,0.391438,False,False,True,False,False,False,False,1-circle,-1.000000,-838.076221,98.569968,99.979356,0.020644,1.430032,78.330449,-8.623522,-8.437530,3,0,4,0.0000,0.0000,0.0000,0.5000,"LeadPursuit",1.721539
243,B0100,L7_mid_level_aggressive,OBFM,16269.770394,13.132203,37.190825,40.022105,-5.533925,14576.009364,345.665420,19865.622728,519.062272,-8569.922216,-61.693628,0.391438,False,False,True,False,False,False,False,1-circle,-1.000000,-838.076221,98.569968,99.979356,0.020644,1.430032,78.330449,-8.623522,-8.437530,1,4,4,0.0000,0.0000,0.0000,0.5000,"LeadPursuit",-2.496854
244,A0100,adaptive_eagle_v9,OBFM,16289.292098,14.858315,38.731290,41.854052,-5.854969,14551.575360,349.890396,19971.286012,528.316416,-8415.876718,-50.542130,0.539148,False,False,True,False,False,False,False,1-circle,-1.000000,-848.162625,98.569968,99.979356,0.020644,1.430032,98.843565,11.928962,-11.662613,1,0,4,0.0000,0.0000,0.0000,0.5000,"SmartHighYoYo",1.319679
244,B0100,L7_mid_level_aggressive,OBFM,16289.292098,14.858315,38.731290,41.854052,-5.854969,14551.575360,349.890396,19971.286012,528.316416,-8415.876718,-50.542130,0.539148,False,False,True,False,False,False,False,1-circle,-1.000000,-848.162625,98.569968,99.979356,0.020644,1.430032,98.843565,11.928962,-11.662613,1,4,4,0.0000,0.0000,0.0000,0.5000,"LeadPursuit",-1.851361
245,A0100,adaptive_eagle_v9,OBFM,16304.915878,16.365690,40.127032,43.381070,-5.839266,14522.487240,353.819437,20064.600950,466.574694,-8257.522220,-40.196365,1.380794,False,False,True,False,False,False,False,1-circle,-1.000000,-852.864196,98.569968,99.979356,0.020644,1.430032,115.557107,28.663584,-14.584015,1,0,4,0.0000,0.0000,0.0000,0.5000,"SmartHighYoYo",0.901315
245,B0100,L7_mid_level_aggressive,OBFM,16304.915878,16.365690,40.127032,43.381070,-5.839266,14522.487240,353.819437,20064.600950,466.574694,-8257.522220,-40.196365,1.380794,False,False,True,False,False,False,False,1-circle,-1.000000,-852.864196,98.569968,99.979356,0.020644,1.430032,115.557107,28.663584,-14.584015,1,4,4,0.0000,0.0000,0.0000,0.5000,"LeadPursuit",-1.212331
246,A0100,adaptive_eagle_v9,OBFM,16316.807537,17.420447,41.595744,45.170199,-5.843621,14489.796233,356.476048,20115.446974,254.230118,-8117.301596,-29.356561,1.581109,False,False,True,False,False,False,False,1-circle,-1.000000,-852.191403,98.569968,99.979356,0.020644,1.430032,119.109070,32.218292,-17.074849,1,0,4,0.0000,0.0000,0.0000,0.5000,"SmartHighYoYo",0.809562
246,B0100,L7_mid_level_aggressive,OBFM,16316.807537,17.420447,41.595744,45.170199,-5.843621,14489.796233,356.476048,20115.446974,254.230118,-8117.301596,-29.356561,1.581109,False,False,True,False,False,False,False,1-circle,-1.000000,-852.191403,98.569968,99.979356,0.020644,1.430032,119.109070,32.218292,-17.074849,1,4,4,0.0000,0.0000,0.0000,0.5000,"LeadPursuit",-1.041977
247,A0100,adaptive_eagle_v9,OBFM,16324.185483,18.358584,43.610536,47.485005,-5.936210,14454.278103,357.714870,20119.097219,18.251227,-7987.508808,-15.166936,1.398617,False,False,True,False,False,False,False,1-circle,-1.000000,-846.632301,98.569968,99.979356,0.020644,1.430032,116.110589,29.206127,-19.299492,1,0,4,0.0000,0.0000,0.0000,0.5000,"SmartHighYoYo",0.806778
247,B0100,L7_mid_level_aggressive,OBFM,16324.185483,18.358584,43.610536,47.485005,-5.936210,14454.278103,357.714870,20119.097219,18.251227,-7987.508808,-15.166936,1.398617,False,False,True,False,False,False,False,1-circle,-1.000000,-846.632301,98.569968,99.979356,0.020644,1.430032,116.110589,29.206127,-19.299492,1,4,4,0.0000,0.0000,0.0000,0.5000,"LeadPursuit",-1.017526
248,A0100,adaptive_eagle_v9,OBFM,16326.939030,19.346024,45.441393,49.284239,-6.030338,14416.292705,358.175315,20095.704537,-116.963411,-7947.852924,-3.752518,0.877192,False,False,True,False,False,False,False,1-circle,-1.000000,-838.705103,98.569968,99.979356,0.020644,1.430032,106.259108,19.333662,-20.712814,1,0,4,0.0000,0.0000,0.0000,0.5000,"SmartHighYoYo",0.600785
248,B0100,L7_mid_level_aggressive,OBFM,16326.939030,19.346024,45.441393,49.284239,-6.030338,14416.292705,358.175315,20095.704537,-116.963411,-7947.852924,-3.752518,0.877192,False,False,True,False,False,False,False,1-circle,-1.000000,-838.705103,98.569968,99.979356,0.020644,1.430032,106.259108,19.333662,-20.712814,1,4,4,0.0000,0.0000,0.0000,0.5000,"LeadPursuit",-0.735339
249,A0100,adaptive_eagle_v9,OBFM,16326.235486,20.075956,46.898485,50.847158,-6.294765,14375.924838,359.439751,20095.506545,-0.989958,-7925.525782,5.956292,0.390865,False,False,True,False,False,False,False,1-circle,-1.000000,-829.853234,98.569968,99.979356,0.020644,1.430032,95.858871,8.910093,-20.429748,1,0,4,0.0000,0.0000,0.0000,0.5000,"SmartHighYoYo",0.401416
249,B0100,L7_mid_level_aggressive,OBFM,16326.235486,20.075956,46.898485,50.847158,-6.294765,14375.924838,359.439751,20095.506545,-0.989958,-7925.525782,5.956292,0.390865,False,False,True,False,False,False,False,1-circle,-1.000000,-829.853234,98.569968,99.979356,0.020644,1.430032,95.858871,8.910093,-20.429748,1,4,4,0.0000,0.0000,0.0000,0.5000,"LeadPursuit",-0.466715
250,A0100,adaptive_eagle_v9,OBFM,16321.930194,20.526046,48.378130,52.581873,-6.634590,14334.038759,361.361739,20114.951223,97.223390,-7861.018972,17.667915,0.046383,False,False,True,False,False,False,False,1-circle,-1.000000,-820.506448,98.569968,99.979356,0.020644,1.430032,88.043532,1.070657,-19.055848,1,0,4,0.0000,0.0000,0.0000,0.5000,"SmartHighYoYo",0.116174
250,B0100,L7_mid_level_aggressive,OBFM,16321.930194,20.526046,48.378130,52.581873,-6.634590,14334.038759,361.361739,20114.951223,97.223390,-7861.018972,17.667915,0.046383,False,False,True,False,False,False,False,1-circle,-1.000000,-820.506448,98.569968,99.979356,0.020644,1.430032,88.043532,1.070657,-19.055848,1,4,4,0.0000,0.0000,0.0000,0.5000,"LeadPursuit",-0.103588
251,A0100,adaptive_eagle_v9,OBFM,16313.223297,20.541672,49.831630,54.435025,-7.012927,14291.621518,364.275536,20166.137232,255.930045,-7739.362571,31.820037,0.047434,False,False,True,False,False,False,False,1-circle,-1.000000,-810.810789,98.569968,99.979356,0.020644,1.430032,88.099755,1.102708,-14.504629,1,0,4,0.0000,0.0000,0.0000,0.5000,"SmartHighYoYo",-0.204701
251,B0100,L7_mid_level_aggressive,OBFM,16313.223297,20.541672,49.831630,54.435025,-7.012927,14291.621518,364.275536,20166.137232,255.930045,-7739.362571,31.820037,0.047434,False,False,True,False,False,False,False,1-circle,-1.000000,-810.810789,98.569968,99.979356,0.020644,1.430032,88.099755,1.102708,-14.504629,1,4,4,0.0000,0.0000,0.0000,0.5000,"LeadPursuit",0.298120
252,A0100,adaptive_eagle_v9,OBFM,16299.642632,20.053291,51.168081,56.336946,-7.435230,14249.643452,366.753285,20204.346156,191.044620,-7631.356379,46.225352,0.027369,False,False,True,False,False,False,False,1-circle,-1.000000,-800.759209,98.569968,99.979356,0.020644,1.430032,87.661308,0.640065,-12.624427,4,0,3,0.0000,0.0000,0.0000,0.5000,"SmartHighYoYo",-0.053862
252,B0100,L7_mid_level_aggressive,OBFM,16299.642632,20.053291,51.168081,56.336946,-7.435230,14249.643452,366.753285,20204.346156,191.044620,-7631.356379,46.225352,0.027369,False,False,True,False,False,False,False,1-circle,-1.000000,-800.759209,98.569968,99.979356,0.020644,1.430032,87.661308,0.640065,-12.624427,1,4,4,0.0000,0.0000,0.0000,0.5000,"LeadPursuit",0.105606
253,A0100,adaptive_eagle_v9,OBFM,16281.393210,19.789637,52.326955,58.212502,-7.893402,14209.227041,369.447107,20251.726198,236.900207,-7514.946094,58.980715,0.008232,False,False,True,False,False,False,False,1-circle,-1.000000,-790.440118,98.569968,99.979356,0.020644,1.430032,87.238973,0.193775,-13.209290,1,0,4,0.0000,0.0000,0.0000,0.5000,"SmartHighYoYo",0.111902
253,B0100,L7_mid_level_aggressive,OBFM,16281.393210,19.789637,52.326955,58.212502,-7.893402,14209.227041,369.447107,20251.726198,236.900207,-7514.946094,58.980715,0.008232,False,False,True,False,False,False,False,1-circle,-1.000000,-790.440118,98.569968,99.979356,0.020644,1.430032,87.238973,0.193775,-13.209290,1,4,4,0.0000,0.0000,0.0000,0.5000,"LeadPursuit",-0.101467
254,A0100,adaptive_eagle_v9,OBFM,16258.858443,19.746357,53.515789,60.300719,-8.409725,14169.014038,372.198179,20301.838664,250.562332,-7349.596303,72.099880,0.008798,False,False,True,False,False,False,False,1-circle,-1.000000,-777.321383,98.569968,99.979356,0.020644,1.430032,86.870030,-0.208464,-14.094227,1,0,4,0.0000,0.0000,0.0000,0.5000,"SmartHighYoYo",0.269255
254,B0100,L7_mid_level_aggressive,OBFM,16258.858443,19.746357,53.515789,60.300719,-8.409725,14169.014038,372.198179,20301.838664,250.562332,-7349.596303,72.099880,0.008798,False,False,True,False,False,False,False,1-circle,-1.000000,-777.321383,98.569968,99.979356,0.020644,1.430032,86.870030,-0.208464,-14.094227,1,4,4,0.0000,0.0000,0.0000,0.5000,"LeadPursuit",-0.280437
255,A0100,adaptive_eagle_v9,OBFM,16230.864681,19.904455,55.286981,62.932578,-8.952161,14129.259943,374.986913,20354.330529,262.459323,-7118.194274,90.439892,0.006459,False,False,True,False,False,False,False,1-circle,-1.000000,-760.866042,98.569968,99.979356,0.020644,1.430032,87.277156,0.154049,-14.922737,1,0,4,0.0000,0.0000,0.0000,0.5000,"SmartHighYoYo",0.369148
255,B0100,L7_mid_level_aggressive,OBFM,16230.864681,19.904455,55.286981,62.932578,-8.952161,14129.259943,374.986913,20354.330529,262.459323,-7118.194274,90.439892,0.006459,False,False,True,False,False,False,False,1-circle,-1.000000,-760.866042,98.569968,99.979356,0.020644,1.430032,87.277156,0.154049,-14.922737,1,4,4,0.0000,0.0000,0.0000,0.5000,"LeadPursuit",-0.404460
256,A0100,adaptive_eagle_v9,OBFM,16196.520923,20.212392,56.998696,65.269933,-9.556683,14088.741012,377.838510,20408.849002,272.592364,-6933.353319,107.588760,0.036099,False,False,True,False,False,False,False,1-circle,-1.000000,-741.656630,98.569968,99.979356,0.020644,1.430032,88.043584,0.866676,-15.634856,1,0,4,0.0000,0.0000,0.0000,0.5000,"SmartHighYoYo",0.273113
256,B0100,L7_mid_level_aggressive,OBFM,16196.520923,20.212392,56.998696,65.269933,-9.556683,14088.741012,377.838510,20408.849002,272.592364,-6933.353319,107.588760,0.036099,False,False,True,False,False,False,False,1-circle,-1.000000,-741.656630,98.569968,99.979356,0.020644,1.430032,88.043584,0.866676,-15.634856,1,4,4,0.0000,0.0000,0.0000,0.5000,"LeadPursuit",-0.293982
257,A0100,adaptive_eagle_v9,OBFM,16157.154002,20.390985,58.283085,67.149891,-10.150586,14048.162995,380.115496,20444.674818,179.129080,-6830.610646,120.379562,0.209398,False,False,True,False,False,False,False,1-circle,-1.000000,-722.011213,98.569968,99.979356,0.020644,1.430032,82.190756,-5.040819,-16.350247,1,0,4,0.0000,0.0000,0.0000,0.5000,"SmartHighYoYo",0.102270
257,B0100,L7_mid_level_aggressive,OBFM,16157.154002,20.390985,58.283085,67.149891,-10.150586,14048.162995,380.115496,20444.674818,179.129080,-6830.610646,120.379562,0.209398,False,False,True,False,False,False,False,1-circle,-1.000000,-722.011213,98.569968,99.979356,0.020644,1.430032,82.190756,-5.040819,-16.350247,1,3,4,0.0000,0.0000,0.0000,0.5000,"LeadPursuit",-0.075767
258,A0100,adaptive_eagle_v9,OBFM,16113.361746,20.287140,59.766746,69.188824,-10.636583,14007.679065,381.690655,20457.313704,63.194431,-6723.652499,135.484019,0.637952,False,False,True,False,False,False,False,1-circle,-1.000000,-701.673924,98.569968,99.979356,0.020644,1.430032,72.197764,-15.090556,-16.532908,1,0,4,0.0000,0.0000,0.0000,0.5000,"SmartHighYoYo",-0.333660
258,B0100,L7_mid_level_aggressive,OBFM,16113.361746,20.287140,59.766746,69.188824,-10.636583,14007.679065,381.690655,20457.313704,63.194431,-6723.652499,135.484019,0.637952,False,False,True,False,False,False,False,1-circle,-1.000000,-701.673924,98.569968,99.979356,0.020644,1.430032,72.197764,-15.090556,-16.532908,1,3,4,0.0000,0.0000,0.0000,0.5000,"LeadPursuit",0.459980
259,A0100,adaptive_eagle_v9,OBFM,16064.031912,19.530871,61.272852,70.712602,-10.657252,13968.796795,382.260674,20437.709653,-98.020254,-6671.626912,151.612192,1.519885,False,False,True,False,False,False,False,1-circle,-1.000000,-682.267950,98.569968,99.979356,0.020644,1.430032,54.600501,-32.740304,-15.297748,1,0,4,0.0000,0.0000,0.0000,0.5000,"SmartHighYoYo",-0.826019
259,B0100,L7_mid_level_aggressive,OBFM,16064.031912,19.530871,61.272852,70.712602,-10.657252,13968.796795,382.260674,20437.709653,-98.020254,-6671.626912,151.612192,1.519885,False,False,True,False,False,False,False,1-circle,-1.000000,-682.267950,98.569968,99.979356,0.020644,1.430032,54.600501,-32.740304,-15.297748,1,3,4,0.0000,0.0000,0.0000,0.5000,"LeadPursuit",1.086473
260,A0100,adaptive_eagle_v9,OBFM,16009.699037,18.196814,62.530787,71.248557,-9.881135,13932.414998,383.078540,20429.038581,-43.355362,-6638.889889,167.086911,3.061309,False,False,True,False,False,False,False,1-circle,-1.000000,-665.291332,98.569968,99.979356,0.020644,1.430032,35.014361,-52.368997,-11.521005,1,0,4,0.0000,0.0000,0.0000,0.5000,"SmartHighYoYo",-0.810519
260,B0100,L7_mid_level_aggressive,OBFM,16009.699037,18.196814,62.530787,71.248557,-9.881135,13932.414998,383.078540,20429.038581,-43.355362,-6638.889889,167.086911,3.061309,False,False,True,False,False,False,False,1-circle,-1.000000,-665.291332,98.569968,99.979356,0.020644,1.430032,35.014361,-52.368997,-11.521005,1,4,4,0.0000,0.0000,0.0000,0.5000,"LeadPursuit",1.116740
261,A0100,adaptive_eagle_v9,OBFM,15949.801601,17.062626,64.073885,71.821822,-8.800430,13898.361867,384.210042,20433.420394,21.909064,-6547.225683,185.382224,4.532283,False,False,True,False,False,False,False,1-circle,-1.000000,-649.910577,98.569968,99.979356,0.020644,1.430032,24.872042,-62.547092,-9.437376,4,0,3,0.0000,0.0000,0.0000,0.5000,"SmartHighYoYo",-0.115242
261,B0100,L7_mid_level_aggressive,OBFM,15949.801601,17.062626,64.073885,71.821822,-8.800430,13898.361867,384.210042,20433.420394,21.909064,-6547.225683,185.382224,4.532283,False,False,True,False,False,False,False,1-circle,-1.000000,-649.910577,98.569968,99.979356,0.020644,1.430032,24.872042,-62.547092,-9.437376,1,4,4,0.0000,0.0000,0.0000,0.5000,"LeadPursuit",0.212738
262,A0100,adaptive_eagle_v9,OBFM,15883.538682,16.796952,65.612246,73.163667,-8.607717,13865.140923,386.789026,20488.226174,274.028904,-6403.609237,203.113274,3.271076,False,False,True,False,False,False,False,1-circle,-1.000000,-634.743061,98.569968,99.979356,0.020644,1.430032,33.039655,-54.413663,-9.131006,1,0,4,0.0000,0.0000,0.0000,0.5000,"SmartHighYoYo",0.447856
262,B0100,L7_mid_level_aggressive,OBFM,15883.538682,16.796952,65.612246,73.163667,-8.607717,13865.140923,386.789026,20488.226174,274.028904,-6403.609237,203.113274,3.271076,False,False,True,False,False,False,False,1-circle,-1.000000,-634.743061,98.569968,99.979356,0.020644,1.430032,33.039655,-54.413663,-9.131006,1,4,4,0.0000,0.0000,0.0000,0.5000,"LeadPursuit",-0.543774
263,A0100,adaptive_eagle_v9,OBFM,15811.962810,17.197677,66.874000,74.954808,-9.149166,13831.576770,390.679043,20588.551410,501.626179,-6221.771824,218.045159,1.773736,False,False,True,False,False,False,False,1-circle,-1.000000,-619.180046,98.569968,99.979356,0.020644,1.430032,50.082640,-37.405765,-9.180042,1,0,4,0.0000,0.0000,0.0000,0.5000,"SmartHighYoYo",0.530835
263,B0100,L7_mid_level_aggressive,OBFM,15811.962810,17.197677,66.874000,74.954808,-9.149166,13831.576770,390.679043,20588.551410,501.626179,-6221.771824,218.045159,1.773736,False,False,True,False,False,False,False,1-circle,-1.000000,-619.180046,98.569968,99.979356,0.020644,1.430032,50.082640,-37.405765,-9.180042,1,4,4,0.0000,0.0000,0.0000,0.5000,"LeadPursuit",-0.630557
264,A0100,adaptive_eagle_v9,OBFM,15734.967312,17.702190,68.399916,77.183737,-9.813739,13797.101082,394.629567,20691.418920,514.337547,-5989.874728,235.692168,0.779596,False,False,True,False,False,False,False,1-circle,-1.000000,-601.966010,98.569968,99.979356,0.020644,1.430032,68.792791,-18.736740,-9.799648,1,0,4,0.0000,0.0000,0.0000,0.5000,"SmartHighYoYo",0.659497
264,B0100,L7_mid_level_aggressive,OBFM,15734.967312,17.702190,68.399916,77.183737,-9.813739,13797.101082,394.629567,20691.418920,514.337547,-5989.874728,235.692168,0.779596,False,False,True,False,False,False,False,1-circle,-1.000000,-601.966010,98.569968,99.979356,0.020644,1.430032,68.792791,-18.736740,-9.799648,1,4,4,0.0000,0.0000,0.0000,0.5000,"LeadPursuit",-0.781065
265,A0100,adaptive_eagle_v9,OBFM,15651.745872,18.422504,69.903575,79.408799,-10.585887,13761.421439,398.630781,20796.253250,524.171650,-5762.856220,252.593881,0.047985,False,False,True,False,False,False,False,1-circle,-1.000000,-582.894262,98.569968,99.979356,0.020644,1.430032,88.784704,1.207015,-10.544214,1,0,4,0.0000,0.0000,0.0000,0.5000,"SmartHighYoYo",0.465132
265,B0100,L7_mid_level_aggressive,OBFM,15651.745872,18.422504,69.903575,79.408799,-10.585887,13761.421439,398.630781,20796.253250,524.171650,-5762.856220,252.593881,0.047985,False,False,True,False,False,False,False,1-circle,-1.000000,-582.894262,98.569968,99.979356,0.020644,1.430032,88.784704,1.207015,-10.544214,1,3,4,0.0000,0.0000,0.0000,0.5000,"LeadPursuit",-0.531433
266,A0100,adaptive_eagle_v9,OBFM,15563.503546,18.860385,71.118612,81.431043,-11.407926,13724.663230,402.029585,20879.967150,418.569502,-5595.383935,266.607061,0.505878,False,False,True,False,False,False,False,1-circle,-1.000000,-562.634689,98.569968,99.979356,0.020644,1.430032,100.246662,12.616044,-10.922560,3,0,4,0.0000,0.0000,0.0000,0.5000,"LeadPursuit",0.201180
266,B0100,L7_mid_level_aggressive,OBFM,15563.503546,18.860385,71.118612,81.431043,-11.407926,13724.663230,402.029585,20879.967150,418.569502,-5595.383935,266.607061,0.505878,False,False,True,False,False,False,False,1-circle,-1.000000,-562.634689,98.569968,99.979356,0.020644,1.430032,100.246662,12.616044,-10.922560,1,3,4,0.0000,0.0000,0.0000,0.5000,"LeadPursuit",-0.198441
267,A0100,adaptive_eagle_v9,OBFM,15470.557424,18.828900,72.318890,83.638861,-12.319103,13688.669607,403.982488,20913.657717,168.452834,-5490.805458,280.298883,0.195541,False,False,True,False,False,False,False,1-circle,-1.000000,-542.335951,98.569968,99.979356,0.020644,1.430032,92.648766,4.965025,-10.825734,3,0,4,0.0000,0.0000,0.0000,0.5000,"LeadPursuit",-0.098684
267,B0100,L7_mid_level_aggressive,OBFM,15470.557424,18.828900,72.318890,83.638861,-12.319103,13688.669607,403.982488,20913.657717,168.452834,-5490.805458,280.298883,0.195541,False,False,True,False,False,False,False,1-circle,-1.000000,-542.335951,98.569968,99.979356,0.020644,1.430032,92.648766,4.965025,-10.825734,1,3,4,0.0000,0.0000,0.0000,0.5000,"LeadPursuit",0.167474
268,A0100,adaptive_eagle_v9,OBFM,15373.215777,18.311186,73.399711,85.569090,-12.964419,13655.470104,404.693259,20905.904025,-38.768461,-5441.025319,292.908722,0.499871,False,False,True,False,False,False,False,1-circle,-1.000000,-523.033370,98.569968,99.979356,0.020644,1.430032,75.196895,-12.535847,-10.720876,3,0,4,0.0000,0.0000,0.0000,0.5000,"LeadPursuit",-0.142394
268,B0100,L7_mid_level_aggressive,OBFM,15373.215777,18.311186,73.399711,85.569090,-12.964419,13655.470104,404.693259,20905.904025,-38.768461,-5441.025319,292.908722,0.499871,False,False,True,False,False,False,False,1-circle,-1.000000,-523.033370,98.569968,99.979356,0.020644,1.430032,75.196895,-12.535847,-10.720876,1,3,4,0.0000,0.0000,0.0000,0.5000,"LeadPursuit",0.228727
269,A0100,adaptive_eagle_v9,OBFM,15271.608867,17.813232,74.577920,87.213055,-13.174847,13625.350612,405.522195,20905.517183,-1.934208,-5340.593588,306.827148,1.494860,False,False,True,False,False,False,False,1-circle,-1.000000,-503.886244,98.569968,99.979356,0.020644,1.430032,54.119083,-33.662266,-10.656869,3,0,4,0.0000,0.0000,0.0000,0.5000,"LeadPursuit",-0.158368
269,B0100,L7_mid_level_aggressive,OBFM,15271.608867,17.813232,74.577920,87.213055,-13.174847,13625.350612,405.522195,20905.517183,-1.934208,-5340.593588,306.827148,1.494860,False,False,True,False,False,False,False,1-circle,-1.000000,-503.886244,98.569968,99.979356,0.020644,1.430032,54.119083,-33.662266,-10.656869,1,3,4,0.0000,0.0000,0.0000,0.5000,"LeadPursuit",0.276637
270,A0100,adaptive_eagle_v9,OBFM,15164.251907,17.351339,76.337045,89.025558,-13.047043,13597.134407,406.369070,20907.739892,11.113544,-5179.441262,326.724201,3.206108,False,False,True,False,False,False,False,1-circle,-1.000000,-483.097960,98.569968,99.979356,0.020644,1.430032,32.790818,-55.046740,-10.608202,3,0,4,0.0000,0.0000,0.0000,0.5000,"LeadPursuit",-0.262566
270,B0100,L7_mid_level_aggressive,OBFM,15164.251907,17.351339,76.337045,89.025558,-13.047043,13597.134407,406.369070,20907.739892,11.113544,-5179.441262,326.724201,3.206108,False,False,True,False,False,False,False,1-circle,-1.000000,-483.097960,98.569968,99.979356,0.020644,1.430032,32.790818,-55.046740,-10.608202,1,3,4,0.0000,0.0000,0.0000,0.5000,"LeadPursuit",0.403261
271,A0100,adaptive_eagle_v9,OBFM,15050.293393,16.847843,77.910489,90.094260,-12.538196,13569.708152,406.885931,20898.922202,-44.088450,-5090.367063,344.269109,9.165336,False,False,True,False,False,False,False,2-circle,-1.000000,-461.571713,98.569968,99.979356,0.020644,1.430032,11.626619,-76.271114,-10.182452,3,0,4,0.0000,0.0000,0.0000,0.5000,"LeadPursuit",-0.504597
271,B0100,L7_mid_level_aggressive,OBFM,15050.293393,16.847843,77.910489,90.094260,-12.538196,13569.708152,406.885931,20898.922202,-44.088450,-5090.367063,344.269109,9.165336,False,False,True,False,False,False,False,2-circle,-1.000000,-461.571713,98.569968,99.979356,0.020644,1.430032,11.626619,-76.271114,-10.182452,1,3,4,0.0000,0.0000,0.0000,0.5000,"LeadPursuit",0.703678
272,A0100,adaptive_eagle_v9,OBFM,14931.140285,16.144272,79.057294,90.168812,-11.471536,13542.159999,407.963555,20910.247830,56.628142,-5036.096841,358.409083,25.928543,False,False,True,False,False,False,False,2-circle,-1.000000,-440.006204,98.569968,99.979356,0.020644,1.430032,2.884546,-85.074783,-8.971315,3,0,4,0.0000,0.0000,0.0000,0.5000,"LeadPursuit",-0.362076
272,B0100,L7_mid_level_aggressive,OBFM,14931.140285,16.144272,79.057294,90.168812,-11.471536,13542.159999,407.963555,20910.247830,56.628142,-5036.096841,358.409083,25.928543,False,False,True,False,False,False,False,2-circle,-1.000000,-440.006204,98.569968,99.979356,0.020644,1.430032,2.884546,-85.074783,-8.971315,1,4,4,0.0000,0.0000,0.0000,0.5000,"LeadPursuit",0.532328
273,A0100,adaptive_eagle_v9,OBFM,14807.164847,15.623303,80.214422,90.516002,-10.623839,13513.981451,409.721117,20945.691453,177.218113,-4938.181673,372.998580,7.907565,False,False,True,False,False,False,False,2-circle,-1.000000,-417.505042,98.569968,99.979356,0.020644,1.430032,13.749341,-74.277536,-8.128233,3,0,4,0.0000,0.0000,0.0000,0.5000,"LeadPursuit",0.080407
273,B0100,L7_mid_level_aggressive,OBFM,14807.164847,15.623303,80.214422,90.516002,-10.623839,13513.981451,409.721117,20945.691453,177.218113,-4938.181673,372.998580,7.907565,False,False,True,False,False,False,False,2-circle,-1.000000,-417.505042,98.569968,99.979356,0.020644,1.430032,13.749341,-74.277536,-8.128233,1,4,4,0.0000,0.0000,0.0000,0.5000,"LeadPursuit",-0.047422
274,A0100,adaptive_eagle_v9,OBFM,14678.205010,15.569199,81.351302,91.703558,-10.589015,13485.361697,412.802697,21029.282327,417.954369,-4759.896624,387.823010,3.267809,False,False,True,False,False,False,False,2-circle,-1.000000,-393.344824,98.569968,99.979356,0.020644,1.430032,32.187223,-55.916909,-7.933853,3,0,4,0.0000,0.0000,0.0000,0.5000,"LeadPursuit",0.245450
274,B0100,L7_mid_level_aggressive,OBFM,14678.205010,15.569199,81.351302,91.703558,-10.589015,13485.361697,412.802697,21029.282327,417.954369,-4759.896624,387.823010,3.267809,False,False,True,False,False,False,False,2-circle,-1.000000,-393.344824,98.569968,99.979356,0.020644,1.430032,32.187223,-55.916909,-7.933853,1,4,4,0.0000,0.0000,0.0000,0.5000,"LeadPursuit",-0.253556
275,A0100,adaptive_eagle_v9,OBFM,14544.074386,15.667025,82.656659,93.433588,-10.873768,13456.601297,416.124102,21122.406875,465.622742,-4527.473222,404.382197,1.592112,False,False,True,False,False,False,False,2-circle,-1.000000,-366.767123,98.569968,99.979356,0.020644,1.430032,52.241814,-35.953594,-7.889568,3,0,4,0.0000,0.0000,0.0000,0.5000,"LeadPursuit",0.589326
275,B0100,L7_mid_level_aggressive,OBFM,14544.074386,15.667025,82.656659,93.433588,-10.873768,13456.601297,416.124102,21122.406875,465.622742,-4527.473222,404.382197,1.592112,False,False,True,False,False,False,False,2-circle,-1.000000,-366.767123,98.569968,99.979356,0.020644,1.430032,52.241814,-35.953594,-7.889568,1,4,4,0.0000,0.0000,0.0000,0.5000,"LeadPursuit",-0.666552
276,A0100,adaptive_eagle_v9,OBFM,14403.438994,16.182773,84.508268,96.030673,-11.552460,13427.457373,419.735716,21226.906119,522.496220,-4217.229114,425.882295,0.558161,False,False,True,False,False,False,False,2-circle,-1.000000,-337.205297,98.569968,99.979356,0.020644,1.430032,73.930050,-14.374341,-8.368902,3,0,4,0.0000,0.0000,0.0000,0.5000,"LeadPursuit",0.600530
276,B0100,L7_mid_level_aggressive,OBFM,14403.438994,16.182773,84.508268,96.030673,-11.552460,13427.457373,419.735716,21226.906119,522.496220,-4217.229114,425.882295,0.558161,False,False,True,False,False,False,False,2-circle,-1.000000,-337.205297,98.569968,99.979356,0.020644,1.430032,73.930050,-14.374341,-8.368902,1,3,4,0.0000,0.0000,0.0000,0.5000,"LeadPursuit",-0.683270
277,A0100,adaptive_eagle_v9,OBFM,14256.090652,16.760167,86.024487,98.219076,-12.315013,13397.600567,422.410591,21296.774108,349.339945,-4019.842412,442.581987,0.052263,False,False,True,False,False,False,False,2-circle,-1.000000,-306.568821,98.569968,99.979356,0.020644,1.430032,87.040196,-1.382432,-10.331643,2,0,4,0.0000,0.0000,0.0000,0.5000,"LeadPursuit",0.468398
277,B0100,L7_mid_level_aggressive,OBFM,14256.090652,16.760167,86.024487,98.219076,-12.315013,13397.600567,422.410591,21296.774108,349.339945,-4019.842412,442.581987,0.052263,False,False,True,False,False,False,False,2-circle,-1.000000,-306.568821,98.569968,99.979356,0.020644,1.430032,87.040196,-1.382432,-10.331643,2,3,4,0.0000,0.0000,0.0000,0.5000,"LeadPursuit",-0.526341
278,A0100,adaptive_eagle_v9,OBFM,14104.311277,17.194120,87.099847,99.947337,-13.055619,13367.372059,423.523136,21308.210069,57.179806,-3957.923420,453.359537,0.276573,False,False,True,False,False,False,False,2-circle,-1.000000,-276.671601,98.569968,99.979356,0.020644,1.430032,81.248889,-7.292847,-12.693902,2,0,4,0.0000,0.0000,0.0000,0.5000,"LeadPursuit",0.021504
278,B0100,L7_mid_level_aggressive,OBFM,14104.311277,17.194120,87.099847,99.947337,-13.055619,13367.372059,423.523136,21308.210069,57.179806,-3957.923420,453.359537,0.276573,False,False,True,False,False,False,False,2-circle,-1.000000,-276.671601,98.569968,99.979356,0.020644,1.430032,81.248889,-7.292847,-12.693902,2,3,4,0.0000,0.0000,0.0000,0.5000,"LeadPursuit",0.034084
279,A0100,adaptive_eagle_v9,OBFM,13948.990485,16.929766,88.229885,101.503581,-13.492163,13338.398522,423.413294,21275.118134,-165.459678,-3948.335677,465.200345,0.892904,False,False,True,False,False,False,False,2-circle,-1.000000,-248.755940,98.569968,99.979356,0.020644,1.430032,66.219549,-22.435861,-10.440155,2,0,4,0.0000,0.0000,0.0000,0.5000,"LeadPursuit",-0.666288
279,B0100,L7_mid_level_aggressive,OBFM,13948.990485,16.929766,88.229885,101.503581,-13.492163,13338.398522,423.413294,21275.118134,-165.459678,-3948.335677,465.200345,0.892904,False,False,True,False,False,False,False,2-circle,-1.000000,-248.755940,98.569968,99.979356,0.020644,1.430032,66.219549,-22.435861,-10.440155,2,3,4,0.0000,0.0000,0.0000,0.5000,"LeadPursuit",0.900727
280,A0100,adaptive_eagle_v9,OBFM,13789.236360,15.666542,89.393570,102.348063,-13.098232,13313.133483,423.427319,21250.378863,-123.696356,-3915.876660,479.995462,1.848598,False,False,True,False,False,False,False,2-circle,-1.000000,-224.466861,98.569968,99.979356,0.020644,1.430032,48.237850,-40.516492,-5.692049,2,0,4,0.0000,0.0000,0.0000,0.5000,"LeadPursuit",-0.968851
280,B0100,L7_mid_level_aggressive,OBFM,13789.236360,15.666542,89.393570,102.348063,-13.098232,13313.133483,423.427319,21250.378863,-123.696356,-3915.876660,479.995462,1.848598,False,False,True,False,False,False,False,2-circle,-1.000000,-224.466861,98.569968,99.979356,0.020644,1.430032,48.237850,-40.516492,-5.692049,2,3,4,0.0000,0.0000,0.0000,0.5000,"LeadPursuit",1.172707
281,A0100,adaptive_eagle_v9,OBFM,13624.174679,14.113476,90.797637,102.895606,-12.149122,13292.330139,423.643622,21237.686904,-63.459792,-3836.899085,497.852625,2.477657,False,False,True,False,False,False,False,2-circle,-1.000000,-203.586134,98.569968,99.979356,0.020644,1.430032,39.956220,-48.882630,-2.378660,2,0,4,0.0000,0.0000,0.0000,0.5000,"LeadPursuit",-0.688155
281,B0100,L7_mid_level_aggressive,OBFM,13624.174679,14.113476,90.797637,102.895606,-12.149122,13292.330139,423.643622,21237.686904,-63.459792,-3836.899085,497.852625,2.477657,False,False,True,False,False,False,False,2-circle,-1.000000,-203.586134,98.569968,99.979356,0.020644,1.430032,39.956220,-48.882630,-2.378660,2,4,4,0.0000,0.0000,0.0000,0.5000,"LeadPursuit",0.642139
282,A0100,adaptive_eagle_v9,OBFM,13452.264799,12.996433,92.699603,104.208715,-11.539604,13275.145677,424.592255,21256.125140,92.191177,-3672.614980,520.265656,1.880569,False,False,True,False,False,False,False,2-circle,-1.000000,-185.268813,98.569968,99.979356,0.020644,1.430032,47.850555,-41.062139,0.396066,2,0,4,0.0000,0.0000,0.0000,0.5000,"LeadPursuit",-0.195351
282,B0100,L7_mid_level_aggressive,OBFM,13452.264799,12.996433,92.699603,104.208715,-11.539604,13275.145677,424.592255,21256.125140,92.191177,-3672.614980,520.265656,1.880569,False,False,True,False,False,False,False,2-circle,-1.000000,-185.268813,98.569968,99.979356,0.020644,1.430032,47.850555,-41.062139,0.396066,2,4,4,0.0000,0.0000,0.0000,0.5000,"LeadPursuit",0.064063
283,A0100,adaptive_eagle_v9,OBFM,13273.560616,12.547795,94.115386,105.538955,-11.506377,13261.100946,426.143241,21300.494080,221.844702,-3544.970637,536.983692,1.137635,False,False,True,False,False,False,False,2-circle,-1.000000,-171.374098,98.569968,99.979356,0.020644,1.430032,61.095852,-27.867874,2.169866,2,0,4,0.0000,0.0000,0.0000,0.5000,"LeadPursuit",0.101572
283,B0100,L7_mid_level_aggressive,OBFM,13273.560616,12.547795,94.115386,105.538955,-11.506377,13261.100946,426.143241,21300.494080,221.844702,-3544.970637,536.983692,1.137635,False,False,True,False,False,False,False,2-circle,-1.000000,-171.374098,98.569968,99.979356,0.020644,1.430032,61.095852,-27.867874,2.169866,2,4,4,0.0000,0.0000,0.0000,0.5000,"LeadPursuit",-0.276817
284,A0100,adaptive_eagle_v9,OBFM,13090.299091,12.468635,95.088651,106.813905,-11.833297,13249.744611,427.719675,21348.728100,241.170100,-3482.956316,548.631225,0.604995,False,False,True,False,False,False,False,2-circle,-1.000000,-162.621657,98.569968,99.979356,0.020644,1.430032,73.229531,-15.755890,1.944324,2,0,4,0.0000,0.0000,0.0000,0.5000,"LeadPursuit",0.391969
284,B0100,L7_mid_level_aggressive,OBFM,13090.299091,12.468635,95.088651,106.813905,-11.833297,13249.744611,427.719675,21348.728100,241.170100,-3482.956316,548.631225,0.604995,False,False,True,False,False,False,False,2-circle,-1.000000,-162.621657,98.569968,99.979356,0.020644,1.430032,73.229531,-15.755890,1.944324,2,4,4,0.0000,0.0000,0.0000,0.5000,"LeadPursuit",-0.686741
285,A0100,adaptive_eagle_v9,OBFM,12903.244761,12.745318,96.167087,108.471236,-12.408744,13241.693145,429.090467,21392.672462,219.721809,-3424.278874,560.415241,0.330727,False,False,True,False,False,False,False,2-circle,-1.000000,-159.214064,98.569968,99.979356,0.020644,1.430032,80.180324,-8.793320,1.288982,2,0,4,0.0000,0.0000,0.0000,0.5000,"LeadPursuit",0.682252
285,B0100,L7_mid_level_aggressive,OBFM,12903.244761,12.745318,96.167087,108.471236,-12.408744,13241.693145,429.090467,21392.672462,219.721809,-3424.278874,560.415241,0.330727,False,False,True,False,False,False,False,2-circle,-1.000000,-159.214064,98.569968,99.979356,0.020644,1.430032,80.180324,-8.793320,1.288982,2,4,4,0.0000,0.0000,0.0000,0.5000,"LeadPursuit",-1.080207
286,A0100,adaptive_eagle_v9,OBFM,12712.192834,13.451728,97.330697,110.477691,-13.244299,13235.986041,430.671002,21447.123438,272.254885,-3345.205856,572.360089,0.060426,False,False,True,False,False,False,False,2-circle,-1.000000,-159.504184,98.569968,99.979356,0.020644,1.430032,87.311392,-1.624457,0.274622,2,0,4,0.0000,0.0000,0.0000,0.5000,"LeadPursuit",0.751354
286,B0100,L7_mid_level_aggressive,OBFM,12712.192834,13.451728,97.330697,110.477691,-13.244299,13235.986041,430.671002,21447.123438,272.254885,-3345.205856,572.360089,0.060426,False,False,True,False,False,False,False,2-circle,-1.000000,-159.504184,98.569968,99.979356,0.020644,1.430032,87.311392,-1.624457,0.274622,2,3,4,0.0000,0.0000,0.0000,0.5000,"LeadPursuit",-1.148038
287,A0100,adaptive_eagle_v9,OBFM,12517.307331,14.292603,98.478113,112.596038,-14.188199,13231.868804,431.617054,21479.120531,159.985463,-3288.667924,583.010589,0.049672,False,False,True,False,False,False,False,2-circle,-1.000000,-161.825550,98.569968,99.979356,0.020644,1.430032,87.542475,-1.338191,-0.195464,2,0,4,0.0000,0.0000,0.0000,0.5000,"LeadPursuit",0.628319
287,B0100,L7_mid_level_aggressive,OBFM,12517.307331,14.292603,98.478113,112.596038,-14.188199,13231.868804,431.617054,21479.120531,159.985463,-3288.667924,583.010589,0.049672,False,False,True,False,False,False,False,2-circle,-1.000000,-161.825550,98.569968,99.979356,0.020644,1.430032,87.542475,-1.338191,-0.195464,2,3,4,0.0000,0.0000,0.0000,0.5000,"LeadPursuit",-0.955818
288,A0100,adaptive_eagle_v9,OBFM,12319.197157,14.972819,99.538272,114.476288,-14.959984,13230.544039,431.356099,21467.826230,-56.471507,-3292.426793,591.697320,0.544283,False,False,True,False,False,False,False,2-circle,-1.000000,-166.342732,98.569968,99.979356,0.020644,1.430032,74.455538,-14.349403,-0.163524,2,0,4,0.0000,0.0000,0.0000,0.5000,"LeadPursuit",0.412532
288,B0100,L7_mid_level_aggressive,OBFM,12319.197157,14.972819,99.538272,114.476288,-14.959984,13230.544039,431.356099,21467.826230,-56.471507,-3292.426793,591.697320,0.544283,False,False,True,False,False,False,False,2-circle,-1.000000,-166.342732,98.569968,99.979356,0.020644,1.430032,74.455538,-14.349403,-0.163524,2,3,4,0.0000,0.0000,0.0000,0.5000,"LeadPursuit",-0.694658
289,A0100,adaptive_eagle_v9,HABFM,12118.054628,15.373515,100.758334,116.131573,-15.373616,13232.476324,430.988807,21455.736688,-60.447708,-3265.349378,602.297724,1.420973,False,False,True,False,False,False,False,2-circle,-1.000000,-172.352557,98.569968,99.979356,0.020644,1.430032,54.994766,-33.716757,-0.020222,2,0,4,0.0000,0.0000,0.0000,0.5000,"LeadPursuit",0.226130
289,B0100,L7_mid_level_aggressive,HABFM,12118.054628,15.373515,100.758334,116.131573,-15.373616,13232.476324,430.988807,21455.736688,-60.447708,-3265.349378,602.297724,1.420973,False,False,True,False,False,False,False,2-circle,-1.000000,-172.352557,98.569968,99.979356,0.020644,1.430032,54.994766,-33.716757,-0.020222,2,3,4,0.0000,0.0000,0.0000,0.5000,"LeadPursuit",-0.539342
290,A0100,adaptive_eagle_v9,HABFM,11912.274092,15.488329,102.559438,118.029758,-15.475083,13236.557794,430.732150,21450.027052,-28.548182,-3170.372115,619.054171,2.993990,False,False,True,False,False,False,False,2-circle,-1.000000,-178.249480,98.569968,99.979356,0.020644,1.430032,34.044786,-54.565889,0.276085,2,0,4,0.0000,0.0000,0.0000,0.5000,"LeadPursuit",-0.124495
290,B0100,L7_mid_level_aggressive,HABFM,11912.274092,15.488329,102.559438,118.029758,-15.475083,13236.557794,430.732150,21450.027052,-28.548182,-3170.372115,619.054171,2.993990,False,False,True,False,False,False,False,2-circle,-1.000000,-178.249480,98.569968,99.979356,0.020644,1.430032,34.044786,-54.565889,0.276085,2,3,4,0.0000,0.0000,0.0000,0.5000,"LeadPursuit",-0.053676
291,A0100,adaptive_eagle_v9,HABFM,11700.930890,15.132410,104.051527,119.161374,-15.112183,13241.661356,430.204461,21435.018319,-75.043665,-3143.037585,633.634590,8.397560,False,False,True,False,False,False,False,2-circle,-1.000000,-184.900429,98.569968,99.979356,0.020644,1.430032,12.744663,-75.749772,1.104372,2,0,4,0.0000,0.0000,0.0000,0.5000,"LeadPursuit",-0.887499
291,B0100,L7_mid_level_aggressive,HABFM,11700.930890,15.132410,104.051527,119.161374,-15.112183,13241.661356,430.204461,21435.018319,-75.043665,-3143.037585,633.634590,8.397560,False,False,True,False,False,False,False,2-circle,-1.000000,-184.900429,98.569968,99.979356,0.020644,1.430032,12.744663,-75.749772,1.104372,2,3,4,0.0000,0.0000,0.0000,0.5000,"LeadPursuit",0.997926
292,A0100,adaptive_eagle_v9,HABFM,11485.225733,13.795268,105.033660,118.822152,-13.787578,13246.795445,429.637546,21418.572552,-82.228836,-3182.879362,645.570995,122.329929,False,False,True,False,False,False,False,2-circle,-1.000000,-192.680332,98.569968,99.979356,0.020644,1.430032,-8.778305,-97.136233,1.696204,2,0,4,0.0000,0.0000,0.0000,0.5000,"LeadPursuit",-1.186945
292,B0100,L7_mid_level_aggressive,HABFM,11485.225733,13.795268,105.033660,118.822152,-13.787578,13246.795445,429.637546,21418.572552,-82.228836,-3182.879362,645.570995,122.329929,False,False,True,False,False,False,False,2-circle,-1.000000,-192.680332,98.569968,99.979356,0.020644,1.430032,-8.778305,-97.136233,1.696204,2,3,4,0.0000,0.0000,0.0000,0.5000,"LeadPursuit",1.448438
293,A0100,adaptive_eagle_v9,HABFM,11265.467065,12.312748,106.019454,118.316942,-12.305718,13249.977934,429.415914,21413.326280,-26.231360,-3202.301352,657.861263,122.384834,False,False,True,False,False,False,False,2-circle,-1.000000,-199.126120,98.569968,99.979356,0.020644,1.430032,-19.599571,-107.820316,0.740893,2,0,4,0.0000,0.0000,0.0000,0.5000,"LeadPursuit",-0.808400
293,B0100,L7_mid_level_aggressive,HABFM,11265.467065,12.312748,106.019454,118.316942,-12.305718,13249.977934,429.415914,21413.326280,-26.231360,-3202.301352,657.861263,122.384834,False,False,True,False,False,False,False,2-circle,-1.000000,-199.126120,98.569968,99.979356,0.020644,1.430032,-19.599571,-107.820316,0.740893,2,4,4,0.0000,0.0000,0.0000,0.5000,"LeadPursuit",0.981645
294,A0100,adaptive_eagle_v9,HABFM,11041.493596,11.434135,107.047898,118.390046,-11.359236,13250.309200,429.957985,21434.280477,104.770985,-3167.150117,669.891462,122.237399,False,False,True,False,False,False,False,2-circle,-1.000000,-202.443296,98.569968,99.979356,0.020644,1.430032,-10.830226,-98.929968,-0.019707,2,0,4,0.0000,0.0000,0.0000,0.5000,"LeadPursuit",-0.008806
294,B0100,L7_mid_level_aggressive,HABFM,11041.493596,11.434135,107.047898,118.390046,-11.359236,13250.309200,429.957985,21434.280477,104.770985,-3167.150117,669.891462,122.237399,False,False,True,False,False,False,False,2-circle,-1.000000,-202.443296,98.569968,99.979356,0.020644,1.430032,-10.830226,-98.929968,-0.019707,2,4,4,0.0000,0.0000,0.0000,0.5000,"LeadPursuit",-0.147737
295,A0100,adaptive_eagle_v9,HABFM,10813.229594,11.397156,108.306191,119.571203,-11.271084,13248.897939,432.034421,21512.107320,389.134216,-3010.898766,683.945536,13.836001,False,False,True,False,False,False,False,2-circle,-1.000000,-202.681764,98.569968,99.979356,0.020644,1.430032,6.723895,-81.272752,0.292417,2,0,4,0.0000,0.0000,0.0000,0.5000,"LeadPursuit",0.268404
295,B0100,L7_mid_level_aggressive,HABFM,10813.229594,11.397156,108.306191,119.571203,-11.271084,13248.897939,432.034421,21512.107320,389.134216,-3010.898766,683.945536,13.836001,False,False,True,False,False,False,False,2-circle,-1.000000,-202.681764,98.569968,99.979356,0.020644,1.430032,6.723895,-81.272752,0.292417,2,4,4,0.0000,0.0000,0.0000,0.5000,"LeadPursuit",-0.598320
296,A0100,adaptive_eagle_v9,HABFM,10579.328047,11.570682,110.110442,121.541309,-11.429945,13246.811769,434.428812,21601.866508,448.795940,-2780.136605,702.586388,3.917614,False,False,True,False,False,False,False,2-circle,-1.000000,-200.696179,98.569968,99.979356,0.020644,1.430032,26.244274,-61.660996,0.655319,2,0,4,0.0000,0.0000,0.0000,0.5000,"LeadPursuit",0.504306
296,B0100,L7_mid_level_aggressive,HABFM,10579.328047,11.570682,110.110442,121.541309,-11.429945,13246.811769,434.428812,21601.866508,448.795940,-2780.136605,702.586388,3.917614,False,False,True,False,False,False,False,2-circle,-1.000000,-200.696179,98.569968,99.979356,0.020644,1.430032,26.244274,-61.660996,0.655319,2,4,4,0.0000,0.0000,0.0000,0.5000,"LeadPursuit",-0.862196
297,A0100,adaptive_eagle_v9,HABFM,10339.620891,12.016123,111.472450,123.344807,-11.889660,13244.714540,436.891038,21694.746071,464.397813,-2606.467782,716.827109,1.848510,False,False,True,False,False,False,False,2-circle,-1.000000,-199.364406,98.569968,99.979356,0.020644,1.430032,46.461738,-41.334095,1.123103,2,0,4,0.0000,0.0000,0.0000,0.5000,"LeadPursuit",0.794064
297,B0100,L7_mid_level_aggressive,HABFM,10339.620891,12.016123,111.472450,123.344807,-11.889660,13244.714540,436.891038,21694.746071,464.397813,-2606.467782,716.827109,1.848510,False,False,True,False,False,False,False,2-circle,-1.000000,-199.364406,98.569968,99.979356,0.020644,1.430032,46.461738,-41.334095,1.123103,2,4,4,0.0000,0.0000,0.0000,0.5000,"LeadPursuit",-1.182184
298,A0100,adaptive_eagle_v9,HABFM,10096.093199,12.896104,112.321720,125.052169,-12.770081,13242.741065,439.580522,21797.128939,511.914343,-2489.478091,726.056213,0.737049,False,False,True,False,False,False,False,2-circle,-1.000000,-200.092964,98.569968,99.979356,0.020644,1.430032,68.217704,-19.430456,0.990177,2,0,4,0.0000,0.0000,0.0000,0.5000,"LeadPursuit",0.931794
298,B0100,L7_mid_level_aggressive,HABFM,10096.093199,12.896104,112.321720,125.052169,-12.770081,13242.741065,439.580522,21797.128939,511.914343,-2489.478091,726.056213,0.737049,False,False,True,False,False,False,False,2-circle,-1.000000,-200.092964,98.569968,99.979356,0.020644,1.430032,68.217704,-19.430456,0.990177,2,4,4,0.0000,0.0000,0.0000,0.5000,"LeadPursuit",-1.342505
299,A0100,adaptive_eagle_v9,HABFM,9849.669212,14.043953,113.213706,127.040781,-13.892482,13240.408867,442.106305,21893.384395,481.277280,-2373.725985,734.662777,0.132181,False,False,True,False,False,False,False,2-circle,-1.000000,-201.965856,98.569968,99.979356,0.020644,1.430032,91.105111,3.639437,0.209537,2,0,4,0.0000,0.0000,0.0000,0.5000,"LeadPursuit",0.979220
299,B0100,L7_mid_level_aggressive,HABFM,9849.669212,14.043953,113.213706,127.040781,-13.892482,13240.408867,442.106305,21893.384395,481.277280,-2373.725985,734.662777,0.132181,False,False,True,False,False,False,False,2-circle,-1.000000,-201.965856,98.569968,99.979356,0.020644,1.430032,91.105111,3.639437,0.209537,2,3,4,0.0000,0.0000,0.0000,0.5000,"LeadPursuit",-1.370589
300,A0100,adaptive_eagle_v9,HABFM,9600.410534,15.305427,114.150803,129.234422,-15.157530,13237.443972,444.165942,21971.230381,389.229928,-2262.715433,742.452727,0.592741,False,False,True,False,False,False,False,2-circle,-1.000000,-203.947526,98.569968,99.979356,0.020644,1.430032,103.240499,15.985847,-0.071092,2,0,3,0.0000,0.0000,0.0000,0.5000,"LeadPursuit",1.051400
300,B0100,L7_mid_level_aggressive,HABFM,9600.410534,15.305427,114.150803,129.234422,-15.157530,13237.443972,444.165942,21971.230381,389.229928,-2262.715433,742.452727,0.592741,False,False,True,False,False,False,False,2-circle,-1.000000,-203.947526,98.569968,99.979356,0.020644,1.430032,103.240499,15.985847,-0.071092,2,3,3,0.0000,0.0000,0.0000,0.5000,"LeadPursuit",-1.405763
301,A0100,adaptive_eagle_v9,HABFM,9348.981782,16.683980,115.023594,131.598925,-16.615068,13235.435465,444.745149,21992.015008,103.923138,-2229.846053,747.417043,0.300101,False,False,True,False,False,False,False,2-circle,-1.000000,-206.671714,98.569968,99.979356,0.020644,1.430032,95.261882,8.262605,0.158779,2,0,3,0.0000,0.0000,0.0000,0.5000,"LeadPursuit",0.943437
301,B0100,L7_mid_level_aggressive,HABFM,9348.981782,16.683980,115.023594,131.598925,-16.615068,13235.435465,444.745149,21992.015008,103.923138,-2229.846053,747.417043,0.300101,False,False,True,False,False,False,False,2-circle,-1.000000,-206.671714,98.569968,99.979356,0.020644,1.430032,95.261882,8.262605,0.158779,2,3,3,0.0000,0.0000,0.0000,0.5000,"LeadPursuit",-1.250727
302,A0100,adaptive_eagle_v9,HABFM,9096.102562,17.918336,116.061595,133.971731,-17.915065,13236.347247,444.306553,21975.664284,-81.753620,-2208.064724,752.458257,0.305891,False,False,True,False,False,False,False,2-circle,-1.000000,-211.001350,98.569968,99.979356,0.020644,1.430032,78.263086,-8.412096,0.404808,2,0,3,0.0000,0.0000,0.0000,0.5000,"LeadPursuit",0.744486
302,B0100,L7_mid_level_aggressive,HABFM,9096.102562,17.918336,116.061595,133.971731,-17.915065,13236.347247,444.306553,21975.664284,-81.753620,-2208.064724,752.458257,0.305891,False,False,True,False,False,False,False,2-circle,-1.000000,-211.001350,98.569968,99.979356,0.020644,1.430032,78.263086,-8.412096,0.404808,2,2,3,0.0000,0.0000,0.0000,0.5000,"LeadPursuit",-1.074028
303,A0100,adaptive_eagle_v9,HABFM,8840.610978,18.820900,117.759774,136.572993,-18.825230,13240.429633,443.861907,21962.263471,-67.004065,-2116.109900,763.319453,1.131400,False,False,True,False,False,False,False,2-circle,-1.000000,-216.843347,98.569968,99.979356,0.020644,1.430032,57.611035,-28.655888,0.618682,2,0,3,0.0000,0.0000,0.0000,0.5000,"LeadPursuit",0.422241
303,B0100,L7_mid_level_aggressive,HABFM,8840.610978,18.820900,117.759774,136.572993,-18.825230,13240.429633,443.861907,21962.263471,-67.004065,-2116.109900,763.319453,1.131400,False,False,True,False,False,False,False,2-circle,-1.000000,-216.843347,98.569968,99.979356,0.020644,1.430032,57.611035,-28.655888,0.618682,2,2,3,0.0000,0.0000,0.0000,0.5000,"LeadPursuit",-0.658996
304,A0100,adaptive_eagle_v9,HABFM,8581.423289,19.211973,119.212469,138.388603,-19.197238,13246.971891,443.011455,21935.415177,-134.241470,-2096.323421,773.218559,2.409665,False,False,True,False,False,False,False,2-circle,-1.000000,-225.582553,98.569968,99.979356,0.020644,1.430032,36.443670,-49.282458,1.938104,2,0,3,0.0000,0.0000,0.0000,0.5000,"LeadPursuit",-0.236458
304,B0100,L7_mid_level_aggressive,HABFM,8581.423289,19.211973,119.212469,138.388603,-19.197238,13246.971891,443.011455,21935.415177,-134.241470,-2096.323421,773.218559,2.409665,False,False,True,False,False,False,False,2-circle,-1.000000,-225.582553,98.569968,99.979356,0.020644,1.430032,36.443670,-49.282458,1.938104,2,2,3,0.0000,0.0000,0.0000,0.5000,"LeadPursuit",0.136865
305,A0100,adaptive_eagle_v9,HABFM,8319.223441,18.401888,120.196227,138.497413,-18.330361,13256.316445,441.828754,21898.430844,-184.921665,-2153.854974,782.692781,5.817148,False,False,True,False,False,False,False,2-circle,-1.000000,-238.981208,98.569968,99.979356,0.020644,1.430032,14.644281,-70.334060,5.471698,2,0,3,0.0000,0.0000,0.0000,0.5000,"LeadPursuit",-0.720446
305,B0100,L7_mid_level_aggressive,HABFM,8319.223441,18.401888,120.196227,138.497413,-18.330361,13256.316445,441.828754,21898.430844,-184.921665,-2153.854974,782.692781,5.817148,False,False,True,False,False,False,False,2-circle,-1.000000,-238.981208,98.569968,99.979356,0.020644,1.430032,14.644281,-70.334060,5.471698,2,2,3,0.0000,0.0000,0.0000,0.5000,"LeadPursuit",0.693917
306,A0100,adaptive_eagle_v9,HABFM,8053.614076,16.832820,121.238422,137.969433,-16.753716,13267.577315,440.328524,21851.102730,-236.640570,-2224.488328,794.115836,119.470141,False,False,True,False,False,False,False,2-circle,-1.000000,-255.636024,98.569968,99.979356,0.020644,1.430032,-8.935589,-92.929979,5.922795,2,0,3,0.0000,0.0000,0.0000,0.5000,"LeadPursuit",-0.742664
306,B0100,L7_mid_level_aggressive,HABFM,8053.614076,16.832820,121.238422,137.969433,-16.753716,13267.577315,440.328524,21851.102730,-236.640570,-2224.488328,794.115836,119.470141,False,False,True,False,False,False,False,2-circle,-1.000000,-255.636024,98.569968,99.979356,0.020644,1.430032,-8.935589,-92.929979,5.922795,2,3,3,0.0000,0.0000,0.0000,0.5000,"LeadPursuit",0.749004
307,A0100,adaptive_eagle_v9,HABFM,7784.035840,15.492406,122.364607,137.830441,-15.478794,13277.796038,439.546275,21830.851048,-101.258409,-2242.902345,805.796240,119.655987,False,False,True,False,False,False,False,2-circle,-1.000000,-271.636109,98.569968,99.979356,0.020644,1.430032,-23.171086,-105.971262,4.845234,2,0,3,0.0000,0.0000,0.0000,0.5000,"LeadPursuit",-0.496461
307,B0100,L7_mid_level_aggressive,HABFM,7784.035840,15.492406,122.364607,137.830441,-15.478794,13277.796038,439.546275,21830.851048,-101.258409,-2242.902345,805.796240,119.655987,False,False,True,False,False,False,False,2-circle,-1.000000,-271.636109,98.569968,99.979356,0.020644,1.430032,-23.171086,-105.971262,4.845234,2,3,3,0.0000,0.0000,0.0000,0.5000,"LeadPursuit",0.449540
308,A0100,adaptive_eagle_v9,HABFM,7510.339070,14.640894,123.754808,138.395700,-14.651346,13285.583437,439.691782,21844.302204,67.255777,-2171.137256,818.665172,119.606007,False,False,True,False,False,False,False,2-circle,-1.000000,-284.439123,98.569968,99.979356,0.020644,1.430032,-20.450040,-101.847188,3.430856,2,0,3,0.0000,0.0000,0.0000,0.5000,"LeadPursuit",-0.637951
308,B0100,L7_mid_level_aggressive,HABFM,7510.339070,14.640894,123.754808,138.395700,-14.651346,13285.583437,439.691782,21844.302204,67.255777,-2171.137256,818.665172,119.606007,False,False,True,False,False,False,False,2-circle,-1.000000,-284.439123,98.569968,99.979356,0.020644,1.430032,-20.450040,-101.847188,3.430856,2,3,3,0.0000,0.0000,0.0000,0.5000,"LeadPursuit",0.663346
309,A0100,adaptive_eagle_v9,HABFM,7232.010940,13.647799,125.110725,138.735715,-13.631064,13291.174683,439.584310,21845.709996,7.038961,-2116.936196,830.995235,119.624930,False,False,True,False,False,False,False,2-circle,-1.000000,-294.088538,98.569968,99.979356,0.020644,1.430032,-15.331407,-95.043912,2.568776,2,0,3,0.0000,0.0000,0.0000,0.5000,"LeadPursuit",-0.843513
309,B0100,L7_mid_level_aggressive,HABFM,7232.010940,13.647799,125.110725,138.735715,-13.631064,13291.174683,439.584310,21845.709996,7.038961,-2116.936196,830.995235,119.624930,False,False,True,False,False,False,False,2-circle,-1.000000,-294.088538,98.569968,99.979356,0.020644,1.430032,-15.331407,-95.043912,2.568776,2,3,3,0.0000,0.0000,0.0000,0.5000,"LeadPursuit",1.009196
310,A0100,adaptive_eagle_v9,HABFM,6950.055529,12.459916,126.091178,138.486668,-12.392297,13295.168176,439.054226,21829.084537,-83.127297,-2120.217697,840.329901,45.302261,False,False,True,False,False,False,False,2-circle,-1.000000,-301.464796,98.569968,99.979356,0.020644,1.430032,-9.755384,-87.358121,2.239270,2,0,3,0.0000,0.0000,0.0000,0.5000,"LeadPursuit",-0.559326
310,B0100,L7_mid_level_aggressive,HABFM,6950.055529,12.459916,126.091178,138.486668,-12.392297,13295.168176,439.054226,21829.084537,-83.127297,-2120.217697,840.329901,45.302261,False,False,True,False,False,False,False,2-circle,-1.000000,-301.464796,98.569968,99.979356,0.020644,1.430032,-9.755384,-87.358121,2.239270,2,4,3,0.0000,0.0000,0.0000,0.5000,"LeadPursuit",0.636193
311,A0100,adaptive_eagle_v9,HABFM,6664.764286,11.561127,127.323599,138.812331,-11.460480,13298.421758,438.994251,21830.006779,4.611211,-2046.867259,850.670852,7.874822,False,False,True,False,False,False,False,2-circle,-1.000000,-306.469158,98.569968,99.979356,0.020644,1.430032,-0.251857,-75.132627,2.895715,2,0,3,0.0000,0.0000,0.0000,0.5000,"LeadPursuit",-0.212580
311,B0100,L7_mid_level_aggressive,HABFM,6664.764286,11.561127,127.323599,138.812331,-11.460480,13298.421758,438.994251,21830.006779,4.611211,-2046.867259,850.670852,7.874822,False,False,True,False,False,False,False,2-circle,-1.000000,-306.469158,98.569968,99.979356,0.020644,1.430032,-0.251857,-75.132627,2.895715,2,4,3,0.0000,0.0000,0.0000,0.5000,"LeadPursuit",0.127859
312,A0100,adaptive_eagle_v9,HABFM,6375.285071,10.706032,129.188330,139.868986,-10.649905,13302.368022,438.853956,21828.500849,-7.529648,-1914.041221,864.501390,3.156942,False,False,True,False,False,False,False,2-circle,-1.000000,-310.235750,98.569968,99.979356,0.020644,1.430032,14.687429,-56.480840,4.584500,2,0,3,0.0000,0.0000,0.0000,0.5000,"LeadPursuit",0.467704
312,B0100,L7_mid_level_aggressive,HABFM,6375.285071,10.706032,129.188330,139.868986,-10.649905,13302.368022,438.853956,21828.500849,-7.529648,-1914.041221,864.501390,3.156942,False,False,True,False,False,False,False,2-circle,-1.000000,-310.235750,98.569968,99.979356,0.020644,1.430032,14.687429,-56.480840,4.584500,2,4,3,0.0000,0.0000,0.0000,0.5000,"LeadPursuit",-0.767014
313,A0100,adaptive_eagle_v9,HABFM,6081.497171,10.438695,130.711815,141.150441,-10.443883,13308.855786,438.985661,21840.106941,58.030458,-1827.944216,875.358271,1.543855,False,False,True,False,False,False,False,2-circle,-1.000000,-316.933752,98.569968,99.979356,0.020644,1.430032,29.125938,-36.449164,6.189658,2,0,3,0.0000,0.0000,0.0000,0.5000,"LeadPursuit",1.080577
313,B0100,L7_mid_level_aggressive,HABFM,6081.497171,10.438695,130.711815,141.150441,-10.443883,13308.855786,438.985661,21840.106941,58.030458,-1827.944216,875.358271,1.543855,False,False,True,False,False,False,False,2-circle,-1.000000,-316.933752,98.569968,99.979356,0.020644,1.430032,29.125938,-36.449164,6.189658,2,4,3,0.0000,0.0000,0.0000,0.5000,"LeadPursuit",-1.535136
314,A0100,adaptive_eagle_v9,HABFM,5785.018957,11.344503,131.615606,142.956861,-11.361104,13317.751049,440.573924,21910.846520,353.697898,-1736.581891,881.980340,0.480067,False,False,True,False,False,False,False,2-circle,-1.000000,-327.943351,98.569968,99.979356,0.020644,1.430032,43.503003,-12.979060,5.180674,2,0,3,0.0000,0.0000,0.0000,0.5000,"LeadPursuit",1.395159
314,B0100,L7_mid_level_aggressive,HABFM,5785.018957,11.344503,131.615606,142.956861,-11.361104,13317.751049,440.573924,21910.846520,353.697898,-1736.581891,881.980340,0.480067,False,False,True,False,False,False,False,2-circle,-1.000000,-327.943351,98.569968,99.979356,0.020644,1.430032,43.503003,-12.979060,5.180674,2,4,3,0.0000,0.0000,0.0000,0.5000,"LeadPursuit",-1.883874
315,A0100,adaptive_eagle_v9,HABFM,5486.908953,12.931924,132.415325,145.340889,-12.956235,13327.879450,441.911542,21973.232790,311.931349,-1661.189791,885.998858,0.182655,False,False,True,False,False,False,False,2-circle,-1.000000,-341.636559,98.569968,99.979356,0.020644,1.430032,46.172641,5.026715,4.457313,3,0,3,0.0000,0.0000,0.0000,0.5000,"LeadPursuit",1.336610
315,B0100,L7_mid_level_aggressive,HABFM,5486.908953,12.931924,132.415325,145.340889,-12.956235,13327.879450,441.911542,21973.232790,311.931349,-1661.189791,885.998858,0.182655,False,False,True,False,False,False,False,2-circle,-1.000000,-341.636559,98.569968,99.979356,0.020644,1.430032,46.172641,5.026715,4.457313,1,4,3,0.0000,0.0000,0.0000,0.5000,"LeadPursuit",-1.723844
316,A0100,adaptive_eagle_v9,HABFM,5187.959781,14.724858,133.173444,147.893087,-14.754552,13339.206749,442.338955,22001.291605,140.294074,-1620.071120,887.558780,0.414057,False,False,True,False,False,False,False,2-circle,-1.000000,-357.112966,98.569968,99.979356,0.020644,1.430032,28.091348,11.288138,2.328937,3,0,3,0.0000,0.0000,0.0000,0.5000,"LeadPursuit",1.039947
316,B0100,L7_mid_level_aggressive,HABFM,5187.959781,14.724858,133.173444,147.893087,-14.754552,13339.206749,442.338955,22001.291605,140.294074,-1620.071120,887.558780,0.414057,False,False,True,False,False,False,False,2-circle,-1.000000,-357.112966,98.569968,99.979356,0.020644,1.430032,28.091348,11.288138,2.328937,1,3,3,0.0000,0.0000,0.0000,0.5000,"LeadPursuit",-1.283971
317,A0100,adaptive_eagle_v9,HABFM,4888.734966,16.648911,133.724828,150.366840,-16.625288,13349.604651,442.694163,22025.606775,121.575851,-1575.090799,886.574066,0.560883,False,False,True,True,False,False,False,2-circle,-1.000000,-371.158559,98.569968,99.979356,0.020644,1.430032,3.515955,15.143127,-0.783715,3,0,3,0.0000,0.0000,0.0000,0.5000,"LeadPursuit",0.869751
317,B0100,L7_mid_level_aggressive,HABFM,4888.734966,16.648911,133.724828,150.366840,-16.625288,13349.604651,442.694163,22025.606775,121.575851,-1575.090799,886.574066,0.560883,False,False,True,True,False,False,False,2-circle,-1.000000,-371.158559,98.569968,99.979356,0.020644,1.430032,3.515955,15.143127,-0.783715,2,4,1,0.0000,0.0000,0.0000,0.5000,"LagPursuit",-1.016016
318,A0100,adaptive_eagle_v9,HABFM,4590.008057,18.724180,133.929270,152.567424,-18.510547,13356.977745,442.764309,22035.729546,50.613856,-1537.748992,881.744593,0.692259,False,False,True,True,False,False,False,2-circle,-1.000000,-380.474358,98.569968,99.979356,0.020644,1.430032,-15.205263,18.474506,-3.258799,3,0,3,0.0000,0.0000,0.0000,0.5000,"LeadPursuit",0.949584
318,B0100,L7_mid_level_aggressive,HABFM,4590.008057,18.724180,133.929270,152.567424,-18.510547,13356.977745,442.764309,22035.729546,50.613856,-1537.748992,881.744593,0.692259,False,False,True,True,False,False,False,2-circle,-1.000000,-380.474358,98.569968,99.979356,0.020644,1.430032,-15.205263,18.474506,-3.258799,2,2,1,0.0000,0.0000,0.0000,0.5000,"LagPursuit",-1.058272
319,A0100,adaptive_eagle_v9,HABFM,4293.006989,21.061797,133.984986,154.866867,-20.577342,13360.250492,441.583267,21992.764148,-214.826990,-1522.379932,872.467026,0.585237,False,False,True,True,False,False,False,2-circle,-1.000000,-382.634045,98.569968,99.979356,0.020644,1.430032,-32.135395,15.734977,-5.355690,3,0,3,0.0000,0.0000,0.0000,0.5000,"LeadPursuit",1.224792
319,B0100,L7_mid_level_aggressive,HABFM,4293.006989,21.061797,133.984986,154.866867,-20.577342,13360.250492,441.583267,21992.764148,-214.826990,-1522.379932,872.467026,0.585237,False,False,True,True,False,False,False,2-circle,-1.000000,-382.634045,98.569968,99.979356,0.020644,1.430032,-32.135395,15.734977,-5.355690,2,1,1,0.0000,0.0000,0.0000,0.5000,"LagPursuit",-1.337773
320,A0100,adaptive_eagle_v9,HABFM,3998.990993,23.694227,134.458299,157.988194,-23.032010,13360.325087,437.317290,21826.853190,-829.554793,-1592.835739,859.966616,0.099903,False,False,True,True,False,False,False,2-circle,-1.000000,-377.643611,98.569968,99.979356,0.020644,1.430032,-54.340241,2.728302,-6.030650,3,0,3,0.0000,0.0000,0.0000,0.5000,"LeadPursuit",1.321459
320,B0100,L7_mid_level_aggressive,HABFM,3998.990993,23.694227,134.458299,157.988194,-23.032010,13360.325087,437.317290,21826.853190,-829.554793,-1592.835739,859.966616,0.099903,False,False,True,True,False,False,False,2-circle,-1.000000,-377.643611,98.569968,99.979356,0.020644,1.430032,-54.340241,2.728302,-6.030650,2,1,1,0.0000,0.0000,0.0000,0.5000,"LagPursuit",-1.297269
321,A0100,adaptive_eagle_v9,HABFM,3708.722414,26.208906,134.732807,160.917365,-25.711168,13360.031866,434.343806,21711.817210,-575.179898,-1622.107828,847.443879,0.453816,False,False,True,True,False,False,False,2-circle,-1.000000,-369.948642,98.569968,99.979356,0.020644,1.430032,-75.331111,-12.137799,-0.478616,3,0,3,0.0000,0.0000,0.0000,0.5000,"LeadPursuit",1.070704
321,B0100,L7_mid_level_aggressive,HABFM,3708.722414,26.208906,134.732807,160.917365,-25.711168,13360.031866,434.343806,21711.817210,-575.179898,-1622.107828,847.443879,0.453816,False,False,True,True,False,False,False,2-circle,-1.000000,-369.948642,98.569968,99.979356,0.020644,1.430032,-75.331111,-12.137799,-0.478616,2,1,1,0.0000,0.0000,0.0000,0.5000,"LagPursuit",-0.844600
322,A0100,adaptive_eagle_v9,HABFM,3423.444885,28.214845,134.041393,162.159240,-28.045207,13363.970088,431.546174,21608.513327,-516.519417,-1715.814954,831.032101,1.081395,False,False,True,True,False,False,False,2-circle,-1.000000,-365.800490,98.569968,99.979356,0.020644,1.430032,-94.204319,-26.993347,5.355139,3,0,3,0.0000,0.0000,0.0000,0.5000,"LeadPursuit",0.774119
322,B0100,L7_mid_level_aggressive,HABFM,3423.444885,28.214845,134.041393,162.159240,-28.045207,13363.970088,431.546174,21608.513327,-516.519417,-1715.814954,831.032101,1.081395,False,False,True,True,False,False,False,2-circle,-1.000000,-365.800490,98.569968,99.979356,0.020644,1.430032,-94.204319,-26.993347,5.355139,2,1,1,0.0000,0.0000,0.0000,0.5000,"LagPursuit",-0.435313
323,A0100,adaptive_eagle_v9,HABFM,3144.782773,29.735231,132.632624,161.721712,-29.807728,13374.418440,427.893415,21479.982921,-642.652030,-1875.833767,810.798054,2.189750,False,False,True,True,False,False,False,2-circle,-1.000000,-367.178176,98.569968,99.979356,0.020644,1.430032,-115.445770,-45.659551,9.151982,3,0,2,0.0000,0.0000,0.0000,0.5000,"LeadPursuit",0.580306
323,B0100,L7_mid_level_aggressive,HABFM,3144.782773,29.735231,132.632624,161.721712,-29.807728,13374.418440,427.893415,21479.982921,-642.652030,-1875.833767,810.798054,2.189750,False,False,True,True,False,False,False,2-circle,-1.000000,-367.178176,98.569968,99.979356,0.020644,1.430032,-115.445770,-45.659551,9.151982,2,1,1,0.0000,0.0000,0.0000,0.5000,"LagPursuit",-0.230749
324,A0100,adaptive_eagle_v9,HABFM,2873.208932,31.062468,130.999635,160.729911,-31.255374,13390.554085,425.864608,21419.437570,-302.726752,-1904.528499,790.378384,5.343082,False,False,True,False,False,False,False,2-circle,-1.000000,-372.213260,98.569968,99.979356,0.020644,1.430032,-139.531376,-68.088549,11.100577,3,0,2,0.0000,0.0000,0.0000,0.5000,"LeadPursuit",0.516054
324,B0100,L7_mid_level_aggressive,HABFM,2873.208932,31.062468,130.999635,160.729911,-31.255374,13390.554085,425.864608,21419.437570,-302.726752,-1904.528499,790.378384,5.343082,False,False,True,False,False,False,False,2-circle,-1.000000,-372.213260,98.569968,99.979356,0.020644,1.430032,-139.531376,-68.088549,11.100577,2,1,1,0.0000,0.0000,0.0000,0.5000,"LagPursuit",-0.181360
325,A0100,adaptive_eagle_v9,HABFM,2608.309776,32.661066,129.560958,160.629525,-32.891400,13409.522546,424.247065,21377.530347,-209.536117,-1847.418338,769.230190,123.539953,False,False,True,False,False,False,False,2-circle,-1.000000,-377.738737,98.569968,99.979356,0.020644,1.430032,-164.833659,-92.283541,11.092351,3,0,2,0.0000,0.0000,0.0000,0.5000,"LeadPursuit",0.564207
325,B0100,L7_mid_level_aggressive,HABFM,2608.309776,32.661066,129.560958,160.629525,-32.891400,13409.522546,424.247065,21377.530347,-209.536117,-1847.418338,769.230190,123.539953,False,False,True,False,False,False,False,2-circle,-1.000000,-377.738737,98.569968,99.979356,0.020644,1.430032,-164.833659,-92.283541,11.092351,2,1,0,0.0000,0.0000,0.0000,0.5000,"LagPursuit",0.008752
326,A0100,adaptive_eagle_v9,HABFM,2351.628270,35.473311,127.344810,161.636520,-35.637705,13427.943827,421.897382,21307.934792,-347.977773,-1875.036921,735.764899,124.164360,False,False,True,False,False,False,False,2-circle,-1.000000,-382.640688,98.569968,99.979356,0.020644,1.430032,178.753845,-107.948587,9.537421,3,0,2,0.0000,0.0000,0.0000,0.5000,"LeadPursuit",0.747869
326,B0100,L7_mid_level_aggressive,HABFM,2351.628270,35.473311,127.344810,161.636520,-35.637705,13427.943827,421.897382,21307.934792,-347.977773,-1875.036921,735.764899,124.164360,False,False,True,False,False,False,False,2-circle,-1.000000,-382.640688,98.569968,99.979356,0.020644,1.430032,178.753845,-107.948587,9.537421,2,7,0,0.0000,0.0000,0.0000,0.5000,"LagPursuit",0.224636
327,A0100,adaptive_eagle_v9,HABFM,2108.604469,39.761075,123.618684,162.630403,-39.801906,13444.192533,422.146443,21333.489901,127.775542,-1839.126429,684.391095,124.067503,False,False,True,False,False,False,False,2-circle,-1.000000,-386.901588,98.569968,99.979356,0.020644,1.430032,179.688850,-106.497704,7.522094,3,0,2,0.0000,0.0000,0.0000,0.5000,"LeadPursuit",1.058385
327,B0100,L7_mid_level_aggressive,HABFM,2108.604469,39.761075,123.618684,162.630403,-39.801906,13444.192533,422.146443,21333.489901,127.775542,-1839.126429,684.391095,124.067503,False,False,True,False,False,False,False,2-circle,-1.000000,-386.901588,98.569968,99.979356,0.020644,1.430032,179.688850,-106.497704,7.522094,2,7,0,0.0000,0.0000,0.0000,0.5000,"LagPursuit",0.357626
328,A0100,adaptive_eagle_v9,DBFM,1886.160128,45.644549,118.577139,163.673809,-45.602905,13458.516206,422.817995,21372.934206,197.221528,-1784.914613,609.328255,123.856022,False,False,True,False,False,False,False,2-circle,-1.000000,-390.444472,98.569968,99.979356,0.020644,1.430032,-169.087481,-94.920992,6.446959,3,0,2,0.0000,0.0000,0.0000,0.5000,"LeadPursuit",1.298806
328,B0100,L7_mid_level_aggressive,DBFM,1886.160128,45.644549,118.577139,163.673809,-45.602905,13458.516206,422.817995,21372.934206,197.221528,-1784.914613,609.328255,123.856022,False,False,True,False,False,False,False,2-circle,-1.000000,-390.444472,98.569968,99.979356,0.020644,1.430032,-169.087481,-94.920992,6.446959,2,1,0,0.0000,0.0000,0.0000,0.5000,"LagPursuit",0.603579
329,A0100,adaptive_eagle_v9,DBFM,1693.569870,52.943706,112.057221,164.480960,-52.931591,13471.725387,421.440946,21334.675390,-191.294084,-1818.195827,504.348487,17.146037,False,False,True,False,False,False,False,2-circle,-1.000000,-393.317135,98.569968,99.979356,0.020644,1.430032,-157.172312,-82.792738,6.062869,3,0,2,0.0000,0.0000,0.0000,0.5000,"LeadPursuit",1.367221
329,B0100,L7_mid_level_aggressive,DBFM,1693.569870,52.943706,112.057221,164.480960,-52.931591,13471.725387,421.440946,21334.675390,-191.294084,-1818.195827,504.348487,17.146037,False,False,True,False,False,False,False,2-circle,-1.000000,-393.317135,98.569968,99.979356,0.020644,1.430032,-157.172312,-82.792738,6.062869,2,1,0,0.0000,0.0000,0.0000,0.5000,"LagPursuit",0.995646
330,A0100,adaptive_eagle_v9,DBFM,1541.479858,61.004196,103.791417,164.228680,-61.168002,13484.611196,418.457147,21236.616069,-490.296601,-1924.467572,369.827711,17.373015,False,False,True,False,False,False,False,2-circle,-1.000000,-395.323210,98.569968,99.979356,0.020644,1.430032,-157.296136,-82.839349,6.125803,3,0,2,0.0000,0.0000,0.0000,0.5000,"LeadPursuit",1.407130
330,B0100,L7_mid_level_aggressive,DBFM,1541.479858,61.004196,103.791417,164.228680,-61.168002,13484.611196,418.457147,21236.616069,-490.296601,-1924.467572,369.827711,17.373015,False,False,True,False,False,False,False,2-circle,-1.000000,-395.323210,98.569968,99.979356,0.020644,1.430032,-157.296136,-82.839349,6.125803,2,1,0,0.0000,0.0000,0.0000,0.5000,"LagPursuit",1.309450
331,A0100,adaptive_eagle_v9,DBFM,1439.736404,69.762860,94.202601,163.404920,-70.118721,13497.214171,414.121578,21089.416586,-735.997419,-2058.424978,210.410836,126.267002,False,False,True,False,False,False,False,2-circle,-1.000000,-395.355842,98.569968,99.979356,0.020644,1.430032,-172.501439,-98.085867,5.560011,3,0,2,0.0000,0.0000,0.0000,0.5000,"LeadPursuit",1.630975
331,B0100,L7_mid_level_aggressive,DBFM,1439.736404,69.762860,94.202601,163.404920,-70.118721,13497.214171,414.121578,21089.416586,-735.997419,-2058.424978,210.410836,126.267002,False,False,True,False,False,False,False,2-circle,-1.000000,-395.355842,98.569968,99.979356,0.020644,1.430032,-172.501439,-98.085867,5.560011,2,1,0,0.0000,0.0000,0.0000,0.5000,"LagPursuit",0.797793
332,A0100,adaptive_eagle_v9,HABFM,1395.518551,80.010587,84.426066,163.980602,-80.451688,13507.494289,410.266320,20958.995745,-652.104205,-2098.748396,33.825590,127.380537,False,False,True,False,False,False,False,2-circle,-1.000000,-390.971794,98.569968,99.979356,0.020644,1.430032,176.097928,-109.583290,4.205722,3,0,2,0.0000,0.0000,0.0000,0.5000,"LeadPursuit",1.385886
332,B0100,L7_mid_level_aggressive,HABFM,1395.518551,80.010587,84.426066,163.980602,-80.451688,13507.494289,410.266320,20958.995745,-652.104205,-2098.748396,33.825590,127.380537,False,False,True,False,False,False,False,2-circle,-1.000000,-390.971794,98.569968,99.979356,0.020644,1.430032,176.097928,-109.583290,4.205722,2,7,0,0.0000,0.0000,0.0000,0.5000,"LagPursuit",-0.511238
333,A0100,adaptive_eagle_v9,HABFM,1413.708136,91.056387,74.510631,165.296532,-91.617944,13514.469185,409.740792,20946.892935,-60.514047,-2004.305412,-149.696990,127.524324,False,False,False,False,False,False,False,2-circle,-1.000000,-383.180934,98.569968,99.979356,0.020644,1.430032,-177.388746,-103.259220,2.755639,3,0,2,0.0000,0.0000,0.0000,0.5000,"LeadPursuit",-0.327502
333,B0100,L7_mid_level_aggressive,HABFM,1413.708136,91.056387,74.510631,165.296532,-91.617944,13514.469185,409.740792,20946.892935,-60.514047,-2004.305412,-149.696990,127.524324,False,False,False,False,False,False,False,2-circle,-1.000000,-383.180934,98.569968,99.979356,0.020644,1.430032,-177.388746,-103.259220,2.755639,2,1,0,0.0000,0.0000,0.0000,0.5000,"LagPursuit",-0.389788
334,A0100,adaptive_eagle_v9,HABFM,1494.088949,101.214248,64.700474,165.778522,-101.886190,13518.980354,407.384056,20866.150763,-403.710862,-2073.145737,-319.631687,128.220283,False,False,False,False,False,False,False,2-circle,-1.000000,-374.278663,98.569968,99.979356,0.020644,1.430032,-166.505278,-92.734579,1.815794,3,0,2,0.0000,0.0000,0.0000,0.5000,"LeadPursuit",-0.243100
334,B0100,L7_mid_level_aggressive,HABFM,1494.088949,101.214248,64.700474,165.778522,-101.886190,13518.980354,407.384056,20866.150763,-403.710862,-2073.145737,-319.631687,128.220283,False,False,False,False,False,False,False,2-circle,-1.000000,-374.278663,98.569968,99.979356,0.020644,1.430032,-166.505278,-92.734579,1.815794,2,1,0,0.0000,0.0000,0.0000,0.5000,"LagPursuit",-0.283966
335,A0100,adaptive_eagle_v9,HABFM,1627.894329,109.834169,56.100938,165.837450,-110.562580,13521.959906,404.886981,20779.336903,-434.069298,-2168.392846,-457.696017,23.735202,False,False,False,False,False,False,False,2-circle,-1.000000,-364.758211,98.569968,99.979356,0.020644,1.430032,-157.784425,-84.581965,1.661169,3,0,2,0.0000,0.0000,0.0000,0.5000,"LeadPursuit",-0.169556
335,B0100,L7_mid_level_aggressive,HABFM,1627.894329,109.834169,56.100938,165.837450,-110.562580,13521.959906,404.886981,20779.336903,-434.069298,-2168.392846,-457.696017,23.735202,False,False,False,False,False,False,False,2-circle,-1.000000,-364.758211,98.569968,99.979356,0.020644,1.430032,-157.784425,-84.581965,1.661169,2,1,0,0.0000,0.0000,0.0000,0.5000,"LagPursuit",-0.190762
336,A0100,adaptive_eagle_v9,HABFM,1801.887925,116.322084,49.213296,165.408712,-117.049461,13524.366528,401.652237,20666.244698,-565.461024,-2281.856842,-556.285605,20.404509,False,False,False,False,False,False,False,2-circle,-1.000000,-354.719284,98.569968,99.979356,0.020644,1.430032,-156.010554,-83.656359,1.695648,3,0,2,0.0000,0.0000,0.0000,0.5000,"LeadPursuit",-0.111914
336,B0100,L7_mid_level_aggressive,HABFM,1801.887925,116.322084,49.213296,165.408712,-117.049461,13524.366528,401.652237,20666.244698,-565.461024,-2281.856842,-556.285605,20.404509,False,False,False,False,False,False,False,2-circle,-1.000000,-354.719284,98.569968,99.979356,0.020644,1.430032,-156.010554,-83.656359,1.695648,2,1,0,0.0000,0.0000,0.0000,0.5000,"LagPursuit",-0.133775
337,A0100,adaptive_eagle_v9,HABFM,2003.144235,121.371453,44.133866,165.281953,-122.007463,13526.374316,398.557086,20558.605305,-538.196965,-2345.369742,-624.270085,31.112889,False,False,False,False,False,False,False,2-circle,-1.000000,-343.284826,98.569968,99.979356,0.020644,1.430032,-156.944741,-85.799287,1.962390,3,0,2,0.0000,0.0000,0.0000,0.5000,"LeadPursuit",-0.067227
337,B0100,L7_mid_level_aggressive,HABFM,2003.144235,121.371453,44.133866,165.281953,-122.007463,13526.374316,398.557086,20558.605305,-538.196965,-2345.369742,-624.270085,31.112889,False,False,False,False,False,False,False,2-circle,-1.000000,-343.284826,98.569968,99.979356,0.020644,1.430032,-156.944741,-85.799287,1.962390,2,1,0,0.0000,0.0000,0.0000,0.5000,"LagPursuit",-0.104919
338,A0100,adaptive_eagle_v9,HABFM,2222.835425,125.574778,41.066431,166.260810,-126.128588,13527.935881,396.182200,20476.610502,-409.974015,-2309.723542,-668.651358,11.010553,False,False,False,False,False,False,False,2-circle,-1.000000,-330.205380,98.569968,99.979356,0.020644,1.430032,-147.612723,-78.209994,2.318885,3,0,2,0.0000,0.0000,0.0000,0.5000,"LeadPursuit",-0.055665
338,B0100,L7_mid_level_aggressive,HABFM,2222.835425,125.574778,41.066431,166.260810,-126.128588,13527.935881,396.182200,20476.610502,-409.974015,-2309.723542,-668.651358,11.010553,False,False,False,False,False,False,False,2-circle,-1.000000,-330.205380,98.569968,99.979356,0.020644,1.430032,-147.612723,-78.209994,2.318885,2,1,0,0.0000,0.0000,0.0000,0.5000,"LagPursuit",-0.067622
339,A0100,adaptive_eagle_v9,HABFM,2454.189363,128.336886,38.774337,166.759782,-128.855189,13529.780540,393.030506,20368.339237,-541.356327,-2346.604493,-696.338510,10.237791,False,False,False,False,False,False,False,2-circle,-1.000000,-318.321000,98.569968,99.979356,0.020644,1.430032,-143.832425,-77.254222,2.737154,1,4,4,0.0000,0.0000,0.0000,0.5000,"HeadOnBreak",-0.050878
339,B0100,L7_mid_level_aggressive,HABFM,2454.189363,128.336886,38.774337,166.759782,-128.855189,13529.780540,393.030506,20368.339237,-541.356327,-2346.604493,-696.338510,10.237791,False,False,False,False,False,False,False,2-circle,-1.000000,-318.321000,98.569968,99.979356,0.020644,1.430032,-143.832425,-77.254222,2.737154,2,1,0,0.0000,0.0000,0.0000,0.5000,"LagPursuit",-0.029792
340,A0100,adaptive_eagle_v9,HABFM,2693.106193,129.631773,36.550005,165.972720,-130.076951,13532.206917,388.775734,20223.504706,-724.172657,-2510.194551,-713.280652,134.055649,False,False,False,False,False,False,False,2-circle,-1.000000,-309.259657,98.569968,99.979356,0.020644,1.430032,-151.583282,-89.856847,2.717077,1,5,4,0.0000,0.0000,0.0000,0.5000,"HeadOnBreak",-0.047652
340,B0100,L7_mid_level_aggressive,HABFM,2693.106193,129.631773,36.550005,165.972720,-130.076951,13532.206917,388.775734,20223.504706,-724.172657,-2510.194551,-713.280652,134.055649,False,False,False,False,False,False,False,2-circle,-1.000000,-309.259657,98.569968,99.979356,0.020644,1.430032,-151.583282,-89.856847,2.717077,2,1,1,0.0000,0.0000,0.0000,0.5000,"LagPursuit",-0.019137
341,A0100,adaptive_eagle_v9,HABFM,2937.032393,130.664991,34.200817,164.779048,-130.951490,13533.717234,385.140128,20100.453867,-615.254192,-2695.051336,-729.669286,135.264264,False,False,False,False,False,False,False,2-circle,-1.000000,-300.656066,98.569968,99.979356,0.020644,1.430032,-151.406006,-98.293774,2.184070,1,6,4,0.0000,0.0000,0.0000,0.5000,"HeadOnBreak",-0.055155
341,B0100,L7_mid_level_aggressive,HABFM,2937.032393,130.664991,34.200817,164.779048,-130.951490,13533.717234,385.140128,20100.453867,-615.254192,-2695.051336,-729.669286,135.264264,False,False,False,False,False,False,False,2-circle,-1.000000,-300.656066,98.569968,99.979356,0.020644,1.430032,-151.406006,-98.293774,2.184070,2,1,1,0.0000,0.0000,0.0000,0.5000,"LagPursuit",-0.025908
342,A0100,adaptive_eagle_v9,HABFM,3187.201850,131.959670,31.249971,163.171946,-132.130298,13533.454948,382.964982,20026.227459,-371.132040,-2871.931468,-751.836895,136.000646,False,False,False,False,False,False,False,2-circle,-1.000000,-290.524066,98.569968,99.979356,0.020644,1.430032,-128.320387,-91.698178,1.429935,1,7,4,0.0000,0.0000,0.0000,0.5000,"HeadOnBreak",-0.062022
342,B0100,L7_mid_level_aggressive,HABFM,3187.201850,131.959670,31.249971,163.171946,-132.130298,13533.454948,382.964982,20026.227459,-371.132040,-2871.931468,-751.836895,136.000646,False,False,False,False,False,False,False,2-circle,-1.000000,-290.524066,98.569968,99.979356,0.020644,1.430032,-128.320387,-91.698178,1.429935,2,1,1,0.0000,0.0000,0.0000,0.5000,"LagPursuit",-0.019826
343,A0100,adaptive_eagle_v9,HABFM,3444.841679,132.910597,27.890196,160.797974,-133.016449,13532.008989,381.070876,19960.715126,-327.561667,-3076.635198,-773.438632,20.112225,False,False,False,False,False,False,False,2-circle,-1.000000,-279.761637,98.569968,99.979356,0.020644,1.430032,-88.324142,-83.236472,1.160822,1,8,4,0.0000,0.0000,0.0000,0.5000,"HeadOnBreak",-0.061291
343,B0100,L7_mid_level_aggressive,HABFM,3444.841679,132.910597,27.890196,160.797974,-133.016449,13532.008989,381.070876,19960.715126,-327.561667,-3076.635198,-773.438632,20.112225,False,False,False,False,False,False,False,2-circle,-1.000000,-279.761637,98.569968,99.979356,0.020644,1.430032,-88.324142,-83.236472,1.160822,2,1,1,0.0000,0.0000,0.0000,0.5000,"LagPursuit",-0.010288
344,A0100,adaptive_eagle_v9,HABFM,3709.061451,133.363681,24.614808,157.948196,-133.445866,13530.175520,379.027321,19890.116556,-352.992852,-3291.087205,-790.165127,9.027616,False,False,False,False,False,False,False,2-circle,-1.000000,-270.920385,98.569968,99.979356,0.020644,1.430032,-42.952634,-75.126209,1.564964,1,0,4,0.0000,0.0000,0.0000,0.5000,"HeadOnBreak",-0.050598
344,B0100,L7_mid_level_aggressive,HABFM,3709.061451,133.363681,24.614808,157.948196,-133.445866,13530.175520,379.027321,19890.116556,-352.992852,-3291.087205,-790.165127,9.027616,False,False,False,False,False,False,False,2-circle,-1.000000,-270.920385,98.569968,99.979356,0.020644,1.430032,-42.952634,-75.126209,1.564964,2,1,1,0.0000,0.0000,0.0000,0.5000,"LagPursuit",0.004667
345,A0100,adaptive_eagle_v9,HABFM,3977.838037,133.076275,21.908422,154.828635,-133.169109,13528.842473,376.301020,19797.619897,-462.483290,-3496.983761,-797.810547,8.502782,False,False,False,False,False,False,False,2-circle,-1.000000,-266.430224,98.569968,99.979356,0.020644,1.430032,-19.940299,-74.148243,2.154103,1,0,4,0.0000,0.0000,0.0000,0.5000,"HeadOnBreak",-0.039337
345,B0100,L7_mid_level_aggressive,HABFM,3977.838037,133.076275,21.908422,154.828635,-133.169109,13528.842473,376.301020,19797.619897,-462.483290,-3496.983761,-797.810547,8.502782,False,False,False,False,False,False,False,2-circle,-1.000000,-266.430224,98.569968,99.979356,0.020644,1.430032,-19.940299,-74.148243,2.154103,2,1,1,0.0000,0.0000,0.0000,0.5000,"LagPursuit",0.028552
346,A0100,adaptive_eagle_v9,HABFM,4247.421125,131.745853,19.632547,151.102742,-131.839637,13528.448112,372.439471,19669.227003,-641.964471,-3658.357144,-794.186869,35.740849,False,False,False,False,False,False,False,2-circle,-1.000000,-266.051109,98.569968,99.979356,0.020644,1.430032,-21.002055,-86.097121,2.342890,1,0,4,0.0000,0.0000,0.0000,0.5000,"HeadOnBreak",-0.020468
346,B0100,L7_mid_level_aggressive,HABFM,4247.421125,131.745853,19.632547,151.102742,-131.839637,13528.448112,372.439471,19669.227003,-641.964471,-3658.357144,-794.186869,35.740849,False,False,False,False,False,False,False,2-circle,-1.000000,-266.051109,98.569968,99.979356,0.020644,1.430032,-21.002055,-86.097121,2.342890,2,1,1,0.0000,0.0000,0.0000,0.5000,"LagPursuit",0.030882
347,A0100,adaptive_eagle_v9,HABFM,4514.856788,130.441841,18.087954,148.324418,-130.490382,13527.770010,369.095965,19558.788413,-552.192950,-3771.355601,-787.783008,140.910257,False,False,False,False,False,False,False,2-circle,-1.000000,-265.710654,98.569968,99.979356,0.020644,1.430032,-22.488321,-93.713957,2.075183,1,0,4,0.0000,0.0000,0.0000,0.5000,"HeadOnBreak",0.005763
347,B0100,L7_mid_level_aggressive,HABFM,4514.856788,130.441841,18.087954,148.324418,-130.490382,13527.770010,369.095965,19558.788413,-552.192950,-3771.355601,-787.783008,140.910257,False,False,False,False,False,False,False,2-circle,-1.000000,-265.710654,98.569968,99.979356,0.020644,1.430032,-22.488321,-93.713957,2.075183,2,1,1,0.0000,0.0000,0.0000,0.5000,"LagPursuit",0.014654
348,A0100,adaptive_eagle_v9,HABFM,4780.015173,129.849874,18.077148,147.879575,-129.865306,13525.962805,367.161940,19493.942956,-324.227285,-3807.779921,-781.903846,43.467806,False,False,False,False,False,False,False,2-circle,-1.000000,-261.166210,98.569968,99.979356,0.020644,1.430032,-11.414367,-86.744977,1.645738,1,0,4,0.0000,0.0000,0.0000,0.5000,"HeadOnBreak",0.014772
348,B0100,L7_mid_level_aggressive,HABFM,4780.015173,129.849874,18.077148,147.879575,-129.865306,13525.962805,367.161940,19493.942956,-324.227285,-3807.779921,-781.903846,43.467806,False,False,False,False,False,False,False,2-circle,-1.000000,-261.166210,98.569968,99.979356,0.020644,1.430032,-11.414367,-86.744977,1.645738,2,2,1,0.0000,0.0000,0.0000,0.5000,"LagPursuit",0.011596
349,A0100,adaptive_eagle_v9,HABFM,5042.660359,129.352694,18.983311,148.324886,-129.355390,13523.509681,365.470749,19436.638022,-286.524672,-3812.583063,-773.751270,11.776803,False,False,False,False,False,False,False,2-circle,-1.000000,-253.418621,98.569968,99.979356,0.020644,1.430032,0.200517,-78.093395,1.722869,1,8,4,0.0000,0.0000,0.0000,0.5000,"HeadOnBreak",0.006103
349,B0100,L7_mid_level_aggressive,HABFM,5042.660359,129.352694,18.983311,148.324886,-129.355390,13523.509681,365.470749,19436.638022,-286.524672,-3812.583063,-773.751270,11.776803,False,False,False,False,False,False,False,2-circle,-1.000000,-253.418621,98.569968,99.979356,0.020644,1.430032,0.200517,-78.093395,1.722869,2,0,3,0.0000,0.0000,0.0000,0.5000,"LeadPursuit",0.023624
350,A0100,adaptive_eagle_v9,HABFM,5302.391725,128.301727,19.554596,147.836479,-128.311109,13521.253252,364.802060,19412.763282,-119.373700,-3824.185948,-765.017008,10.021575,False,False,False,False,False,False,False,2-circle,-1.000000,-246.148291,98.569968,99.979356,0.020644,1.430032,4.359255,-76.059370,2.061848,1,8,4,0.0000,0.0000,0.0000,0.5000,"HeadOnBreak",-0.011045
350,B0100,L7_mid_level_aggressive,HABFM,5302.391725,128.301727,19.554596,147.836479,-128.311109,13521.253252,364.802060,19412.763282,-119.373700,-3824.185948,-765.017008,10.021575,False,False,False,False,False,False,False,2-circle,-1.000000,-246.148291,98.569968,99.979356,0.020644,1.430032,4.359255,-76.059370,2.061848,2,0,3,0.0000,0.0000,0.0000,0.5000,"LeadPursuit",0.044768
351,A0100,adaptive_eagle_v9,HABFM,5559.214925,126.401189,18.947065,145.313890,-126.413102,13519.696794,363.151482,19358.014171,-273.745554,-3985.778040,-756.012683,38.506389,False,False,False,False,False,False,False,2-circle,-1.000000,-240.938716,98.569968,99.979356,0.020644,1.430032,-4.349461,-86.287468,2.112980,1,8,4,0.0000,0.0000,0.0000,0.5000,"HeadOnBreak",-0.019035
351,B0100,L7_mid_level_aggressive,HABFM,5559.214925,126.401189,18.947065,145.313890,-126.413102,13519.696794,363.151482,19358.014171,-273.745554,-3985.778040,-756.012683,38.506389,False,False,False,False,False,False,False,2-circle,-1.000000,-240.938716,98.569968,99.979356,0.020644,1.430032,-4.349461,-86.287468,2.112980,2,0,3,0.0000,0.0000,0.0000,0.5000,"LeadPursuit",0.043156
352,A0100,adaptive_eagle_v9,HABFM,5813.494958,124.675405,17.747358,142.362968,-124.667448,13517.843944,362.090109,19322.084217,-179.649769,-4183.874164,-751.216704,143.549191,False,False,False,False,False,False,False,2-circle,-1.000000,-236.262784,98.569968,99.979356,0.020644,1.430032,-9.482192,-92.570200,1.820500,1,0,4,0.0000,0.0000,0.0000,0.5000,"HeadOnBreak",-0.012203
352,B0100,L7_mid_level_aggressive,HABFM,5813.494958,124.675405,17.747358,142.362968,-124.667448,13517.843944,362.090109,19322.084217,-179.649769,-4183.874164,-751.216704,143.549191,False,False,False,False,False,False,False,2-circle,-1.000000,-236.262784,98.569968,99.979356,0.020644,1.430032,-9.482192,-92.570200,1.820500,2,0,3,0.0000,0.0000,0.0000,0.5000,"LeadPursuit",0.024962
353,A0100,adaptive_eagle_v9,HABFM,6066.795473,123.701642,16.941818,140.578749,-123.681368,13515.008156,362.366636,19328.117167,30.164747,-4276.274953,-749.703822,30.720865,False,False,False,False,False,False,False,2-circle,-1.000000,-230.929507,98.569968,99.979356,0.020644,1.430032,-1.329595,-85.340375,1.438162,1,0,4,0.0000,0.0000,0.0000,0.5000,"HeadOnBreak",-0.003084
353,B0100,L7_mid_level_aggressive,HABFM,6066.795473,123.701642,16.941818,140.578749,-123.681368,13515.008156,362.366636,19328.117167,30.164747,-4276.274953,-749.703822,30.720865,False,False,False,False,False,False,False,2-circle,-1.000000,-230.929507,98.569968,99.979356,0.020644,1.430032,-1.329595,-85.340375,1.438162,2,0,3,0.0000,0.0000,0.0000,0.5000,"LeadPursuit",0.021744
354,A0100,adaptive_eagle_v9,HABFM,6319.417558,122.842735,16.688574,139.494360,-122.820510,13511.666737,362.854809,19340.448889,61.658612,-4288.469460,-746.013009,10.546420,False,False,False,False,False,False,False,2-circle,-1.000000,-224.780179,98.569968,99.979356,0.020644,1.430032,8.114361,-76.660226,1.540894,1,0,4,0.0000,0.0000,0.0000,0.5000,"HeadOnBreak",0.014472
354,B0100,L7_mid_level_aggressive,HABFM,6319.417558,122.842735,16.688574,139.494360,-122.820510,13511.666737,362.854809,19340.448889,61.658612,-4288.469460,-746.013009,10.546420,False,False,False,False,False,False,False,2-circle,-1.000000,-224.780179,98.569968,99.979356,0.020644,1.430032,8.114361,-76.660226,1.540894,2,0,3,0.0000,0.0000,0.0000,0.5000,"LeadPursuit",0.033693
355,A0100,adaptive_eagle_v9,HABFM,6569.466207,121.507518,17.648989,139.142739,-121.493012,13508.633402,362.548578,19327.581324,-64.337824,-4268.507245,-734.013167,9.155021,False,False,False,False,False,False,False,2-circle,-1.000000,-218.059696,98.569968,99.979356,0.020644,1.430032,10.708156,-74.709278,1.944247,1,8,4,0.0000,0.0000,0.0000,0.5000,"HeadOnBreak",0.006708
355,B0100,L7_mid_level_aggressive,HABFM,6569.466207,121.507518,17.648989,139.142739,-121.493012,13508.633402,362.548578,19327.581324,-64.337824,-4268.507245,-734.013167,9.155021,False,False,False,False,False,False,False,2-circle,-1.000000,-218.059696,98.569968,99.979356,0.020644,1.430032,10.708156,-74.709278,1.944247,2,0,3,0.0000,0.0000,0.0000,0.5000,"LeadPursuit",0.056481
356,A0100,adaptive_eagle_v9,HABFM,6814.507225,119.356093,18.216015,137.539230,-119.347381,13506.449207,361.072070,19278.097393,-247.419658,-4346.693139,-717.765810,28.431814,False,False,False,False,False,False,False,2-circle,-1.000000,-212.892571,98.569968,99.979356,0.020644,1.430032,0.977765,-84.949218,2.079790,1,8,4,0.0000,0.0000,0.0000,0.5000,"HeadOnBreak",-0.009435
356,B0100,L7_mid_level_aggressive,HABFM,6814.507225,119.356093,18.216015,137.539230,-119.347381,13506.449207,361.072070,19278.097393,-247.419658,-4346.693139,-717.765810,28.431814,False,False,False,False,False,False,False,2-circle,-1.000000,-212.892571,98.569968,99.979356,0.020644,1.430032,0.977765,-84.949218,2.079790,2,0,3,0.0000,0.0000,0.0000,0.5000,"LeadPursuit",0.054264
357,A0100,adaptive_eagle_v9,HABFM,7054.840700,117.393906,17.668829,134.992370,-117.376545,13504.171026,360.076296,19244.028708,-170.343423,-4492.328929,-707.809381,144.348926,False,False,False,False,False,False,False,2-circle,-1.000000,-209.118445,98.569968,99.979356,0.020644,1.430032,-4.912363,-91.244960,1.860000,1,8,4,0.0000,0.0000,0.0000,0.5000,"HeadOnBreak",-0.016612
357,B0100,L7_mid_level_aggressive,HABFM,7054.840700,117.393906,17.668829,134.992370,-117.376545,13504.171026,360.076296,19244.028708,-170.343423,-4492.328929,-707.809381,144.348926,False,False,False,False,False,False,False,2-circle,-1.000000,-209.118445,98.569968,99.979356,0.020644,1.430032,-4.912363,-91.244960,1.860000,2,0,3,0.0000,0.0000,0.0000,0.5000,"LeadPursuit",0.033517
358,A0100,adaptive_eagle_v9,HABFM,7293.418802,116.214685,16.601130,132.714172,-116.191767,13501.076390,360.395387,19251.111628,35.414600,-4640.224092,-706.267824,24.205985,False,False,False,False,False,False,False,2-circle,-1.000000,-205.436748,98.569968,99.979356,0.020644,1.430032,2.613979,-84.062207,1.552110,1,0,4,0.0000,0.0000,0.0000,0.5000,"HeadOnBreak",-0.009451
358,B0100,L7_mid_level_aggressive,HABFM,7293.418802,116.214685,16.601130,132.714172,-116.191767,13501.076390,360.395387,19251.111628,35.414600,-4640.224092,-706.267824,24.205985,False,False,False,False,False,False,False,2-circle,-1.000000,-205.436748,98.569968,99.979356,0.020644,1.430032,2.613979,-84.062207,1.552110,2,0,3,0.0000,0.0000,0.0000,0.5000,"LeadPursuit",0.029659
359,A0100,adaptive_eagle_v9,HABFM,7531.467348,115.175131,15.983114,131.048267,-115.152501,13497.602904,360.920615,19264.410155,66.492632,-4730.304738,-703.392857,9.655584,False,False,False,False,False,False,False,2-circle,-1.000000,-201.919970,98.569968,99.979356,0.020644,1.430032,11.564383,-75.405052,1.723693,1,0,4,0.0000,0.0000,0.0000,0.5000,"HeadOnBreak",-0.000471
359,B0100,L7_mid_level_aggressive,HABFM,7531.467348,115.175131,15.983114,131.048267,-115.152501,13497.602904,360.920615,19264.410155,66.492632,-4730.304738,-703.392857,9.655584,False,False,False,False,False,False,False,2-circle,-1.000000,-201.919970,98.569968,99.979356,0.020644,1.430032,11.564383,-75.405052,1.723693,2,0,3,0.0000,0.0000,0.0000,0.5000,"LeadPursuit",0.043464
360,A0100,adaptive_eagle_v9,HABFM,7767.701384,113.664586,15.933985,129.518856,-113.648939,13494.563788,360.646635,19252.619017,-58.955687,-4790.354220,-693.966727,8.467200,False,False,False,False,False,False,False,2-circle,-1.000000,-198.867393,98.569968,99.979356,0.020644,1.430032,13.768008,-73.450073,2.193889,1,0,4,0.0000,0.0000,0.0000,0.5000,"HeadOnBreak",0.016201
360,B0100,L7_mid_level_aggressive,HABFM,7767.701384,113.664586,15.933985,129.518856,-113.648939,13494.563788,360.646635,19252.619017,-58.955687,-4790.354220,-693.966727,8.467200,False,False,False,False,False,False,False,2-circle,-1.000000,-198.867393,98.569968,99.979356,0.020644,1.430032,13.768008,-73.450073,2.193889,2,0,3,0.0000,0.0000,0.0000,0.5000,"LeadPursuit",0.069735
361,A0100,adaptive_eagle_v9,HABFM,7998.836405,111.333291,17.052438,128.310382,-111.324142,13492.543900,359.194930,19204.336811,-241.411029,-4833.391365,-673.644460,22.560156,False,False,False,False,False,False,False,2-circle,-1.000000,-196.672032,98.569968,99.979356,0.020644,1.430032,3.814059,-83.611405,2.397046,1,8,4,0.0000,0.0000,0.0000,0.5000,"HeadOnBreak",0.008163
361,B0100,L7_mid_level_aggressive,HABFM,7998.836405,111.333291,17.052438,128.310382,-111.324142,13492.543900,359.194930,19204.336811,-241.411029,-4833.391365,-673.644460,22.560156,False,False,False,False,False,False,False,2-circle,-1.000000,-196.672032,98.569968,99.979356,0.020644,1.430032,3.814059,-83.611405,2.397046,2,0,3,0.0000,0.0000,0.0000,0.5000,"LeadPursuit",0.067033
362,A0100,adaptive_eagle_v9,HABFM,8223.121844,109.203536,17.714415,126.745639,-109.189306,13490.644680,358.209820,19171.150800,-165.930058,-4903.305057,-656.847688,145.100070,False,False,False,False,False,False,False,2-circle,-1.000000,-196.253154,98.569968,99.979356,0.020644,1.430032,-2.262764,-89.849973,2.246189,1,8,4,0.0000,0.0000,0.0000,0.5000,"HeadOnBreak",-0.007500
362,B0100,L7_mid_level_aggressive,HABFM,8223.121844,109.203536,17.714415,126.745639,-109.189306,13490.644680,358.209820,19171.150800,-165.930058,-4903.305057,-656.847688,145.100070,False,False,False,False,False,False,False,2-circle,-1.000000,-196.253154,98.569968,99.979356,0.020644,1.430032,-2.262764,-89.849973,2.246189,2,0,3,0.0000,0.0000,0.0000,0.5000,"LeadPursuit",0.042558
363,A0100,adaptive_eagle_v9,HABFM,8443.741368,107.893528,17.288677,124.918686,-107.875260,13488.110079,358.531668,19178.828541,38.388708,-5003.635673,-651.067681,19.749677,False,False,False,False,False,False,False,2-circle,-1.000000,-197.218538,98.569968,99.979356,0.020644,1.430032,5.016631,-82.698169,2.014203,1,8,4,0.0000,0.0000,0.0000,0.5000,"HeadOnBreak",-0.014247
363,B0100,L7_mid_level_aggressive,HABFM,8443.741368,107.893528,17.288677,124.918686,-107.875260,13488.110079,358.531668,19178.828541,38.388708,-5003.635673,-651.067681,19.749677,False,False,False,False,False,False,False,2-circle,-1.000000,-197.218538,98.569968,99.979356,0.020644,1.430032,5.016631,-82.698169,2.014203,2,0,3,0.0000,0.0000,0.0000,0.5000,"LeadPursuit",0.037698
364,A0100,adaptive_eagle_v9,HABFM,8663.326182,106.746931,16.380066,122.805739,-106.729316,13485.339694,359.058542,19192.795852,69.836555,-5155.949735,-648.931253,8.857894,False,False,False,False,False,False,False,2-circle,-1.000000,-199.068987,98.569968,99.979356,0.020644,1.430032,13.742310,-74.076542,2.257423,1,8,4,0.0000,0.0000,0.0000,0.5000,"HeadOnBreak",-0.010177
364,B0100,L7_mid_level_aggressive,HABFM,8663.326182,106.746931,16.380066,122.805739,-106.729316,13485.339694,359.058542,19192.795852,69.836555,-5155.949735,-648.931253,8.857894,False,False,False,False,False,False,False,2-circle,-1.000000,-199.068987,98.569968,99.979356,0.020644,1.430032,13.742310,-74.076542,2.257423,2,0,3,0.0000,0.0000,0.0000,0.5000,"LeadPursuit",0.053621
365,A0100,adaptive_eagle_v9,HABFM,8881.578414,105.138832,15.731352,120.521628,-105.128957,13483.145210,358.786488,19181.955731,-54.200605,-5324.516209,-641.923642,7.848495,False,False,False,False,False,False,False,2-circle,-1.000000,-202.309626,98.569968,99.979356,0.020644,1.430032,15.758451,-72.139105,2.796080,1,0,4,0.0000,0.0000,0.0000,0.5000,"HeadOnBreak",-0.006111
365,B0100,L7_mid_level_aggressive,HABFM,8881.578414,105.138832,15.731352,120.521628,-105.128957,13483.145210,358.786488,19181.955731,-54.200605,-5324.516209,-641.923642,7.848495,False,False,False,False,False,False,False,2-circle,-1.000000,-202.309626,98.569968,99.979356,0.020644,1.430032,15.758451,-72.139105,2.796080,2,0,3,0.0000,0.0000,0.0000,0.5000,"LeadPursuit",0.085117
366,A0100,adaptive_eagle_v9,HABFM,9096.138180,102.687723,15.323973,117.677834,-102.686177,13482.152394,357.331583,19134.838446,-235.586429,-5503.721978,-626.838421,18.653491,False,False,False,False,False,False,False,2-circle,-1.000000,-207.160630,98.569968,99.979356,0.020644,1.430032,5.703275,-82.248806,3.067577,1,0,4,0.0000,0.0000,0.0000,0.5000,"HeadOnBreak",0.001000
366,B0100,L7_mid_level_aggressive,HABFM,9096.138180,102.687723,15.323973,117.677834,-102.686177,13482.152394,357.331583,19134.838446,-235.586429,-5503.721978,-626.838421,18.653491,False,False,False,False,False,False,False,2-circle,-1.000000,-207.160630,98.569968,99.979356,0.020644,1.430032,5.703275,-82.248806,3.067577,2,0,3,0.0000,0.0000,0.0000,0.5000,"LeadPursuit",0.083843
367,A0100,adaptive_eagle_v9,HABFM,9305.104529,100.399777,15.347220,115.461451,-100.394570,13481.502918,356.330934,19102.574420,-161.320128,-5592.470428,-610.521466,94.454637,False,False,False,False,False,False,False,2-circle,-1.000000,-212.035366,98.569968,99.979356,0.020644,1.430032,-0.455549,-88.456035,2.985566,1,0,4,0.0000,0.0000,0.0000,0.5000,"HeadOnBreak",0.018346
367,B0100,L7_mid_level_aggressive,HABFM,9305.104529,100.399777,15.347220,115.461451,-100.394570,13481.502918,356.330934,19102.574420,-161.320128,-5592.470428,-610.521466,94.454637,False,False,False,False,False,False,False,2-circle,-1.000000,-212.035366,98.569968,99.979356,0.020644,1.430032,-0.455549,-88.456035,2.985566,2,0,3,0.0000,0.0000,0.0000,0.5000,"LeadPursuit",0.054926
368,A0100,adaptive_eagle_v9,HABFM,9508.883541,98.954387,16.542043,115.262534,-98.945730,13480.403900,356.629995,19110.914662,41.701210,-5556.541821,-596.222298,16.736538,False,False,False,False,False,False,False,2-circle,-1.000000,-215.421284,98.569968,99.979356,0.020644,1.430032,6.700489,-81.357395,2.827976,1,8,4,0.0000,0.0000,0.0000,0.5000,"HeadOnBreak",0.012269
368,B0100,L7_mid_level_aggressive,HABFM,9508.883541,98.954387,16.542043,115.262534,-98.945730,13480.403900,356.629995,19110.914662,41.701210,-5556.541821,-596.222298,16.736538,False,False,False,False,False,False,False,2-circle,-1.000000,-215.421284,98.569968,99.979356,0.020644,1.430032,6.700489,-81.357395,2.827976,2,0,3,0.0000,0.0000,0.0000,0.5000,"LeadPursuit",0.064109
369,A0100,adaptive_eagle_v9,HABFM,9707.950086,97.302856,17.426848,114.428972,-97.296513,13479.263958,356.529448,19106.600279,-21.571914,-5587.665089,-581.903714,12.398807,False,False,False,False,False,False,False,2-circle,-1.000000,-219.335563,98.569968,99.979356,0.020644,1.430032,9.703897,-78.402144,2.842966,1,8,4,0.0000,0.0000,0.0000,0.5000,"HeadOnBreak",-0.004199
369,B0100,L7_mid_level_aggressive,HABFM,9707.950086,97.302856,17.426848,114.428972,-97.296513,13479.263958,356.529448,19106.600279,-21.571914,-5587.665089,-581.903714,12.398807,False,False,False,False,False,False,False,2-circle,-1.000000,-219.335563,98.569968,99.979356,0.020644,1.430032,9.703897,-78.402144,2.842966,2,0,3,0.0000,0.0000,0.0000,0.5000,"LeadPursuit",0.100937
370,A0100,adaptive_eagle_v9,HABFM,9901.938456,94.808444,17.205432,111.641413,-94.803550,13478.532316,355.223050,19064.704732,-209.477733,-5758.423271,-565.923630,47.314840,False,False,False,False,False,False,False,2-circle,-1.000000,-225.093151,98.569968,99.979356,0.020644,1.430032,1.223729,-86.910648,2.716075,1,8,4,0.0000,0.0000,0.0000,0.5000,"HeadOnBreak",-0.011023
370,B0100,L7_mid_level_aggressive,HABFM,9901.938456,94.808444,17.205432,111.641413,-94.803550,13478.532316,355.223050,19064.704732,-209.477733,-5758.423271,-565.923630,47.314840,False,False,False,False,False,False,False,2-circle,-1.000000,-225.093151,98.569968,99.979356,0.020644,1.430032,1.223729,-86.910648,2.716075,2,0,4,0.0000,0.0000,0.0000,0.5000,"LeadPursuit",0.097344
371,A0100,adaptive_eagle_v9,HABFM,10091.009164,92.534026,16.514334,108.584329,-92.520106,13477.418299,354.370582,19036.811371,-139.466805,-5966.532819,-554.072778,146.640287,False,False,False,False,False,False,False,2-circle,-1.000000,-231.395303,98.569968,99.979356,0.020644,1.430032,-3.658337,-91.813351,2.334865,1,0,4,0.0000,0.0000,0.0000,0.5000,"HeadOnBreak",-0.005454
371,B0100,L7_mid_level_aggressive,HABFM,10091.009164,92.534026,16.514334,108.584329,-92.520106,13477.418299,354.370582,19036.811371,-139.466805,-5966.532819,-554.072778,146.640287,False,False,False,False,False,False,False,2-circle,-1.000000,-231.395303,98.569968,99.979356,0.020644,1.430032,-3.658337,-91.813351,2.334865,2,0,4,0.0000,0.0000,0.0000,0.5000,"LeadPursuit",0.066302
372,A0100,adaptive_eagle_v9,HABFM,10276.834407,91.044880,16.168851,106.698557,-91.023757,13475.395920,354.776987,19047.547742,53.681854,-6070.125906,-546.173697,25.682711,False,False,False,False,False,False,False,2-circle,-1.000000,-237.337691,98.569968,99.979356,0.020644,1.430032,3.861454,-84.314601,1.942476,1,0,4,0.0000,0.0000,0.0000,0.5000,"HeadOnBreak",-0.067255
372,B0100,L7_mid_level_aggressive,HABFM,10276.834407,91.044880,16.168851,106.698557,-91.023757,13475.395920,354.776987,19047.547742,53.681854,-6070.125906,-546.173697,25.682711,False,False,False,False,False,False,False,2-circle,-1.000000,-237.337691,98.569968,99.979356,0.020644,1.430032,3.861454,-84.314601,1.942476,2,0,4,0.0000,0.0000,0.0000,0.5000,"LeadPursuit",0.060355
373,A0100,adaptive_eagle_v9,HABFM,10459.985083,89.717670,16.294301,105.531295,-89.695082,13472.940389,355.372405,19063.811241,81.317493,-6093.003990,-536.763211,9.972418,False,False,True,False,False,False,False,2-circle,-1.000000,-242.808815,98.569968,99.979356,0.020644,1.430032,12.557320,-75.641258,2.073895,1,0,4,0.0000,0.0000,0.0000,0.5000,"HeadOnBreak",-0.353096
373,B0100,L7_mid_level_aggressive,HABFM,10459.985083,89.717670,16.294301,105.531295,-89.695082,13472.940389,355.372405,19063.811241,81.317493,-6093.003990,-536.763211,9.972418,False,False,True,False,False,False,False,2-circle,-1.000000,-242.808815,98.569968,99.979356,0.020644,1.430032,12.557320,-75.641258,2.073895,2,0,4,0.0000,0.0000,0.0000,0.5000,"LeadPursuit",0.082257
374,A0100,adaptive_eagle_v9,HABFM,10638.736903,87.948153,17.580064,105.083027,-87.932505,13470.849302,355.171850,19055.411507,-41.998670,-6085.942949,-519.473414,8.667848,False,False,True,False,False,False,False,2-circle,-1.000000,-248.265933,98.569968,99.979356,0.020644,1.430032,14.638760,-73.580501,2.530311,1,8,4,0.0000,0.0000,0.0000,0.5000,"HeadOnBreak",-0.532569
374,B0100,L7_mid_level_aggressive,HABFM,10638.736903,87.948153,17.580064,105.083027,-87.932505,13470.849302,355.171850,19055.411507,-41.998670,-6085.942949,-519.473414,8.667848,False,False,True,False,False,False,False,2-circle,-1.000000,-248.265933,98.569968,99.979356,0.020644,1.430032,14.638760,-73.580501,2.530311,2,0,4,0.0000,0.0000,0.0000,0.5000,"LeadPursuit",0.125892
375,A0100,adaptive_eagle_v9,HABFM,10810.739982,85.367981,18.512637,103.311930,-85.358996,13469.716438,353.687183,19007.687761,-238.618731,-6187.621243,-498.106724,22.134266,False,False,True,False,False,False,False,2-circle,-1.000000,-256.159444,98.569968,99.979356,0.020644,1.430032,4.830230,-83.390715,2.739845,1,8,4,0.0000,0.0000,0.0000,0.5000,"HeadOnBreak",-0.516977
375,B0100,L7_mid_level_aggressive,HABFM,10810.739982,85.367981,18.512637,103.311930,-85.358996,13469.716438,353.687183,19007.687761,-238.618731,-6187.621243,-498.106724,22.134266,False,False,True,False,False,False,False,2-circle,-1.000000,-256.159444,98.569968,99.979356,0.020644,1.430032,4.830230,-83.390715,2.739845,2,0,4,0.0000,0.0000,0.0000,0.5000,"LeadPursuit",0.124732
376,A0100,adaptive_eagle_v9,HABFM,10976.348363,82.969857,18.357839,100.612003,-82.954477,13468.707163,352.754940,18977.523177,-150.822915,-6352.061552,-483.151162,147.305156,False,False,True,False,False,False,False,2-circle,-1.000000,-266.123600,98.569968,99.979356,0.020644,1.430032,-1.150162,-89.357517,2.596774,1,8,4,0.0000,0.0000,0.0000,0.5000,"HeadOnBreak",-0.348141
376,B0100,L7_mid_level_aggressive,HABFM,10976.348363,82.969857,18.357839,100.612003,-82.954477,13468.707163,352.754940,18977.523177,-150.822915,-6352.061552,-483.151162,147.305156,False,False,True,False,False,False,False,2-circle,-1.000000,-266.123600,98.569968,99.979356,0.020644,1.430032,-1.150162,-89.357517,2.596774,2,0,4,0.0000,0.0000,0.0000,0.5000,"LeadPursuit",0.085582
377,A0100,adaptive_eagle_v9,HABFM,11138.549003,81.398952,17.769708,98.326013,-81.377252,13467.093984,353.122552,18987.397625,49.372240,-6516.951638,-476.580084,18.829867,False,False,True,False,False,False,False,2-circle,-1.000000,-276.619001,98.569968,99.979356,0.020644,1.430032,5.958194,-82.231870,2.380813,1,8,4,0.0000,0.0000,0.0000,0.5000,"HeadOnBreak",-0.303560
377,B0100,L7_mid_level_aggressive,HABFM,11138.549003,81.398952,17.769708,98.326013,-81.377252,13467.093984,353.122552,18987.397625,49.372240,-6516.951638,-476.580084,18.829867,False,False,True,False,False,False,False,2-circle,-1.000000,-276.619001,98.569968,99.979356,0.020644,1.430032,5.958194,-82.231870,2.380813,2,0,4,0.0000,0.0000,0.0000,0.5000,"LeadPursuit",0.077381
378,A0100,adaptive_eagle_v9,HABFM,11298.756058,80.014870,17.370205,96.458595,-79.993102,13465.256446,353.703933,19003.752318,81.773461,-6653.167968,-470.367538,8.747037,False,False,True,False,False,False,False,2-circle,-1.000000,-287.722964,98.569968,99.979356,0.020644,1.430032,14.510673,-73.658441,2.640394,1,0,4,0.0000,0.0000,0.0000,0.5000,"HeadOnBreak",-0.393718
378,B0100,L7_mid_level_aggressive,HABFM,11298.756058,80.014870,17.370205,96.458595,-79.993102,13465.256446,353.703933,19003.752318,81.773461,-6653.167968,-470.367538,8.747037,False,False,True,False,False,False,False,2-circle,-1.000000,-287.722964,98.569968,99.979356,0.020644,1.430032,14.510673,-73.658441,2.640394,2,0,4,0.0000,0.0000,0.0000,0.5000,"LeadPursuit",0.104985
379,A0100,adaptive_eagle_v9,HABFM,11456.354735,78.185092,17.117988,94.398017,-78.173633,13463.985824,353.496510,18995.987718,-38.822996,-6783.348351,-459.863857,7.757822,False,False,True,False,False,False,False,2-circle,-1.000000,-299.752436,98.569968,99.979356,0.020644,1.430032,16.446350,-71.696389,3.205137,1,0,4,0.0000,0.0000,0.0000,0.5000,"HeadOnBreak",-0.570585
379,B0100,L7_mid_level_aggressive,HABFM,11456.354735,78.185092,17.117988,94.398017,-78.173633,13463.985824,353.496510,18995.987718,-38.822996,-6783.348351,-459.863857,7.757822,False,False,True,False,False,False,False,2-circle,-1.000000,-299.752436,98.569968,99.979356,0.020644,1.430032,16.446350,-71.696389,3.205137,2,0,4,0.0000,0.0000,0.0000,0.5000,"LeadPursuit",0.161556
380,A0100,adaptive_eagle_v9,HABFM,11609.181494,75.520101,17.222962,91.973571,-75.519329,13463.926342,352.000068,18949.190559,-233.985795,-6898.349029,-441.407624,17.385940,False,False,True,False,False,False,False,2-circle,-1.000000,-312.566346,98.569968,99.979356,0.020644,1.430032,6.542021,-81.569769,3.513125,1,0,4,0.0000,0.0000,0.0000,0.5000,"HeadOnBreak",-0.528580
380,B0100,L7_mid_level_aggressive,HABFM,11609.181494,75.520101,17.222962,91.973571,-75.519329,13463.926342,352.000068,18949.190559,-233.985795,-6898.349029,-441.407624,17.385940,False,False,True,False,False,False,False,2-circle,-1.000000,-312.566346,98.569968,99.979356,0.020644,1.430032,6.542021,-81.569769,3.513125,2,0,4,0.0000,0.0000,0.0000,0.5000,"LeadPursuit",0.163033
381,A0100,adaptive_eagle_v9,HABFM,11754.819723,73.020918,18.457518,90.829714,-73.016129,13464.282367,351.037425,18919.585645,-148.024574,-6922.222073,-419.597700,61.546689,False,False,True,False,False,False,False,2-circle,-1.000000,-324.446718,98.569968,99.979356,0.020644,1.430032,0.490158,-87.596348,3.463284,1,0,4,0.0000,0.0000,0.0000,0.5000,"HeadOnBreak",-0.343259
381,B0100,L7_mid_level_aggressive,HABFM,11754.819723,73.020918,18.457518,90.829714,-73.016129,13464.282367,351.037425,18919.585645,-148.024574,-6922.222073,-419.597700,61.546689,False,False,True,False,False,False,False,2-circle,-1.000000,-324.446718,98.569968,99.979356,0.020644,1.430032,0.490158,-87.596348,3.463284,2,0,4,0.0000,0.0000,0.0000,0.5000,"LeadPursuit",0.112565
382,A0100,adaptive_eagle_v9,HABFM,11893.953494,71.385232,19.789207,90.441474,-71.375906,13464.268107,351.369935,18929.911022,51.626887,-6914.060842,-403.522251,15.514666,False,False,True,False,False,False,False,2-circle,-1.000000,-336.232008,98.569968,99.979356,0.020644,1.430032,7.507626,-80.554322,3.342703,1,8,4,0.0000,0.0000,0.0000,0.5000,"HeadOnBreak",-0.397012
382,B0100,L7_mid_level_aggressive,HABFM,11893.953494,71.385232,19.789207,90.441474,-71.375906,13464.268107,351.369935,18929.911022,51.626887,-6914.060842,-403.522251,15.514666,False,False,True,False,False,False,False,2-circle,-1.000000,-336.232008,98.569968,99.979356,0.020644,1.430032,7.507626,-80.554322,3.342703,1,0,4,0.0000,0.0000,0.0000,0.5000,"LeadPursuit",0.130847
383,A0100,adaptive_eagle_v9,UNKNOWN,12028.363836,69.549130,20.498397,89.227984,-69.543079,13464.266181,351.207225,18924.848274,-25.313742,-7020.806809,-389.960870,11.674906,False,False,True,False,False,False,False,1-circle,-1.000000,-349.653477,98.569968,99.979356,0.020644,1.430032,10.500510,-77.527913,3.406882,1,8,4,0.0000,0.0000,0.0000,0.5000,"HeadOnBreak",-0.605613
383,B0100,L7_mid_level_aggressive,UNKNOWN,12028.363836,69.549130,20.498397,89.227984,-69.543079,13464.266181,351.207225,18924.848274,-25.313742,-7020.806809,-389.960870,11.674906,False,False,True,False,False,False,False,1-circle,-1.000000,-349.653477,98.569968,99.979356,0.020644,1.430032,10.500510,-77.527913,3.406882,1,0,4,0.0000,0.0000,0.0000,0.5000,"LeadPursuit",0.203487
384,A0100,adaptive_eagle_v9,UNKNOWN,12158.083244,66.860895,20.431927,86.428230,-66.857688,13464.759078,349.835066,18882.755786,-210.462440,-7224.495742,-374.773545,34.830264,False,False,True,False,False,False,False,1-circle,-1.000000,-364.567833,98.569968,99.979356,0.020644,1.430032,2.242913,-85.743942,3.342755,1,0,4,0.0000,0.0000,0.0000,0.5000,"HeadOnBreak",-0.662922
384,B0100,L7_mid_level_aggressive,UNKNOWN,12158.083244,66.860895,20.431927,86.428230,-66.857688,13464.759078,349.835066,18882.755786,-210.462440,-7224.495742,-374.773545,34.830264,False,False,True,False,False,False,False,1-circle,-1.000000,-364.567833,98.569968,99.979356,0.020644,1.430032,2.242913,-85.743942,3.342755,1,0,4,0.0000,0.0000,0.0000,0.5000,"LeadPursuit",0.236337
385,A0100,adaptive_eagle_v9,UNKNOWN,12282.348162,64.006156,20.366999,83.453859,-63.985476,13464.966751,348.327745,18836.375402,-231.901916,-7401.779899,-358.458754,149.116656,False,False,True,False,False,False,False,1-circle,-1.000000,-379.474654,98.569968,99.979356,0.020644,1.430032,-11.157506,-99.102950,2.589753,1,0,4,0.0000,0.0000,0.0000,0.5000,"HeadOnBreak",-0.523707
385,B0100,L7_mid_level_aggressive,UNKNOWN,12282.348162,64.006156,20.366999,83.453859,-63.985476,13464.966751,348.327745,18836.375402,-231.901916,-7401.779899,-358.458754,149.116656,False,False,True,False,False,False,False,1-circle,-1.000000,-379.474654,98.569968,99.979356,0.020644,1.430032,-11.157506,-99.102950,2.589753,1,0,4,0.0000,0.0000,0.0000,0.5000,"LeadPursuit",0.199212
386,A0100,adaptive_eagle_v9,UNKNOWN,12401.404724,61.816372,20.618339,81.489037,-61.750336,13463.213598,347.892826,18821.217254,-75.790741,-7462.287816,-344.062905,149.300061,False,False,True,False,False,False,False,1-circle,-1.000000,-392.015410,98.569968,99.979356,0.020644,1.430032,-17.325799,-105.242507,1.194243,1,0,4,0.0000,0.0000,0.0000,0.5000,"HeadOnBreak",-0.348839
386,B0100,L7_mid_level_aggressive,UNKNOWN,12401.404724,61.816372,20.618339,81.489037,-61.750336,13463.213598,347.892826,18821.217254,-75.790741,-7462.287816,-344.062905,149.300061,False,False,True,False,False,False,False,1-circle,-1.000000,-392.015410,98.569968,99.979356,0.020644,1.430032,-17.325799,-105.242507,1.194243,1,0,4,0.0000,0.0000,0.0000,0.5000,"LeadPursuit",0.145792
387,A0100,adaptive_eagle_v9,UNKNOWN,12515.323748,60.312118,21.971659,81.366819,-60.199540,13459.128630,348.625788,18839.733206,92.579758,-7402.936465,-328.377196,149.006088,False,False,True,False,False,False,False,1-circle,-1.000000,-400.918129,98.569968,99.979356,0.020644,1.430032,-9.499617,-97.406511,-0.281971,1,0,4,0.0000,0.0000,0.0000,0.5000,"HeadOnBreak",-0.347058
387,B0100,L7_mid_level_aggressive,UNKNOWN,12515.323748,60.312118,21.971659,81.366819,-60.199540,13459.128630,348.625788,18839.733206,92.579758,-7402.936465,-328.377196,149.006088,False,False,True,False,False,False,False,1-circle,-1.000000,-400.918129,98.569968,99.979356,0.020644,1.430032,-9.499617,-97.406511,-0.281971,1,0,4,0.0000,0.0000,0.0000,0.5000,"LeadPursuit",0.149779
388,A0100,adaptive_eagle_v9,UNKNOWN,12623.820004,58.820208,23.391659,81.143559,-58.668742,13453.348334,349.431782,18858.860695,95.637444,-7364.872895,-312.739576,73.661716,False,False,True,False,False,False,False,1-circle,-1.000000,-408.460518,98.569968,99.979356,0.020644,1.430032,-0.078671,-87.982119,-1.088434,1,8,4,0.0000,0.0000,0.0000,0.5000,"HeadOnBreak",-0.372893
388,B0100,L7_mid_level_aggressive,UNKNOWN,12623.820004,58.820208,23.391659,81.143559,-58.668742,13453.348334,349.431782,18858.860695,95.637444,-7364.872895,-312.739576,73.661716,False,False,True,False,False,False,False,1-circle,-1.000000,-408.460518,98.569968,99.979356,0.020644,1.430032,-0.078671,-87.982119,-1.088434,1,0,4,0.0000,0.0000,0.0000,0.5000,"LeadPursuit",0.161417
389,A0100,adaptive_eagle_v9,UNKNOWN,12727.590551,57.265687,24.165209,80.223644,-57.089769,13446.556821,350.109323,18873.051843,70.955740,-7428.690926,-300.987650,13.835731,False,False,True,False,False,False,False,1-circle,-1.000000,-416.628854,98.569968,99.979356,0.020644,1.430032,8.501816,-79.394150,-1.096897,1,8,4,0.0000,0.0000,0.0000,0.5000,"HeadOnBreak",-0.493740
389,B0100,L7_mid_level_aggressive,UNKNOWN,12727.590551,57.265687,24.165209,80.223644,-57.089769,13446.556821,350.109323,18873.051843,70.955740,-7428.690926,-300.987650,13.835731,False,False,True,False,False,False,False,1-circle,-1.000000,-416.628854,98.569968,99.979356,0.020644,1.430032,8.501816,-79.394150,-1.096897,1,0,4,0.0000,0.0000,0.0000,0.5000,"LeadPursuit",0.215052
390,A0100,adaptive_eagle_v9,UNKNOWN,12828.047695,55.277500,24.132192,78.156228,-55.096855,13439.538042,350.009827,18862.949240,-50.513012,-7566.746848,-291.235311,11.766231,False,False,True,False,False,False,False,1-circle,-1.000000,-425.525147,98.569968,99.979356,0.020644,1.430032,10.306125,-77.577975,-0.769588,1,0,4,0.0000,0.0000,0.0000,0.5000,"HeadOnBreak",-0.717023
390,B0100,L7_mid_level_aggressive,UNKNOWN,12828.047695,55.277500,24.132192,78.156228,-55.096855,13439.538042,350.009827,18862.949240,-50.513012,-7566.746848,-291.235311,11.766231,False,False,True,False,False,False,False,1-circle,-1.000000,-425.525147,98.569968,99.979356,0.020644,1.430032,10.306125,-77.577975,-0.769588,1,0,4,0.0000,0.0000,0.0000,0.5000,"LeadPursuit",0.329549
391,A0100,adaptive_eagle_v9,UNKNOWN,12924.545611,52.466816,24.066241,75.277804,-52.272104,13432.748809,348.774163,18817.934315,-225.074628,-7726.273270,-277.395596,59.876256,False,False,True,False,False,False,False,1-circle,-1.000000,-434.889692,98.569968,99.979356,0.020644,1.430032,0.356168,-87.512835,-0.704282,1,0,4,0.0000,0.0000,0.0000,0.5000,"HeadOnBreak",-0.688289
391,B0100,L7_mid_level_aggressive,UNKNOWN,12924.545611,52.466816,24.066241,75.277804,-52.272104,13432.748809,348.774163,18817.934315,-225.074628,-7726.273270,-277.395596,59.876256,False,False,True,False,False,False,False,1-circle,-1.000000,-434.889692,98.569968,99.979356,0.020644,1.430032,0.356168,-87.512835,-0.704282,1,0,4,0.0000,0.0000,0.0000,0.5000,"LeadPursuit",0.339262
392,A0100,adaptive_eagle_v9,UNKNOWN,13016.092565,49.874035,24.321644,72.957319,-49.619444,13425.305741,347.958614,18785.336010,-162.991523,-7797.735429,-262.629981,149.353002,False,False,True,False,False,False,False,1-circle,-1.000000,-443.123602,98.569968,99.979356,0.020644,1.430032,-5.636643,-93.494941,-1.037081,1,0,4,0.0000,0.0000,0.0000,0.5000,"HeadOnBreak",-0.455091
392,B0100,L7_mid_level_aggressive,UNKNOWN,13016.092565,49.874035,24.321644,72.957319,-49.619444,13425.305741,347.958614,18785.336010,-162.991523,-7797.735429,-262.629981,149.353002,False,False,True,False,False,False,False,1-circle,-1.000000,-443.123602,98.569968,99.979356,0.020644,1.430032,-5.636643,-93.494941,-1.037081,1,0,4,0.0000,0.0000,0.0000,0.5000,"LeadPursuit",0.246368
393,A0100,adaptive_eagle_v9,UNKNOWN,13102.279453,48.141896,25.685556,72.661345,-47.832044,13416.619780,348.585697,18795.986918,53.254541,-7736.743089,-246.018292,40.290906,False,False,True,False,False,False,False,1-circle,-1.000000,-448.539606,98.569968,99.979356,0.020644,1.430032,1.556189,-86.303868,-1.478042,1,0,4,0.0000,0.0000,0.0000,0.5000,"HeadOnBreak",-0.406879
393,B0100,L7_mid_level_aggressive,UNKNOWN,13102.279453,48.141896,25.685556,72.661345,-47.832044,13416.619780,348.585697,18795.986918,53.254541,-7736.743089,-246.018292,40.290906,False,False,True,False,False,False,False,1-circle,-1.000000,-448.539606,98.569968,99.979356,0.020644,1.430032,1.556189,-86.303868,-1.478042,1,0,4,0.0000,0.0000,0.0000,0.5000,"LeadPursuit",0.230265
394,A0100,adaptive_eagle_v9,UNKNOWN,13182.845892,46.601581,27.141100,72.485600,-46.259898,13407.164660,349.469061,18813.830452,89.217669,-7688.727164,-230.170524,11.769179,False,False,True,False,False,False,False,1-circle,-1.000000,-453.156358,98.569968,99.979356,0.020644,1.430032,10.306914,-77.557526,-1.437221,1,8,4,0.0000,0.0000,0.0000,0.5000,"HeadOnBreak",-0.554913
394,B0100,L7_mid_level_aggressive,UNKNOWN,13182.845892,46.601581,27.141100,72.485600,-46.259898,13407.164660,349.469061,18813.830452,89.217669,-7688.727164,-230.170524,11.769179,False,False,True,False,False,False,False,1-circle,-1.000000,-453.156358,98.569968,99.979356,0.020644,1.430032,10.306914,-77.557526,-1.437221,1,0,4,0.0000,0.0000,0.0000,0.5000,"LeadPursuit",0.316593
395,A0100,adaptive_eagle_v9,OBFM,13258.565552,44.586352,27.949379,71.225182,-44.245506,13397.708392,349.480963,18804.742448,-45.440018,-7777.626186,-217.216771,9.944427,False,False,True,False,False,False,False,1-circle,-1.000000,-459.093302,98.569968,99.979356,0.020644,1.430032,12.497648,-75.363842,-1.053663,1,0,4,0.0000,0.0000,0.0000,0.5000,"HeadOnBreak",-0.829884
395,B0100,L7_mid_level_aggressive,OBFM,13258.565552,44.586352,27.949379,71.225182,-44.245506,13397.708392,349.480963,18804.742448,-45.440018,-7777.626186,-217.216771,9.944427,False,False,True,False,False,False,False,1-circle,-1.000000,-459.093302,98.569968,99.979356,0.020644,1.430032,12.497648,-75.363842,-1.053663,1,0,4,0.0000,0.0000,0.0000,0.5000,"LeadPursuit",0.493226
396,A0100,adaptive_eagle_v9,OBFM,13330.128538,41.742405,28.260156,68.686445,-41.391855,13388.813627,348.324093,18760.109657,-223.163958,-7900.013847,-203.560006,28.859148,False,False,True,False,False,False,False,1-circle,-1.000000,-466.283693,98.569968,99.979356,0.020644,1.430032,3.010831,-84.840788,-0.901046,1,0,4,0.0000,0.0000,0.0000,0.5000,"HeadOnBreak",-0.795168
396,B0100,L7_mid_level_aggressive,OBFM,13330.128538,41.742405,28.260156,68.686445,-41.391855,13388.813627,348.324093,18760.109657,-223.163958,-7900.013847,-203.560006,28.859148,False,False,True,False,False,False,False,1-circle,-1.000000,-466.283693,98.569968,99.979356,0.020644,1.430032,3.010831,-84.840788,-0.901046,1,0,4,0.0000,0.0000,0.0000,0.5000,"LeadPursuit",0.515799
397,A0100,adaptive_eagle_v9,OBFM,13396.346705,39.143226,29.472585,67.297652,-38.716718,13379.694762,347.593775,18728.490803,-158.094267,-7957.647505,-186.230638,149.600749,False,False,True,False,False,False,False,1-circle,-1.000000,-472.993488,98.569968,99.979356,0.020644,1.430032,-2.635384,-90.478121,-1.110247,1,0,4,0.0000,0.0000,0.0000,0.5000,"HeadOnBreak",-0.541655
397,B0100,L7_mid_level_aggressive,OBFM,13396.346705,39.143226,29.472585,67.297652,-38.716718,13379.694762,347.593775,18728.490803,-158.094267,-7957.647505,-186.230638,149.600749,False,False,True,False,False,False,False,1-circle,-1.000000,-472.993488,98.569968,99.979356,0.020644,1.430032,-2.635384,-90.478121,-1.110247,1,1,4,0.0000,0.0000,0.0000,0.5000,"LeadPursuit",0.383178
398,A0100,adaptive_eagle_v9,OBFM,13456.248353,37.402090,31.350127,67.331979,-36.906522,13369.711515,348.274740,18739.485573,54.973849,-7872.973241,-167.009421,21.821076,False,False,True,False,False,False,False,1-circle,-1.000000,-478.539391,98.569968,99.979356,0.020644,1.430032,4.650212,-83.187755,-1.390429,1,8,4,0.0000,0.0000,0.0000,0.5000,"HeadOnBreak",-0.649057
398,B0100,L7_mid_level_aggressive,OBFM,13456.248353,37.402090,31.350127,67.331979,-36.906522,13369.711515,348.274740,18739.485573,54.973849,-7872.973241,-167.009421,21.821076,False,False,True,False,False,False,False,1-circle,-1.000000,-478.539391,98.569968,99.979356,0.020644,1.430032,4.650212,-83.187755,-1.390429,1,1,4,0.0000,0.0000,0.0000,0.5000,"LeadPursuit",0.468075
399,A0100,adaptive_eagle_v9,OBFM,13510.304812,35.422453,32.545342,66.332207,-34.888262,13359.317392,348.592176,18738.884493,-3.005402,-7894.972391,-152.131418,14.590195,False,False,True,False,False,False,False,1-circle,-1.000000,-485.761113,98.569968,99.979356,0.020644,1.430032,7.947094,-79.877468,-1.457484,1,8,4,0.0000,0.0000,0.0000,0.5000,"HeadOnBreak",-1.006325
399,B0100,L7_mid_level_aggressive,OBFM,13510.304812,35.422453,32.545342,66.332207,-34.888262,13359.317392,348.592176,18738.884493,-3.005402,-7894.972391,-152.131418,14.590195,False,False,True,False,False,False,False,1-circle,-1.000000,-485.761113,98.569968,99.979356,0.020644,1.430032,7.947094,-79.877468,-1.457484,1,1,4,0.0000,0.0000,0.0000,0.5000,"LeadPursuit",0.750695
400,A0100,adaptive_eagle_v9,OBFM,13560.433705,32.608573,32.625700,63.417630,-32.007963,13348.962906,347.709722,18701.327956,-187.782686,-8056.570487,-142.897071,65.727253,False,False,True,False,False,False,False,1-circle,-1.000000,-495.283745,98.569968,99.979356,0.020644,1.430032,0.075367,-87.724623,-1.623890,1,8,4,0.0000,0.0000,0.0000,0.5000,"HeadOnBreak",-0.991295
400,B0100,L7_mid_level_aggressive,OBFM,13560.433705,32.608573,32.625700,63.417630,-32.007963,13348.962906,347.709722,18701.327956,-187.782686,-8056.570487,-142.897071,65.727253,False,False,True,False,False,False,False,1-circle,-1.000000,-495.283745,98.569968,99.979356,0.020644,1.430032,0.075367,-87.724623,-1.623890,1,1,4,0.0000,0.0000,0.0000,0.5000,"LeadPursuit",0.790670
401,A0100,adaptive_eagle_v9,OBFM,13608.292650,30.105791,32.365598,60.380710,-29.342303,13337.959272,347.254187,18676.309216,-125.093698,-8249.253036,-137.937647,149.830374,False,False,True,False,False,False,False,1-circle,-1.000000,-505.415444,98.569968,99.979356,0.020644,1.430032,-4.271514,-92.043581,-2.035198,1,8,4,0.0000,0.0000,0.0000,0.5000,"HeadOnBreak",-0.728919
401,B0100,L7_mid_level_aggressive,OBFM,13608.292650,30.105791,32.365598,60.380710,-29.342303,13337.959272,347.254187,18676.309216,-125.093698,-8249.253036,-137.937647,149.830374,False,False,True,False,False,False,False,1-circle,-1.000000,-505.415444,98.569968,99.979356,0.020644,1.430032,-4.271514,-92.043581,-2.035198,1,1,4,0.0000,0.0000,0.0000,0.5000,"LeadPursuit",0.618211
402,A0100,adaptive_eagle_v9,OBFM,13654.682038,28.393631,32.223890,58.298190,-27.483766,13325.872095,348.059402,18689.007943,63.493633,-8371.140371,-134.182246,26.247986,False,False,True,False,False,False,False,1-circle,-1.000000,-515.390644,98.569968,99.979356,0.020644,1.430032,3.422832,-84.321587,-2.438021,1,0,4,0.0000,0.0000,0.0000,0.5000,"HeadOnBreak",-0.885678
402,B0100,L7_mid_level_aggressive,OBFM,13654.682038,28.393631,32.223890,58.298190,-27.483766,13325.872095,348.059402,18689.007943,63.493633,-8371.140371,-134.182246,26.247986,False,False,True,False,False,False,False,1-circle,-1.000000,-515.390644,98.569968,99.979356,0.020644,1.430032,3.422832,-84.321587,-2.438021,1,1,4,0.0000,0.0000,0.0000,0.5000,"LeadPursuit",0.796258
403,A0100,adaptive_eagle_v9,OBFM,13699.662741,26.385840,32.194762,56.148336,-25.367393,13313.225286,348.469054,18688.992945,-0.074989,-8471.444385,-128.930665,16.265535,False,False,True,False,False,False,False,1-circle,-1.000000,-525.235239,98.569968,99.979356,0.020644,1.430032,6.824208,-80.892785,-2.575902,1,0,4,0.0000,0.0000,0.0000,0.5000,"HeadOnBreak",-1.348285
403,B0100,L7_mid_level_aggressive,OBFM,13699.662741,26.385840,32.194762,56.148336,-25.367393,13313.225286,348.469054,18688.992945,-0.074989,-8471.444385,-128.930665,16.265535,False,False,True,False,False,False,False,1-circle,-1.000000,-525.235239,98.569968,99.979356,0.020644,1.430032,6.824208,-80.892785,-2.575902,1,2,4,0.0000,0.0000,0.0000,0.5000,"LeadPursuit",1.311335
404,A0100,adaptive_eagle_v9,OBFM,13742.337287,23.580135,32.556888,53.614195,-22.377905,13300.450259,347.674188,18651.721391,-186.357767,-8550.251826,-119.684615,114.303894,False,False,True,False,False,False,False,1-circle,-1.000000,-534.616291,98.569968,99.979356,0.020644,1.430032,-0.999116,-88.690120,-2.754105,1,0,4,0.0000,0.0000,0.0000,0.5000,"HeadOnBreak",-1.317990
404,B0100,L7_mid_level_aggressive,OBFM,13742.337287,23.580135,32.556888,53.614195,-22.377905,13300.450259,347.674188,18651.721391,-186.357767,-8550.251826,-119.684615,114.303894,False,False,True,False,False,False,False,1-circle,-1.000000,-534.616291,98.569968,99.979356,0.020644,1.430032,-0.999116,-88.690120,-2.754105,1,2,4,0.0000,0.0000,0.0000,0.5000,"LeadPursuit",1.412721
405,A0100,adaptive_eagle_v9,OBFM,13780.688873,21.196477,34.051968,52.443355,-19.631589,13286.861976,347.311082,18626.961381,-123.800052,-8541.248648,-104.437864,149.915140,False,False,True,False,False,False,False,1-circle,-1.000000,-541.984356,98.569968,99.979356,0.020644,1.430032,-5.231437,-92.904224,-3.157230,1,8,4,0.0000,0.0000,0.0000,0.5000,"HeadOnBreak",-1.000701
405,B0100,L7_mid_level_aggressive,OBFM,13780.688873,21.196477,34.051968,52.443355,-19.631589,13286.861976,347.311082,18626.961381,-123.800052,-8541.248648,-104.437864,149.915140,False,False,True,False,False,False,False,1-circle,-1.000000,-541.984356,98.569968,99.979356,0.020644,1.430032,-5.231437,-92.904224,-3.157230,1,2,4,0.0000,0.0000,0.0000,0.5000,"LeadPursuit",1.146307
406,A0100,adaptive_eagle_v9,OBFM,13814.061836,19.600789,35.291252,51.647755,-17.703385,13272.074416,348.206895,18639.756558,63.975884,-8535.808332,-92.516107,30.002095,False,False,True,False,False,False,False,1-circle,-1.000000,-548.738617,98.569968,99.979356,0.020644,1.430032,2.629678,-85.026558,-3.556361,3,0,4,0.0000,0.0000,0.0000,0.5000,"LeadPursuit",-1.027785
406,B0100,L7_mid_level_aggressive,OBFM,13814.061836,19.600789,35.291252,51.647755,-17.703385,13272.074416,348.206895,18639.756558,63.975884,-8535.808332,-92.516107,30.002095,False,False,True,False,False,False,False,1-circle,-1.000000,-548.738617,98.569968,99.979356,0.020644,1.430032,2.629678,-85.026558,-3.556361,1,2,4,0.0000,0.0000,0.0000,0.5000,"LeadPursuit",1.221641
407,A0100,adaptive_eagle_v9,OBFM,13844.744637,18.100027,35.685540,50.193943,-15.944845,13256.609222,349.299098,18658.017262,91.303522,-8570.011158,-86.557489,10.460485,False,False,True,False,False,False,False,1-circle,-1.000000,-556.273589,98.569968,99.979356,0.020644,1.430032,11.612170,-76.023549,-3.408547,3,0,4,0.0000,0.0000,0.0000,0.5000,"LeadPursuit",-1.489288
407,B0100,L7_mid_level_aggressive,OBFM,13844.744637,18.100027,35.685540,50.193943,-15.944845,13256.609222,349.299098,18658.017262,91.303522,-8570.011158,-86.557489,10.460485,False,False,True,False,False,False,False,1-circle,-1.000000,-556.273589,98.569968,99.979356,0.020644,1.430032,11.612170,-76.023549,-3.408547,1,3,4,0.0000,0.0000,0.0000,0.5000,"LeadPursuit",1.891639
408,A0100,adaptive_eagle_v9,OBFM,13872.792215,16.070813,36.847069,49.098466,-13.727161,13241.281622,349.596719,18651.898159,-30.595517,-8642.330883,-75.883318,8.813359,False,False,True,False,False,False,False,1-circle,-1.000000,-565.242423,98.569968,99.979356,0.020644,1.430032,14.056606,-73.551915,-2.901762,3,0,4,0.0000,0.0000,0.0000,0.5000,"LeadPursuit",-2.422091
408,B0100,L7_mid_level_aggressive,OBFM,13872.792215,16.070813,36.847069,49.098466,-13.727161,13241.281622,349.596719,18651.898159,-30.595517,-8642.330883,-75.883318,8.813359,False,False,True,False,False,False,False,1-circle,-1.000000,-565.242423,98.569968,99.979356,0.020644,1.430032,14.056606,-73.551915,-2.901762,1,3,4,0.0000,0.0000,0.0000,0.5000,"LeadPursuit",3.308874
409,A0100,adaptive_eagle_v9,OBFM,13896.853304,13.418504,38.275365,47.502998,-10.672470,13226.755126,348.713211,18610.058571,-209.197940,-8718.445309,-63.274835,20.268929,False,False,True,False,False,False,False,1-circle,-1.000000,-575.977763,98.569968,99.979356,0.020644,1.430032,4.907382,-82.665693,-2.613158,3,0,4,0.0000,0.0000,0.0000,0.5000,"LeadPursuit",-2.646386
409,B0100,L7_mid_level_aggressive,OBFM,13896.853304,13.418504,38.275365,47.502998,-10.672470,13226.755126,348.713211,18610.058571,-209.197940,-8718.445309,-63.274835,20.268929,False,False,True,False,False,False,False,1-circle,-1.000000,-575.977763,98.569968,99.979356,0.020644,1.430032,4.907382,-82.665693,-2.613158,1,4,4,0.0000,0.0000,0.0000,0.5000,"LeadPursuit",3.875433
410,A0100,adaptive_eagle_v9,OBFM,13916.858643,11.474310,39.734600,46.157461,-7.812227,13212.322920,347.940936,18571.808582,-191.249944,-8778.995317,-51.759285,76.410396,False,False,True,False,False,False,False,1-circle,-1.000000,-586.958726,98.569968,99.979356,0.020644,1.430032,-0.504169,-88.039952,-2.554158,3,0,4,0.0000,0.0000,0.0000,0.5000,"LeadPursuit",-2.179974
410,B0100,L7_mid_level_aggressive,OBFM,13916.858643,11.474310,39.734600,46.157461,-7.812227,13212.322920,347.940936,18571.808582,-191.249944,-8778.995317,-51.759285,76.410396,False,False,True,False,False,False,False,1-circle,-1.000000,-586.958726,98.569968,99.979356,0.020644,1.430032,-0.504169,-88.039952,-2.554158,1,4,4,0.0000,0.0000,0.0000,0.5000,"LeadPursuit",3.314503
411,A0100,adaptive_eagle_v9,OBFM,13932.964854,10.371246,41.126634,45.671422,-5.813742,13197.349466,348.435064,18572.068478,1.299484,-8774.673304,-40.369167,12.134540,False,False,True,False,False,False,False,1-circle,-1.000000,-596.568009,98.569968,99.979356,0.020644,1.430032,9.650963,-77.852513,-2.363053,3,0,4,0.0000,0.0000,0.0000,0.5000,"LeadPursuit",-1.519508
411,B0100,L7_mid_level_aggressive,OBFM,13932.964854,10.371246,41.126634,45.671422,-5.813742,13197.349466,348.435064,18572.068478,1.299484,-8774.673304,-40.369167,12.134540,False,False,True,False,False,False,False,1-circle,-1.000000,-596.568009,98.569968,99.979356,0.020644,1.430032,9.650963,-77.852513,-2.363053,1,4,4,0.0000,0.0000,0.0000,0.5000,"LeadPursuit",2.333360
412,A0100,adaptive_eagle_v9,OBFM,13945.128040,9.738151,42.376180,45.959035,-4.670965,13182.295391,350.166535,18610.564085,192.478033,-8711.460626,-28.968456,4.696172,False,False,True,False,False,False,False,1-circle,-1.000000,-604.301282,98.569968,99.979356,0.020644,1.430032,26.449322,-61.028904,-1.739128,3,0,4,0.0000,0.0000,0.0000,0.5000,"LeadPursuit",-0.204502
412,B0100,L7_mid_level_aggressive,OBFM,13945.128040,9.738151,42.376180,45.959035,-4.670965,13182.295391,350.166535,18610.564085,192.478033,-8711.460626,-28.968456,4.696172,False,False,True,False,False,False,False,1-circle,-1.000000,-604.301282,98.569968,99.979356,0.020644,1.430032,26.449322,-61.028904,-1.739128,1,4,4,0.0000,0.0000,0.0000,0.5000,"LeadPursuit",0.352791
413,A0100,adaptive_eagle_v9,OBFM,13953.220838,9.706052,43.708086,47.320470,-4.466290,13167.255290,352.933008,18681.634315,355.351150,-8562.443526,-15.834526,2.513235,False,False,True,False,False,False,False,1-circle,-1.000000,-609.145872,98.569968,99.979356,0.020644,1.430032,43.225474,-44.238716,-2.997262,3,0,4,0.0000,0.0000,0.0000,0.5000,"LeadPursuit",0.636909
413,B0100,L7_mid_level_aggressive,OBFM,13953.220838,9.706052,43.708086,47.320470,-4.466290,13167.255290,352.933008,18681.634315,355.351150,-8562.443526,-15.834526,2.513235,False,False,True,False,False,False,False,1-circle,-1.000000,-609.145872,98.569968,99.979356,0.020644,1.430032,43.225474,-44.238716,-2.997262,1,4,4,0.0000,0.0000,0.0000,0.5000,"LeadPursuit",-0.910772
414,A0100,adaptive_eagle_v9,OBFM,13956.288302,10.052054,45.092880,49.166043,-4.740351,13151.695033,356.256471,18770.417503,443.915939,-8389.827687,-2.021006,1.416651,False,False,True,False,False,False,False,1-circle,-1.000000,-610.148602,98.569968,99.979356,0.020644,1.430032,58.489474,-28.975626,-5.322391,3,0,4,0.0000,0.0000,0.0000,0.5000,"LeadPursuit",2.003909
414,B0100,L7_mid_level_aggressive,OBFM,13956.288302,10.052054,45.092880,49.166043,-4.740351,13151.695033,356.256471,18770.417503,443.915939,-8389.827687,-2.021006,1.416651,False,False,True,False,False,False,False,1-circle,-1.000000,-610.148602,98.569968,99.979356,0.020644,1.430032,58.489474,-28.975626,-5.322391,1,4,4,0.0000,0.0000,0.0000,0.5000,"LeadPursuit",-2.986700
415,A0100,adaptive_eagle_v9,OBFM,13955.196848,11.433816,46.125905,51.166801,-5.494610,13134.440014,360.434630,18885.727531,576.550139,-8207.487450,8.386603,0.563774,False,False,True,False,False,False,False,1-circle,-1.000000,-606.649412,98.569968,99.979356,0.020644,1.430032,74.922921,-12.560813,-8.149857,3,0,4,0.0000,0.0000,0.0000,0.5000,"LeadPursuit",2.299147
415,B0100,L7_mid_level_aggressive,OBFM,13955.196848,11.433816,46.125905,51.166801,-5.494610,13134.440014,360.434630,18885.727531,576.550139,-8207.487450,8.386603,0.563774,False,False,True,False,False,False,False,1-circle,-1.000000,-606.649412,98.569968,99.979356,0.020644,1.430032,74.922921,-12.560813,-8.149857,1,4,4,0.0000,0.0000,0.0000,0.5000,"LeadPursuit",-3.379962
416,A0100,adaptive_eagle_v9,OBFM,13950.273711,13.435114,47.245871,53.347263,-6.145233,13112.761685,365.199354,19017.111234,656.918519,-7938.438815,19.521191,0.441343,False,False,True,False,False,False,False,1-circle,-1.000000,-595.021443,98.569968,99.979356,0.020644,1.430032,97.549594,10.014528,-11.312786,3,0,4,0.0000,0.0000,0.0000,0.5000,"LeadPursuit",1.624427
416,B0100,L7_mid_level_aggressive,OBFM,13950.273711,13.435114,47.245871,53.347263,-6.145233,13112.761685,365.199354,19017.111234,656.918519,-7938.438815,19.521191,0.441343,False,False,True,False,False,False,False,1-circle,-1.000000,-595.021443,98.569968,99.979356,0.020644,1.430032,97.549594,10.014528,-11.312786,1,4,4,0.0000,0.0000,0.0000,0.5000,"LeadPursuit",-2.279252
417,A0100,adaptive_eagle_v9,OBFM,13940.350313,15.028708,48.983536,55.758063,-6.383256,13085.843392,369.268056,19122.487020,526.878927,-7634.513592,35.713325,1.260695,False,False,True,False,False,False,False,1-circle,-1.000000,-573.788169,98.569968,99.979356,0.020644,1.430032,114.630066,27.005166,-14.116310,3,0,4,0.0000,0.0000,0.0000,0.5000,"LeadPursuit",1.132166
417,B0100,L7_mid_level_aggressive,OBFM,13940.350313,15.028708,48.983536,55.758063,-6.383256,13085.843392,369.268056,19122.487020,526.878927,-7634.513592,35.713325,1.260695,False,False,True,False,False,False,False,1-circle,-1.000000,-573.788169,98.569968,99.979356,0.020644,1.430032,114.630066,27.005166,-14.116310,1,4,4,0.0000,0.0000,0.0000,0.5000,"LeadPursuit",-1.522188
418,A0100,adaptive_eagle_v9,OBFM,13924.841857,16.139708,50.618774,57.810410,-6.638693,13055.031698,371.995998,19181.195330,293.541549,-7440.291598,49.839875,1.381355,False,False,True,False,False,False,False,1-circle,-1.000000,-546.510685,98.569968,99.979356,0.020644,1.430032,117.080580,29.342155,-16.598619,3,0,4,0.0000,0.0000,0.0000,0.5000,"LeadPursuit",0.992546
418,B0100,L7_mid_level_aggressive,OBFM,13924.841857,16.139708,50.618774,57.810410,-6.638693,13055.031698,371.995998,19181.195330,293.541549,-7440.291598,49.839875,1.381355,False,False,True,False,False,False,False,1-circle,-1.000000,-546.510685,98.569968,99.979356,0.020644,1.430032,117.080580,29.342155,-16.598619,1,4,4,0.0000,0.0000,0.0000,0.5000,"LeadPursuit",-1.296192
419,A0100,adaptive_eagle_v9,OBFM,13905.386531,17.149183,51.876879,59.522450,-6.961281,13021.054463,373.475549,19196.046571,74.256205,-7361.165104,59.075040,1.132504,False,False,True,False,False,False,False,1-circle,-1.000000,-515.635034,98.569968,99.979356,0.020644,1.430032,112.682463,24.816563,-18.879898,3,0,4,0.0000,0.0000,0.0000,0.5000,"LeadPursuit",1.067485
419,B0100,L7_mid_level_aggressive,OBFM,13905.386531,17.149183,51.876879,59.522450,-6.961281,13021.054463,373.475549,19196.046571,74.256205,-7361.165104,59.075040,1.132504,False,False,True,False,False,False,False,1-circle,-1.000000,-515.635034,98.569968,99.979356,0.020644,1.430032,112.682463,24.816563,-18.879898,1,4,4,0.0000,0.0000,0.0000,0.5000,"LeadPursuit",-1.345008
420,A0100,adaptive_eagle_v9,OBFM,13883.027746,18.346801,53.140025,61.321249,-7.255338,12984.087891,374.060849,19178.449707,-87.984316,-7305.139535,67.097488,0.611198,False,False,True,False,False,False,False,1-circle,-1.000000,-480.926858,98.569968,99.979356,0.020644,1.430032,102.034447,14.025862,-21.223492,3,0,4,0.0000,0.0000,0.0000,0.5000,"LeadPursuit",1.174385
420,B0100,L7_mid_level_aggressive,OBFM,13883.027746,18.346801,53.140025,61.321249,-7.255338,12984.087891,374.060849,19178.449707,-87.984316,-7305.139535,67.097488,0.611198,False,False,True,False,False,False,False,1-circle,-1.000000,-480.926858,98.569968,99.979356,0.020644,1.430032,102.034447,14.025862,-21.223492,1,4,4,0.0000,0.0000,0.0000,0.5000,"LeadPursuit",-1.417981
421,A0100,adaptive_eagle_v9,OBFM,13858.017960,19.793406,54.350122,63.292729,-7.634357,12943.270511,374.910490,19165.804003,-63.228524,-7219.870230,74.400279,0.258616,False,False,True,False,False,False,False,1-circle,-1.000000,-440.589924,98.569968,99.979356,0.020644,1.430032,94.217592,6.043490,-22.640020,3,0,4,0.0000,0.0000,0.0000,0.5000,"LeadPursuit",0.677833
421,B0100,L7_mid_level_aggressive,OBFM,13858.017960,19.793406,54.350122,63.292729,-7.634357,12943.270511,374.910490,19165.804003,-63.228524,-7219.870230,74.400279,0.258616,False,False,True,False,False,False,False,1-circle,-1.000000,-440.589924,98.569968,99.979356,0.020644,1.430032,94.217592,6.043490,-22.640020,1,4,4,0.0000,0.0000,0.0000,0.5000,"LeadPursuit",-0.764395
422,A0100,adaptive_eagle_v9,OBFM,13830.007883,20.473760,55.713270,65.545978,-8.176301,12899.249733,376.331310,19169.036376,16.161865,-7056.988090,86.099311,0.042817,False,False,True,False,False,False,False,1-circle,-1.000000,-394.212212,98.569968,99.979356,0.020644,1.430032,89.371573,1.007240,-20.969672,3,0,4,0.0000,0.0000,0.0000,0.5000,"LeadPursuit",0.047668
422,B0100,L7_mid_level_aggressive,OBFM,13830.007883,20.473760,55.713270,65.545978,-8.176301,12899.249733,376.331310,19169.036376,16.161865,-7056.988090,86.099311,0.042817,False,False,True,False,False,False,False,1-circle,-1.000000,-394.212212,98.569968,99.979356,0.020644,1.430032,89.371573,1.007240,-20.969672,1,4,4,0.0000,0.0000,0.0000,0.5000,"LeadPursuit",0.002035
423,A0100,adaptive_eagle_v9,OBFM,13796.499121,20.056647,57.631833,68.005693,-8.711220,12854.831531,378.327535,19191.309953,111.367889,-6814.320781,106.860250,0.217715,False,False,True,False,False,False,False,1-circle,-1.000000,-344.321193,98.569968,99.979356,0.020644,1.430032,83.437507,-5.131311,-16.227924,1,0,4,0.0000,0.0000,0.0000,0.5000,"SmartHighYoYo",-0.111915
423,B0100,L7_mid_level_aggressive,OBFM,13796.499121,20.056647,57.631833,68.005693,-8.711220,12854.831531,378.327535,19191.309953,111.367889,-6814.320781,106.860250,0.217715,False,False,True,False,False,False,False,1-circle,-1.000000,-344.321193,98.569968,99.979356,0.020644,1.430032,83.437507,-5.131311,-16.227924,1,4,4,0.0000,0.0000,0.0000,0.5000,"LeadPursuit",0.185227
424,A0100,adaptive_eagle_v9,OBFM,13755.921340,19.391535,59.412135,69.946818,-9.221069,12812.178918,380.889573,19234.769322,217.296843,-6577.130413,127.592797,0.241890,False,False,True,False,False,False,False,1-circle,-1.000000,-295.644500,98.569968,99.979356,0.020644,1.430032,83.037112,-5.731020,-12.051708,1,0,4,0.0000,0.0000,0.0000,0.5000,"SmartHighYoYo",0.233430
424,B0100,L7_mid_level_aggressive,OBFM,13755.921340,19.391535,59.412135,69.946818,-9.221069,12812.178918,380.889573,19234.769322,217.296843,-6577.130413,127.592797,0.241890,False,False,True,False,False,False,False,1-circle,-1.000000,-295.644500,98.569968,99.979356,0.020644,1.430032,83.037112,-5.731020,-12.051708,2,4,4,0.0000,0.0000,0.0000,0.5000,"LeadPursuit",-0.238570
425,A0100,adaptive_eagle_v9,OBFM,13709.608843,19.366243,60.601752,71.383628,-9.896296,12770.447895,384.191511,19304.876054,350.533659,-6365.755483,141.801927,0.009114,False,False,True,False,False,False,False,1-circle,-1.000000,-250.550892,98.569968,99.979356,0.020644,1.430032,89.171163,0.218331,-12.862216,1,0,4,0.0000,0.0000,0.0000,0.5000,"SmartHighYoYo",-0.023311
425,B0100,L7_mid_level_aggressive,OBFM,13709.608843,19.366243,60.601752,71.383628,-9.896296,12770.447895,384.191511,19304.876054,350.533659,-6365.755483,141.801927,0.009114,False,False,True,False,False,False,False,1-circle,-1.000000,-250.550892,98.569968,99.979356,0.020644,1.430032,89.171163,0.218331,-12.862216,2,4,4,0.0000,0.0000,0.0000,0.5000,"LeadPursuit",0.054332
426,A0100,adaptive_eagle_v9,OBFM,13659.510104,18.948065,61.493281,72.597368,-10.659160,12729.434080,386.371129,19338.215547,166.697464,-6272.081469,152.678659,0.031956,False,False,True,False,False,False,False,1-circle,-1.000000,-209.840495,98.569968,99.979356,0.020644,1.430032,89.889110,0.769237,-11.875429,1,0,4,0.0000,0.0000,0.0000,0.5000,"SmartHighYoYo",-0.501336
426,B0100,L7_mid_level_aggressive,OBFM,13659.510104,18.948065,61.493281,72.597368,-10.659160,12729.434080,386.371129,19338.215547,166.697464,-6272.081469,152.678659,0.031956,False,False,True,False,False,False,False,1-circle,-1.000000,-209.840495,98.569968,99.979356,0.020644,1.430032,89.889110,0.769237,-11.875429,2,3,4,0.0000,0.0000,0.0000,0.5000,"LeadPursuit",0.630510
427,A0100,adaptive_eagle_v9,OBFM,13605.392124,17.776391,62.606782,73.952300,-11.318951,12691.934211,387.922588,19353.896894,78.406735,-6192.127106,167.072584,0.282480,False,False,True,False,False,False,False,1-circle,-1.000000,-176.182729,98.569968,99.979356,0.020644,1.430032,82.467145,-6.790896,-6.856264,4,0,3,0.0000,0.0000,0.0000,0.5000,"SmartHighYoYo",-0.962264
427,B0100,L7_mid_level_aggressive,OBFM,13605.392124,17.776391,62.606782,73.952300,-11.318951,12691.934211,387.922588,19353.896894,78.406735,-6192.127106,167.072584,0.282480,False,False,True,False,False,False,False,1-circle,-1.000000,-176.182729,98.569968,99.979356,0.020644,1.430032,82.467145,-6.790896,-6.856264,2,3,4,0.0000,0.0000,0.0000,0.5000,"LeadPursuit",1.226220
428,A0100,adaptive_eagle_v9,OBFM,13546.326256,16.002398,63.860655,75.163423,-11.546678,12660.010852,388.168582,19330.425327,-117.357831,-6168.170640,182.778912,0.779626,False,False,True,False,False,False,False,1-circle,-1.000000,-151.289449,98.569968,99.979356,0.020644,1.430032,71.163521,-18.196379,-3.456743,1,0,4,0.0000,0.0000,0.0000,0.5000,"SmartHighYoYo",-1.464483
428,B0100,L7_mid_level_aggressive,OBFM,13546.326256,16.002398,63.860655,75.163423,-11.546678,12660.010852,388.168582,19330.425327,-117.357831,-6168.170640,182.778912,0.779626,False,False,True,False,False,False,False,1-circle,-1.000000,-151.289449,98.569968,99.979356,0.020644,1.430032,71.163521,-18.196379,-3.456743,2,3,4,0.0000,0.0000,0.0000,0.5000,"LeadPursuit",1.948253
429,A0100,adaptive_eagle_v9,OBFM,13481.968028,13.770028,65.207830,75.794479,-10.919358,12635.404173,387.510340,19283.214930,-236.051986,-6187.507444,199.049352,1.791936,False,False,True,False,False,False,False,1-circle,-1.000000,-136.089613,98.569968,99.979356,0.020644,1.430032,52.403126,-37.018020,-0.911514,1,0,4,0.0000,0.0000,0.0000,0.5000,"SmartHighYoYo",-1.339392
429,B0100,L7_mid_level_aggressive,OBFM,13481.968028,13.770028,65.207830,75.794479,-10.919358,12635.404173,387.510340,19283.214930,-236.051986,-6187.507444,199.049352,1.791936,False,False,True,False,False,False,False,1-circle,-1.000000,-136.089613,98.569968,99.979356,0.020644,1.430032,52.403126,-37.018020,-0.911514,2,4,4,0.0000,0.0000,0.0000,0.5000,"LeadPursuit",1.882556
430,A0100,adaptive_eagle_v9,OBFM,13412.238533,12.020025,66.559966,76.219640,-9.988040,12616.660345,387.745399,19272.538537,-53.381963,-6164.633541,215.100638,2.666044,False,False,True,False,False,False,False,1-circle,-1.000000,-128.196283,98.569968,99.979356,0.020644,1.430032,41.154975,-48.296481,1.390508,1,0,4,0.0000,0.0000,0.0000,0.5000,"SmartHighYoYo",-0.704407
430,B0100,L7_mid_level_aggressive,OBFM,13412.238533,12.020025,66.559966,76.219640,-9.988040,12616.660345,387.745399,19272.538537,-53.381963,-6164.633541,215.100638,2.666044,False,False,True,False,False,False,False,1-circle,-1.000000,-128.196283,98.569968,99.979356,0.020644,1.430032,41.154975,-48.296481,1.390508,2,4,4,0.0000,0.0000,0.0000,0.5000,"LeadPursuit",1.048355
431,A0100,adaptive_eagle_v9,OBFM,13337.225574,11.137448,67.873914,77.204711,-9.617742,12601.537694,389.059136,19302.594431,150.279467,-6093.236747,230.438937,2.161757,False,False,True,False,False,False,False,1-circle,-1.000000,-124.296153,98.569968,99.979356,0.020644,1.430032,47.076778,-42.387823,2.708306,1,0,4,0.0000,0.0000,0.0000,0.5000,"SmartHighYoYo",0.138502
431,B0100,L7_mid_level_aggressive,OBFM,13337.225574,11.137448,67.873914,77.204711,-9.617742,12601.537694,389.059136,19302.594431,150.279467,-6093.236747,230.438937,2.161757,False,False,True,False,False,False,False,1-circle,-1.000000,-124.296153,98.569968,99.979356,0.020644,1.430032,47.076778,-42.387823,2.708306,2,4,4,0.0000,0.0000,0.0000,0.5000,"LeadPursuit",-0.130154
432,A0100,adaptive_eagle_v9,OBFM,13256.872222,11.172496,69.394169,79.110292,-9.949962,12588.516963,391.641764,19378.834052,381.198105,-5926.473246,248.070974,1.362393,False,False,True,False,False,False,False,1-circle,-1.000000,-121.691462,98.569968,99.979356,0.020644,1.430032,59.410010,-30.061949,2.398659,1,0,4,0.0000,0.0000,0.0000,0.5000,"SmartHighYoYo",0.509658
432,B0100,L7_mid_level_aggressive,OBFM,13256.872222,11.172496,69.394169,79.110292,-9.949962,12588.516963,391.641764,19378.834052,381.198105,-5926.473246,248.070974,1.362393,False,False,True,False,False,False,False,1-circle,-1.000000,-121.691462,98.569968,99.979356,0.020644,1.430032,59.410010,-30.061949,2.398659,2,4,4,0.0000,0.0000,0.0000,0.5000,"LeadPursuit",-0.628821
433,A0100,adaptive_eagle_v9,OBFM,13169.601557,11.591713,71.420254,81.813532,-10.615029,12576.559360,394.461605,19465.009706,430.878271,-5692.093095,270.704519,0.489029,False,False,True,False,False,False,False,1-circle,-1.000000,-119.151536,98.569968,99.979356,0.020644,1.430032,77.665131,-11.813595,1.759064,2,0,4,0.0000,0.0000,0.0000,0.5000,"LeadPursuit",0.605406
433,B0100,L7_mid_level_aggressive,OBFM,13169.601557,11.591713,71.420254,81.813532,-10.615029,12576.559360,394.461605,19465.009706,430.878271,-5692.093095,270.704519,0.489029,False,False,True,False,False,False,False,1-circle,-1.000000,-119.151536,98.569968,99.979356,0.020644,1.430032,77.665131,-11.813595,1.759064,2,4,4,0.0000,0.0000,0.0000,0.5000,"LeadPursuit",-0.773275
434,A0100,adaptive_eagle_v9,OBFM,13075.406723,12.150322,72.960480,84.153587,-11.452607,12565.819461,396.849025,19537.904791,364.475425,-5541.820590,287.594634,0.004797,False,False,True,False,False,False,False,1-circle,-1.000000,-119.107758,98.569968,99.979356,0.020644,1.430032,89.355951,-0.118213,0.595844,2,0,4,0.0000,0.0000,0.0000,0.5000,"LeadPursuit",0.636193
434,B0100,L7_mid_level_aggressive,OBFM,13075.406723,12.150322,72.960480,84.153587,-11.452607,12565.819461,396.849025,19537.904791,364.475425,-5541.820590,287.594634,0.004797,False,False,True,False,False,False,False,1-circle,-1.000000,-119.107758,98.569968,99.979356,0.020644,1.430032,89.355951,-0.118213,0.595844,2,4,4,0.0000,0.0000,0.0000,0.5000,"LeadPursuit",-0.820488
435,A0100,adaptive_eagle_v9,OBFM,12976.712256,12.783286,74.057052,86.180444,-12.380733,12557.166908,398.236258,19578.080927,200.880678,-5509.438714,298.566582,0.000831,False,False,True,False,False,False,False,1-circle,-1.000000,-123.493777,98.569968,99.979356,0.020644,1.430032,89.469968,0.020544,-0.125183,2,0,4,0.0000,0.0000,0.0000,0.5000,"LeadPursuit",0.747195
435,B0100,L7_mid_level_aggressive,OBFM,12976.712256,12.783286,74.057052,86.180444,-12.380733,12557.166908,398.236258,19578.080927,200.880678,-5509.438714,298.566582,0.000831,False,False,True,False,False,False,False,1-circle,-1.000000,-123.493777,98.569968,99.979356,0.020644,1.430032,89.469968,0.020544,-0.125183,2,4,4,0.0000,0.0000,0.0000,0.5000,"LeadPursuit",-0.946714
436,A0100,adaptive_eagle_v9,OBFM,12874.309738,13.647253,75.224832,88.301857,-13.342505,12550.466924,400.233029,19641.963696,319.413846,-5441.607302,310.542100,0.040511,False,False,True,False,False,False,False,1-circle,-1.000000,-131.556130,98.569968,99.979356,0.020644,1.430032,90.413478,1.006203,-0.216638,2,0,4,0.0000,0.0000,0.0000,0.5000,"LeadPursuit",0.746092
436,B0100,L7_mid_level_aggressive,OBFM,12874.309738,13.647253,75.224832,88.301857,-13.342505,12550.466924,400.233029,19641.963696,319.413846,-5441.607302,310.542100,0.040511,False,False,True,False,False,False,False,1-circle,-1.000000,-131.556130,98.569968,99.979356,0.020644,1.430032,90.413478,1.006203,-0.216638,2,3,4,0.0000,0.0000,0.0000,0.5000,"LeadPursuit",-0.917900
437,A0100,adaptive_eagle_v9,OBFM,12767.797739,14.550669,76.428239,90.543058,-14.353231,12544.619762,401.958610,19697.397488,277.168961,-5370.697300,322.528442,0.023164,False,False,True,False,False,False,False,2-circle,-1.000000,-141.308307,98.569968,99.979356,0.020644,1.430032,88.778377,-0.577727,-0.297842,2,0,4,0.0000,0.0000,0.0000,0.5000,"LeadPursuit",0.558479
437,B0100,L7_mid_level_aggressive,OBFM,12767.797739,14.550669,76.428239,90.543058,-14.353231,12544.619762,401.958610,19697.397488,277.168961,-5370.697300,322.528442,0.023164,False,False,True,False,False,False,False,2-circle,-1.000000,-141.308307,98.569968,99.979356,0.020644,1.430032,88.778377,-0.577727,-0.297842,2,3,4,0.0000,0.0000,0.0000,0.5000,"LeadPursuit",-0.658450
438,A0100,adaptive_eagle_v9,OBFM,12657.562122,15.184038,77.571985,92.559240,-15.129904,12541.209713,402.170040,19701.514129,20.583207,-5368.547953,332.821295,0.641292,False,False,True,False,False,False,False,2-circle,-1.000000,-153.282256,98.569968,99.979356,0.020644,1.430032,73.688657,-15.604400,-0.359400,2,0,4,0.0000,0.0000,0.0000,0.5000,"LeadPursuit",0.332337
438,B0100,L7_mid_level_aggressive,OBFM,12657.562122,15.184038,77.571985,92.559240,-15.129904,12541.209713,402.170040,19701.514129,20.583207,-5368.547953,332.821295,0.641292,False,False,True,False,False,False,False,2-circle,-1.000000,-153.282256,98.569968,99.979356,0.020644,1.430032,73.688657,-15.604400,-0.359400,2,3,4,0.0000,0.0000,0.0000,0.5000,"LeadPursuit",-0.354714
439,A0100,adaptive_eagle_v9,OBFM,12543.697732,15.515310,78.902187,94.346229,-15.509483,12540.965476,402.195395,19702.172790,3.293303,-5337.821033,345.611867,1.704864,False,False,True,False,False,False,False,2-circle,-1.000000,-167.026208,98.569968,99.979356,0.020644,1.430032,52.624913,-36.594784,-0.319186,2,0,4,0.0000,0.0000,0.0000,0.5000,"LeadPursuit",0.032523
439,B0100,L7_mid_level_aggressive,OBFM,12543.697732,15.515310,78.902187,94.346229,-15.509483,12540.965476,402.195395,19702.172790,3.293303,-5337.821033,345.611867,1.704864,False,False,True,False,False,False,False,2-circle,-1.000000,-167.026208,98.569968,99.979356,0.020644,1.430032,52.624913,-36.594784,-0.319186,2,3,4,0.0000,0.0000,0.0000,0.5000,"LeadPursuit",0.020979
440,A0100,adaptive_eagle_v9,OBFM,12425.068585,15.424752,80.227975,95.627744,-15.426419,12542.652558,401.978818,19696.149496,-30.116469,-5323.481161,359.040245,3.699332,False,False,True,False,False,False,False,2-circle,-1.000000,-181.003773,98.569968,99.979356,0.020644,1.430032,30.981692,-58.160993,0.527642,2,0,4,0.0000,0.0000,0.0000,0.5000,"LeadPursuit",-0.636505
440,B0100,L7_mid_level_aggressive,OBFM,12425.068585,15.424752,80.227975,95.627744,-15.426419,12542.652558,401.978818,19696.149496,-30.116469,-5323.481161,359.040245,3.699332,False,False,True,False,False,False,False,2-circle,-1.000000,-181.003773,98.569968,99.979356,0.020644,1.430032,30.981692,-58.160993,0.527642,2,3,4,0.0000,0.0000,0.0000,0.5000,"LeadPursuit",0.848636
441,A0100,adaptive_eagle_v9,OBFM,12302.456756,14.388241,81.181253,95.564528,-14.386165,12545.781012,401.689506,19688.984631,-35.824328,-5350.770407,370.559053,12.472482,False,False,True,False,False,False,False,2-circle,-1.000000,-195.127250,98.569968,99.979356,0.020644,1.430032,9.504568,-79.557648,2.594459,2,0,4,0.0000,0.0000,0.0000,0.5000,"LeadPursuit",-1.073667
441,B0100,L7_mid_level_aggressive,OBFM,12302.456756,14.388241,81.181253,95.564528,-14.386165,12545.781012,401.689506,19688.984631,-35.824328,-5350.770407,370.559053,12.472482,False,False,True,False,False,False,False,2-circle,-1.000000,-195.127250,98.569968,99.979356,0.020644,1.430032,9.504568,-79.557648,2.594459,2,3,4,0.0000,0.0000,0.0000,0.5000,"LeadPursuit",1.464588
442,A0100,adaptive_eagle_v9,OBFM,12175.522912,12.908158,82.358944,95.258152,-12.910044,12549.114556,401.631485,19690.254754,6.350618,-5319.517108,385.428581,131.702416,False,False,True,False,False,False,False,2-circle,-1.000000,-207.228938,98.569968,99.979356,0.020644,1.430032,-9.505320,-98.493911,2.696018,2,0,4,0.0000,0.0000,0.0000,0.5000,"LeadPursuit",-0.974866
442,B0100,L7_mid_level_aggressive,OBFM,12175.522912,12.908158,82.358944,95.258152,-12.910044,12549.114556,401.631485,19690.254754,6.350618,-5319.517108,385.428581,131.702416,False,False,True,False,False,False,False,2-circle,-1.000000,-207.228938,98.569968,99.979356,0.020644,1.430032,-9.505320,-98.493911,2.696018,2,4,4,0.0000,0.0000,0.0000,0.5000,"LeadPursuit",1.421963
443,A0100,adaptive_eagle_v9,OBFM,12042.417989,11.756181,84.131345,95.830474,-11.727846,12550.740853,401.935246,19702.687095,62.161704,-5209.885528,405.962600,131.604046,False,False,True,False,False,False,False,2-circle,-1.000000,-214.986753,98.569968,99.979356,0.020644,1.430032,-17.163565,-106.096951,1.911946,2,0,4,0.0000,0.0000,0.0000,0.5000,"LeadPursuit",-0.025813
443,B0100,L7_mid_level_aggressive,OBFM,12042.417989,11.756181,84.131345,95.830474,-11.727846,12550.740853,401.935246,19702.687095,62.161704,-5209.885528,405.962600,131.604046,False,False,True,False,False,False,False,2-circle,-1.000000,-214.986753,98.569968,99.979356,0.020644,1.430032,-17.163565,-106.096951,1.911946,2,4,4,0.0000,0.0000,0.0000,0.5000,"LeadPursuit",0.116023
444,A0100,adaptive_eagle_v9,OBFM,11902.704489,11.748409,85.552707,97.170902,-11.670046,12550.512738,404.203292,19783.400924,403.569147,-5067.196031,422.935024,130.896320,False,False,True,False,False,False,False,2-circle,-1.000000,-220.571327,98.569968,99.979356,0.020644,1.430032,-7.353377,-96.239748,1.925096,2,0,4,0.0000,0.0000,0.0000,0.5000,"LeadPursuit",0.399575
444,B0100,L7_mid_level_aggressive,OBFM,11902.704489,11.748409,85.552707,97.170902,-11.670046,12550.512738,404.203292,19783.400924,403.569147,-5067.196031,422.935024,130.896320,False,False,True,False,False,False,False,2-circle,-1.000000,-220.571327,98.569968,99.979356,0.020644,1.430032,-7.353377,-96.239748,1.925096,2,4,4,0.0000,0.0000,0.0000,0.5000,"LeadPursuit",-0.494865
445,A0100,adaptive_eagle_v9,OBFM,11758.144308,12.215616,86.526605,98.554906,-12.101594,12549.260270,407.348848,19895.160796,558.799360,-4939.209080,435.439699,11.545811,False,False,True,False,False,False,False,2-circle,-1.000000,-226.247390,98.569968,99.979356,0.020644,1.430032,9.949376,-78.886948,1.954355,2,0,4,0.0000,0.0000,0.0000,0.5000,"LeadPursuit",0.461597
445,B0100,L7_mid_level_aggressive,OBFM,11758.144308,12.215616,86.526605,98.554906,-12.101594,12549.260270,407.348848,19895.160796,558.799360,-4939.209080,435.439699,11.545811,False,False,True,False,False,False,False,2-circle,-1.000000,-226.247390,98.569968,99.979356,0.020644,1.430032,9.949376,-78.886948,1.954355,2,4,4,0.0000,0.0000,0.0000,0.5000,"LeadPursuit",-0.568319
446,A0100,adaptive_eagle_v9,OBFM,11609.391130,12.744694,87.556691,100.082600,-12.609719,12547.421481,410.355879,20002.176516,535.078600,-4804.695553,448.228214,3.952486,False,False,True,False,False,False,False,2-circle,-1.000000,-231.977811,98.569968,99.979356,0.020644,1.430032,28.456992,-60.326216,1.901510,2,0,4,0.0000,0.0000,0.0000,0.5000,"LeadPursuit",0.737020
446,B0100,L7_mid_level_aggressive,OBFM,11609.391130,12.744694,87.556691,100.082600,-12.609719,12547.421481,410.355879,20002.176516,535.078600,-4804.695553,448.228214,3.952486,False,False,True,False,False,False,False,2-circle,-1.000000,-231.977811,98.569968,99.979356,0.020644,1.430032,28.456992,-60.326216,1.901510,2,4,4,0.0000,0.0000,0.0000,0.5000,"LeadPursuit",-0.922904
447,A0100,adaptive_eagle_v9,OBFM,11456.323358,13.648337,88.596364,102.002666,-13.490473,12545.126614,413.651963,20120.119627,589.715555,-4641.768800,460.646389,1.884659,False,False,True,False,False,False,False,2-circle,-1.000000,-237.001934,98.569968,99.979356,0.020644,1.430032,48.590868,-40.139882,1.601083,2,0,4,0.0000,0.0000,0.0000,0.5000,"LeadPursuit",0.830750
447,B0100,L7_mid_level_aggressive,OBFM,11456.323358,13.648337,88.596364,102.002666,-13.490473,12545.126614,413.651963,20120.119627,589.715555,-4641.768800,460.646389,1.884659,False,False,True,False,False,False,False,2-circle,-1.000000,-237.001934,98.569968,99.979356,0.020644,1.430032,48.590868,-40.139882,1.601083,2,3,4,0.0000,0.0000,0.0000,0.5000,"LeadPursuit",-1.005042
448,A0100,adaptive_eagle_v9,OBFM,11298.968610,14.726129,89.850361,104.319921,-14.540604,12542.252161,416.711270,20229.706508,547.934403,-4447.465954,474.451248,0.756958,False,False,True,False,False,False,False,2-circle,-1.000000,-240.147151,98.569968,99.979356,0.020644,1.430032,69.851987,-18.833273,1.069797,2,0,4,0.0000,0.0000,0.0000,0.5000,"LeadPursuit",0.808577
448,B0100,L7_mid_level_aggressive,OBFM,11298.968610,14.726129,89.850361,104.319921,-14.540604,12542.252161,416.711270,20229.706508,547.934403,-4447.465954,474.451248,0.756958,False,False,True,False,False,False,False,2-circle,-1.000000,-240.147151,98.569968,99.979356,0.020644,1.430032,69.851987,-18.833273,1.069797,2,3,4,0.0000,0.0000,0.0000,0.5000,"LeadPursuit",-1.241262
449,A0100,adaptive_eagle_v9,OBFM,11136.119866,15.751668,91.589210,107.115653,-15.590866,12538.971833,418.996762,20310.982585,406.380386,-4238.482765,492.168675,0.306032,False,False,True,False,False,False,False,2-circle,-1.000000,-241.558430,98.569968,99.979356,0.020644,1.430032,80.754578,-7.891568,0.811082,2,0,4,0.0000,0.0000,0.0000,0.5000,"LeadPursuit",0.658610
449,B0100,L7_mid_level_aggressive,OBFM,11136.119866,15.751668,91.589210,107.115653,-15.590866,12538.971833,418.996762,20310.982585,406.380386,-4238.482765,492.168675,0.306032,False,False,True,False,False,False,False,2-circle,-1.000000,-241.558430,98.569968,99.979356,0.020644,1.430032,80.754578,-7.891568,0.811082,2,3,4,0.0000,0.0000,0.0000,0.5000,"LeadPursuit",-0.988070
450,A0100,adaptive_eagle_v9,OBFM,10968.188328,16.539334,92.805343,109.216460,-16.475763,12537.082692,419.857035,20341.040774,150.290947,-4168.262293,503.442088,0.681438,False,False,True,False,False,False,False,2-circle,-1.000000,-245.499429,98.569968,99.979356,0.020644,1.430032,71.405486,-17.183868,0.856171,2,0,4,0.0000,0.0000,0.0000,0.5000,"LeadPursuit",0.387710
450,B0100,L7_mid_level_aggressive,OBFM,10968.188328,16.539334,92.805343,109.216460,-16.475763,12537.082692,419.857035,20341.040774,150.290947,-4168.262293,503.442088,0.681438,False,False,True,False,False,False,False,2-circle,-1.000000,-245.499429,98.569968,99.979356,0.020644,1.430032,71.405486,-17.183868,0.856171,2,3,4,0.0000,0.0000,0.0000,0.5000,"LeadPursuit",-0.576700
451,A0100,adaptive_eagle_v9,OBFM,10797.586613,16.922983,93.572080,110.453599,-16.920980,12538.270232,419.592402,20332.393842,-43.234662,-4222.599508,509.972629,1.619691,False,False,True,False,False,False,False,2-circle,-1.000000,-254.849008,98.569968,99.979356,0.020644,1.430032,52.195769,-36.300993,0.784496,2,0,4,0.0000,0.0000,0.0000,0.5000,"LeadPursuit",0.216891
451,B0100,L7_mid_level_aggressive,OBFM,10797.586613,16.922983,93.572080,110.453599,-16.920980,12538.270232,419.592402,20332.393842,-43.234662,-4222.599508,509.972629,1.619691,False,False,True,False,False,False,False,2-circle,-1.000000,-254.849008,98.569968,99.979356,0.020644,1.430032,52.195769,-36.300993,0.784496,2,3,4,0.0000,0.0000,0.0000,0.5000,"LeadPursuit",-0.386593
452,A0100,adaptive_eagle_v9,OBFM,10624.661797,17.106693,94.450234,111.535712,-17.112266,12541.877664,419.527528,20333.591312,5.987352,-4257.308981,518.338681,3.527606,False,False,True,False,False,False,False,2-circle,-1.000000,-268.483017,98.569968,99.979356,0.020644,1.430032,30.381409,-57.990791,0.910495,2,0,4,0.0000,0.0000,0.0000,0.5000,"LeadPursuit",-0.064769
452,B0100,L7_mid_level_aggressive,OBFM,10624.661797,17.106693,94.450234,111.535712,-17.112266,12541.877664,419.527528,20333.591312,5.987352,-4257.308981,518.338681,3.527606,False,False,True,False,False,False,False,2-circle,-1.000000,-268.483017,98.569968,99.979356,0.020644,1.430032,30.381409,-57.990791,0.910495,2,3,4,0.0000,0.0000,0.0000,0.5000,"LeadPursuit",-0.066452
453,A0100,adaptive_eagle_v9,OBFM,10448.699337,16.877169,95.405758,112.260771,-16.883575,12546.437348,419.204726,20326.165099,-37.131068,-4293.825560,528.233068,12.156523,False,False,True,False,False,False,False,2-circle,-1.000000,-284.171505,98.569968,99.979356,0.020644,1.430032,8.514515,-79.712067,1.376319,2,0,4,0.0000,0.0000,0.0000,0.5000,"LeadPursuit",-0.784452
453,B0100,L7_mid_level_aggressive,OBFM,10448.699337,16.877169,95.405758,112.260771,-16.883575,12546.437348,419.204726,20326.165099,-37.131068,-4293.825560,528.233068,12.156523,False,False,True,False,False,False,False,2-circle,-1.000000,-284.171505,98.569968,99.979356,0.020644,1.430032,8.514515,-79.712067,1.376319,2,3,4,0.0000,0.0000,0.0000,0.5000,"LeadPursuit",0.806199
454,A0100,adaptive_eagle_v9,OBFM,10269.062149,15.613896,96.343554,111.902162,-15.610964,12550.692452,418.714028,20312.217806,-69.736466,-4326.605414,540.198812,126.548770,False,False,True,False,False,False,False,2-circle,-1.000000,-299.680561,98.569968,99.979356,0.020644,1.430032,-13.401890,-101.474131,1.461844,2,0,4,0.0000,0.0000,0.0000,0.5000,"LeadPursuit",-0.993307
454,B0100,L7_mid_level_aggressive,OBFM,10269.062149,15.613896,96.343554,111.902162,-15.610964,12550.692452,418.714028,20312.217806,-69.736466,-4326.605414,540.198812,126.548770,False,False,True,False,False,False,False,2-circle,-1.000000,-299.680561,98.569968,99.979356,0.020644,1.430032,-13.401890,-101.474131,1.461844,2,3,4,0.0000,0.0000,0.0000,0.5000,"LeadPursuit",1.075394
455,A0100,adaptive_eagle_v9,OBFM,10084.991398,14.334853,97.520202,111.646815,-14.228934,12552.474921,418.545087,20307.738365,-22.397203,-4302.154907,554.571197,126.594596,False,False,True,False,False,False,False,2-circle,-1.000000,-311.725688,98.569968,99.979356,0.020644,1.430032,-24.077234,-112.007285,0.066778,2,0,4,0.0000,0.0000,0.0000,0.5000,"LeadPursuit",-0.765106
455,B0100,L7_mid_level_aggressive,OBFM,10084.991398,14.334853,97.520202,111.646815,-14.228934,12552.474921,418.545087,20307.738365,-22.397203,-4302.154907,554.571197,126.594596,False,False,True,False,False,False,False,2-circle,-1.000000,-311.725688,98.569968,99.979356,0.020644,1.430032,-24.077234,-112.007285,0.066778,2,3,4,0.0000,0.0000,0.0000,0.5000,"LeadPursuit",0.833888
456,A0100,adaptive_eagle_v9,OBFM,9895.683504,13.535007,98.680956,111.744955,-13.216374,12550.862393,419.178668,20329.622985,109.423101,-4241.895122,568.408357,126.414303,False,False,True,False,False,False,False,2-circle,-1.000000,-319.207099,98.569968,99.979356,0.020644,1.430032,-17.970474,-105.778900,-1.573025,2,0,4,0.0000,0.0000,0.0000,0.5000,"LeadPursuit",-0.972469
456,B0100,L7_mid_level_aggressive,OBFM,9895.683504,13.535007,98.680956,111.744955,-13.216374,12550.862393,419.178668,20329.622985,109.423101,-4241.895122,568.408357,126.414303,False,False,True,False,False,False,False,2-circle,-1.000000,-319.207099,98.569968,99.979356,0.020644,1.430032,-17.970474,-105.778900,-1.573025,2,3,4,0.0000,0.0000,0.0000,0.5000,"LeadPursuit",1.202395
457,A0100,adaptive_eagle_v9,OBFM,9702.386783,12.605928,99.472854,111.284234,-11.992716,12546.340392,419.643620,20342.366918,63.719664,-4226.082255,578.596297,126.288009,False,False,True,False,False,False,False,2-circle,-1.000000,-322.998294,98.569968,99.979356,0.020644,1.430032,-10.198774,-97.902200,-2.529047,2,0,3,0.0000,0.0000,0.0000,0.5000,"LeadPursuit",-0.691159
457,B0100,L7_mid_level_aggressive,OBFM,9702.386783,12.605928,99.472854,111.284234,-11.992716,12546.340392,419.643620,20342.366918,63.719664,-4226.082255,578.596297,126.288009,False,False,True,False,False,False,False,2-circle,-1.000000,-322.998294,98.569968,99.979356,0.020644,1.430032,-10.198774,-97.902200,-2.529047,2,4,3,0.0000,0.0000,0.0000,0.5000,"LeadPursuit",0.812423
458,A0100,adaptive_eagle_v9,HABFM,9505.321348,11.989991,100.525882,111.495682,-11.126547,12539.625085,420.436152,20365.126297,113.796895,-4144.919257,590.860734,28.249268,False,False,True,False,False,False,False,2-circle,-1.000000,-322.918439,98.569968,99.979356,0.020644,1.430032,2.072602,-85.545712,-2.452819,2,0,3,0.0000,0.0000,0.0000,0.5000,"LeadPursuit",-0.194053
458,B0100,L7_mid_level_aggressive,HABFM,9505.321348,11.989991,100.525882,111.495682,-11.126547,12539.625085,420.436152,20365.126297,113.796895,-4144.919257,590.860734,28.249268,False,False,True,False,False,False,False,2-circle,-1.000000,-322.918439,98.569968,99.979356,0.020644,1.430032,2.072602,-85.545712,-2.452819,2,4,3,0.0000,0.0000,0.0000,0.5000,"LeadPursuit",0.055514
459,A0100,adaptive_eagle_v9,HABFM,9302.964592,11.742888,102.147681,112.820557,-10.809188,12531.983431,422.218564,20423.976706,294.252044,-3955.489060,608.814114,5.051180,False,False,True,False,False,False,False,2-circle,-1.000000,-319.997397,98.569968,99.979356,0.020644,1.430032,21.005076,-66.541848,-1.982312,2,0,3,0.0000,0.0000,0.0000,0.5000,"LeadPursuit",0.253411
459,B0100,L7_mid_level_aggressive,HABFM,9302.964592,11.742888,102.147681,112.820557,-10.809188,12531.983431,422.218564,20423.976706,294.252044,-3955.489060,608.814114,5.051180,False,False,True,False,False,False,False,2-circle,-1.000000,-319.997397,98.569968,99.979356,0.020644,1.430032,21.005076,-66.541848,-1.982312,2,4,3,0.0000,0.0000,0.0000,0.5000,"LeadPursuit",-0.525442
460,A0100,adaptive_eagle_v9,HABFM,9094.866303,11.874546,103.463100,114.294414,-11.008332,12524.464324,424.527336,20503.003458,395.133761,-3798.916434,623.758297,2.250386,False,False,True,False,False,False,False,2-circle,-1.000000,-317.690721,98.569968,99.979356,0.020644,1.430032,41.562732,-45.900306,-1.356041,2,0,3,0.0000,0.0000,0.0000,0.5000,"LeadPursuit",0.746118
460,B0100,L7_mid_level_aggressive,HABFM,9094.866303,11.874546,103.463100,114.294414,-11.008332,12524.464324,424.527336,20503.003458,395.133761,-3798.916434,623.758297,2.250386,False,False,True,False,False,False,False,2-circle,-1.000000,-317.690721,98.569968,99.979356,0.020644,1.430032,41.562732,-45.900306,-1.356041,2,4,3,0.0000,0.0000,0.0000,0.5000,"LeadPursuit",-1.167692
461,A0100,adaptive_eagle_v9,HABFM,8882.485356,12.561779,104.467800,116.028493,-11.781772,12517.453170,427.137315,20594.397429,456.969857,-3671.743337,635.087482,0.975421,False,False,True,False,False,False,False,2-circle,-1.000000,-317.784678,98.569968,99.979356,0.020644,1.430032,63.128393,-24.221626,-1.259519,2,0,3,0.0000,0.0000,0.0000,0.5000,"LeadPursuit",1.059566
461,B0100,L7_mid_level_aggressive,HABFM,8882.485356,12.561779,104.467800,116.028493,-11.781772,12517.453170,427.137315,20594.397429,456.969857,-3671.743337,635.087482,0.975421,False,False,True,False,False,False,False,2-circle,-1.000000,-317.784678,98.569968,99.979356,0.020644,1.430032,63.128393,-24.221626,-1.259519,2,4,3,0.0000,0.0000,0.0000,0.5000,"LeadPursuit",-1.587879
462,A0100,adaptive_eagle_v9,HABFM,8666.382916,13.750717,105.605208,118.312958,-12.974270,12510.439385,429.712707,20685.075904,453.392374,-3525.766659,646.380287,0.068608,False,False,True,False,False,False,False,2-circle,-1.000000,-319.261350,98.569968,99.979356,0.020644,1.430032,85.389690,-1.822627,-1.840856,2,0,3,0.0000,0.0000,0.0000,0.5000,"LeadPursuit",1.114732
462,B0100,L7_mid_level_aggressive,HABFM,8666.382916,13.750717,105.605208,118.312958,-12.974270,12510.439385,429.712707,20685.075904,453.392374,-3525.766659,646.380287,0.068608,False,False,True,False,False,False,False,2-circle,-1.000000,-319.261350,98.569968,99.979356,0.020644,1.430032,85.389690,-1.822627,-1.840856,2,3,3,0.0000,0.0000,0.0000,0.5000,"LeadPursuit",-1.619481
463,A0100,adaptive_eagle_v9,HABFM,8446.549344,15.066156,106.779575,120.857248,-14.348442,12502.958561,431.749951,20755.289807,351.069513,-3391.097989,656.742282,0.421179,False,False,True,False,False,False,False,2-circle,-1.000000,-320.673022,98.569968,99.979356,0.020644,1.430032,98.160445,11.101333,-2.095872,2,0,3,0.0000,0.0000,0.0000,0.5000,"LeadPursuit",1.156030
463,B0100,L7_mid_level_aggressive,HABFM,8446.549344,15.066156,106.779575,120.857248,-14.348442,12502.958561,431.749951,20755.289807,351.069513,-3391.097989,656.742282,0.421179,False,False,True,False,False,False,False,2-circle,-1.000000,-320.673022,98.569968,99.979356,0.020644,1.430032,98.160445,11.101333,-2.095872,2,3,3,0.0000,0.0000,0.0000,0.5000,"LeadPursuit",-1.602909
464,A0100,adaptive_eagle_v9,HABFM,8223.708086,16.383902,107.849632,123.571286,-15.907469,12496.587259,432.204897,20766.319071,55.146320,-3329.971941,663.983429,0.216489,False,False,True,False,False,False,False,2-circle,-1.000000,-322.393045,98.569968,99.979356,0.020644,1.430032,92.648651,5.764456,-1.881343,2,0,3,0.0000,0.0000,0.0000,0.5000,"LeadPursuit",1.042787
464,B0100,L7_mid_level_aggressive,HABFM,8223.708086,16.383902,107.849632,123.571286,-15.907469,12496.587259,432.204897,20766.319071,55.146320,-3329.971941,663.983429,0.216489,False,False,True,False,False,False,False,2-circle,-1.000000,-322.393045,98.569968,99.979356,0.020644,1.430032,92.648651,5.764456,-1.881343,2,3,3,0.0000,0.0000,0.0000,0.5000,"LeadPursuit",-1.427631
465,A0100,adaptive_eagle_v9,HABFM,7998.652529,17.586553,109.052290,126.323152,-17.341671,12493.143769,431.894515,20751.002256,-76.584074,-3261.378370,671.329739,0.307198,False,False,True,False,False,False,False,2-circle,-1.000000,-324.881060,98.569968,99.979356,0.020644,1.430032,78.533104,-8.146119,-1.645202,2,0,3,0.0000,0.0000,0.0000,0.5000,"LeadPursuit",0.850185
465,B0100,L7_mid_level_aggressive,HABFM,7998.652529,17.586553,109.052290,126.323152,-17.341671,12493.143769,431.894515,20751.002256,-76.584074,-3261.378370,671.329739,0.307198,False,False,True,False,False,False,False,2-circle,-1.000000,-324.881060,98.569968,99.979356,0.020644,1.430032,78.533104,-8.146119,-1.645202,2,3,3,0.0000,0.0000,0.0000,0.5000,"LeadPursuit",-1.238882
466,A0100,adaptive_eagle_v9,HABFM,7770.228176,18.549172,110.857370,129.279243,-18.437683,12492.746598,431.393787,20731.468234,-97.670109,-3137.269702,683.953089,1.041672,False,False,True,False,False,False,False,2-circle,-1.000000,-327.803521,98.569968,99.979356,0.020644,1.430032,60.576403,-25.865940,-1.443617,2,0,3,0.0000,0.0000,0.0000,0.5000,"LeadPursuit",0.523429
466,B0100,L7_mid_level_aggressive,HABFM,7770.228176,18.549172,110.857370,129.279243,-18.437683,12492.746598,431.393787,20731.468234,-97.670109,-3137.269702,683.953089,1.041672,False,False,True,False,False,False,False,2-circle,-1.000000,-327.803521,98.569968,99.979356,0.020644,1.430032,60.576403,-25.865940,-1.443617,2,2,3,0.0000,0.0000,0.0000,0.5000,"LeadPursuit",-0.781868
467,A0100,adaptive_eagle_v9,HABFM,7537.780549,19.051219,112.287457,131.287334,-19.017442,12495.018144,430.497357,20699.535493,-159.663706,-3099.928092,694.086272,2.173583,False,False,True,False,False,False,False,2-circle,-1.000000,-333.190380,98.569968,99.979356,0.020644,1.430032,40.867659,-45.276628,-0.131168,3,0,3,0.0000,0.0000,0.0000,0.5000,"LeadPursuit",-0.103600
467,B0100,L7_mid_level_aggressive,HABFM,7537.780549,19.051219,112.287457,131.287334,-19.017442,12495.018144,430.497357,20699.535493,-159.663706,-3099.928092,694.086272,2.173583,False,False,True,False,False,False,False,2-circle,-1.000000,-333.190380,98.569968,99.979356,0.020644,1.430032,40.867659,-45.276628,-0.131168,1,2,3,0.0000,0.0000,0.0000,0.5000,"LeadPursuit",0.002294
468,A0100,adaptive_eagle_v9,HABFM,7302.543481,18.395686,113.138569,131.529444,-18.410559,12500.390518,429.398916,20663.092606,-182.214436,-3144.084225,702.407462,4.678769,False,False,True,False,False,False,False,2-circle,-1.000000,-343.046071,98.569968,99.979356,0.020644,1.430032,20.507747,-65.241332,3.804793,3,0,3,0.0000,0.0000,0.0000,0.5000,"LeadPursuit",-0.610696
468,B0100,L7_mid_level_aggressive,HABFM,7302.543481,18.395686,113.138569,131.529444,-18.410559,12500.390518,429.398916,20663.092606,-182.214436,-3144.084225,702.407462,4.678769,False,False,True,False,False,False,False,2-circle,-1.000000,-343.046071,98.569968,99.979356,0.020644,1.430032,20.507747,-65.241332,3.804793,1,2,3,0.0000,0.0000,0.0000,0.5000,"LeadPursuit",0.582532
469,A0100,adaptive_eagle_v9,HABFM,7064.456200,16.971811,113.977239,130.948455,-16.992535,12508.305441,427.892292,20613.827378,-246.326140,-3208.742623,712.061038,40.323403,False,False,True,False,False,False,False,2-circle,-1.000000,-356.240610,98.569968,99.979356,0.020644,1.430032,-1.674314,-86.926931,4.854887,3,0,3,0.0000,0.0000,0.0000,0.5000,"LeadPursuit",-0.873811
469,B0100,L7_mid_level_aggressive,HABFM,7064.456200,16.971811,113.977239,130.948455,-16.992535,12508.305441,427.892292,20613.827378,-246.326140,-3208.742623,712.061038,40.323403,False,False,True,False,False,False,False,2-circle,-1.000000,-356.240610,98.569968,99.979356,0.020644,1.430032,-1.674314,-86.926931,4.854887,1,3,3,0.0000,0.0000,0.0000,0.5000,"LeadPursuit",0.917455
470,A0100,adaptive_eagle_v9,HABFM,6822.993755,15.556441,114.849397,130.372101,-15.539736,12515.825221,426.602108,20572.541169,-206.431044,-3247.587827,721.722839,124.368849,False,False,True,False,False,False,False,2-circle,-1.000000,-368.798968,98.569968,99.979356,0.020644,1.430032,-25.568561,-110.258795,3.640770,3,0,3,0.0000,0.0000,0.0000,0.5000,"LeadPursuit",-0.663760
470,B0100,L7_mid_level_aggressive,HABFM,6822.993755,15.556441,114.849397,130.372101,-15.539736,12515.825221,426.602108,20572.541169,-206.431044,-3247.587827,721.722839,124.368849,False,False,True,False,False,False,False,2-circle,-1.000000,-368.798968,98.569968,99.979356,0.020644,1.430032,-25.568561,-110.258795,3.640770,1,3,3,0.0000,0.0000,0.0000,0.5000,"LeadPursuit",0.712539
471,A0100,adaptive_eagle_v9,HABFM,6578.337628,15.007808,115.605291,130.382407,-14.776335,12519.823933,426.309060,20565.474805,-35.331821,-3225.930499,729.060996,124.443889,False,False,True,False,False,False,False,2-circle,-1.000000,-376.386417,98.569968,99.979356,0.020644,1.430032,-39.918619,-124.032752,1.034540,3,0,3,0.0000,0.0000,0.0000,0.5000,"LeadPursuit",-0.267862
471,B0100,L7_mid_level_aggressive,HABFM,6578.337628,15.007808,115.605291,130.382407,-14.776335,12519.823933,426.309060,20565.474805,-35.331821,-3225.930499,729.060996,124.443889,False,False,True,False,False,False,False,2-circle,-1.000000,-376.386417,98.569968,99.979356,0.020644,1.430032,-39.918619,-124.032752,1.034540,1,3,3,0.0000,0.0000,0.0000,0.5000,"LeadPursuit",0.214306
472,A0100,adaptive_eagle_v9,HABFM,6330.933534,15.152803,116.468358,131.083596,-14.548563,12519.404687,427.069994,20593.803114,141.641545,-3105.021583,736.432913,124.232707,False,False,True,False,False,False,False,2-circle,-1.000000,-376.746855,98.569968,99.979356,0.020644,1.430032,-36.844400,-120.403693,-1.944891,3,0,3,0.0000,0.0000,0.0000,0.5000,"LeadPursuit",-0.327258
472,B0100,L7_mid_level_aggressive,HABFM,6330.933534,15.152803,116.468358,131.083596,-14.548563,12519.404687,427.069994,20593.803114,141.641545,-3105.021583,736.432913,124.232707,False,False,True,False,False,False,False,2-circle,-1.000000,-376.746855,98.569968,99.979356,0.020644,1.430032,-36.844400,-120.403693,-1.944891,1,3,3,0.0000,0.0000,0.0000,0.5000,"LeadPursuit",0.223553
473,A0100,adaptive_eagle_v9,HABFM,6079.779328,15.216105,117.984743,132.205429,-14.074511,12514.685595,427.487294,20604.871105,55.339958,-2927.478325,748.499193,124.124660,False,False,True,False,False,False,False,2-circle,-1.000000,-369.380757,98.569968,99.979356,0.020644,1.430032,-30.467121,-113.512079,-4.252445,3,0,3,0.0000,0.0000,0.0000,0.5000,"LeadPursuit",-0.514164
473,B0100,L7_mid_level_aggressive,HABFM,6079.779328,15.216105,117.984743,132.205429,-14.074511,12514.685595,427.487294,20604.871105,55.339958,-2927.478325,748.499193,124.124660,False,False,True,False,False,False,False,2-circle,-1.000000,-369.380757,98.569968,99.979356,0.020644,1.430032,-30.467121,-113.512079,-4.252445,1,3,3,0.0000,0.0000,0.0000,0.5000,"LeadPursuit",0.526924
474,A0100,adaptive_eagle_v9,HABFM,5824.222821,15.097490,119.270001,132.672902,-13.291825,12505.727229,427.419322,20593.340216,-57.654446,-2823.538792,758.672818,124.158379,False,False,True,False,False,False,False,2-circle,-1.000000,-356.589471,98.569968,99.979356,0.020644,1.430032,-23.244575,-105.788874,-5.641491,3,0,3,0.0000,0.0000,0.0000,0.5000,"LeadPursuit",-0.678020
474,B0100,L7_mid_level_aggressive,HABFM,5824.222821,15.097490,119.270001,132.672902,-13.291825,12505.727229,427.419322,20593.340216,-57.654446,-2823.538792,758.672818,124.158379,False,False,True,False,False,False,False,2-circle,-1.000000,-356.589471,98.569968,99.979356,0.020644,1.430032,-23.244575,-105.788874,-5.641491,1,3,3,0.0000,0.0000,0.0000,0.5000,"LeadPursuit",0.840122
475,A0100,adaptive_eagle_v9,HABFM,5565.849823,14.807519,119.934960,132.297384,-12.316677,12493.179528,427.134997,20570.036107,-116.520545,-2798.759415,764.282028,124.258181,False,False,True,False,False,False,False,2-circle,-1.000000,-340.724467,98.569968,99.979356,0.020644,1.430032,-15.321637,-97.336484,-6.288617,3,0,3,0.0000,0.0000,0.0000,0.5000,"LeadPursuit",-0.754253
475,B0100,L7_mid_level_aggressive,HABFM,5565.849823,14.807519,119.934960,132.297384,-12.316677,12493.179528,427.134997,20570.036107,-116.520545,-2798.759415,764.282028,124.258181,False,False,True,False,False,False,False,2-circle,-1.000000,-340.724467,98.569968,99.979356,0.020644,1.430032,-15.321637,-97.336484,-6.288617,1,3,3,0.0000,0.0000,0.0000,0.5000,"LeadPursuit",0.979775
476,A0100,adaptive_eagle_v9,HABFM,5305.660590,14.346537,120.485684,131.796873,-11.275800,12478.067699,426.803518,20542.393026,-138.215403,-2776.134763,769.197670,77.847868,False,False,True,False,False,False,False,2-circle,-1.000000,-322.332130,98.569968,99.979356,0.020644,1.430032,-6.963723,-88.402578,-6.386107,2,0,3,0.0000,0.0000,0.0000,0.5000,"LeadPursuit",-0.390764
476,B0100,L7_mid_level_aggressive,HABFM,5305.660590,14.346537,120.485684,131.796873,-11.275800,12478.067699,426.803518,20542.393026,-138.215403,-2776.134763,769.197670,77.847868,False,False,True,False,False,False,False,2-circle,-1.000000,-322.332130,98.569968,99.979356,0.020644,1.430032,-6.963723,-88.402578,-6.386107,2,4,3,0.0000,0.0000,0.0000,0.5000,"LeadPursuit",0.456377
477,A0100,adaptive_eagle_v9,HABFM,5043.403213,14.008487,121.337440,132.120968,-10.682599,12461.552266,427.206526,20541.114225,-6.394008,-2665.537544,776.552517,8.215480,False,False,True,False,False,False,False,2-circle,-1.000000,-301.545679,98.569968,99.979356,0.020644,1.430032,5.593996,-75.207297,-5.417291,2,0,3,0.0000,0.0000,0.0000,0.5000,"LeadPursuit",-0.238037
477,B0100,L7_mid_level_aggressive,HABFM,5043.403213,14.008487,121.337440,132.120968,-10.682599,12461.552266,427.206526,20541.114225,-6.394008,-2665.537544,776.552517,8.215480,False,False,True,False,False,False,False,2-circle,-1.000000,-301.545679,98.569968,99.979356,0.020644,1.430032,5.593996,-75.207297,-5.417291,2,4,3,0.0000,0.0000,0.0000,0.5000,"LeadPursuit",0.201489
478,A0100,adaptive_eagle_v9,HABFM,4777.825859,13.431367,122.746711,133.191361,-10.339504,12445.245228,427.704232,20543.643920,12.648474,-2492.683892,788.290629,3.230041,False,False,True,True,False,False,False,2-circle,-1.000000,-280.120543,98.569968,99.979356,0.020644,1.430032,23.884681,-56.135869,-3.325693,2,0,3,0.0000,0.0000,0.0000,0.5000,"LeadPursuit",0.278847
478,B0100,L7_mid_level_aggressive,HABFM,4777.825859,13.431367,122.746711,133.191361,-10.339504,12445.245228,427.704232,20543.643920,12.648474,-2492.683892,788.290629,3.230041,False,False,True,True,False,False,False,2-circle,-1.000000,-280.120543,98.569968,99.979356,0.020644,1.430032,23.884681,-56.135869,-3.325693,2,6,1,0.0000,0.0000,0.0000,0.5000,"LagPursuit",-0.458608
479,A0100,adaptive_eagle_v9,HABFM,4509.074591,13.131698,123.522088,134.183013,-10.677478,12431.057746,428.472874,20558.590407,74.732439,-2376.390597,795.162139,1.580524,False,False,True,True,False,False,False,2-circle,-1.000000,-262.680042,98.569968,99.979356,0.020644,1.430032,42.694526,-36.140091,-1.162229,2,0,3,0.0000,0.0000,0.0000,0.5000,"LeadPursuit",1.361440
479,B0100,L7_mid_level_aggressive,HABFM,4509.074591,13.131698,123.522088,134.183013,-10.677478,12431.057746,428.472874,20558.590407,74.732439,-2376.390597,795.162139,1.580524,False,False,True,True,False,False,False,2-circle,-1.000000,-262.680042,98.569968,99.979356,0.020644,1.430032,42.694526,-36.140091,-1.162229,2,7,1,0.0000,0.0000,0.0000,0.5000,"LagPursuit",-1.891081
480,A0100,adaptive_eagle_v9,HABFM,4239.492297,14.204061,123.580589,135.688164,-12.253239,12419.146740,430.476499,20622.869061,321.393269,-2267.622722,795.512545,0.544907,False,False,True,True,False,False,False,2-circle,-1.000000,-250.691144,98.569968,99.979356,0.020644,1.430032,62.691339,-14.190377,-2.141440,2,0,3,0.0000,0.0000,0.0000,0.5000,"LeadPursuit",1.916380
480,B0100,L7_mid_level_aggressive,HABFM,4239.492297,14.204061,123.580589,135.688164,-12.253239,12419.146740,430.476499,20622.869061,321.393269,-2267.622722,795.512545,0.544907,False,False,True,True,False,False,False,2-circle,-1.000000,-250.691144,98.569968,99.979356,0.020644,1.430032,62.691339,-14.190377,-2.141440,2,7,1,0.0000,0.0000,0.0000,0.5000,"LagPursuit",-2.511452
481,A0100,adaptive_eagle_v9,HABFM,3970.629046,16.518482,123.525768,138.005720,-14.783702,12407.656019,432.930518,20705.178939,411.549389,-2128.897333,792.117094,0.360536,False,False,True,True,False,False,False,2-circle,-1.000000,-241.879508,98.569968,99.979356,0.020644,1.430032,83.190437,9.547179,-3.535450,2,0,3,0.0000,0.0000,0.0000,0.5000,"LeadPursuit",2.046886
481,B0100,L7_mid_level_aggressive,HABFM,3970.629046,16.518482,123.525768,138.005720,-14.783702,12407.656019,432.930518,20705.178939,411.549389,-2128.897333,792.117094,0.360536,False,False,True,True,False,False,False,2-circle,-1.000000,-241.879508,98.569968,99.979356,0.020644,1.430032,83.190437,9.547179,-3.535450,2,7,1,0.0000,0.0000,0.0000,0.5000,"LagPursuit",-2.449822
482,A0100,adaptive_eagle_v9,HABFM,3703.641104,19.461302,123.313933,140.932273,-18.025155,12395.960893,435.360464,20786.889641,408.553508,-1977.737381,784.564164,1.347471,False,False,True,True,False,False,False,2-circle,-1.000000,-234.942801,98.569968,99.979356,0.020644,1.430032,100.079776,32.287296,-0.684055,2,0,3,0.0000,0.0000,0.0000,0.5000,"LeadPursuit",2.236321
482,B0100,L7_mid_level_aggressive,HABFM,3703.641104,19.461302,123.313933,140.932273,-18.025155,12395.960893,435.360464,20786.889641,408.553508,-1977.737381,784.564164,1.347471,False,False,True,True,False,False,False,2-circle,-1.000000,-234.942801,98.569968,99.979356,0.020644,1.430032,100.079776,32.287296,-0.684055,2,7,1,0.0000,0.0000,0.0000,0.5000,"LagPursuit",-2.346462
483,A0100,adaptive_eagle_v9,HABFM,3440.687451,23.328227,122.732023,144.656208,-22.308328,12385.664499,435.988330,20800.813053,69.617062,-1914.424940,767.529083,2.745099,False,False,True,True,False,False,False,2-circle,-1.000000,-230.479842,98.569968,99.979356,0.020644,1.430032,107.198798,52.192482,3.593820,2,0,3,0.0000,0.0000,0.0000,0.5000,"LeadPursuit",2.493506
483,B0100,L7_mid_level_aggressive,HABFM,3440.687451,23.328227,122.732023,144.656208,-22.308328,12385.664499,435.988330,20800.813053,69.617062,-1914.424940,767.529083,2.745099,False,False,True,True,False,False,False,2-circle,-1.000000,-230.479842,98.569968,99.979356,0.020644,1.430032,107.198798,52.192482,3.593820,2,7,1,0.0000,0.0000,0.0000,0.5000,"LagPursuit",-2.166226
484,A0100,adaptive_eagle_v9,HABFM,3186.087319,28.820565,121.556308,149.454012,-28.162190,12377.844353,434.647558,20741.315163,-297.489451,-1950.468158,734.682633,4.553633,False,False,True,True,False,False,False,2-circle,-1.000000,-228.361348,98.569968,99.979356,0.020644,1.430032,85.023860,64.865843,5.248329,2,0,2,0.0000,0.0000,0.0000,0.5000,"LeadPursuit",2.479991
484,B0100,L7_mid_level_aggressive,HABFM,3186.087319,28.820565,121.556308,149.454012,-28.162190,12377.844353,434.647558,20741.315163,-297.489451,-1950.468158,734.682633,4.553633,False,False,True,True,False,False,False,2-circle,-1.000000,-228.361348,98.569968,99.979356,0.020644,1.430032,85.023860,64.865843,5.248329,2,7,1,0.0000,0.0000,0.0000,0.5000,"LagPursuit",-1.690007
485,A0100,adaptive_eagle_v9,HABFM,2945.513709,35.716255,119.919699,155.105757,-35.282294,12372.775625,432.441923,20651.580324,-448.674194,-1992.127113,685.629968,6.852403,False,False,True,False,False,False,False,2-circle,-1.000000,-227.509609,98.569968,99.979356,0.020644,1.430032,37.119235,72.603596,5.749183,2,0,2,0.0000,0.0000,0.0000,0.5000,"LeadPursuit",2.380138
485,B0100,L7_mid_level_aggressive,HABFM,2945.513709,35.716255,119.919699,155.105757,-35.282294,12372.775625,432.441923,20651.580324,-448.674194,-1992.127113,685.629968,6.852403,False,False,True,False,False,False,False,2-circle,-1.000000,-227.509609,98.569968,99.979356,0.020644,1.430032,37.119235,72.603596,5.749183,2,7,1,0.0000,0.0000,0.0000,0.5000,"LagPursuit",-1.241233
486,A0100,adaptive_eagle_v9,HABFM,2723.750285,43.710346,118.212090,161.603203,-43.397274,12369.674142,430.078955,20558.251230,-466.645471,-1972.091142,622.777814,12.922531,False,False,True,False,False,False,False,2-circle,-1.000000,-226.644336,98.569968,99.979356,0.020644,1.430032,19.592229,80.518075,5.659346,2,0,2,0.0000,0.0000,0.0000,0.5000,"LeadPursuit",2.217160
486,B0100,L7_mid_level_aggressive,HABFM,2723.750285,43.710346,118.212090,161.603203,-43.397274,12369.674142,430.078955,20558.251230,-466.645471,-1972.091142,622.777814,12.922531,False,False,True,False,False,False,False,2-circle,-1.000000,-226.644336,98.569968,99.979356,0.020644,1.430032,19.592229,80.518075,5.659346,2,6,1,0.0000,0.0000,0.0000,0.5000,"LagPursuit",-0.610951
487,A0100,adaptive_eagle_v9,DBFM,2526.845715,52.769993,115.360493,167.755600,-52.513353,12367.520034,427.675324,20464.824040,-467.135948,-2001.351163,536.533733,82.998855,False,False,True,False,False,False,False,2-circle,-1.000000,-226.889425,98.569968,99.979356,0.020644,1.430032,17.706857,88.502378,4.999470,2,0,2,0.0000,0.0000,0.0000,0.5000,"LeadPursuit",2.098879
487,B0100,L7_mid_level_aggressive,DBFM,2526.845715,52.769993,115.360493,167.755600,-52.513353,12367.520034,427.675324,20464.824040,-467.135948,-2001.351163,536.533733,82.998855,False,False,True,False,False,False,False,2-circle,-1.000000,-226.889425,98.569968,99.979356,0.020644,1.430032,17.706857,88.502378,4.999470,2,6,0,0.0000,0.0000,0.0000,0.5000,"LagPursuit",-0.005586
488,A0100,adaptive_eagle_v9,DBFM,2364.116160,62.874943,110.901418,173.046099,-62.631512,12365.200966,425.309804,20373.178517,-458.227615,-2104.639371,421.387846,124.981581,False,False,True,False,False,False,False,2-circle,-1.000000,-228.522823,98.569968,99.979356,0.020644,1.430032,20.787725,96.456813,3.785939,2,0,2,0.0000,0.0000,0.0000,0.5000,"LeadPursuit",2.082679
488,B0100,L7_mid_level_aggressive,DBFM,2364.116160,62.874943,110.901418,173.046099,-62.631512,12365.200966,425.309804,20373.178517,-458.227615,-2104.639371,421.387846,124.981581,False,False,True,False,False,False,False,2-circle,-1.000000,-228.522823,98.569968,99.979356,0.020644,1.430032,20.787725,96.456813,3.785939,2,7,0,0.0000,0.0000,0.0000,0.5000,"LagPursuit",0.383933
489,A0100,adaptive_eagle_v9,DBFM,2244.687042,73.900581,105.428580,176.620668,-73.639452,12361.587109,423.042171,20284.399689,-443.894141,-2212.741484,282.091016,125.628412,False,False,True,False,False,False,False,2-circle,-1.000000,-229.803642,98.569968,99.979356,0.020644,1.430032,25.733542,104.312065,2.058100,2,0,2,0.0000,0.0000,0.0000,0.5000,"LeadPursuit",2.196634
489,B0100,L7_mid_level_aggressive,DBFM,2244.687042,73.900581,105.428580,176.620668,-73.639452,12361.587109,423.042171,20284.399689,-443.894141,-2212.741484,282.091016,125.628412,False,False,True,False,False,False,False,2-circle,-1.000000,-229.803642,98.569968,99.979356,0.020644,1.430032,25.733542,104.312065,2.058100,2,7,0,0.0000,0.0000,0.0000,0.5000,"LagPursuit",0.622881
490,A0100,adaptive_eagle_v9,DBFM,2175.691419,85.982067,99.333555,173.636015,-85.681086,12355.539310,420.165624,20170.973189,-567.132501,-2333.089036,122.361450,126.461587,False,False,True,False,False,False,False,2-circle,-1.000000,-228.566398,98.569968,99.979356,0.020644,1.430032,25.557403,106.150098,0.264913,2,4,4,0.0000,0.0000,0.0000,0.5000,"Accelerate",0.640069
490,B0100,L7_mid_level_aggressive,DBFM,2175.691419,85.982067,99.333555,173.636015,-85.681086,12355.539310,420.165624,20170.973189,-567.132501,-2333.089036,122.361450,126.461587,False,False,True,False,False,False,False,2-circle,-1.000000,-228.566398,98.569968,99.979356,0.020644,1.430032,25.557403,106.150098,0.264913,2,7,0,0.0000,0.0000,0.0000,0.5000,"LagPursuit",0.806098
491,A0100,adaptive_eagle_v9,DBFM,2162.510523,98.512694,92.852824,168.163239,-98.201043,12346.490786,417.053147,20046.564168,-622.045107,-2448.952484,-45.839936,127.380505,False,False,False,False,False,False,False,2-circle,-1.000000,-223.077906,98.569968,99.979356,0.020644,1.430032,17.771815,99.934090,-1.315007,2,0,2,0.0000,0.0000,0.0000,0.5000,"LeadPursuit",-0.267501
491,B0100,L7_mid_level_aggressive,DBFM,2162.510523,98.512694,92.852824,168.163239,-98.201043,12346.490786,417.053147,20046.564168,-622.045107,-2448.952484,-45.839936,127.380505,False,False,False,False,False,False,False,2-circle,-1.000000,-223.077906,98.569968,99.979356,0.020644,1.430032,17.771815,99.934090,-1.315007,2,7,0,0.0000,0.0000,0.0000,0.5000,"LagPursuit",0.142493
492,A0100,adaptive_eagle_v9,HABFM,2204.684572,110.761329,86.761480,162.299292,-110.483256,12335.121943,414.150225,19928.374792,-590.946880,-2512.235440,-203.359886,128.255248,False,False,False,False,False,False,False,2-circle,-1.000000,-212.600249,98.569968,99.979356,0.020644,1.430032,9.132730,92.610928,-2.307241,2,0,2,0.0000,0.0000,0.0000,0.5000,"LeadPursuit",-0.185606
492,B0100,L7_mid_level_aggressive,HABFM,2204.684572,110.761329,86.761480,162.299292,-110.483256,12335.121943,414.150225,19928.374792,-590.946880,-2512.235440,-203.359886,128.255248,False,False,False,False,False,False,False,2-circle,-1.000000,-212.600249,98.569968,99.979356,0.020644,1.430032,9.132730,92.610928,-2.307241,2,6,0,0.0000,0.0000,0.0000,0.5000,"LagPursuit",-0.329955
493,A0100,adaptive_eagle_v9,HABFM,2295.418333,122.311711,82.080512,155.548125,-122.096045,12322.417701,411.371733,19814.127585,-571.236034,-2494.200895,-332.842565,24.252315,False,False,False,False,False,False,False,2-circle,-1.000000,-197.398222,98.569968,99.979356,0.020644,1.430032,0.075285,84.691195,-2.652511,2,0,2,0.0000,0.0000,0.0000,0.5000,"LeadPursuit",-0.149012
493,B0100,L7_mid_level_aggressive,HABFM,2295.418333,122.311711,82.080512,155.548125,-122.096045,12322.417701,411.371733,19814.127585,-571.236034,-2494.200895,-332.842565,24.252315,False,False,False,False,False,False,False,2-circle,-1.000000,-197.398222,98.569968,99.979356,0.020644,1.430032,0.075285,84.691195,-2.652511,2,4,0,0.0000,0.0000,0.0000,0.5000,"LagPursuit",-0.264785
494,A0100,adaptive_eagle_v9,HABFM,2425.531702,133.271543,78.162166,148.533226,-133.132044,12309.567926,407.965556,19677.728037,-681.997740,-2546.066042,-438.938395,7.182737,False,False,False,False,False,False,False,2-circle,-1.000000,-180.644066,98.569968,99.979356,0.020644,1.430032,-13.106549,72.447034,-2.102934,2,0,2,0.0000,0.0000,0.0000,0.5000,"LeadPursuit",-0.128711
494,B0100,L7_mid_level_aggressive,HABFM,2425.531702,133.271543,78.162166,148.533226,-133.132044,12309.567926,407.965556,19677.728037,-681.997740,-2546.066042,-438.938395,7.182737,False,False,False,False,False,False,False,2-circle,-1.000000,-180.644066,98.569968,99.979356,0.020644,1.430032,-13.106549,72.447034,-2.102934,2,2,0,0.0000,0.0000,0.0000,0.5000,"LagPursuit",-0.202441
495,A0100,adaptive_eagle_v9,HABFM,2588.403382,142.878734,74.543490,142.574038,-142.806533,12298.576598,406.663199,19619.768724,-289.796565,-2572.074573,-524.093451,3.502004,False,False,False,False,False,False,False,2-circle,-1.000000,-166.008410,98.569968,99.979356,0.020644,1.430032,-29.329653,56.941337,-0.689126,2,0,2,0.0000,0.0000,0.0000,0.5000,"LeadPursuit",-0.095641
495,B0100,L7_mid_level_aggressive,HABFM,2588.403382,142.878734,74.543490,142.574038,-142.806533,12298.576598,406.663199,19619.768724,-289.796565,-2572.074573,-524.093451,3.502004,False,False,False,False,False,False,False,2-circle,-1.000000,-166.008410,98.569968,99.979356,0.020644,1.430032,-29.329653,56.941337,-0.689126,2,1,0,0.0000,0.0000,0.0000,0.5000,"LagPursuit",-0.151959
496,A0100,adaptive_eagle_v9,HABFM,2776.231575,150.888673,71.663954,137.423170,-150.884969,12290.916857,406.011434,19588.660222,-155.542510,-2581.836043,-585.516718,2.144675,False,False,False,False,False,False,False,2-circle,-1.000000,-154.565157,98.569968,99.979356,0.020644,1.430032,-43.593028,43.209656,1.899029,2,0,2,0.0000,0.0000,0.0000,0.5000,"LeadPursuit",-0.051887
496,B0100,L7_mid_level_aggressive,HABFM,2776.231575,150.888673,71.663954,137.423170,-150.884969,12290.916857,406.011434,19588.660222,-155.542510,-2581.836043,-585.516718,2.144675,False,False,False,False,False,False,False,2-circle,-1.000000,-154.565157,98.569968,99.979356,0.020644,1.430032,-43.593028,43.209656,1.899029,2,1,1,0.0000,0.0000,0.0000,0.5000,"LagPursuit",-0.120906
497,A0100,adaptive_eagle_v9,HABFM,2981.012850,157.621444,70.005361,132.047342,-157.847176,12288.472327,404.680859,19538.461944,-250.991387,-2575.539100,-622.619235,1.130509,False,False,False,False,False,False,False,2-circle,-1.000000,-147.194185,98.569968,99.979356,0.020644,1.430032,-60.902434,26.270753,5.366119,2,0,2,0.0000,0.0000,0.0000,0.5000,"LeadPursuit",-0.009589
497,B0100,L7_mid_level_aggressive,HABFM,2981.012850,157.621444,70.005361,132.047342,-157.847176,12288.472327,404.680859,19538.461944,-250.991387,-2575.539100,-622.619235,1.130509,False,False,False,False,False,False,False,2-circle,-1.000000,-147.194185,98.569968,99.979356,0.020644,1.430032,-60.902434,26.270753,5.366119,2,1,1,0.0000,0.0000,0.0000,0.5000,"LagPursuit",-0.083032
498,A0100,adaptive_eagle_v9,HABFM,3194.357818,162.164651,69.707373,126.912610,-163.110594,12293.408146,403.447379,19499.268708,-195.966181,-2506.217221,-635.982580,0.174070,False,False,False,False,False,False,False,2-circle,-1.000000,-146.061375,98.569968,99.979356,0.020644,1.430032,-83.041235,4.333814,9.332638,2,6,4,0.0000,0.0000,0.0000,0.5000,"ExtensionBreak",-0.021709
498,B0100,L7_mid_level_aggressive,HABFM,3194.357818,162.164651,69.707373,126.912610,-163.110594,12293.408146,403.447379,19499.268708,-195.966181,-2506.217221,-635.982580,0.174070,False,False,False,False,False,False,False,2-circle,-1.000000,-146.061375,98.569968,99.979356,0.020644,1.430032,-83.041235,4.333814,9.332638,2,1,1,0.0000,0.0000,0.0000,0.5000,"LagPursuit",-0.046701
499,A0100,adaptive_eagle_v9,HABFM,3411.161175,164.258644,69.087721,123.881700,-166.668187,12305.970947,402.447413,19476.155559,-115.565746,-2511.976528,-644.988935,0.777744,False,False,False,False,False,False,False,2-circle,-1.000000,-153.919191,98.569968,99.979356,0.020644,1.430032,-106.060273,-18.667802,13.395754,2,6,4,0.0000,0.0000,0.0000,0.5000,"ExtensionBreak",-0.054766
499,B0100,L7_mid_level_aggressive,HABFM,3411.161175,164.258644,69.087721,123.881700,-166.668187,12305.970947,402.447413,19476.155559,-115.565746,-2511.976528,-644.988935,0.777744,False,False,False,False,False,False,False,2-circle,-1.000000,-153.919191,98.569968,99.979356,0.020644,1.430032,-106.060273,-18.667802,13.395754,2,1,1,0.0000,0.0000,0.0000,0.5000,"LagPursuit",-0.018315
500,A0100,adaptive_eagle_v9,HABFM,3632.529458,164.482690,67.342633,123.420319,-168.765666,12325.418289,401.635141,19466.688513,-47.335231,-2645.102525,-660.327957,2.133839,False,False,False,False,False,False,False,2-circle,-1.000000,-170.796807,98.569968,99.979356,0.020644,1.430032,-130.038607,-42.781078,16.711861,2,6,4,0.0000,0.0000,0.0000,0.5000,"ExtensionBreak",-0.066972
500,B0100,L7_mid_level_aggressive,HABFM,3632.529458,164.482690,67.342633,123.420319,-168.765666,12325.418289,401.635141,19466.688513,-47.335231,-2645.102525,-660.327957,2.133839,False,False,False,False,False,False,False,2-circle,-1.000000,-170.796807,98.569968,99.979356,0.020644,1.430032,-130.038607,-42.781078,16.711861,2,1,1,0.0000,0.0000,0.0000,0.5000,"LagPursuit",-0.003727
501,A0100,adaptive_eagle_v9,HABFM,3860.171848,163.973371,65.097009,124.543597,-169.763907,12349.968349,400.828012,19462.565114,-20.616997,-2857.613788,-678.855527,5.678834,False,False,False,False,False,False,False,2-circle,-1.000000,-193.880073,98.569968,99.979356,0.020644,1.430032,-154.905899,-67.868710,18.389787,2,6,4,0.0000,0.0000,0.0000,0.5000,"ExtensionBreak",-0.064675
501,B0100,L7_mid_level_aggressive,HABFM,3860.171848,163.973371,65.097009,124.543597,-169.763907,12349.968349,400.828012,19462.565114,-20.616997,-2857.613788,-678.855527,5.678834,False,False,False,False,False,False,False,2-circle,-1.000000,-193.880073,98.569968,99.979356,0.020644,1.430032,-154.905899,-67.868710,18.389787,2,1,1,0.0000,0.0000,0.0000,0.5000,"LagPursuit",-0.001263
502,A0100,adaptive_eagle_v9,HABFM,4094.223621,163.625200,62.841642,126.468512,-170.042845,12377.139737,400.039470,19461.779035,-3.930394,-3063.510160,-697.649493,132.515260,False,False,False,False,False,False,False,2-circle,-1.000000,-220.162164,98.569968,99.979356,0.020644,1.430032,179.778447,-93.434861,17.736187,2,6,4,0.0000,0.0000,0.0000,0.5000,"ExtensionBreak",-0.075651
502,B0100,L7_mid_level_aggressive,HABFM,4094.223621,163.625200,62.841642,126.468512,-170.042845,12377.139737,400.039470,19461.779035,-3.930394,-3063.510160,-697.649493,132.515260,False,False,False,False,False,False,False,2-circle,-1.000000,-220.162164,98.569968,99.979356,0.020644,1.430032,179.778447,-93.434861,17.736187,2,7,1,0.0000,0.0000,0.0000,0.5000,"LagPursuit",-0.008288
503,A0100,adaptive_eagle_v9,HABFM,4335.877412,164.004623,60.128387,129.013511,-170.341557,12404.181775,400.180469,19493.816108,160.185366,-3242.095250,-722.871361,132.421650,False,False,False,False,False,False,False,2-circle,-1.000000,-247.141254,98.569968,99.979356,0.020644,1.430032,163.909468,-109.545127,15.457807,2,6,4,0.0000,0.0000,0.0000,0.5000,"ExtensionBreak",-0.077962
503,B0100,L7_mid_level_aggressive,HABFM,4335.877412,164.004623,60.128387,129.013511,-170.341557,12404.181775,400.180469,19493.816108,160.185366,-3242.095250,-722.871361,132.421650,False,False,False,False,False,False,False,2-circle,-1.000000,-247.141254,98.569968,99.979356,0.020644,1.430032,163.909468,-109.545127,15.457807,2,7,1,0.0000,0.0000,0.0000,0.5000,"LagPursuit",-0.012879
504,A0100,adaptive_eagle_v9,HABFM,4586.802795,164.685614,57.285118,131.497315,-171.003365,12429.800191,401.167989,19554.467687,303.257895,-3390.063298,-750.458195,132.062719,False,False,False,False,False,False,False,2-circle,-1.000000,-274.901743,98.569968,99.979356,0.020644,1.430032,166.778884,-106.908261,13.359739,2,6,4,0.0000,0.0000,0.0000,0.5000,"ExtensionBreak",-0.068851
504,B0100,L7_mid_level_aggressive,HABFM,4586.802795,164.685614,57.285118,131.497315,-171.003365,12429.800191,401.167989,19554.467687,303.257895,-3390.063298,-750.458195,132.062719,False,False,False,False,False,False,False,2-circle,-1.000000,-274.901743,98.569968,99.979356,0.020644,1.430032,166.778884,-106.908261,13.359739,2,7,1,0.0000,0.0000,0.0000,0.5000,"LagPursuit",-0.021516
505,A0100,adaptive_eagle_v9,HABFM,4847.204952,165.597382,54.768674,132.795430,-172.648567,12454.515527,403.403446,19658.806857,521.695849,-3479.783383,-776.836119,131.316392,False,False,False,False,False,False,False,2-circle,-1.000000,-305.682724,98.569968,99.979356,0.020644,1.430032,-178.488941,-92.428150,13.384786,2,6,4,0.0000,0.0000,0.0000,0.5000,"ExtensionBreak",-0.053636
505,B0100,L7_mid_level_aggressive,HABFM,4847.204952,165.597382,54.768674,132.795430,-172.648567,12454.515527,403.403446,19658.806857,521.695849,-3479.783383,-776.836119,131.316392,False,False,False,False,False,False,False,2-circle,-1.000000,-305.682724,98.569968,99.979356,0.020644,1.430032,-178.488941,-92.428150,13.384786,2,1,1,0.0000,0.0000,0.0000,0.5000,"LagPursuit",-0.019442
506,A0100,adaptive_eagle_v9,HABFM,5115.868798,166.268594,52.829015,133.645275,-174.201848,12478.932415,403.443391,19684.650534,129.218387,-3681.290694,-795.494114,12.409781,False,False,False,False,False,False,False,2-circle,-1.000000,-341.164736,98.569968,99.979356,0.020644,1.430032,-165.310860,-79.539549,12.649615,1,0,4,0.0000,0.0000,0.0000,0.5000,"SmartHighYoYo",-0.043913
506,B0100,L7_mid_level_aggressive,HABFM,5115.868798,166.268594,52.829015,133.645275,-174.201848,12478.932415,403.443391,19684.650534,129.218387,-3681.290694,-795.494114,12.409781,False,False,False,False,False,False,False,2-circle,-1.000000,-341.164736,98.569968,99.979356,0.020644,1.430032,-165.310860,-79.539549,12.649615,1,0,3,0.0000,0.0000,0.0000,0.5000,"LeadPursuit",-0.004044
507,A0100,adaptive_eagle_v9,HABFM,5390.140050,166.152729,51.105777,135.342082,-174.420956,12503.019825,401.591446,19642.736307,-209.571137,-3949.971339,-808.311783,17.068626,False,False,False,False,False,False,False,2-circle,-1.000000,-380.062652,98.569968,99.979356,0.020644,1.430032,-167.785685,-82.323841,12.556628,1,0,4,0.0000,0.0000,0.0000,0.5000,"SmartHighYoYo",-0.037082
507,B0100,L7_mid_level_aggressive,HABFM,5390.140050,166.152729,51.105777,135.342082,-174.420956,12503.019825,401.591446,19642.736307,-209.571137,-3949.971339,-808.311783,17.068626,False,False,False,False,False,False,False,2-circle,-1.000000,-380.062652,98.569968,99.979356,0.020644,1.430032,-167.785685,-82.323841,12.556628,1,0,3,0.0000,0.0000,0.0000,0.5000,"LeadPursuit",0.015092
508,A0100,adaptive_eagle_v9,HABFM,5668.347610,165.441969,49.383884,138.525472,-172.750574,12526.921327,398.516087,19557.705619,-425.153439,-4194.714305,-817.307668,132.730097,False,False,False,False,False,False,False,2-circle,-1.000000,-418.197541,98.569968,99.979356,0.020644,1.430032,174.127087,-100.693653,11.830710,1,0,4,0.0000,0.0000,0.0000,0.5000,"SmartHighYoYo",-0.020871
508,B0100,L7_mid_level_aggressive,HABFM,5668.347610,165.441969,49.383884,138.525472,-172.750574,12526.921327,398.516087,19557.705619,-425.153439,-4194.714305,-817.307668,132.730097,False,False,False,False,False,False,False,2-circle,-1.000000,-418.197541,98.569968,99.979356,0.020644,1.430032,174.127087,-100.693653,11.830710,1,0,3,0.0000,0.0000,0.0000,0.5000,"LeadPursuit",0.013916
509,A0100,adaptive_eagle_v9,HABFM,5948.715559,165.442241,48.284339,141.153876,-171.022070,12548.637755,396.709436,19515.819181,-209.432188,-4317.293917,-823.607560,133.270622,False,False,False,False,False,False,False,2-circle,-1.000000,-450.923598,98.569968,99.979356,0.020644,1.430032,152.444271,-122.587079,9.531658,4,0,3,0.0000,0.0000,0.0000,0.5000,"SmartHighYoYo",-0.012559
509,B0100,L7_mid_level_aggressive,HABFM,5948.715559,165.442241,48.284339,141.153876,-171.022070,12548.637755,396.709436,19515.819181,-209.432188,-4317.293917,-823.607560,133.270622,False,False,False,False,False,False,False,2-circle,-1.000000,-450.923598,98.569968,99.979356,0.020644,1.430032,152.444271,-122.587079,9.531658,1,0,3,0.0000,0.0000,0.0000,0.5000,"LeadPursuit",0.005422
510,A0100,adaptive_eagle_v9,HABFM,6230.799949,166.263168,47.606162,142.564125,-170.252797,12565.806131,396.403235,19522.236438,32.086285,-4391.220199,-830.421996,133.338143,False,False,False,False,False,False,False,2-circle,-1.000000,-476.656041,98.569968,99.979356,0.020644,1.430032,139.701485,-135.459167,5.837451,1,0,4,0.0000,0.0000,0.0000,0.5000,"SmartHighYoYo",0.006751
510,B0100,L7_mid_level_aggressive,HABFM,6230.799949,166.263168,47.606162,142.564125,-170.252797,12565.806131,396.403235,19522.236438,32.086285,-4391.220199,-830.421996,133.338143,False,False,False,False,False,False,False,2-circle,-1.000000,-476.656041,98.569968,99.979356,0.020644,1.430032,139.701485,-135.459167,5.837451,1,0,3,0.0000,0.0000,0.0000,0.5000,"LeadPursuit",0.004533
511,A0100,adaptive_eagle_v9,HABFM,6514.160315,167.138388,47.713712,142.664389,-169.912531,12578.150378,397.170916,19561.550659,196.571104,-4388.122307,-832.472572,133.068360,False,False,False,False,False,False,False,2-circle,-1.000000,-495.221128,98.569968,99.979356,0.020644,1.430032,144.238068,-130.976270,1.897781,1,0,4,0.0000,0.0000,0.0000,0.5000,"SmartHighYoYo",0.025435
511,B0100,L7_mid_level_aggressive,HABFM,6514.160315,167.138388,47.713712,142.664389,-169.912531,12578.150378,397.170916,19561.550659,196.571104,-4388.122307,-832.472572,133.068360,False,False,False,False,False,False,False,2-circle,-1.000000,-495.221128,98.569968,99.979356,0.020644,1.430032,144.238068,-130.976270,1.897781,1,0,3,0.0000,0.0000,0.0000,0.5000,"LeadPursuit",0.012744
512,A0100,adaptive_eagle_v9,HABFM,6795.951077,167.609869,48.714644,142.268463,-169.234189,12585.827614,397.603904,19584.462532,114.559362,-4329.175840,-825.971299,132.915375,False,False,False,False,False,False,False,2-circle,-1.000000,-506.103017,98.569968,99.979356,0.020644,1.430032,152.147720,-123.048814,-1.127366,1,0,4,0.0000,0.0000,0.0000,0.5000,"SmartHighYoYo",0.017866
512,B0100,L7_mid_level_aggressive,HABFM,6795.951077,167.609869,48.714644,142.268463,-169.234189,12585.827614,397.603904,19584.462532,114.559362,-4329.175840,-825.971299,132.915375,False,False,False,False,False,False,False,2-circle,-1.000000,-506.103017,98.569968,99.979356,0.020644,1.430032,152.147720,-123.048814,-1.127366,1,0,3,0.0000,0.0000,0.0000,0.5000,"LeadPursuit",0.020048
513,A0100,adaptive_eagle_v9,HABFM,7074.934106,167.428193,49.539620,142.494223,-168.190622,12588.681896,397.627127,19588.134368,18.359180,-4338.125605,-819.720199,132.902747,False,False,False,False,False,False,False,2-circle,-1.000000,-511.616265,98.569968,99.979356,0.020644,1.430032,160.587406,-114.549777,-3.226259,1,0,4,0.0000,0.0000,0.0000,0.5000,"SmartHighYoYo",0.010885
513,B0100,L7_mid_level_aggressive,HABFM,7074.934106,167.428193,49.539620,142.494223,-168.190622,12588.681896,397.627127,19588.134368,18.359180,-4338.125605,-819.720199,132.902747,False,False,False,False,False,False,False,2-circle,-1.000000,-511.616265,98.569968,99.979356,0.020644,1.430032,160.587406,-114.549777,-3.226259,1,0,3,0.0000,0.0000,0.0000,0.5000,"LeadPursuit",0.023234
514,A0100,adaptive_eagle_v9,HABFM,7351.905102,166.663531,50.071777,143.156507,-166.937571,12587.179741,397.589017,19585.290576,-14.218960,-4398.159244,-815.047722,132.917696,False,False,False,False,False,False,False,2-circle,-1.000000,-513.825858,98.569968,99.979356,0.020644,1.430032,169.042743,-106.015651,-4.585603,1,0,4,0.0000,0.0000,0.0000,0.5000,"SmartHighYoYo",0.017474
514,B0100,L7_mid_level_aggressive,HABFM,7351.905102,166.663531,50.071777,143.156507,-166.937571,12587.179741,397.589017,19585.290576,-14.218960,-4398.159244,-815.047722,132.917696,False,False,False,False,False,False,False,2-circle,-1.000000,-513.825858,98.569968,99.979356,0.020644,1.430032,169.042743,-106.015651,-4.585603,1,0,3,0.0000,0.0000,0.0000,0.5000,"LeadPursuit",0.023812
515,A0100,adaptive_eagle_v9,HABFM,7626.590960,165.516551,50.857561,143.625604,-165.571766,12582.115437,397.628125,19581.603028,-18.437739,-4424.768114,-807.262971,132.914343,False,False,False,False,False,False,False,2-circle,-1.000000,-513.447482,98.569968,99.979356,0.020644,1.430032,177.330199,-97.637988,-5.278739,1,0,4,0.0000,0.0000,0.0000,0.5000,"SmartHighYoYo",0.022012
515,B0100,L7_mid_level_aggressive,HABFM,7626.590960,165.516551,50.857561,143.625604,-165.571766,12582.115437,397.628125,19581.603028,-18.437739,-4424.768114,-807.262971,132.914343,False,False,False,False,False,False,False,2-circle,-1.000000,-513.447482,98.569968,99.979356,0.020644,1.430032,177.330199,-97.637988,-5.278739,1,0,3,0.0000,0.0000,0.0000,0.5000,"LeadPursuit",0.022972
516,A0100,adaptive_eagle_v9,HABFM,7898.065871,164.174355,51.786609,144.002566,-164.155606,12574.402684,397.769019,19578.851496,-13.757658,-4423.715119,-797.516462,132.883160,False,False,False,False,False,False,False,2-circle,-1.000000,-510.798811,98.569968,99.979356,0.020644,1.430032,-174.590926,-89.461477,-5.352273,1,0,4,0.0000,0.0000,0.0000,0.5000,"SmartHighYoYo",0.031022
516,B0100,L7_mid_level_aggressive,HABFM,7898.065871,164.174355,51.786609,144.002566,-164.155606,12574.402684,397.769019,19578.851496,-13.757658,-4423.715119,-797.516462,132.883160,False,False,False,False,False,False,False,2-circle,-1.000000,-510.798811,98.569968,99.979356,0.020644,1.430032,-174.590926,-89.461477,-5.352273,1,0,3,0.0000,0.0000,0.0000,0.5000,"LeadPursuit",0.021384
517,A0100,adaptive_eagle_v9,HABFM,8165.627410,162.767163,53.047261,144.097160,-162.733568,12564.997179,397.988609,19577.181810,-8.348430,-4373.996292,-784.244939,15.468913,False,False,False,False,False,False,False,2-circle,-1.000000,-506.008202,98.569968,99.979356,0.020644,1.430032,-166.708685,-81.475694,-4.851809,1,0,4,0.0000,0.0000,0.0000,0.5000,"SmartHighYoYo",0.042273
517,B0100,L7_mid_level_aggressive,HABFM,8165.627410,162.767163,53.047261,144.097160,-162.733568,12564.997179,397.988609,19577.181810,-8.348430,-4373.996292,-784.244939,15.468913,False,False,False,False,False,False,False,2-circle,-1.000000,-506.008202,98.569968,99.979356,0.020644,1.430032,-166.708685,-81.475694,-4.851809,1,0,3,0.0000,0.0000,0.0000,0.5000,"LeadPursuit",0.025903
518,A0100,adaptive_eagle_v9,HABFM,8427.425393,160.944802,54.823626,144.092123,-160.910211,12554.880834,397.538578,19551.216168,-129.828214,-4307.521809,-764.103006,14.614378,False,False,False,False,False,False,False,2-circle,-1.000000,-500.410779,98.569968,99.979356,0.020644,1.430032,-166.303327,-80.974366,-4.291615,4,0,3,0.0000,0.0000,0.0000,0.5000,"SmartHighYoYo",0.024790
518,B0100,L7_mid_level_aggressive,HABFM,8427.425393,160.944802,54.823626,144.092123,-160.910211,12554.880834,397.538578,19551.216168,-129.828214,-4307.521809,-764.103006,14.614378,False,False,False,False,False,False,False,2-circle,-1.000000,-500.410779,98.569968,99.979356,0.020644,1.430032,-166.303327,-80.974366,-4.291615,1,0,3,0.0000,0.0000,0.0000,0.5000,"LeadPursuit",0.040123
519,A0100,adaptive_eagle_v9,HABFM,8682.548293,158.328899,55.957210,145.388947,-158.298588,12544.287052,395.816493,19480.139289,-355.384393,-4381.931837,-745.650607,133.567129,False,False,False,False,False,False,False,2-circle,-1.000000,-496.793999,98.569968,99.979356,0.020644,1.430032,-179.830520,-94.439169,-4.294497,1,0,4,0.0000,0.0000,0.0000,0.5000,"SmartHighYoYo",0.012961
519,B0100,L7_mid_level_aggressive,HABFM,8682.548293,158.328899,55.957210,145.388947,-158.298588,12544.287052,395.816493,19480.139289,-355.384393,-4381.931837,-745.650607,133.567129,False,False,False,False,False,False,False,2-circle,-1.000000,-496.793999,98.569968,99.979356,0.020644,1.430032,-179.830520,-94.439169,-4.294497,1,0,3,0.0000,0.0000,0.0000,0.5000,"LeadPursuit",0.040284
520,A0100,adaptive_eagle_v9,HABFM,8932.311816,155.980329,56.587303,146.646266,-155.996815,12531.612253,394.623372,19425.713627,-272.128310,-4495.754473,-732.449285,133.978017,False,False,False,False,False,False,False,2-circle,-1.000000,-494.429461,98.569968,99.979356,0.020644,1.430032,171.466321,-103.104905,-4.914100,1,0,4,0.0000,0.0000,0.0000,0.5000,"SmartHighYoYo",0.018399
520,B0100,L7_mid_level_aggressive,HABFM,8932.311816,155.980329,56.587303,146.646266,-155.996815,12531.612253,394.623372,19425.713627,-272.128310,-4495.754473,-732.449285,133.978017,False,False,False,False,False,False,False,2-circle,-1.000000,-494.429461,98.569968,99.979356,0.020644,1.430032,171.466321,-103.104905,-4.914100,1,0,3,0.0000,0.0000,0.0000,0.5000,"LeadPursuit",0.026726
521,A0100,adaptive_eagle_v9,HABFM,9178.131126,154.472617,57.406929,146.816091,-154.559928,12516.178597,395.022364,19424.227867,-7.428799,-4520.736609,-721.413254,133.876342,False,False,False,False,False,False,False,2-circle,-1.000000,-492.330795,98.569968,99.979356,0.020644,1.430032,178.540639,-96.006742,-5.824729,1,0,4,0.0000,0.0000,0.0000,0.5000,"SmartHighYoYo",0.024253
521,B0100,L7_mid_level_aggressive,HABFM,9178.131126,154.472617,57.406929,146.816091,-154.559928,12516.178597,395.022364,19424.227867,-7.428799,-4520.736609,-721.413254,133.876342,False,False,False,False,False,False,False,2-circle,-1.000000,-492.330795,98.569968,99.979356,0.020644,1.430032,178.540639,-96.006742,-5.824729,1,0,3,0.0000,0.0000,0.0000,0.5000,"LeadPursuit",0.023198
522,A0100,adaptive_eagle_v9,HABFM,9420.123076,153.125242,58.414886,146.728671,-153.268659,12498.763170,395.761260,19432.679833,42.259828,-4514.428135,-709.188002,50.549030,False,False,False,False,False,False,False,2-circle,-1.000000,-490.842976,98.569968,99.979356,0.020644,1.430032,-172.817742,-87.357280,-6.225698,1,0,4,0.0000,0.0000,0.0000,0.5000,"SmartHighYoYo",0.027217
522,B0100,L7_mid_level_aggressive,HABFM,9420.123076,153.125242,58.414886,146.728671,-153.268659,12498.763170,395.761260,19432.679833,42.259828,-4514.428135,-709.188002,50.549030,False,False,False,False,False,False,False,2-circle,-1.000000,-490.842976,98.569968,99.979356,0.020644,1.430032,-172.817742,-87.357280,-6.225698,1,0,3,0.0000,0.0000,0.0000,0.5000,"LeadPursuit",0.023452
523,A0100,adaptive_eagle_v9,HABFM,9657.727938,151.713448,59.485313,146.824507,-151.876624,12480.230328,396.310503,19433.406340,3.632534,-4511.357148,-695.572861,11.875568,False,False,False,False,False,False,False,2-circle,-1.000000,-490.047412,98.569968,99.979356,0.020644,1.430032,-164.347495,-78.896383,-5.934261,1,0,4,0.0000,0.0000,0.0000,0.5000,"SmartHighYoYo",0.027929
523,B0100,L7_mid_level_aggressive,HABFM,9657.727938,151.713448,59.485313,146.824507,-151.876624,12480.230328,396.310503,19433.406340,3.632534,-4511.357148,-695.572861,11.875568,False,False,False,False,False,False,False,2-circle,-1.000000,-490.047412,98.569968,99.979356,0.020644,1.430032,-164.347495,-78.896383,-5.934261,1,0,3,0.0000,0.0000,0.0000,0.5000,"LeadPursuit",0.029438
524,A0100,adaptive_eagle_v9,HABFM,9890.438828,149.915820,60.527544,147.544507,-150.054496,12461.560574,396.080506,19406.668434,-133.689529,-4536.376980,-679.389823,10.945848,False,False,False,False,False,False,False,2-circle,-1.000000,-489.917654,98.569968,99.979356,0.020644,1.430032,-163.394259,-77.970180,-5.473118,1,0,4,0.0000,0.0000,0.0000,0.5000,"SmartHighYoYo",0.036121
524,B0100,L7_mid_level_aggressive,HABFM,9890.438828,149.915820,60.527544,147.544507,-150.054496,12461.560574,396.080506,19406.668434,-133.689529,-4536.376980,-679.389823,10.945848,False,False,False,False,False,False,False,2-circle,-1.000000,-489.917654,98.569968,99.979356,0.020644,1.430032,-163.394259,-77.970180,-5.473118,1,0,4,0.0000,0.0000,0.0000,0.5000,"LeadPursuit",0.045362
525,A0100,adaptive_eagle_v9,HABFM,10116.551711,147.310787,61.819572,148.764365,-147.439258,12443.110450,394.609269,19336.719065,-349.746844,-4580.908193,-655.507613,134.144912,False,False,False,False,False,False,False,2-circle,-1.000000,-489.669765,98.569968,99.979356,0.020644,1.430032,-176.330690,-90.946142,-5.485638,1,0,4,0.0000,0.0000,0.0000,0.5000,"SmartHighYoYo",0.052646
525,B0100,L7_mid_level_aggressive,HABFM,10116.551711,147.310787,61.819572,148.764365,-147.439258,12443.110450,394.609269,19336.719065,-349.746844,-4580.908193,-655.507613,134.144912,False,False,False,False,False,False,False,2-circle,-1.000000,-489.669765,98.569968,99.979356,0.020644,1.430032,-176.330690,-90.946142,-5.485638,1,0,4,0.0000,0.0000,0.0000,0.5000,"LeadPursuit",0.045154
526,A0100,adaptive_eagle_v9,HABFM,10333.242406,144.920812,63.712785,148.782477,-145.110564,12423.381806,393.654919,19283.686784,-265.161406,-4539.629545,-626.511754,134.493589,False,False,False,False,False,False,False,2-circle,-1.000000,-487.665107,98.569968,99.979356,0.020644,1.430032,175.552131,-99.102318,-6.048069,1,0,4,0.0000,0.0000,0.0000,0.5000,"SmartHighYoYo",0.037080
526,B0100,L7_mid_level_aggressive,HABFM,10333.242406,144.920812,63.712785,148.782477,-145.110564,12423.381806,393.654919,19283.686784,-265.161406,-4539.629545,-626.511754,134.493589,False,False,False,False,False,False,False,2-circle,-1.000000,-487.665107,98.569968,99.979356,0.020644,1.430032,175.552131,-99.102318,-6.048069,1,0,4,0.0000,0.0000,0.0000,0.5000,"LeadPursuit",0.029815
527,A0100,adaptive_eagle_v9,HABFM,10541.543590,143.391081,65.085133,148.273258,-143.642473,12401.586190,394.235660,19282.147498,-7.696431,-4492.191052,-607.465901,134.343309,False,False,False,False,False,False,False,2-circle,-1.000000,-485.338023,98.569968,99.979356,0.020644,1.430032,-177.052174,-91.757441,-6.824232,4,0,3,0.0000,0.0000,0.0000,0.5000,"SmartHighYoYo",0.022017
527,B0100,L7_mid_level_aggressive,HABFM,10541.543590,143.391081,65.085133,148.273258,-143.642473,12401.586190,394.235660,19282.147498,-7.696431,-4492.191052,-607.465901,134.343309,False,False,False,False,False,False,False,2-circle,-1.000000,-485.338023,98.569968,99.979356,0.020644,1.430032,-177.052174,-91.757441,-6.824232,1,0,4,0.0000,0.0000,0.0000,0.5000,"LeadPursuit",0.025461
528,A0100,adaptive_eagle_v9,HABFM,10744.861927,142.075850,65.904227,148.220027,-142.355483,12378.391418,395.160489,19291.272506,45.625044,-4505.152087,-594.915613,19.008461,False,False,False,False,False,False,False,2-circle,-1.000000,-484.345891,98.569968,99.979356,0.020644,1.430032,-168.198421,-82.980713,-7.050322,1,0,4,0.0000,0.0000,0.0000,0.5000,"SmartHighYoYo",0.026043
528,B0100,L7_mid_level_aggressive,HABFM,10744.861927,142.075850,65.904227,148.220027,-142.355483,12378.391418,395.160489,19291.272506,45.625044,-4505.152087,-594.915613,19.008461,False,False,False,False,False,False,False,2-circle,-1.000000,-484.345891,98.569968,99.979356,0.020644,1.430032,-168.198421,-82.980713,-7.050322,1,0,4,0.0000,0.0000,0.0000,0.5000,"LeadPursuit",0.025989
529,A0100,adaptive_eagle_v9,HABFM,10943.808415,140.714532,66.826741,148.384222,-140.978013,12354.673648,395.842333,19291.431471,0.794822,-4523.805982,-580.635324,8.382270,False,False,False,False,False,False,False,2-circle,-1.000000,-484.900695,98.569968,99.979356,0.020644,1.430032,-159.530046,-74.419319,-6.577711,1,0,4,0.0000,0.0000,0.0000,0.5000,"SmartHighYoYo",0.029851
529,B0100,L7_mid_level_aggressive,HABFM,10943.808415,140.714532,66.826741,148.384222,-140.978013,12354.673648,395.842333,19291.431471,0.794822,-4523.805982,-580.635324,8.382270,False,False,False,False,False,False,False,2-circle,-1.000000,-484.900695,98.569968,99.979356,0.020644,1.430032,-159.530046,-74.419319,-6.577711,1,0,4,0.0000,0.0000,0.0000,0.5000,"LeadPursuit",0.032840
530,A0100,adaptive_eagle_v9,HABFM,11137.474768,138.994361,67.839223,149.109886,-139.194853,12331.460122,395.601300,19259.772797,-158.293371,-4574.871585,-562.439201,7.863241,False,False,False,False,False,False,False,2-circle,-1.000000,-487.241813,98.569968,99.979356,0.020644,1.430032,-158.399438,-73.431447,-5.926073,1,0,4,0.0000,0.0000,0.0000,0.5000,"SmartHighYoYo",0.030514
530,B0100,L7_mid_level_aggressive,HABFM,11137.474768,138.994361,67.839223,149.109886,-139.194853,12331.460122,395.601300,19259.772797,-158.293371,-4574.871585,-562.439201,7.863241,False,False,False,False,False,False,False,2-circle,-1.000000,-487.241813,98.569968,99.979356,0.020644,1.430032,-158.399438,-73.431447,-5.926073,1,0,4,0.0000,0.0000,0.0000,0.5000,"LeadPursuit",0.051259
531,A0100,adaptive_eagle_v9,HABFM,11324.024204,136.453243,68.828568,150.599654,-136.601071,12309.272761,394.099319,19185.075803,-373.484968,-4672.594708,-538.367174,36.618969,False,False,False,False,False,False,False,2-circle,-1.000000,-490.878180,98.569968,99.979356,0.020644,1.430032,-171.119384,-86.330116,-5.734783,1,0,4,0.0000,0.0000,0.0000,0.5000,"SmartHighYoYo",0.039532
531,B0100,L7_mid_level_aggressive,HABFM,11324.024204,136.453243,68.828568,150.599654,-136.601071,12309.272761,394.099319,19185.075803,-373.484968,-4672.594708,-538.367174,36.618969,False,False,False,False,False,False,False,2-circle,-1.000000,-490.878180,98.569968,99.979356,0.020644,1.430032,-171.119384,-86.330116,-5.734783,1,0,4,0.0000,0.0000,0.0000,0.5000,"LeadPursuit",0.051224
532,A0100,adaptive_eagle_v9,HABFM,11501.936534,134.086966,70.059633,151.453926,-134.247531,12286.715638,393.111809,19128.103913,-284.859450,-4704.087286,-512.601920,134.924280,False,False,False,False,False,False,False,2-circle,-1.000000,-493.240340,98.569968,99.979356,0.020644,1.430032,-178.928746,-94.331809,-6.063426,1,0,4,0.0000,0.0000,0.0000,0.5000,"SmartHighYoYo",0.059622
532,B0100,L7_mid_level_aggressive,HABFM,11501.936534,134.086966,70.059633,151.453926,-134.247531,12286.715638,393.111809,19128.103913,-284.859450,-4704.087286,-512.601920,134.924280,False,False,False,False,False,False,False,2-circle,-1.000000,-493.240340,98.569968,99.979356,0.020644,1.430032,-178.928746,-94.331809,-6.063426,1,0,4,0.0000,0.0000,0.0000,0.5000,"LeadPursuit",0.033470
533,A0100,adaptive_eagle_v9,HABFM,11670.967661,132.586003,71.918346,150.943045,-132.765148,12262.842767,393.753509,19126.584467,-7.597230,-4596.765017,-486.547581,43.354859,False,False,False,False,False,False,False,2-circle,-1.000000,-493.109070,98.569968,99.979356,0.020644,1.430032,-171.297416,-86.894498,-6.564818,1,0,4,0.0000,0.0000,0.0000,0.5000,"SmartHighYoYo",0.043411
533,B0100,L7_mid_level_aggressive,HABFM,11670.967661,132.586003,71.918346,150.943045,-132.765148,12262.842767,393.753509,19126.584467,-7.597230,-4596.765017,-486.547581,43.354859,False,False,False,False,False,False,False,2-circle,-1.000000,-493.109070,98.569968,99.979356,0.020644,1.430032,-171.297416,-86.894498,-6.564818,1,0,4,0.0000,0.0000,0.0000,0.5000,"LeadPursuit",0.028333
534,A0100,adaptive_eagle_v9,HABFM,11832.097179,131.313972,73.297131,150.453715,-131.488043,12238.199822,394.709565,19135.313125,43.643288,-4540.795272,-466.637133,11.136465,False,False,False,False,False,False,False,2-circle,-1.000000,-493.254660,98.569968,99.979356,0.020644,1.430032,-162.271497,-78.096634,-6.517765,1,0,4,0.0000,0.0000,0.0000,0.5000,"SmartHighYoYo",0.025958
534,B0100,L7_mid_level_aggressive,HABFM,11832.097179,131.313972,73.297131,150.453715,-131.488043,12238.199822,394.709565,19135.313125,43.643288,-4540.795272,-466.637133,11.136465,False,False,False,False,False,False,False,2-circle,-1.000000,-493.254660,98.569968,99.979356,0.020644,1.430032,-162.271497,-78.096634,-6.517765,1,0,4,0.0000,0.0000,0.0000,0.5000,"LeadPursuit",0.028631
535,A0100,adaptive_eagle_v9,HABFM,11987.535865,130.021060,74.122891,150.681553,-130.159453,12213.677148,395.296106,19131.303975,-20.045750,-4571.713588,-451.599804,6.295139,False,False,False,False,False,False,False,2-circle,-1.000000,-495.700250,98.569968,99.979356,0.020644,1.430032,-153.453509,-69.569614,-5.794562,1,0,4,0.0000,0.0000,0.0000,0.5000,"SmartHighYoYo",0.029771
535,B0100,L7_mid_level_aggressive,HABFM,11987.535865,130.021060,74.122891,150.681553,-130.159453,12213.677148,395.296106,19131.303975,-20.045750,-4571.713588,-451.599804,6.295139,False,False,False,False,False,False,False,2-circle,-1.000000,-495.700250,98.569968,99.979356,0.020644,1.430032,-153.453509,-69.569614,-5.794562,1,0,4,0.0000,0.0000,0.0000,0.5000,"LeadPursuit",0.036452
536,A0100,adaptive_eagle_v9,HABFM,12137.668524,128.383222,75.034879,151.488653,-128.456010,12190.336837,395.047446,19099.263373,-160.203006,-4636.245514,-432.703811,6.010243,False,False,False,False,False,False,False,2-circle,-1.000000,-500.955772,98.569968,99.979356,0.020644,1.430032,-152.181302,-68.668448,-4.906201,4,0,3,0.0000,0.0000,0.0000,0.5000,"SmartHighYoYo",0.033521
536,B0100,L7_mid_level_aggressive,HABFM,12137.668524,128.383222,75.034879,151.488653,-128.456010,12190.336837,395.047446,19099.263373,-160.203006,-4636.245514,-432.703811,6.010243,False,False,False,False,False,False,False,2-circle,-1.000000,-500.955772,98.569968,99.979356,0.020644,1.430032,-152.181302,-68.668448,-4.906201,1,0,4,0.0000,0.0000,0.0000,0.5000,"LeadPursuit",0.057991
537,A0100,adaptive_eagle_v9,HABFM,12280.255241,125.911386,76.021668,152.987604,-125.926076,12168.853285,393.515064,19024.284576,-374.893989,-4755.989423,-406.491839,16.046881,False,False,False,False,False,False,False,2-circle,-1.000000,-508.865613,98.569968,99.979356,0.020644,1.430032,-164.691738,-81.645461,-4.480119,1,0,4,0.0000,0.0000,0.0000,0.5000,"SmartHighYoYo",0.034199
537,B0100,L7_mid_level_aggressive,HABFM,12280.255241,125.911386,76.021668,152.987604,-125.926076,12168.853285,393.515064,19024.284576,-374.893989,-4755.989423,-406.491839,16.046881,False,False,False,False,False,False,False,2-circle,-1.000000,-508.865613,98.569968,99.979356,0.020644,1.430032,-164.691738,-81.645461,-4.480119,1,0,4,0.0000,0.0000,0.0000,0.5000,"LeadPursuit",0.058488
538,A0100,adaptive_eagle_v9,HABFM,12413.741645,123.581383,76.980717,154.114581,-123.578275,12147.922099,392.480307,18967.347743,-284.684164,-4842.650910,-381.326168,135.389986,False,False,False,False,False,False,False,2-circle,-1.000000,-516.994895,98.569968,99.979356,0.020644,1.430032,-172.140550,-89.643359,-4.552745,1,0,4,0.0000,0.0000,0.0000,0.5000,"SmartHighYoYo",0.043551
538,B0100,L7_mid_level_aggressive,HABFM,12413.741645,123.581383,76.980717,154.114581,-123.578275,12147.922099,392.480307,18967.347743,-284.684164,-4842.650910,-381.326168,135.389986,False,False,False,False,False,False,False,2-circle,-1.000000,-516.994895,98.569968,99.979356,0.020644,1.430032,-172.140550,-89.643359,-4.552745,1,0,4,0.0000,0.0000,0.0000,0.5000,"LeadPursuit",0.037771
539,A0100,adaptive_eagle_v9,HABFM,12539.660162,122.124832,78.152142,154.587749,-122.112661,12126.429140,393.063766,18966.145301,-6.012209,-4806.473365,-360.509789,17.294472,False,False,False,False,False,False,False,2-circle,-1.000000,-523.035853,98.569968,99.979356,0.020644,1.430032,-164.110651,-82.227601,-4.769546,1,0,4,0.0000,0.0000,0.0000,0.5000,"SmartHighYoYo",0.067527
539,B0100,L7_mid_level_aggressive,HABFM,12539.660162,122.124832,78.152142,154.587749,-122.112661,12126.429140,393.063766,18966.145301,-6.012209,-4806.473365,-360.509789,17.294472,False,False,False,False,False,False,False,2-circle,-1.000000,-523.035853,98.569968,99.979356,0.020644,1.430032,-164.110651,-82.227601,-4.769546,1,0,4,0.0000,0.0000,0.0000,0.5000,"LeadPursuit",0.031524
540,A0100,adaptive_eagle_v9,HABFM,12657.754681,120.908288,79.968996,154.368265,-120.880066,12104.798378,393.821501,18970.910707,23.827031,-4698.633927,-334.857205,7.960470,False,False,False,False,False,False,False,2-circle,-1.000000,-527.033164,98.569968,99.979356,0.020644,1.430032,-154.692701,-73.507341,-4.454265,1,0,4,0.0000,0.0000,0.0000,0.5000,"SmartHighYoYo",0.050149
540,B0100,L7_mid_level_aggressive,HABFM,12657.754681,120.908288,79.968996,154.368265,-120.880066,12104.798378,393.821501,18970.910707,23.827031,-4698.633927,-334.857205,7.960470,False,False,False,False,False,False,False,2-circle,-1.000000,-527.033164,98.569968,99.979356,0.020644,1.430032,-154.692701,-73.507341,-4.454265,1,0,4,0.0000,0.0000,0.0000,0.5000,"LeadPursuit",0.043393
541,A0100,adaptive_eagle_v9,HABFM,12767.185951,119.241396,81.340962,154.653113,-119.182678,12083.999068,393.610922,18942.770640,-140.700335,-4702.495375,-309.826354,7.373731,False,False,False,False,False,False,False,2-circle,-1.000000,-532.200124,98.569968,99.979356,0.020644,1.430032,-152.581943,-72.261115,-3.898812,1,0,4,0.0000,0.0000,0.0000,0.5000,"SmartHighYoYo",0.029792
541,B0100,L7_mid_level_aggressive,HABFM,12767.185951,119.241396,81.340962,154.653113,-119.182678,12083.999068,393.610922,18942.770640,-140.700335,-4702.495375,-309.826354,7.373731,False,False,False,False,False,False,False,2-circle,-1.000000,-532.200124,98.569968,99.979356,0.020644,1.430032,-152.581943,-72.261115,-3.898812,1,0,4,0.0000,0.0000,0.0000,0.5000,"LeadPursuit",0.068265
542,A0100,adaptive_eagle_v9,HABFM,12868.200289,116.746695,82.158868,155.944280,-116.658390,12064.611205,392.127087,18871.767853,-355.013935,-4834.541622,-283.505438,25.569245,False,False,False,False,False,False,False,2-circle,-1.000000,-540.418619,98.569968,99.979356,0.020644,1.430032,-163.906972,-84.708885,-3.747985,1,0,4,0.0000,0.0000,0.0000,0.5000,"SmartHighYoYo",0.033948
542,B0100,L7_mid_level_aggressive,HABFM,12868.200289,116.746695,82.158868,155.944280,-116.658390,12064.611205,392.127087,18871.767853,-355.013935,-4834.541622,-283.505438,25.569245,False,False,False,False,False,False,False,2-circle,-1.000000,-540.418619,98.569968,99.979356,0.020644,1.430032,-163.906972,-84.708885,-3.747985,1,0,4,0.0000,0.0000,0.0000,0.5000,"LeadPursuit",0.066313
543,A0100,adaptive_eagle_v9,HABFM,12960.225566,114.480444,83.054168,156.623986,-114.375405,12045.301164,391.167354,18819.177498,-262.951777,-4933.980751,-258.030946,136.018197,False,False,False,False,False,False,False,2-circle,-1.000000,-549.851582,98.569968,99.979356,0.020644,1.430032,-169.956229,-92.192316,-4.060342,1,0,4,0.0000,0.0000,0.0000,0.5000,"SmartHighYoYo",0.038410
543,B0100,L7_mid_level_aggressive,HABFM,12960.225566,114.480444,83.054168,156.623986,-114.375405,12045.301164,391.167354,18819.177498,-262.951777,-4933.980751,-258.030946,136.018197,False,False,False,False,False,False,False,2-circle,-1.000000,-549.851582,98.569968,99.979356,0.020644,1.430032,-169.956229,-92.192316,-4.060342,1,0,4,0.0000,0.0000,0.0000,0.5000,"LeadPursuit",0.043050
544,A0100,adaptive_eagle_v9,HABFM,13044.676082,113.062273,84.020641,156.826627,-112.945114,12025.098199,391.794886,18820.726011,7.742566,-4944.522866,-238.550984,25.105570,False,False,False,False,False,False,False,2-circle,-1.000000,-558.626638,98.569968,99.979356,0.020644,1.430032,-160.545577,-84.604462,-4.490549,1,0,4,0.0000,0.0000,0.0000,0.5000,"SmartHighYoYo",0.052551
544,B0100,L7_mid_level_aggressive,HABFM,13044.676082,113.062273,84.020641,156.826627,-112.945114,12025.098199,391.794886,18820.726011,7.742566,-4944.522866,-238.550984,25.105570,False,False,False,False,False,False,False,2-circle,-1.000000,-558.626638,98.569968,99.979356,0.020644,1.430032,-160.545577,-84.604462,-4.490549,1,0,4,0.0000,0.0000,0.0000,0.5000,"LeadPursuit",0.037220
545,A0100,adaptive_eagle_v9,HABFM,13122.609898,111.840648,85.287839,157.066997,-111.710235,12004.497649,392.686600,18831.093961,51.839750,-4897.968438,-217.486639,9.362350,False,False,False,False,False,False,False,2-circle,-1.000000,-566.144147,98.569968,99.979356,0.020644,1.430032,-149.380052,-75.813527,-4.354819,4,0,3,0.0000,0.0000,0.0000,0.5000,"SmartHighYoYo",0.051748
545,B0100,L7_mid_level_aggressive,HABFM,13122.609898,111.840648,85.287839,157.066997,-111.710235,12004.497649,392.686600,18831.093961,51.839750,-4897.968438,-217.486639,9.362350,False,False,False,False,False,False,False,2-circle,-1.000000,-566.144147,98.569968,99.979356,0.020644,1.430032,-149.380052,-75.813527,-4.354819,1,0,4,0.0000,0.0000,0.0000,0.5000,"LeadPursuit",0.051970
546,A0100,adaptive_eagle_v9,HABFM,13192.529988,110.141374,86.522961,157.784768,-109.993476,11984.450340,392.495295,18804.396838,-133.485618,-4916.050127,-192.599409,8.514328,False,False,False,False,False,False,False,2-circle,-1.000000,-573.208303,98.569968,99.979356,0.020644,1.430032,-144.767026,-74.454928,-3.950079,1,0,4,0.0000,0.0000,0.0000,0.5000,"SmartHighYoYo",0.036458
546,B0100,L7_mid_level_aggressive,HABFM,13192.529988,110.141374,86.522961,157.784768,-109.993476,11984.450340,392.495295,18804.396838,-133.485618,-4916.050127,-192.599409,8.514328,False,False,False,False,False,False,False,2-circle,-1.000000,-573.208303,98.569968,99.979356,0.020644,1.430032,-144.767026,-74.454928,-3.950079,1,0,4,0.0000,0.0000,0.0000,0.5000,"LeadPursuit",0.080857
547,A0100,adaptive_eagle_v9,HABFM,13253.762979,107.622355,87.364801,159.326114,-107.453645,11965.469668,391.035826,18734.791390,-348.027237,-5026.690464,-164.731535,41.209754,False,False,False,False,False,False,False,2-circle,-1.000000,-580.761980,98.569968,99.979356,0.020644,1.430032,-152.270019,-86.698013,-3.927100,1,0,4,0.0000,0.0000,0.0000,0.5000,"SmartHighYoYo",0.052353
547,B0100,L7_mid_level_aggressive,HABFM,13253.762979,107.622355,87.364801,159.326114,-107.453645,11965.469668,391.035826,18734.791390,-348.027237,-5026.690464,-164.731535,41.209754,False,False,False,False,False,False,False,2-circle,-1.000000,-580.761980,98.569968,99.979356,0.020644,1.430032,-152.270019,-86.698013,-3.927100,1,0,4,0.0000,0.0000,0.0000,0.5000,"LeadPursuit",0.077090
548,A0100,adaptive_eagle_v9,HABFM,13305.100958,105.378319,88.525999,160.171093,-105.186084,11946.206603,390.116582,18683.739191,-255.260994,-5061.520711,-135.861384,136.556148,False,False,False,False,False,False,False,2-circle,-1.000000,-586.581718,98.569968,99.979356,0.020644,1.430032,-152.250816,-93.939391,-4.358785,1,0,4,0.0000,0.0000,0.0000,0.5000,"SmartHighYoYo",0.080410
548,B0100,L7_mid_level_aggressive,HABFM,13305.100958,105.378319,88.525999,160.171093,-105.186084,11946.206603,390.116582,18683.739191,-255.260994,-5061.520711,-135.861384,136.556148,False,False,False,False,False,False,False,2-circle,-1.000000,-586.581718,98.569968,99.979356,0.020644,1.430032,-152.250816,-93.939391,-4.358785,1,0,4,0.0000,0.0000,0.0000,0.5000,"LeadPursuit",0.049993
549,A0100,adaptive_eagle_v9,DBFM,13346.668500,103.976374,90.310640,159.807850,-103.767136,11925.784603,390.788639,18686.550793,14.058010,-4962.220306,-107.806621,36.088192,False,False,False,False,False,False,False,2-circle,-1.000000,-589.584244,98.569968,99.979356,0.020644,1.430032,-132.583562,-86.226335,-4.902429,1,1,4,0.0000,0.0000,0.0000,0.5000,"SmartHighYoYo",0.062135
549,B0100,L7_mid_level_aggressive,DBFM,13346.668500,103.976374,90.310640,159.807850,-103.767136,11925.784603,390.788639,18686.550793,14.058010,-4962.220306,-107.806621,36.088192,False,False,False,False,False,False,False,2-circle,-1.000000,-589.584244,98.569968,99.979356,0.020644,1.430032,-132.583562,-86.226335,-4.902429,1,0,4,0.0000,0.0000,0.0000,0.5000,"LeadPursuit",-0.176045
550,A0100,adaptive_eagle_v9,DBFM,13379.593267,102.750497,91.715667,159.207673,-102.528043,11904.752069,391.727526,18698.043363,57.462851,-4907.928812,-84.836457,10.600244,False,False,False,False,False,False,False,2-circle,-1.000000,-592.760588,98.569968,99.979356,0.020644,1.430032,-102.962264,-77.368757,-4.864218,1,1,4,0.0000,0.0000,0.0000,0.5000,"SmartHighYoYo",0.041799
550,B0100,L7_mid_level_aggressive,DBFM,13379.593267,102.750497,91.715667,159.207673,-102.528043,11904.752069,391.727526,18698.043363,57.462851,-4907.928812,-84.836457,10.600244,False,False,False,False,False,False,False,2-circle,-1.000000,-592.760588,98.569968,99.979356,0.020644,1.430032,-102.962264,-77.368757,-4.864218,1,0,4,0.0000,0.0000,0.0000,0.5000,"LeadPursuit",-0.125868
551,A0100,adaptive_eagle_v9,DBFM,13405.159334,101.030157,92.660417,159.506089,-100.794791,11884.048170,391.589227,18672.543589,-127.498874,-4972.250666,-62.071803,9.493527,False,False,False,False,False,False,False,2-circle,-1.000000,-598.402316,98.569968,99.979356,0.020644,1.430032,-70.957243,-75.943284,-4.542536,1,1,4,0.0000,0.0000,0.0000,0.5000,"SmartHighYoYo",0.045517
551,B0100,L7_mid_level_aggressive,DBFM,13405.159334,101.030157,92.660417,159.506089,-100.794791,11884.048170,391.589227,18672.543589,-127.498874,-4972.250666,-62.071803,9.493527,False,False,False,False,False,False,False,2-circle,-1.000000,-598.402316,98.569968,99.979356,0.020644,1.430032,-70.957243,-75.943284,-4.542536,1,0,4,0.0000,0.0000,0.0000,0.5000,"LeadPursuit",-0.104431
552,A0100,adaptive_eagle_v9,DBFM,13421.995541,98.494494,93.649862,160.276572,-98.236033,11864.143669,390.183593,18603.991103,-342.762428,-5088.508102,-32.130635,70.795239,False,False,False,False,False,False,False,2-circle,-1.000000,-606.472849,98.569968,99.979356,0.020644,1.430032,-55.354571,-88.069795,-4.591857,1,1,4,0.0000,0.0000,0.0000,0.5000,"SmartHighYoYo",0.050562
552,B0100,L7_mid_level_aggressive,DBFM,13421.995541,98.494494,93.649862,160.276572,-98.236033,11864.143669,390.183593,18603.991103,-342.762428,-5088.508102,-32.130635,70.795239,False,False,False,False,False,False,False,2-circle,-1.000000,-606.472849,98.569968,99.979356,0.020644,1.430032,-55.354571,-88.069795,-4.591857,1,0,4,0.0000,0.0000,0.0000,0.5000,"LeadPursuit",-0.127517
553,A0100,adaptive_eagle_v9,DBFM,13428.607522,96.265647,94.697892,160.448977,-95.966481,11843.687419,389.323204,18553.843722,-250.736903,-5170.208620,-4.133112,137.016564,False,False,False,False,False,False,False,2-circle,-1.000000,-614.765757,98.569968,99.979356,0.020644,1.430032,-45.357847,-95.138824,-5.094463,1,1,4,0.0000,0.0000,0.0000,0.5000,"SmartHighYoYo",0.051143
553,B0100,L7_mid_level_aggressive,DBFM,13428.607522,96.265647,94.697892,160.448977,-95.966481,11843.687419,389.323204,18553.843722,-250.736903,-5170.208620,-4.133112,137.016564,False,False,False,False,False,False,False,2-circle,-1.000000,-614.765757,98.569968,99.979356,0.020644,1.430032,-45.357847,-95.138824,-5.094463,1,0,4,0.0000,0.0000,0.0000,0.5000,"LeadPursuit",-0.157466
554,A0100,adaptive_eagle_v9,DBFM,13426.993174,94.880000,95.702973,160.522410,-94.548330,11821.872768,390.062613,18557.541343,18.488102,-5166.087068,16.583879,50.737691,False,False,False,False,False,False,False,2-circle,-1.000000,-621.430690,98.569968,99.979356,0.020644,1.430032,-27.597189,-87.305352,-5.706344,4,1,3,0.0000,0.0000,0.0000,0.5000,"SmartHighYoYo",0.047221
554,B0100,L7_mid_level_aggressive,DBFM,13426.993174,94.880000,95.702973,160.522410,-94.548330,11821.872768,390.062613,18557.541343,18.488102,-5166.087068,16.583879,50.737691,False,False,False,False,False,False,False,2-circle,-1.000000,-621.430690,98.569968,99.979356,0.020644,1.430032,-27.597189,-87.305352,-5.706344,1,0,4,0.0000,0.0000,0.0000,0.5000,"LeadPursuit",-0.143599
555,A0100,adaptive_eagle_v9,DBFM,13418.879994,93.659723,96.575334,161.120505,-93.306872,11799.286959,391.075573,18569.984887,62.217722,-5151.653060,34.737660,11.581908,False,False,False,False,False,False,False,2-circle,-1.000000,-625.944954,98.569968,99.979356,0.020644,1.430032,-12.466570,-78.374692,-5.725646,1,1,4,0.0000,0.0000,0.0000,0.5000,"SmartHighYoYo",0.059422
555,B0100,L7_mid_level_aggressive,DBFM,13418.879994,93.659723,96.575334,161.120505,-93.306872,11799.286959,391.075573,18569.984887,62.217722,-5151.653060,34.737660,11.581908,False,False,False,False,False,False,False,2-circle,-1.000000,-625.944954,98.569968,99.979356,0.020644,1.430032,-12.466570,-78.374692,-5.725646,1,0,4,0.0000,0.0000,0.0000,0.5000,"LeadPursuit",-0.187063
556,A0100,adaptive_eagle_v9,DBFM,13404.354562,92.387379,97.614832,162.319598,-92.027478,11776.808946,391.726524,18570.065507,0.403100,-5100.921699,54.862906,6.478221,False,False,False,False,False,False,False,2-circle,-1.000000,-627.818023,98.569968,99.979356,0.020644,1.430032,0.272927,-69.829978,-5.057600,1,1,4,0.0000,0.0000,0.0000,0.5000,"SmartHighYoYo",0.097929
556,B0100,L7_mid_level_aggressive,DBFM,13404.354562,92.387379,97.614832,162.319598,-92.027478,11776.808946,391.726524,18570.065507,0.403100,-5100.921699,54.862906,6.478221,False,False,False,False,False,False,False,2-circle,-1.000000,-627.818023,98.569968,99.979356,0.020644,1.430032,0.272927,-69.829978,-5.057600,1,0,4,0.0000,0.0000,0.0000,0.5000,"LeadPursuit",-0.314161
557,A0100,adaptive_eagle_v9,DBFM,13381.468801,90.715391,99.343190,163.524644,-90.365342,11755.475421,391.533148,18542.026620,-140.194433,-5019.480192,84.598762,6.192853,False,False,False,False,False,False,False,2-circle,-1.000000,-627.324086,98.569968,99.979356,0.020644,1.430032,4.147363,-68.965434,-4.208337,1,1,4,0.0000,0.0000,0.0000,0.5000,"SmartHighYoYo",-0.435883
557,B0100,L7_mid_level_aggressive,DBFM,13381.468801,90.715391,99.343190,163.524644,-90.365342,11755.475421,391.533148,18542.026620,-140.194433,-5019.480192,84.598762,6.192853,False,False,False,False,False,False,False,2-circle,-1.000000,-627.324086,98.569968,99.979356,0.020644,1.430032,4.147363,-68.965434,-4.208337,1,0,4,0.0000,0.0000,0.0000,0.5000,"LeadPursuit",-0.211655
558,A0100,adaptive_eagle_v9,DBFM,13347.456530,88.201205,100.870762,164.532469,-87.853372,11735.956213,390.043311,18470.958199,-355.342107,-5049.894254,119.103837,16.657086,False,False,True,False,False,False,False,2-circle,-1.000000,-627.229757,98.569968,99.979356,0.020644,1.430032,-6.518364,-81.831739,-3.804226,1,1,4,0.0000,0.0000,0.0000,0.5000,"SmartHighYoYo",-0.427454
558,B0100,L7_mid_level_aggressive,DBFM,13347.456530,88.201205,100.870762,164.532469,-87.853372,11735.956213,390.043311,18470.958199,-355.342107,-5049.894254,119.103837,16.657086,False,False,True,False,False,False,False,2-circle,-1.000000,-627.229757,98.569968,99.979356,0.020644,1.430032,-6.518364,-81.831739,-3.804226,1,0,4,0.0000,0.0000,0.0000,0.5000,"LeadPursuit",-0.129823
559,A0100,adaptive_eagle_v9,DBFM,13302.366657,85.900736,102.010563,164.999227,-85.521203,11716.974702,389.042047,18417.442781,-267.577088,-5117.417998,148.231321,137.350331,False,False,True,False,False,False,False,2-circle,-1.000000,-627.817256,98.569968,99.979356,0.020644,1.430032,-12.478827,-89.452797,-3.883947,1,1,4,0.0000,0.0000,0.0000,0.5000,"SmartHighYoYo",-0.228996
559,B0100,L7_mid_level_aggressive,DBFM,13302.366657,85.900736,102.010563,164.999227,-85.521203,11716.974702,389.042047,18417.442781,-267.577088,-5117.417998,148.231321,137.350331,False,False,True,False,False,False,False,2-circle,-1.000000,-627.817256,98.569968,99.979356,0.020644,1.430032,-12.478827,-89.452797,-3.883947,1,0,4,0.0000,0.0000,0.0000,0.5000,"LeadPursuit",-0.196933
560,A0100,adaptive_eagle_v9,DBFM,13248.641540,84.493869,103.235060,165.233892,-84.090384,11697.463843,389.561413,18415.833929,-8.044263,-5091.188695,170.981204,16.624307,False,False,True,False,False,False,False,2-circle,-1.000000,-627.431632,98.569968,99.979356,0.020644,1.430032,-3.506708,-81.801963,-4.084747,1,1,4,0.0000,0.0000,0.0000,0.5000,"SmartHighYoYo",-0.150795
560,B0100,L7_mid_level_aggressive,DBFM,13248.641540,84.493869,103.235060,165.233892,-84.090384,11697.463843,389.561413,18415.833929,-8.044263,-5091.188695,170.981204,16.624307,False,False,True,False,False,False,False,2-circle,-1.000000,-627.431632,98.569968,99.979356,0.020644,1.430032,-3.506708,-81.801963,-4.084747,1,0,4,0.0000,0.0000,0.0000,0.5000,"LeadPursuit",-0.299330
561,A0100,adaptive_eagle_v9,DBFM,13187.202758,83.295142,104.843345,165.698933,-82.887300,11677.862164,390.358956,18423.769232,39.676516,-4995.753191,195.367955,7.824947,False,False,True,False,False,False,False,2-circle,-1.000000,-625.275069,98.569968,99.979356,0.020644,1.430032,6.377965,-73.009266,-3.744638,1,1,4,0.0000,0.0000,0.0000,0.5000,"SmartHighYoYo",-0.203363
561,B0100,L7_mid_level_aggressive,DBFM,13187.202758,83.295142,104.843345,165.698933,-82.887300,11677.862164,390.358956,18423.769232,39.676516,-4995.753191,195.367955,7.824947,False,False,True,False,False,False,False,2-circle,-1.000000,-625.275069,98.569968,99.979356,0.020644,1.430032,6.377965,-73.009266,-3.744638,1,0,4,0.0000,0.0000,0.0000,0.5000,"LeadPursuit",-0.408623
562,A0100,adaptive_eagle_v9,DBFM,13115.977298,81.609077,107.107447,165.956736,-81.219132,11659.134573,390.194059,18399.343574,-122.128289,-4882.827376,228.977455,7.249968,False,False,True,False,False,False,False,2-circle,-1.000000,-622.230708,98.569968,99.979356,0.020644,1.430032,8.554856,-71.736821,-3.155315,1,1,4,0.0000,0.0000,0.0000,0.5000,"SmartHighYoYo",-0.426525
562,B0100,L7_mid_level_aggressive,DBFM,13115.977298,81.609077,107.107447,165.956736,-81.219132,11659.134573,390.194059,18399.343574,-122.128289,-4882.827376,228.977455,7.249968,False,False,True,False,False,False,False,2-circle,-1.000000,-622.230708,98.569968,99.979356,0.020644,1.430032,8.554856,-71.736821,-3.155315,1,0,4,0.0000,0.0000,0.0000,0.5000,"LeadPursuit",-0.216080
563,A0100,adaptive_eagle_v9,DBFM,13032.979960,79.079370,108.815882,166.150378,-78.694006,11641.895090,388.728032,18331.550968,-338.963032,-4908.431441,263.870464,22.848497,False,False,True,False,False,False,False,2-circle,-1.000000,-621.700021,98.569968,99.979356,0.020644,1.430032,-2.997412,-83.999200,-2.955456,4,1,3,0.0000,0.0000,0.0000,0.5000,"SmartHighYoYo",-0.427289
563,B0100,L7_mid_level_aggressive,DBFM,13032.979960,79.079370,108.815882,166.150378,-78.694006,11641.895090,388.728032,18331.550968,-338.963032,-4908.431441,263.870464,22.848497,False,False,True,False,False,False,False,2-circle,-1.000000,-621.700021,98.569968,99.979356,0.020644,1.430032,-2.997412,-83.999200,-2.955456,1,0,4,0.0000,0.0000,0.0000,0.5000,"LeadPursuit",-0.077164
564,A0100,adaptive_eagle_v9,DBFM,12939.365067,76.828516,109.868885,165.900227,-76.399837,11624.869392,387.778973,18281.900260,-248.253537,-4990.186454,290.852142,137.955768,False,False,True,False,False,False,False,2-circle,-1.000000,-623.881310,98.569968,99.979356,0.020644,1.430032,-9.505730,-91.064593,-3.199442,1,1,4,0.0000,0.0000,0.0000,0.5000,"SmartHighYoYo",-0.237902
564,B0100,L7_mid_level_aggressive,DBFM,12939.365067,76.828516,109.868885,165.900227,-76.399837,11624.869392,387.778973,18281.900260,-248.253537,-4990.186454,290.852142,137.955768,False,False,True,False,False,False,False,2-circle,-1.000000,-623.881310,98.569968,99.979356,0.020644,1.430032,-9.505730,-91.064593,-3.199442,1,0,4,0.0000,0.0000,0.0000,0.5000,"LeadPursuit",-0.131752
565,A0100,adaptive_eagle_v9,DBFM,12837.986110,75.442095,110.923725,165.433137,-74.978018,11607.110738,388.430556,18286.531957,23.158483,-4999.352816,311.409974,20.297779,False,False,True,False,False,False,False,2-circle,-1.000000,-627.228194,98.569968,99.979356,0.020644,1.430032,-1.226925,-83.243553,-3.536627,1,1,4,0.0000,0.0000,0.0000,0.5000,"SmartHighYoYo",-0.186119
565,B0100,L7_mid_level_aggressive,DBFM,12837.986110,75.442095,110.923725,165.433137,-74.978018,11607.110738,388.430556,18286.531957,23.158483,-4999.352816,311.409974,20.297779,False,False,True,False,False,False,False,2-circle,-1.000000,-627.228194,98.569968,99.979356,0.020644,1.430032,-1.226925,-83.243553,-3.536627,1,0,4,0.0000,0.0000,0.0000,0.5000,"LeadPursuit",-0.159586
566,A0100,adaptive_eagle_v9,DBFM,12730.030101,74.239608,112.026076,165.349633,-73.763573,11589.112832,389.230492,18296.073639,47.708411,-4996.723039,330.904285,8.600137,False,False,True,False,False,False,False,2-circle,-1.000000,-631.488899,98.569968,99.979356,0.020644,1.430032,7.993930,-74.404076,-3.305780,1,1,4,0.0000,0.0000,0.0000,0.5000,"SmartHighYoYo",-0.285367
566,B0100,L7_mid_level_aggressive,DBFM,12730.030101,74.239608,112.026076,165.349633,-73.763573,11589.112832,389.230492,18296.073639,47.708411,-4996.723039,330.904285,8.600137,False,False,True,False,False,False,False,2-circle,-1.000000,-631.488899,98.569968,99.979356,0.020644,1.430032,7.993930,-74.404076,-3.305780,1,0,4,0.0000,0.0000,0.0000,0.5000,"LeadPursuit",-0.133452
567,A0100,adaptive_eagle_v9,DBFM,12615.103476,72.536516,113.126007,166.098437,-72.076850,11571.831881,389.057591,18272.835390,-116.191245,-5033.534362,353.728234,7.883281,False,False,True,False,False,False,False,2-circle,-1.000000,-636.645765,98.569968,99.979356,0.020644,1.430032,9.662396,-73.053332,-2.806496,4,1,3,0.0000,0.0000,0.0000,0.5000,"SmartHighYoYo",-0.480188
567,B0100,L7_mid_level_aggressive,DBFM,12615.103476,72.536516,113.126007,166.098437,-72.076850,11571.831881,389.057591,18272.835390,-116.191245,-5033.534362,353.728234,7.883281,False,False,True,False,False,False,False,2-circle,-1.000000,-636.645765,98.569968,99.979356,0.020644,1.430032,9.662396,-73.053332,-2.806496,1,0,4,0.0000,0.0000,0.0000,0.5000,"LeadPursuit",-0.054628
568,A0100,adaptive_eagle_v9,DBFM,12491.627717,70.000691,114.129551,167.330367,-69.540415,11555.841916,387.586898,18206.279664,-332.778630,-5128.292111,381.215459,28.440981,False,False,True,False,False,False,False,2-circle,-1.000000,-642.227625,98.569968,99.979356,0.020644,1.430032,-2.170648,-85.153585,-2.680539,3,0,4,0.0000,0.0000,0.0000,0.5000,"LeadPursuit",-0.407508
568,B0100,L7_mid_level_aggressive,DBFM,12491.627717,70.000691,114.129551,167.330367,-69.540415,11555.841916,387.586898,18206.279664,-332.778630,-5128.292111,381.215459,28.440981,False,False,True,False,False,False,False,2-circle,-1.000000,-642.227625,98.569968,99.979356,0.020644,1.430032,-2.170648,-85.153585,-2.680539,1,0,4,0.0000,0.0000,0.0000,0.5000,"LeadPursuit",-0.127842
569,A0100,adaptive_eagle_v9,DBFM,12358.720757,67.778127,115.367178,168.092832,-67.256619,11539.863539,386.644194,18157.989733,-241.449657,-5153.419504,407.807642,138.507767,False,False,True,False,False,False,False,2-circle,-1.000000,-645.652667,98.569968,99.979356,0.020644,1.430032,-8.795292,-92.027847,-2.990667,3,0,4,0.0000,0.0000,0.0000,0.5000,"LeadPursuit",-0.214675
569,B0100,L7_mid_level_aggressive,DBFM,12358.720757,67.778127,115.367178,168.092832,-67.256619,11539.863539,386.644194,18157.989733,-241.449657,-5153.419504,407.807642,138.507767,False,False,True,False,False,False,False,2-circle,-1.000000,-645.652667,98.569968,99.979356,0.020644,1.430032,-8.795292,-92.027847,-2.990667,1,0,4,0.0000,0.0000,0.0000,0.5000,"LeadPursuit",-0.182335
570,A0100,adaptive_eagle_v9,DBFM,12217.416875,66.410732,116.583353,168.526861,-65.841436,11523.010212,387.302699,18163.698659,28.544629,-5109.587825,428.381113,23.470002,False,False,True,False,False,False,False,2-circle,-1.000000,-645.598928,98.569968,99.979356,0.020644,1.430032,-0.644978,-84.126898,-3.388621,3,0,4,0.0000,0.0000,0.0000,0.5000,"LeadPursuit",-0.205740
570,B0100,L7_mid_level_aggressive,DBFM,12217.416875,66.410732,116.583353,168.526861,-65.841436,11523.010212,387.302699,18163.698659,28.544629,-5109.587825,428.381113,23.470002,False,False,True,False,False,False,False,2-circle,-1.000000,-645.598928,98.569968,99.979356,0.020644,1.430032,-0.644978,-84.126898,-3.388621,1,0,4,0.0000,0.0000,0.0000,0.5000,"LeadPursuit",-0.092804
571,A0100,adaptive_eagle_v9,DBFM,12070.163807,65.213799,117.337103,169.336887,-64.629715,11505.807534,388.111358,18174.255460,52.784006,-5098.977846,444.046390,9.160450,False,False,True,False,False,False,False,2-circle,-1.000000,-643.133975,98.569968,99.979356,0.020644,1.430032,8.464414,-75.260394,-3.209982,3,0,4,0.0000,0.0000,0.0000,0.5000,"LeadPursuit",-0.289634
571,B0100,L7_mid_level_aggressive,DBFM,12070.163807,65.213799,117.337103,169.336887,-64.629715,11505.807534,388.111358,18174.255460,52.784006,-5098.977846,444.046390,9.160450,False,False,True,False,False,False,False,2-circle,-1.000000,-643.133975,98.569968,99.979356,0.020644,1.430032,8.464414,-75.260394,-3.209982,1,0,4,0.0000,0.0000,0.0000,0.5000,"LeadPursuit",-0.118020
572,A0100,adaptive_eagle_v9,DBFM,11917.001833,63.503173,118.330411,170.954929,-62.942616,11489.202806,387.952114,18152.179643,-110.379083,-5079.358316,464.346269,8.343878,False,False,True,False,False,False,False,2-circle,-1.000000,-638.281801,98.569968,99.979356,0.020644,1.430032,10.082362,-73.880130,-2.754757,3,0,4,0.0000,0.0000,0.0000,0.5000,"LeadPursuit",-0.428256
572,B0100,L7_mid_level_aggressive,DBFM,11917.001833,63.503173,118.330411,170.954929,-62.942616,11489.202806,387.952114,18152.179643,-110.379083,-5079.358316,464.346269,8.343878,False,False,True,False,False,False,False,2-circle,-1.000000,-638.281801,98.569968,99.979356,0.020644,1.430032,10.082362,-73.880130,-2.754757,1,0,4,0.0000,0.0000,0.0000,0.5000,"LeadPursuit",-0.199235
573,A0100,adaptive_eagle_v9,DBFM,11755.040981,60.956404,120.046249,172.215363,-60.397667,11473.745704,386.493465,18086.712890,-327.333764,-5049.156514,494.815012,33.734088,False,False,True,False,False,False,False,2-circle,-1.000000,-630.931769,98.569968,99.979356,0.020644,1.430032,-1.701534,-85.895475,-2.665524,3,0,4,0.0000,0.0000,0.0000,0.5000,"LeadPursuit",-0.414739
573,B0100,L7_mid_level_aggressive,DBFM,11755.040981,60.956404,120.046249,172.215363,-60.397667,11473.745704,386.493465,18086.712890,-327.333764,-5049.156514,494.815012,33.734088,False,False,True,False,False,False,False,2-circle,-1.000000,-630.931769,98.569968,99.979356,0.020644,1.430032,-1.701534,-85.895475,-2.665524,1,0,4,0.0000,0.0000,0.0000,0.5000,"LeadPursuit",-0.106136
574,A0100,adaptive_eagle_v9,DBFM,11582.936260,58.740392,121.429764,171.815514,-58.106231,11458.158873,385.565072,18039.394308,-236.592912,-5059.594096,520.459946,139.037726,False,False,True,False,False,False,False,2-circle,-1.000000,-622.101212,98.569968,99.979356,0.020644,1.430032,-8.232695,-92.642859,-3.010377,3,0,4,0.0000,0.0000,0.0000,0.5000,"LeadPursuit",-0.263526
574,B0100,L7_mid_level_aggressive,DBFM,11582.936260,58.740392,121.429764,171.815514,-58.106231,11458.158873,385.565072,18039.394308,-236.592912,-5059.594096,520.459946,139.037726,False,False,True,False,False,False,False,2-circle,-1.000000,-622.101212,98.569968,99.979356,0.020644,1.430032,-8.232695,-92.642859,-3.010377,1,0,4,0.0000,0.0000,0.0000,0.5000,"LeadPursuit",-0.048700
575,A0100,adaptive_eagle_v9,DBFM,11403.847173,57.380817,122.249447,171.382453,-56.687912,11441.597871,386.242066,18045.964896,32.852939,-5063.618368,537.001352,25.998843,False,False,True,False,False,False,False,2-circle,-1.000000,-612.617770,98.569968,99.979356,0.020644,1.430032,-0.065047,-84.674837,-3.440730,3,0,4,0.0000,0.0000,0.0000,0.5000,"LeadPursuit",-0.207158
575,B0100,L7_mid_level_aggressive,DBFM,11403.847173,57.380817,122.249447,171.382453,-56.687912,11441.597871,386.242066,18045.964896,32.852939,-5063.618368,537.001352,25.998843,False,False,True,False,False,False,False,2-circle,-1.000000,-612.617770,98.569968,99.979356,0.020644,1.430032,-0.065047,-84.674837,-3.440730,1,0,4,0.0000,0.0000,0.0000,0.5000,"LeadPursuit",-0.086963
576,A0100,adaptive_eagle_v9,DBFM,11219.473910,56.183679,123.125586,171.489073,-55.472524,11424.609988,387.073431,18057.438689,57.368968,-5048.299346,552.745690,9.546168,False,False,True,False,False,False,False,2-circle,-1.000000,-602.646630,98.569968,99.979356,0.020644,1.430032,9.014191,-75.781140,-3.290179,3,0,4,0.0000,0.0000,0.0000,0.5000,"LeadPursuit",-0.321885
576,B0100,L7_mid_level_aggressive,DBFM,11219.473910,56.183679,123.125586,171.489073,-55.472524,11424.609988,387.073431,18057.438689,57.368968,-5048.299346,552.745690,9.546168,False,False,True,False,False,False,False,2-circle,-1.000000,-602.646630,98.569968,99.979356,0.020644,1.430032,9.014191,-75.781140,-3.290179,1,0,4,0.0000,0.0000,0.0000,0.5000,"LeadPursuit",-0.046268
577,A0100,adaptive_eagle_v9,DBFM,11029.383591,54.461784,124.035139,172.141912,-53.777889,11408.136728,386.941455,18036.443169,-104.977600,-5058.788484,571.179654,8.656134,False,False,True,False,False,False,False,2-circle,-1.000000,-592.191859,98.569968,99.979356,0.020644,1.430032,10.588716,-74.379107,-2.858047,3,0,4,0.0000,0.0000,0.0000,0.5000,"LeadPursuit",-0.511882
577,B0100,L7_mid_level_aggressive,DBFM,11029.383591,54.461784,124.035139,172.141912,-53.777889,11408.136728,386.941455,18036.443169,-104.977600,-5058.788484,571.179654,8.656134,False,False,True,False,False,False,False,2-circle,-1.000000,-592.191859,98.569968,99.979356,0.020644,1.430032,10.588716,-74.379107,-2.858047,1,0,4,0.0000,0.0000,0.0000,0.5000,"LeadPursuit",-0.011556
578,A0100,adaptive_eagle_v9,DBFM,10832.147836,51.911799,125.222670,172.612538,-51.224850,11392.715443,385.506274,17971.943769,-322.497002,-5080.366158,595.198562,37.856181,False,False,True,False,False,False,False,2-circle,-1.000000,-580.673665,98.569968,99.979356,0.020644,1.430032,-1.196129,-86.328032,-2.786938,3,0,4,0.0000,0.0000,0.0000,0.5000,"LeadPursuit",-0.456001
578,B0100,L7_mid_level_aggressive,DBFM,10832.147836,51.911799,125.222670,172.612538,-51.224850,11392.715443,385.506274,17971.943769,-322.497002,-5080.366158,595.198562,37.856181,False,False,True,False,False,False,False,2-circle,-1.000000,-580.673665,98.569968,99.979356,0.020644,1.430032,-1.196129,-86.328032,-2.786938,1,0,4,0.0000,0.0000,0.0000,0.5000,"LeadPursuit",-0.018976
579,A0100,adaptive_eagle_v9,DBFM,10626.527901,49.717442,126.417588,172.169611,-48.931681,11377.076626,384.600607,17925.428219,-232.577751,-5083.702930,616.813189,139.529639,False,False,True,False,False,False,False,2-circle,-1.000000,-566.615286,98.569968,99.979356,0.020644,1.430032,-7.666296,-92.965861,-3.148150,3,0,4,0.0000,0.0000,0.0000,0.5000,"LeadPursuit",-0.276078
579,B0100,L7_mid_level_aggressive,DBFM,10626.527901,49.717442,126.417588,172.169611,-48.931681,11377.076626,384.600607,17925.428219,-232.577751,-5083.702930,616.813189,139.529639,False,False,True,False,False,False,False,2-circle,-1.000000,-566.615286,98.569968,99.979356,0.020644,1.430032,-7.666296,-92.965861,-3.148150,1,0,4,0.0000,0.0000,0.0000,0.5000,"LeadPursuit",-0.022049
580,A0100,adaptive_eagle_v9,DBFM,10414.875605,48.374955,127.199581,172.016487,-47.515710,11360.405441,385.304338,17932.742900,36.573408,-5052.808583,631.387925,27.440558,False,False,True,False,False,False,False,2-circle,-1.000000,-549.843964,98.569968,99.979356,0.020644,1.430032,0.539912,-84.935725,-3.592077,3,0,4,0.0000,0.0000,0.0000,0.5000,"LeadPursuit",-0.185477
580,B0100,L7_mid_level_aggressive,DBFM,10414.875605,48.374955,127.199581,172.016487,-47.515710,11360.405441,385.304338,17932.742900,36.573408,-5052.808583,631.387925,27.440558,False,False,True,False,False,False,False,2-circle,-1.000000,-549.843964,98.569968,99.979356,0.020644,1.430032,0.539912,-84.935725,-3.592077,1,0,4,0.0000,0.0000,0.0000,0.5000,"LeadPursuit",-0.128251
581,A0100,adaptive_eagle_v9,DBFM,10198.292479,47.178768,128.261643,172.642565,-46.300818,11343.262829,386.165960,17945.027451,61.422752,-4961.237156,646.519076,9.744462,False,False,True,False,False,False,False,2-circle,-1.000000,-530.100198,98.569968,99.979356,0.020644,1.430032,9.650455,-76.013713,-3.452405,3,0,4,0.0000,0.0000,0.0000,0.5000,"LeadPursuit",-0.239272
581,B0100,L7_mid_level_aggressive,DBFM,10198.292479,47.178768,128.261643,172.642565,-46.300818,11343.262829,386.165960,17945.027451,61.422752,-4961.237156,646.519076,9.744462,False,False,True,False,False,False,False,2-circle,-1.000000,-530.100198,98.569968,99.979356,0.020644,1.430032,9.650455,-76.013713,-3.452405,1,0,4,0.0000,0.0000,0.0000,0.5000,"LeadPursuit",-0.220242
582,A0100,adaptive_eagle_v9,DBFM,9975.460912,45.433924,130.031671,173.377816,-44.595544,11326.587530,386.067200,17924.975827,-100.258118,-4848.890459,668.148924,8.811144,False,False,True,False,False,False,False,2-circle,-1.000000,-508.010584,98.569968,99.979356,0.020644,1.430032,11.267145,-74.592433,-3.027908,3,0,4,0.0000,0.0000,0.0000,0.5000,"LeadPursuit",-0.562426
582,B0100,L7_mid_level_aggressive,DBFM,9975.460912,45.433924,130.031671,173.377816,-44.595544,11326.587530,386.067200,17924.975827,-100.258118,-4848.890459,668.148924,8.811144,False,False,True,False,False,False,False,2-circle,-1.000000,-508.010584,98.569968,99.979356,0.020644,1.430032,11.267145,-74.592433,-3.027908,1,0,4,0.0000,0.0000,0.0000,0.5000,"LeadPursuit",0.076071
583,A0100,adaptive_eagle_v9,HABFM,9744.974520,42.857036,131.415953,172.347326,-42.015928,11310.914853,384.660083,17861.291904,-318.419618,-4864.541507,690.634869,39.686907,False,False,True,False,False,False,False,2-circle,-1.000000,-486.618302,98.569968,99.979356,0.020644,1.430032,-0.448551,-86.485626,-2.960610,3,0,3,0.0000,0.0000,0.0000,0.5000,"LeadPursuit",-0.576109
583,B0100,L7_mid_level_aggressive,HABFM,9744.974520,42.857036,131.415953,172.347326,-42.015928,11310.914853,384.660083,17861.291904,-318.419618,-4864.541507,690.634869,39.686907,False,False,True,False,False,False,False,2-circle,-1.000000,-486.618302,98.569968,99.979356,0.020644,1.430032,-0.448551,-86.485626,-2.960610,1,0,3,0.0000,0.0000,0.0000,0.5000,"LeadPursuit",0.211132
584,A0100,adaptive_eagle_v9,HABFM,9507.753983,40.665580,132.255928,170.670248,-39.698703,11294.986079,383.895906,17819.362662,-209.646210,-4917.747403,707.797404,139.934750,False,False,True,False,False,False,False,2-circle,-1.000000,-466.159859,98.569968,99.979356,0.020644,1.430032,-6.828421,-93.025273,-3.323152,3,0,3,0.0000,0.0000,0.0000,0.5000,"LeadPursuit",-0.280716
584,B0100,L7_mid_level_aggressive,HABFM,9507.753983,40.665580,132.255928,170.670248,-39.698703,11294.986079,383.895906,17819.362662,-209.646210,-4917.747403,707.797404,139.934750,False,False,True,False,False,False,False,2-circle,-1.000000,-466.159859,98.569968,99.979356,0.020644,1.430032,-6.828421,-93.025273,-3.323152,1,0,3,0.0000,0.0000,0.0000,0.5000,"LeadPursuit",-0.008244
585,A0100,adaptive_eagle_v9,HABFM,9265.287116,39.327474,133.331617,170.115862,-38.266560,11278.004280,384.633736,17827.484054,40.606961,-4878.723411,722.770293,27.544813,False,False,True,False,False,False,False,2-circle,-1.000000,-445.461468,98.569968,99.979356,0.020644,1.430032,1.410322,-84.940651,-3.764782,3,0,3,0.0000,0.0000,0.0000,0.5000,"LeadPursuit",-0.182873
585,B0100,L7_mid_level_aggressive,HABFM,9265.287116,39.327474,133.331617,170.115862,-38.266560,11278.004280,384.633736,17827.484054,40.606961,-4878.723411,722.770293,27.544813,False,False,True,False,False,False,False,2-circle,-1.000000,-445.461468,98.569968,99.979356,0.020644,1.430032,1.410322,-84.940651,-3.764782,1,1,3,0.0000,0.0000,0.0000,0.5000,"LeadPursuit",-0.115906
586,A0100,adaptive_eagle_v9,HABFM,9017.684941,38.118355,134.654577,170.294540,-37.030197,11260.536876,385.642903,17844.429590,84.727679,-4797.046038,738.316103,9.755132,False,False,True,False,False,False,False,2-circle,-1.000000,-424.226951,98.569968,99.979356,0.020644,1.430032,10.507462,-75.995564,-3.621432,3,0,3,0.0000,0.0000,0.0000,0.5000,"LeadPursuit",-0.342962
586,B0100,L7_mid_level_aggressive,HABFM,9017.684941,38.118355,134.654577,170.294540,-37.030197,11260.536876,385.642903,17844.429590,84.727679,-4797.046038,738.316103,9.755132,False,False,True,False,False,False,False,2-circle,-1.000000,-424.226951,98.569968,99.979356,0.020644,1.430032,10.507462,-75.995564,-3.621432,1,1,3,0.0000,0.0000,0.0000,0.5000,"LeadPursuit",-0.004863
587,A0100,adaptive_eagle_v9,HABFM,8764.659370,36.350151,135.985228,170.467066,-35.304939,11243.521319,385.696713,17829.251491,-75.890492,-4740.447046,755.071592,8.815225,False,False,True,False,False,False,False,2-circle,-1.000000,-402.244859,98.569968,99.979356,0.020644,1.430032,12.086498,-74.568878,-3.192419,3,0,3,0.0000,0.0000,0.0000,0.5000,"LeadPursuit",-0.601728
587,B0100,L7_mid_level_aggressive,HABFM,8764.659370,36.350151,135.985228,170.467066,-35.304939,11243.521319,385.696713,17829.251491,-75.890492,-4740.447046,755.071592,8.815225,False,False,True,False,False,False,False,2-circle,-1.000000,-402.244859,98.569968,99.979356,0.020644,1.430032,12.086498,-74.568878,-3.192419,1,1,3,0.0000,0.0000,0.0000,0.5000,"LeadPursuit",0.158222
588,A0100,adaptive_eagle_v9,HABFM,8505.541912,33.757806,137.564671,170.099459,-32.700676,11227.498449,384.434446,17770.193020,-295.292360,-4694.612268,774.544766,39.324388,False,False,True,False,False,False,False,2-circle,-1.000000,-378.740820,98.569968,99.979356,0.020644,1.430032,0.367492,-86.447248,-3.119396,3,0,3,0.0000,0.0000,0.0000,0.5000,"LeadPursuit",-0.375153
588,B0100,L7_mid_level_aggressive,HABFM,8505.541912,33.757806,137.564671,170.099459,-32.700676,11227.498449,384.434446,17770.193020,-295.292360,-4694.612268,774.544766,39.324388,False,False,True,False,False,False,False,2-circle,-1.000000,-378.740820,98.569968,99.979356,0.020644,1.430032,0.367492,-86.447248,-3.119396,1,1,3,0.0000,0.0000,0.0000,0.5000,"LeadPursuit",-0.091753
589,A0100,adaptive_eagle_v9,HABFM,8239.355732,31.558292,139.946329,170.284315,-30.335656,11211.219292,383.696042,17728.804183,-206.944183,-4554.543464,795.580008,140.166388,False,False,True,False,False,False,False,2-circle,-1.000000,-352.095136,98.569968,99.979356,0.020644,1.430032,-5.938025,-92.933408,-3.475029,3,1,3,0.0000,0.0000,0.0000,0.5000,"LeadPursuit",-0.129160
589,B0100,L7_mid_level_aggressive,HABFM,8239.355732,31.558292,139.946329,170.284315,-30.335656,11211.219292,383.696042,17728.804183,-206.944183,-4554.543464,795.580008,140.166388,False,False,True,False,False,False,False,2-circle,-1.000000,-352.095136,98.569968,99.979356,0.020644,1.430032,-5.938025,-92.933408,-3.475029,1,1,3,0.0000,0.0000,0.0000,0.5000,"LeadPursuit",-0.191487
590,A0100,adaptive_eagle_v9,HABFM,7966.572544,30.166838,142.040257,170.568358,-28.825722,11193.893224,384.457905,17737.386333,42.910751,-4411.213289,812.857472,26.885994,False,False,True,False,False,False,False,2-circle,-1.000000,-324.102813,98.569968,99.979356,0.020644,1.430032,2.375893,-84.809106,-3.906957,2,1,3,0.0000,0.0000,0.0000,0.5000,"LeadPursuit",-0.192939
590,B0100,L7_mid_level_aggressive,HABFM,7966.572544,30.166838,142.040257,170.568358,-28.825722,11193.893224,384.457905,17737.386333,42.910751,-4411.213289,812.857472,26.885994,False,False,True,False,False,False,False,2-circle,-1.000000,-324.102813,98.569968,99.979356,0.020644,1.430032,2.375893,-84.809106,-3.906957,2,1,3,0.0000,0.0000,0.0000,0.5000,"LeadPursuit",-0.029628
591,A0100,adaptive_eagle_v9,HABFM,7688.684071,28.873273,143.528234,170.510529,-27.499848,11176.089011,385.493162,17754.869804,87.417355,-4328.249046,827.010438,9.665064,False,False,True,False,False,False,False,2-circle,-1.000000,-296.958614,98.569968,99.979356,0.020644,1.430032,11.518301,-75.849444,-3.752539,2,1,3,0.0000,0.0000,0.0000,0.5000,"LeadPursuit",-0.197683
591,B0100,L7_mid_level_aggressive,HABFM,7688.684071,28.873273,143.528234,170.510529,-27.499848,11176.089011,385.493162,17754.869804,87.417355,-4328.249046,827.010438,9.665064,False,False,True,False,False,False,False,2-circle,-1.000000,-296.958614,98.569968,99.979356,0.020644,1.430032,11.518301,-75.849444,-3.752539,2,1,3,0.0000,0.0000,0.0000,0.5000,"LeadPursuit",-0.011646
592,A0100,adaptive_eagle_v9,HABFM,7406.218952,27.476830,145.042765,170.743341,-26.167942,11158.663469,386.317109,17765.597097,53.636463,-4250.587887,840.902817,5.865726,False,False,True,False,False,False,False,2-circle,-1.000000,-271.006929,98.569968,99.979356,0.020644,1.430032,20.064002,-67.477826,-2.945384,2,1,3,0.0000,0.0000,0.0000,0.5000,"LeadPursuit",-0.043229
592,B0100,L7_mid_level_aggressive,HABFM,7406.218952,27.476830,145.042765,170.743341,-26.167942,11158.663469,386.317109,17765.597097,53.636463,-4250.587887,840.902817,5.865726,False,False,True,False,False,False,False,2-circle,-1.000000,-271.006929,98.569968,99.979356,0.020644,1.430032,20.064002,-67.477826,-2.945384,2,2,3,0.0000,0.0000,0.0000,0.5000,"LeadPursuit",-0.179288
593,A0100,adaptive_eagle_v9,HABFM,7119.093338,26.085665,147.000275,171.709318,-24.935575,11142.470252,387.058238,17774.778274,45.905888,-4125.938097,855.540474,4.173994,False,False,True,False,False,False,False,2-circle,-1.000000,-246.199136,98.569968,99.979356,0.020644,1.430032,27.898335,-59.809856,-1.560963,2,1,3,0.0000,0.0000,0.0000,0.5000,"LeadPursuit",-0.206681
593,B0100,L7_mid_level_aggressive,HABFM,7119.093338,26.085665,147.000275,171.709318,-24.935575,11142.470252,387.058238,17774.778274,45.905888,-4125.938097,855.540474,4.173994,False,False,True,False,False,False,False,2-circle,-1.000000,-246.199136,98.569968,99.979356,0.020644,1.430032,27.898335,-59.809856,-1.560963,2,2,3,0.0000,0.0000,0.0000,0.5000,"LeadPursuit",0.021898
594,A0100,adaptive_eagle_v9,HABFM,6827.076392,24.263294,148.938671,172.322934,-23.375299,11128.499106,386.952545,17757.185487,-87.963938,-4052.152275,870.028754,4.190879,False,False,True,False,False,False,False,2-circle,-1.000000,-223.804499,98.569968,99.979356,0.020644,1.430032,27.956093,-59.898975,-0.143471,2,1,3,0.0000,0.0000,0.0000,0.5000,"LeadPursuit",-0.764288
594,B0100,L7_mid_level_aggressive,HABFM,6827.076392,24.263294,148.938671,172.322934,-23.375299,11128.499106,386.952545,17757.185487,-87.963938,-4052.152275,870.028754,4.190879,False,False,True,False,False,False,False,2-circle,-1.000000,-223.804499,98.569968,99.979356,0.020644,1.430032,27.956093,-59.898975,-0.143471,2,2,3,0.0000,0.0000,0.0000,0.5000,"LeadPursuit",0.678610
595,A0100,adaptive_eagle_v9,HABFM,6530.515788,21.558207,150.527810,171.646021,-20.888870,11117.671361,385.444346,17694.786099,-311.996938,-4083.648924,883.801284,8.338624,False,False,True,False,False,False,False,2-circle,-1.000000,-205.160037,98.569968,99.979356,0.020644,1.430032,14.272734,-73.695999,0.738335,2,1,3,0.0000,0.0000,0.0000,0.5000,"LeadPursuit",-0.629531
595,B0100,L7_mid_level_aggressive,HABFM,6530.515788,21.558207,150.527810,171.646021,-20.888870,11117.671361,385.444346,17694.786099,-311.996938,-4083.648924,883.801284,8.338624,False,False,True,False,False,False,False,2-circle,-1.000000,-205.160037,98.569968,99.979356,0.020644,1.430032,14.272734,-73.695999,0.738335,2,2,3,0.0000,0.0000,0.0000,0.5000,"LeadPursuit",0.645078
596,A0100,adaptive_eagle_v9,HABFM,6229.411911,19.063186,152.582544,171.319299,-18.419799,11108.870496,384.398189,17650.331022,-222.275386,-4045.832303,897.272786,16.992454,False,False,True,False,False,False,False,2-circle,-1.000000,-188.397219,98.569968,99.979356,0.020644,1.430032,6.256011,-81.809651,1.170664,2,1,3,0.0000,0.0000,0.0000,0.5000,"LeadPursuit",-0.153892
596,B0100,L7_mid_level_aggressive,HABFM,6229.411911,19.063186,152.582544,171.319299,-18.419799,11108.870496,384.398189,17650.331022,-222.275386,-4045.832303,897.272786,16.992454,False,False,True,False,False,False,False,2-circle,-1.000000,-188.397219,98.569968,99.979356,0.020644,1.430032,6.256011,-81.809651,1.170664,2,2,3,0.0000,0.0000,0.0000,0.5000,"LeadPursuit",0.235873
597,A0100,adaptive_eagle_v9,HABFM,5923.990882,17.446129,154.653331,171.787986,-16.825760,11100.731263,384.869066,17658.227787,39.483826,-3951.635463,909.143633,8.686320,False,False,True,False,False,False,False,2-circle,-1.000000,-172.369618,98.569968,99.979356,0.020644,1.430032,13.866461,-74.290869,1.516508,2,2,3,0.0000,0.0000,0.0000,0.5000,"LeadPursuit",-0.177218
597,B0100,L7_mid_level_aggressive,HABFM,5923.990882,17.446129,154.653331,171.787986,-16.825760,11100.731263,384.869066,17658.227787,39.483826,-3951.635463,909.143633,8.686320,False,False,True,False,False,False,False,2-circle,-1.000000,-172.369618,98.569968,99.979356,0.020644,1.430032,13.866461,-74.290869,1.516508,2,3,3,0.0000,0.0000,0.0000,0.5000,"LeadPursuit",0.352616
598,A0100,adaptive_eagle_v9,HABFM,5614.961768,15.943274,156.362746,172.111970,-15.418291,11093.506081,385.481005,17671.871954,68.220833,-3892.323292,919.363435,5.395158,False,False,True,False,False,False,False,2-circle,-1.000000,-157.715919,98.569968,99.979356,0.020644,1.430032,22.569190,-65.668308,2.334117,2,2,3,0.0000,0.0000,0.0000,0.5000,"LeadPursuit",-0.227409
598,B0100,L7_mid_level_aggressive,HABFM,5614.961768,15.943274,156.362746,172.111970,-15.418291,11093.506081,385.481005,17671.871954,68.220833,-3892.323292,919.363435,5.395158,False,False,True,False,False,False,False,2-circle,-1.000000,-157.715919,98.569968,99.979356,0.020644,1.430032,22.569190,-65.668308,2.334117,2,3,3,0.0000,0.0000,0.0000,0.5000,"LeadPursuit",0.620361
599,A0100,adaptive_eagle_v9,HABFM,5302.608210,13.929008,158.505896,172.417541,-13.588707,11088.183334,385.136738,17654.804367,-85.337932,-3827.159964,929.317869,5.151529,False,False,True,False,False,False,False,2-circle,-1.000000,-144.648367,98.569968,99.979356,0.020644,1.430032,23.664283,-64.638480,3.354505,2,2,3,0.0000,0.0000,0.0000,0.5000,"LeadPursuit",-0.562910
599,B0100,L7_mid_level_aggressive,HABFM,5302.608210,13.929008,158.505896,172.417541,-13.588707,11088.183334,385.136738,17654.804367,-85.337932,-3827.159964,929.317869,5.151529,False,False,True,False,False,False,False,2-circle,-1.000000,-144.648367,98.569968,99.979356,0.020644,1.430032,23.664283,-64.638480,3.354505,2,3,3,0.0000,0.0000,0.0000,0.5000,"LeadPursuit",1.569595
600,A0100,adaptive_eagle_v9,HABFM,4986.952943,10.995475,161.424257,172.418313,-10.798954,11085.600824,383.443838,17594.620497,-300.919349,-3765.273027,939.095552,10.540959,False,False,True,False,False,False,False,2-circle,-1.000000,-134.345842,98.569968,99.979356,0.020644,1.430032,11.433397,-76.902893,3.985665,2,2,3,0.0000,0.0000,0.0000,0.5000,"LeadPursuit",-1.206431
600,B0100,L7_mid_level_aggressive,HABFM,4986.952943,10.995475,161.424257,172.418313,-10.798954,11085.600824,383.443838,17594.620497,-300.919349,-3765.273027,939.095552,10.540959,False,False,True,False,False,False,False,2-circle,-1.000000,-134.345842,98.569968,99.979356,0.020644,1.430032,11.433397,-76.902893,3.985665,2,5,2,0.0000,0.0000,0.0000,0.5000,"LagPursuit",2.769798
601,A0100,adaptive_eagle_v9,HABFM,4668.729888,8.295820,163.840731,172.089227,-8.081213,11084.604513,380.412783,17491.125641,-517.474285,-3836.903691,944.743170,22.976435,False,False,True,True,False,False,False,2-circle,-1.000000,-128.424163,98.569968,99.979356,0.020644,1.430032,4.450943,-83.860914,4.338696,2,3,3,0.0000,0.0000,0.0000,0.5000,"LeadPursuit",-1.079115
601,B0100,L7_mid_level_aggressive,HABFM,4668.729888,8.295820,163.840731,172.089227,-8.081213,11084.604513,380.412783,17491.125641,-517.474285,-3836.903691,944.743170,22.976435,False,False,True,True,False,False,False,2-circle,-1.000000,-128.424163,98.569968,99.979356,0.020644,1.430032,4.450943,-83.860914,4.338696,2,4,1,0.0000,0.0000,0.0000,0.5000,"LagPursuit",2.598158
602,A0100,adaptive_eagle_v9,HABFM,4348.982399,6.436103,165.672228,171.925267,-6.193908,11084.049780,378.484584,17425.790010,-326.678154,-3934.148585,949.157509,7.760396,False,False,True,True,False,False,False,2-circle,-1.000000,-126.800676,98.569968,99.979356,0.020644,1.430032,15.966416,-72.253995,4.746268,2,3,3,0.0000,0.0000,0.0000,0.5000,"LeadPursuit",0.376810
602,B0100,L7_mid_level_aggressive,HABFM,4348.982399,6.436103,165.672228,171.925267,-6.193908,11084.049780,378.484584,17425.790010,-326.678154,-3934.148585,949.157509,7.760396,False,False,True,True,False,False,False,2-circle,-1.000000,-126.800676,98.569968,99.979356,0.020644,1.430032,15.966416,-72.253995,4.746268,2,6,1,0.0000,0.0000,0.0000,0.5000,"LagPursuit",0.714937
603,A0100,adaptive_eagle_v9,HABFM,4027.494960,5.366771,167.696469,172.789206,-5.147536,11084.370546,379.547024,17461.764391,179.871904,-3894.960792,955.594451,3.489730,False,False,True,True,False,False,False,2-circle,-1.000000,-129.417356,98.569968,99.979356,0.020644,1.430032,33.412952,-54.635294,5.406605,2,4,3,0.0000,0.0000,0.0000,0.5000,"LeadPursuit",2.007692
603,B0100,L7_mid_level_aggressive,HABFM,4027.494960,5.366771,167.696469,172.789206,-5.147536,11084.370546,379.547024,17461.764391,179.871904,-3894.960792,955.594451,3.489730,False,False,True,True,False,False,False,2-circle,-1.000000,-129.417356,98.569968,99.979356,0.020644,1.430032,33.412952,-54.635294,5.406605,2,7,1,0.0000,0.0000,0.0000,0.5000,"LagPursuit",-1.615441
604,A0100,adaptive_eagle_v9,HABFM,3703.886900,5.417265,169.593083,174.503121,-5.137964,11085.384855,382.066594,17547.730621,429.831151,-3815.466159,962.367244,1.845054,False,False,True,True,False,False,False,2-circle,-1.000000,-135.410934,98.569968,99.979356,0.020644,1.430032,50.929249,-36.860062,3.375603,2,4,3,0.0000,0.0000,0.0000,0.5000,"LeadPursuit",3.186565
604,B0100,L7_mid_level_aggressive,HABFM,3703.886900,5.417265,169.593083,174.503121,-5.137964,11085.384855,382.066594,17547.730621,429.831151,-3815.466159,962.367244,1.845054,False,False,True,True,False,False,False,2-circle,-1.000000,-135.410934,98.569968,99.979356,0.020644,1.430032,50.929249,-36.860062,3.375603,2,7,1,0.0000,0.0000,0.0000,0.5000,"LagPursuit",-2.813534
605,A0100,adaptive_eagle_v9,HABFM,3377.955301,6.248054,171.628451,176.622451,-5.706963,11085.834019,385.565217,17667.074420,596.718996,-3674.992471,968.861697,0.784158,False,False,True,True,False,False,False,2-circle,-1.000000,-141.926310,98.569968,99.979356,0.020644,1.430032,69.649473,-17.820675,0.614212,2,4,3,0.0000,0.0000,0.0000,0.5000,"LeadPursuit",3.177783
605,B0100,L7_mid_level_aggressive,HABFM,3377.955301,6.248054,171.628451,176.622451,-5.706963,11085.834019,385.565217,17667.074420,596.718996,-3674.992471,968.861697,0.784158,False,False,True,True,False,False,False,2-circle,-1.000000,-141.926310,98.569968,99.979356,0.020644,1.430032,69.649473,-17.820675,0.614212,2,7,1,0.0000,0.0000,0.0000,0.5000,"LagPursuit",-2.650219
606,A0100,adaptive_eagle_v9,OBFM,3049.837961,7.556401,173.063076,177.288299,-6.379015,11084.024188,389.236131,17791.179323,620.524516,-3544.971919,974.113363,0.072528,False,False,True,True,False,False,False,2-circle,-1.000000,-145.160811,98.569968,99.979356,0.020644,1.430032,88.864539,1.718667,-2.591447,2,2,2,0.0000,0.0000,0.0000,0.5000,"LeadPursuit",2.626473
606,B0100,L7_mid_level_aggressive,OBFM,3049.837961,7.556401,173.063076,177.288299,-6.379015,11084.024188,389.236131,17791.179323,620.524516,-3544.971919,974.113363,0.072528,False,False,True,True,False,False,False,2-circle,-1.000000,-145.160811,98.569968,99.979356,0.020644,1.430032,88.864539,1.718667,-2.591447,2,7,1,0.0000,0.0000,0.0000,0.5000,"LagPursuit",-2.204956
607,A0100,adaptive_eagle_v9,DBFM,2719.899919,8.978600,173.501659,176.669134,-6.898313,11078.492491,392.428488,17896.117527,524.691020,-3435.294335,977.227106,0.955290,True,True,True,True,False,False,False,2-circle,-1.000000,-142.407709,98.335076,99.744158,0.255842,1.664924,108.591443,21.717971,-4.674491,2,2,2,0.0000,0.0000,0.0000,0.5000,"LeadPursuit",6.610704
607,B0100,L7_mid_level_aggressive,DBFM,2719.899919,8.978600,173.501659,176.669134,-6.898313,11078.492491,392.428488,17896.117527,524.691020,-3435.294335,977.227106,0.955290,True,True,True,True,False,False,False,2-circle,-1.000000,-142.407709,98.335076,99.744158,0.255842,1.664924,108.591443,21.717971,-4.674491,2,7,1,0.0000,0.0000,0.0000,0.5000,"LagPursuit",-5.267491
608,A0100,adaptive_eagle_v9,DBFM,2389.506882,10.005631,173.595667,176.293366,-7.643265,11070.117172,393.739047,17933.354719,186.185958,-3205.347525,973.918419,2.046339,True,True,True,True,False,False,False,2-circle,-1.000000,-132.546582,97.598996,99.302385,0.697615,2.401004,127.261188,40.559637,-0.911063,2,3,2,0.0000,0.0000,0.0000,0.5000,"LeadPursuit",-186.308737
608,B0100,L7_mid_level_aggressive,DBFM,2389.506882,10.005631,173.595667,176.293366,-7.643265,11070.117172,393.739047,17933.354719,186.185958,-3205.347525,973.918419,2.046339,True,True,True,True,False,False,False,2-circle,-1.000000,-132.546582,97.598996,99.302385,0.697615,2.401004,127.261188,40.559637,-0.911063,2,7,0,0.0000,0.0000,0.0000,0.5000,"LagPursuit",-12.246664
