step,agent_id,tree_name,bfm_situation,distance_ft,ata_deg,aa_deg,hca_deg,relative_bearing_deg,ego_altitude_ft,ego_vc_kts,specific_energy_ft,ps_fts,energy_diff_ft,closure_rate_kts,turn_rate_degs,in_wez,enm_in_wez,in_39_line,overshoot_risk,energy_advantage,alt_advantage,spd_advantage,tc_type,side_flag,alt_gap_ft,ego_health,enm_health,ego_damage_dealt,enm_damage_dealt,tau_deg,roll_deg,pitch_deg,action_alt,action_hdg,action_vel,aileron,elevator,rudder,throttle,active_node,reward
0,A0100,adaptive_eagle_v9,HABFM,3297.631970,90.000000,90.000000,180.000000,-90.000000,15000.000480,386.782661,21622.867763,0.000000,0.000000,-0.000000,0.000000,False,False,False,False,True,True,True,2-circle,-1.000000,0.000000,100.000000,100.000000,0.000000,0.000000,90.000000,-0.000000,0.000000,2,0,3,0.0000,0.0000,0.0000,0.5000,"LeadPursuit",-0.238032
0,B0100,L7_mid_low_slow_max,HABFM,3297.631970,90.000000,90.000000,180.000000,-90.000000,15000.000480,386.782661,21622.867763,0.000000,0.000000,-0.000000,0.000000,False,False,False,False,True,True,True,2-circle,-1.000000,0.000000,100.000000,100.000000,0.000000,0.000000,90.000000,-0.000000,0.000000,0,4,2,0.0000,0.0000,0.0000,0.5000,"DescendTo",-0.239399
1,A0100,adaptive_eagle_v9,HABFM,3313.086299,95.533674,84.499758,179.821375,-95.533749,14999.805928,385.011490,21562.156662,-303.555505,-104.751987,-90.981480,0.039658,False,False,False,False,False,True,False,2-circle,-1.000000,0.465074,100.000000,100.000000,0.000000,0.000000,89.026398,-0.981682,-1.296547,2,0,3,0.0000,0.0000,0.0000,0.5000,"LeadPursuit",-0.191345
1,B0100,L7_mid_low_slow_max,HABFM,3313.086299,95.533674,84.499758,179.821375,-95.533749,14999.805928,385.011490,21562.156662,-303.555505,-104.751987,-90.981480,0.039658,False,False,False,False,False,True,False,2-circle,-1.000000,0.465074,100.000000,100.000000,0.000000,0.000000,89.026398,-0.981682,-1.296547,0,4,2,0.0000,0.0000,0.0000,0.5000,"DescendTo",-0.211394
2,A0100,adaptive_eagle_v9,HABFM,3358.259376,100.968456,79.612407,178.671387,-100.971743,14998.239650,383.292544,21502.123842,-300.164101,-138.687137,-174.755584,0.112677,False,False,False,False,False,True,False,2-circle,-1.000000,5.380066,100.000000,100.000000,0.000000,0.000000,87.318118,-2.775378,-4.535132,2,0,3,0.0000,0.0000,0.0000,0.5000,"LeadPursuit",-0.135763
2,B0100,L7_mid_low_slow_max,HABFM,3358.259376,100.968456,79.612407,178.671387,-100.971743,14998.239650,383.292544,21502.123842,-300.164101,-138.687137,-174.755584,0.112677,False,False,False,False,False,True,False,2-circle,-1.000000,5.380066,100.000000,100.000000,0.000000,0.000000,87.318118,-2.775378,-4.535132,0,4,2,0.0000,0.0000,0.0000,0.5000,"DescendTo",-0.185665
3,A0100,adaptive_eagle_v9,HABFM,3429.649669,106.220935,75.888118,177.051068,-106.245695,14993.944481,381.459497,21435.769457,-331.771924,-149.853797,-245.686375,0.191998,False,False,False,False,False,True,False,2-circle,-1.000000,18.761885,100.000000,100.000000,0.000000,0.000000,85.625954,-4.700418,-7.425694,2,0,3,0.0000,0.0000,0.0000,0.5000,"LeadPursuit",-0.091880
3,B0100,L7_mid_low_slow_max,HABFM,3429.649669,106.220935,75.888118,177.051068,-106.245695,14993.944481,381.459497,21435.769457,-331.771924,-149.853797,-245.686375,0.191998,False,False,False,False,False,True,False,2-circle,-1.000000,18.761885,100.000000,100.000000,0.000000,0.000000,85.625954,-4.700418,-7.425694,0,4,2,0.0000,0.0000,0.0000,0.5000,"DescendTo",-0.163027
4,A0100,adaptive_eagle_v9,HABFM,3522.886361,111.227118,73.278868,175.110593,-111.322092,14985.912015,379.269220,21353.973603,-408.979271,-147.587188,-303.536570,0.270848,False,False,False,False,False,True,False,2-circle,-1.000000,40.943617,100.000000,100.000000,0.000000,0.000000,84.134461,-6.579524,-10.064672,2,6,4,0.0000,0.0000,0.0000,0.5000,"ExtensionBreak",-0.081457
4,B0100,L7_mid_low_slow_max,HABFM,3522.886361,111.227118,73.278868,175.110593,-111.322092,14985.912015,379.269220,21353.973603,-408.979271,-147.587188,-303.536570,0.270848,False,False,False,False,False,True,False,2-circle,-1.000000,40.943617,100.000000,100.000000,0.000000,0.000000,84.134461,-6.579524,-10.064672,0,4,2,0.0000,0.0000,0.0000,0.5000,"DescendTo",-0.142905
5,A0100,adaptive_eagle_v9,HABFM,3634.540568,115.918920,70.892345,173.175186,-116.172662,14973.366740,376.814096,21259.250409,-473.615968,-199.615308,-355.446727,0.351821,False,False,False,False,False,True,False,2-circle,-1.000000,70.452428,100.000000,100.000000,0.000000,0.000000,82.766164,-8.467646,-12.520540,2,6,4,0.0000,0.0000,0.0000,0.5000,"ExtensionBreak",-0.107525
5,B0100,L7_mid_low_slow_max,HABFM,3634.540568,115.918920,70.892345,173.175186,-116.172662,14973.366740,376.814096,21259.250409,-473.615968,-199.615308,-355.446727,0.351821,False,False,False,False,False,True,False,2-circle,-1.000000,70.452428,100.000000,100.000000,0.000000,0.000000,82.766164,-8.467646,-12.520540,0,4,2,0.0000,0.0000,0.0000,0.5000,"DescendTo",-0.125051
6,A0100,adaptive_eagle_v9,HABFM,3764.591675,120.241339,67.538972,172.032463,-120.782023,14955.871857,374.280191,21157.500309,-508.750501,-331.565084,-410.679076,0.431501,False,False,False,False,False,True,False,2-circle,-1.000000,105.691954,100.000000,100.000000,0.000000,0.000000,81.580649,-10.280255,-14.850279,2,6,4,0.0000,0.0000,0.0000,0.5000,"ExtensionBreak",-0.127541
6,B0100,L7_mid_low_slow_max,HABFM,3764.591675,120.241339,67.538972,172.032463,-120.782023,14955.871857,374.280191,21157.500309,-508.750501,-331.565084,-410.679076,0.431501,False,False,False,False,False,True,False,2-circle,-1.000000,105.691954,100.000000,100.000000,0.000000,0.000000,81.580649,-10.280255,-14.850279,0,4,2,0.0000,0.0000,0.0000,0.5000,"DescendTo",-0.109176
7,A0100,adaptive_eagle_v9,HABFM,3914.460151,124.121442,63.249811,171.335741,-125.163228,14932.925373,372.349809,21070.747918,-433.761955,-512.973038,-468.941707,0.372902,False,False,False,False,False,True,False,2-circle,-1.000000,146.164957,100.000000,100.000000,0.000000,0.000000,83.724827,-8.862313,-17.071886,2,6,4,0.0000,0.0000,0.0000,0.5000,"ExtensionBreak",-0.116878
7,B0100,L7_mid_low_slow_max,HABFM,3914.460151,124.121442,63.249811,171.335741,-125.163228,14932.925373,372.349809,21070.747918,-433.761955,-512.973038,-468.941707,0.372902,False,False,False,False,False,True,False,2-circle,-1.000000,146.164957,100.000000,100.000000,0.000000,0.000000,83.724827,-8.862313,-17.071886,0,4,2,0.0000,0.0000,0.0000,0.5000,"DescendTo",-0.090743
8,A0100,adaptive_eagle_v9,HABFM,4083.812339,127.357880,59.007799,170.101151,-129.120345,14903.966180,370.710441,20987.860971,-414.434733,-684.670040,-520.861544,0.176357,False,False,False,False,False,True,False,2-circle,-1.000000,191.499095,100.000000,100.000000,0.000000,0.000000,89.206830,-4.198007,-19.318352,2,6,4,0.0000,0.0000,0.0000,0.5000,"ExtensionBreak",-0.101910
8,B0100,L7_mid_low_slow_max,HABFM,4083.812339,127.357880,59.007799,170.101151,-129.120345,14903.966180,370.710441,20987.860971,-414.434733,-684.670040,-520.861544,0.176357,False,False,False,False,False,True,False,2-circle,-1.000000,191.499095,100.000000,100.000000,0.000000,0.000000,89.206830,-4.198007,-19.318352,0,4,2,0.0000,0.0000,0.0000,0.5000,"DescendTo",-0.073622
9,A0100,adaptive_eagle_v9,HABFM,4270.119264,129.895057,55.002049,168.090656,-132.623874,14869.196028,369.419243,20910.783766,-385.386027,-842.433197,-565.234752,0.009246,False,False,False,False,False,True,False,2-circle,-1.000000,240.675825,100.000000,100.000000,0.000000,0.000000,94.514705,0.219653,-21.605465,2,6,4,0.0000,0.0000,0.0000,0.5000,"ExtensionBreak",-0.085780
9,B0100,L7_mid_low_slow_max,HABFM,4270.119264,129.895057,55.002049,168.090656,-132.623874,14869.196028,369.419243,20910.783766,-385.386027,-842.433197,-565.234752,0.009246,False,False,False,False,False,True,False,2-circle,-1.000000,240.675825,100.000000,100.000000,0.000000,0.000000,94.514705,0.219653,-21.605465,0,4,2,0.0000,0.0000,0.0000,0.5000,"DescendTo",-0.058606
10,A0100,adaptive_eagle_v9,HABFM,4470.898803,131.750548,51.327434,165.297052,-135.698580,14828.624453,368.533544,20841.276959,-347.534033,-983.748095,-602.134595,0.181438,False,False,False,False,False,True,False,2-circle,-1.000000,292.625895,100.000000,100.000000,0.000000,0.000000,99.527574,4.289859,-23.904155,2,6,4,0.0000,0.0000,0.0000,0.5000,"ExtensionBreak",-0.068141
10,B0100,L7_mid_low_slow_max,HABFM,4470.898803,131.750548,51.327434,165.297052,-135.698580,14828.624453,368.533544,20841.276959,-347.534033,-983.748095,-602.134595,0.181438,False,False,False,False,False,True,False,2-circle,-1.000000,292.625895,100.000000,100.000000,0.000000,0.000000,99.527574,4.289859,-23.904155,0,4,2,0.0000,0.0000,0.0000,0.5000,"DescendTo",-0.047643
11,A0100,adaptive_eagle_v9,HABFM,4683.610594,133.128218,48.121544,162.165871,-138.415537,14782.618603,367.470230,20760.625073,-403.259432,-1136.429367,-631.943598,0.212714,False,False,False,False,False,True,False,2-circle,-1.000000,346.027363,100.000000,100.000000,0.000000,0.000000,101.217702,5.008820,-26.189804,2,6,4,0.0000,0.0000,0.0000,0.5000,"ExtensionBreak",-0.050583
11,B0100,L7_mid_low_slow_max,HABFM,4683.610594,133.128218,48.121544,162.165871,-138.415537,14782.618603,367.470230,20760.625073,-403.259432,-1136.429367,-631.943598,0.212714,False,False,False,False,False,True,False,2-circle,-1.000000,346.027363,100.000000,100.000000,0.000000,0.000000,101.217702,5.008820,-26.189804,0,4,2,0.0000,0.0000,0.0000,0.5000,"DescendTo",-0.037778
12,A0100,adaptive_eagle_v9,HABFM,4905.801695,134.003259,45.474312,158.545049,-140.886325,14731.677917,366.615259,20681.899400,-393.628362,-1285.983930,-654.812297,0.095109,False,False,False,False,False,True,False,2-circle,-1.000000,399.727265,100.000000,100.000000,0.000000,0.000000,99.426189,2.237530,-28.464189,2,6,4,0.0000,0.0000,0.0000,0.5000,"ExtensionBreak",-0.037132
12,B0100,L7_mid_low_slow_max,HABFM,4905.801695,134.003259,45.474312,158.545049,-140.886325,14731.677917,366.615259,20681.899400,-393.628362,-1285.983930,-654.812297,0.095109,False,False,False,False,False,True,False,2-circle,-1.000000,399.727265,100.000000,100.000000,0.000000,0.000000,99.426189,2.237530,-28.464189,0,4,2,0.0000,0.0000,0.0000,0.5000,"DescendTo",-0.027570
13,A0100,adaptive_eagle_v9,HABFM,5135.190181,134.296469,43.339804,154.635167,-143.171064,14675.218049,366.607701,20625.194191,-283.526046,-1380.947571,-671.218093,0.107840,False,False,False,False,False,True,False,2-circle,-1.000000,454.159854,100.000000,100.000000,0.000000,0.000000,100.720949,2.534620,-30.720061,2,6,4,0.0000,0.0000,0.0000,0.5000,"ExtensionBreak",-0.044315
13,B0100,L7_mid_low_slow_max,HABFM,5135.190181,134.296469,43.339804,154.635167,-143.171064,14675.218049,366.607701,20625.194191,-283.526046,-1380.947571,-671.218093,0.107840,False,False,False,False,False,True,False,2-circle,-1.000000,454.159854,100.000000,100.000000,0.000000,0.000000,100.720949,2.534620,-30.720061,0,4,2,0.0000,0.0000,0.0000,0.5000,"DescendTo",-0.016968
14,A0100,adaptive_eagle_v9,HABFM,5370.404984,134.018652,41.003476,151.738935,-145.148085,14612.548095,367.455756,20590.083662,-175.552643,-1426.052360,-685.732930,0.348193,False,False,False,False,False,True,False,2-circle,-1.000000,511.671666,100.000000,100.000000,0.000000,0.000000,107.388023,8.144737,-32.991073,2,6,4,0.0000,0.0000,0.0000,0.5000,"ExtensionBreak",-0.070882
14,B0100,L7_mid_low_slow_max,HABFM,5370.404984,134.018652,41.003476,151.738935,-145.148085,14612.548095,367.455756,20590.083662,-175.552643,-1426.052360,-685.732930,0.348193,False,False,False,False,False,True,False,2-circle,-1.000000,511.671666,100.000000,100.000000,0.000000,0.000000,107.388023,8.144737,-32.991073,0,4,2,0.0000,0.0000,0.0000,0.5000,"DescendTo",-0.013021
15,A0100,adaptive_eagle_v9,HABFM,5612.187553,133.599203,37.545977,150.659856,-146.821803,14544.240189,367.951806,20537.925486,-260.790880,-1397.596693,-703.119330,0.393551,False,False,False,False,False,True,False,2-circle,-1.000000,575.007951,100.000000,100.000000,0.000000,0.000000,109.590396,9.191652,-35.226159,1,3,4,0.0000,0.0000,0.0000,0.5000,"HeadOnBreak",-0.083128
15,B0100,L7_mid_low_slow_max,HABFM,5612.187553,133.599203,37.545977,150.659856,-146.821803,14544.240189,367.951806,20537.925486,-260.790880,-1397.596693,-703.119330,0.393551,False,False,False,False,False,True,False,2-circle,-1.000000,575.007951,100.000000,100.000000,0.000000,0.000000,109.590396,9.191652,-35.226159,0,4,2,0.0000,0.0000,0.0000,0.5000,"DescendTo",-0.014959
16,A0100,adaptive_eagle_v9,HABFM,5861.163207,133.333551,33.477823,150.570327,-148.400780,14472.069471,366.974064,20433.943581,-519.909524,-1325.884509,-719.732871,0.172861,False,False,False,False,False,True,False,2-circle,-1.000000,644.706643,100.000000,100.000000,0.000000,0.000000,97.592214,-4.051057,-37.485594,1,3,4,0.0000,0.0000,0.0000,0.5000,"HeadOnBreak",-0.073797
16,B0100,L7_mid_low_slow_max,HABFM,5861.163207,133.333551,33.477823,150.570327,-148.400780,14472.069471,366.974064,20433.943581,-519.909524,-1325.884509,-719.732871,0.172861,False,False,False,False,False,True,False,2-circle,-1.000000,644.706643,100.000000,100.000000,0.000000,0.000000,97.592214,-4.051057,-37.485594,0,4,2,0.0000,0.0000,0.0000,0.5000,"DescendTo",-0.012100
17,A0100,adaptive_eagle_v9,HABFM,6116.374383,132.824873,29.961515,150.363339,-150.028432,14397.044668,365.778854,20320.147177,-568.982021,-1247.034767,-730.012120,0.693294,False,False,False,False,False,True,False,2-circle,-1.000000,720.968898,100.000000,100.000000,0.000000,0.000000,87.168406,-15.794256,-39.584362,1,3,4,0.0000,0.0000,0.0000,0.5000,"HeadOnBreak",-0.048271
17,B0100,L7_mid_low_slow_max,HABFM,6116.374383,132.824873,29.961515,150.363339,-150.028432,14397.044668,365.778854,20320.147177,-568.982021,-1247.034767,-730.012120,0.693294,False,False,False,False,False,True,False,2-circle,-1.000000,720.968898,100.000000,100.000000,0.000000,0.000000,87.168406,-15.794256,-39.584362,0,4,2,0.0000,0.0000,0.0000,0.5000,"DescendTo",-0.002990
18,A0100,adaptive_eagle_v9,HABFM,6375.423144,131.620425,27.767300,148.960327,-151.813834,14317.724919,365.909603,20245.062650,-375.422633,-1170.604797,-731.842213,0.488041,False,False,False,False,False,True,False,2-circle,-1.000000,805.093058,100.000000,100.000000,0.000000,0.000000,93.117716,-11.252993,-41.512510,1,3,4,0.0000,0.0000,0.0000,0.5000,"HeadOnBreak",-0.026956
18,B0100,L7_mid_low_slow_max,HABFM,6375.423144,131.620425,27.767300,148.960327,-151.813834,14317.724919,365.909603,20245.062650,-375.422633,-1170.604797,-731.842213,0.488041,False,False,False,False,False,True,False,2-circle,-1.000000,805.093058,100.000000,100.000000,0.000000,0.000000,93.117716,-11.252993,-41.512510,0,4,2,0.0000,0.0000,0.0000,0.5000,"DescendTo",0.004645
19,A0100,adaptive_eagle_v9,HABFM,6636.251113,130.027527,26.473383,146.905013,-153.227885,14232.797641,368.094897,20231.145556,-69.585474,-1052.322632,-729.930357,0.104156,False,False,False,False,False,True,False,2-circle,-1.000000,896.766781,100.000000,100.000000,0.000000,0.000000,103.418981,-2.442477,-42.508494,1,2,4,0.0000,0.0000,0.0000,0.5000,"HeadOnBreak",-0.016621
19,B0100,L7_mid_low_slow_max,HABFM,6636.251113,130.027527,26.473383,146.905013,-153.227885,14232.797641,368.094897,20231.145556,-69.585474,-1052.322632,-729.930357,0.104156,False,False,False,False,False,True,False,2-circle,-1.000000,896.766781,100.000000,100.000000,0.000000,0.000000,103.418981,-2.442477,-42.508494,0,4,2,0.0000,0.0000,0.0000,0.5000,"DescendTo",-0.009532
20,A0100,adaptive_eagle_v9,HABFM,6898.644962,129.443910,25.558938,146.046584,-154.305416,14143.707959,371.349403,20248.593379,87.239116,-853.744417,-732.463479,0.018009,False,False,False,False,False,True,False,2-circle,-1.000000,992.769076,100.000000,100.000000,0.000000,0.000000,106.957224,-0.425603,-38.568465,1,2,4,0.0000,0.0000,0.0000,0.5000,"HeadOnBreak",-0.009927
20,B0100,L7_mid_low_slow_max,HABFM,6898.644962,129.443910,25.558938,146.046584,-154.305416,14143.707959,371.349403,20248.593379,87.239116,-853.744417,-732.463479,0.018009,False,False,False,False,False,True,False,2-circle,-1.000000,992.769076,100.000000,100.000000,0.000000,0.000000,106.957224,-0.425603,-38.568465,0,4,2,0.0000,0.0000,0.0000,0.5000,"DescendTo",-0.025927
21,A0100,adaptive_eagle_v9,HABFM,7164.095650,130.020530,24.776628,146.322688,-155.225961,14054.089741,374.812224,20273.361752,123.841867,-606.461766,-740.772734,0.335277,False,False,False,False,False,True,False,2-circle,-1.000000,1088.635074,100.000000,100.000000,0.000000,0.000000,100.929085,-7.933457,-33.375631,1,1,4,0.0000,0.0000,0.0000,0.5000,"HeadOnBreak",-0.006591
21,B0100,L7_mid_low_slow_max,HABFM,7164.095650,130.020530,24.776628,146.322688,-155.225961,14054.089741,374.812224,20273.361752,123.841867,-606.461766,-740.772734,0.335277,False,False,False,False,False,True,False,2-circle,-1.000000,1088.635074,100.000000,100.000000,0.000000,0.000000,100.929085,-7.933457,-33.375631,0,4,2,0.0000,0.0000,0.0000,0.5000,"DescendTo",-0.024847
22,A0100,adaptive_eagle_v9,HABFM,7433.199890,130.705347,24.320147,147.005214,-155.960482,13965.703103,378.549758,20309.627589,181.329184,-343.985496,-748.655562,0.382488,False,False,False,False,False,True,False,2-circle,-1.000000,1182.301405,100.000000,100.000000,0.000000,0.000000,101.165399,-9.107030,-29.692184,1,0,4,0.0000,0.0000,0.0000,0.5000,"HeadOnBreak",0.001245
22,B0100,L7_mid_low_slow_max,HABFM,7433.199890,130.705347,24.320147,147.005214,-155.960482,13965.703103,378.549758,20309.627589,181.329184,-343.985496,-748.655562,0.382488,False,False,False,False,False,True,False,2-circle,-1.000000,1182.301405,100.000000,100.000000,0.000000,0.000000,101.165399,-9.107030,-29.692184,0,4,2,0.0000,0.0000,0.0000,0.5000,"DescendTo",-0.016640
23,A0100,adaptive_eagle_v9,HABFM,7704.955082,130.884889,24.542536,147.325400,-156.823126,13877.559095,383.018552,20372.148173,312.602923,-24.944236,-751.168943,0.068637,False,False,False,False,False,True,False,2-circle,-1.000000,1275.647342,100.000000,100.000000,0.000000,0.000000,109.985905,-1.664250,-31.786207,1,0,4,0.0000,0.0000,0.0000,0.5000,"HeadOnBreak",0.018157
23,B0100,L7_mid_low_slow_max,HABFM,7704.955082,130.884889,24.542536,147.325400,-156.823126,13877.559095,383.018552,20372.148173,312.602923,-24.944236,-751.168943,0.068637,False,False,False,False,False,True,False,2-circle,-1.000000,1275.647342,100.000000,100.000000,0.000000,0.000000,109.985905,-1.664250,-31.786207,0,4,2,0.0000,0.0000,0.0000,0.5000,"DescendTo",-0.015375
24,A0100,adaptive_eagle_v9,HABFM,7977.694042,131.015541,25.905076,147.759740,-157.682812,13788.822847,386.223953,20392.570464,102.111454,231.517663,-748.337408,0.001733,False,False,False,False,True,True,False,2-circle,-1.000000,1370.327759,100.000000,100.000000,0.000000,0.000000,112.994833,-0.042325,-34.484900,1,0,4,0.0000,0.0000,0.0000,0.5000,"HeadOnBreak",0.034886
24,B0100,L7_mid_low_slow_max,HABFM,7977.694042,131.015541,25.905076,147.759740,-157.682812,13788.822847,386.223953,20392.570464,102.111454,231.517663,-748.337408,0.001733,False,False,False,False,True,True,False,2-circle,-1.000000,1370.327759,100.000000,100.000000,0.000000,0.000000,112.994833,-0.042325,-34.484900,0,4,2,0.0000,0.0000,0.0000,0.5000,"DescendTo",-0.013228
25,A0100,adaptive_eagle_v9,HABFM,8249.728654,131.068415,27.784265,147.419864,-158.446007,13699.961688,388.489728,20381.418092,-55.761862,460.205994,-741.706168,0.440387,False,False,False,False,True,True,False,2-circle,-1.000000,1465.442982,100.000000,100.000000,0.000000,0.000000,103.769095,-10.675346,-36.961625,1,0,4,0.0000,0.0000,0.0000,0.5000,"HeadOnBreak",0.037495
25,B0100,L7_mid_low_slow_max,HABFM,8249.728654,131.068415,27.784265,147.419864,-158.446007,13699.961688,388.489728,20381.418092,-55.761862,460.205994,-741.706168,0.440387,False,False,False,False,True,True,False,2-circle,-1.000000,1465.442982,100.000000,100.000000,0.000000,0.000000,103.769095,-10.675346,-36.961625,0,4,2,0.0000,0.0000,0.0000,0.5000,"DescendTo",-0.003040
26,A0100,adaptive_eagle_v9,HABFM,8519.781565,130.407940,29.244439,145.261816,-159.414240,13609.742182,392.205686,20419.628001,191.049544,744.074764,-733.319640,0.650090,False,False,False,False,True,True,False,2-circle,-1.000000,1560.053996,100.000000,100.000000,0.000000,0.000000,100.203704,-15.666996,-39.021286,1,0,4,0.0000,0.0000,0.0000,0.5000,"HeadOnBreak",0.031922
26,B0100,L7_mid_low_slow_max,HABFM,8519.781565,130.407940,29.244439,145.261816,-159.414240,13609.742182,392.205686,20419.628001,191.049544,744.074764,-733.319640,0.650090,False,False,False,False,True,True,False,2-circle,-1.000000,1560.053996,100.000000,100.000000,0.000000,0.000000,100.203704,-15.666996,-39.021286,0,4,2,0.0000,0.0000,0.0000,0.5000,"DescendTo",0.002483
27,A0100,adaptive_eagle_v9,HABFM,8787.714494,129.388934,30.378925,142.622098,-160.500416,13515.995726,396.451422,20474.117396,272.446979,1011.214746,-724.906255,0.330866,False,False,False,False,True,True,False,2-circle,-1.000000,1655.339126,100.000000,100.000000,0.000000,0.000000,109.130643,-8.196283,-39.818544,1,0,4,0.0000,0.0000,0.0000,0.5000,"HeadOnBreak",0.033811
27,B0100,L7_mid_low_slow_max,HABFM,8787.714494,129.388934,30.378925,142.622098,-160.500416,13515.995726,396.451422,20474.117396,272.446979,1011.214746,-724.906255,0.330866,False,False,False,False,True,True,False,2-circle,-1.000000,1655.339126,100.000000,100.000000,0.000000,0.000000,109.130643,-8.196283,-39.818544,0,4,2,0.0000,0.0000,0.0000,0.5000,"DescendTo",-0.007663
28,A0100,adaptive_eagle_v9,HABFM,9054.125891,129.143118,31.732594,141.015533,-161.351371,13419.533919,400.990398,20537.894860,318.887315,1294.026071,-720.349809,0.005205,False,False,False,False,True,True,False,2-circle,-1.000000,1750.869734,100.000000,100.000000,0.000000,0.000000,118.940329,0.131065,-35.139331,1,0,4,0.0000,0.0000,0.0000,0.5000,"HeadOnBreak",0.036564
28,B0100,L7_mid_low_slow_max,HABFM,9054.125891,129.143118,31.732594,141.015533,-161.351371,13419.533919,400.990398,20537.894860,318.887315,1294.026071,-720.349809,0.005205,False,False,False,False,True,True,False,2-circle,-1.000000,1750.869734,100.000000,100.000000,0.000000,0.000000,118.940329,0.131065,-35.139331,0,4,2,0.0000,0.0000,0.0000,0.5000,"DescendTo",-0.027638
29,A0100,adaptive_eagle_v9,HABFM,9320.312661,130.267919,33.406649,140.846401,-162.233124,13323.089458,404.914242,20581.443763,217.744518,1571.349740,-722.001244,0.000522,False,False,False,False,True,True,False,2-circle,-1.000000,1844.539612,100.000000,100.000000,0.000000,0.000000,120.285847,-0.013243,-29.891474,1,0,4,0.0000,0.0000,0.0000,0.5000,"HeadOnBreak",0.036187
29,B0100,L7_mid_low_slow_max,HABFM,9320.312661,130.267919,33.406649,140.846401,-162.233124,13323.089458,404.914242,20581.443763,217.744518,1571.349740,-722.001244,0.000522,False,False,False,False,True,True,False,2-circle,-1.000000,1844.539612,100.000000,100.000000,0.000000,0.000000,120.285847,-0.013243,-29.891474,0,4,2,0.0000,0.0000,0.0000,0.5000,"DescendTo",-0.034388
30,A0100,adaptive_eagle_v9,HABFM,9587.372734,132.050784,35.257044,141.533522,-162.854461,13230.137469,407.149771,20568.859650,-62.920566,1771.677011,-725.181483,0.446109,False,False,False,False,True,True,False,2-circle,-1.000000,1933.765333,100.000000,100.000000,0.000000,0.000000,110.548513,-11.223746,-27.624527,1,0,4,0.0000,0.0000,0.0000,0.5000,"HeadOnBreak",0.040675
30,B0100,L7_mid_low_slow_max,HABFM,9587.372734,132.050784,35.257044,141.533522,-162.854461,13230.137469,407.149771,20568.859650,-62.920566,1771.677011,-725.181483,0.446109,False,False,False,False,True,True,False,2-circle,-1.000000,1933.765333,100.000000,100.000000,0.000000,0.000000,110.548513,-11.223746,-27.624527,0,4,2,0.0000,0.0000,0.0000,0.5000,"DescendTo",-0.016245
31,A0100,adaptive_eagle_v9,HABFM,9853.872022,132.654901,37.528851,141.018269,-163.482087,13140.062501,409.897412,20578.169334,46.548421,2028.190444,-718.055044,0.662934,False,False,False,False,True,True,True,2-circle,-1.000000,2020.197476,100.000000,100.000000,0.000000,0.000000,106.755132,-16.510969,-30.856898,1,0,4,0.0000,0.0000,0.0000,0.5000,"HeadOnBreak",0.056213
31,B0100,L7_mid_low_slow_max,HABFM,9853.872022,132.654901,37.528851,141.018269,-163.482087,13140.062501,409.897412,20578.169334,46.548421,2028.190444,-718.055044,0.662934,False,False,False,False,True,True,True,2-circle,-1.000000,2020.197476,100.000000,100.000000,0.000000,0.000000,106.755132,-16.510969,-30.856898,0,4,2,0.0000,0.0000,0.0000,0.5000,"DescendTo",-0.002997
32,A0100,adaptive_eagle_v9,HABFM,10116.692020,132.203596,40.435655,138.636522,-164.504006,13049.121508,413.972408,20635.855375,288.430205,2407.993320,-700.280220,0.416966,False,False,False,False,True,True,True,2-circle,-1.000000,2108.047141,100.000000,100.000000,0.000000,0.000000,114.201659,-10.646194,-34.243252,2,6,4,0.0000,0.0000,0.0000,0.5000,"ExtensionBreak",0.054962
32,B0100,L7_mid_low_slow_max,HABFM,10116.692020,132.203596,40.435655,138.636522,-164.504006,13049.121508,413.972408,20635.855375,288.430205,2407.993320,-700.280220,0.416966,False,False,False,False,True,True,True,2-circle,-1.000000,2108.047141,100.000000,100.000000,0.000000,0.000000,114.201659,-10.646194,-34.243252,0,4,2,0.0000,0.0000,0.0000,0.5000,"DescendTo",0.004507
33,A0100,adaptive_eagle_v9,HABFM,10373.808421,131.242884,42.798414,135.407042,-165.539335,12955.281746,417.862484,20685.269791,247.072078,2742.841992,-681.971204,0.141137,False,False,False,False,True,True,True,2-circle,-1.000000,2198.065540,100.000000,100.000000,0.000000,0.000000,122.865003,-3.668674,-37.534871,2,6,4,0.0000,0.0000,0.0000,0.5000,"ExtensionBreak",0.028670
33,B0100,L7_mid_low_slow_max,HABFM,10373.808421,131.242884,42.798414,135.407042,-165.539335,12955.281746,417.862484,20685.269791,247.072078,2742.841992,-681.971204,0.141137,False,False,False,False,True,True,True,2-circle,-1.000000,2198.065540,100.000000,100.000000,0.000000,0.000000,122.865003,-3.668674,-37.534871,0,4,2,0.0000,0.0000,0.0000,0.5000,"DescendTo",0.006136
34,A0100,adaptive_eagle_v9,HABFM,10626.911147,130.235601,43.900409,133.076492,-166.434536,12857.826355,421.762002,20732.761011,237.456099,2966.553129,-671.988768,0.224015,False,False,False,False,True,True,True,2-circle,-1.000000,2290.217900,100.000000,100.000000,0.000000,0.000000,122.447871,-5.854742,-40.114989,2,6,4,0.0000,0.0000,0.0000,0.5000,"ExtensionBreak",0.007989
34,B0100,L7_mid_low_slow_max,HABFM,10626.911147,130.235601,43.900409,133.076492,-166.434536,12857.826355,421.762002,20732.761011,237.456099,2966.553129,-671.988768,0.224015,False,False,False,False,True,True,True,2-circle,-1.000000,2290.217900,100.000000,100.000000,0.000000,0.000000,122.447871,-5.854742,-40.114989,0,4,2,0.0000,0.0000,0.0000,0.5000,"DescendTo",0.006940
35,A0100,adaptive_eagle_v9,HABFM,10878.713029,129.185235,44.141739,131.395583,-167.426905,12757.198062,425.377021,20767.707014,174.730017,3100.369808,-667.546858,0.440203,False,False,False,False,True,True,True,2-circle,-1.000000,2384.671252,100.000000,100.000000,0.000000,0.000000,118.663844,-11.468251,-40.894791,2,6,4,0.0000,0.0000,0.0000,0.5000,"ExtensionBreak",0.001338
35,B0100,L7_mid_low_slow_max,HABFM,10878.713029,129.185235,44.141739,131.395583,-167.426905,12757.198062,425.377021,20767.707014,174.730017,3100.369808,-667.546858,0.440203,False,False,False,False,True,True,True,2-circle,-1.000000,2384.671252,100.000000,100.000000,0.000000,0.000000,118.663844,-11.468251,-40.894791,0,4,2,0.0000,0.0000,0.0000,0.5000,"DescendTo",-0.002510
36,A0100,adaptive_eagle_v9,HABFM,11130.950491,128.789622,44.151584,130.618278,-168.269899,12653.562113,430.106437,20843.185715,377.393504,3279.894446,-669.768704,0.143370,False,False,False,False,True,True,True,2-circle,-1.000000,2481.758699,100.000000,100.000000,0.000000,0.000000,128.191862,-3.815011,-35.791233,2,6,4,0.0000,0.0000,0.0000,0.5000,"ExtensionBreak",-0.005824
36,B0100,L7_mid_low_slow_max,HABFM,11130.950491,128.789622,44.151584,130.618278,-168.269899,12653.562113,430.106437,20843.185715,377.393504,3279.894446,-669.768704,0.143370,False,False,False,False,True,True,True,2-circle,-1.000000,2481.758699,100.000000,100.000000,0.000000,0.000000,128.191862,-3.815011,-35.791233,0,4,2,0.0000,0.0000,0.0000,0.5000,"DescendTo",-0.026019
37,A0100,adaptive_eagle_v9,HABFM,11386.626305,129.976941,43.758163,131.274498,-168.925225,12550.098394,434.046098,20890.438709,236.264972,3413.645663,-684.822890,0.192523,False,False,False,False,True,True,True,2-circle,-1.000000,2578.455649,100.000000,100.000000,0.000000,0.000000,128.730521,-5.154308,-30.462577,2,6,4,0.0000,0.0000,0.0000,0.5000,"ExtensionBreak",-0.009112
37,B0100,L7_mid_low_slow_max,HABFM,11386.626305,129.976941,43.758163,131.274498,-168.925225,12550.098394,434.046098,20890.438709,236.264972,3413.645663,-684.822890,0.192523,False,False,False,False,True,True,True,2-circle,-1.000000,2578.455649,100.000000,100.000000,0.000000,0.000000,128.730521,-5.154308,-30.462577,0,4,2,0.0000,0.0000,0.0000,0.5000,"DescendTo",-0.032003
38,A0100,adaptive_eagle_v9,HABFM,11648.295887,131.748565,42.900617,132.408356,-169.200938,12450.496425,436.372478,20880.480648,-49.790305,3447.764655,-705.576663,0.663560,False,False,False,False,True,True,True,2-circle,-1.000000,2670.194762,100.000000,100.000000,0.000000,0.000000,118.377377,-17.331912,-28.497388,2,6,4,0.0000,0.0000,0.0000,0.5000,"ExtensionBreak",-0.005057
38,B0100,L7_mid_low_slow_max,HABFM,11648.295887,131.748565,42.900617,132.408356,-169.200938,12450.496425,436.372478,20880.480648,-49.790305,3447.764655,-705.576663,0.663560,False,False,False,False,True,True,True,2-circle,-1.000000,2670.194762,100.000000,100.000000,0.000000,0.000000,118.377377,-17.331912,-28.497388,0,4,2,0.0000,0.0000,0.0000,0.5000,"DescendTo",-0.012976
39,A0100,adaptive_eagle_v9,HABFM,11915.240267,132.316760,41.940565,132.189840,-169.608211,12353.714058,440.117028,20928.995870,242.576111,3557.736500,-719.683580,0.902534,False,False,False,False,True,True,True,2-circle,-1.000000,2756.529410,100.000000,100.000000,0.000000,0.000000,114.337737,-23.141613,-31.279333,2,6,4,0.0000,0.0000,0.0000,0.5000,"ExtensionBreak",-0.003769
39,B0100,L7_mid_low_slow_max,HABFM,11915.240267,132.316760,41.940565,132.189840,-169.608211,12353.714058,440.117028,20928.995870,242.576111,3557.736500,-719.683580,0.902534,False,False,False,False,True,True,True,2-circle,-1.000000,2756.529410,100.000000,100.000000,0.000000,0.000000,114.337737,-23.141613,-31.279333,0,4,2,0.0000,0.0000,0.0000,0.5000,"DescendTo",-0.002286
40,A0100,adaptive_eagle_v9,HABFM,12185.710339,132.120179,41.175891,131.223168,-170.396190,12256.349010,445.010374,21023.375715,471.899225,3723.979939,-728.380626,0.650668,False,False,False,False,True,True,True,2-circle,-1.000000,2840.421743,100.000000,100.000000,0.000000,0.000000,121.944376,-17.275243,-32.491486,2,6,4,0.0000,0.0000,0.0000,0.5000,"ExtensionBreak",-0.022037
40,B0100,L7_mid_low_slow_max,HABFM,12185.710339,132.120179,41.175891,131.223168,-170.396190,12256.349010,445.010374,21023.375715,471.899225,3723.979939,-728.380626,0.650668,False,False,False,False,True,True,True,2-circle,-1.000000,2840.421743,100.000000,100.000000,0.000000,0.000000,121.944376,-17.275243,-32.491486,0,4,2,0.0000,0.0000,0.0000,0.5000,"DescendTo",0.004927
41,A0100,adaptive_eagle_v9,HABFM,12459.261109,131.442842,40.191601,130.968935,-171.285462,12156.814132,450.023682,21122.485078,495.546815,3901.981058,-734.979727,0.403166,False,False,False,False,True,True,True,2-circle,-1.000000,2925.447080,100.000000,100.000000,0.000000,0.000000,129.946606,-11.007258,-35.829995,2,6,4,0.0000,0.0000,0.0000,0.5000,"ExtensionBreak",-0.041666
41,B0100,L7_mid_low_slow_max,HABFM,12459.261109,131.442842,40.191601,130.968935,-171.285462,12156.814132,450.023682,21122.485078,495.546815,3901.981058,-734.979727,0.403166,False,False,False,False,True,True,True,2-circle,-1.000000,2925.447080,100.000000,100.000000,0.000000,0.000000,129.946606,-11.007258,-35.829995,0,4,2,0.0000,0.0000,0.0000,0.5000,"DescendTo",0.011927
42,A0100,adaptive_eagle_v9,HABFM,12736.345175,130.318205,38.542313,131.313320,-172.133982,12053.840878,454.801021,21210.876853,441.958873,4137.031111,-740.621414,0.154157,False,False,False,False,True,True,True,2-circle,-1.000000,3015.525375,100.000000,100.000000,0.000000,0.000000,138.395399,-4.290657,-38.354165,1,5,4,0.0000,0.0000,0.0000,0.5000,"HeadOnBreak",-0.052691
42,B0100,L7_mid_low_slow_max,HABFM,12736.345175,130.318205,38.542313,131.313320,-172.133982,12053.840878,454.801021,21210.876853,441.958873,4137.031111,-740.621414,0.154157,False,False,False,False,True,True,True,2-circle,-1.000000,3015.525375,100.000000,100.000000,0.000000,0.000000,138.395399,-4.290657,-38.354165,0,4,2,0.0000,0.0000,0.0000,0.5000,"DescendTo",0.006561
43,A0100,adaptive_eagle_v9,HABFM,13017.481125,129.570511,36.188332,132.362921,-172.776488,11947.283486,458.565117,21256.520493,228.218202,4377.477281,-750.470296,0.288352,False,False,False,False,True,True,True,2-circle,-1.000000,3111.168548,100.000000,100.000000,0.000000,0.000000,136.343945,-8.039703,-38.748234,1,5,4,0.0000,0.0000,0.0000,0.5000,"HeadOnBreak",-0.054851
43,B0100,L7_mid_low_slow_max,HABFM,13017.481125,129.570511,36.188332,132.362921,-172.776488,11947.283486,458.565117,21256.520493,228.218202,4377.477281,-750.470296,0.288352,False,False,False,False,True,True,True,2-circle,-1.000000,3111.168548,100.000000,100.000000,0.000000,0.000000,136.343945,-8.039703,-38.748234,0,4,2,0.0000,0.0000,0.0000,0.5000,"DescendTo",-0.010652
44,A0100,adaptive_eagle_v9,HABFM,13304.620824,129.962538,33.433845,134.364612,-173.196236,11839.873421,462.641941,21315.371772,294.256395,4668.765298,-769.389975,0.418868,False,False,False,False,True,True,True,2-circle,-1.000000,3209.208169,100.000000,100.000000,0.000000,0.000000,134.312521,-11.674747,-32.707085,1,6,4,0.0000,0.0000,0.0000,0.5000,"HeadOnBreak",-0.049377
44,B0100,L7_mid_low_slow_max,HABFM,13304.620824,129.962538,33.433845,134.364612,-173.196236,11839.873421,462.641941,21315.371772,294.256395,4668.765298,-769.389975,0.418868,False,False,False,False,True,True,True,2-circle,-1.000000,3209.208169,100.000000,100.000000,0.000000,0.000000,134.312521,-11.674747,-32.707085,0,4,2,0.0000,0.0000,0.0000,0.5000,"DescendTo",-0.023054
45,A0100,adaptive_eagle_v9,HABFM,13599.447156,131.221191,30.580999,136.826331,-173.441121,11733.959877,466.623316,21373.247275,289.377517,4954.968618,-793.931439,0.129923,False,False,False,False,True,True,True,2-circle,-1.000000,3306.324905,100.000000,100.000000,0.000000,0.000000,143.767766,-3.692108,-28.107710,1,6,4,0.0000,0.0000,0.0000,0.5000,"HeadOnBreak",-0.042674
45,B0100,L7_mid_low_slow_max,HABFM,13599.447156,131.221191,30.580999,136.826331,-173.441121,11733.959877,466.623316,21373.247275,289.377517,4954.968618,-793.931439,0.129923,False,False,False,False,True,True,True,2-circle,-1.000000,3306.324905,100.000000,100.000000,0.000000,0.000000,143.767766,-3.692108,-28.107710,0,4,2,0.0000,0.0000,0.0000,0.5000,"DescendTo",-0.030539
46,A0100,adaptive_eagle_v9,HABFM,13902.585085,133.065029,27.638373,139.375526,-173.720429,11631.998354,469.044267,21371.566998,-8.401385,5153.854194,-820.651150,0.164664,False,False,False,False,True,True,True,2-circle,-1.000000,3399.016541,100.000000,100.000000,0.000000,0.000000,144.078430,-4.692316,-26.857273,1,6,4,0.0000,0.0000,0.0000,0.5000,"HeadOnBreak",-0.034367
46,B0100,L7_mid_low_slow_max,HABFM,13902.585085,133.065029,27.638373,139.375526,-173.720429,11631.998354,469.044267,21371.566998,-8.401385,5153.854194,-820.651150,0.164664,False,False,False,False,True,True,True,2-circle,-1.000000,3399.016541,100.000000,100.000000,0.000000,0.000000,144.078430,-4.692316,-26.857273,0,4,2,0.0000,0.0000,0.0000,0.5000,"DescendTo",-0.015762
47,A0100,adaptive_eagle_v9,HABFM,14212.733456,134.037608,24.626683,140.806246,-173.805955,11533.998431,470.875658,21349.772176,-108.974110,5313.858623,-839.837413,0.642993,False,False,False,False,True,True,True,2-circle,-1.000000,3486.173316,100.000000,100.000000,0.000000,0.000000,132.106479,-17.812133,-30.842634,1,7,4,0.0000,0.0000,0.0000,0.5000,"HeadOnBreak",-0.028034
47,B0100,L7_mid_low_slow_max,HABFM,14212.733456,134.037608,24.626683,140.806246,-173.805955,11533.998431,470.875658,21349.772176,-108.974110,5313.858623,-839.837413,0.642993,False,False,False,False,True,True,True,2-circle,-1.000000,3486.173316,100.000000,100.000000,0.000000,0.000000,132.106479,-17.812133,-30.842634,0,4,2,0.0000,0.0000,0.0000,0.5000,"DescendTo",0.003341
48,A0100,adaptive_eagle_v9,HABFM,14527.256261,133.692614,21.248044,140.386017,-174.237025,11436.525130,473.855751,21376.936768,135.822959,5559.062536,-850.175104,0.806743,False,False,False,False,True,True,True,2-circle,-1.000000,3570.054673,100.000000,100.000000,0.000000,0.000000,128.870529,-22.050239,-33.642088,1,7,4,0.0000,0.0000,0.0000,0.5000,"HeadOnBreak",-0.022944
48,B0100,L7_mid_low_slow_max,HABFM,14527.256261,133.692614,21.248044,140.386017,-174.237025,11436.525130,473.855751,21376.936768,135.822959,5559.062536,-850.175104,0.806743,False,False,False,False,True,True,True,2-circle,-1.000000,3570.054673,100.000000,100.000000,0.000000,0.000000,128.870529,-22.050239,-33.642088,0,4,2,0.0000,0.0000,0.0000,0.5000,"DescendTo",0.015286
49,A0100,adaptive_eagle_v9,HABFM,14844.097932,132.536824,17.678885,138.848006,-174.927301,11336.022130,478.129261,21456.539257,398.012444,5890.814218,-854.164363,0.520910,False,False,False,False,True,True,True,2-circle,-1.000000,3653.380693,100.000000,100.000000,0.000000,0.000000,137.010422,-14.758974,-36.375931,1,7,4,0.0000,0.0000,0.0000,0.5000,"HeadOnBreak",-0.017922
49,B0100,L7_mid_low_slow_max,HABFM,14844.097932,132.536824,17.678885,138.848006,-174.927301,11336.022130,478.129261,21456.539257,398.012444,5890.814218,-854.164363,0.520910,False,False,False,False,True,True,True,2-circle,-1.000000,3653.380693,100.000000,100.000000,0.000000,0.000000,137.010422,-14.758974,-36.375931,0,4,2,0.0000,0.0000,0.0000,0.5000,"DescendTo",0.018431
50,A0100,adaptive_eagle_v9,HABFM,15161.916375,131.228035,14.303508,137.191332,-175.461422,11231.175640,482.339242,21530.701964,370.813535,6207.475895,-854.626618,0.251912,False,False,False,False,True,True,True,2-circle,-1.000000,3737.868617,100.000000,100.000000,0.000000,0.000000,145.166210,-7.311078,-37.579890,1,7,4,0.0000,0.0000,0.0000,0.5000,"HeadOnBreak",-0.014641
50,B0100,L7_mid_low_slow_max,HABFM,15161.916375,131.228035,14.303508,137.191332,-175.461422,11231.175640,482.339242,21530.701964,370.813535,6207.475895,-854.626618,0.251912,False,False,False,False,True,True,True,2-circle,-1.000000,3737.868617,100.000000,100.000000,0.000000,0.000000,145.166210,-7.311078,-37.579890,0,4,2,0.0000,0.0000,0.0000,0.5000,"DescendTo",0.010390
51,A0100,adaptive_eagle_v9,HABFM,15480.458439,130.479690,11.138713,136.214467,-175.769662,11122.518056,486.723656,21610.138636,397.183360,6529.610389,-857.081008,0.001937,False,False,False,False,True,True,True,2-circle,-1.000000,3823.773759,100.000000,100.000000,0.000000,0.000000,153.111180,0.056930,-36.080629,1,6,4,0.0000,0.0000,0.0000,0.5000,"HeadOnBreak",-0.012437
51,B0100,L7_mid_low_slow_max,HABFM,15480.458439,130.479690,11.138713,136.214467,-175.769662,11122.518056,486.723656,21610.138636,397.183360,6529.610389,-857.081008,0.001937,False,False,False,False,True,True,True,2-circle,-1.000000,3823.773759,100.000000,100.000000,0.000000,0.000000,153.111180,0.056930,-36.080629,0,4,2,0.0000,0.0000,0.0000,0.5000,"DescendTo",-0.017203
52,A0100,adaptive_eagle_v9,HABFM,15801.447532,131.533828,8.376318,137.189723,-175.982960,11013.372771,490.448608,21662.133551,259.974574,6810.862453,-870.452378,0.124017,False,False,False,False,True,True,True,2-circle,-1.000000,3908.724469,100.000000,100.000000,0.000000,0.000000,149.831166,-3.661734,-30.077401,1,6,4,0.0000,0.0000,0.0000,0.5000,"HeadOnBreak",-0.134358
52,B0100,L7_mid_low_slow_max,HABFM,15801.447532,131.533828,8.376318,137.189723,-175.982960,11013.372771,490.448608,21662.133551,259.974574,6810.862453,-870.452378,0.124017,False,False,False,False,True,True,True,2-circle,-1.000000,3908.724469,100.000000,100.000000,0.000000,0.000000,149.831166,-3.661734,-30.077401,0,4,2,0.0000,0.0000,0.0000,0.5000,"DescendTo",-0.149048
53,A0100,adaptive_eagle_v9,HABFM,16126.833202,133.048475,6.453387,138.667647,-175.833553,10908.048137,492.914336,21664.151243,10.088462,6988.484036,-884.982408,0.591021,False,False,False,False,True,True,True,2-circle,-1.000000,3989.352259,100.000000,100.000000,0.000000,0.000000,136.773673,-17.016111,-29.682881,1,6,4,0.0000,0.0000,0.0000,0.5000,"HeadOnBreak",-0.233796
53,B0100,L7_mid_low_slow_max,HABFM,16126.833202,133.048475,6.453387,138.667647,-175.833553,10908.048137,492.914336,21664.151243,10.088462,6988.484036,-884.982408,0.591021,False,False,False,False,True,True,True,2-circle,-1.000000,3989.352259,100.000000,100.000000,0.000000,0.000000,136.773673,-17.016111,-29.682881,0,4,2,0.0000,0.0000,0.0000,0.5000,"DescendTo",-0.232609
54,A0100,adaptive_eagle_v9,HABFM,16454.828737,133.070438,5.308905,138.367756,-175.908875,10804.396507,496.597686,21721.852261,288.505087,7222.261526,-888.627486,0.784273,False,False,False,False,True,True,True,2-circle,-1.000000,4067.861626,100.000000,100.000000,0.000000,0.000000,131.762742,-22.218298,-32.940188,1,6,4,0.0000,0.0000,0.0000,0.5000,"HeadOnBreak",-0.261686
54,B0100,L7_mid_low_slow_max,HABFM,16454.828737,133.070438,5.308905,138.367756,-175.908875,10804.396507,496.597686,21721.852261,288.505087,7222.261526,-888.627486,0.784273,False,False,False,False,True,True,True,2-circle,-1.000000,4067.861626,100.000000,100.000000,0.000000,0.000000,131.762742,-22.218298,-32.940188,0,4,2,0.0000,0.0000,0.0000,0.5000,"DescendTo",-0.262584
55,A0100,adaptive_eagle_v9,HABFM,16783.417926,132.678585,5.276514,137.333547,-176.112240,10699.125411,501.366337,21827.260782,527.042606,7525.373829,-888.843353,0.528466,False,False,False,False,True,True,True,2-circle,-1.000000,4147.189912,100.000000,100.000000,0.000000,0.000000,138.572594,-15.503374,-32.908439,1,6,4,0.0000,0.0000,0.0000,0.5000,"HeadOnBreak",-0.288792
55,B0100,L7_mid_low_slow_max,HABFM,16783.417926,132.678585,5.276514,137.333547,-176.112240,10699.125411,501.366337,21827.260782,527.042606,7525.373829,-888.843353,0.528466,False,False,False,False,True,True,True,2-circle,-1.000000,4147.189912,100.000000,100.000000,0.000000,0.000000,138.572594,-15.503374,-32.908439,0,4,2,0.0000,0.0000,0.0000,0.5000,"DescendTo",-0.298839
56,A0100,adaptive_eagle_v9,HABFM,17112.001006,132.335929,6.715761,136.018810,-176.245413,10591.965899,506.168882,21934.313250,535.262342,7862.502563,-887.330288,0.288464,False,False,False,False,True,True,True,2-circle,-1.000000,4227.089254,100.000000,100.000000,0.000000,0.000000,145.398033,-8.675861,-33.528331,1,6,4,0.0000,0.0000,0.0000,0.5000,"HeadOnBreak",-0.320428
56,B0100,L7_mid_low_slow_max,HABFM,17112.001006,132.335929,6.715761,136.018810,-176.245413,10591.965899,506.168882,21934.313250,535.262342,7862.502563,-887.330288,0.288464,False,False,False,False,True,True,True,2-circle,-1.000000,4227.089254,100.000000,100.000000,0.000000,0.000000,145.398033,-8.675861,-33.528331,0,4,2,0.0000,0.0000,0.0000,0.5000,"DescendTo",-0.339025
57,A0100,adaptive_eagle_v9,HABFM,17439.932150,132.354990,9.274785,135.055673,-176.254932,10483.396908,510.153575,22005.026957,353.568535,8168.158077,-885.778859,0.438019,False,False,False,False,True,True,True,2-circle,-1.000000,4307.258630,100.000000,100.000000,0.000000,0.000000,140.846305,-13.122638,-33.683866,1,6,4,0.0000,0.0000,0.0000,0.5000,"HeadOnBreak",-0.355681
57,B0100,L7_mid_low_slow_max,HABFM,17439.932150,132.354990,9.274785,135.055673,-176.254932,10483.396908,510.153575,22005.026957,353.568535,8168.158077,-885.778859,0.438019,False,False,False,False,True,True,True,2-circle,-1.000000,4307.258630,100.000000,100.000000,0.000000,0.000000,140.846305,-13.122638,-33.683866,0,4,2,0.0000,0.0000,0.0000,0.5000,"DescendTo",-0.371781
58,A0100,adaptive_eagle_v9,HABFM,17767.312435,132.241508,11.794591,134.108039,-176.242655,10374.417783,514.106527,22075.291550,351.322961,8433.948475,-883.147331,0.536966,False,False,False,False,True,True,True,2-circle,-1.000000,4387.483619,100.000000,100.000000,0.000000,0.000000,137.735424,-16.040295,-33.993683,1,6,4,0.0000,0.0000,0.0000,0.5000,"HeadOnBreak",-0.386076
58,B0100,L7_mid_low_slow_max,HABFM,17767.312435,132.241508,11.794591,134.108039,-176.242655,10374.417783,514.106527,22075.291550,351.322961,8433.948475,-883.147331,0.536966,False,False,False,False,True,True,True,2-circle,-1.000000,4387.483619,100.000000,100.000000,0.000000,0.000000,137.735424,-16.040295,-33.993683,0,4,2,0.0000,0.0000,0.0000,0.5000,"DescendTo",-0.402107
59,A0100,adaptive_eagle_v9,HABFM,18093.659340,131.841766,14.225067,132.742339,-176.263302,10263.762951,518.664657,22173.039201,488.738258,8722.082516,-878.276596,0.277525,False,False,False,False,True,True,True,2-circle,-1.000000,4469.042263,100.000000,100.000000,0.000000,0.000000,145.004862,-8.510889,-34.456577,1,6,4,0.0000,0.0000,0.0000,0.5000,"HeadOnBreak",-0.411678
59,B0100,L7_mid_low_slow_max,HABFM,18093.659340,131.841766,14.225067,132.742339,-176.263302,10263.762951,518.664657,22173.039201,488.738258,8722.082516,-878.276596,0.277525,False,False,False,False,True,True,True,2-circle,-1.000000,4469.042263,100.000000,100.000000,0.000000,0.000000,145.004862,-8.510889,-34.456577,0,4,2,0.0000,0.0000,0.0000,0.5000,"DescendTo",-0.441434
60,A0100,adaptive_eagle_v9,HABFM,18418.402334,131.846093,17.072160,131.413091,-176.224055,10151.542906,522.737261,22248.578920,377.698593,9019.483831,-873.401848,0.029048,False,False,False,False,True,True,True,2-circle,-1.000000,4551.522775,100.000000,100.000000,0.000000,0.000000,152.286610,-0.902813,-32.841771,1,6,4,0.0000,0.0000,0.0000,0.5000,"HeadOnBreak",-0.443710
60,B0100,L7_mid_low_slow_max,HABFM,18418.402334,131.846093,17.072160,131.413091,-176.224055,10151.542906,522.737261,22248.578920,377.698593,9019.483831,-873.401848,0.029048,False,False,False,False,True,True,True,2-circle,-1.000000,4551.522775,100.000000,100.000000,0.000000,0.000000,152.286610,-0.902813,-32.841771,0,4,2,0.0000,0.0000,0.0000,0.5000,"DescendTo",-0.497726
61,A0100,adaptive_eagle_v9,HABFM,18742.466386,133.468290,20.125009,131.485999,-176.141868,10041.082165,525.676172,22274.523426,129.722530,9265.251287,-877.997943,0.157642,False,False,False,False,True,True,True,2-circle,-1.000000,4631.966061,100.000000,100.000000,0.000000,0.000000,147.870862,-4.907493,-27.496569,1,6,4,0.0000,0.0000,0.0000,0.5000,"HeadOnBreak",-0.482545
61,B0100,L7_mid_low_slow_max,HABFM,18742.466386,133.468290,20.125009,131.485999,-176.141868,10041.082165,525.676172,22274.523426,129.722530,9265.251287,-877.997943,0.157642,False,False,False,False,True,True,True,2-circle,-1.000000,4631.966061,100.000000,100.000000,0.000000,0.000000,147.870862,-4.907493,-27.496569,0,4,2,0.0000,0.0000,0.0000,0.5000,"DescendTo",-0.527871
62,A0100,adaptive_eagle_v9,HABFM,19067.340313,134.940464,22.752998,131.398402,-175.720936,9935.683026,527.908370,22273.239520,-6.419529,9430.364868,-881.677669,0.616391,False,False,False,False,True,True,True,2-circle,-1.000000,4707.853769,100.000000,100.000000,0.000000,0.000000,133.681131,-18.605703,-28.677538,1,6,4,0.0000,0.0000,0.0000,0.5000,"HeadOnBreak",-0.513493
62,B0100,L7_mid_low_slow_max,HABFM,19067.340313,134.940464,22.752998,131.398402,-175.720936,9935.683026,527.908370,22273.239520,-6.419529,9430.364868,-881.677669,0.616391,False,False,False,False,True,True,True,2-circle,-1.000000,4707.853769,100.000000,100.000000,0.000000,0.000000,133.681131,-18.605703,-28.677538,0,4,2,0.0000,0.0000,0.0000,0.5000,"DescendTo",-0.541335
63,A0100,adaptive_eagle_v9,HABFM,19391.372625,135.049712,25.235722,130.109924,-175.510426,9832.131096,531.319232,22329.630660,281.955698,9651.206103,-875.913484,0.752086,False,False,False,False,True,True,True,2-circle,-1.000000,4782.339273,100.000000,100.000000,0.000000,0.000000,129.320177,-22.429180,-30.246960,1,6,4,0.0000,0.0000,0.0000,0.5000,"HeadOnBreak",-0.539344
63,B0100,L7_mid_low_slow_max,HABFM,19391.372625,135.049712,25.235722,130.109924,-175.510426,9832.131096,531.319232,22329.630660,281.955698,9651.206103,-875.913484,0.752086,False,False,False,False,True,True,True,2-circle,-1.000000,4782.339273,100.000000,100.000000,0.000000,0.000000,129.320177,-22.429180,-30.246960,0,4,2,0.0000,0.0000,0.0000,0.5000,"DescendTo",-0.567543
64,A0100,adaptive_eagle_v9,HABFM,19712.969238,134.815304,27.777263,128.350198,-175.421612,9727.550882,535.666858,22430.413823,503.915817,9934.354095,-867.060344,0.497584,False,False,False,False,True,True,True,2-circle,-1.000000,4857.976651,100.000000,100.000000,0.000000,0.000000,135.806654,-15.369279,-30.793127,1,6,4,0.0000,0.0000,0.0000,0.5000,"HeadOnBreak",-0.563957
64,B0100,L7_mid_low_slow_max,HABFM,19712.969238,134.815304,27.777263,128.350198,-175.421612,9727.550882,535.666858,22430.413823,503.915817,9934.354095,-867.060344,0.497584,False,False,False,False,True,True,True,2-circle,-1.000000,4857.976651,100.000000,100.000000,0.000000,0.000000,135.806654,-15.369279,-30.793127,0,4,2,0.0000,0.0000,0.0000,0.5000,"DescendTo",-0.595972
65,A0100,adaptive_eagle_v9,HABFM,20031.507577,134.547750,30.312615,126.321896,-175.320770,9621.537812,539.956604,22528.670416,491.282965,10216.282409,-857.010469,0.256943,False,False,False,False,True,True,True,2-circle,-1.000000,4934.636976,100.000000,100.000000,0.000000,0.000000,142.440967,-8.128990,-31.404323,1,6,4,0.0000,0.0000,0.0000,0.5000,"HeadOnBreak",-0.582402
65,B0100,L7_mid_low_slow_max,HABFM,20031.507577,134.547750,30.312615,126.321896,-175.320770,9621.537812,539.956604,22528.670416,491.282965,10216.282409,-857.010469,0.256943,False,False,False,False,True,True,True,2-circle,-1.000000,4934.636976,100.000000,100.000000,0.000000,0.000000,142.440967,-8.128990,-31.404323,0,4,2,0.0000,0.0000,0.0000,0.5000,"DescendTo",-0.625190
66,A0100,adaptive_eagle_v9,HABFM,20346.339928,134.500210,33.166859,124.031925,-175.157054,9514.332193,543.461332,22589.562741,304.461624,10481.482332,-845.105859,0.419003,False,False,False,False,True,True,True,2-circle,-1.000000,5011.511539,100.000000,100.000000,0.000000,0.000000,136.757806,-13.173826,-31.977917,1,6,4,0.0000,0.0000,0.0000,0.5000,"HeadOnBreak",-0.603499
66,B0100,L7_mid_low_slow_max,HABFM,20346.339928,134.500210,33.166859,124.031925,-175.157054,9514.332193,543.461332,22589.562741,304.461624,10481.482332,-845.105859,0.419003,False,False,False,False,True,True,True,2-circle,-1.000000,5011.511539,100.000000,100.000000,0.000000,0.000000,136.757806,-13.173826,-31.977917,0,4,2,0.0000,0.0000,0.0000,0.5000,"DescendTo",-0.645321
67,A0100,adaptive_eagle_v9,HABFM,20656.318604,134.255404,36.208230,121.608939,-174.993282,9406.510276,546.961452,22650.703193,305.702258,10760.117974,-829.465189,0.472936,False,False,False,False,True,True,True,2-circle,-1.000000,5088.192592,100.000000,100.000000,0.000000,0.000000,134.393346,-14.867481,-32.255542,1,6,4,0.0000,0.0000,0.0000,0.5000,"HeadOnBreak",-0.633235
67,B0100,L7_mid_low_slow_max,HABFM,20656.318604,134.255404,36.208230,121.608939,-174.993282,9406.510276,546.961452,22650.703193,305.702258,10760.117974,-829.465189,0.472936,False,False,False,False,True,True,True,2-circle,-1.000000,5088.192592,100.000000,100.000000,0.000000,0.000000,134.393346,-14.867481,-32.255542,0,4,2,0.0000,0.0000,0.0000,0.5000,"DescendTo",-0.665302
68,A0100,adaptive_eagle_v9,HABFM,20961.241831,133.854480,38.812609,119.495159,-174.834411,9297.000476,550.974209,22736.237017,427.669120,11030.869340,-814.962650,0.213966,False,False,False,False,True,True,True,2-circle,-1.000000,5166.489011,100.000000,100.000000,0.000000,0.000000,141.686086,-6.887189,-32.565013,1,6,4,0.0000,0.0000,0.0000,0.5000,"HeadOnBreak",-0.656090
68,B0100,L7_mid_low_slow_max,HABFM,20961.241831,133.854480,38.812609,119.495159,-174.834411,9297.000476,550.974209,22736.237017,427.669120,11030.869340,-814.962650,0.213966,False,False,False,False,True,True,True,2-circle,-1.000000,5166.489011,100.000000,100.000000,0.000000,0.000000,141.686086,-6.887189,-32.565013,0,4,2,0.0000,0.0000,0.0000,0.5000,"DescendTo",-0.692511
69,A0100,adaptive_eagle_v9,HABFM,21261.997418,133.835283,41.237995,117.563968,-174.607523,9186.202663,554.274613,22786.926850,253.449166,11246.196832,-803.337722,0.365906,False,False,False,False,True,True,True,2-circle,-1.000000,5245.948854,100.000000,100.000000,0.000000,0.000000,136.157314,-11.720485,-32.441893,2,2,4,0.0000,0.0000,0.0000,0.5000,"ExtensionBreak",-0.668026
69,B0100,L7_mid_low_slow_max,HABFM,21261.997418,133.835283,41.237995,117.563968,-174.607523,9186.202663,554.274613,22786.926850,253.449166,11246.196832,-803.337722,0.365906,False,False,False,False,True,True,True,2-circle,-1.000000,5245.948854,100.000000,100.000000,0.000000,0.000000,136.157314,-11.720485,-32.441893,0,4,2,0.0000,0.0000,0.0000,0.5000,"DescendTo",-0.710592
70,A0100,adaptive_eagle_v9,HABFM,21558.310416,133.691869,44.006931,115.199079,-174.367011,9075.157674,557.662293,22842.642873,278.580114,11497.246021,-787.542254,0.396129,False,False,False,False,True,True,True,2-circle,-1.000000,5325.201902,100.000000,100.000000,0.000000,0.000000,134.458829,-12.713603,-32.605036,2,2,4,0.0000,0.0000,0.0000,0.5000,"ExtensionBreak",-0.676810
70,B0100,L7_mid_low_slow_max,HABFM,21558.310416,133.691869,44.006931,115.199079,-174.367011,9075.157674,557.662293,22842.642873,278.580114,11497.246021,-787.542254,0.396129,False,False,False,False,True,True,True,2-circle,-1.000000,5325.201902,100.000000,100.000000,0.000000,0.000000,134.458829,-12.713603,-32.605036,0,4,2,0.0000,0.0000,0.0000,0.5000,"DescendTo",-0.723015
71,A0100,adaptive_eagle_v9,HABFM,21848.262743,133.335856,47.336357,112.648289,-174.158727,8962.729624,561.602723,22925.463734,414.104308,11832.820700,-765.295467,0.142875,False,False,False,False,True,True,True,2-circle,-1.000000,5405.936521,100.000000,100.000000,0.000000,0.000000,141.786732,-4.677037,-32.939102,2,2,4,0.0000,0.0000,0.0000,0.5000,"ExtensionBreak",-0.704367
71,B0100,L7_mid_low_slow_max,HABFM,21848.262743,133.335856,47.336357,112.648289,-174.158727,8962.729624,561.602723,22925.463734,414.104308,11832.820700,-765.295467,0.142875,False,False,False,False,True,True,True,2-circle,-1.000000,5405.936521,100.000000,100.000000,0.000000,0.000000,141.786732,-4.677037,-32.939102,0,4,2,0.0000,0.0000,0.0000,0.5000,"DescendTo",-0.745415
72,A0100,adaptive_eagle_v9,HABFM,22131.649658,133.668544,50.380480,111.207235,-173.881247,8849.454696,564.357889,22949.524369,120.303172,12096.079500,-748.595002,0.293763,False,False,False,False,True,True,True,2-circle,-1.000000,5489.719570,100.000000,100.000000,0.000000,0.000000,136.182869,-9.579607,-30.936592,2,2,4,0.0000,0.0000,0.0000,0.5000,"ExtensionBreak",-0.749333
72,B0100,L7_mid_low_slow_max,HABFM,22131.649658,133.668544,50.380480,111.207235,-173.881247,8849.454696,564.357889,22949.524369,120.303172,12096.079500,-748.595002,0.293763,False,False,False,False,True,True,True,2-circle,-1.000000,5489.719570,100.000000,100.000000,0.000000,0.000000,136.182869,-9.579607,-30.936592,0,4,2,0.0000,0.0000,0.0000,0.5000,"DescendTo",-0.777059
73,A0100,adaptive_eagle_v9,HABFM,22412.332226,134.985971,52.562548,111.023885,-173.276927,8739.391846,566.781195,22960.810546,56.430886,12311.100607,-744.965476,0.292355,False,False,False,False,True,True,True,2-circle,-1.000000,5574.679900,100.000000,100.000000,0.000000,0.000000,135.512907,-9.560606,-26.730967,4,8,3,0.0000,0.0000,0.0000,0.5000,"SmartHighYoYo",-0.796317
73,B0100,L7_mid_low_slow_max,HABFM,22412.332226,134.985971,52.562548,111.023885,-173.276927,8739.391846,566.781195,22960.810546,56.430886,12311.100607,-744.965476,0.292355,False,False,False,False,True,True,True,2-circle,-1.000000,5574.679900,100.000000,100.000000,0.000000,0.000000,135.512907,-9.560606,-26.730967,0,4,2,0.0000,0.0000,0.0000,0.5000,"DescendTo",-0.791817
74,A0100,adaptive_eagle_v9,HABFM,22692.484107,135.240111,53.787254,111.316612,-172.930132,8631.952447,569.238528,22976.955082,80.722678,12489.979858,-739.895377,0.443516,False,False,False,False,True,True,True,2-circle,-1.000000,5662.631935,100.000000,100.000000,0.000000,0.000000,130.042830,-14.372654,-31.260007,1,8,4,0.0000,0.0000,0.0000,0.5000,"SmartHighYoYo",-0.828376
74,B0100,L7_mid_low_slow_max,HABFM,22692.484107,135.240111,53.787254,111.316612,-172.930132,8631.952447,569.238528,22976.955082,80.722678,12489.979858,-739.895377,0.443516,False,False,False,False,True,True,True,2-circle,-1.000000,5662.631935,100.000000,100.000000,0.000000,0.000000,130.042830,-14.372654,-31.260007,0,4,2,0.0000,0.0000,0.0000,0.5000,"DescendTo",-0.815747
75,A0100,adaptive_eagle_v9,HABFM,22972.149788,135.054731,54.632848,111.505904,-172.627528,8524.472946,572.118859,23015.013486,190.292020,12657.217080,-734.809679,0.449861,False,False,False,False,True,True,True,2-circle,-1.000000,5755.451875,100.000000,100.000000,0.000000,0.000000,129.180613,-14.619215,-30.466431,1,8,4,0.0000,0.0000,0.0000,0.5000,"SmartHighYoYo",-0.853719
75,B0100,L7_mid_low_slow_max,HABFM,22972.149788,135.054731,54.632848,111.505904,-172.627528,8524.472946,572.118859,23015.013486,190.292020,12657.217080,-734.809679,0.449861,False,False,False,False,True,True,True,2-circle,-1.000000,5755.451875,100.000000,100.000000,0.000000,0.000000,129.180613,-14.619215,-30.466431,0,4,2,0.0000,0.0000,0.0000,0.5000,"DescendTo",-0.843517
76,A0100,adaptive_eagle_v9,HABFM,23251.352739,134.713722,55.565617,111.464268,-172.372572,8415.939007,575.674385,23087.146840,360.666771,12860.039358,-728.385690,0.189346,False,False,False,False,True,True,True,2-circle,-1.000000,5853.299718,100.000000,100.000000,0.000000,0.000000,136.931384,-6.294155,-31.056569,1,8,4,0.0000,0.0000,0.0000,0.5000,"SmartHighYoYo",-0.870068
76,B0100,L7_mid_low_slow_max,HABFM,23251.352739,134.713722,55.565617,111.464268,-172.372572,8415.939007,575.674385,23087.146840,360.666771,12860.039358,-728.385690,0.189346,False,False,False,False,True,True,True,2-circle,-1.000000,5853.299718,100.000000,100.000000,0.000000,0.000000,136.931384,-6.294155,-31.056569,0,4,2,0.0000,0.0000,0.0000,0.5000,"DescendTo",-0.873558
77,A0100,adaptive_eagle_v9,HABFM,23529.097426,134.681218,57.137317,111.103270,-172.100193,8306.519811,578.564330,23125.399344,191.262523,13080.839031,-718.459511,0.338799,False,False,False,False,True,True,True,2-circle,-1.000000,5956.177601,100.000000,100.000000,0.000000,0.000000,131.487350,-11.202429,-30.897966,1,8,4,0.0000,0.0000,0.0000,0.5000,"SmartHighYoYo",-0.881167
77,B0100,L7_mid_low_slow_max,HABFM,23529.097426,134.681218,57.137317,111.103270,-172.100193,8306.519811,578.564330,23125.399344,191.262523,13080.839031,-718.459511,0.338799,False,False,False,False,True,True,True,2-circle,-1.000000,5956.177601,100.000000,100.000000,0.000000,0.000000,131.487350,-11.202429,-30.897966,0,4,2,0.0000,0.0000,0.0000,0.5000,"DescendTo",-0.893739
78,A0100,adaptive_eagle_v9,HABFM,23804.074091,134.504672,59.021513,110.077066,-171.804360,8197.135823,581.532183,23168.437671,215.191634,13314.309694,-704.861841,0.334605,False,False,False,False,True,True,True,2-circle,-1.000000,6062.906137,100.000000,100.000000,0.000000,0.000000,131.078988,-11.106254,-31.064259,1,8,4,0.0000,0.0000,0.0000,0.5000,"SmartHighYoYo",-0.885355
78,B0100,L7_mid_low_slow_max,HABFM,23804.074091,134.504672,59.021513,110.077066,-171.804360,8197.135823,581.532183,23168.437671,215.191634,13314.309694,-704.861841,0.334605,False,False,False,False,True,True,True,2-circle,-1.000000,6062.906137,100.000000,100.000000,0.000000,0.000000,131.078988,-11.106254,-31.064259,0,4,2,0.0000,0.0000,0.0000,0.5000,"DescendTo",-0.908134
79,A0100,adaptive_eagle_v9,HABFM,24074.739281,134.118600,61.261610,108.359397,-171.555602,8086.633594,585.013443,23237.719136,346.407323,13596.071231,-686.795030,0.080478,False,False,False,False,True,True,True,2-circle,-1.000000,6173.196842,100.000000,100.000000,0.000000,0.000000,138.992487,-2.715155,-31.361255,1,8,4,0.0000,0.0000,0.0000,0.5000,"SmartHighYoYo",-0.886187
79,B0100,L7_mid_low_slow_max,HABFM,24074.739281,134.118600,61.261610,108.359397,-171.555602,8086.633594,585.013443,23237.719136,346.407323,13596.071231,-686.795030,0.080478,False,False,False,False,True,True,True,2-circle,-1.000000,6173.196842,100.000000,100.000000,0.000000,0.000000,138.992487,-2.715155,-31.361255,0,4,2,0.0000,0.0000,0.0000,0.5000,"DescendTo",-0.921368
80,A0100,adaptive_eagle_v9,HABFM,24339.623526,134.066229,63.741495,106.200095,-171.308386,7975.251405,587.809544,23271.513780,168.973220,13856.940670,-668.488599,0.232705,False,False,False,False,True,True,True,2-circle,-1.000000,6285.737201,100.000000,100.000000,0.000000,0.000000,133.416096,-7.833349,-31.161085,1,8,4,0.0000,0.0000,0.0000,0.5000,"SmartHighYoYo",-0.890950
80,B0100,L7_mid_low_slow_max,HABFM,24339.623526,134.066229,63.741495,106.200095,-171.308386,7975.251405,587.809544,23271.513780,168.973220,13856.940670,-668.488599,0.232705,False,False,False,False,True,True,True,2-circle,-1.000000,6285.737201,100.000000,100.000000,0.000000,0.000000,133.416096,-7.833349,-31.161085,0,4,2,0.0000,0.0000,0.0000,0.5000,"DescendTo",-0.926310
81,A0100,adaptive_eagle_v9,HABFM,24598.680439,133.880256,66.052002,103.765207,-171.020627,7863.944539,590.682854,23310.113729,192.999746,14113.094650,-650.212030,0.224937,False,False,False,False,True,True,True,2-circle,-1.000000,6398.316676,100.000000,100.000000,0.000000,0.000000,133.202012,-7.600252,-31.313762,1,8,4,0.0000,0.0000,0.0000,0.5000,"SmartHighYoYo",-0.892175
81,B0100,L7_mid_low_slow_max,HABFM,24598.680439,133.880256,66.052002,103.765207,-171.020627,7863.944539,590.682854,23310.113729,192.999746,14113.094650,-650.212030,0.224937,False,False,False,False,True,True,True,2-circle,-1.000000,6398.316676,100.000000,100.000000,0.000000,0.000000,133.202012,-7.600252,-31.313762,0,4,2,0.0000,0.0000,0.0000,0.5000,"DescendTo",-0.926084
82,A0100,adaptive_eagle_v9,HABFM,24851.330746,133.334419,68.202213,101.114188,-170.784374,7751.386817,593.919293,23367.283439,285.848553,14386.554787,-630.240316,0.021864,False,False,False,False,True,True,True,2-circle,-1.000000,6510.904188,100.000000,100.000000,0.000000,0.000000,141.112874,0.745988,-32.331998,4,8,3,0.0000,0.0000,0.0000,0.5000,"SmartHighYoYo",-0.881996
82,B0100,L7_mid_low_slow_max,HABFM,24851.330746,133.334419,68.202213,101.114188,-170.784374,7751.386817,593.919293,23367.283439,285.848553,14386.554787,-630.240316,0.021864,False,False,False,False,True,True,True,2-circle,-1.000000,6510.904188,100.000000,100.000000,0.000000,0.000000,141.112874,0.745988,-32.331998,0,4,2,0.0000,0.0000,0.0000,0.5000,"DescendTo",-0.930110
83,A0100,adaptive_eagle_v9,HABFM,25097.076714,133.344657,70.524690,98.068290,-170.561473,7637.434745,596.103196,23368.385052,5.508062,14622.873239,-612.198494,0.137801,False,False,False,False,True,True,True,2-circle,-1.000000,6622.295476,100.000000,100.000000,0.000000,0.000000,135.237528,-4.701745,-30.651363,1,8,4,0.0000,0.0000,0.0000,0.5000,"SmartHighYoYo",-0.872897
83,B0100,L7_mid_low_slow_max,HABFM,25097.076714,133.344657,70.524690,98.068290,-170.561473,7637.434745,596.103196,23368.385052,5.508062,14622.873239,-612.198494,0.137801,False,False,False,False,True,True,True,2-circle,-1.000000,6622.295476,100.000000,100.000000,0.000000,0.000000,135.237528,-4.701745,-30.651363,0,4,2,0.0000,0.0000,0.0000,0.5000,"DescendTo",-0.936640
84,A0100,adaptive_eagle_v9,HABFM,25336.879417,134.741377,73.058474,94.811910,-170.098802,7526.694135,598.144407,23365.562536,-14.112577,14858.301573,-603.408213,0.107971,False,False,False,False,True,True,True,2-circle,-1.000000,6727.234435,100.000000,100.000000,0.000000,0.000000,135.806604,-3.694480,-25.581735,1,8,4,0.0000,0.0000,0.0000,0.5000,"SmartHighYoYo",-0.870249
84,B0100,L7_mid_low_slow_max,HABFM,25336.879417,134.741377,73.058474,94.811910,-170.098802,7526.694135,598.144407,23365.562536,-14.112577,14858.301573,-603.408213,0.107971,False,False,False,False,True,True,True,2-circle,-1.000000,6727.234435,100.000000,100.000000,0.000000,0.000000,135.806604,-3.694480,-25.581735,0,4,2,0.0000,0.0000,0.0000,0.5000,"DescendTo",-0.926623
85,A0100,adaptive_eagle_v9,HABFM,25571.435431,135.633242,75.630185,91.734457,-169.751312,7420.555198,599.924669,23353.846625,-58.579555,15061.550023,-589.776918,0.248099,False,False,False,False,True,True,True,2-circle,-1.000000,6824.946135,100.000000,100.000000,0.000000,0.000000,130.599216,-8.452967,-27.842820,1,8,4,0.0000,0.0000,0.0000,0.5000,"SmartHighYoYo",-0.862557
85,B0100,L7_mid_low_slow_max,HABFM,25571.435431,135.633242,75.630185,91.734457,-169.751312,7420.555198,599.924669,23353.846625,-58.579555,15061.550023,-589.776918,0.248099,False,False,False,False,True,True,True,2-circle,-1.000000,6824.946135,100.000000,100.000000,0.000000,0.000000,130.599216,-8.452967,-27.842820,0,4,2,0.0000,0.0000,0.0000,0.5000,"DescendTo",-0.908867
86,A0100,adaptive_eagle_v9,HABFM,25798.927858,135.476619,78.287167,88.749369,-169.450615,7315.979757,602.393114,23380.658889,134.061319,15300.090863,-567.393331,0.234201,False,False,False,False,True,True,True,1-circle,-1.000000,6919.373430,100.000000,100.000000,0.000000,0.000000,130.603200,-8.007300,-29.212672,1,8,4,0.0000,0.0000,0.0000,0.5000,"SmartHighYoYo",-0.854102
86,B0100,L7_mid_low_slow_max,HABFM,25798.927858,135.476619,78.287167,88.749369,-169.450615,7315.979757,602.393114,23380.658889,134.061319,15300.090863,-567.393331,0.234201,False,False,False,False,True,True,True,1-circle,-1.000000,6919.373430,100.000000,100.000000,0.000000,0.000000,130.603200,-8.007300,-29.212672,0,4,2,0.0000,0.0000,0.0000,0.5000,"DescendTo",-0.895877
87,A0100,adaptive_eagle_v9,HABFM,26018.206686,135.056385,80.984543,86.029906,-169.215133,7210.211671,604.459593,23385.298014,23.195624,15510.415832,-542.101272,0.399234,False,False,False,False,True,True,True,1-circle,-1.000000,7014.299821,100.000000,100.000000,0.000000,0.000000,124.679653,-13.511599,-30.279271,1,8,4,0.0000,0.0000,0.0000,0.5000,"SmartHighYoYo",-0.853415
87,B0100,L7_mid_low_slow_max,HABFM,26018.206686,135.056385,80.984543,86.029906,-169.215133,7210.211671,604.459593,23385.298014,23.195624,15510.415832,-542.101272,0.399234,False,False,False,False,True,True,True,1-circle,-1.000000,7014.299821,100.000000,100.000000,0.000000,0.000000,124.679653,-13.511599,-30.279271,0,4,2,0.0000,0.0000,0.0000,0.5000,"DescendTo",-0.884179
88,A0100,adaptive_eagle_v9,HABFM,26229.468488,134.526086,83.337669,83.787820,-169.002399,7103.132396,606.663103,23396.363684,55.328349,15698.238638,-518.874965,0.366303,False,False,False,False,True,True,True,1-circle,-1.000000,7110.782851,100.000000,100.000000,0.000000,0.000000,125.337892,-12.460501,-30.243472,1,8,4,0.0000,0.0000,0.0000,0.5000,"SmartHighYoYo",-0.846814
88,B0100,L7_mid_low_slow_max,HABFM,26229.468488,134.526086,83.337669,83.787820,-169.002399,7103.132396,606.663103,23396.363684,55.328349,15698.238638,-518.874965,0.366303,False,False,False,False,True,True,True,1-circle,-1.000000,7110.782851,100.000000,100.000000,0.000000,0.000000,125.337892,-12.460501,-30.243472,0,4,2,0.0000,0.0000,0.0000,0.5000,"DescendTo",-0.876476
89,A0100,adaptive_eagle_v9,HABFM,26433.796543,134.010784,85.586731,81.588075,-168.774252,6994.257282,609.588769,23445.017509,243.269124,15924.091167,-497.041404,0.109618,False,False,False,False,True,True,True,1-circle,-1.000000,7209.310927,100.000000,100.000000,0.000000,0.000000,133.636242,-3.796033,-30.275074,1,8,4,0.0000,0.0000,0.0000,0.5000,"SmartHighYoYo",-0.831791
89,B0100,L7_mid_low_slow_max,HABFM,26433.796543,134.010784,85.586731,81.588075,-168.774252,6994.257282,609.588769,23445.017509,243.269124,15924.091167,-497.041404,0.109618,False,False,False,False,True,True,True,1-circle,-1.000000,7209.310927,100.000000,100.000000,0.000000,0.000000,133.636242,-3.796033,-30.275074,0,4,2,0.0000,0.0000,0.0000,0.5000,"DescendTo",-0.867241
90,A0100,adaptive_eagle_v9,HABFM,26631.046782,133.645436,87.918534,79.216906,-168.543229,6884.006743,611.720978,23450.050615,25.165532,16112.134774,-475.037788,0.275942,False,False,False,False,True,True,True,1-circle,-1.000000,7309.189128,100.000000,100.000000,0.000000,0.000000,127.589227,-9.501805,-31.210517,1,8,4,0.0000,0.0000,0.0000,0.5000,"SmartHighYoYo",-0.804572
90,B0100,L7_mid_low_slow_max,HABFM,26631.046782,133.645436,87.918534,79.216906,-168.543229,6884.006743,611.720978,23450.050615,25.165532,16112.134774,-475.037788,0.275942,False,False,False,False,True,True,True,1-circle,-1.000000,7309.189128,100.000000,100.000000,0.000000,0.000000,127.589227,-9.501805,-31.210517,0,4,2,0.0000,0.0000,0.0000,0.5000,"DescendTo",-1.175282
91,A0100,adaptive_eagle_v9,DBFM,26820.477586,133.130231,90.612933,76.493072,-168.326367,6772.617263,613.935050,23458.796896,43.731405,16337.693374,-448.680399,0.241497,False,False,False,False,True,True,True,1-circle,-1.000000,7409.765444,100.000000,100.000000,0.000000,0.000000,128.421820,-8.351639,-31.243352,4,7,3,0.0000,0.0000,0.0000,0.5000,"SmartHighYoYo",-0.780949
91,B0100,L7_mid_low_slow_max,DBFM,26820.477586,133.130231,90.612933,76.493072,-168.326367,6772.617263,613.935050,23458.796896,43.731405,16337.693374,-448.680399,0.241497,False,False,False,False,True,True,True,1-circle,-1.000000,7409.765444,100.000000,100.000000,0.000000,0.000000,128.421820,-8.351639,-31.243352,4,0,4,0.0000,0.0000,0.0000,0.5000,"LeadPursuit",-1.168094
92,A0100,adaptive_eagle_v9,DBFM,27001.222802,133.330638,93.503052,73.628351,-167.987688,6660.329510,615.962188,23456.882514,-9.571910,16565.481753,-426.658696,0.344109,False,False,False,False,True,True,True,1-circle,-1.000000,7511.129414,100.000000,100.000000,0.000000,0.000000,124.646068,-11.836582,-28.610462,1,7,4,0.0000,0.0000,0.0000,0.5000,"SmartHighYoYo",-0.779629
92,B0100,L7_mid_low_slow_max,DBFM,27001.222802,133.330638,93.503052,73.628351,-167.987688,6660.329510,615.962188,23456.882514,-9.571910,16565.481753,-426.658696,0.344109,False,False,False,False,True,True,True,1-circle,-1.000000,7511.129414,100.000000,100.000000,0.000000,0.000000,124.646068,-11.836582,-28.610462,4,0,4,0.0000,0.0000,0.0000,0.5000,"LeadPursuit",-1.084955
93,A0100,adaptive_eagle_v9,DBFM,27176.139879,134.647422,95.967265,70.777588,-167.279684,6551.997108,617.600532,23438.020262,-94.311262,16729.367977,-417.401148,0.231718,False,False,False,False,True,True,True,1-circle,-1.000000,7609.164767,100.000000,100.000000,0.000000,0.000000,128.162582,-8.043359,-24.706354,1,7,4,0.0000,0.0000,0.0000,0.5000,"SmartHighYoYo",-0.771100
93,B0100,L7_mid_low_slow_max,DBFM,27176.139879,134.647422,95.967265,70.777588,-167.279684,6551.997108,617.600532,23438.020262,-94.311262,16729.367977,-417.401148,0.231718,False,False,False,False,True,True,True,1-circle,-1.000000,7609.164767,100.000000,100.000000,0.000000,0.000000,128.162582,-8.043359,-24.706354,4,0,4,0.0000,0.0000,0.0000,0.5000,"LeadPursuit",-1.053093
94,A0100,adaptive_eagle_v9,DBFM,27347.169631,136.388568,98.282962,67.918177,-166.646611,6449.858836,618.052819,23360.623356,-386.984527,16805.477175,-411.814136,0.317198,False,False,False,False,True,True,True,1-circle,-1.000000,7701.535096,100.000000,100.000000,0.000000,0.000000,124.989988,-10.943182,-21.972152,1,7,4,0.0000,0.0000,0.0000,0.5000,"SmartHighYoYo",-0.750905
94,B0100,L7_mid_low_slow_max,DBFM,27347.169631,136.388568,98.282962,67.918177,-166.646611,6449.858836,618.052819,23360.623356,-386.984527,16805.477175,-411.814136,0.317198,False,False,False,False,True,True,True,1-circle,-1.000000,7701.535096,100.000000,100.000000,0.000000,0.000000,124.989988,-10.943182,-21.972152,4,0,4,0.0000,0.0000,0.0000,0.5000,"LeadPursuit",-1.039822
95,A0100,adaptive_eagle_v9,DBFM,27514.202950,138.211108,100.653305,64.438706,-165.629582,6355.958226,617.741308,23249.680266,-554.715453,16836.716778,-405.541953,0.590187,False,False,False,False,True,True,True,1-circle,-1.000000,7785.858875,100.000000,100.000000,0.000000,0.000000,115.901714,-19.757694,-19.548741,1,7,4,0.0000,0.0000,0.0000,0.5000,"SmartHighYoYo",-0.726020
95,B0100,L7_mid_low_slow_max,DBFM,27514.202950,138.211108,100.653305,64.438706,-165.629582,6355.958226,617.741308,23249.680266,-554.715453,16836.716778,-405.541953,0.590187,False,False,False,False,True,True,True,1-circle,-1.000000,7785.858875,100.000000,100.000000,0.000000,0.000000,115.901714,-19.757694,-19.548741,4,0,4,0.0000,0.0000,0.0000,0.5000,"LeadPursuit",-1.014851
96,A0100,adaptive_eagle_v9,DBFM,27676.312440,139.667634,103.002708,60.704081,-164.496435,6270.119312,617.930374,23174.183922,-377.481720,16893.983185,-396.779770,0.493015,False,False,False,False,True,True,True,1-circle,-1.000000,7861.781919,100.000000,100.000000,0.000000,0.000000,118.698112,-16.690880,-17.246283,1,7,4,0.0000,0.0000,0.0000,0.5000,"SmartHighYoYo",-0.685576
96,B0100,L7_mid_low_slow_max,DBFM,27676.312440,139.667634,103.002708,60.704081,-164.496435,6270.119312,617.930374,23174.183922,-377.481720,16893.983185,-396.779770,0.493015,False,False,False,False,True,True,True,1-circle,-1.000000,7861.781919,100.000000,100.000000,0.000000,0.000000,118.698112,-16.690880,-17.246283,4,0,4,0.0000,0.0000,0.0000,0.5000,"LeadPursuit",-1.023278
97,A0100,adaptive_eagle_v9,DBFM,27832.839035,141.283715,105.670659,56.592439,-163.474258,6191.999559,617.596075,23077.779010,-482.024561,16942.540389,-386.224557,0.594977,False,False,False,False,True,True,True,1-circle,-1.000000,7929.101612,100.000000,100.000000,0.000000,0.000000,115.255104,-19.866604,-15.081415,1,7,4,0.0000,0.0000,0.0000,0.5000,"SmartHighYoYo",-0.643598
97,B0100,L7_mid_low_slow_max,DBFM,27832.839035,141.283715,105.670659,56.592439,-163.474258,6191.999559,617.596075,23077.779010,-482.024561,16942.540389,-386.224557,0.594977,False,False,False,False,True,True,True,1-circle,-1.000000,7929.101612,100.000000,100.000000,0.000000,0.000000,115.255104,-19.866604,-15.081415,4,0,4,0.0000,0.0000,0.0000,0.5000,"LeadPursuit",-0.989140
98,A0100,adaptive_eagle_v9,DBFM,27982.250080,142.646116,108.573650,52.022821,-162.111887,6122.532803,616.712075,22960.007737,-588.856364,16966.401698,-371.627392,0.912247,False,False,False,False,True,True,True,1-circle,-1.000000,7987.056743,100.000000,100.000000,0.000000,0.000000,105.927056,-28.933977,-12.990090,1,7,4,0.0000,0.0000,0.0000,0.5000,"SmartHighYoYo",-0.622452
98,B0100,L7_mid_low_slow_max,DBFM,27982.250080,142.646116,108.573650,52.022821,-162.111887,6122.532803,616.712075,22960.007737,-588.856364,16966.401698,-371.627392,0.912247,False,False,False,False,True,True,True,1-circle,-1.000000,7987.056743,100.000000,100.000000,0.000000,0.000000,105.927056,-28.933977,-12.990090,4,0,4,0.0000,0.0000,0.0000,0.5000,"LeadPursuit",-0.892023
99,A0100,adaptive_eagle_v9,DBFM,28124.203501,143.558398,111.086845,47.905416,-160.700256,6060.876360,616.412167,22881.979090,-390.143234,16983.174001,-357.418280,0.814342,False,False,False,False,True,True,True,1-circle,-1.000000,8037.217318,100.000000,100.000000,0.000000,0.000000,108.376589,-26.238289,-10.937296,1,7,4,0.0000,0.0000,0.0000,0.5000,"SmartHighYoYo",-0.591490
99,B0100,L7_mid_low_slow_max,DBFM,28124.203501,143.558398,111.086845,47.905416,-160.700256,6060.876360,616.412167,22881.979090,-390.143234,16983.174001,-357.418280,0.814342,False,False,False,False,True,True,True,1-circle,-1.000000,8037.217318,100.000000,100.000000,0.000000,0.000000,108.376589,-26.238289,-10.937296,4,0,4,0.0000,0.0000,0.0000,0.5000,"LeadPursuit",-0.842518
100,A0100,adaptive_eagle_v9,DBFM,28259.585461,144.549825,113.422222,43.898310,-159.351783,6006.579894,615.608700,22783.860026,-490.595320,16950.628108,-344.810503,0.945389,False,False,False,False,True,True,True,1-circle,-1.000000,8079.989860,100.000000,100.000000,0.000000,0.000000,104.648088,-29.731854,-8.996627,4,7,3,0.0000,0.0000,0.0000,0.5000,"SmartHighYoYo",-0.530695
100,B0100,L7_mid_low_slow_max,DBFM,28259.585461,144.549825,113.422222,43.898310,-159.351783,6006.579894,615.608700,22783.860026,-490.595320,16950.628108,-344.810503,0.945389,False,False,False,False,True,True,True,1-circle,-1.000000,8079.989860,100.000000,100.000000,0.000000,0.000000,104.648088,-29.731854,-8.996627,4,0,4,0.0000,0.0000,0.0000,0.5000,"LeadPursuit",-0.848432
101,A0100,adaptive_eagle_v9,DBFM,28387.474390,145.213149,116.158263,39.381298,-157.929317,5960.142783,614.888573,22698.194396,-428.328152,16953.665617,-327.623224,0.842022,False,False,False,False,True,True,True,1-circle,-1.000000,8114.576217,100.000000,100.000000,0.000000,0.000000,107.233906,-26.922859,-7.026425,1,7,4,0.0000,0.0000,0.0000,0.5000,"SmartHighYoYo",-0.477229
101,B0100,L7_mid_low_slow_max,DBFM,28387.474390,145.213149,116.158263,39.381298,-157.929317,5960.142783,614.888573,22698.194396,-428.328152,16953.665617,-327.623224,0.842022,False,False,False,False,True,True,True,1-circle,-1.000000,8114.576217,100.000000,100.000000,0.000000,0.000000,107.233906,-26.922859,-7.026425,4,0,4,0.0000,0.0000,0.0000,0.5000,"LeadPursuit",-0.812920
102,A0100,adaptive_eagle_v9,DBFM,28506.891664,145.912322,119.123744,34.798602,-156.572999,5921.150383,613.692949,22594.172448,-520.109740,16938.382231,-309.242145,1.083161,False,False,False,False,True,True,True,1-circle,-1.000000,8141.750109,100.000000,100.000000,0.000000,0.000000,100.856351,-33.093783,-5.145178,1,7,4,0.0000,0.0000,0.0000,0.5000,"SmartHighYoYo",-0.445632
102,B0100,L7_mid_low_slow_max,DBFM,28506.891664,145.912322,119.123744,34.798602,-156.572999,5921.150383,613.692949,22594.172448,-520.109740,16938.382231,-309.242145,1.083161,False,False,False,False,True,True,True,1-circle,-1.000000,8141.750109,100.000000,100.000000,0.000000,0.000000,100.856351,-33.093783,-5.145178,4,0,4,0.0000,0.0000,0.0000,0.5000,"LeadPursuit",-0.708945
103,A0100,adaptive_eagle_v9,DBFM,28617.237442,145.751263,121.691541,29.998592,-154.475661,5890.161926,611.428106,22440.346990,-769.127287,16817.703869,-287.521528,2.573361,False,False,False,False,True,True,True,1-circle,-1.000000,8161.669889,100.000000,100.000000,0.000000,0.000000,76.722673,-57.041189,-3.636266,1,7,4,0.0000,0.0000,0.0000,0.5000,"SmartHighYoYo",-0.395320
103,B0100,L7_mid_low_slow_max,DBFM,28617.237442,145.751263,121.691541,29.998592,-154.475661,5890.161926,611.428106,22440.346990,-769.127287,16817.703869,-287.521528,2.573361,False,False,False,False,True,True,True,1-circle,-1.000000,8161.669889,100.000000,100.000000,0.000000,0.000000,76.722673,-57.041189,-3.636266,4,0,4,0.0000,0.0000,0.0000,0.5000,"LeadPursuit",-0.657281
104,A0100,adaptive_eagle_v9,DBFM,28717.893705,144.680712,124.112316,25.197095,-152.212808,5864.463480,610.055967,22340.449560,-499.487149,16737.129154,-262.074840,3.482725,False,False,False,False,True,True,True,1-circle,-1.000000,8176.931704,100.000000,100.000000,0.000000,0.000000,69.263900,-64.346124,-2.680332,1,7,4,0.0000,0.0000,0.0000,0.5000,"SmartHighYoYo",-0.333471
104,B0100,L7_mid_low_slow_max,DBFM,28717.893705,144.680712,124.112316,25.197095,-152.212808,5864.463480,610.055967,22340.449560,-499.487149,16737.129154,-262.074840,3.482725,False,False,False,False,True,True,True,1-circle,-1.000000,8176.931704,100.000000,100.000000,0.000000,0.000000,69.263900,-64.346124,-2.680332,4,0,4,0.0000,0.0000,0.0000,0.5000,"LeadPursuit",-0.635043
105,A0100,adaptive_eagle_v9,DBFM,28808.906880,143.667754,126.577235,20.524873,-150.221671,5842.057214,609.544768,22290.442614,-250.034730,16713.272999,-237.876311,2.552109,False,False,False,False,True,True,True,1-circle,-1.000000,8189.214859,100.000000,100.000000,0.000000,0.000000,76.762498,-56.730677,-1.845307,1,7,4,0.0000,0.0000,0.0000,0.5000,"SmartHighYoYo",-0.269693
105,B0100,L7_mid_low_slow_max,DBFM,28808.906880,143.667754,126.577235,20.524873,-150.221671,5842.057214,609.544768,22290.442614,-250.034730,16713.272999,-237.876311,2.552109,False,False,False,False,True,True,True,1-circle,-1.000000,8189.214859,100.000000,100.000000,0.000000,0.000000,76.762498,-56.730677,-1.845307,4,0,4,0.0000,0.0000,0.0000,0.5000,"LeadPursuit",-0.606143
106,A0100,adaptive_eagle_v9,DBFM,28890.465329,142.783255,128.999174,15.858496,-148.305292,5823.602591,608.756588,22229.477898,-304.823581,16670.450616,-215.028216,1.898392,False,False,False,False,True,True,True,1-circle,-1.000000,8197.356123,100.000000,100.000000,0.000000,0.000000,84.863464,-48.544486,-0.754303,1,7,4,0.0000,0.0000,0.0000,0.5000,"SmartHighYoYo",-0.201332
106,B0100,L7_mid_low_slow_max,DBFM,28890.465329,142.783255,128.999174,15.858496,-148.305292,5823.602591,608.756588,22229.477898,-304.823581,16670.450616,-215.028216,1.898392,False,False,False,False,True,True,True,1-circle,-1.000000,8197.356123,100.000000,100.000000,0.000000,0.000000,84.863464,-48.544486,-0.754303,4,0,4,0.0000,0.0000,0.0000,0.5000,"LeadPursuit",-0.576833
107,A0100,adaptive_eagle_v9,DBFM,28962.718761,142.098746,131.331950,11.507407,-146.585725,5810.179615,607.737913,22161.194654,-341.416221,16608.010171,-194.389735,1.400110,False,False,False,False,True,True,True,1-circle,-1.000000,8199.709378,100.000000,100.000000,0.000000,0.000000,93.538194,-39.809132,0.663600,1,7,4,0.0000,0.0000,0.0000,0.5000,"SmartHighYoYo",-0.102745
107,B0100,L7_mid_low_slow_max,DBFM,28962.718761,142.098746,131.331950,11.507407,-146.585725,5810.179615,607.737913,22161.194654,-341.416221,16608.010171,-194.389735,1.400110,False,False,False,False,True,True,True,1-circle,-1.000000,8199.709378,100.000000,100.000000,0.000000,0.000000,93.538194,-39.809132,0.663600,4,0,4,0.0000,0.0000,0.0000,0.5000,"LeadPursuit",-0.586327
108,A0100,adaptive_eagle_v9,DBFM,29025.726543,141.449726,133.901616,7.552890,-144.855673,5802.901221,605.868651,22053.487017,-538.538184,16517.648361,-172.828684,1.694000,False,False,False,False,True,True,True,1-circle,-1.000000,8194.592548,100.000000,100.000000,0.000000,0.000000,88.153683,-45.151034,2.191647,1,7,4,0.0000,0.0000,0.0000,0.5000,"SmartHighYoYo",-0.000822
108,B0100,L7_mid_low_slow_max,DBFM,29025.726543,141.449726,133.901616,7.552890,-144.855673,5802.901221,605.868651,22053.487017,-538.538184,16517.648361,-172.828684,1.694000,False,False,False,False,True,True,True,1-circle,-1.000000,8194.592548,100.000000,100.000000,0.000000,0.000000,88.153683,-45.151034,2.191647,4,0,4,0.0000,0.0000,0.0000,0.5000,"LeadPursuit",-0.562951
109,A0100,adaptive_eagle_v9,DBFM,29077.699491,139.941130,136.707942,5.477126,-142.489986,5802.028028,603.014762,21899.880595,-768.032110,16379.591515,-143.915254,4.358956,False,False,False,False,True,True,True,1-circle,-1.000000,8181.834897,100.000000,100.000000,0.000000,0.000000,64.512242,-68.775740,3.268749,4,7,3,0.0000,0.0000,0.0000,0.5000,"SmartHighYoYo",0.077801
109,B0100,L7_mid_low_slow_max,DBFM,29077.699491,139.941130,136.707942,5.477126,-142.489986,5802.028028,603.014762,21899.880595,-768.032110,16379.591515,-143.915254,4.358956,False,False,False,False,True,True,True,1-circle,-1.000000,8181.834897,100.000000,100.000000,0.000000,0.000000,64.512242,-68.775740,3.268749,4,0,4,0.0000,0.0000,0.0000,0.5000,"LeadPursuit",-0.506903
110,A0100,adaptive_eagle_v9,DBFM,29117.873044,137.995945,139.545586,7.482472,-140.151291,5804.476625,601.115629,21801.091801,-493.943969,16287.635175,-112.838018,6.970914,False,False,False,False,True,True,True,1-circle,-1.000000,8165.379799,100.000000,100.000000,0.000000,0.000000,57.004669,-76.310321,3.660778,4,7,3,0.0000,0.0000,0.0000,0.5000,"SmartHighYoYo",0.142874
110,B0100,L7_mid_low_slow_max,DBFM,29117.873044,137.995945,139.545586,7.482472,-140.151291,5804.476625,601.115629,21801.091801,-493.943969,16287.635175,-112.838018,6.970914,False,False,False,False,True,True,True,1-circle,-1.000000,8165.379799,100.000000,100.000000,0.000000,0.000000,57.004669,-76.310321,3.660778,4,0,4,0.0000,0.0000,0.0000,0.5000,"LeadPursuit",-0.453100
111,A0100,adaptive_eagle_v9,DBFM,29147.452594,136.295482,142.436507,11.462983,-138.124037,5808.384908,600.213077,21756.999549,-220.461264,16250.135132,-84.546174,4.442506,False,False,False,False,True,True,True,1-circle,-1.000000,8148.135012,100.000000,100.000000,0.000000,0.000000,64.337348,-69.055340,4.193916,1,7,4,0.0000,0.0000,0.0000,0.5000,"SmartHighYoYo",0.173523
111,B0100,L7_mid_low_slow_max,DBFM,29147.452594,136.295482,142.436507,11.462983,-138.124037,5808.384908,600.213077,21756.999549,-220.461264,16250.135132,-84.546174,4.442506,False,False,False,False,True,True,True,1-circle,-1.000000,8148.135012,100.000000,100.000000,0.000000,0.000000,64.337348,-69.055340,4.193916,4,0,4,0.0000,0.0000,0.0000,0.5000,"LeadPursuit",-0.362808
112,A0100,adaptive_eagle_v9,DBFM,29167.271575,134.693451,144.993346,15.771363,-136.115991,5814.539299,599.115275,21704.866613,-260.664676,16169.935955,-58.534311,3.088264,False,False,False,False,True,True,True,1-circle,-1.000000,8130.159831,100.000000,100.000000,0.000000,0.000000,72.396628,-61.121528,4.878766,1,7,4,0.0000,0.0000,0.0000,0.5000,"SmartHighYoYo",0.245357
112,B0100,L7_mid_low_slow_max,DBFM,29167.271575,134.693451,144.993346,15.771363,-136.115991,5814.539299,599.115275,21704.866613,-260.664676,16169.935955,-58.534311,3.088264,False,False,False,False,True,True,True,1-circle,-1.000000,8130.159831,100.000000,100.000000,0.000000,0.000000,72.396628,-61.121528,4.878766,4,0,4,0.0000,0.0000,0.0000,0.5000,"LeadPursuit",-0.332286
113,A0100,adaptive_eagle_v9,DBFM,29177.886533,133.255940,147.411598,20.197174,-134.224530,5823.999546,597.840906,21646.798611,-290.340010,16072.045530,-34.713803,2.240635,False,False,False,False,True,True,True,1-circle,-1.000000,8110.221974,100.000000,100.000000,0.000000,0.000000,80.979004,-52.704377,5.914656,1,7,4,0.0000,0.0000,0.0000,0.5000,"SmartHighYoYo",0.354020
113,B0100,L7_mid_low_slow_max,DBFM,29177.886533,133.255940,147.411598,20.197174,-134.224530,5823.999546,597.840906,21646.798611,-290.340010,16072.045530,-34.713803,2.240635,False,False,False,False,True,True,True,1-circle,-1.000000,8110.221974,100.000000,100.000000,0.000000,0.000000,80.979004,-52.704377,5.914656,4,0,4,0.0000,0.0000,0.0000,0.5000,"LeadPursuit",-0.336533
114,A0100,adaptive_eagle_v9,DBFM,29179.381043,131.761154,149.847442,25.051461,-132.219004,5837.909666,595.729613,21549.148700,-488.249557,15934.253395,-10.482829,2.750803,False,False,False,False,True,True,True,1-circle,-1.000000,8086.986022,100.000000,100.000000,0.000000,0.000000,75.784688,-58.099914,7.054459,1,7,4,0.0000,0.0000,0.0000,0.5000,"SmartHighYoYo",0.476995
114,B0100,L7_mid_low_slow_max,DBFM,29179.381043,131.761154,149.847442,25.051461,-132.219004,5837.909666,595.729613,21549.148700,-488.249557,15934.253395,-10.482829,2.750803,False,False,False,False,True,True,True,1-circle,-1.000000,8086.986022,100.000000,100.000000,0.000000,0.000000,75.784688,-58.099914,7.054459,4,0,4,0.0000,0.0000,0.0000,0.5000,"LeadPursuit",-0.341928
115,A0100,adaptive_eagle_v9,DBFM,29170.929819,130.016520,152.166125,30.035836,-130.108180,5856.194249,593.684231,21459.732334,-447.081828,15801.088316,14.755202,3.112048,False,False,False,False,True,True,True,1-circle,-1.000000,8060.109255,100.000000,100.000000,0.000000,0.000000,73.019920,-61.104983,8.090512,1,7,4,0.0000,0.0000,0.0000,0.5000,"SmartHighYoYo",0.609560
115,B0100,L7_mid_low_slow_max,DBFM,29170.929819,130.016520,152.166125,30.035836,-130.108180,5856.194249,593.684231,21459.732334,-447.081828,15801.088316,14.755202,3.112048,False,False,False,False,True,True,True,1-circle,-1.000000,8060.109255,100.000000,100.000000,0.000000,0.000000,73.019920,-61.104983,8.090512,4,0,4,0.0000,0.0000,0.0000,0.5000,"LeadPursuit",-0.362144
116,A0100,adaptive_eagle_v9,DBFM,29153.652745,128.580031,154.276031,34.806889,-128.337783,5877.842745,592.359999,21411.850065,-239.411349,15707.811421,35.689435,2.271655,False,False,False,False,True,True,True,1-circle,-1.000000,8030.092743,100.000000,100.000000,0.000000,0.000000,81.551136,-52.854439,9.226439,1,7,4,0.0000,0.0000,0.0000,0.5000,"SmartHighYoYo",0.765506
116,B0100,L7_mid_low_slow_max,DBFM,29153.652745,128.580031,154.276031,34.806889,-128.337783,5877.842745,592.359999,21411.850065,-239.411349,15707.811421,35.689435,2.271655,False,False,False,False,True,True,True,1-circle,-1.000000,8030.092743,100.000000,100.000000,0.000000,0.000000,81.551136,-52.854439,9.226439,4,0,4,0.0000,0.0000,0.0000,0.5000,"LeadPursuit",-0.388816
117,A0100,adaptive_eagle_v9,DBFM,29127.991129,127.034503,156.084425,39.904099,-126.393973,5903.794838,590.110567,21320.048297,-459.008835,15555.346498,56.796634,2.804575,False,False,False,False,True,True,True,1-circle,-1.000000,7995.442879,100.000000,100.000000,0.000000,0.000000,76.341175,-58.380196,10.385653,1,7,4,0.0000,0.0000,0.0000,0.5000,"SmartHighYoYo",0.961101
117,B0100,L7_mid_low_slow_max,DBFM,29127.991129,127.034503,156.084425,39.904099,-126.393973,5903.794838,590.110567,21320.048297,-459.008835,15555.346498,56.796634,2.804575,False,False,False,False,True,True,True,1-circle,-1.000000,7995.442879,100.000000,100.000000,0.000000,0.000000,76.341175,-58.380196,10.385653,4,0,4,0.0000,0.0000,0.0000,0.5000,"LeadPursuit",-0.428545
118,A0100,adaptive_eagle_v9,DBFM,29092.822170,124.907995,157.489555,45.377261,-123.990767,5933.925181,587.201683,21198.567816,-607.402409,15358.064501,82.046936,8.389968,False,False,False,False,True,True,True,1-circle,-1.000000,7955.704076,100.000000,100.000000,0.000000,0.000000,56.755297,-78.320087,10.997606,1,7,4,0.0000,0.0000,0.0000,0.5000,"SmartHighYoYo",1.276144
118,B0100,L7_mid_low_slow_max,DBFM,29092.822170,124.907995,157.489555,45.377261,-123.990767,5933.925181,587.201683,21198.567816,-607.402409,15358.064501,82.046936,8.389968,False,False,False,False,True,True,True,1-circle,-1.000000,7955.704076,100.000000,100.000000,0.000000,0.000000,56.755297,-78.320087,10.997606,4,0,4,0.0000,0.0000,0.0000,0.5000,"LeadPursuit",-0.560913
119,A0100,adaptive_eagle_v9,DBFM,29048.204636,122.822661,158.587851,50.896203,-121.800921,5965.521536,585.220421,21127.329908,-356.189538,15239.876569,104.922873,14.769588,False,False,False,False,True,True,True,1-circle,-1.000000,7913.007921,100.000000,100.000000,0.000000,0.000000,52.197510,-83.283026,10.978619,4,7,3,0.0000,0.0000,0.0000,0.5000,"SmartHighYoYo",1.411320
119,B0100,L7_mid_low_slow_max,DBFM,29048.204636,122.822661,158.587851,50.896203,-121.800921,5965.521536,585.220421,21127.329908,-356.189538,15239.876569,104.922873,14.769588,False,False,False,False,True,True,True,1-circle,-1.000000,7913.007921,100.000000,100.000000,0.000000,0.000000,52.197510,-83.283026,10.978619,4,0,4,0.0000,0.0000,0.0000,0.5000,"LeadPursuit",-0.553248
120,A0100,adaptive_eagle_v9,DBFM,28996.044918,121.008656,159.448973,56.369427,-119.881448,5997.434573,584.106323,21101.570088,-128.799099,15186.913374,123.898154,7.148681,False,False,False,False,True,True,True,1-circle,-1.000000,7868.548408,100.000000,100.000000,0.000000,0.000000,59.640764,-76.304787,11.210921,4,7,3,0.0000,0.0000,0.0000,0.5000,"SmartHighYoYo",1.062545
120,B0100,L7_mid_low_slow_max,DBFM,28996.044918,121.008656,159.448973,56.369427,-119.881448,5997.434573,584.106323,21101.570088,-128.799099,15186.913374,123.898154,7.148681,False,False,False,False,True,True,True,1-circle,-1.000000,7868.548408,100.000000,100.000000,0.000000,0.000000,59.640764,-76.304787,11.210921,4,0,4,0.0000,0.0000,0.0000,0.5000,"LeadPursuit",-0.217528
121,A0100,adaptive_eagle_v9,DBFM,28936.876105,119.212176,160.057775,61.790206,-117.914269,6030.506622,582.728645,21063.476655,-190.467167,15109.310474,142.467656,4.478250,False,False,False,False,True,True,True,1-circle,-1.000000,7822.331793,100.000000,100.000000,0.000000,0.000000,67.764926,-68.707259,11.834847,4,7,3,0.0000,0.0000,0.0000,0.5000,"SmartHighYoYo",0.325006
121,B0100,L7_mid_low_slow_max,DBFM,28936.876105,119.212176,160.057775,61.790206,-117.914269,6030.506622,582.728645,21063.476655,-190.467167,15109.310474,142.467656,4.478250,False,False,False,False,True,True,True,1-circle,-1.000000,7822.331793,100.000000,100.000000,0.000000,0.000000,67.764926,-68.707259,11.834847,4,0,4,0.0000,0.0000,0.0000,0.5000,"LeadPursuit",0.355485
122,A0100,adaptive_eagle_v9,DBFM,28871.047791,117.555910,160.449227,67.006987,-116.029369,6065.833256,581.156671,21017.806549,-228.350531,15015.517177,159.437716,3.098119,False,False,False,False,True,True,True,1-circle,-1.000000,7774.301456,100.000000,100.000000,0.000000,0.000000,76.510292,-60.550991,12.646929,4,1,3,0.0000,0.0000,0.0000,0.5000,"SmartHighYoYo",-0.277033
122,B0100,L7_mid_low_slow_max,DBFM,28871.047791,117.555910,160.449227,67.006987,-116.029369,6065.833256,581.156671,21017.806549,-228.350531,15015.517177,159.437716,3.098119,False,False,False,False,True,True,True,1-circle,-1.000000,7774.301456,100.000000,100.000000,0.000000,0.000000,76.510292,-60.550991,12.646929,4,0,4,0.0000,0.0000,0.0000,0.5000,"LeadPursuit",0.841762
123,A0100,adaptive_eagle_v9,DBFM,28798.882235,115.775046,160.636425,72.167458,-113.961868,6104.468386,578.772807,20934.029361,-418.885938,14868.606181,177.707621,3.915412,False,False,False,False,True,True,True,1-circle,-1.000000,7724.423449,100.000000,100.000000,0.000000,0.000000,71.860912,-65.852059,13.502055,4,1,3,0.0000,0.0000,0.0000,0.5000,"SmartHighYoYo",-0.583219
123,B0100,L7_mid_low_slow_max,DBFM,28798.882235,115.775046,160.636425,72.167458,-113.961868,6104.468386,578.772807,20934.029361,-418.885938,14868.606181,177.707621,3.915412,False,False,False,False,True,True,True,1-circle,-1.000000,7724.423449,100.000000,100.000000,0.000000,0.000000,71.860912,-65.852059,13.502055,4,0,4,0.0000,0.0000,0.0000,0.5000,"LeadPursuit",1.163797
124,A0100,adaptive_eagle_v9,DBFM,28719.319778,113.484798,160.773895,77.557541,-111.470541,6146.116321,575.642034,20815.675285,-591.770380,14706.212709,200.733211,20.622960,False,False,False,False,True,True,True,1-circle,-1.000000,7674.119942,100.000000,100.000000,0.000000,0.000000,53.324984,-85.111687,13.801701,4,1,3,0.0000,0.0000,0.0000,0.5000,"SmartHighYoYo",-0.541698
124,B0100,L7_mid_low_slow_max,DBFM,28719.319778,113.484798,160.773895,77.557541,-111.470541,6146.116321,575.642034,20815.675285,-591.770380,14706.212709,200.733211,20.622960,False,False,False,False,True,True,True,1-circle,-1.000000,7674.119942,100.000000,100.000000,0.000000,0.000000,53.324984,-85.111687,13.801701,4,0,4,0.0000,0.0000,0.0000,0.5000,"LeadPursuit",1.236098
125,A0100,adaptive_eagle_v9,DBFM,28633.172128,111.407805,161.151321,81.959860,-109.346968,6188.048435,573.612289,20754.338466,-306.684094,14628.716365,221.633384,101.342913,False,False,False,False,True,True,True,1-circle,-1.000000,7628.261566,100.000000,100.000000,0.000000,0.000000,48.442875,-90.811831,13.617635,1,1,4,0.0000,0.0000,0.0000,0.5000,"SmartHighYoYo",-0.203736
125,B0100,L7_mid_low_slow_max,DBFM,28633.172128,111.407805,161.151321,81.959860,-109.346968,6188.048435,573.612289,20754.338466,-306.684094,14628.716365,221.633384,101.342913,False,False,False,False,True,True,True,1-circle,-1.000000,7628.261566,100.000000,100.000000,0.000000,0.000000,48.442875,-90.811831,13.617635,4,0,4,0.0000,0.0000,0.0000,0.5000,"LeadPursuit",1.034851
126,A0100,adaptive_eagle_v9,DBFM,28542.032618,109.621513,161.847551,84.979258,-107.506691,6229.333340,572.534782,20740.950401,-66.940325,14583.132949,240.881144,17.153407,False,False,False,False,True,True,True,1-circle,-1.000000,7589.009980,100.000000,100.000000,0.000000,0.000000,56.062813,-84.104384,13.488113,1,1,4,0.0000,0.0000,0.0000,0.5000,"SmartHighYoYo",0.089751
126,B0100,L7_mid_low_slow_max,DBFM,28542.032618,109.621513,161.847551,84.979258,-107.506691,6229.333340,572.534782,20740.950401,-66.940325,14583.132949,240.881144,17.153407,False,False,False,False,True,True,True,1-circle,-1.000000,7589.009980,100.000000,100.000000,0.000000,0.000000,56.062813,-84.104384,13.488113,4,0,4,0.0000,0.0000,0.0000,0.5000,"LeadPursuit",0.831573
127,A0100,adaptive_eagle_v9,DBFM,28445.462191,107.786420,162.793848,87.133281,-105.555045,6270.709918,571.131371,20711.271737,-148.393318,14511.754593,261.728326,7.578964,False,False,False,False,True,True,True,1-circle,-1.000000,7555.829376,100.000000,100.000000,0.000000,0.000000,64.341035,-76.821340,13.764007,1,1,4,0.0000,0.0000,0.0000,0.5000,"SmartHighYoYo",0.383383
127,B0100,L7_mid_low_slow_max,DBFM,28445.462191,107.786420,162.793848,87.133281,-105.555045,6270.709918,571.131371,20711.271737,-148.393318,14511.754593,261.728326,7.578964,False,False,False,False,True,True,True,1-circle,-1.000000,7555.829376,100.000000,100.000000,0.000000,0.000000,64.341035,-76.821340,13.764007,4,0,4,0.0000,0.0000,0.0000,0.5000,"LeadPursuit",0.596834
128,A0100,adaptive_eagle_v9,DBFM,28342.605018,106.037477,163.424184,88.838327,-103.624348,6313.151054,569.560008,20674.361063,-184.553372,14402.612110,281.730660,4.648400,False,False,False,False,True,True,True,1-circle,-1.000000,7525.966122,100.000000,100.000000,0.000000,0.000000,73.158449,-69.062911,14.429747,1,1,4,0.0000,0.0000,0.0000,0.5000,"SmartHighYoYo",0.566301
128,B0100,L7_mid_low_slow_max,DBFM,28342.605018,106.037477,163.424184,88.838327,-103.624348,6313.151054,569.560008,20674.361063,-184.553372,14402.612110,281.730660,4.648400,False,False,False,False,True,True,True,1-circle,-1.000000,7525.966122,100.000000,100.000000,0.000000,0.000000,73.158449,-69.062911,14.429747,4,0,4,0.0000,0.0000,0.0000,0.5000,"LeadPursuit",0.473739
129,A0100,adaptive_eagle_v9,DBFM,28232.686465,104.102784,163.786008,90.660148,-101.434254,6357.716572,567.184914,20599.402376,-374.793437,14247.192562,303.306069,6.346653,False,False,False,False,True,True,True,2-circle,-1.000000,7495.831702,100.000000,100.000000,0.000000,0.000000,69.033770,-74.293237,14.918542,1,1,4,0.0000,0.0000,0.0000,0.5000,"SmartHighYoYo",0.740222
129,B0100,L7_mid_low_slow_max,DBFM,28232.686465,104.102784,163.786008,90.660148,-101.434254,6357.716572,567.184914,20599.402376,-374.793437,14247.192562,303.306069,6.346653,False,False,False,False,True,True,True,2-circle,-1.000000,7495.831702,100.000000,100.000000,0.000000,0.000000,69.033770,-74.293237,14.918542,4,0,4,0.0000,0.0000,0.0000,0.5000,"LeadPursuit",0.361403
130,A0100,adaptive_eagle_v9,DBFM,28114.275170,102.087016,164.740812,91.670876,-99.246301,6403.978881,565.077618,20540.035313,-296.835312,14111.349617,326.883048,8.995850,False,False,False,False,True,True,True,2-circle,-1.000000,7464.803025,100.000000,100.000000,0.000000,0.000000,65.727203,-78.744800,15.233480,0,3,4,0.0000,0.0000,0.0000,0.5000,"LeadPursuit",1.014989
130,B0100,L7_mid_low_slow_max,DBFM,28114.275170,102.087016,164.740812,91.670876,-99.246301,6403.978881,565.077618,20540.035313,-296.835312,14111.349617,326.883048,8.995850,False,False,False,False,True,True,True,2-circle,-1.000000,7464.803025,100.000000,100.000000,0.000000,0.000000,65.727203,-78.744800,15.233480,4,0,4,0.0000,0.0000,0.0000,0.5000,"LeadPursuit",0.143643
131,A0100,adaptive_eagle_v9,DBFM,27988.084852,100.386387,165.741468,91.788163,-97.368433,6451.144049,563.712492,20518.982634,-105.263395,14035.391678,346.589226,5.277942,False,False,False,False,True,True,True,2-circle,-1.000000,7432.475680,100.000000,100.000000,0.000000,0.000000,74.408934,-71.232445,15.616563,0,4,4,0.0000,0.0000,0.0000,0.5000,"LeadPursuit",1.255480
131,B0100,L7_mid_low_slow_max,DBFM,27988.084852,100.386387,165.741468,91.788163,-97.368433,6451.144049,563.712492,20518.982634,-105.263395,14035.391678,346.589226,5.277942,False,False,False,False,True,True,True,2-circle,-1.000000,7432.475680,100.000000,100.000000,0.000000,0.000000,74.408934,-71.232445,15.616563,4,0,4,0.0000,0.0000,0.0000,0.5000,"LeadPursuit",0.005150
132,A0100,adaptive_eagle_v9,DBFM,27853.809213,98.402763,165.747322,92.700538,-95.124939,6500.002765,561.367509,20451.043411,-339.696113,13896.708083,367.447347,7.571537,False,False,False,False,True,True,True,2-circle,-1.000000,7395.634532,100.000000,100.000000,0.000000,0.000000,70.186796,-76.629818,16.007890,0,4,4,0.0000,0.0000,0.0000,0.5000,"LeadPursuit",0.929409
132,B0100,L7_mid_low_slow_max,DBFM,27853.809213,98.402763,165.747322,92.700538,-95.124939,6500.002765,561.367509,20451.043411,-339.696113,13896.708083,367.447347,7.571537,False,False,False,False,True,True,True,2-circle,-1.000000,7395.634532,100.000000,100.000000,0.000000,0.000000,70.186796,-76.629818,16.007890,4,0,4,0.0000,0.0000,0.0000,0.5000,"LeadPursuit",0.300529
133,A0100,adaptive_eagle_v9,DBFM,27710.598673,96.332367,165.238220,94.859733,-92.880380,6550.134603,559.277708,20397.497600,-267.729058,13722.901138,389.144473,11.693888,False,False,False,False,True,True,True,2-circle,-1.000000,7354.070195,100.000000,100.000000,0.000000,0.000000,66.783377,-81.225116,16.230134,0,4,4,0.0000,0.0000,0.0000,0.5000,"LeadPursuit",0.335550
133,B0100,L7_mid_low_slow_max,DBFM,27710.598673,96.332367,165.238220,94.859733,-92.880380,6550.134603,559.277708,20397.497600,-267.729058,13722.901138,389.144473,11.693888,False,False,False,False,True,True,True,2-circle,-1.000000,7354.070195,100.000000,100.000000,0.000000,0.000000,66.783377,-81.225116,16.230134,4,0,4,0.0000,0.0000,0.0000,0.5000,"LeadPursuit",0.788874
134,A0100,adaptive_eagle_v9,DBFM,27560.035065,94.590651,165.317959,97.256069,-90.960769,6600.789071,557.913284,20380.669907,-84.138462,13539.118039,409.666720,6.272040,False,False,False,False,True,True,True,2-circle,-1.000000,7311.963483,100.000000,100.000000,0.000000,0.000000,75.333550,-73.917670,16.695800,0,4,4,0.0000,0.0000,0.0000,0.5000,"LeadPursuit",0.329158
134,B0100,L7_mid_low_slow_max,DBFM,27560.035065,94.590651,165.317959,97.256069,-90.960769,6600.789071,557.913284,20380.669907,-84.138462,13539.118039,409.666720,6.272040,False,False,False,False,True,True,True,2-circle,-1.000000,7311.963483,100.000000,100.000000,0.000000,0.000000,75.333550,-73.917670,16.695800,4,0,4,0.0000,0.0000,0.0000,0.5000,"LeadPursuit",0.803259
135,A0100,adaptive_eagle_v9,DBFM,27402.241909,92.574289,165.254177,99.991538,-88.669433,6652.802562,555.550054,20316.191981,-322.389633,13293.260020,432.968575,9.480135,False,False,False,False,True,True,True,2-circle,-1.000000,7270.777704,100.000000,100.000000,0.000000,0.000000,71.391821,-79.164318,16.971391,0,4,4,0.0000,0.0000,0.0000,0.5000,"LeadPursuit",0.857330
135,B0100,L7_mid_low_slow_max,DBFM,27402.241909,92.574289,165.254177,99.991538,-88.669433,6652.802562,555.550054,20316.191981,-322.389633,13293.260020,432.968575,9.480135,False,False,False,False,True,True,True,2-circle,-1.000000,7270.777704,100.000000,100.000000,0.000000,0.000000,71.391821,-79.164318,16.971391,4,0,4,0.0000,0.0000,0.0000,0.5000,"LeadPursuit",0.362318
136,A0100,adaptive_eagle_v9,DBFM,27235.500542,90.479815,164.666173,102.291699,-86.396673,6705.690082,553.468985,20266.906195,-246.428930,13035.563544,456.437437,17.716991,False,False,False,False,True,True,True,2-circle,-1.000000,7228.378044,100.000000,100.000000,0.000000,0.000000,67.773707,-84.134792,17.044848,0,4,4,0.0000,0.0000,0.0000,0.5000,"LeadPursuit",1.213075
136,B0100,L7_mid_low_slow_max,DBFM,27235.500542,90.479815,164.666173,102.291699,-86.396673,6705.690082,553.468985,20266.906195,-246.428930,13035.563544,456.437437,17.716991,False,False,False,False,True,True,True,2-circle,-1.000000,7228.378044,100.000000,100.000000,0.000000,0.000000,67.773707,-84.134792,17.044848,4,0,4,0.0000,0.0000,0.0000,0.5000,"LeadPursuit",0.113127
137,A0100,adaptive_eagle_v9,DBFM,27060.679079,88.716063,163.899593,103.897160,-84.455124,6758.731189,552.126483,20254.238524,-63.338354,12850.524884,475.062250,7.912356,False,False,True,False,True,True,True,2-circle,-1.000000,7182.204629,100.000000,100.000000,0.000000,0.000000,76.262999,-77.024708,17.351814,0,4,4,0.0000,0.0000,0.0000,0.5000,"LeadPursuit",1.432803
137,B0100,L7_mid_low_slow_max,DBFM,27060.679079,88.716063,163.899593,103.897160,-84.455124,6758.731189,552.126483,20254.238524,-63.338354,12850.524884,475.062250,7.912356,False,False,True,False,True,True,True,2-circle,-1.000000,7182.204629,100.000000,100.000000,0.000000,0.000000,76.262999,-77.024708,17.351814,4,0,4,0.0000,0.0000,0.0000,0.5000,"LeadPursuit",-0.039913
138,A0100,adaptive_eagle_v9,DBFM,26877.744497,86.640956,163.226490,105.339087,-82.101759,6812.694487,549.774715,20193.479160,-303.796820,12641.927663,496.077875,13.633428,False,False,True,False,True,True,True,2-circle,-1.000000,7130.858729,100.000000,100.000000,0.000000,0.000000,72.320176,-82.357109,17.514219,0,4,4,0.0000,0.0000,0.0000,0.5000,"LeadPursuit",1.600612
138,B0100,L7_mid_low_slow_max,DBFM,26877.744497,86.640956,163.226490,105.339087,-82.101759,6812.694487,549.774715,20193.479160,-303.796820,12641.927663,496.077875,13.633428,False,False,True,False,True,True,True,2-circle,-1.000000,7130.858729,100.000000,100.000000,0.000000,0.000000,72.320176,-82.357109,17.514219,4,0,4,0.0000,0.0000,0.0000,0.5000,"LeadPursuit",-0.087077
139,A0100,adaptive_eagle_v9,DBFM,26685.795425,84.489808,162.829366,106.233060,-79.786732,6867.013602,547.731546,20148.527091,-224.760343,12469.918458,517.805185,50.502244,False,False,True,False,True,True,True,2-circle,-1.000000,7075.015341,100.000000,100.000000,0.000000,0.000000,68.144045,-87.919212,17.601321,0,4,4,0.0000,0.0000,0.0000,0.5000,"LeadPursuit",1.448727
139,B0100,L7_mid_low_slow_max,DBFM,26685.795425,84.489808,162.829366,106.233060,-79.786732,6867.013602,547.731546,20148.527091,-224.760343,12469.918458,517.805185,50.502244,False,False,True,False,True,True,True,2-circle,-1.000000,7075.015341,100.000000,100.000000,0.000000,0.000000,68.144045,-87.919212,17.601321,4,0,4,0.0000,0.0000,0.0000,0.5000,"LeadPursuit",0.108847
140,A0100,adaptive_eagle_v9,DBFM,26486.302071,82.665830,162.721772,106.776738,-77.795667,6921.074710,546.443343,20140.188366,-41.693626,12331.929179,536.888145,11.669399,False,False,True,False,True,True,True,2-circle,-1.000000,7016.722169,100.000000,100.000000,0.000000,0.000000,76.397483,-81.049786,17.698226,0,4,4,0.0000,0.0000,0.0000,0.5000,"LeadPursuit",1.158398
140,B0100,L7_mid_low_slow_max,DBFM,26486.302071,82.665830,162.721772,106.776738,-77.795667,6921.074710,546.443343,20140.188366,-41.693626,12331.929179,536.888145,11.669399,False,False,True,False,True,True,True,2-circle,-1.000000,7016.722169,100.000000,100.000000,0.000000,0.000000,76.397483,-81.049786,17.698226,4,0,4,0.0000,0.0000,0.0000,0.5000,"LeadPursuit",0.358054
141,A0100,adaptive_eagle_v9,DBFM,26279.436296,80.865777,162.247784,108.685941,-75.725740,6975.601330,544.856250,20118.039209,-110.745786,12069.305798,556.960607,6.281880,False,False,True,False,True,True,True,2-circle,-1.000000,6956.396869,100.000000,100.000000,0.000000,0.000000,85.181109,-73.659091,18.206591,0,4,4,0.0000,0.0000,0.0000,0.5000,"LeadPursuit",1.230570
141,B0100,L7_mid_low_slow_max,DBFM,26279.436296,80.865777,162.247784,108.685941,-75.725740,6975.601330,544.856250,20118.039209,-110.745786,12069.305798,556.960607,6.281880,False,False,True,False,True,True,True,2-circle,-1.000000,6956.396869,100.000000,100.000000,0.000000,0.000000,85.181109,-73.659091,18.206591,4,0,4,0.0000,0.0000,0.0000,0.5000,"LeadPursuit",0.315595
142,A0100,adaptive_eagle_v9,DBFM,26064.551112,78.853667,161.068694,111.944239,-73.318072,7031.556573,542.392476,20055.406154,-313.165275,11696.771433,578.122212,8.913217,False,False,True,False,True,True,True,2-circle,-1.000000,6892.327227,100.000000,100.000000,0.000000,0.000000,81.975559,-78.282612,18.502841,0,4,4,0.0000,0.0000,0.0000,0.5000,"LeadPursuit",1.482782
142,B0100,L7_mid_low_slow_max,DBFM,26064.551112,78.853667,161.068694,111.944239,-73.318072,7031.556573,542.392476,20055.406154,-313.165275,11696.771433,578.122212,8.913217,False,False,True,False,True,True,True,2-circle,-1.000000,6892.327227,100.000000,100.000000,0.000000,0.000000,81.975559,-78.282612,18.502841,4,0,4,0.0000,0.0000,0.0000,0.5000,"LeadPursuit",0.175946
143,A0100,adaptive_eagle_v9,DBFM,25840.880894,76.748535,159.542556,115.301916,-70.937832,7088.502196,540.224278,20008.434954,-234.856000,11351.842672,598.333211,15.943392,False,False,True,False,True,True,True,2-circle,-1.000000,6823.600278,100.000000,100.000000,0.000000,0.000000,78.338512,-83.365109,18.648235,0,4,4,0.0000,0.0000,0.0000,0.5000,"LeadPursuit",1.973607
143,B0100,L7_mid_low_slow_max,DBFM,25840.880894,76.748535,159.542556,115.301916,-70.937832,7088.502196,540.224278,20008.434954,-234.856000,11351.842672,598.333211,15.943392,False,False,True,False,True,True,True,2-circle,-1.000000,6823.600278,100.000000,100.000000,0.000000,0.000000,78.338512,-83.365109,18.648235,4,0,4,0.0000,0.0000,0.0000,0.5000,"LeadPursuit",-0.119395
144,A0100,adaptive_eagle_v9,DBFM,25609.865052,74.999926,157.953389,117.834150,-68.923746,7145.727169,538.849277,19999.974951,-42.300016,11032.764069,614.553747,7.639711,False,False,True,False,True,True,True,2-circle,-1.000000,6750.006703,100.000000,100.000000,0.000000,0.000000,86.843388,-76.332049,19.010536,0,4,4,0.0000,0.0000,0.0000,0.5000,"LeadPursuit",2.012421
144,B0100,L7_mid_low_slow_max,DBFM,25609.865052,74.999926,157.953389,117.834150,-68.923746,7145.727169,538.849277,19999.974951,-42.300016,11032.764069,614.553747,7.639711,False,False,True,False,True,True,True,2-circle,-1.000000,6750.006703,100.000000,100.000000,0.000000,0.000000,86.843388,-76.332049,19.010536,4,0,4,0.0000,0.0000,0.0000,0.5000,"LeadPursuit",-0.127743
145,A0100,adaptive_eagle_v9,DBFM,25371.446158,72.971120,156.852507,120.233900,-66.481271,7203.972078,536.448865,19943.951293,-280.118289,10669.864510,633.860069,11.965594,False,False,True,False,True,True,True,2-circle,-1.000000,6670.820839,100.000000,100.000000,0.000000,0.000000,83.510823,-81.143061,19.221962,0,4,4,0.0000,0.0000,0.0000,0.5000,"LeadPursuit",1.808307
145,B0100,L7_mid_low_slow_max,DBFM,25371.446158,72.971120,156.852507,120.233900,-66.481271,7203.972078,536.448865,19943.951293,-280.118289,10669.864510,633.860069,11.965594,False,False,True,False,True,True,True,2-circle,-1.000000,6670.820839,100.000000,100.000000,0.000000,0.000000,83.510823,-81.143061,19.221962,4,0,4,0.0000,0.0000,0.0000,0.5000,"LeadPursuit",0.046208
146,A0100,adaptive_eagle_v9,DBFM,25124.997718,70.836524,156.019165,122.652007,-64.069670,7262.767312,534.323825,19902.012427,-209.694331,10398.002851,653.014272,31.303817,False,False,True,False,True,True,True,2-circle,-1.000000,6587.890454,100.000000,100.000000,0.000000,0.000000,79.552734,-86.580690,19.209082,0,4,4,0.0000,0.0000,0.0000,0.5000,"LeadPursuit",1.959053
146,B0100,L7_mid_low_slow_max,DBFM,25124.997718,70.836524,156.019165,122.652007,-64.069670,7262.767312,534.323825,19902.012427,-209.694331,10398.002851,653.014272,31.303817,False,False,True,False,True,True,True,2-circle,-1.000000,6587.890454,100.000000,100.000000,0.000000,0.000000,79.552734,-86.580690,19.209082,4,0,4,0.0000,0.0000,0.0000,0.5000,"LeadPursuit",-0.028767
147,A0100,adaptive_eagle_v9,DBFM,24872.365319,69.044930,155.045806,124.850620,-62.014104,7321.443439,532.991454,19897.733601,-21.394130,10244.818891,666.591505,10.377000,False,False,True,False,True,True,True,2-circle,-1.000000,6502.198834,100.000000,100.000000,0.000000,0.000000,87.858022,-79.765596,19.387349,0,4,4,0.0000,0.0000,0.0000,0.5000,"LeadPursuit",2.437475
147,B0100,L7_mid_low_slow_max,DBFM,24872.365319,69.044930,155.045806,124.850620,-62.014104,7321.443439,532.991454,19897.733601,-21.394130,10244.818891,666.591505,10.377000,False,False,True,False,True,True,True,2-circle,-1.000000,6502.198834,100.000000,100.000000,0.000000,0.000000,87.858022,-79.765596,19.387349,4,0,4,0.0000,0.0000,0.0000,0.5000,"LeadPursuit",-0.360156
148,A0100,adaptive_eagle_v9,DBFM,24614.226831,66.954387,153.471973,127.641770,-59.499432,7380.678769,530.622858,19845.440087,-261.467566,10036.317671,679.690255,19.862230,False,False,True,False,True,True,True,2-circle,-1.000000,6412.139295,100.000000,100.000000,0.000000,0.000000,84.523469,-84.592173,19.412529,0,4,4,0.0000,0.0000,0.0000,0.5000,"LeadPursuit",3.318398
148,B0100,L7_mid_low_slow_max,DBFM,24614.226831,66.954387,153.471973,127.641770,-59.499432,7380.678769,530.622858,19845.440087,-261.467566,10036.317671,679.690255,19.862230,False,False,True,False,True,True,True,2-circle,-1.000000,6412.139295,100.000000,100.000000,0.000000,0.000000,84.523469,-84.592173,19.412529,4,0,4,0.0000,0.0000,0.0000,0.5000,"LeadPursuit",-0.945913
149,A0100,adaptive_eagle_v9,DBFM,24350.039662,64.756622,151.173166,130.087204,-57.045979,7439.898881,528.549687,19807.449551,-189.952683,9777.130924,691.247350,108.050523,False,False,True,False,True,True,True,2-circle,-1.000000,6315.806443,100.000000,100.000000,0.000000,0.000000,79.987362,-90.606927,19.391621,0,4,4,0.0000,0.0000,0.0000,0.5000,"LeadPursuit",2.721199
149,B0100,L7_mid_low_slow_max,DBFM,24350.039662,64.756622,151.173166,130.087204,-57.045979,7439.898881,528.549687,19807.449551,-189.952683,9777.130924,691.247350,108.050523,False,False,True,False,True,True,True,2-circle,-1.000000,6315.806443,100.000000,100.000000,0.000000,0.000000,79.987362,-90.606927,19.391621,4,0,4,0.0000,0.0000,0.0000,0.5000,"LeadPursuit",-0.568695
150,A0100,adaptive_eagle_v9,DBFM,24080.772340,62.895715,149.410119,131.521657,-54.941242,7498.557400,527.274521,19806.504753,-4.723990,9531.541244,701.783937,17.903313,False,False,True,False,True,True,True,2-circle,-1.000000,6212.934321,100.000000,100.000000,0.000000,0.000000,88.074460,-83.976706,19.349552,0,4,4,0.0000,0.0000,0.0000,0.5000,"LeadPursuit",0.346454
150,B0100,L7_mid_low_slow_max,DBFM,24080.772340,62.895715,149.410119,131.521657,-54.941242,7498.557400,527.274521,19806.504753,-4.723990,9531.541244,701.783937,17.903313,False,False,True,False,True,True,True,2-circle,-1.000000,6212.934321,100.000000,100.000000,0.000000,0.000000,88.074460,-83.976706,19.349552,4,0,4,0.0000,0.0000,0.0000,0.5000,"LeadPursuit",1.049115
151,A0100,adaptive_eagle_v9,DBFM,23806.725673,61.081038,148.038344,133.213315,-52.727757,7557.311668,525.699205,19791.825015,-73.398688,9333.515557,711.504680,8.043974,False,False,True,False,True,True,True,2-circle,-1.000000,6104.982875,100.000000,100.000000,0.000000,0.000000,96.727161,-76.756283,19.742665,0,4,4,0.0000,0.0000,0.0000,0.5000,"LeadPursuit",-1.582597
151,B0100,L7_mid_low_slow_max,DBFM,23806.725673,61.081038,148.038344,133.213315,-52.727757,7557.311668,525.699205,19791.825015,-73.398688,9333.515557,711.504680,8.043974,False,False,True,False,True,True,True,2-circle,-1.000000,6104.982875,100.000000,100.000000,0.000000,0.000000,96.727161,-76.756283,19.742665,4,0,4,0.0000,0.0000,0.0000,0.5000,"LeadPursuit",2.323974
152,A0100,adaptive_eagle_v9,HABFM,23528.478838,59.084219,146.531942,135.485359,-50.129372,7617.053893,523.236958,19737.228688,-272.981637,9114.371364,720.450686,11.753502,False,False,True,False,True,True,True,2-circle,-1.000000,5991.377408,100.000000,100.000000,0.000000,0.000000,94.072544,-80.815531,19.962052,0,4,4,0.0000,0.0000,0.0000,0.5000,"LeadPursuit",-1.976254
152,B0100,L7_mid_low_slow_max,HABFM,23528.478838,59.084219,146.531942,135.485359,-50.129372,7617.053893,523.236958,19737.228688,-272.981637,9114.371364,720.450686,11.753502,False,False,True,False,True,True,True,2-circle,-1.000000,5991.377408,100.000000,100.000000,0.000000,0.000000,94.072544,-80.815531,19.962052,0,4,2,0.0000,0.0000,0.0000,0.5000,"DescendTo",2.547585
153,A0100,adaptive_eagle_v9,HABFM,23245.639385,56.732218,145.073241,137.868006,-47.449121,7677.151883,520.227631,19658.312473,-394.581077,8895.923629,730.883981,109.400208,False,False,True,False,True,True,True,2-circle,-1.000000,5872.853177,100.000000,100.000000,0.000000,0.000000,73.501797,-102.756843,19.572576,0,4,4,0.0000,0.0000,0.0000,0.5000,"LeadPursuit",-1.339150
153,B0100,L7_mid_low_slow_max,HABFM,23245.639385,56.732218,145.073241,137.868006,-47.449121,7677.151883,520.227631,19658.312473,-394.581077,8895.923629,730.883981,109.400208,False,False,True,False,True,True,True,2-circle,-1.000000,5872.853177,100.000000,100.000000,0.000000,0.000000,73.501797,-102.756843,19.572576,0,4,2,0.0000,0.0000,0.0000,0.5000,"DescendTo",2.160433
154,A0100,adaptive_eagle_v9,HABFM,22961.285427,56.203312,143.634833,138.061012,-47.126298,7735.563870,517.582611,19595.201327,-315.555727,8713.537704,725.434031,109.860958,False,False,True,False,True,True,True,2-circle,-1.000000,5751.723569,100.000000,100.000000,0.000000,0.000000,63.450490,-114.179343,20.394834,0,4,4,0.0000,0.0000,0.0000,0.5000,"LeadPursuit",-0.780363
154,B0100,L7_mid_low_slow_max,HABFM,22961.285427,56.203312,143.634833,138.061012,-47.126298,7735.563870,517.582611,19595.201327,-315.555727,8713.537704,725.434031,109.860958,False,False,True,False,True,True,True,2-circle,-1.000000,5751.723569,100.000000,100.000000,0.000000,0.000000,63.450490,-114.179343,20.394834,0,4,2,0.0000,0.0000,0.0000,0.5000,"DescendTo",1.812641
155,A0100,adaptive_eagle_v9,HABFM,22681.069505,57.428315,142.185790,136.859760,-48.559033,7793.608533,515.860132,19574.441241,-103.800432,8591.556395,705.424323,110.136015,False,False,True,False,True,True,True,2-circle,-1.000000,5626.805077,100.000000,100.000000,0.000000,0.000000,70.672588,-108.379045,21.168296,0,4,4,0.0000,0.0000,0.0000,0.5000,"LeadPursuit",-0.276688
155,B0100,L7_mid_low_slow_max,HABFM,22681.069505,57.428315,142.185790,136.859760,-48.559033,7793.608533,515.860132,19574.441241,-103.800432,8591.556395,705.424323,110.136015,False,False,True,False,True,True,True,2-circle,-1.000000,5626.805077,100.000000,100.000000,0.000000,0.000000,70.672588,-108.379045,21.168296,0,4,2,0.0000,0.0000,0.0000,0.5000,"DescendTo",1.483069
156,A0100,adaptive_eagle_v9,HABFM,22408.337392,59.343877,140.874047,134.965171,-50.862016,7852.500721,515.273036,19606.533336,160.460476,8535.764143,680.473997,110.176501,False,False,True,False,True,True,True,2-circle,-1.000000,5497.071175,100.000000,100.000000,0.000000,0.000000,90.450349,-90.110521,21.237922,0,4,4,0.0000,0.0000,0.0000,0.5000,"LeadPursuit",0.194900
156,B0100,L7_mid_low_slow_max,HABFM,22408.337392,59.343877,140.874047,134.965171,-50.862016,7852.500721,515.273036,19606.533336,160.460476,8535.764143,680.473997,110.176501,False,False,True,False,True,True,True,2-circle,-1.000000,5497.071175,100.000000,100.000000,0.000000,0.000000,90.450349,-90.110521,21.237922,0,4,2,0.0000,0.0000,0.0000,0.5000,"DescendTo",1.125538
157,A0100,adaptive_eagle_v9,DBFM,22143.325537,60.961569,139.959925,132.959139,-53.125709,7910.997602,514.868108,19646.563637,200.151503,8439.460913,660.797803,4.911869,False,False,True,False,True,True,True,2-circle,-1.000000,5364.535469,100.000000,100.000000,0.000000,0.000000,113.560946,-68.617623,20.293078,0,4,4,0.0000,0.0000,0.0000,0.5000,"LeadPursuit",0.076556
157,B0100,L7_mid_low_slow_max,DBFM,22143.325537,60.961569,139.959925,132.959139,-53.125709,7910.997602,514.868108,19646.563637,200.151503,8439.460913,660.797803,4.911869,False,False,True,False,True,True,True,2-circle,-1.000000,5364.535469,100.000000,100.000000,0.000000,0.000000,113.560946,-68.617623,20.293078,4,0,4,0.0000,0.0000,0.0000,0.5000,"LeadPursuit",1.170338
158,A0100,adaptive_eagle_v9,DBFM,21884.632411,62.082973,138.966116,131.347835,-54.954591,7967.370460,513.899348,19658.815481,61.259223,8245.157314,645.556164,3.162071,False,False,True,False,True,True,True,2-circle,-1.000000,5231.425921,100.000000,100.000000,0.000000,0.000000,125.246761,-58.663261,18.326191,0,4,4,0.0000,0.0000,0.0000,0.5000,"LeadPursuit",0.125488
158,B0100,L7_mid_low_slow_max,DBFM,21884.632411,62.082973,138.966116,131.347835,-54.954591,7967.370460,513.899348,19658.815481,61.259223,8245.157314,645.556164,3.162071,False,False,True,False,True,True,True,2-circle,-1.000000,5231.425921,100.000000,100.000000,0.000000,0.000000,125.246761,-58.663261,18.326191,4,0,4,0.0000,0.0000,0.0000,0.5000,"LeadPursuit",1.072188
159,A0100,adaptive_eagle_v9,DBFM,21631.185789,62.815484,138.129308,130.247500,-56.197772,8021.217934,513.591958,19698.680611,199.325650,8069.094073,635.027675,5.265213,False,False,True,False,True,True,True,2-circle,-1.000000,5097.512209,100.000000,100.000000,0.000000,0.000000,115.839652,-69.915611,17.074097,0,4,4,0.0000,0.0000,0.0000,0.5000,"LeadPursuit",0.104478
159,B0100,L7_mid_low_slow_max,DBFM,21631.185789,62.815484,138.129308,130.247500,-56.197772,8021.217934,513.591958,19698.680611,199.325650,8069.094073,635.027675,5.265213,False,False,True,False,True,True,True,2-circle,-1.000000,5097.512209,100.000000,100.000000,0.000000,0.000000,115.839652,-69.915611,17.074097,4,0,4,0.0000,0.0000,0.0000,0.5000,"LeadPursuit",0.937062
160,A0100,adaptive_eagle_v9,DBFM,21379.504579,62.328041,137.762214,130.842724,-55.755634,8074.135927,513.794500,19760.810730,310.650595,7929.534291,637.989767,18.259179,False,False,True,False,True,True,True,2-circle,-1.000000,4962.695793,100.000000,100.000000,0.000000,0.000000,103.698278,-83.987435,18.362179,0,4,4,0.0000,0.0000,0.0000,0.5000,"LeadPursuit",-0.358365
160,B0100,L7_mid_low_slow_max,DBFM,21379.504579,62.328041,137.762214,130.842724,-55.755634,8074.135927,513.794500,19760.810730,310.650595,7929.534291,637.989767,18.259179,False,False,True,False,True,True,True,2-circle,-1.000000,4962.695793,100.000000,100.000000,0.000000,0.000000,103.698278,-83.987435,18.362179,4,0,4,0.0000,0.0000,0.0000,0.5000,"LeadPursuit",1.200251
161,A0100,adaptive_eagle_v9,DBFM,21125.089226,60.743564,137.151372,132.746995,-53.983391,8127.187438,513.345760,19793.457256,163.232629,7666.963292,650.069801,9.311409,False,False,True,False,True,True,True,2-circle,-1.000000,4825.772253,100.000000,100.000000,0.000000,0.000000,111.344368,-78.328231,18.590318,0,4,4,0.0000,0.0000,0.0000,0.5000,"LeadPursuit",-0.473968
161,B0100,L7_mid_low_slow_max,DBFM,21125.089226,60.743564,137.151372,132.746995,-53.983391,8127.187438,513.345760,19793.457256,163.232629,7666.963292,650.069801,9.311409,False,False,True,False,True,True,True,2-circle,-1.000000,4825.772253,100.000000,100.000000,0.000000,0.000000,111.344368,-78.328231,18.590318,4,0,4,0.0000,0.0000,0.0000,0.5000,"LeadPursuit",1.255510
162,A0100,adaptive_eagle_v9,HABFM,20866.032609,58.908256,136.531815,135.144314,-51.734372,8181.075853,511.721023,19773.615140,-99.210578,7287.846412,664.076904,5.723962,False,False,True,False,True,True,True,2-circle,-1.000000,4685.247234,100.000000,100.000000,0.000000,0.000000,120.312000,-71.383932,19.277466,0,4,4,0.0000,0.0000,0.0000,0.5000,"LeadPursuit",-0.167415
162,B0100,L7_mid_low_slow_max,HABFM,20866.032609,58.908256,136.531815,135.144314,-51.734372,8181.075853,511.721023,19773.615140,-99.210578,7287.846412,664.076904,5.723962,False,False,True,False,True,True,True,2-circle,-1.000000,4685.247234,100.000000,100.000000,0.000000,0.000000,120.312000,-71.383932,19.277466,0,4,2,0.0000,0.0000,0.0000,0.5000,"DescendTo",0.968175
163,A0100,adaptive_eagle_v9,HABFM,20601.605823,57.078989,136.548518,137.775919,-49.359096,8236.783644,509.341791,19721.775186,-259.199774,6884.295912,680.766375,6.828228,False,False,True,False,True,True,True,2-circle,-1.000000,4540.853150,100.000000,100.000000,0.000000,0.000000,119.568006,-74.174652,19.300611,0,4,4,0.0000,0.0000,0.0000,0.5000,"LeadPursuit",0.411654
163,B0100,L7_mid_low_slow_max,HABFM,20601.605823,57.078989,136.548518,137.775919,-49.359096,8236.783644,509.341791,19721.775186,-259.199774,6884.295912,680.766375,6.828228,False,False,True,False,True,True,True,2-circle,-1.000000,4540.853150,100.000000,100.000000,0.000000,0.000000,119.568006,-74.174652,19.300611,0,4,2,0.0000,0.0000,0.0000,0.5000,"DescendTo",0.559855
164,A0100,adaptive_eagle_v9,HABFM,20332.633028,56.231720,137.018399,138.815549,-48.515174,8293.270523,506.698572,19659.369130,-312.030280,6498.849551,691.185174,10.241134,False,False,True,False,True,True,True,2-circle,-1.000000,4395.579757,100.000000,100.000000,0.000000,0.000000,116.567100,-79.252785,18.249959,0,4,4,0.0000,0.0000,0.0000,0.5000,"LeadPursuit",0.570213
164,B0100,L7_mid_low_slow_max,HABFM,20332.633028,56.231720,137.018399,138.815549,-48.515174,8293.270523,506.698572,19659.369130,-312.030280,6498.849551,691.185174,10.241134,False,False,True,False,True,True,True,2-circle,-1.000000,4395.579757,100.000000,100.000000,0.000000,0.000000,116.567100,-79.252785,18.249959,0,4,2,0.0000,0.0000,0.0000,0.5000,"DescendTo",0.531507
165,A0100,adaptive_eagle_v9,HABFM,20063.200465,56.734084,137.058709,138.112638,-49.481889,8348.798124,505.234863,19649.324646,-50.222417,6136.350306,689.220150,5.505958,False,False,True,False,True,True,True,2-circle,-1.000000,4251.104230,100.000000,100.000000,0.000000,0.000000,127.458389,-70.517205,17.449204,0,3,4,0.0000,0.0000,0.0000,0.5000,"LeadPursuit",0.800254
165,B0100,L7_mid_low_slow_max,HABFM,20063.200465,56.734084,137.058709,138.112638,-49.481889,8348.798124,505.234863,19649.324646,-50.222417,6136.350306,689.220150,5.505958,False,False,True,False,True,True,True,2-circle,-1.000000,4251.104230,100.000000,100.000000,0.000000,0.000000,127.458389,-70.517205,17.449204,0,4,2,0.0000,0.0000,0.0000,0.5000,"DescendTo",0.369562
166,A0100,adaptive_eagle_v9,HABFM,19796.746620,57.840730,137.145215,136.279197,-51.437208,8402.039122,505.014457,19692.708248,216.918007,5842.729400,683.202600,2.161224,False,False,True,False,True,True,True,2-circle,-1.000000,4107.580181,100.000000,100.000000,0.000000,0.000000,152.279229,-47.978840,16.000464,0,3,4,0.0000,0.0000,0.0000,0.5000,"LeadPursuit",1.099549
166,B0100,L7_mid_low_slow_max,HABFM,19796.746620,57.840730,137.145215,136.279197,-51.437208,8402.039122,505.014457,19692.708248,216.918007,5842.729400,683.202600,2.161224,False,False,True,False,True,True,True,2-circle,-1.000000,4107.580181,100.000000,100.000000,0.000000,0.000000,152.279229,-47.978840,16.000464,0,4,2,0.0000,0.0000,0.0000,0.5000,"DescendTo",0.019674
167,A0100,adaptive_eagle_v9,HABFM,19532.920310,58.499055,137.950099,134.380401,-53.038857,8451.038890,505.045258,19743.085287,251.885197,5616.638352,684.588287,0.800464,False,False,True,False,True,True,True,2-circle,-1.000000,3968.528514,100.000000,100.000000,0.000000,0.000000,-179.705357,-22.358112,13.706223,0,3,4,0.0000,0.0000,0.0000,0.5000,"LeadPursuit",1.570817
167,B0100,L7_mid_low_slow_max,HABFM,19532.920310,58.499055,137.950099,134.380401,-53.038857,8451.038890,505.045258,19743.085287,251.885197,5616.638352,684.588287,0.800464,False,False,True,False,True,True,True,2-circle,-1.000000,3968.528514,100.000000,100.000000,0.000000,0.000000,-179.705357,-22.358112,13.706223,0,4,2,0.0000,0.0000,0.0000,0.5000,"DescendTo",-0.495552
168,A0100,adaptive_eagle_v9,HABFM,19269.293535,58.729577,139.707542,132.592054,-54.033697,8494.927428,504.357018,19756.218789,65.667509,5369.298733,694.622092,0.538270,False,False,True,False,True,True,True,2-circle,-1.000000,3837.034526,100.000000,100.000000,0.000000,0.000000,-170.349031,-15.449548,10.794768,0,4,4,0.0000,0.0000,0.0000,0.5000,"LeadPursuit",1.524698
168,B0100,L7_mid_low_slow_max,HABFM,19269.293535,58.729577,139.707542,132.592054,-54.033697,8494.927428,504.357018,19756.218789,65.667509,5369.298733,694.622092,0.538270,False,False,True,False,True,True,True,2-circle,-1.000000,3837.034526,100.000000,100.000000,0.000000,0.000000,-170.349031,-15.449548,10.794768,0,4,2,0.0000,0.0000,0.0000,0.5000,"DescendTo",-0.469284
169,A0100,adaptive_eagle_v9,HABFM,19004.761899,59.071655,141.223290,130.705455,-55.036299,8534.251052,502.449697,19710.530054,-228.443676,5051.241500,701.534802,0.736438,False,False,True,False,True,True,True,2-circle,-1.000000,3713.879613,100.000000,100.000000,0.000000,0.000000,-173.112290,-20.653136,8.272946,0,4,4,0.0000,0.0000,0.0000,0.5000,"LeadPursuit",0.689501
169,B0100,L7_mid_low_slow_max,HABFM,19004.761899,59.071655,141.223290,130.705455,-55.036299,8534.251052,502.449697,19710.530054,-228.443676,5051.241500,701.534802,0.736438,False,False,True,False,True,True,True,2-circle,-1.000000,3713.879613,100.000000,100.000000,0.000000,0.000000,-173.112290,-20.653136,8.272946,0,4,2,0.0000,0.0000,0.0000,0.5000,"DescendTo",0.219498
170,A0100,adaptive_eagle_v9,HABFM,18740.863669,59.547266,141.534252,129.256133,-56.182283,8568.654543,500.341840,19651.357676,-295.861888,4629.871257,701.713335,0.918748,False,False,True,False,True,True,True,2-circle,-1.000000,3597.048704,100.000000,100.000000,0.000000,0.000000,-175.120553,-25.105275,6.108682,0,4,4,0.0000,0.0000,0.0000,0.5000,"LeadPursuit",0.585461
170,B0100,L7_mid_low_slow_max,HABFM,18740.863669,59.547266,141.534252,129.256133,-56.182283,8568.654543,500.341840,19651.357676,-295.861888,4629.871257,701.713335,0.918748,False,False,True,False,True,True,True,2-circle,-1.000000,3597.048704,100.000000,100.000000,0.000000,0.000000,-175.120553,-25.105275,6.108682,0,4,2,0.0000,0.0000,0.0000,0.5000,"DescendTo",0.279340
171,A0100,adaptive_eagle_v9,DBFM,18478.878810,60.181006,141.699047,127.786901,-57.449399,8597.786646,498.139215,19583.127114,-341.152811,4206.328036,699.643073,1.088618,False,False,True,False,True,True,True,2-circle,-1.000000,3484.731294,100.000000,100.000000,0.000000,0.000000,-176.495522,-28.943618,4.162747,0,4,4,0.0000,0.0000,0.0000,0.5000,"LeadPursuit",0.592830
171,B0100,L7_mid_low_slow_max,DBFM,18478.878810,60.181006,141.699047,127.786901,-57.449399,8597.786646,498.139215,19583.127114,-341.152811,4206.328036,699.643073,1.088618,False,False,True,False,True,True,True,2-circle,-1.000000,3484.731294,100.000000,100.000000,0.000000,0.000000,-176.495522,-28.943618,4.162747,4,0,4,0.0000,0.0000,0.0000,0.5000,"LeadPursuit",0.257288
172,A0100,adaptive_eagle_v9,DBFM,18219.402948,61.003205,141.826978,126.068636,-58.917890,8621.226516,496.504856,19534.601047,-242.630333,3834.964039,695.733740,0.919695,False,False,True,False,True,True,True,2-circle,-1.000000,3377.758047,100.000000,100.000000,0.000000,0.000000,-170.068935,-24.979359,2.311226,0,3,4,0.0000,0.0000,0.0000,0.5000,"LeadPursuit",0.481293
172,B0100,L7_mid_low_slow_max,DBFM,18219.402948,61.003205,141.826978,126.068636,-58.917890,8621.226516,496.504856,19534.601047,-242.630333,3834.964039,695.733740,0.919695,False,False,True,False,True,True,True,2-circle,-1.000000,3377.758047,100.000000,100.000000,0.000000,0.000000,-170.068935,-24.979359,2.311226,4,0,4,0.0000,0.0000,0.0000,0.5000,"LeadPursuit",0.260535
173,A0100,adaptive_eagle_v9,DBFM,17962.413383,61.623636,141.999005,125.034466,-59.949982,8639.058564,496.281354,19542.609971,40.044621,3578.583836,693.860044,1.192763,False,False,True,False,True,True,True,2-circle,-1.000000,3275.924461,100.000000,100.000000,0.000000,0.000000,-173.777367,-31.134686,1.664386,0,3,4,0.0000,0.0000,0.0000,0.5000,"LeadPursuit",0.304050
173,B0100,L7_mid_low_slow_max,DBFM,17962.413383,61.623636,141.999005,125.034466,-59.949982,8639.058564,496.281354,19542.609971,40.044621,3578.583836,693.860044,1.192763,False,False,True,False,True,True,True,2-circle,-1.000000,3275.924461,100.000000,100.000000,0.000000,0.000000,-173.777367,-31.134686,1.664386,4,0,4,0.0000,0.0000,0.0000,0.5000,"LeadPursuit",0.192759
174,A0100,adaptive_eagle_v9,DBFM,17705.855968,61.371821,142.529486,126.085326,-59.555847,8655.788899,495.307872,19516.606471,-130.017502,3372.433464,699.638244,2.762206,False,False,True,False,True,True,True,2-circle,-1.000000,3175.624866,100.000000,100.000000,0.000000,0.000000,165.380163,-54.395330,6.759316,0,3,4,0.0000,0.0000,0.0000,0.5000,"LeadPursuit",-0.000147
174,B0100,L7_mid_low_slow_max,DBFM,17705.855968,61.371821,142.529486,126.085326,-59.555847,8655.788899,495.307872,19516.606471,-130.017502,3372.433464,699.638244,2.762206,False,False,True,False,True,True,True,2-circle,-1.000000,3175.624866,100.000000,100.000000,0.000000,0.000000,165.380163,-54.395330,6.759316,4,0,4,0.0000,0.0000,0.0000,0.5000,"LeadPursuit",0.284065
175,A0100,adaptive_eagle_v9,HABFM,17445.339745,59.971986,143.058224,128.113922,-57.865858,8675.638500,494.433178,19498.130415,-92.380280,3167.460304,715.100760,3.723894,False,False,True,False,True,True,True,2-circle,-1.000000,3073.261017,100.000000,100.000000,0.000000,0.000000,160.149834,-61.991203,9.812722,0,3,4,0.0000,0.0000,0.0000,0.5000,"LeadPursuit",-0.109267
175,B0100,L7_mid_low_slow_max,HABFM,17445.339745,59.971986,143.058224,128.113922,-57.865858,8675.638500,494.433178,19498.130415,-92.380280,3167.460304,715.100760,3.723894,False,False,True,False,True,True,True,2-circle,-1.000000,3073.261017,100.000000,100.000000,0.000000,0.000000,160.149834,-61.991203,9.812722,0,4,2,0.0000,0.0000,0.0000,0.5000,"DescendTo",0.327187
176,A0100,adaptive_eagle_v9,HABFM,17179.369819,58.362316,143.516394,130.104977,-55.935211,8698.701340,492.782940,19449.070730,-245.298423,2900.951332,731.548469,4.387987,False,False,True,False,True,True,False,2-circle,-1.000000,2968.278817,100.000000,100.000000,0.000000,0.000000,158.794340,-65.642241,10.470482,0,3,4,0.0000,0.0000,0.0000,0.5000,"LeadPursuit",0.534821
176,B0100,L7_mid_low_slow_max,HABFM,17179.369819,58.362316,143.516394,130.104977,-55.935211,8698.701340,492.782940,19449.070730,-245.298423,2900.951332,731.548469,4.387987,False,False,True,False,True,True,False,2-circle,-1.000000,2968.278817,100.000000,100.000000,0.000000,0.000000,158.794340,-65.642241,10.470482,0,4,2,0.0000,0.0000,0.0000,0.5000,"DescendTo",-0.113446
177,A0100,adaptive_eagle_v9,HABFM,16908.587109,57.731946,144.414289,130.323339,-55.286474,8723.655322,490.287811,19365.434712,-418.180091,2525.595759,742.867580,6.355723,False,False,True,False,True,True,False,2-circle,-1.000000,2862.155867,100.000000,100.000000,0.000000,0.000000,154.080400,-72.567702,8.854623,0,4,4,0.0000,0.0000,0.0000,0.5000,"LeadPursuit",1.454568
177,B0100,L7_mid_low_slow_max,HABFM,16908.587109,57.731946,144.414289,130.323339,-55.286474,8723.655322,490.287811,19365.434712,-418.180091,2525.595759,742.867580,6.355723,False,False,True,False,True,True,False,2-circle,-1.000000,2862.155867,100.000000,100.000000,0.000000,0.000000,154.080400,-72.567702,8.854623,0,4,2,0.0000,0.0000,0.0000,0.5000,"DescendTo",-0.725612
178,A0100,adaptive_eagle_v9,HABFM,16636.694942,58.686148,145.861646,128.475137,-56.487880,8747.833041,489.130593,19339.436462,-129.991249,2278.921019,744.102261,4.416903,False,False,True,False,True,True,False,2-circle,-1.000000,2759.148100,100.000000,100.000000,0.000000,0.000000,163.123895,-65.642588,7.734677,0,4,4,0.0000,0.0000,0.0000,0.5000,"LeadPursuit",0.990642
178,B0100,L7_mid_low_slow_max,HABFM,16636.694942,58.686148,145.861646,128.475137,-56.487880,8747.833041,489.130593,19339.436462,-129.991249,2278.921019,744.102261,4.416903,False,False,True,False,True,True,False,2-circle,-1.000000,2759.148100,100.000000,100.000000,0.000000,0.000000,163.123895,-65.642588,7.734677,0,4,2,0.0000,0.0000,0.0000,0.5000,"DescendTo",-0.284816
179,A0100,adaptive_eagle_v9,DBFM,16367.459628,60.357103,146.473046,125.925731,-58.597239,8769.356180,489.520300,19377.843729,192.036336,2093.916275,735.893693,2.046150,False,False,True,False,True,True,False,2-circle,-1.000000,2661.061463,100.000000,100.000000,0.000000,0.000000,-174.884654,-45.688481,6.148226,0,4,4,0.0000,0.0000,0.0000,0.5000,"LeadPursuit",0.020926
179,B0100,L7_mid_low_slow_max,DBFM,16367.459628,60.357103,146.473046,125.925731,-58.597239,8769.356180,489.520300,19377.843729,192.036336,2093.916275,735.893693,2.046150,False,False,True,False,True,True,False,2-circle,-1.000000,2661.061463,100.000000,100.000000,0.000000,0.000000,-174.884654,-45.688481,6.148226,4,0,4,0.0000,0.0000,0.0000,0.5000,"LeadPursuit",0.338998
180,A0100,adaptive_eagle_v9,DBFM,16102.287878,61.618661,146.223272,124.268614,-60.289310,8786.376675,489.687314,19402.104248,121.302593,1802.892052,727.699606,1.366931,False,False,True,False,True,True,False,2-circle,-1.000000,2567.020059,100.000000,100.000000,0.000000,0.000000,-161.607677,-34.398438,3.641719,0,4,4,0.0000,0.0000,0.0000,0.5000,"LeadPursuit",-0.123709
180,B0100,L7_mid_low_slow_max,DBFM,16102.287878,61.618661,146.223272,124.268614,-60.289310,8786.376675,489.687314,19402.104248,121.302593,1802.892052,727.699606,1.366931,False,False,True,False,True,True,False,2-circle,-1.000000,2567.020059,100.000000,100.000000,0.000000,0.000000,-161.607677,-34.398438,3.641719,4,0,4,0.0000,0.0000,0.0000,0.5000,"LeadPursuit",0.240218
181,A0100,adaptive_eagle_v9,DBFM,15840.361090,62.563147,146.077953,123.233941,-61.508014,8799.198319,490.419238,19446.683736,222.897440,1562.678589,722.515702,1.869874,False,False,True,False,True,True,False,2-circle,-1.000000,2475.554377,100.000000,100.000000,0.000000,0.000000,-168.437714,-43.170470,2.413510,0,4,4,0.0000,0.0000,0.0000,0.5000,"LeadPursuit",-0.566211
181,B0100,L7_mid_low_slow_max,DBFM,15840.361090,62.563147,146.077953,123.233941,-61.508014,8799.198319,490.419238,19446.683736,222.897440,1562.678589,722.515702,1.869874,False,False,True,False,True,True,False,2-circle,-1.000000,2475.554377,100.000000,100.000000,0.000000,0.000000,-168.437714,-43.170470,2.413510,4,0,4,0.0000,0.0000,0.0000,0.5000,"LeadPursuit",0.414273
182,A0100,adaptive_eagle_v9,DBFM,15579.126128,62.124710,145.948893,124.470547,-60.983511,8811.204802,489.948711,19438.268832,-42.074520,1275.732233,728.196959,4.929360,False,False,True,False,True,True,False,2-circle,-1.000000,2383.929448,100.000000,100.000000,0.000000,0.000000,168.664726,-67.967815,6.249489,0,3,4,0.0000,0.0000,0.0000,0.5000,"LeadPursuit",-0.925664
182,B0100,L7_mid_low_slow_max,DBFM,15579.126128,62.124710,145.948893,124.470547,-60.983511,8811.204802,489.948711,19438.268832,-42.074520,1275.732233,728.196959,4.929360,False,False,True,False,True,True,False,2-circle,-1.000000,2383.929448,100.000000,100.000000,0.000000,0.000000,168.664726,-67.967815,6.249489,4,0,4,0.0000,0.0000,0.0000,0.5000,"LeadPursuit",0.583668
183,A0100,adaptive_eagle_v9,DBFM,15313.651625,60.350403,145.765045,126.911993,-59.090976,8825.192969,489.358596,19426.673035,-57.978987,1035.060542,743.727132,8.925069,False,False,True,False,True,True,False,2-circle,-1.000000,2289.253794,100.000000,100.000000,0.000000,0.000000,161.101187,-77.389069,7.854411,0,3,4,0.0000,0.0000,0.0000,0.5000,"LeadPursuit",-1.028227
183,B0100,L7_mid_low_slow_max,DBFM,15313.651625,60.350403,145.765045,126.911993,-59.090976,8825.192969,489.358596,19426.673035,-57.978987,1035.060542,743.727132,8.925069,False,False,True,False,True,True,False,2-circle,-1.000000,2289.253794,100.000000,100.000000,0.000000,0.000000,161.101187,-77.389069,7.854411,4,0,4,0.0000,0.0000,0.0000,0.5000,"LeadPursuit",0.706628
184,A0100,adaptive_eagle_v9,HABFM,15043.583757,58.721443,145.345529,129.147116,-57.360304,8840.477936,489.279646,19438.537532,59.322487,864.930178,755.966829,5.738696,False,False,True,False,True,True,False,2-circle,-1.000000,2191.807494,100.000000,100.000000,0.000000,0.000000,169.486766,-70.815363,8.631340,0,3,4,0.0000,0.0000,0.0000,0.5000,"LeadPursuit",-0.478731
184,B0100,L7_mid_low_slow_max,HABFM,15043.583757,58.721443,145.345529,129.147116,-57.360304,8840.477936,489.279646,19438.537532,59.322487,864.930178,755.966829,5.738696,False,False,True,False,True,True,False,2-circle,-1.000000,2191.807494,100.000000,100.000000,0.000000,0.000000,169.486766,-70.815363,8.631340,0,4,2,0.0000,0.0000,0.0000,0.5000,"DescendTo",0.208304
185,A0100,adaptive_eagle_v9,HABFM,14768.794326,56.970543,145.826836,131.310373,-55.462299,8857.516637,488.206626,19409.142829,-146.973515,638.951686,773.509566,6.948319,False,False,True,False,True,True,False,2-circle,-1.000000,2091.905072,100.000000,100.000000,0.000000,0.000000,168.126212,-73.938304,8.624198,0,3,4,0.0000,0.0000,0.0000,0.5000,"LeadPursuit",0.790285
185,B0100,L7_mid_low_slow_max,HABFM,14768.794326,56.970543,145.826836,131.310373,-55.462299,8857.516637,488.206626,19409.142829,-146.973515,638.951686,773.509566,6.948319,False,False,True,False,True,True,False,2-circle,-1.000000,2091.905072,100.000000,100.000000,0.000000,0.000000,168.126212,-73.938304,8.624198,0,4,2,0.0000,0.0000,0.0000,0.5000,"DescendTo",-0.745052
186,A0100,adaptive_eagle_v9,HABFM,14488.885825,56.393215,147.519833,131.056747,-54.924243,8875.455472,486.884618,19370.013843,-195.644932,451.325477,787.161487,12.503431,False,False,True,False,True,True,False,2-circle,-1.000000,1993.498757,100.000000,100.000000,0.000000,0.000000,162.835808,-80.888597,7.517091,0,3,4,0.0000,0.0000,0.0000,0.5000,"LeadPursuit",1.229991
186,B0100,L7_mid_low_slow_max,HABFM,14488.885825,56.393215,147.519833,131.056747,-54.924243,8875.455472,486.884618,19370.013843,-195.644932,451.325477,787.161487,12.503431,False,False,True,False,True,True,False,2-circle,-1.000000,1993.498757,100.000000,100.000000,0.000000,0.000000,162.835808,-80.888597,7.517091,0,4,2,0.0000,0.0000,0.0000,0.5000,"DescendTo",-0.913720
187,A0100,adaptive_eagle_v9,HABFM,14207.734506,57.400636,148.973552,128.588136,-56.092659,8892.670618,486.839406,19385.280003,76.330800,331.906441,787.346534,7.391494,False,False,True,False,True,True,False,2-circle,-1.000000,1899.348816,100.000000,100.000000,0.000000,0.000000,170.441187,-74.823151,6.730310,0,4,4,0.0000,0.0000,0.0000,0.5000,"LeadPursuit",1.409723
187,B0100,L7_mid_low_slow_max,HABFM,14207.734506,57.400636,148.973552,128.588136,-56.092659,8892.670618,486.839406,19385.280003,76.330800,331.906441,787.346534,7.391494,False,False,True,False,True,True,False,2-circle,-1.000000,1899.348816,100.000000,100.000000,0.000000,0.000000,170.441187,-74.823151,6.730310,0,4,2,0.0000,0.0000,0.0000,0.5000,"DescendTo",-0.932203
188,A0100,adaptive_eagle_v9,HABFM,13929.207609,59.301082,150.245328,125.013014,-58.262963,8907.998376,487.934678,19447.872611,312.963042,272.194030,779.643296,2.993454,False,False,True,False,True,True,False,2-circle,-1.000000,1809.695520,100.000000,100.000000,0.000000,0.000000,-169.542228,-56.248323,5.421341,0,4,4,0.0000,0.0000,0.0000,0.5000,"LeadPursuit",0.575715
188,B0100,L7_mid_low_slow_max,HABFM,13929.207609,59.301082,150.245328,125.013014,-58.262963,8907.998376,487.934678,19447.872611,312.963042,272.194030,779.643296,2.993454,False,False,True,False,True,True,False,2-circle,-1.000000,1809.695520,100.000000,100.000000,0.000000,0.000000,-169.542228,-56.248323,5.421341,0,4,2,0.0000,0.0000,0.0000,0.5000,"DescendTo",-0.260611
189,A0100,adaptive_eagle_v9,DBFM,13654.963018,60.967295,150.655908,122.178447,-60.249348,8919.702371,489.146350,19511.988216,320.578025,196.303218,769.584546,1.338687,False,False,True,False,True,True,False,2-circle,-1.000000,1725.150589,100.000000,100.000000,0.000000,0.000000,-145.803814,-33.859580,3.329273,0,4,4,0.0000,0.0000,0.0000,0.5000,"LeadPursuit",-0.072210
189,B0100,L7_mid_low_slow_max,DBFM,13654.963018,60.967295,150.655908,122.178447,-60.249348,8919.702371,489.146350,19511.988216,320.578025,196.303218,769.584546,1.338687,False,False,True,False,True,True,False,2-circle,-1.000000,1725.150589,100.000000,100.000000,0.000000,0.000000,-145.803814,-33.859580,3.329273,4,0,4,0.0000,0.0000,0.0000,0.5000,"LeadPursuit",0.217167
190,A0100,adaptive_eagle_v9,DBFM,13384.642256,62.176044,150.556874,120.753705,-61.732591,8926.751664,489.723856,19544.063647,160.377155,-22.598318,762.155222,0.840392,False,False,True,False,False,True,False,2-circle,-1.000000,1644.795643,100.000000,100.000000,0.000000,0.000000,-133.529451,-22.866146,0.417870,0,4,4,0.0000,0.0000,0.0000,0.5000,"LeadPursuit",-0.635976
190,B0100,L7_mid_low_slow_max,DBFM,13384.642256,62.176044,150.556874,120.753705,-61.732591,8926.751664,489.723856,19544.063647,160.377155,-22.598318,762.155222,0.840392,False,False,True,False,False,True,False,2-circle,-1.000000,1644.795643,100.000000,100.000000,0.000000,0.000000,-133.529451,-22.866146,0.417870,4,0,4,0.0000,0.0000,0.0000,0.5000,"LeadPursuit",0.657145
191,A0100,adaptive_eagle_v9,DBFM,13117.510762,63.184627,149.879959,120.305985,-62.911434,8929.593712,490.835951,19595.181333,255.588433,-260.252735,754.387383,1.239067,False,False,True,False,False,True,False,2-circle,-1.000000,1566.883278,100.000000,100.000000,0.000000,0.000000,-141.356004,-31.929698,-0.841861,0,4,4,0.0000,0.0000,0.0000,0.5000,"LeadPursuit",-1.136053
191,B0100,L7_mid_low_slow_max,DBFM,13117.510762,63.184627,149.879959,120.305985,-62.911434,8929.593712,490.835951,19595.181333,255.588433,-260.252735,754.387383,1.239067,False,False,True,False,False,True,False,2-circle,-1.000000,1566.883278,100.000000,100.000000,0.000000,0.000000,-141.356004,-31.929698,-0.841861,4,0,4,0.0000,0.0000,0.0000,0.5000,"LeadPursuit",0.937779
192,A0100,adaptive_eagle_v9,DBFM,12852.436664,63.056791,148.919421,121.833747,-62.689440,8932.013423,490.646793,19589.382029,-28.996525,-561.455798,753.875884,3.008045,False,False,True,False,False,True,False,2-circle,-1.000000,1486.099410,100.000000,100.000000,0.000000,0.000000,-164.703268,-56.525928,4.186668,0,4,4,0.0000,0.0000,0.0000,0.5000,"LeadPursuit",-1.015569
192,B0100,L7_mid_low_slow_max,DBFM,12852.436664,63.056791,148.919421,121.833747,-62.689440,8932.013423,490.646793,19589.382029,-28.996525,-561.455798,753.875884,3.008045,False,False,True,False,False,True,False,2-circle,-1.000000,1486.099410,100.000000,100.000000,0.000000,0.000000,-164.703268,-56.525928,4.186668,4,0,4,0.0000,0.0000,0.0000,0.5000,"LeadPursuit",0.708956
193,A0100,adaptive_eagle_v9,DBFM,12584.527720,61.657491,148.521679,124.441187,-61.152774,8937.892572,490.195912,19575.682960,-68.495343,-872.487215,766.713211,4.488025,False,False,True,False,False,True,False,2-circle,-1.000000,1399.084041,100.000000,100.000000,0.000000,0.000000,-172.979305,-66.080584,6.800500,0,3,4,0.0000,0.0000,0.0000,0.5000,"LeadPursuit",-0.884929
193,B0100,L7_mid_low_slow_max,DBFM,12584.527720,61.657491,148.521679,124.441187,-61.152774,8937.892572,490.195912,19575.682960,-68.495343,-872.487215,766.713211,4.488025,False,False,True,False,False,True,False,2-circle,-1.000000,1399.084041,100.000000,100.000000,0.000000,0.000000,-172.979305,-66.080584,6.800500,4,0,4,0.0000,0.0000,0.0000,0.5000,"LeadPursuit",0.634617
194,A0100,adaptive_eagle_v9,DBFM,12312.483950,60.427180,148.244399,126.832858,-59.804331,8946.663135,490.195874,19584.451887,43.844637,-1085.840493,777.564380,3.391785,False,False,True,False,False,True,False,2-circle,-1.000000,1307.781459,100.000000,100.000000,0.000000,0.000000,-165.209830,-59.594108,8.290792,0,3,4,0.0000,0.0000,0.0000,0.5000,"LeadPursuit",-0.910698
194,B0100,L7_mid_low_slow_max,DBFM,12312.483950,60.427180,148.244399,126.832858,-59.804331,8946.663135,490.195874,19584.451887,43.844637,-1085.840493,777.564380,3.391785,False,False,True,False,False,True,False,2-circle,-1.000000,1307.781459,100.000000,100.000000,0.000000,0.000000,-165.209830,-59.594108,8.290792,4,0,4,0.0000,0.0000,0.0000,0.5000,"LeadPursuit",0.665168
195,A0100,adaptive_eagle_v9,DBFM,12037.359578,59.184710,147.941853,129.406664,-58.384192,8958.833977,489.582807,19570.030898,-72.104948,-1253.209300,786.584740,2.562209,False,False,True,False,False,True,False,2-circle,-1.000000,1211.668792,100.000000,100.000000,0.000000,0.000000,-156.448204,-52.129454,9.994446,0,3,4,0.0000,0.0000,0.0000,0.5000,"LeadPursuit",-0.847185
195,B0100,L7_mid_low_slow_max,DBFM,12037.359578,59.184710,147.941853,129.406664,-58.384192,8958.833977,489.582807,19570.030898,-72.104948,-1253.209300,786.584740,2.562209,False,False,True,False,False,True,False,2-circle,-1.000000,1211.668792,100.000000,100.000000,0.000000,0.000000,-156.448204,-52.129454,9.994446,4,0,4,0.0000,0.0000,0.0000,0.5000,"LeadPursuit",0.580215
196,A0100,adaptive_eagle_v9,DBFM,11759.025495,57.721843,147.897973,132.330696,-56.647084,8975.850615,487.712977,19506.149080,-319.409089,-1522.359245,798.458232,2.773775,False,False,True,False,False,True,False,2-circle,-1.000000,1109.723454,100.000000,100.000000,0.000000,0.000000,-157.210861,-54.214546,11.604929,0,3,4,0.0000,0.0000,0.0000,0.5000,"LeadPursuit",-0.602709
196,B0100,L7_mid_low_slow_max,DBFM,11759.025495,57.721843,147.897973,132.330696,-56.647084,8975.850615,487.712977,19506.149080,-319.409089,-1522.359245,798.458232,2.773775,False,False,True,False,False,True,False,2-circle,-1.000000,1109.723454,100.000000,100.000000,0.000000,0.000000,-157.210861,-54.214546,11.604929,4,0,4,0.0000,0.0000,0.0000,0.5000,"LeadPursuit",0.245271
197,A0100,adaptive_eagle_v9,DBFM,11475.174819,55.392198,148.737477,135.350681,-54.042333,8998.380522,484.465494,19388.911898,-586.185912,-1933.008433,821.971199,7.018081,False,False,True,False,False,True,False,2-circle,-1.000000,1002.218840,100.000000,100.000000,0.000000,0.000000,-175.661214,-74.004712,12.514852,0,3,4,0.0000,0.0000,0.0000,0.5000,"LeadPursuit",-0.020955
197,B0100,L7_mid_low_slow_max,DBFM,11475.174819,55.392198,148.737477,135.350681,-54.042333,8998.380522,484.465494,19388.911898,-586.185912,-1933.008433,821.971199,7.018081,False,False,True,False,False,True,False,2-circle,-1.000000,1002.218840,100.000000,100.000000,0.000000,0.000000,-175.661214,-74.004712,12.514852,4,0,4,0.0000,0.0000,0.0000,0.5000,"LeadPursuit",-0.272325
198,A0100,adaptive_eagle_v9,DBFM,11183.238347,53.049833,150.588013,137.257283,-51.647193,9023.735348,482.472173,19328.939452,-299.862230,-2186.614662,849.422155,32.549241,False,False,True,False,False,True,False,2-circle,-1.000000,894.473026,100.000000,100.000000,0.000000,0.000000,173.189877,-86.450304,12.569935,1,3,4,0.0000,0.0000,0.0000,0.5000,"LeadPursuit",0.220236
198,B0100,L7_mid_low_slow_max,DBFM,11183.238347,53.049833,150.588013,137.257283,-51.647193,9023.735348,482.472173,19328.939452,-299.862230,-2186.614662,849.422155,32.549241,False,False,True,False,False,True,False,2-circle,-1.000000,894.473026,100.000000,100.000000,0.000000,0.000000,173.189877,-86.450304,12.569935,3,0,4,0.0000,0.0000,0.0000,0.5000,"LeadPursuit",-0.408159
199,A0100,adaptive_eagle_v9,DBFM,10883.820250,51.189079,152.510580,138.274075,-49.795686,9049.667707,481.759528,19324.451303,-22.440744,-2352.441602,873.094671,13.793700,False,False,True,False,False,True,False,2-circle,-1.000000,790.469842,100.000000,100.000000,0.000000,0.000000,179.195619,-81.663147,12.274301,1,3,4,0.0000,0.0000,0.0000,0.5000,"LeadPursuit",0.169716
199,B0100,L7_mid_low_slow_max,DBFM,10883.820250,51.189079,152.510580,138.274075,-49.795686,9049.667707,481.759528,19324.451303,-22.440744,-2352.441602,873.094671,13.793700,False,False,True,False,False,True,False,2-circle,-1.000000,790.469842,100.000000,100.000000,0.000000,0.000000,179.195619,-81.663147,12.274301,3,0,4,0.0000,0.0000,0.0000,0.5000,"LeadPursuit",-0.345209
200,A0100,adaptive_eagle_v9,DBFM,10577.767311,49.266760,154.357269,139.727803,-47.830900,9076.352983,480.764236,19308.726006,-78.626482,-2551.358322,896.063443,7.628154,False,False,True,False,False,True,False,2-circle,-1.000000,689.520555,100.000000,100.000000,0.000000,0.000000,-173.116879,-75.135127,12.441077,1,4,4,0.0000,0.0000,0.0000,0.5000,"LeadPursuit",0.226272
200,B0100,L7_mid_low_slow_max,DBFM,10577.767311,49.266760,154.357269,139.727803,-47.830900,9076.352983,480.764236,19308.726006,-78.626482,-2551.358322,896.063443,7.628154,False,False,True,False,False,True,False,2-circle,-1.000000,689.520555,100.000000,100.000000,0.000000,0.000000,-173.116879,-75.135127,12.441077,3,0,4,0.0000,0.0000,0.0000,0.5000,"LeadPursuit",-0.404740
201,A0100,adaptive_eagle_v9,DBFM,10264.828647,46.937349,156.440057,141.933616,-45.380096,9104.659591,478.697144,19249.231629,-297.471887,-2781.467517,920.722850,9.580059,False,False,True,False,False,True,False,2-circle,-1.000000,591.582761,100.000000,100.000000,0.000000,0.000000,-174.895633,-78.022465,12.626033,1,4,4,0.0000,0.0000,0.0000,0.5000,"LeadPursuit",-0.162449
201,B0100,L7_mid_low_slow_max,DBFM,10264.828647,46.937349,156.440057,141.933616,-45.380096,9104.659591,478.697144,19249.231629,-297.471887,-2781.467517,920.722850,9.580059,False,False,True,False,False,True,False,2-circle,-1.000000,591.582761,100.000000,100.000000,0.000000,0.000000,-174.895633,-78.022465,12.626033,3,0,4,0.0000,0.0000,0.0000,0.5000,"LeadPursuit",-0.091598
202,A0100,adaptive_eagle_v9,HABFM,9944.101533,43.816539,158.237344,144.981086,-42.246016,9134.159297,475.507438,19143.988973,-526.213280,-3096.795721,947.676043,117.143490,False,False,True,False,False,True,False,2-circle,-1.000000,497.704452,100.000000,100.000000,0.000000,0.000000,165.581169,-98.597835,11.993852,1,4,4,0.0000,0.0000,0.0000,0.5000,"LeadPursuit",-0.812154
202,B0100,L7_mid_low_slow_max,HABFM,9944.101533,43.816539,158.237344,144.981086,-42.246016,9134.159297,475.507438,19143.988973,-526.213280,-3096.795721,947.676043,117.143490,False,False,True,False,False,True,False,2-circle,-1.000000,497.704452,100.000000,100.000000,0.000000,0.000000,165.581169,-98.597835,11.993852,0,4,2,0.0000,0.0000,0.0000,0.5000,"DescendTo",0.508155
203,A0100,adaptive_eagle_v9,HABFM,9616.266039,40.960303,159.041862,147.517890,-39.705025,9161.558605,473.216116,19075.152196,-344.183886,-3371.600011,968.344566,117.648945,False,False,True,False,False,True,False,2-circle,-1.000000,409.125084,100.000000,100.000000,0.000000,0.000000,141.006169,-124.164176,9.641210,1,4,3,0.0000,0.0000,0.0000,0.5000,"LeadPursuit",-0.858530
203,B0100,L7_mid_low_slow_max,HABFM,9616.266039,40.960303,159.041862,147.517890,-39.705025,9161.558605,473.216116,19075.152196,-344.183886,-3371.600011,968.344566,117.648945,False,False,True,False,False,True,False,2-circle,-1.000000,409.125084,100.000000,100.000000,0.000000,0.000000,141.006169,-124.164176,9.641210,0,4,2,0.0000,0.0000,0.0000,0.5000,"DescendTo",0.644819
204,A0100,adaptive_eagle_v9,HABFM,9283.982795,39.405029,159.231265,148.672499,-38.565216,9183.834990,470.962136,19003.214455,-359.688702,-3686.727255,978.771983,118.158002,False,False,True,False,False,True,False,2-circle,-1.000000,326.525902,100.000000,100.000000,0.000000,0.000000,126.349953,-139.752504,6.932585,2,4,3,0.0000,0.0000,0.0000,0.5000,"LeadPursuit",-0.226153
204,B0100,L7_mid_low_slow_max,HABFM,9283.982795,39.405029,159.231265,148.672499,-38.565216,9183.834990,470.962136,19003.214455,-359.688702,-3686.727255,978.771983,118.158002,False,False,True,False,False,True,False,2-circle,-1.000000,326.525902,100.000000,100.000000,0.000000,0.000000,126.349953,-139.752504,6.932585,0,4,2,0.0000,0.0000,0.0000,0.5000,"DescendTo",0.231638
205,A0100,adaptive_eagle_v9,HABFM,8950.914159,39.834149,159.489170,148.889159,-39.146177,9202.850599,470.744618,19013.161815,49.736799,-3876.418930,978.953140,118.181712,False,False,True,False,False,True,False,2-circle,-1.000000,247.102094,100.000000,100.000000,0.000000,0.000000,128.657983,-138.357376,9.632820,2,4,3,0.0000,0.0000,0.0000,0.5000,"LeadPursuit",0.747049
205,B0100,L7_mid_low_slow_max,HABFM,8950.914159,39.834149,159.489170,148.889159,-39.146177,9202.850599,470.744618,19013.161815,49.736799,-3876.418930,978.953140,118.181712,False,False,True,False,False,True,False,2-circle,-1.000000,247.102094,100.000000,100.000000,0.000000,0.000000,128.657983,-138.357376,9.632820,0,4,2,0.0000,0.0000,0.0000,0.5000,"DescendTo",-0.551804
206,A0100,adaptive_eagle_v9,HABFM,8618.910010,40.952258,160.900204,149.317657,-40.332590,9222.423090,470.644995,19028.582464,77.103241,-3992.705643,978.089524,118.176042,False,False,True,False,False,True,False,2-circle,-1.000000,170.500929,100.000000,100.000000,0.000000,0.000000,133.027403,-134.888713,10.078933,2,3,3,0.0000,0.0000,0.0000,0.5000,"LeadPursuit",0.777782
206,B0100,L7_mid_low_slow_max,HABFM,8618.910010,40.952258,160.900204,149.317657,-40.332590,9222.423090,470.644995,19028.582464,77.103241,-3992.705643,978.089524,118.176042,False,False,True,False,False,True,False,2-circle,-1.000000,170.500929,100.000000,100.000000,0.000000,0.000000,133.027403,-134.888713,10.078933,0,4,2,0.0000,0.0000,0.0000,0.5000,"DescendTo",-0.641160
207,A0100,adaptive_eagle_v9,HABFM,8287.151014,40.890330,162.696586,150.147699,-40.471304,9241.309879,470.637963,19047.176221,92.968789,-3997.335167,983.520916,118.149001,False,False,True,False,False,True,False,2-circle,-1.000000,101.952962,100.000000,100.000000,0.000000,0.000000,139.811759,-128.927007,3.701735,2,3,3,0.0000,0.0000,0.0000,0.5000,"LeadPursuit",0.658340
207,B0100,L7_mid_low_slow_max,HABFM,8287.151014,40.890330,162.696586,150.147699,-40.471304,9241.309879,470.637963,19047.176221,92.968789,-3997.335167,983.520916,118.149001,False,False,True,False,False,True,False,2-circle,-1.000000,101.952962,100.000000,100.000000,0.000000,0.000000,139.811759,-128.927007,3.701735,0,4,2,0.0000,0.0000,0.0000,0.5000,"DescendTo",-0.603436
208,A0100,adaptive_eagle_v9,HABFM,7952.914257,39.389774,164.596514,151.236069,-39.197970,9255.811629,467.764077,18942.287253,-524.444843,-4126.181886,994.612075,118.826676,False,False,True,False,False,True,False,2-circle,-1.000000,46.057762,100.000000,100.000000,0.000000,0.000000,154.999350,-114.422929,-0.538677,2,4,3,0.0000,0.0000,0.0000,0.5000,"LeadPursuit",0.805527
208,B0100,L7_mid_low_slow_max,HABFM,7952.914257,39.389774,164.596514,151.236069,-39.197970,9255.811629,467.764077,18942.287253,-524.444843,-4126.181886,994.612075,118.826676,False,False,True,False,False,True,False,2-circle,-1.000000,46.057762,100.000000,100.000000,0.000000,0.000000,154.999350,-114.422929,-0.538677,0,4,2,0.0000,0.0000,0.0000,0.5000,"DescendTo",-0.655452
209,A0100,adaptive_eagle_v9,HABFM,7615.899610,38.614032,166.158898,151.388935,-38.520735,9265.945113,465.469945,18857.639798,-423.237274,-4260.191604,1000.970434,119.375861,False,False,True,False,False,True,False,2-circle,-1.000000,0.759938,100.000000,100.000000,0.000000,0.000000,174.561225,-95.429082,0.821101,2,4,3,0.0000,0.0000,0.0000,0.5000,"LeadPursuit",0.845376
209,B0100,L7_mid_low_slow_max,HABFM,7615.899610,38.614032,166.158898,151.388935,-38.520735,9265.945113,465.469945,18857.639798,-423.237274,-4260.191604,1000.970434,119.375861,False,False,True,False,False,True,False,2-circle,-1.000000,0.759938,100.000000,100.000000,0.000000,0.000000,174.561225,-95.429082,0.821101,0,4,2,0.0000,0.0000,0.0000,0.5000,"DescendTo",-0.591821
210,A0100,adaptive_eagle_v9,HABFM,7278.596340,39.975762,166.957931,150.034881,-39.934306,9274.243394,466.360193,18902.662910,225.115558,-4315.533445,996.985349,5.381212,False,False,True,False,False,False,False,2-circle,-1.000000,-38.634535,100.000000,100.000000,0.000000,0.000000,-158.368189,-68.870195,1.498474,2,4,3,0.0000,0.0000,0.0000,0.5000,"LeadPursuit",0.023296
210,B0100,L7_mid_low_slow_max,HABFM,7278.596340,39.975762,166.957931,150.034881,-39.934306,9274.243394,466.360193,18902.662910,225.115558,-4315.533445,996.985349,5.381212,False,False,True,False,False,False,False,2-circle,-1.000000,-38.634535,100.000000,100.000000,0.000000,0.000000,-158.368189,-68.870195,1.498474,0,4,2,0.0000,0.0000,0.0000,0.5000,"DescendTo",0.073838
211,A0100,adaptive_eagle_v9,HABFM,6944.092483,42.036877,166.673534,148.603115,-42.037475,9280.194242,467.713379,18964.570268,309.536790,-4386.301765,986.929264,1.488522,False,False,True,False,False,False,False,2-circle,-1.000000,-73.549540,100.000000,100.000000,0.000000,0.000000,-124.697226,-35.671265,0.210782,2,4,3,0.0000,0.0000,0.0000,0.5000,"LeadPursuit",-0.306545
211,B0100,L7_mid_low_slow_max,HABFM,6944.092483,42.036877,166.673534,148.603115,-42.037475,9280.194242,467.713379,18964.570268,309.536790,-4386.301765,986.929264,1.488522,False,False,True,False,False,False,False,2-circle,-1.000000,-73.549540,100.000000,100.000000,0.000000,0.000000,-124.697226,-35.671265,0.210782,0,4,2,0.0000,0.0000,0.0000,0.5000,"DescendTo",0.341781
212,A0100,adaptive_eagle_v9,HABFM,6613.312075,43.908169,165.993506,147.668631,-43.898539,9281.995498,468.133142,18983.762372,95.960522,-4506.574983,975.833382,0.681292,False,False,True,False,False,False,False,2-circle,-1.000000,-103.236143,100.000000,100.000000,0.000000,0.000000,-106.808931,-18.202552,-2.621729,2,4,3,0.0000,0.0000,0.0000,0.5000,"LeadPursuit",-0.401501
212,B0100,L7_mid_low_slow_max,HABFM,6613.312075,43.908169,165.993506,147.668631,-43.898539,9281.995498,468.133142,18983.762372,95.960522,-4506.574983,975.833382,0.681292,False,False,True,False,False,False,False,2-circle,-1.000000,-103.236143,100.000000,100.000000,0.000000,0.000000,-106.808931,-18.202552,-2.621729,0,4,2,0.0000,0.0000,0.0000,0.5000,"DescendTo",0.447692
213,A0100,adaptive_eagle_v9,DBFM,6286.741464,45.809382,165.018357,147.095178,-45.743917,9279.825866,467.137711,18940.377270,-216.925508,-4660.242767,961.503758,0.704678,False,False,True,False,False,False,False,2-circle,-1.000000,-127.524152,100.000000,100.000000,0.000000,0.000000,-106.992571,-18.747881,-5.367742,2,3,3,0.0000,0.0000,0.0000,0.5000,"LeadPursuit",-0.183799
213,B0100,L7_mid_low_slow_max,DBFM,6286.741464,45.809382,165.018357,147.095178,-45.743917,9279.825866,467.137711,18940.377270,-216.925508,-4660.242767,961.503758,0.704678,False,False,True,False,False,False,False,2-circle,-1.000000,-127.524152,100.000000,100.000000,0.000000,0.000000,-106.992571,-18.747881,-5.367742,2,0,3,0.0000,0.0000,0.0000,0.5000,"LeadPursuit",0.315546
214,A0100,adaptive_eagle_v9,DBFM,5965.715089,47.938424,163.978326,146.625497,-47.782160,9273.562524,465.113801,18850.585101,-448.960845,-4777.714382,942.675319,1.253288,False,False,True,False,False,False,False,2-circle,-1.000000,-145.025379,100.000000,100.000000,0.000000,0.000000,-118.973470,-31.009404,-7.901645,2,3,3,0.0000,0.0000,0.0000,0.5000,"LeadPursuit",0.401999
214,B0100,L7_mid_low_slow_max,DBFM,5965.715089,47.938424,163.978326,146.625497,-47.782160,9273.562524,465.113801,18850.585101,-448.960845,-4777.714382,942.675319,1.253288,False,False,True,False,False,False,False,2-circle,-1.000000,-145.025379,100.000000,100.000000,0.000000,0.000000,-118.973470,-31.009404,-7.901645,2,0,3,0.0000,0.0000,0.0000,0.5000,"LeadPursuit",-0.155961
215,A0100,adaptive_eagle_v9,DBFM,5651.289116,50.076147,163.455857,145.859055,-49.846824,9264.002490,461.274397,18683.565536,-835.097824,-4894.947571,922.115889,2.859063,False,False,True,False,False,False,False,2-circle,-1.000000,-152.608405,100.000000,100.000000,0.000000,0.000000,-141.489426,-53.675823,-8.836244,2,3,3,0.0000,0.0000,0.0000,0.5000,"LeadPursuit",0.244435
215,B0100,L7_mid_low_slow_max,DBFM,5651.289116,50.076147,163.455857,145.859055,-49.846824,9264.002490,461.274397,18683.565536,-835.097824,-4894.947571,922.115889,2.859063,False,False,True,False,False,False,False,2-circle,-1.000000,-152.608405,100.000000,100.000000,0.000000,0.000000,-141.489426,-53.675823,-8.836244,2,0,3,0.0000,0.0000,0.0000,0.5000,"LeadPursuit",-0.145539
216,A0100,adaptive_eagle_v9,DBFM,5342.001138,50.749204,163.275963,145.783495,-50.518704,9253.315344,458.220326,18548.558569,-675.034839,-4958.413102,913.098199,6.856286,False,False,True,False,False,False,False,2-circle,-1.000000,-152.103667,100.000000,100.000000,0.000000,0.000000,-160.621475,-72.849668,-6.120806,2,3,3,0.0000,0.0000,0.0000,0.5000,"LeadPursuit",0.165285
216,B0100,L7_mid_low_slow_max,DBFM,5342.001138,50.749204,163.275963,145.783495,-50.518704,9253.315344,458.220326,18548.558569,-675.034839,-4958.413102,913.098199,6.856286,False,False,True,False,False,False,False,2-circle,-1.000000,-152.103667,100.000000,100.000000,0.000000,0.000000,-160.621475,-72.849668,-6.120806,2,0,3,0.0000,0.0000,0.0000,0.5000,"LeadPursuit",-0.173404
217,A0100,adaptive_eagle_v9,DBFM,5033.485670,50.370471,163.503127,146.051366,-50.138589,9242.947526,458.065128,18531.895268,-83.316504,-4874.878638,914.681981,8.696781,False,False,True,False,False,False,False,2-circle,-1.000000,-147.666506,100.000000,100.000000,0.000000,0.000000,-164.099612,-76.319937,-3.933836,2,3,3,0.0000,0.0000,0.0000,0.5000,"LeadPursuit",0.079989
217,B0100,L7_mid_low_slow_max,DBFM,5033.485670,50.370471,163.503127,146.051366,-50.138589,9242.947526,458.065128,18531.895268,-83.316504,-4874.878638,914.681981,8.696781,False,False,True,False,False,False,False,2-circle,-1.000000,-147.666506,100.000000,100.000000,0.000000,0.000000,-164.099612,-76.319937,-3.933836,2,0,3,0.0000,0.0000,0.0000,0.5000,"LeadPursuit",-0.080070
218,A0100,adaptive_eagle_v9,DBFM,4724.270698,50.206970,163.708226,146.006550,-49.990782,9232.981097,458.969646,18558.649890,133.773111,-4785.132882,916.256367,4.781613,False,False,True,True,False,False,False,2-circle,-1.000000,-142.733020,100.000000,100.000000,0.000000,0.000000,-153.945223,-66.158442,-2.154492,2,3,3,0.0000,0.0000,0.0000,0.5000,"LeadPursuit",-0.218662
218,B0100,L7_mid_low_slow_max,DBFM,4724.270698,50.206970,163.708226,146.006550,-49.990782,9232.981097,458.969646,18558.649890,133.773111,-4785.132882,916.256367,4.781613,False,False,True,True,False,False,False,2-circle,-1.000000,-142.733020,100.000000,100.000000,0.000000,0.000000,-153.945223,-66.158442,-2.154492,2,1,1,0.0000,0.0000,0.0000,0.5000,"LagPursuit",0.136954
219,A0100,adaptive_eagle_v9,DBFM,4414.470302,49.639947,163.678404,146.609584,-49.478299,9224.560230,458.682902,18538.580127,-100.348815,-4789.253071,919.659284,4.550660,False,False,True,True,False,False,False,2-circle,-1.000000,-140.332864,100.000000,100.000000,0.000000,0.000000,-152.821364,-65.076726,-0.360496,2,3,3,0.0000,0.0000,0.0000,0.5000,"LeadPursuit",-0.370661
219,B0100,L7_mid_low_slow_max,DBFM,4414.470302,49.639947,163.678404,146.609584,-49.478299,9224.560230,458.682902,18538.580127,-100.348815,-4789.253071,919.659284,4.550660,False,False,True,True,False,False,False,2-circle,-1.000000,-140.332864,100.000000,100.000000,0.000000,0.000000,-152.821364,-65.076726,-0.360496,2,1,1,0.0000,0.0000,0.0000,0.5000,"LagPursuit",-199.812911
