step,agent_id,tree_name,bfm_situation,distance_ft,ata_deg,aa_deg,hca_deg,relative_bearing_deg,ego_altitude_ft,ego_vc_kts,specific_energy_ft,ps_fts,energy_diff_ft,closure_rate_kts,turn_rate_degs,in_wez,enm_in_wez,in_39_line,overshoot_risk,energy_advantage,alt_advantage,spd_advantage,tc_type,side_flag,alt_gap_ft,ego_health,enm_health,ego_damage_dealt,enm_damage_dealt,tau_deg,roll_deg,pitch_deg,action_alt,action_hdg,action_vel,aileron,elevator,rudder,throttle,active_node,reward
0,A0100,adaptive_eagle_v9,HABFM,3297.631970,90.000000,90.000000,180.000000,-90.000000,15000.000480,386.782661,21622.867763,0.000000,0.000000,-0.000000,0.000000,False,False,False,False,True,True,True,2-circle,-1.000000,0.000000,100.000000,100.000000,0.000000,0.000000,90.000000,-0.000000,0.000000,2,0,3,0.0000,0.0000,0.0000,0.5000,"LeadPursuit",-0.237997
0,B0100,L7_close_level_aggressive,HABFM,3297.631970,90.000000,90.000000,180.000000,-90.000000,15000.000480,386.782661,21622.867763,0.000000,0.000000,-0.000000,0.000000,False,False,False,False,True,True,True,2-circle,-1.000000,0.000000,100.000000,100.000000,0.000000,0.000000,90.000000,-0.000000,0.000000,2,0,0,0.0000,0.0000,0.0000,0.5000,"Pursue",-0.238041
1,A0100,adaptive_eagle_v9,HABFM,3313.088151,95.500569,84.500522,179.194280,-95.500707,15000.273890,384.472041,21544.248171,-393.097959,-131.383310,-90.643707,0.215014,False,False,False,False,False,False,False,2-circle,-1.000000,-0.002889,100.000000,100.000000,0.000000,0.000000,84.699242,-5.300707,0.954920,2,0,3,0.0000,0.0000,0.0000,0.5000,"LeadPursuit",-0.190904
1,B0100,L7_close_level_aggressive,HABFM,3313.088151,95.500569,84.500522,179.194280,-95.500707,15000.273890,384.472041,21544.248171,-393.097959,-131.383310,-90.643707,0.215014,False,False,False,False,False,False,False,2-circle,-1.000000,-0.002889,100.000000,100.000000,0.000000,0.000000,84.699242,-5.300707,0.954920,2,0,0,0.0000,0.0000,0.0000,0.5000,"Pursue",-0.190982
2,A0100,adaptive_eagle_v9,HABFM,3357.516482,100.385229,79.618065,175.599179,-100.393065,15003.626077,380.750191,21421.516800,-613.656855,-265.799273,-169.480139,0.900690,False,False,False,False,False,False,False,2-circle,-1.000000,-0.006421,100.000000,100.000000,0.000000,0.000000,68.938916,-21.060972,6.793612,2,0,3,0.0000,0.0000,0.0000,0.5000,"LeadPursuit",-0.134740
2,B0100,L7_close_level_aggressive,HABFM,3357.516482,100.385229,79.618065,175.599179,-100.393065,15003.626077,380.750191,21421.516800,-613.656855,-265.799273,-169.480139,0.900690,False,False,False,False,False,False,False,2-circle,-1.000000,-0.006421,100.000000,100.000000,0.000000,0.000000,68.938916,-21.060972,6.793612,2,0,0,0.0000,0.0000,0.0000,0.5000,"Pursue",-0.134661
3,A0100,adaptive_eagle_v9,HABFM,3425.147490,104.118532,75.883012,171.381367,-104.159784,15012.653764,376.539969,21289.394985,-660.609076,-400.373964,-227.789569,2.099711,False,False,False,False,False,True,False,2-circle,-1.000000,0.052235,100.000000,100.000000,0.000000,0.000000,48.384066,-41.616844,11.429399,2,0,3,0.0000,0.0000,0.0000,0.5000,"LeadPursuit",-0.090860
3,B0100,L7_close_level_aggressive,HABFM,3425.147490,104.118532,75.883012,171.381367,-104.159784,15012.653764,376.539969,21289.394985,-660.609076,-400.373964,-227.789569,2.099711,False,False,False,False,False,True,False,2-circle,-1.000000,0.052235,100.000000,100.000000,0.000000,0.000000,48.384066,-41.616844,11.429399,2,0,0,0.0000,0.0000,0.0000,0.5000,"Pursue",-0.090629
4,A0100,adaptive_eagle_v9,HABFM,3509.199589,106.781029,73.214940,168.326000,-106.871850,15026.625857,372.136891,21157.430928,-659.820284,-518.439119,-267.586536,4.770827,False,False,False,False,False,True,False,2-circle,-1.000000,0.228628,100.000000,100.000000,0.000000,0.000000,26.610863,-63.393139,13.546691,2,0,3,0.0000,0.0000,0.0000,0.5000,"LeadPursuit",-0.065232
4,B0100,L7_close_level_aggressive,HABFM,3509.199589,106.781029,73.214940,168.326000,-106.871850,15026.625857,372.136891,21157.430928,-659.820284,-518.439119,-267.586536,4.770827,False,False,False,False,False,True,False,2-circle,-1.000000,0.228628,100.000000,100.000000,0.000000,0.000000,26.610863,-63.393139,13.546691,2,0,0,0.0000,0.0000,0.0000,0.5000,"Pursue",-0.064054
5,A0100,adaptive_eagle_v9,HABFM,3604.500343,108.741475,71.219704,167.108916,-108.866650,15043.393486,367.821865,21032.846235,-622.923464,-634.019530,-295.811659,29.336378,False,False,False,False,False,True,False,2-circle,-1.000000,0.485316,100.000000,100.000000,0.000000,0.000000,4.716468,-85.292108,13.839592,2,0,3,0.0000,0.0000,0.0000,0.5000,"LeadPursuit",-0.065205
5,B0100,L7_close_level_aggressive,HABFM,3604.500343,108.741475,71.219704,167.108916,-108.866650,15043.393486,367.821865,21032.846235,-622.923464,-634.019530,-295.811659,29.336378,False,False,False,False,False,True,False,2-circle,-1.000000,0.485316,100.000000,100.000000,0.000000,0.000000,4.716468,-85.292108,13.839592,2,0,0,0.0000,0.0000,0.0000,0.5000,"Pursue",-0.063468
6,A0100,adaptive_eagle_v9,HABFM,3709.064920,110.751297,69.153836,167.646960,-110.880510,15060.388157,364.280509,20935.064264,-488.909854,-759.932851,-324.859897,139.661988,False,False,False,False,False,True,False,2-circle,-1.000000,0.720160,100.000000,100.000000,0.000000,0.000000,-8.374344,-98.387246,12.756214,2,6,4,0.0000,0.0000,0.0000,0.5000,"ExtensionBreak",-0.075174
6,B0100,L7_close_level_aggressive,HABFM,3709.064920,110.751297,69.153836,167.646960,-110.880510,15060.388157,364.280509,20935.064264,-488.909854,-759.932851,-324.859897,139.661988,False,False,False,False,False,True,False,2-circle,-1.000000,0.720160,100.000000,100.000000,0.000000,0.000000,-8.374344,-98.387246,12.756214,2,0,0,0.0000,0.0000,0.0000,0.5000,"Pursue",-0.068821
7,A0100,adaptive_eagle_v9,HABFM,3824.344023,113.010240,66.678189,168.495711,-113.137256,15076.307920,361.637764,20866.055206,-345.045290,-889.743534,-358.868925,140.605867,False,False,False,False,False,True,False,2-circle,-1.000000,0.845581,100.000000,100.000000,0.000000,0.000000,-4.606807,-94.622226,11.186312,2,6,4,0.0000,0.0000,0.0000,0.5000,"ExtensionBreak",-0.087616
7,B0100,L7_close_level_aggressive,HABFM,3824.344023,113.010240,66.678189,168.495711,-113.137256,15076.307920,361.637764,20866.055206,-345.045290,-889.743534,-358.868925,140.605867,False,False,False,False,False,True,False,2-circle,-1.000000,0.845581,100.000000,100.000000,0.000000,0.000000,-4.606807,-94.622226,11.186312,2,0,0,0.0000,0.0000,0.0000,0.5000,"Pursue",-0.052185
8,A0100,adaptive_eagle_v9,HABFM,3951.364704,114.781819,63.658606,168.881430,-114.908425,15091.247747,358.608855,20784.416760,-408.192230,-1095.811154,-393.080033,35.184136,False,False,False,False,False,True,False,2-circle,-1.000000,1.007799,100.000000,100.000000,0.000000,0.000000,4.040269,-85.978498,10.152880,2,6,4,0.0000,0.0000,0.0000,0.5000,"ExtensionBreak",-0.081506
8,B0100,L7_close_level_aggressive,HABFM,3951.364704,114.781819,63.658606,168.881430,-114.908425,15091.247747,358.608855,20784.416760,-408.192230,-1095.811154,-393.080033,35.184136,False,False,False,False,False,True,False,2-circle,-1.000000,1.007799,100.000000,100.000000,0.000000,0.000000,4.040269,-85.978498,10.152880,2,0,0,0.0000,0.0000,0.0000,0.5000,"Pursue",-0.038383
9,A0100,adaptive_eagle_v9,HABFM,4089.086181,116.118755,60.710604,168.565846,-116.255869,15105.805729,355.192019,20691.002223,-467.072686,-1314.393799,-422.751378,10.611422,False,False,False,False,False,True,False,2-circle,-1.000000,1.181164,100.000000,100.000000,0.000000,0.000000,13.258084,-76.764454,9.964388,2,6,4,0.0000,0.0000,0.0000,0.5000,"ExtensionBreak",-0.086453
9,B0100,L7_close_level_aggressive,HABFM,4089.086181,116.118755,60.710604,168.565846,-116.255869,15105.805729,355.192019,20691.002223,-467.072686,-1314.393799,-422.751378,10.611422,False,False,False,False,False,True,False,2-circle,-1.000000,1.181164,100.000000,100.000000,0.000000,0.000000,13.258084,-76.764454,9.964388,2,0,0,0.0000,0.0000,0.0000,0.5000,"Pursue",-0.021952
10,A0100,adaptive_eagle_v9,HABFM,4236.591549,116.895019,57.423965,167.382846,-117.059961,15120.841608,351.262229,20583.134243,-539.339900,-1586.395759,-450.383654,8.596268,False,False,False,False,False,True,False,2-circle,-1.000000,0.714960,100.000000,100.000000,0.000000,0.000000,16.364968,-73.649057,10.207336,2,6,4,0.0000,0.0000,0.0000,0.5000,"ExtensionBreak",-0.088651
10,B0100,L7_close_level_aggressive,HABFM,4236.591549,116.895019,57.423965,167.382846,-117.059961,15120.841608,351.262229,20583.134243,-539.339900,-1586.395759,-450.383654,8.596268,False,False,False,False,False,True,False,2-circle,-1.000000,0.714960,100.000000,100.000000,0.000000,0.000000,16.364968,-73.649057,10.207336,2,0,0,0.0000,0.0000,0.0000,0.5000,"Pursue",0.003428
11,A0100,adaptive_eagle_v9,HABFM,4392.568405,116.765466,53.867046,165.416574,-116.958806,15136.933616,346.527128,20452.952768,-650.907376,-1909.506555,-472.818999,17.918813,False,False,False,False,False,False,False,2-circle,-1.000000,-1.544815,100.000000,100.000000,0.000000,0.000000,8.081983,-81.886755,10.342818,2,6,4,0.0000,0.0000,0.0000,0.5000,"ExtensionBreak",-0.083787
11,B0100,L7_close_level_aggressive,HABFM,4392.568405,116.765466,53.867046,165.416574,-116.958806,15136.933616,346.527128,20452.952768,-650.907376,-1909.506555,-472.818999,17.918813,False,False,False,False,False,False,False,2-circle,-1.000000,-1.544815,100.000000,100.000000,0.000000,0.000000,8.081983,-81.886755,10.342818,2,0,0,0.0000,0.0000,0.0000,0.5000,"Pursue",0.011675
12,A0100,adaptive_eagle_v9,HABFM,4555.574432,116.337576,50.319071,163.368505,-116.526017,15153.303257,342.042505,20332.616957,-601.679055,-2232.588695,-492.723867,148.149361,False,False,False,False,False,False,False,2-circle,-1.000000,-6.089169,100.000000,100.000000,0.000000,0.000000,-5.375027,-95.247429,9.827428,2,6,4,0.0000,0.0000,0.0000,0.5000,"ExtensionBreak",-0.072599
12,B0100,L7_close_level_aggressive,HABFM,4555.574432,116.337576,50.319071,163.368505,-116.526017,15153.303257,342.042505,20332.616957,-601.679055,-2232.588695,-492.723867,148.149361,False,False,False,False,False,False,False,2-circle,-1.000000,-6.089169,100.000000,100.000000,0.000000,0.000000,-5.375027,-95.247429,9.827428,2,0,0,0.0000,0.0000,0.0000,0.5000,"Pursue",-0.000703
13,A0100,adaptive_eagle_v9,HABFM,4725.332105,116.347819,47.093283,161.787701,-116.503838,15168.254268,338.752823,20248.420290,-420.983332,-2502.900059,-513.281638,149.497738,False,False,False,False,False,False,False,2-circle,-1.000000,-12.632163,100.000000,100.000000,0.000000,0.000000,-12.246769,-101.971621,8.706067,2,6,4,0.0000,0.0000,0.0000,0.5000,"ExtensionBreak",-0.059186
13,B0100,L7_close_level_aggressive,HABFM,4725.332105,116.347819,47.093283,161.787701,-116.503838,15168.254268,338.752823,20248.420290,-420.983332,-2502.900059,-513.281638,149.497738,False,False,False,False,False,False,False,2-circle,-1.000000,-12.632163,100.000000,100.000000,0.000000,0.000000,-12.246769,-101.971621,8.706067,2,0,0,0.0000,0.0000,0.0000,0.5000,"Pursue",-0.014941
14,A0100,adaptive_eagle_v9,HABFM,4902.146775,116.862728,44.358817,160.510274,-116.998860,15181.292709,336.756367,20201.754782,-233.327543,-2711.987577,-533.981062,150.320445,False,False,False,False,False,False,False,2-circle,-1.000000,-21.543146,100.000000,100.000000,0.000000,0.000000,-5.447442,-94.957824,7.452670,2,6,4,0.0000,0.0000,0.0000,0.5000,"ExtensionBreak",-0.057755
14,B0100,L7_close_level_aggressive,HABFM,4902.146775,116.862728,44.358817,160.510274,-116.998860,15181.292709,336.756367,20201.754782,-233.327543,-2711.987577,-533.981062,150.320445,False,False,False,False,False,False,False,2-circle,-1.000000,-21.543146,100.000000,100.000000,0.000000,0.000000,-5.447442,-94.957824,7.452670,2,0,0,0.0000,0.0000,0.0000,0.5000,"Pursue",-0.010607
15,A0100,adaptive_eagle_v9,HABFM,5085.691553,117.225901,41.584614,158.430246,-117.354563,15192.968416,334.927149,20159.037577,-213.586024,-2915.125569,-553.340094,34.596165,False,False,False,False,False,False,False,2-circle,-1.000000,-32.221056,100.000000,100.000000,0.000000,0.000000,3.591939,-85.640928,6.755550,2,6,4,0.0000,0.0000,0.0000,0.5000,"ExtensionBreak",-0.071777
15,B0100,L7_close_level_aggressive,HABFM,5085.691553,117.225901,41.584614,158.430246,-117.354563,15192.968416,334.927149,20159.037577,-213.586024,-2915.125569,-553.340094,34.596165,False,False,False,False,False,False,False,2-circle,-1.000000,-32.221056,100.000000,100.000000,0.000000,0.000000,3.591939,-85.640928,6.755550,2,0,0,0.0000,0.0000,0.0000,0.5000,"Pursue",0.006490
16,A0100,adaptive_eagle_v9,HABFM,5275.814448,116.978039,37.963825,154.597980,-117.109572,15203.968317,332.455529,20097.012973,-310.123021,-3118.499359,-571.719459,18.908920,False,False,False,False,False,False,False,2-circle,-1.000000,-42.363316,100.000000,100.000000,0.000000,0.000000,6.933916,-82.005616,6.584085,1,3,4,0.0000,0.0000,0.0000,0.5000,"HeadOnBreak",-0.077603
16,B0100,L7_close_level_aggressive,HABFM,5275.814448,116.978039,37.963825,154.597980,-117.109572,15203.968317,332.455529,20097.012973,-310.123021,-3118.499359,-571.719459,18.908920,False,False,False,False,False,False,False,2-circle,-1.000000,-42.363316,100.000000,100.000000,0.000000,0.000000,6.933916,-82.005616,6.584085,2,0,0,0.0000,0.0000,0.0000,0.5000,"Pursue",0.032162
17,A0100,adaptive_eagle_v9,HABFM,5471.064551,115.829479,33.834528,149.345335,-115.957201,15214.711916,329.040445,20007.747201,-446.328860,-3280.168290,-583.388785,148.845321,False,False,False,False,False,False,False,2-circle,-1.000000,-50.955747,100.000000,100.000000,0.000000,0.000000,-0.313288,-88.967847,6.398765,1,3,4,0.0000,0.0000,0.0000,0.5000,"HeadOnBreak",-0.069275
17,B0100,L7_close_level_aggressive,HABFM,5471.064551,115.829479,33.834528,149.345335,-115.957201,15214.711916,329.040445,20007.747201,-446.328860,-3280.168290,-583.388785,148.845321,False,False,False,False,False,False,False,2-circle,-1.000000,-50.955747,100.000000,100.000000,0.000000,0.000000,-0.313288,-88.967847,6.398765,2,0,0,0.0000,0.0000,0.0000,0.5000,"Pursue",0.029640
18,A0100,adaptive_eagle_v9,HABFM,5669.655186,114.802448,29.943982,144.467331,-114.907521,15224.581447,326.141242,19933.525168,-371.110165,-3416.279239,-593.048428,154.923350,False,False,False,False,False,False,False,2-circle,-1.000000,-57.372356,100.000000,100.000000,0.000000,0.000000,-5.073577,-93.470610,5.991856,1,3,4,0.0000,0.0000,0.0000,0.5000,"HeadOnBreak",-0.050663
18,B0100,L7_close_level_aggressive,HABFM,5669.655186,114.802448,29.943982,144.467331,-114.907521,15224.581447,326.141242,19933.525168,-371.110165,-3416.279239,-593.048428,154.923350,False,False,False,False,False,False,False,2-circle,-1.000000,-57.372356,100.000000,100.000000,0.000000,0.000000,-5.073577,-93.470610,5.991856,2,0,0,0.0000,0.0000,0.0000,0.5000,"Pursue",0.011583
19,A0100,adaptive_eagle_v9,HABFM,5871.519676,114.411475,26.971780,141.133501,-114.499117,15233.202035,324.385885,19891.593221,-209.659732,-3526.942105,-602.476748,49.982536,False,False,False,False,False,False,False,2-circle,-1.000000,-61.436564,100.000000,100.000000,0.000000,0.000000,1.289768,-86.887451,5.542416,1,3,4,0.0000,0.0000,0.0000,0.5000,"HeadOnBreak",-0.035009
19,B0100,L7_close_level_aggressive,HABFM,5871.519676,114.411475,26.971780,141.133501,-114.499117,15233.202035,324.385885,19891.593221,-209.659732,-3526.942105,-602.476748,49.982536,False,False,False,False,False,False,False,2-circle,-1.000000,-61.436564,100.000000,100.000000,0.000000,0.000000,1.289768,-86.887451,5.542416,2,0,0,0.0000,0.0000,0.0000,0.5000,"Pursue",0.008782
20,A0100,adaptive_eagle_v9,HABFM,6076.091194,114.115470,24.863624,138.779391,-114.194549,15240.994197,322.908832,19857.059079,-172.670712,-3627.428040,-608.522009,13.572478,False,False,False,False,False,False,False,2-circle,-1.000000,-64.415354,100.000000,100.000000,0.000000,0.000000,9.332081,-78.628797,5.522437,1,2,4,0.0000,0.0000,0.0000,0.5000,"HeadOnBreak",-0.028276
20,B0100,L7_close_level_aggressive,HABFM,6076.091194,114.115470,24.863624,138.779391,-114.194549,15240.994197,322.908832,19857.059079,-172.670712,-3627.428040,-608.522009,13.572478,False,False,False,False,False,False,False,2-circle,-1.000000,-64.415354,100.000000,100.000000,0.000000,0.000000,9.332081,-78.628797,5.522437,2,0,0,0.0000,0.0000,0.0000,0.5000,"Pursue",0.023539
21,A0100,adaptive_eagle_v9,HABFM,6281.748101,113.314874,23.126200,136.280503,-113.396151,15248.586374,320.828100,19805.353729,-258.526749,-3704.144498,-608.215451,11.132376,False,False,False,False,False,False,False,2-circle,-1.000000,-67.769186,100.000000,100.000000,0.000000,0.000000,11.554801,-76.141968,5.865454,1,2,4,0.0000,0.0000,0.0000,0.5000,"HeadOnBreak",-0.022928
21,B0100,L7_close_level_aggressive,HABFM,6281.748101,113.314874,23.126200,136.280503,-113.396151,15248.586374,320.828100,19805.353729,-258.526749,-3704.144498,-608.215451,11.132376,False,False,False,False,False,False,False,2-circle,-1.000000,-67.769186,100.000000,100.000000,0.000000,0.000000,11.554801,-76.141968,5.865454,2,0,0,0.0000,0.0000,0.0000,0.5000,"Pursue",0.049641
22,A0100,adaptive_eagle_v9,HABFM,6485.887544,111.662024,21.702848,133.261443,-111.745434,15256.477687,317.764407,19726.632431,-393.606493,-3775.478002,-599.644796,26.465817,False,False,False,False,False,False,False,2-circle,-1.000000,-72.168716,100.000000,100.000000,0.000000,0.000000,3.324199,-84.021745,6.064273,1,1,4,0.0000,0.0000,0.0000,0.5000,"HeadOnBreak",-0.019895
22,B0100,L7_close_level_aggressive,HABFM,6485.887544,111.662024,21.702848,133.261443,-111.745434,15256.477687,317.764407,19726.632431,-393.606493,-3775.478002,-599.644796,26.465817,False,False,False,False,False,False,False,2-circle,-1.000000,-72.168716,100.000000,100.000000,0.000000,0.000000,3.324199,-84.021745,6.064273,2,0,0,0.0000,0.0000,0.0000,0.5000,"Pursue",0.061034
23,A0100,adaptive_eagle_v9,HABFM,6686.358945,109.702706,20.460656,130.128367,-109.771319,15264.104296,314.545453,19644.152413,-412.400091,-3833.350203,-587.835131,160.327879,False,False,False,False,False,False,False,2-circle,-1.000000,-77.775934,100.000000,100.000000,0.000000,0.000000,-9.241050,-96.115298,5.614126,1,1,4,0.0000,0.0000,0.0000,0.5000,"HeadOnBreak",-0.017713
23,B0100,L7_close_level_aggressive,HABFM,6686.358945,109.702706,20.460656,130.128367,-109.771319,15264.104296,314.545453,19644.152413,-412.400091,-3833.350203,-587.835131,160.327879,False,False,False,False,False,False,False,2-circle,-1.000000,-77.775934,100.000000,100.000000,0.000000,0.000000,-9.241050,-96.115298,5.614126,2,0,0,0.0000,0.0000,0.0000,0.5000,"Pursue",0.045747
24,A0100,adaptive_eagle_v9,HABFM,6883.431571,108.291670,19.319169,127.601707,-108.334532,15270.133261,312.237425,19586.138571,-290.069209,-3892.784728,-580.327644,161.456280,False,False,False,False,False,False,False,2-circle,-1.000000,-82.742660,100.000000,100.000000,0.000000,0.000000,-15.349592,-101.672476,4.524154,1,0,4,0.0000,0.0000,0.0000,0.5000,"HeadOnBreak",-0.013004
24,B0100,L7_close_level_aggressive,HABFM,6883.431571,108.291670,19.319169,127.601707,-108.334532,15270.133261,312.237425,19586.138571,-290.069209,-3892.784728,-580.327644,161.456280,False,False,False,False,False,False,False,2-circle,-1.000000,-82.742660,100.000000,100.000000,0.000000,0.000000,-15.349592,-101.672476,4.524154,2,0,0,0.0000,0.0000,0.0000,0.5000,"Pursue",0.025150
25,A0100,adaptive_eagle_v9,HABFM,7078.690303,107.538343,18.439840,125.967372,-107.563717,15274.220373,310.963096,19555.067922,-155.353242,-3906.190556,-576.538661,162.084756,False,False,False,False,False,False,False,2-circle,-1.000000,-85.542401,100.000000,100.000000,0.000000,0.000000,-8.897725,-94.633297,3.299063,1,0,4,0.0000,0.0000,0.0000,0.5000,"HeadOnBreak",-0.001977
25,B0100,L7_close_level_aggressive,HABFM,7078.690303,107.538343,18.439840,125.967372,-107.563717,15274.220373,310.963096,19555.067922,-155.353242,-3906.190556,-576.538661,162.084756,False,False,False,False,False,False,False,2-circle,-1.000000,-85.542401,100.000000,100.000000,0.000000,0.000000,-8.897725,-94.633297,3.299063,2,0,0,0.0000,0.0000,0.0000,0.5000,"Pursue",0.024814
26,A0100,adaptive_eagle_v9,HABFM,7272.538047,106.800378,18.220148,124.932429,-106.815292,15276.876241,309.781509,19525.253143,-149.073897,-3926.525936,-571.378990,34.673691,False,False,False,False,False,False,False,2-circle,-1.000000,-84.727253,100.000000,100.000000,0.000000,0.000000,-0.147834,-85.318377,2.619905,1,0,4,0.0000,0.0000,0.0000,0.5000,"HeadOnBreak",0.013372
26,B0100,L7_close_level_aggressive,HABFM,7272.538047,106.800378,18.220148,124.932429,-106.815292,15276.876241,309.781509,19525.253143,-149.073897,-3926.525936,-571.378990,34.673691,False,False,False,False,False,False,False,2-circle,-1.000000,-84.727253,100.000000,100.000000,0.000000,0.000000,-0.147834,-85.318377,2.619905,2,0,0,0.0000,0.0000,0.0000,0.5000,"Pursue",0.025180
27,A0100,adaptive_eagle_v9,HABFM,7464.031723,106.055428,19.004498,124.701112,-106.065000,15278.666478,308.598173,19494.648578,-153.022827,-3916.184045,-562.925643,12.531064,False,False,False,False,False,False,False,2-circle,-1.000000,-78.644941,100.000000,100.000000,0.000000,0.000000,7.542353,-77.187202,2.699441,1,0,4,0.0000,0.0000,0.0000,0.5000,"HeadOnBreak",0.026172
27,B0100,L7_close_level_aggressive,HABFM,7464.031723,106.055428,19.004498,124.701112,-106.065000,15278.666478,308.598173,19494.648578,-153.022827,-3916.184045,-562.925643,12.531064,False,False,False,False,False,False,False,2-circle,-1.000000,-78.644941,100.000000,100.000000,0.000000,0.000000,7.542353,-77.187202,2.699441,2,0,0,0.0000,0.0000,0.0000,0.5000,"Pursue",0.037021
28,A0100,adaptive_eagle_v9,HABFM,7651.787408,104.968172,20.675139,124.904368,-104.976659,15280.201683,306.930795,19450.748373,-219.501026,-3882.667629,-548.654612,10.802690,False,False,False,False,False,False,False,2-circle,-1.000000,-67.543773,100.000000,100.000000,0.000000,0.000000,9.297780,-75.147383,3.174881,1,0,4,0.0000,0.0000,0.0000,0.5000,"HeadOnBreak",0.029119
28,B0100,L7_close_level_aggressive,HABFM,7651.787408,104.968172,20.675139,124.904368,-104.976659,15280.201683,306.930795,19450.748373,-219.501026,-3882.667629,-548.654612,10.802690,False,False,False,False,False,False,False,2-circle,-1.000000,-67.543773,100.000000,100.000000,0.000000,0.000000,9.297780,-75.147383,3.174881,2,0,0,0.0000,0.0000,0.0000,0.5000,"Pursue",0.064684
29,A0100,adaptive_eagle_v9,HABFM,7833.589820,103.116613,22.570014,124.780626,-103.124160,15281.981990,304.315432,19381.756872,-344.957504,-3887.331112,-528.248302,23.657754,False,False,False,False,False,False,False,2-circle,-1.000000,-53.681510,100.000000,100.000000,0.000000,0.000000,1.147163,-83.038898,3.483425,1,8,4,0.0000,0.0000,0.0000,0.5000,"HeadOnBreak",0.018078
29,B0100,L7_close_level_aggressive,HABFM,7833.589820,103.116613,22.570014,124.780626,-103.124160,15281.981990,304.315432,19381.756872,-344.957504,-3887.331112,-528.248302,23.657754,False,False,False,False,False,False,False,2-circle,-1.000000,-53.681510,100.000000,100.000000,0.000000,0.000000,1.147163,-83.038898,3.483425,2,0,0,0.0000,0.0000,0.0000,0.5000,"Pursue",0.063066
30,A0100,adaptive_eagle_v9,HABFM,8008.710822,101.374068,23.765532,124.373447,-101.377410,15283.549188,301.969616,19320.361454,-306.977091,-3932.055712,-511.774828,94.709965,False,False,False,False,False,False,False,2-circle,-1.000000,-39.441254,100.000000,100.000000,0.000000,0.000000,-4.652474,-88.240051,3.398553,1,8,4,0.0000,0.0000,0.0000,0.5000,"HeadOnBreak",0.000172
30,B0100,L7_close_level_aggressive,HABFM,8008.710822,101.374068,23.765532,124.373447,-101.377410,15283.549188,301.969616,19320.361454,-306.977091,-3932.055712,-511.774828,94.709965,False,False,False,False,False,False,False,2-circle,-1.000000,-39.441254,100.000000,100.000000,0.000000,0.000000,-4.652474,-88.240051,3.398553,2,0,0,0.0000,0.0000,0.0000,0.5000,"Pursue",0.034409
31,A0100,adaptive_eagle_v9,HABFM,8180.271576,100.447124,23.830309,123.628167,-100.447915,15284.355439,300.719892,19287.823541,-162.689564,-4024.264870,-506.542011,21.702339,False,False,False,False,False,False,False,2-circle,-1.000000,-25.503381,100.000000,100.000000,0.000000,0.000000,-0.935556,-82.332430,3.177549,1,8,4,0.0000,0.0000,0.0000,0.5000,"HeadOnBreak",-0.011197
31,B0100,L7_close_level_aggressive,HABFM,8180.271576,100.447124,23.830309,123.628167,-100.447915,15284.355439,300.719892,19287.823541,-162.689564,-4024.264870,-506.542011,21.702339,False,False,False,False,False,False,False,2-circle,-1.000000,-25.503381,100.000000,100.000000,0.000000,0.000000,-0.935556,-82.332430,3.177549,2,0,0,0.0000,0.0000,0.0000,0.5000,"Pursue",0.040920
32,A0100,adaptive_eagle_v9,HABFM,8350.933637,99.361541,23.179594,121.929902,-99.361733,15284.662646,299.276506,19249.791514,-190.160134,-4188.598585,-504.063441,14.078498,False,False,False,False,False,False,False,2-circle,-1.000000,-11.788759,100.000000,100.000000,0.000000,0.000000,-133.840921,-78.222543,3.154893,1,6,4,0.0000,0.0000,0.0000,0.5000,"HeadOnBreak",-0.011859
32,B0100,L7_close_level_aggressive,HABFM,8350.933637,99.361541,23.179594,121.929902,-99.361733,15284.662646,299.276506,19249.791514,-190.160134,-4188.598585,-504.063441,14.078498,False,False,False,False,False,False,False,2-circle,-1.000000,-11.788759,100.000000,100.000000,0.000000,0.000000,-133.840921,-78.222543,3.154893,2,0,0,0.0000,0.0000,0.0000,0.5000,"Pursue",0.073466
33,A0100,adaptive_eagle_v9,HABFM,8519.872560,97.465175,22.477414,119.337496,-97.465171,15284.950218,296.879348,19186.813380,-314.890673,-4378.370065,-496.143673,23.539687,False,False,False,False,False,True,False,2-circle,-1.000000,1.558773,100.000000,100.000000,0.000000,0.000000,-173.272457,-82.837089,3.178864,1,5,4,0.0000,0.0000,0.0000,0.5000,"HeadOnBreak",-0.018351
33,B0100,L7_close_level_aggressive,HABFM,8519.872560,97.465175,22.477414,119.337496,-97.465171,15284.950218,296.879348,19186.813380,-314.890673,-4378.370065,-496.143673,23.539687,False,False,False,False,False,True,False,2-circle,-1.000000,1.558773,100.000000,100.000000,0.000000,0.000000,-173.272457,-82.837089,3.178864,2,0,0,0.0000,0.0000,0.0000,0.5000,"Pursue",0.088947
34,A0100,adaptive_eagle_v9,HABFM,8685.938955,95.256629,21.353833,116.061691,-95.256917,15285.019135,294.267929,19118.540807,-341.362864,-4594.856717,-488.017153,170.934043,False,False,False,False,False,True,False,2-circle,-1.000000,14.729305,100.000000,100.000000,0.000000,0.000000,176.133471,-91.725652,2.811385,1,6,4,0.0000,0.0000,0.0000,0.5000,"HeadOnBreak",-0.023871
34,B0100,L7_close_level_aggressive,HABFM,8685.938955,95.256629,21.353833,116.061691,-95.256917,15285.019135,294.267929,19118.540807,-341.362864,-4594.856717,-488.017153,170.934043,False,False,False,False,False,True,False,2-circle,-1.000000,14.729305,100.000000,100.000000,0.000000,0.000000,176.133471,-91.725652,2.811385,2,0,0,0.0000,0.0000,0.0000,0.5000,"Pursue",0.071535
35,A0100,adaptive_eagle_v9,HABFM,8849.942349,93.542583,19.848384,113.002967,-93.545629,15283.969085,292.437333,19069.943616,-242.985957,-4790.230616,-484.448200,171.972188,False,False,False,False,False,True,False,2-circle,-1.000000,27.842991,100.000000,100.000000,0.000000,0.000000,171.727395,-95.535973,2.004905,1,6,4,0.0000,0.0000,0.0000,0.5000,"HeadOnBreak",-0.024746
35,B0100,L7_close_level_aggressive,HABFM,8849.942349,93.542583,19.848384,113.002967,-93.545629,15283.969085,292.437333,19069.943616,-242.985957,-4790.230616,-484.448200,171.972188,False,False,False,False,False,True,False,2-circle,-1.000000,27.842991,100.000000,100.000000,0.000000,0.000000,171.727395,-95.535973,2.004905,2,0,0,0.0000,0.0000,0.0000,0.5000,"Pursue",0.043271
36,A0100,adaptive_eagle_v9,HABFM,9013.635407,92.528734,18.231729,110.578512,-92.535851,15281.509715,291.563683,19044.897007,-125.233041,-4954.507519,-485.583262,128.862297,False,False,False,False,False,True,False,2-circle,-1.000000,39.811039,100.000000,100.000000,0.000000,0.000000,178.378958,-88.661646,1.157768,1,7,4,0.0000,0.0000,0.0000,0.5000,"HeadOnBreak",-0.020073
36,B0100,L7_close_level_aggressive,HABFM,9013.635407,92.528734,18.231729,110.578512,-92.535851,15281.509715,291.563683,19044.897007,-125.233041,-4954.507519,-485.583262,128.862297,False,False,False,False,False,True,False,2-circle,-1.000000,39.811039,100.000000,100.000000,0.000000,0.000000,178.378958,-88.661646,1.157768,2,0,0,0.0000,0.0000,0.0000,0.5000,"Pursue",0.039667
37,A0100,adaptive_eagle_v9,HABFM,9177.814218,91.616979,16.859442,108.450835,-91.627394,15278.023868,290.836823,19022.670509,-111.132491,-5115.290904,-486.434647,16.608722,False,False,False,False,False,True,False,2-circle,-1.000000,48.884466,100.000000,100.000000,0.000000,0.000000,-172.625037,-79.700914,0.811092,1,7,4,0.0000,0.0000,0.0000,0.5000,"HeadOnBreak",-0.012715
37,B0100,L7_close_level_aggressive,HABFM,9177.814218,91.616979,16.859442,108.450835,-91.627394,15278.023868,290.836823,19022.670509,-111.132491,-5115.290904,-486.434647,16.608722,False,False,False,False,False,True,False,2-circle,-1.000000,48.884466,100.000000,100.000000,0.000000,0.000000,-172.625037,-79.700914,0.811092,2,0,0,0.0000,0.0000,0.0000,0.5000,"Pursue",0.061046
38,A0100,adaptive_eagle_v9,HABFM,9341.675149,90.253434,15.941033,106.181483,-90.264246,15274.078051,289.537021,18985.328478,-186.710158,-5300.655943,-483.102429,11.886016,False,False,False,False,False,True,False,2-circle,-1.000000,53.725407,100.000000,100.000000,0.000000,0.000000,-168.381941,-75.692613,0.985841,1,8,4,0.0000,0.0000,0.0000,0.5000,"HeadOnBreak",-0.411822
38,B0100,L7_close_level_aggressive,HABFM,9341.675149,90.253434,15.941033,106.181483,-90.264246,15274.078051,289.537021,18985.328478,-186.710158,-5300.655943,-483.102429,11.886016,False,False,False,False,False,True,False,2-circle,-1.000000,53.725407,100.000000,100.000000,0.000000,0.000000,-168.381941,-75.692613,0.985841,2,0,0,0.0000,0.0000,0.0000,0.5000,"Pursue",0.100122
39,A0100,adaptive_eagle_v9,HABFM,9503.514846,88.100967,15.009918,103.044940,-88.110228,15270.257262,287.328988,18925.118923,-301.047773,-5534.439297,-475.075839,18.902524,False,False,True,False,False,True,False,2-circle,-1.000000,54.734412,100.000000,100.000000,0.000000,0.000000,-173.178579,-80.822049,1.212321,1,8,4,0.0000,0.0000,0.0000,0.5000,"HeadOnBreak",-0.460300
39,B0100,L7_close_level_aggressive,HABFM,9503.514846,88.100967,15.009918,103.044940,-88.110228,15270.257262,287.328988,18925.118923,-301.047773,-5534.439297,-475.075839,18.902524,False,False,True,False,False,True,False,2-circle,-1.000000,54.734412,100.000000,100.000000,0.000000,0.000000,-173.178579,-80.822049,1.212321,2,0,0,0.0000,0.0000,0.0000,0.5000,"Pursue",0.098904
40,A0100,adaptive_eagle_v9,HABFM,9662.751164,86.062993,13.083949,99.095632,-86.071872,15266.367391,285.415310,18872.706724,-262.060997,-5721.914995,-469.132918,31.663106,False,False,True,False,False,True,False,2-circle,-1.000000,55.044961,100.000000,100.000000,0.000000,0.000000,-176.537504,-84.454667,1.248076,1,8,4,0.0000,0.0000,0.0000,0.5000,"HeadOnBreak",-0.313548
40,B0100,L7_close_level_aggressive,HABFM,9662.751164,86.062993,13.083949,99.095632,-86.071872,15266.367391,285.415310,18872.706724,-262.060997,-5721.914995,-469.132918,31.663106,False,False,True,False,False,True,False,2-circle,-1.000000,55.044961,100.000000,100.000000,0.000000,0.000000,-176.537504,-84.454667,1.248076,2,0,0,0.0000,0.0000,0.0000,0.5000,"Pursue",0.064365
41,A0100,adaptive_eagle_v9,HABFM,9820.709728,84.780775,10.144601,94.910613,-84.789740,15261.967449,284.500583,18845.227928,-137.393980,-5776.549204,-467.009432,15.586877,False,False,True,False,False,True,False,2-circle,-1.000000,57.103754,100.000000,100.000000,0.000000,0.000000,-170.742240,-78.808511,1.251715,1,8,4,0.0000,0.0000,0.0000,0.5000,"HeadOnBreak",-0.346919
41,B0100,L7_close_level_aggressive,HABFM,9820.709728,84.780775,10.144601,94.910613,-84.789740,15261.967449,284.500583,18845.227928,-137.393980,-5776.549204,-467.009432,15.586877,False,False,True,False,False,True,False,2-circle,-1.000000,57.103754,100.000000,100.000000,0.000000,0.000000,-170.742240,-78.808511,1.251715,2,0,0,0.0000,0.0000,0.0000,0.5000,"Pursue",0.073178
42,A0100,adaptive_eagle_v9,HABFM,9977.820374,83.366935,6.772950,90.139674,-83.375563,15257.236206,283.463855,18814.429259,-153.993343,-5789.784236,-462.350627,11.369560,False,False,True,False,False,True,False,2-circle,-1.000000,61.077487,100.000000,100.000000,0.000000,0.000000,-166.651644,-74.771892,1.419992,1,8,4,0.0000,0.0000,0.0000,0.5000,"HeadOnBreak",-0.530453
42,B0100,L7_close_level_aggressive,HABFM,9977.820374,83.366935,6.772950,90.139674,-83.375563,15257.236206,283.463855,18814.429259,-153.993343,-5789.784236,-462.350627,11.369560,False,False,True,False,False,True,False,2-circle,-1.000000,61.077487,100.000000,100.000000,0.000000,0.000000,-166.651644,-74.771892,1.419992,2,0,0,0.0000,0.0000,0.0000,0.5000,"Pursue",0.122753
43,A0100,adaptive_eagle_v9,UNKNOWN,10132.192145,81.093338,3.411788,84.477364,-81.100952,15252.696009,281.486970,18760.446141,-269.915591,-5833.814867,-450.903395,15.697564,False,False,True,False,False,True,False,1-circle,-1.000000,65.865475,100.000000,100.000000,0.000000,0.000000,-170.638137,-78.771486,1.608189,1,8,4,0.0000,0.0000,0.0000,0.5000,"HeadOnBreak",-0.611285
43,B0100,L7_close_level_aggressive,UNKNOWN,10132.192145,81.093338,3.411788,84.477364,-81.100952,15252.696009,281.486970,18760.446141,-269.915591,-5833.814867,-450.903395,15.697564,False,False,True,False,False,True,False,1-circle,-1.000000,65.865475,100.000000,100.000000,0.000000,0.000000,-170.638137,-78.771486,1.608189,2,0,0,0.0000,0.0000,0.0000,0.5000,"Pursue",0.151966
44,A0100,adaptive_eagle_v9,UNKNOWN,10281.921894,78.428784,0.529886,78.438280,-78.435301,15248.319335,279.247452,18700.476004,-299.850685,-5887.305334,-435.708000,57.892121,False,False,True,False,False,True,False,1-circle,-1.000000,70.742985,100.000000,100.000000,0.000000,0.000000,-178.761816,-86.894626,1.457108,1,8,4,0.0000,0.0000,0.0000,0.5000,"HeadOnBreak",-0.442352
44,B0100,L7_close_level_aggressive,UNKNOWN,10281.921894,78.428784,0.529886,78.438280,-78.435301,15248.319335,279.247452,18700.476004,-299.850685,-5887.305334,-435.708000,57.892121,False,False,True,False,False,True,False,1-circle,-1.000000,70.742985,100.000000,100.000000,0.000000,0.000000,-178.761816,-86.894626,1.457108,2,0,0,0.0000,0.0000,0.0000,0.5000,"Pursue",0.134470
45,A0100,adaptive_eagle_v9,UNKNOWN,10426.586274,76.194840,3.331481,72.883098,-76.199008,15243.330996,277.711917,18657.626383,-214.248105,-5916.965571,-421.579365,180.913632,False,False,True,False,False,True,False,1-circle,-1.000000,75.642557,100.000000,100.000000,0.000000,0.000000,177.563744,-90.558938,0.930763,1,0,4,0.0000,0.0000,0.0000,0.5000,"HeadOnBreak",-0.287610
45,B0100,L7_close_level_aggressive,UNKNOWN,10426.586274,76.194840,3.331481,72.883098,-76.199008,15243.330996,277.711917,18657.626383,-214.248105,-5916.965571,-421.579365,180.913632,False,False,True,False,False,True,False,1-circle,-1.000000,75.642557,100.000000,100.000000,0.000000,0.000000,177.563744,-90.558938,0.930763,2,0,0,0.0000,0.0000,0.0000,0.5000,"Pursue",0.096945
46,A0100,adaptive_eagle_v9,UNKNOWN,10566.836493,74.652154,6.847323,67.804884,-74.652644,15237.355885,277.081350,18636.164024,-107.311797,-5890.677065,-409.002323,31.117923,False,False,True,False,False,True,False,1-circle,-1.000000,80.031132,100.000000,100.000000,0.000000,0.000000,-176.074926,-84.192211,0.367478,1,0,4,0.0000,0.0000,0.0000,0.5000,"HeadOnBreak",-0.256307
46,B0100,L7_close_level_aggressive,UNKNOWN,10566.836493,74.652154,6.847323,67.804884,-74.652644,15237.355885,277.081350,18636.164024,-107.311797,-5890.677065,-409.002323,31.117923,False,False,True,False,False,True,False,1-circle,-1.000000,80.031132,100.000000,100.000000,0.000000,0.000000,-176.074926,-84.192211,0.367478,2,0,0,0.0000,0.0000,0.0000,0.5000,"Pursue",0.092960
47,A0100,adaptive_eagle_v9,UNKNOWN,10702.438836,73.227496,10.853483,62.376861,-73.223965,15230.636436,276.622604,18618.199502,-89.822609,-5809.875278,-393.402170,12.205673,False,False,True,False,False,True,False,1-circle,-1.000000,83.392646,100.000000,100.000000,0.000000,0.000000,-167.311971,-75.438727,0.223832,1,8,4,0.0000,0.0000,0.0000,0.5000,"HeadOnBreak",-0.371857
47,B0100,L7_close_level_aggressive,UNKNOWN,10702.438836,73.227496,10.853483,62.376861,-73.223965,15230.636436,276.622604,18618.199502,-89.822609,-5809.875278,-393.402170,12.205673,False,False,True,False,False,True,False,1-circle,-1.000000,83.392646,100.000000,100.000000,0.000000,0.000000,-167.311971,-75.438727,0.223832,2,0,0,0.0000,0.0000,0.0000,0.5000,"Pursue",0.130626
48,A0100,adaptive_eagle_v9,UNKNOWN,10832.190563,71.314654,14.415990,56.898681,-71.308996,15223.701844,275.591179,18586.050031,-160.747352,-5778.830452,-374.569086,9.308695,False,False,True,False,False,True,False,1-circle,-1.000000,86.318411,100.000000,100.000000,0.000000,0.000000,-162.989899,-71.125876,0.546532,1,8,4,0.0000,0.0000,0.0000,0.5000,"HeadOnBreak",-0.562435
48,B0100,L7_close_level_aggressive,UNKNOWN,10832.190563,71.314654,14.415990,56.898681,-71.308996,15223.701844,275.591179,18586.050031,-160.747352,-5778.830452,-374.569086,9.308695,False,False,True,False,False,True,False,1-circle,-1.000000,86.318411,100.000000,100.000000,0.000000,0.000000,-162.989899,-71.125876,0.546532,2,0,0,0.0000,0.0000,0.0000,0.5000,"Pursue",0.197238
49,A0100,adaptive_eagle_v9,UNKNOWN,10954.997070,68.596544,17.498403,51.103866,-68.590524,15217.229172,273.678930,18533.078467,-264.857821,-5810.885751,-351.956886,12.312366,False,False,True,False,False,True,False,1-circle,-1.000000,89.292096,100.000000,100.000000,0.000000,0.000000,-167.277017,-75.412389,0.938930,1,8,4,0.0000,0.0000,0.0000,0.5000,"HeadOnBreak",-0.647193
49,B0100,L7_close_level_aggressive,UNKNOWN,10954.997070,68.596544,17.498403,51.103866,-68.590524,15217.229172,273.678930,18533.078467,-264.857821,-5810.885751,-351.956886,12.312366,False,False,True,False,False,True,False,1-circle,-1.000000,89.292096,100.000000,100.000000,0.000000,0.000000,-167.277017,-75.412389,0.938930,2,0,0,0.0000,0.0000,0.0000,0.5000,"Pursue",0.237154
50,A0100,adaptive_eagle_v9,UNKNOWN,11069.843886,65.562422,20.196318,45.398662,-65.553332,15211.231643,271.584757,18476.529789,-282.743392,-5872.818720,-328.556421,30.396663,False,False,True,False,False,True,False,1-circle,-1.000000,93.096171,100.000000,100.000000,0.000000,0.000000,-175.827195,-83.937056,0.990445,1,8,4,0.0000,0.0000,0.0000,0.5000,"HeadOnBreak",-0.556328
50,B0100,L7_close_level_aggressive,UNKNOWN,11069.843886,65.562422,20.196318,45.398662,-65.553332,15211.231643,271.584757,18476.529789,-282.743392,-5872.818720,-328.556421,30.396663,False,False,True,False,False,True,False,1-circle,-1.000000,93.096171,100.000000,100.000000,0.000000,0.000000,-175.827195,-83.937056,0.990445,2,0,0,0.0000,0.0000,0.0000,0.5000,"Pursue",0.218516
51,A0100,adaptive_eagle_v9,UNKNOWN,11177.122000,62.964205,22.839298,40.214711,-62.945329,15204.907245,270.168356,18436.235062,-201.473635,-5913.053013,-306.948699,99.197284,False,False,True,False,False,True,False,1-circle,-1.000000,98.406756,100.000000,100.000000,0.000000,0.000000,179.922108,-88.126177,0.647144,1,8,4,0.0000,0.0000,0.0000,0.5000,"HeadOnBreak",-0.393193
51,B0100,L7_close_level_aggressive,UNKNOWN,11177.122000,62.964205,22.839298,40.214711,-62.945329,15204.907245,270.168356,18436.235062,-201.473635,-5913.053013,-306.948699,99.197284,False,False,True,False,False,True,False,1-circle,-1.000000,98.406756,100.000000,100.000000,0.000000,0.000000,179.922108,-88.126177,0.647144,2,0,0,0.0000,0.0000,0.0000,0.5000,"Pursue",0.167920
52,A0100,adaptive_eagle_v9,UNKNOWN,11277.442156,61.084100,25.615469,35.632160,-61.053977,15197.789631,269.640135,18416.494309,-98.703764,-5904.169095,-287.152629,23.933123,False,False,True,False,False,True,False,1-circle,-1.000000,105.437101,100.000000,100.000000,0.000000,0.000000,-174.313789,-82.262423,0.225308,1,8,4,0.0000,0.0000,0.0000,0.5000,"HeadOnBreak",-0.358449
52,B0100,L7_close_level_aggressive,UNKNOWN,11277.442156,61.084100,25.615469,35.632160,-61.053977,15197.789631,269.640135,18416.494309,-98.703764,-5904.169095,-287.152629,23.933123,False,False,True,False,False,True,False,1-circle,-1.000000,105.437101,100.000000,100.000000,0.000000,0.000000,-174.313789,-82.262423,0.225308,2,0,0,0.0000,0.0000,0.0000,0.5000,"Pursue",0.161583
53,A0100,adaptive_eagle_v9,UNKNOWN,11371.124977,59.367154,28.434801,31.154002,-59.328444,15190.036734,269.300652,18400.641673,-79.263178,-5882.106439,-266.954778,11.094346,False,False,True,False,False,True,False,1-circle,-1.000000,113.506166,100.000000,100.000000,0.000000,0.000000,-165.817449,-73.642832,0.159026,1,8,4,0.0000,0.0000,0.0000,0.5000,"HeadOnBreak",-0.480419
53,B0100,L7_close_level_aggressive,UNKNOWN,11371.124977,59.367154,28.434801,31.154002,-59.328444,15190.036734,269.300652,18400.641673,-79.263178,-5882.106439,-266.954778,11.094346,False,False,True,False,False,True,False,1-circle,-1.000000,113.506166,100.000000,100.000000,0.000000,0.000000,-165.817449,-73.642832,0.159026,2,1,1,0.0000,0.0000,0.0000,0.5000,"Pursue",0.219818
54,A0100,adaptive_eagle_v9,UNKNOWN,11457.585329,57.175064,31.241010,26.158630,-57.136309,15182.154543,268.386183,18370.991882,-148.248958,-5880.594344,-243.994324,8.569462,False,False,True,False,False,True,False,1-circle,-1.000000,121.446529,100.000000,100.000000,0.000000,0.000000,-161.428769,-69.128897,0.525517,1,8,4,0.0000,0.0000,0.0000,0.5000,"HeadOnBreak",-0.682596
54,B0100,L7_close_level_aggressive,UNKNOWN,11457.585329,57.175064,31.241010,26.158630,-57.136309,15182.154543,268.386183,18370.991882,-148.248958,-5880.594344,-243.994324,8.569462,False,False,True,False,False,True,False,1-circle,-1.000000,121.446529,100.000000,100.000000,0.000000,0.000000,-161.428769,-69.128897,0.525517,2,1,1,0.0000,0.0000,0.0000,0.5000,"Pursue",0.324538
55,A0100,adaptive_eagle_v9,UNKNOWN,11535.429833,54.198780,34.336939,20.045128,-54.166229,15174.853795,266.610059,18321.624651,-246.836155,-5884.109158,-215.357449,10.702225,False,False,True,False,False,True,False,1-circle,-1.000000,127.847966,100.000000,100.000000,0.000000,0.000000,-165.320142,-72.917100,0.974134,1,0,4,0.0000,0.0000,0.0000,0.5000,"HeadOnBreak",-0.775995
55,B0100,L7_close_level_aggressive,UNKNOWN,11535.429833,54.198780,34.336939,20.045128,-54.166229,15174.853795,266.610059,18321.624651,-246.836155,-5884.109158,-215.357449,10.702225,False,False,True,False,False,True,False,1-circle,-1.000000,127.847966,100.000000,100.000000,0.000000,0.000000,-165.320142,-72.917100,0.974134,2,1,1,0.0000,0.0000,0.0000,0.5000,"Pursue",0.397380
56,A0100,adaptive_eagle_v9,UNKNOWN,11602.565629,50.904211,37.934704,13.201389,-50.871052,15168.234409,264.639856,18268.668916,-264.778671,-5848.374901,-181.526715,20.820550,False,False,True,False,False,True,False,1-circle,-1.000000,132.611260,100.000000,100.000000,0.000000,0.000000,-173.444436,-80.958559,1.129846,1,8,4,0.0000,0.0000,0.0000,0.5000,"HeadOnBreak",-0.698740
56,B0100,L7_close_level_aggressive,UNKNOWN,11602.565629,50.904211,37.934704,13.201389,-50.871052,15168.234409,264.639856,18268.668916,-264.778671,-5848.374901,-181.526715,20.820550,False,False,True,False,False,True,False,1-circle,-1.000000,132.611260,100.000000,100.000000,0.000000,0.000000,-173.444436,-80.958559,1.129846,2,1,1,0.0000,0.0000,0.0000,0.5000,"Pursue",0.383592
57,A0100,adaptive_eagle_v9,UNKNOWN,11658.623967,48.028293,41.067189,7.655979,-47.980200,15161.557445,263.312174,18230.960602,-188.541574,-5815.221796,-151.572051,38.289946,False,False,True,False,False,True,False,1-circle,-1.000000,137.772625,100.000000,100.000000,0.000000,0.000000,-177.618010,-85.030078,0.939422,2,8,4,0.0000,0.0000,0.0000,0.5000,"LeadPursuit",-0.536867
57,B0100,L7_close_level_aggressive,UNKNOWN,11658.623967,48.028293,41.067189,7.655979,-47.980200,15161.557445,263.312174,18230.960602,-188.541574,-5815.221796,-151.572051,38.289946,False,False,True,False,False,True,False,1-circle,-1.000000,137.772625,100.000000,100.000000,0.000000,0.000000,-177.618010,-85.030078,0.939422,2,1,1,0.0000,0.0000,0.0000,0.5000,"Pursue",0.312251
58,A0100,adaptive_eagle_v9,UNKNOWN,11705.947866,45.879451,43.413616,4.724290,-45.813184,15154.313273,262.845901,18212.855454,-90.525738,-5811.474216,-129.220333,17.916489,False,False,True,False,False,True,False,1-circle,-1.000000,144.802309,100.000000,100.000000,0.000000,0.000000,-172.188811,-79.453103,0.684142,2,8,4,0.0000,0.0000,0.0000,0.5000,"LeadPursuit",-0.498625
58,B0100,L7_close_level_aggressive,UNKNOWN,11705.947866,45.879451,43.413616,4.724290,-45.813184,15154.313273,262.845901,18212.855454,-90.525738,-5811.474216,-129.220333,17.916489,False,False,True,False,False,True,False,1-circle,-1.000000,144.802309,100.000000,100.000000,0.000000,0.000000,-172.188811,-79.453103,0.684142,2,1,1,0.0000,0.0000,0.0000,0.5000,"Pursue",0.305657
59,A0100,adaptive_eagle_v9,OBFM,11746.192039,43.929655,45.659068,4.945399,-43.850390,15146.582869,262.583577,18199.023166,-69.161440,-5804.934285,-107.966440,9.714426,False,False,True,False,False,True,False,1-circle,-1.000000,153.475740,100.000000,100.000000,0.000000,0.000000,-163.954345,-71.029095,0.746302,2,8,4,0.0000,0.0000,0.0000,0.5000,"LeadPursuit",-0.651733
59,B0100,L7_close_level_aggressive,OBFM,11746.192039,43.929655,45.659068,4.945399,-43.850390,15146.582869,262.583577,18199.023166,-69.161440,-5804.934285,-107.966440,9.714426,False,False,True,False,False,True,False,1-circle,-1.000000,153.475740,100.000000,100.000000,0.000000,0.000000,-163.954345,-71.029095,0.746302,2,1,1,0.0000,0.0000,0.0000,0.5000,"Pursue",0.414740
60,A0100,adaptive_eagle_v9,OBFM,11778.854513,41.514578,48.035839,8.055678,-41.440375,15138.851600,261.750259,18171.948584,-135.372909,-5803.672488,-84.188523,7.689707,False,False,True,False,False,True,False,1-circle,-1.000000,163.076518,100.000000,100.000000,0.000000,0.000000,-159.604751,-66.458723,1.200644,2,8,4,0.0000,0.0000,0.0000,0.5000,"LeadPursuit",-0.921600
60,B0100,L7_close_level_aggressive,OBFM,11778.854513,41.514578,48.035839,8.055678,-41.440375,15138.851600,261.750259,18171.948584,-135.372909,-5803.672488,-84.188523,7.689707,False,False,True,False,False,True,False,1-circle,-1.000000,163.076518,100.000000,100.000000,0.000000,0.000000,-159.604751,-66.458723,1.200644,2,1,1,0.0000,0.0000,0.0000,0.5000,"Pursue",0.615881
61,A0100,adaptive_eagle_v9,OBFM,11803.081276,38.333600,50.445364,12.848163,-38.278936,15131.868595,260.069937,18126.148267,-229.001589,-5827.949758,-58.179038,9.224288,False,False,True,False,False,True,False,1-circle,-1.000000,172.377676,100.000000,100.000000,0.000000,0.000000,-163.300786,-69.921958,1.731568,2,8,4,0.0000,0.0000,0.0000,0.5000,"LeadPursuit",-1.078252
61,B0100,L7_close_level_aggressive,OBFM,11803.081276,38.333600,50.445364,12.848163,-38.278936,15131.868595,260.069937,18126.148267,-229.001589,-5827.949758,-58.179038,9.224288,False,False,True,False,False,True,False,1-circle,-1.000000,172.377676,100.000000,100.000000,0.000000,0.000000,-163.300786,-69.921958,1.731568,2,1,1,0.0000,0.0000,0.0000,0.5000,"Pursue",0.783543
62,A0100,adaptive_eagle_v9,OBFM,11818.096482,34.832760,53.176228,18.755194,-34.787948,15125.814867,258.174039,18076.597359,-247.754540,-5830.914159,-29.163463,15.473436,False,False,True,False,False,True,False,1-circle,-1.000000,180.680473,100.000000,100.000000,0.000000,0.000000,-171.235768,-77.621281,2.002691,2,8,4,0.0000,0.0000,0.0000,0.5000,"LeadPursuit",-1.004404
62,B0100,L7_close_level_aggressive,OBFM,11818.096482,34.832760,53.176228,18.755194,-34.787948,15125.814867,258.174039,18076.597359,-247.754540,-5830.914159,-29.163463,15.473436,False,False,True,False,False,True,False,1-circle,-1.000000,180.680473,100.000000,100.000000,0.000000,0.000000,-171.235768,-77.621281,2.002691,2,1,1,0.0000,0.0000,0.0000,0.5000,"Pursue",0.801051
63,A0100,adaptive_eagle_v9,OBFM,11823.095333,31.742610,56.012647,24.635226,-31.685902,15119.998585,256.888088,18041.458889,-175.692349,-5797.451951,-0.352500,23.249772,False,False,True,False,False,True,False,1-circle,-1.000000,188.895378,100.000000,100.000000,0.000000,0.000000,-175.524355,-81.649042,1.968663,2,8,4,0.0000,0.0000,0.0000,0.5000,"LeadPursuit",-0.809911
63,B0100,L7_close_level_aggressive,OBFM,11823.095333,31.742610,56.012647,24.635226,-31.685902,15119.998585,256.888088,18041.458889,-175.692349,-5797.451951,-0.352500,23.249772,False,False,True,False,False,True,False,1-circle,-1.000000,188.895378,100.000000,100.000000,0.000000,0.000000,-175.524355,-81.649042,1.968663,2,1,1,0.0000,0.0000,0.0000,0.5000,"Pursue",0.695887
64,A0100,adaptive_eagle_v9,OBFM,11819.251626,29.383705,58.337372,29.344432,-29.308332,15113.855258,256.437030,18025.065256,-81.968165,-5770.989079,22.871083,14.112271,False,False,True,False,False,True,False,1-circle,-1.000000,198.206969,100.000000,100.000000,0.000000,0.000000,-170.569722,-76.381031,1.882428,2,8,4,0.0000,0.0000,0.0000,0.5000,"LeadPursuit",-0.776297
64,B0100,L7_close_level_aggressive,OBFM,11819.251626,29.383705,58.337372,29.344432,-29.308332,15113.855258,256.437030,18025.065256,-81.968165,-5770.989079,22.871083,14.112271,False,False,True,False,False,True,False,1-circle,-1.000000,198.206969,100.000000,100.000000,0.000000,0.000000,-170.569722,-76.381031,1.882428,2,2,3,0.0000,0.0000,0.0000,0.5000,"Pursue",0.707965
65,A0100,adaptive_eagle_v9,OBFM,11808.177740,27.251834,60.474949,33.609799,-27.163406,15107.380734,256.205273,18013.331046,-58.671049,-5750.241241,44.081504,8.560932,False,False,True,False,False,True,False,1-circle,-1.000000,208.465742,100.000000,100.000000,0.000000,0.000000,-162.766244,-68.209902,2.099241,2,8,4,0.0000,0.0000,0.0000,0.5000,"LeadPursuit",-1.037358
65,B0100,L7_close_level_aggressive,OBFM,11808.177740,27.251834,60.474949,33.609799,-27.163406,15107.380734,256.205273,18013.331046,-58.671049,-5750.241241,44.081504,8.560932,False,False,True,False,False,True,False,1-circle,-1.000000,208.465742,100.000000,100.000000,0.000000,0.000000,-162.766244,-68.209902,2.099241,2,2,3,0.0000,0.0000,0.0000,0.5000,"Pursue",0.995963
66,A0100,adaptive_eagle_v9,OBFM,11789.786948,24.662452,62.664392,38.295135,-24.588324,15101.037253,255.408025,17988.930508,-122.002688,-5743.296972,66.089785,6.930422,False,False,True,False,False,True,False,1-circle,-1.000000,218.822524,100.000000,100.000000,0.000000,0.000000,-158.615838,-63.647352,2.695204,2,8,4,0.0000,0.0000,0.0000,0.5000,"LeadPursuit",-1.508213
66,B0100,L7_close_level_aggressive,OBFM,11789.786948,24.662452,62.664392,38.295135,-24.588324,15101.037253,255.408025,17988.930508,-122.002688,-5743.296972,66.089785,6.930422,False,False,True,False,False,True,False,1-circle,-1.000000,218.822524,100.000000,100.000000,0.000000,0.000000,-158.615838,-63.647352,2.695204,2,2,3,0.0000,0.0000,0.0000,0.5000,"Pursue",1.561913
67,A0100,adaptive_eagle_v9,OBFM,11763.580449,21.326371,65.178752,44.009623,-21.288053,15095.614941,253.778275,17946.770679,-210.799146,-5737.208237,91.119119,8.050562,False,False,True,False,False,True,False,1-circle,-1.000000,227.991444,100.000000,100.000000,0.000000,0.000000,-162.180063,-66.773198,3.364166,2,8,4,0.0000,0.0000,0.0000,0.5000,"LeadPursuit",-1.916006
67,B0100,L7_close_level_aggressive,OBFM,11763.580449,21.326371,65.178752,44.009623,-21.288053,15095.614941,253.778275,17946.770679,-210.799146,-5737.208237,91.119119,8.050562,False,False,True,False,False,True,False,1-circle,-1.000000,227.991444,100.000000,100.000000,0.000000,0.000000,-162.180063,-66.773198,3.364166,2,2,3,0.0000,0.0000,0.0000,0.5000,"Pursue",2.187024
68,A0100,adaptive_eagle_v9,OBFM,11728.554463,17.663797,67.809997,50.230018,-17.647886,15091.384002,251.910315,17900.721774,-230.244525,-5725.008724,116.680547,12.089806,False,False,True,False,False,True,False,1-circle,-1.000000,235.913211,100.000000,100.000000,0.000000,0.000000,-169.823142,-73.941135,3.770116,2,8,4,0.0000,0.0000,0.0000,0.5000,"LeadPursuit",-2.278193
68,B0100,L7_close_level_aggressive,OBFM,11728.554463,17.663797,67.809997,50.230018,-17.647886,15091.384002,251.910315,17900.721774,-230.244525,-5725.008724,116.680547,12.089806,False,False,True,False,False,True,False,1-circle,-1.000000,235.913211,100.000000,100.000000,0.000000,0.000000,-169.823142,-73.941135,3.770116,2,2,3,0.0000,0.0000,0.0000,0.5000,"Pursue",2.865005
69,A0100,adaptive_eagle_v9,OBFM,11685.677373,14.010816,69.921773,55.981676,-13.995817,15087.757889,250.241165,17859.989831,-203.659716,-5742.467297,137.005279,25.551007,False,False,True,False,False,True,False,1-circle,-1.000000,243.811133,100.000000,100.000000,0.000000,0.000000,-178.630703,-82.193554,3.725644,2,8,4,0.0000,0.0000,0.0000,0.5000,"LeadPursuit",-2.404737
69,B0100,L7_close_level_aggressive,OBFM,11685.677373,14.010816,69.921773,55.981676,-13.995817,15087.757889,250.241165,17859.989831,-203.659716,-5742.467297,137.005279,25.551007,False,False,True,False,False,True,False,1-circle,-1.000000,243.811133,100.000000,100.000000,0.000000,0.000000,-178.630703,-82.193554,3.725644,2,3,3,0.0000,0.0000,0.0000,0.5000,"Pursue",3.318632
70,A0100,adaptive_eagle_v9,OBFM,11636.616255,10.775525,71.830405,61.160187,-10.733954,15083.947912,249.144253,17831.929429,-140.302012,-5754.125671,154.753024,45.547281,False,False,True,False,False,True,False,1-circle,-1.000000,252.356835,100.000000,100.000000,0.000000,0.000000,177.306759,-85.583041,3.325091,1,8,4,0.0000,0.0000,0.0000,0.5000,"SmartHighYoYo",-2.183113
70,B0100,L7_close_level_aggressive,OBFM,11636.616255,10.775525,71.830405,61.160187,-10.733954,15083.947912,249.144253,17831.929429,-140.302012,-5754.125671,154.753024,45.547281,False,False,True,False,False,True,False,1-circle,-1.000000,252.356835,100.000000,100.000000,0.000000,0.000000,177.306759,-85.583041,3.325091,2,3,3,0.0000,0.0000,0.0000,0.5000,"Pursue",3.235453
71,A0100,adaptive_eagle_v9,OBFM,11581.560296,8.258395,73.786435,65.695790,-8.160844,15079.523153,248.808038,17820.092966,-59.182314,-5734.240693,172.439351,19.714795,False,False,True,False,False,True,False,1-circle,-1.000000,261.618634,100.000000,100.000000,0.000000,0.000000,-177.799547,-79.867973,2.953135,1,8,4,0.0000,0.0000,0.0000,0.5000,"SmartHighYoYo",-2.392611
71,B0100,L7_close_level_aggressive,OBFM,11581.560296,8.258395,73.786435,65.695790,-8.160844,15079.523153,248.808038,17820.092966,-59.182314,-5734.240693,172.439351,19.714795,False,False,True,False,False,True,False,1-circle,-1.000000,261.618634,100.000000,100.000000,0.000000,0.000000,-177.799547,-79.867973,2.953135,2,3,3,0.0000,0.0000,0.0000,0.5000,"Pursue",3.675927
72,A0100,adaptive_eagle_v9,OBFM,11520.625275,5.906585,75.719565,70.048455,-5.732876,15074.578544,248.589653,17810.339547,-48.767094,-5711.596213,189.506774,10.332516,False,False,True,False,False,True,False,1-circle,-1.000000,270.965637,100.000000,100.000000,0.000000,0.000000,-170.076685,-71.155684,2.989080,1,8,4,0.0000,0.0000,0.0000,0.5000,"SmartHighYoYo",-3.545102
72,B0100,L7_close_level_aggressive,OBFM,11520.625275,5.906585,75.719565,70.048455,-5.732876,15074.578544,248.589653,17810.339547,-48.767094,-5711.596213,189.506774,10.332516,False,False,True,False,False,True,False,1-circle,-1.000000,270.965637,100.000000,100.000000,0.000000,0.000000,-170.076685,-71.155684,2.989080,2,3,3,0.0000,0.0000,0.0000,0.5000,"Pursue",5.436609
73,A0100,adaptive_eagle_v9,OBFM,11453.770038,3.080254,77.964943,75.157101,-2.842759,15069.610733,247.795272,17787.915138,-112.122048,-5682.773533,208.290944,7.766481,False,False,True,False,False,True,False,1-circle,-1.000000,279.350910,100.000000,100.000000,0.000000,0.000000,-165.609717,-65.510335,3.453882,1,8,4,0.0000,0.0000,0.0000,0.5000,"SmartHighYoYo",-2.518941
73,B0100,L7_close_level_aggressive,OBFM,11453.770038,3.080254,77.964943,75.157101,-2.842759,15069.610733,247.795272,17787.915138,-112.122048,-5682.773533,208.290944,7.766481,False,False,True,False,False,True,False,1-circle,-1.000000,279.350910,100.000000,100.000000,0.000000,0.000000,-165.609717,-65.510335,3.453882,2,4,3,0.0000,0.0000,0.0000,0.5000,"Pursue",3.736819
74,A0100,adaptive_eagle_v9,OBFM,11380.240336,0.867882,80.371073,80.437433,0.048796,15065.204959,246.971566,17765.467361,-112.238882,-5640.935625,227.706324,7.000400,False,False,True,False,False,True,False,1-circle,1.000000,286.276000,100.000000,100.000000,0.000000,0.000000,-164.639098,-63.113355,4.252200,1,8,4,0.0000,0.0000,0.0000,0.5000,"SmartHighYoYo",1.534862
74,B0100,L7_close_level_aggressive,OBFM,11380.240336,0.867882,80.371073,80.437433,0.048796,15065.204959,246.971566,17765.467361,-112.238882,-5640.935625,227.706324,7.000400,False,False,True,False,False,True,False,1-circle,1.000000,286.276000,100.000000,100.000000,0.000000,0.000000,-164.639098,-63.113355,4.252200,2,4,3,0.0000,0.0000,0.0000,0.5000,"Pursue",-2.065582
75,A0100,adaptive_eagle_v9,OBFM,11300.696027,2.368865,82.283731,84.539190,2.243331,15061.111415,246.885212,17759.485854,-29.907535,-5612.014065,243.213417,5.464897,False,False,True,False,False,True,False,1-circle,1.000000,292.665396,100.000000,100.000000,0.000000,0.000000,-160.326068,-56.985689,5.391206,1,8,4,0.0000,0.0000,0.0000,0.5000,"SmartHighYoYo",2.487861
75,B0100,L7_close_level_aggressive,OBFM,11300.696027,2.368865,82.283731,84.539190,2.243331,15061.111415,246.885212,17759.485854,-29.907535,-5612.014065,243.213417,5.464897,False,False,True,False,False,True,False,1-circle,1.000000,292.665396,100.000000,100.000000,0.000000,0.000000,-160.326068,-56.985689,5.391206,2,4,3,0.0000,0.0000,0.0000,0.5000,"Pursue",-3.562525
76,A0100,adaptive_eagle_v9,OBFM,11216.396393,4.143622,83.985020,88.071690,4.078897,15056.993083,247.084092,17759.716641,1.153936,-5589.750726,256.994859,3.963738,False,False,True,False,False,True,False,1-circle,1.000000,298.856839,100.000000,100.000000,0.000000,0.000000,-153.899300,-48.165262,6.831657,1,8,4,0.0000,0.0000,0.0000,0.5000,"SmartHighYoYo",2.329673
76,B0100,L7_close_level_aggressive,OBFM,11216.396393,4.143622,83.985020,88.071690,4.078897,15056.993083,247.084092,17759.716641,1.153936,-5589.750726,256.994859,3.963738,False,False,True,False,False,True,False,1-circle,1.000000,298.856839,100.000000,100.000000,0.000000,0.000000,-153.899300,-48.165262,6.831657,2,4,3,0.0000,0.0000,0.0000,0.5000,"Pursue",-3.401464
77,A0100,adaptive_eagle_v9,OBFM,11127.450339,6.019392,85.726292,91.731032,6.004500,15053.077349,246.908866,17751.968865,-38.738881,-5576.326233,270.342358,2.935996,False,False,True,False,False,True,False,2-circle,1.000000,304.263942,100.000000,100.000000,0.000000,0.000000,-148.572766,-39.584326,8.436766,1,8,4,0.0000,0.0000,0.0000,0.5000,"SmartHighYoYo",1.986355
77,B0100,L7_close_level_aggressive,OBFM,11127.450339,6.019392,85.726292,91.731032,6.004500,15053.077349,246.908866,17751.968865,-38.738881,-5576.326233,270.342358,2.935996,False,False,True,False,False,True,False,2-circle,1.000000,304.263942,100.000000,100.000000,0.000000,0.000000,-148.572766,-39.584326,8.436766,2,5,3,0.0000,0.0000,0.0000,0.5000,"Pursue",-2.846370
78,A0100,adaptive_eagle_v9,OBFM,11033.706061,7.734686,87.798127,95.528733,7.734490,15049.592488,246.665891,17743.174833,-43.970160,-5539.547003,286.185079,2.291155,False,False,True,False,False,True,False,2-circle,1.000000,308.174252,100.000000,100.000000,0.000000,0.000000,-146.416707,-32.804301,9.718217,4,8,3,0.0000,0.0000,0.0000,0.5000,"SmartHighYoYo",1.641325
78,B0100,L7_close_level_aggressive,OBFM,11033.706061,7.734686,87.798127,95.528733,7.734490,15049.592488,246.665891,17743.174833,-43.970160,-5539.547003,286.185079,2.291155,False,False,True,False,False,True,False,2-circle,1.000000,308.174252,100.000000,100.000000,0.000000,0.000000,-146.416707,-32.804301,9.718217,2,5,3,0.0000,0.0000,0.0000,0.5000,"Pursue",-2.275988
79,A0100,adaptive_eagle_v9,OBFM,10934.083545,9.240234,90.046782,99.283523,9.242471,15046.312781,246.797720,17742.775037,-1.998982,-5476.429500,303.809346,1.853311,False,False,True,False,False,True,False,2-circle,1.000000,310.945803,100.000000,100.000000,0.000000,0.000000,-148.233287,-27.547961,8.982855,1,7,4,0.0000,0.0000,0.0000,0.5000,"SmartHighYoYo",1.339301
79,B0100,L7_close_level_aggressive,OBFM,10934.083545,9.240234,90.046782,99.283523,9.242471,15046.312781,246.797720,17742.775037,-1.998982,-5476.429500,303.809346,1.853311,False,False,True,False,False,True,False,2-circle,1.000000,310.945803,100.000000,100.000000,0.000000,0.000000,-148.233287,-27.547961,8.982855,2,5,3,0.0000,0.0000,0.0000,0.5000,"Pursue",-2.168938
80,A0100,adaptive_eagle_v9,OBFM,10828.941176,10.525336,91.809756,102.322454,10.522603,15042.828139,247.591476,17756.663111,69.440369,-5428.123757,318.144537,1.490865,False,False,True,False,False,True,False,2-circle,1.000000,313.687631,100.000000,100.000000,0.000000,0.000000,-155.347144,-22.826861,7.024413,1,7,4,0.0000,0.0000,0.0000,0.5000,"SmartHighYoYo",1.153835
80,B0100,L7_close_level_aggressive,OBFM,10828.941176,10.525336,91.809756,102.322454,10.522603,15042.828139,247.591476,17756.663111,69.440369,-5428.123757,318.144537,1.490865,False,False,True,False,False,True,False,2-circle,1.000000,313.687631,100.000000,100.000000,0.000000,0.000000,-155.347144,-22.826861,7.024413,2,5,3,0.0000,0.0000,0.0000,0.5000,"Pursue",-1.824089
81,A0100,adaptive_eagle_v9,OBFM,10719.365938,11.646460,93.373360,104.963171,11.613065,15038.546789,248.890575,17780.935181,121.360350,-5377.505261,331.430089,1.072381,False,False,True,False,False,True,False,2-circle,1.000000,317.010565,100.000000,100.000000,0.000000,0.000000,-170.183859,-16.924709,4.495617,2,8,4,0.0000,0.0000,0.0000,0.5000,"LeadPursuit",1.114560
81,B0100,L7_close_level_aggressive,OBFM,10719.365938,11.646460,93.373360,104.963171,11.613065,15038.546789,248.890575,17780.935181,121.360350,-5377.505261,331.430089,1.072381,False,False,True,False,False,True,False,2-circle,1.000000,317.010565,100.000000,100.000000,0.000000,0.000000,-170.183859,-16.924709,4.495617,2,5,3,0.0000,0.0000,0.0000,0.5000,"Pursue",-1.778586
82,A0100,adaptive_eagle_v9,OBFM,10604.820207,12.729730,95.351570,107.896662,12.601606,15032.815435,250.546329,17811.812859,154.388392,-5280.301123,348.361595,0.541879,False,False,True,False,False,True,False,2-circle,1.000000,321.310051,100.000000,100.000000,0.000000,0.000000,167.220280,-8.796529,1.621589,2,8,4,0.0000,0.0000,0.0000,0.5000,"LeadPursuit",1.171074
82,B0100,L7_close_level_aggressive,OBFM,10604.820207,12.729730,95.351570,107.896662,12.601606,15032.815435,250.546329,17811.812859,154.388392,-5280.301123,348.361595,0.541879,False,False,True,False,False,True,False,2-circle,1.000000,321.310051,100.000000,100.000000,0.000000,0.000000,167.220280,-8.796529,1.621589,2,5,3,0.0000,0.0000,0.0000,0.5000,"Pursue",-1.814504
83,A0100,adaptive_eagle_v9,OBFM,10484.177413,13.941691,97.484643,110.985660,13.610294,15024.978384,252.488198,17847.220218,177.036794,-5156.617655,366.428797,0.115390,False,False,True,False,False,True,False,2-circle,1.000000,327.547444,100.000000,100.000000,0.000000,0.000000,150.068944,1.901380,-1.477483,2,8,4,0.0000,0.0000,0.0000,0.5000,"LeadPursuit",1.240695
83,B0100,L7_close_level_aggressive,OBFM,10484.177413,13.941691,97.484643,110.985660,13.610294,15024.978384,252.488198,17847.220218,177.036794,-5156.617655,366.428797,0.115390,False,False,True,False,False,True,False,2-circle,1.000000,327.547444,100.000000,100.000000,0.000000,0.000000,150.068944,1.901380,-1.477483,2,5,3,0.0000,0.0000,0.0000,0.5000,"Pursue",-1.801626
84,A0100,adaptive_eagle_v9,OBFM,10357.919420,15.408985,99.429823,114.039408,14.774003,15014.482680,254.500089,17881.880395,173.300884,-5035.961947,382.365385,0.928372,False,False,True,False,False,True,False,2-circle,1.000000,337.085862,100.000000,100.000000,0.000000,0.000000,146.417559,15.062803,-4.180663,1,8,4,0.0000,0.0000,0.0000,0.5000,"LeadPursuit",1.076667
84,B0100,L7_close_level_aggressive,OBFM,10357.919420,15.408985,99.429823,114.039408,14.774003,15014.482680,254.500089,17881.880395,173.300884,-5035.961947,382.365385,0.928372,False,False,True,False,False,True,False,2-circle,1.000000,337.085862,100.000000,100.000000,0.000000,0.000000,146.417559,15.062803,-4.180663,2,5,3,0.0000,0.0000,0.0000,0.5000,"Pursue",-1.468159
85,A0100,adaptive_eagle_v9,HABFM,10227.057544,16.883269,100.911946,116.734551,16.019097,15001.448796,256.214452,17907.607351,128.634784,-4951.281321,393.950003,1.976618,False,False,True,False,False,True,False,2-circle,1.000000,350.571457,100.000000,100.000000,0.000000,0.000000,151.959098,29.969853,-3.649042,1,8,4,0.0000,0.0000,0.0000,0.5000,"LeadPursuit",0.777211
85,B0100,L7_close_level_aggressive,HABFM,10227.057544,16.883269,100.911946,116.734551,16.019097,15001.448796,256.214452,17907.607351,128.634784,-4951.281321,393.950003,1.976618,False,False,True,False,False,True,False,2-circle,1.000000,350.571457,100.000000,100.000000,0.000000,0.000000,151.959098,29.969853,-3.649042,2,6,3,0.0000,0.0000,0.0000,0.5000,"Pursue",-1.062216
86,A0100,adaptive_eagle_v9,HABFM,10092.731661,18.026899,102.252525,119.139603,17.095533,14986.832759,258.064726,17935.116988,137.548185,-4868.212659,404.863206,3.389875,False,False,True,False,False,True,False,2-circle,1.000000,366.865935,100.000000,100.000000,0.000000,0.000000,161.298810,44.876201,-0.536560,1,8,4,0.0000,0.0000,0.0000,0.5000,"LeadPursuit",0.336897
86,B0100,L7_close_level_aggressive,HABFM,10092.731661,18.026899,102.252525,119.139603,17.095533,14986.832759,258.064726,17935.116988,137.548185,-4868.212659,404.863206,3.389875,False,False,True,False,False,True,False,2-circle,1.000000,366.865935,100.000000,100.000000,0.000000,0.000000,161.298810,44.876201,-0.536560,2,6,3,0.0000,0.0000,0.0000,0.5000,"Pursue",-0.580777
87,A0100,adaptive_eagle_v9,HABFM,9954.553291,18.423172,103.708560,121.079732,17.565823,14971.584040,259.237951,17946.736451,58.097311,-4796.832107,417.007310,4.821456,False,False,True,False,False,True,False,2-circle,1.000000,384.820615,100.000000,100.000000,0.000000,0.000000,167.740279,54.886162,1.801653,1,8,4,0.0000,0.0000,0.0000,0.5000,"LeadPursuit",0.005870
87,B0100,L7_close_level_aggressive,HABFM,9954.553291,18.423172,103.708560,121.079732,17.565823,14971.584040,259.237951,17946.736451,58.097311,-4796.832107,417.007310,4.821456,False,False,True,False,False,True,False,2-circle,1.000000,384.820615,100.000000,100.000000,0.000000,0.000000,167.740279,54.886162,1.801653,2,6,3,0.0000,0.0000,0.0000,0.5000,"Pursue",-0.225821
88,A0100,adaptive_eagle_v9,HABFM,9812.217878,18.204757,105.192236,122.494496,17.477948,14956.747725,259.685026,17942.170718,-22.828664,-4749.429528,429.522639,5.357245,False,False,True,False,False,True,False,2-circle,1.000000,402.981529,100.000000,100.000000,0.000000,0.000000,168.109431,57.710134,2.903244,1,8,3,0.0000,0.0000,0.0000,0.5000,"LeadPursuit",0.057277
88,B0100,L7_close_level_aggressive,HABFM,9812.217878,18.204757,105.192236,122.494496,17.477948,14956.747725,259.685026,17942.170718,-22.828664,-4749.429528,429.522639,5.357245,False,False,True,False,False,True,False,2-circle,1.000000,402.981529,100.000000,100.000000,0.000000,0.000000,168.109431,57.710134,2.903244,2,6,3,0.0000,0.0000,0.0000,0.5000,"Pursue",-0.281556
89,A0100,adaptive_eagle_v9,HABFM,9665.706060,18.063142,106.676280,123.929615,17.435153,14942.368580,260.127907,17937.983272,-20.937227,-4703.967032,441.809670,5.356973,False,False,True,False,False,True,False,2-circle,1.000000,420.824398,100.000000,100.000000,0.000000,0.000000,166.360256,57.746175,3.393658,1,8,3,0.0000,0.0000,0.0000,0.5000,"LeadPursuit",0.019483
89,B0100,L7_close_level_aggressive,HABFM,9665.706060,18.063142,106.676280,123.929615,17.435153,14942.368580,260.127907,17937.983272,-20.937227,-4703.967032,441.809670,5.356973,False,False,True,False,False,True,False,2-circle,1.000000,420.824398,100.000000,100.000000,0.000000,0.000000,166.360256,57.746175,3.393658,2,6,3,0.0000,0.0000,0.0000,0.5000,"Pursue",-0.238311
90,A0100,adaptive_eagle_v9,HABFM,9515.081207,17.850182,108.141812,125.259173,17.318945,14928.401636,260.413239,17930.591652,-36.958101,-4667.330527,453.808064,5.224402,False,False,True,False,False,True,False,2-circle,1.000000,437.896082,100.000000,100.000000,0.000000,0.000000,164.368662,57.117156,3.696641,1,8,3,0.0000,0.0000,0.0000,0.5000,"LeadPursuit",-0.039545
90,B0100,L7_close_level_aggressive,HABFM,9515.081207,17.850182,108.141812,125.259173,17.318945,14928.401636,260.413239,17930.591652,-36.958101,-4667.330527,453.808064,5.224402,False,False,True,False,False,True,False,2-circle,1.000000,437.896082,100.000000,100.000000,0.000000,0.000000,164.368662,57.117156,3.696641,2,6,3,0.0000,0.0000,0.0000,0.5000,"Pursue",-0.169549
91,A0100,adaptive_eagle_v9,HABFM,9360.420865,17.539393,109.574263,126.452789,17.107973,14914.949803,260.518927,17919.577172,-55.072401,-4641.498229,465.427203,5.136446,False,False,True,False,False,True,False,2-circle,1.000000,453.589063,100.000000,100.000000,0.000000,0.000000,162.838245,56.677158,3.960965,1,8,3,0.0000,0.0000,0.0000,0.5000,"LeadPursuit",-0.061616
91,B0100,L7_close_level_aggressive,HABFM,9360.420865,17.539393,109.574263,126.452789,17.107973,14914.949803,260.518927,17919.577172,-55.072401,-4641.498229,465.427203,5.136446,False,False,True,False,False,True,False,2-circle,1.000000,453.589063,100.000000,100.000000,0.000000,0.000000,162.838245,56.677158,3.960965,2,6,3,0.0000,0.0000,0.0000,0.5000,"Pursue",-0.191916
92,A0100,adaptive_eagle_v9,HABFM,9201.541537,17.155980,111.339524,127.899843,16.822430,14902.129029,260.461406,17905.429749,-70.737112,-4597.905590,479.180764,5.132990,False,False,True,False,False,True,False,2-circle,1.000000,467.288471,100.000000,100.000000,0.000000,0.000000,161.897889,56.648723,4.224051,1,8,3,0.0000,0.0000,0.0000,0.5000,"LeadPursuit",-0.073152
92,B0100,L7_close_level_aggressive,HABFM,9201.541537,17.155980,111.339524,127.899843,16.822430,14902.129029,260.461406,17905.429749,-70.737112,-4597.905590,479.180764,5.132990,False,False,True,False,False,True,False,2-circle,1.000000,467.288471,100.000000,100.000000,0.000000,0.000000,161.897889,56.648723,4.224051,2,6,3,0.0000,0.0000,0.0000,0.5000,"Pursue",-0.205629
93,A0100,adaptive_eagle_v9,HABFM,9037.497323,16.730083,113.351949,129.568956,16.486461,14890.015269,260.275884,17889.039114,-81.953176,-4542.949692,494.317224,5.203294,False,False,True,False,False,True,False,2-circle,1.000000,478.976676,100.000000,100.000000,0.000000,0.000000,161.457949,56.982746,4.485272,1,8,3,0.0000,0.0000,0.0000,0.5000,"LeadPursuit",-0.094809
93,B0100,L7_close_level_aggressive,HABFM,9037.497323,16.730083,113.351949,129.568956,16.486461,14890.015269,260.275884,17889.039114,-81.953176,-4542.949692,494.317224,5.203294,False,False,True,False,False,True,False,2-circle,1.000000,478.976676,100.000000,100.000000,0.000000,0.000000,161.457949,56.982746,4.485272,2,6,3,0.0000,0.0000,0.0000,0.5000,"Pursue",-0.155644
94,A0100,adaptive_eagle_v9,HABFM,8868.471743,16.287821,115.269991,131.150803,16.122802,14878.636246,260.026930,17871.925689,-85.567125,-4498.957306,508.467494,5.319164,False,False,True,False,False,True,False,2-circle,1.000000,489.418745,100.000000,100.000000,0.000000,0.000000,161.353778,57.528052,4.738480,1,8,3,0.0000,0.0000,0.0000,0.5000,"LeadPursuit",-0.132360
94,B0100,L7_close_level_aggressive,HABFM,8868.471743,16.287821,115.269991,131.150803,16.122802,14878.636246,260.026930,17871.925689,-85.567125,-4498.957306,508.467494,5.319164,False,False,True,False,False,True,False,2-circle,1.000000,489.418745,100.000000,100.000000,0.000000,0.000000,161.353778,57.528052,4.738480,2,6,3,0.0000,0.0000,0.0000,0.5000,"Pursue",-0.045914
95,A0100,adaptive_eagle_v9,HABFM,8695.036982,15.846526,116.766623,132.314912,15.747487,14867.982866,259.749881,17854.897240,-85.142246,-4486.699458,519.567579,5.457812,False,False,True,False,False,True,False,2-circle,1.000000,499.456148,100.000000,100.000000,0.000000,0.000000,161.453600,58.161372,4.979364,1,8,3,0.0000,0.0000,0.0000,0.5000,"LeadPursuit",-0.142031
95,B0100,L7_close_level_aggressive,HABFM,8695.036982,15.846526,116.766623,132.314912,15.747487,14867.982866,259.749881,17854.897240,-85.142246,-4486.699458,519.567579,5.457812,False,False,True,False,False,True,False,2-circle,1.000000,499.456148,100.000000,100.000000,0.000000,0.000000,161.453600,58.161372,4.979364,3,6,3,0.0000,0.0000,0.0000,0.5000,"Pursue",-0.006643
96,A0100,adaptive_eagle_v9,HABFM,8518.227938,15.418226,118.086979,133.294326,15.371780,14858.026795,259.458742,17838.249190,-83.240246,-4488.351322,529.346076,5.606939,False,False,True,False,False,True,False,2-circle,1.000000,509.078853,100.000000,100.000000,0.000000,0.000000,161.664246,58.817834,5.205183,1,8,3,0.0000,0.0000,0.0000,0.5000,"LeadPursuit",-0.127173
96,B0100,L7_close_level_aggressive,HABFM,8518.227938,15.418226,118.086979,133.294326,15.371780,14858.026795,259.458742,17838.249190,-83.240246,-4488.351322,529.346076,5.606939,False,False,True,False,False,True,False,2-circle,1.000000,509.078853,100.000000,100.000000,0.000000,0.000000,161.664246,58.817834,5.205183,3,6,3,0.0000,0.0000,0.0000,0.5000,"Pursue",-0.030726
97,A0100,adaptive_eagle_v9,HABFM,8337.968762,15.004375,119.489802,134.348613,14.996994,14848.732551,259.157153,17822.030685,-81.092528,-4484.399933,539.464722,5.761683,False,False,True,False,False,True,False,2-circle,1.000000,518.064595,100.000000,100.000000,0.000000,0.000000,161.940759,59.472454,5.414281,1,8,3,0.0000,0.0000,0.0000,0.5000,"LeadPursuit",-0.119850
97,B0100,L7_close_level_aggressive,HABFM,8337.968762,15.004375,119.489802,134.348613,14.996994,14848.732551,259.157153,17822.030685,-81.092528,-4484.399933,539.464722,5.761683,False,False,True,False,False,True,False,2-circle,1.000000,518.064595,100.000000,100.000000,0.000000,0.000000,161.940759,59.472454,5.414281,3,5,3,0.0000,0.0000,0.0000,0.5000,"Pursue",-0.034502
98,A0100,adaptive_eagle_v9,HABFM,8154.255812,14.604819,120.879975,135.385367,14.623153,14840.063136,258.845311,17806.210074,-79.103055,-4482.994642,549.320055,5.920901,False,False,True,False,False,True,False,2-circle,1.000000,526.026376,100.000000,100.000000,0.000000,0.000000,162.257359,60.119002,5.605753,1,8,3,0.0000,0.0000,0.0000,0.5000,"LeadPursuit",-0.077085
98,B0100,L7_close_level_aggressive,HABFM,8154.255812,14.604819,120.879975,135.385367,14.623153,14840.063136,258.845311,17806.210074,-79.103055,-4482.994642,549.320055,5.920901,False,False,True,False,False,True,False,2-circle,1.000000,526.026376,100.000000,100.000000,0.000000,0.000000,162.257359,60.119002,5.605753,3,5,2,0.0000,0.0000,0.0000,0.5000,"Pursue",-0.122971
99,A0100,adaptive_eagle_v9,HABFM,7966.919800,14.217446,122.617398,136.767756,14.248640,14831.981851,258.523010,17790.746794,-77.316398,-4457.182852,561.022593,6.084795,False,False,True,False,False,True,False,2-circle,1.000000,532.581835,100.000000,100.000000,0.000000,0.000000,162.599413,60.757476,5.779174,1,8,3,0.0000,0.0000,0.0000,0.5000,"LeadPursuit",-0.049486
99,B0100,L7_close_level_aggressive,HABFM,7966.919800,14.217446,122.617398,136.767756,14.248640,14831.981851,258.523010,17790.746794,-77.316398,-4457.182852,561.022593,6.084795,False,False,True,False,False,True,False,2-circle,1.000000,532.581835,100.000000,100.000000,0.000000,0.000000,162.599413,60.757476,5.779174,3,5,2,0.0000,0.0000,0.0000,0.5000,"Pursue",-0.169544
100,A0100,adaptive_eagle_v9,HABFM,7775.201868,13.835086,124.579015,138.377187,13.867072,14824.452552,258.190503,17775.611391,-75.677015,-4416.329623,573.691111,6.253816,False,False,True,False,False,True,False,2-circle,1.000000,537.982084,100.000000,100.000000,0.000000,0.000000,162.972465,61.388849,5.934384,1,8,3,0.0000,0.0000,0.0000,0.5000,"LeadPursuit",-0.095121
100,B0100,L7_close_level_aggressive,HABFM,7775.201868,13.835086,124.579015,138.377187,13.867072,14824.452552,258.190503,17775.611391,-75.677015,-4416.329623,573.691111,6.253816,False,False,True,False,False,True,False,2-circle,1.000000,537.982084,100.000000,100.000000,0.000000,0.000000,162.972465,61.388849,5.934384,3,5,2,0.0000,0.0000,0.0000,0.5000,"Pursue",-0.047142
101,A0100,adaptive_eagle_v9,HABFM,7579.576824,13.459662,126.067077,139.514095,13.480816,14817.439487,257.848508,17760.785391,-74.130000,-4411.504619,583.383181,6.428327,False,False,True,False,False,True,False,2-circle,1.000000,542.948760,100.000000,100.000000,0.000000,0.000000,163.384525,62.013620,6.071365,1,8,3,0.0000,0.0000,0.0000,0.5000,"LeadPursuit",-0.105358
101,B0100,L7_close_level_aggressive,HABFM,7579.576824,13.459662,126.067077,139.514095,13.480816,14817.439487,257.848508,17760.785391,-74.130000,-4411.504619,583.383181,6.428327,False,False,True,False,False,True,False,2-circle,1.000000,542.948760,100.000000,100.000000,0.000000,0.000000,163.384525,62.013620,6.071365,3,5,2,0.0000,0.0000,0.0000,0.5000,"Pursue",-0.006498
102,A0100,adaptive_eagle_v9,HABFM,7380.996043,13.098474,127.353476,140.450520,13.097278,14810.907147,257.498016,17746.256748,-72.643219,-4422.167124,591.766350,6.608576,False,False,True,False,False,True,False,2-circle,1.000000,547.506874,100.000000,100.000000,0.000000,0.000000,163.826325,62.631770,6.190180,1,8,3,0.0000,0.0000,0.0000,0.5000,"LeadPursuit",-0.083208
102,B0100,L7_close_level_aggressive,HABFM,7380.996043,13.098474,127.353476,140.450520,13.097278,14810.907147,257.498016,17746.256748,-72.643219,-4422.167124,591.766350,6.608576,False,False,True,False,False,True,False,2-circle,1.000000,547.506874,100.000000,100.000000,0.000000,0.000000,163.826325,62.631770,6.190180,3,5,2,0.0000,0.0000,0.0000,0.5000,"Pursue",-0.035917
103,A0100,adaptive_eagle_v9,HABFM,7179.442964,12.751140,128.700883,141.451291,12.716278,14804.820201,257.140138,17732.016211,-71.202685,-4428.388924,600.277424,6.794738,False,False,True,False,False,True,False,2-circle,1.000000,551.426971,100.000000,100.000000,0.000000,0.000000,164.290138,63.243006,6.290935,1,8,3,0.0000,0.0000,0.0000,0.5000,"LeadPursuit",-0.070117
103,B0100,L7_close_level_aggressive,HABFM,7179.442964,12.751140,128.700883,141.451291,12.716278,14804.820201,257.140138,17732.016211,-71.202685,-4428.388924,600.277424,6.794738,False,False,True,False,False,True,False,2-circle,1.000000,551.426971,100.000000,100.000000,0.000000,0.000000,164.290138,63.243006,6.290935,3,5,2,0.0000,0.0000,0.0000,0.5000,"Pursue",-0.044790
104,A0100,adaptive_eagle_v9,HABFM,6974.957590,12.417479,130.014687,142.425758,12.338177,14799.143497,256.776021,17718.055391,-69.804096,-4437.766669,608.415064,6.986958,False,False,True,False,False,True,False,2-circle,1.000000,554.326379,100.000000,100.000000,0.000000,0.000000,164.765922,63.846946,6.373775,1,8,3,0.0000,0.0000,0.0000,0.5000,"LeadPursuit",-0.006513
104,B0100,L7_close_level_aggressive,HABFM,6974.957590,12.417479,130.014687,142.425758,12.338177,14799.143497,256.776021,17718.055391,-69.804096,-4437.766669,608.415064,6.986958,False,False,True,False,False,True,False,2-circle,1.000000,554.326379,100.000000,100.000000,0.000000,0.000000,164.765922,63.846946,6.373775,3,5,2,0.0000,0.0000,0.0000,0.5000,"Pursue",-0.150743
105,A0100,adaptive_eagle_v9,HABFM,6767.435199,12.095183,131.662381,143.742820,11.961566,14793.842097,256.406809,17704.365967,-68.447124,-4422.918872,617.968166,7.185373,False,False,True,False,False,True,False,2-circle,1.000000,555.826250,100.000000,100.000000,0.000000,0.000000,165.245572,64.443202,6.438865,1,8,3,0.0000,0.0000,0.0000,0.5000,"LeadPursuit",0.040499
105,B0100,L7_close_level_aggressive,HABFM,6767.435199,12.095183,131.662381,143.742820,11.961566,14793.842097,256.406809,17704.365967,-68.447124,-4422.918872,617.968166,7.185373,False,False,True,False,False,True,False,2-circle,1.000000,555.826250,100.000000,100.000000,0.000000,0.000000,165.245572,64.443202,6.438865,3,5,2,0.0000,0.0000,0.0000,0.5000,"Pursue",-0.215967
106,A0100,adaptive_eagle_v9,HABFM,6556.260162,11.775977,133.555546,145.301651,11.578273,14788.881315,256.033636,17690.939433,-67.132670,-4392.344799,628.370406,7.390113,False,False,True,False,False,True,False,2-circle,1.000000,556.154263,100.000000,100.000000,0.000000,0.000000,165.736158,65.031401,6.486396,1,8,3,0.0000,0.0000,0.0000,0.5000,"LeadPursuit",-0.013352
106,B0100,L7_close_level_aggressive,HABFM,6556.260162,11.775977,133.555546,145.301651,11.578273,14788.881315,256.033636,17690.939433,-67.132670,-4392.344799,628.370406,7.390113,False,False,True,False,False,True,False,2-circle,1.000000,556.154263,100.000000,100.000000,0.000000,0.000000,165.736158,65.031401,6.486396,3,5,2,0.0000,0.0000,0.0000,0.5000,"Pursue",-0.092474
107,A0100,adaptive_eagle_v9,HABFM,6341.818062,11.464229,134.989727,146.396489,11.191636,14784.226759,255.657618,17677.767062,-65.861855,-4397.427692,636.367238,7.601308,False,False,True,False,False,True,False,2-circle,1.000000,556.048879,100.000000,100.000000,0.000000,0.000000,166.248230,65.611194,6.516575,1,8,3,0.0000,0.0000,0.0000,0.5000,"LeadPursuit",-0.018729
107,B0100,L7_close_level_aggressive,HABFM,6341.818062,11.464229,134.989727,146.396489,11.191636,14784.226759,255.657618,17677.767062,-65.861855,-4397.427692,636.367238,7.601308,False,False,True,False,False,True,False,2-circle,1.000000,556.048879,100.000000,100.000000,0.000000,0.000000,166.248230,65.611194,6.516575,3,5,2,0.0000,0.0000,0.0000,0.5000,"Pursue",-0.061459
108,A0100,adaptive_eagle_v9,HABFM,6124.902385,11.170390,136.208202,147.287198,10.811922,14779.844370,255.279855,17664.839912,-64.635749,-4418.038888,643.192933,7.819078,False,False,True,False,False,True,False,2-circle,1.000000,555.571672,100.000000,100.000000,0.000000,0.000000,166.777161,66.182245,6.529624,1,8,3,0.0000,0.0000,0.0000,0.5000,"LeadPursuit",0.022712
108,B0100,L7_close_level_aggressive,HABFM,6124.902385,11.170390,136.208202,147.287198,10.811922,14779.844370,255.279855,17664.839912,-64.635749,-4418.038888,643.192933,7.819078,False,False,True,False,False,True,False,2-circle,1.000000,555.571672,100.000000,100.000000,0.000000,0.000000,166.777161,66.182245,6.529624,3,5,2,0.0000,0.0000,0.0000,0.5000,"Pursue",-0.112245
109,A0100,adaptive_eagle_v9,HABFM,5905.530438,10.894459,137.468335,148.237106,10.439237,14775.700455,254.901425,17652.148843,-63.455342,-4434.187855,649.981545,8.043536,False,False,True,False,False,True,False,2-circle,1.000000,554.501382,100.000000,100.000000,0.000000,0.000000,167.318583,66.744235,6.525783,1,8,3,0.0000,0.0000,0.0000,0.5000,"LeadPursuit",0.121792
109,B0100,L7_close_level_aggressive,HABFM,5905.530438,10.894459,137.468335,148.237106,10.439237,14775.700455,254.901425,17652.148843,-63.455342,-4434.187855,649.981545,8.043536,False,False,True,False,False,True,False,2-circle,1.000000,554.501382,100.000000,100.000000,0.000000,0.000000,167.318583,66.744235,6.525783,3,5,2,0.0000,0.0000,0.0000,0.5000,"Pursue",-0.252560
110,A0100,adaptive_eagle_v9,HABFM,5683.602410,10.633758,139.060532,149.537635,10.071351,14771.761724,254.523391,17639.684533,-62.321551,-4424.823537,657.853364,8.274782,False,False,True,False,False,True,False,2-circle,1.000000,552.513454,100.000000,100.000000,0.000000,0.000000,167.867476,67.296858,6.505303,1,8,3,0.0000,0.0000,0.0000,0.5000,"LeadPursuit",0.195929
110,B0100,L7_close_level_aggressive,HABFM,5683.602410,10.633758,139.060532,149.537635,10.071351,14771.761724,254.523391,17639.684533,-62.321551,-4424.823537,657.853364,8.274782,False,False,True,False,False,True,False,2-circle,1.000000,552.513454,100.000000,100.000000,0.000000,0.000000,167.867476,67.296858,6.505303,3,5,2,0.0000,0.0000,0.0000,0.5000,"Pursue",-0.341130
111,A0100,adaptive_eagle_v9,HABFM,5458.658372,10.380424,140.886137,151.064102,9.698118,14767.995316,254.146791,17627.437488,-61.235225,-4399.709673,666.296349,8.512905,False,False,True,False,False,True,False,2-circle,1.000000,549.911786,100.000000,100.000000,0.000000,0.000000,168.433711,67.839821,6.468450,1,7,3,0.0000,0.0000,0.0000,0.5000,"LeadPursuit",0.136553
111,B0100,L7_close_level_aggressive,HABFM,5458.658372,10.380424,140.886137,151.064102,9.698118,14767.995316,254.146791,17627.437488,-61.235225,-4399.709673,666.296349,8.512905,False,False,True,False,False,True,False,2-circle,1.000000,549.911786,100.000000,100.000000,0.000000,0.000000,168.433711,67.839821,6.468450,3,5,2,0.0000,0.0000,0.0000,0.5000,"Pursue",-0.224541
112,A0100,adaptive_eagle_v9,HABFM,5231.059440,10.143508,142.245642,152.115845,9.324593,14764.368830,253.772645,17615.398060,-60.197142,-4409.404083,672.726932,8.757978,False,False,True,False,False,True,False,2-circle,1.000000,547.412710,100.000000,100.000000,0.000000,0.000000,169.029507,68.372849,6.415502,1,7,3,0.0000,0.0000,0.0000,0.5000,"LeadPursuit",0.148340
112,B0100,L7_close_level_aggressive,HABFM,5231.059440,10.143508,142.245642,152.115845,9.324593,14764.368830,253.772645,17615.398060,-60.197142,-4409.404083,672.726932,8.757978,False,False,True,False,False,True,False,2-circle,1.000000,547.412710,100.000000,100.000000,0.000000,0.000000,169.029507,68.372849,6.415502,3,5,2,0.0000,0.0000,0.0000,0.5000,"Pursue",-0.223832
113,A0100,adaptive_eagle_v9,HABFM,5001.454336,9.938048,143.383014,152.969728,8.964520,14760.850348,253.401950,17603.556459,-59.208003,-4433.138226,678.140976,9.010059,False,False,True,False,False,True,False,2-circle,1.000000,545.015074,100.000000,100.000000,0.000000,0.000000,169.651792,68.895682,6.346748,1,7,3,0.0000,0.0000,0.0000,0.5000,"LeadPursuit",0.226646
113,B0100,L7_close_level_aggressive,HABFM,5001.454336,9.938048,143.383014,152.969728,8.964520,14760.850348,253.401950,17603.556459,-59.208003,-4433.138226,678.140976,9.010059,False,False,True,False,False,True,False,2-circle,1.000000,545.015074,100.000000,100.000000,0.000000,0.000000,169.651792,68.895682,6.346748,3,5,2,0.0000,0.0000,0.0000,0.5000,"Pursue",-0.320086
114,A0100,adaptive_eagle_v9,HABFM,4769.874590,9.766369,144.550742,153.890304,8.618520,14757.408461,253.035681,17591.902773,-58.268430,-4451.075821,683.411003,9.269184,False,False,True,True,False,True,False,2-circle,1.000000,542.513173,100.000000,100.000000,0.000000,0.000000,170.299281,69.408077,6.262489,1,7,3,0.0000,0.0000,0.0000,0.5000,"LeadPursuit",0.291490
114,B0100,L7_close_level_aggressive,HABFM,4769.874590,9.766369,144.550742,153.890304,8.618520,14757.408461,253.035681,17591.902773,-58.268430,-4451.075821,683.411003,9.269184,False,False,True,True,False,True,False,2-circle,1.000000,542.513173,100.000000,100.000000,0.000000,0.000000,170.299281,69.408077,6.262489,3,5,2,0.0000,0.0000,0.0000,0.5000,"Pursue",-0.395200
115,A0100,adaptive_eagle_v9,HABFM,4536.390355,9.630923,145.641226,154.779304,8.288387,14754.012286,252.674789,17580.426981,-57.378961,-4471.040520,688.183915,9.535372,False,False,True,True,False,True,False,2-circle,1.000000,539.546039,100.000000,100.000000,0.000000,0.000000,170.967843,69.909808,6.163033,1,7,3,0.0000,0.0000,0.0000,0.5000,"LeadPursuit",0.358016
115,B0100,L7_close_level_aggressive,HABFM,4536.390355,9.630923,145.641226,154.779304,8.288387,14754.012286,252.674789,17580.426981,-57.378961,-4471.040520,688.183915,9.535372,False,False,True,True,False,True,False,2-circle,1.000000,539.546039,100.000000,100.000000,0.000000,0.000000,170.967843,69.909808,6.163033,3,5,2,0.0000,0.0000,0.0000,0.5000,"Pursue",-0.471611
116,A0100,adaptive_eagle_v9,HABFM,4301.111207,9.534704,146.627205,155.618096,7.977411,14750.631490,252.320203,17569.118970,-56.540055,-4494.216693,692.384352,9.808616,False,False,True,True,False,True,False,2-circle,1.000000,535.726990,100.000000,100.000000,0.000000,0.000000,171.652766,70.400668,6.048702,1,7,3,0.0000,0.0000,0.0000,0.5000,"LeadPursuit",0.536632
116,B0100,L7_close_level_aggressive,HABFM,4301.111207,9.534704,146.627205,155.618096,7.977411,14750.631490,252.320203,17569.118970,-56.540055,-4494.216693,692.384352,9.808616,False,False,True,True,False,True,False,2-circle,1.000000,535.726990,100.000000,100.000000,0.000000,0.000000,171.652766,70.400668,6.048702,3,5,2,0.0000,0.0000,0.0000,0.5000,"Pursue",-0.686414
117,A0100,adaptive_eagle_v9,HABFM,4064.051400,9.477152,147.864522,156.773874,7.685213,14747.236302,251.972827,17557.968552,-55.752089,-4492.757822,696.991515,10.088885,False,False,True,True,False,True,False,2-circle,1.000000,530.688770,100.000000,100.000000,0.000000,0.000000,172.351137,70.880467,5.919821,1,7,3,0.0000,0.0000,0.0000,0.5000,"LeadPursuit",0.691893
117,B0100,L7_close_level_aggressive,HABFM,4064.051400,9.477152,147.864522,156.773874,7.685213,14747.236302,251.972827,17557.968552,-55.752089,-4492.757822,696.991515,10.088885,False,False,True,True,False,True,False,2-circle,1.000000,530.688770,100.000000,100.000000,0.000000,0.000000,172.351137,70.880467,5.919821,3,5,2,0.0000,0.0000,0.0000,0.5000,"Pursue",-0.854877
118,A0100,adaptive_eagle_v9,HABFM,3824.932657,9.452315,149.346116,158.194791,7.397790,14743.797531,251.633542,17546.965480,-55.015361,-4473.994344,702.005317,10.376117,False,False,True,True,False,True,False,2-circle,1.000000,524.641559,100.000000,100.000000,0.000000,0.000000,173.076750,71.349034,5.776726,1,7,3,0.0000,0.0000,0.0000,0.5000,"LeadPursuit",0.619933
118,B0100,L7_close_level_aggressive,HABFM,3824.932657,9.452315,149.346116,158.194791,7.397790,14743.797531,251.633542,17546.965480,-55.015361,-4473.994344,702.005317,10.376117,False,False,True,True,False,True,False,2-circle,1.000000,524.641559,100.000000,100.000000,0.000000,0.000000,173.076750,71.349034,5.776726,3,5,2,0.0000,0.0000,0.0000,0.5000,"Pursue",-0.755321
119,A0100,adaptive_eagle_v9,HABFM,3583.980487,9.479846,150.389401,159.184005,7.123399,14740.286577,251.303202,17536.099462,-54.330092,-4490.046091,705.723427,10.670223,False,False,True,True,False,True,False,2-circle,1.000000,518.342226,100.000000,100.000000,0.000000,0.000000,173.851262,71.806216,5.619760,1,7,3,0.0000,0.0000,0.0000,0.5000,"LeadPursuit",0.642704
119,B0100,L7_close_level_aggressive,HABFM,3583.980487,9.479846,150.389401,159.184005,7.123399,14740.286577,251.303202,17536.099462,-54.330092,-4490.046091,705.723427,10.670223,False,False,True,True,False,True,False,2-circle,1.000000,518.342226,100.000000,100.000000,0.000000,0.000000,173.851262,71.806216,5.619760,3,5,2,0.0000,0.0000,0.0000,0.5000,"Pursue",-0.781857
120,A0100,adaptive_eagle_v9,HABFM,3341.646138,9.587810,151.133779,159.953150,6.886791,14736.675442,250.982638,17525.360176,-53.696427,-4521.342090,708.431009,10.971078,False,False,True,True,False,True,False,2-circle,1.000000,511.886246,100.000000,100.000000,0.000000,0.000000,174.681428,72.251879,5.449269,1,7,3,0.0000,0.0000,0.0000,0.5000,"LeadPursuit",0.765718
120,B0100,L7_close_level_aggressive,HABFM,3341.646138,9.587810,151.133779,159.953150,6.886791,14736.675442,250.982638,17525.360176,-53.696427,-4521.342090,708.431009,10.971078,False,False,True,True,False,True,False,2-circle,1.000000,511.886246,100.000000,100.000000,0.000000,0.000000,174.681428,72.251879,5.449269,3,5,2,0.0000,0.0000,0.0000,0.5000,"Pursue",-0.920991
121,A0100,adaptive_eagle_v9,OBFM,3098.020672,9.788962,151.780439,160.743346,6.694919,14732.936741,250.672657,17514.737289,-53.114437,-4547.901330,710.527797,11.278522,False,False,True,True,False,True,False,2-circle,1.000000,505.062411,100.000000,100.000000,0.000000,0.000000,175.575558,72.685908,5.265607,1,6,2,0.0000,0.0000,0.0000,0.5000,"LeadPursuit",0.856490
121,B0100,L7_close_level_aggressive,OBFM,3098.020672,9.788962,151.780439,160.743346,6.694919,14732.936741,250.672657,17514.737289,-53.114437,-4547.901330,710.527797,11.278522,False,False,True,True,False,True,False,2-circle,1.000000,505.062411,100.000000,100.000000,0.000000,0.000000,175.575558,72.685908,5.265607,3,5,1,0.0000,0.0000,0.0000,0.5000,"Pursue",-1.020182
122,A0100,adaptive_eagle_v9,DBFM,2853.231714,10.098568,152.197144,161.445789,6.558923,14729.043705,250.374039,17504.220464,-52.584122,-4577.201771,711.678062,11.592357,False,False,True,True,False,True,False,2-circle,1.000000,497.513157,100.000000,100.000000,0.000000,0.000000,176.541057,73.108207,5.069132,1,6,2,0.0000,0.0000,0.0000,0.5000,"LeadPursuit",0.917834
122,B0100,L7_close_level_aggressive,DBFM,2853.231714,10.098568,152.197144,161.445789,6.558923,14729.043705,250.374039,17504.220464,-52.584122,-4577.201771,711.678062,11.592357,False,False,True,True,False,True,False,2-circle,1.000000,497.513157,100.000000,100.000000,0.000000,0.000000,176.541057,73.108207,5.069132,3,6,2,0.0000,0.0000,0.0000,0.5000,"LeadPursuit",-1.084800
123,A0100,adaptive_eagle_v9,DBFM,2607.705050,10.535599,152.286505,161.986464,6.494617,14724.970192,250.087539,17493.799382,-52.105411,-4537.464065,709.954221,11.912342,False,False,True,True,False,True,False,2-circle,1.000000,488.873565,100.000000,100.000000,0.000000,0.000000,177.587212,73.518696,4.860206,1,6,2,0.0000,0.0000,0.0000,0.5000,"LeadPursuit",0.997214
123,B0100,L7_close_level_aggressive,DBFM,2607.705050,10.535599,152.286505,161.986464,6.494617,14724.970192,250.087539,17493.799382,-52.105411,-4537.464065,709.954221,11.912342,False,False,True,True,False,True,False,2-circle,1.000000,488.873565,100.000000,100.000000,0.000000,0.000000,177.587212,73.518696,4.860206,3,6,2,0.0000,0.0000,0.0000,0.5000,"LeadPursuit",-1.163609
124,A0100,adaptive_eagle_v9,DBFM,2361.764615,11.126578,152.065363,162.416264,6.525534,14720.690692,249.813887,17483.463749,-51.678167,-4564.409975,708.341679,12.238196,False,False,True,True,False,True,False,2-circle,1.000000,478.783757,100.000000,100.000000,0.000000,0.000000,178.728188,73.917315,4.639191,1,6,2,0.0000,0.0000,0.0000,0.5000,"LeadPursuit",1.235967
124,B0100,L7_close_level_aggressive,DBFM,2361.764615,11.126578,152.065363,162.416264,6.525534,14720.690692,249.813887,17483.463749,-51.678167,-4564.409975,708.341679,12.238196,False,False,True,True,False,True,False,2-circle,1.000000,478.783757,100.000000,100.000000,0.000000,0.000000,178.728188,73.917315,4.639191,3,6,2,0.0000,0.0000,0.0000,0.5000,"LeadPursuit",-1.389949
125,A0100,adaptive_eagle_v9,DBFM,2115.229095,11.907544,151.726020,163.000986,6.680056,14716.180322,249.553787,17473.203312,-51.302185,-4574.900295,705.661563,12.569589,False,False,True,True,False,True,False,2-circle,1.000000,466.847106,100.000000,100.000000,0.000000,0.000000,179.988587,74.304023,4.406457,1,6,2,0.0000,0.0000,0.0000,0.5000,"LeadPursuit",1.400262
125,B0100,L7_close_level_aggressive,DBFM,2115.229095,11.907544,151.726020,163.000986,6.680056,14716.180322,249.553787,17473.203312,-51.302185,-4574.900295,705.661563,12.569589,False,False,True,True,False,True,False,2-circle,1.000000,466.847106,100.000000,100.000000,0.000000,0.000000,179.988587,74.304023,4.406457,3,6,2,0.0000,0.0000,0.0000,0.5000,"LeadPursuit",-1.526028
126,A0100,adaptive_eagle_v9,DBFM,1868.074846,12.927870,151.346601,163.805095,6.968324,14711.414838,249.307918,17463.007872,-50.977201,-4571.735052,702.166060,12.906147,False,False,True,True,False,True,False,2-circle,1.000000,453.144784,100.000000,100.000000,0.000000,0.000000,-178.571283,74.678794,4.162371,1,6,2,0.0000,0.0000,0.0000,0.5000,"LeadPursuit",1.079888
126,B0100,L7_close_level_aggressive,DBFM,1868.074846,12.927870,151.346601,163.805095,6.968324,14711.414838,249.307918,17463.007872,-50.977201,-4571.735052,702.166060,12.906147,False,False,True,True,False,True,False,2-circle,1.000000,453.144784,100.000000,100.000000,0.000000,0.000000,-178.571283,74.678794,4.162371,3,6,2,0.0000,0.0000,0.0000,0.5000,"LeadPursuit",-1.206066
127,A0100,adaptive_eagle_v9,DBFM,1620.737703,14.317114,150.327080,164.264809,7.462731,14706.370628,249.076933,17452.867294,-50.702887,-4532.229509,694.802723,13.247443,False,False,True,True,False,True,False,2-circle,1.000000,438.512662,100.000000,100.000000,0.000000,0.000000,-176.844912,75.041620,3.907303,1,6,2,0.0000,0.0000,0.0000,0.5000,"LeadPursuit",0.876221
127,B0100,L7_close_level_aggressive,DBFM,1620.737703,14.317114,150.327080,164.264809,7.462731,14706.370628,249.076933,17452.867294,-50.702887,-4532.229509,694.802723,13.247443,False,False,True,True,False,True,False,2-circle,1.000000,438.512662,100.000000,100.000000,0.000000,0.000000,-176.844912,75.041620,3.907303,3,6,1,0.0000,0.0000,0.0000,0.5000,"LeadPursuit",-0.979627
128,A0100,adaptive_eagle_v9,DBFM,1374.115766,16.287316,148.465476,164.460481,8.325175,14701.024715,248.861460,17442.771522,-50.478860,-4494.178586,682.899690,13.593004,False,False,True,True,False,True,False,2-circle,1.000000,423.243718,100.000000,100.000000,0.000000,0.000000,-174.701115,75.392511,3.641625,1,6,2,0.0000,0.0000,0.0000,0.5000,"LeadPursuit",0.670248
128,B0100,L7_close_level_aggressive,DBFM,1374.115766,16.287316,148.465476,164.460481,8.325175,14701.024715,248.861460,17442.771522,-50.478860,-4494.178586,682.899690,13.593004,False,False,True,True,False,True,False,2-circle,1.000000,423.243718,100.000000,100.000000,0.000000,0.000000,-174.701115,75.392511,3.641625,3,4,1,0.0000,0.0000,0.0000,0.5000,"LeadPursuit",-0.680010
129,A0100,adaptive_eagle_v9,DBFM,1128.820401,19.077263,145.557263,164.369759,9.400842,14695.412246,248.277148,17424.299261,-92.361305,-4466.258237,663.784705,11.402265,False,False,True,True,False,True,False,2-circle,1.000000,407.092790,100.000000,100.000000,0.000000,0.000000,-174.955353,72.701624,3.490007,1,6,2,0.0000,0.0000,0.0000,0.5000,"LeadPursuit",0.434613
129,B0100,L7_close_level_aggressive,DBFM,1128.820401,19.077263,145.557263,164.369759,9.400842,14695.412246,248.277148,17424.299261,-92.361305,-4466.258237,663.784705,11.402265,False,False,True,True,False,True,False,2-circle,1.000000,407.092790,100.000000,100.000000,0.000000,0.000000,-174.955353,72.701624,3.490007,3,4,1,0.0000,0.0000,0.0000,0.5000,"LeadPursuit",-0.246979
130,A0100,adaptive_eagle_v9,DBFM,885.845685,23.427354,141.228651,164.319922,10.828141,14690.023952,247.053825,17392.085400,-161.069309,-4436.824719,631.842921,7.442113,False,False,True,False,False,True,False,2-circle,1.000000,389.250079,100.000000,100.000000,0.000000,0.000000,-179.820739,64.382078,3.629170,1,7,2,0.0000,0.0000,0.0000,0.5000,"LeadPursuit",0.397367
130,B0100,L7_close_level_aggressive,DBFM,885.845685,23.427354,141.228651,164.319922,10.828141,14690.023952,247.053825,17392.085400,-161.069309,-4436.824719,631.842921,7.442113,False,False,True,False,False,True,False,2-circle,1.000000,389.250079,100.000000,100.000000,0.000000,0.000000,-179.820739,64.382078,3.629170,3,5,2,0.0000,0.0000,0.0000,0.5000,"LeadPursuit",0.359542
131,A0100,adaptive_eagle_v9,HABFM,646.887996,30.778882,134.521063,164.990508,14.454240,14685.631554,245.911074,17362.753983,-146.657084,-4391.693523,575.605165,5.578163,False,False,True,False,False,True,False,2-circle,1.000000,369.171947,100.000000,100.000000,0.000000,0.000000,178.336789,57.271989,4.101294,1,7,2,0.0000,0.0000,0.0000,0.5000,"LeadPursuit",1.057463
131,B0100,L7_close_level_aggressive,HABFM,646.887996,30.778882,134.521063,164.990508,14.454240,14685.631554,245.911074,17362.753983,-146.657084,-4391.693523,575.605165,5.578163,False,False,True,False,False,True,False,2-circle,1.000000,369.171947,100.000000,100.000000,0.000000,0.000000,178.336789,57.271989,4.101294,3,6,2,0.0000,0.0000,0.0000,0.5000,"LeadPursuit",1.485538
132,A0100,adaptive_eagle_v9,HABFM,417.616430,43.737991,122.423677,166.049102,24.059312,14682.029684,245.597965,17352.339098,-52.074422,-4328.724027,458.548601,5.708691,False,False,True,False,False,True,False,2-circle,1.000000,347.930533,100.000000,100.000000,0.000000,0.000000,-172.119902,57.838266,4.888933,1,8,2,0.0000,0.0000,0.0000,0.5000,"LeadPursuit",2.978168
132,B0100,L7_close_level_aggressive,HABFM,417.616430,43.737991,122.423677,166.049102,24.059312,14682.029684,245.597965,17352.339098,-52.074422,-4328.724027,458.548601,5.708691,False,False,True,False,False,True,False,2-circle,1.000000,347.930533,100.000000,100.000000,0.000000,0.000000,-172.119902,57.838266,4.888933,3,7,2,0.0000,0.0000,0.0000,0.5000,"LeadPursuit",3.703566
133,A0100,adaptive_eagle_v9,DBFM,228.096707,68.450555,98.489961,166.925162,53.180632,14678.781078,245.330556,17343.278751,-45.301736,-4293.559552,177.118150,6.546384,False,False,True,False,False,True,False,2-circle,1.000000,326.793263,100.000000,100.000000,0.000000,0.000000,-151.459771,61.235445,5.745258,2,8,2,0.0000,0.0000,0.0000,0.5000,"LeadPursuit",2.027283
133,B0100,L7_close_level_aggressive,DBFM,228.096707,68.450555,98.489961,166.925162,53.180632,14678.781078,245.330556,17343.278751,-45.301736,-4293.559552,177.118150,6.546384,False,False,True,False,False,True,False,2-circle,1.000000,326.793263,100.000000,100.000000,0.000000,0.000000,-151.459771,61.235445,5.745258,2,8,2,0.0000,0.0000,0.0000,0.5000,"LeadPursuit",3.579286
134,A0100,adaptive_eagle_v9,HABFM,226.065582,105.068180,62.737159,167.782796,118.274495,14675.891023,245.004013,17333.300342,-49.892047,-4255.781364,-281.269021,7.557999,False,False,False,False,False,True,False,2-circle,1.000000,305.775381,100.000000,100.000000,0.000000,0.000000,-115.602077,64.540207,6.368052,2,8,2,0.0000,0.0000,0.0000,0.5000,"LeadPursuit",-0.808668
134,B0100,L7_close_level_aggressive,HABFM,226.065582,105.068180,62.737159,167.782796,118.274495,14675.891023,245.004013,17333.300342,-49.892047,-4255.781364,-281.269021,7.557999,False,False,False,False,False,True,False,2-circle,1.000000,305.775381,100.000000,100.000000,0.000000,0.000000,-115.602077,64.540207,6.368052,2,8,2,0.0000,0.0000,0.0000,0.5000,"LeadPursuit",-0.731833
135,A0100,adaptive_eagle_v9,HABFM,413.126342,133.088842,36.255228,169.062068,148.022013,14673.242447,244.736086,17324.842865,-42.287383,-4258.571995,-562.810780,8.423178,False,False,False,False,False,True,False,2-circle,1.000000,285.702150,100.000000,100.000000,0.000000,0.000000,-76.401027,66.844324,6.717104,2,8,2,0.0000,0.0000,0.0000,0.5000,"LeadPursuit",-0.309599
135,B0100,L7_close_level_aggressive,HABFM,413.126342,133.088842,36.255228,169.062068,148.022013,14673.242447,244.736086,17324.842865,-42.287383,-4258.571995,-562.810780,8.423178,False,False,False,False,False,True,False,2-circle,1.000000,285.702150,100.000000,100.000000,0.000000,0.000000,-76.401027,66.844324,6.717104,2,8,2,0.0000,0.0000,0.0000,0.5000,"LeadPursuit",-0.277756
136,A0100,adaptive_eagle_v9,HABFM,640.727099,147.672140,23.072933,170.023602,157.844925,14670.700726,244.524822,17317.725231,-35.588173,-4220.440507,-660.273530,9.018017,False,False,False,False,False,True,False,2-circle,1.000000,267.315616,100.000000,100.000000,0.000000,0.000000,-53.528689,68.207121,6.854832,2,8,2,0.0000,0.0000,0.0000,0.5000,"LeadPursuit",-0.141277
136,B0100,L7_close_level_aggressive,HABFM,640.727099,147.672140,23.072933,170.023602,157.844925,14670.700726,244.524822,17317.725231,-35.588173,-4220.440507,-660.273530,9.018017,False,False,False,False,False,True,False,2-circle,1.000000,267.315616,100.000000,100.000000,0.000000,0.000000,-53.528689,68.207121,6.854832,2,8,2,0.0000,0.0000,0.0000,0.5000,"LeadPursuit",-0.124664
137,A0100,adaptive_eagle_v9,HABFM,877.739993,155.280372,16.827541,170.735057,162.168463,14668.176553,244.336633,17311.128272,-32.984795,-4188.671072,-694.227419,9.381906,False,False,False,False,False,True,False,2-circle,1.000000,250.362699,100.000000,100.000000,0.000000,0.000000,-41.967543,68.962079,6.858140,2,8,2,0.0000,0.0000,0.0000,0.5000,"LeadPursuit",-0.073805
137,B0100,L7_close_level_aggressive,HABFM,877.739993,155.280372,16.827541,170.735057,162.168463,14668.176553,244.336633,17311.128272,-32.984795,-4188.671072,-694.227419,9.381906,False,False,False,False,False,True,False,2-circle,1.000000,250.362699,100.000000,100.000000,0.000000,0.000000,-41.967543,68.962079,6.858140,2,8,2,0.0000,0.0000,0.0000,0.5000,"LeadPursuit",-0.064678
138,A0100,adaptive_eagle_v9,HABFM,1117.684203,159.585207,14.076615,171.350733,164.417993,14665.622296,244.135471,17304.223927,-34.521726,-4148.961102,-706.758112,9.616198,False,False,False,False,False,True,False,2-circle,1.000000,234.720841,100.000000,100.000000,0.000000,0.000000,-35.514035,69.415362,6.787037,2,8,2,0.0000,0.0000,0.0000,0.5000,"LeadPursuit",-0.040917
138,B0100,L7_close_level_aggressive,HABFM,1117.684203,159.585207,14.076615,171.350733,164.417993,14665.622296,244.135471,17304.223927,-34.521726,-4148.961102,-706.758112,9.616198,False,False,False,False,False,True,False,2-circle,1.000000,234.720841,100.000000,100.000000,0.000000,0.000000,-35.514035,69.415362,6.787037,2,8,2,0.0000,0.0000,0.0000,0.5000,"LeadPursuit",-0.036473
139,A0100,adaptive_eagle_v9,HABFM,1358.772168,162.177324,13.086818,171.795060,165.681051,14663.013987,243.893968,17296.397898,-39.130145,-4185.166993,-713.057748,9.811324,False,False,False,False,False,True,False,2-circle,1.000000,220.084879,100.000000,100.000000,0.000000,0.000000,-31.448741,69.772620,6.678386,2,8,2,0.0000,0.0000,0.0000,0.5000,"LeadPursuit",-0.022413
139,B0100,L7_close_level_aggressive,HABFM,1358.772168,162.177324,13.086818,171.795060,165.681051,14663.013987,243.893968,17296.397898,-39.130145,-4185.166993,-713.057748,9.811324,False,False,False,False,False,True,False,2-circle,1.000000,220.084879,100.000000,100.000000,0.000000,0.000000,-31.448741,69.772620,6.678386,2,8,2,0.0000,0.0000,0.0000,0.5000,"LeadPursuit",-0.021314
140,A0100,adaptive_eagle_v9,HABFM,1600.491681,163.791337,13.003581,172.034571,166.400097,14660.337046,243.623925,17287.892730,-42.525836,-4230.474438,-715.926406,10.010701,False,False,False,False,False,True,False,2-circle,1.000000,206.125223,100.000000,100.000000,0.000000,0.000000,-28.610878,70.123128,6.549958,2,8,2,0.0000,0.0000,0.0000,0.5000,"LeadPursuit",-0.007858
140,B0100,L7_close_level_aggressive,HABFM,1600.491681,163.791337,13.003581,172.034571,166.400097,14660.337046,243.623925,17287.892730,-42.525836,-4230.474438,-715.926406,10.010701,False,False,False,False,False,True,False,2-circle,1.000000,206.125223,100.000000,100.000000,0.000000,0.000000,-28.610878,70.123128,6.549958,2,8,2,0.0000,0.0000,0.0000,0.5000,"LeadPursuit",-0.012478
141,A0100,adaptive_eagle_v9,HABFM,1842.259968,164.807022,13.801856,172.195648,166.797166,14657.577017,243.340669,17279.026266,-44.332324,-4252.879626,-715.604527,10.224181,False,False,False,False,False,True,False,2-circle,1.000000,192.666667,100.000000,100.000000,0.000000,0.000000,-26.479345,70.485302,6.408442,2,8,2,0.0000,0.0000,0.0000,0.5000,"LeadPursuit",-0.002498
141,B0100,L7_close_level_aggressive,HABFM,1842.259968,164.807022,13.801856,172.195648,166.797166,14657.577017,243.340669,17279.026266,-44.332324,-4252.879626,-715.604527,10.224181,False,False,False,False,False,True,False,2-circle,1.000000,192.666667,100.000000,100.000000,0.000000,0.000000,-26.479345,70.485302,6.408442,2,8,2,0.0000,0.0000,0.0000,0.5000,"LeadPursuit",-0.007190
142,A0100,adaptive_eagle_v9,HABFM,2083.431075,165.444338,14.746108,172.323044,167.007974,14654.716673,243.055719,17270.030124,-44.980705,-4276.357578,-714.377734,10.449162,False,False,False,False,False,True,False,2-circle,1.000000,180.198145,100.000000,100.000000,0.000000,0.000000,-24.814652,70.853554,6.255823,1,8,4,0.0000,0.0000,0.0000,0.5000,"HeadOnBreak",-0.000194
142,B0100,L7_close_level_aggressive,HABFM,2083.431075,165.444338,14.746108,172.323044,167.007974,14654.716673,243.055719,17270.030124,-44.980705,-4276.357578,-714.377734,10.449162,False,False,False,False,False,True,False,2-circle,1.000000,180.198145,100.000000,100.000000,0.000000,0.000000,-24.814652,70.853554,6.255823,2,8,2,0.0000,0.0000,0.0000,0.5000,"LeadPursuit",-0.003408
143,A0100,adaptive_eagle_v9,HABFM,2324.320561,165.804240,15.477506,172.269595,167.065275,14651.736476,242.775970,17261.033120,-44.985020,-4325.448862,-713.747946,10.680995,False,False,False,False,False,True,False,2-circle,1.000000,168.566385,100.000000,100.000000,0.000000,0.000000,-23.466968,71.219325,6.092580,1,8,4,0.0000,0.0000,0.0000,0.5000,"HeadOnBreak",0.005441
143,B0100,L7_close_level_aggressive,HABFM,2324.320561,165.804240,15.477506,172.269595,167.065275,14651.736476,242.775970,17261.033120,-44.985020,-4325.448862,-713.747946,10.680995,False,False,False,False,False,True,False,2-circle,1.000000,168.566385,100.000000,100.000000,0.000000,0.000000,-23.466968,71.219325,6.092580,2,8,2,0.0000,0.0000,0.0000,0.5000,"LeadPursuit",-0.000556
144,A0100,adaptive_eagle_v9,HABFM,2564.786433,165.954853,16.409641,172.041590,166.994137,14648.619554,242.488167,17251.733378,-46.498711,-4368.913106,-712.195032,10.917006,False,False,False,False,False,True,False,2-circle,1.000000,157.581178,100.000000,100.000000,0.000000,0.000000,-22.343725,71.576987,5.918547,1,8,4,0.0000,0.0000,0.0000,0.5000,"HeadOnBreak",0.009076
144,B0100,L7_close_level_aggressive,HABFM,2564.786433,165.954853,16.409641,172.041590,166.994137,14648.619554,242.488167,17251.733378,-46.498711,-4368.913106,-712.195032,10.917006,False,False,False,False,False,True,False,2-circle,1.000000,157.581178,100.000000,100.000000,0.000000,0.000000,-22.343725,71.576987,5.918547,2,8,2,0.0000,0.0000,0.0000,0.5000,"LeadPursuit",0.001673
145,A0100,adaptive_eagle_v9,HABFM,2804.622994,165.942197,17.425494,171.656540,166.813629,14645.361134,242.186226,17241.996323,-48.685277,-4413.885589,-710.142058,11.156431,False,False,False,False,False,True,False,2-circle,1.000000,146.991608,100.000000,100.000000,0.000000,0.000000,-21.381927,71.925034,5.733270,1,8,4,0.0000,0.0000,0.0000,0.5000,"HeadOnBreak",0.011846
145,B0100,L7_close_level_aggressive,HABFM,2804.622994,165.942197,17.425494,171.656540,166.813629,14645.361134,242.186226,17241.996323,-48.685277,-4413.885589,-710.142058,11.156431,False,False,False,False,False,True,False,2-circle,1.000000,146.991608,100.000000,100.000000,0.000000,0.000000,-21.381927,71.925034,5.733270,2,8,2,0.0000,0.0000,0.0000,0.5000,"LeadPursuit",0.003361
146,A0100,adaptive_eagle_v9,HABFM,3043.679622,165.804240,18.509479,171.142564,166.546119,14641.956648,241.878553,17231.998494,-49.989142,-4460.251240,-707.649018,11.401349,False,False,False,False,False,True,False,2-circle,1.000000,136.523349,100.000000,100.000000,0.000000,0.000000,-20.534074,72.267292,5.538131,1,8,4,0.0000,0.0000,0.0000,0.5000,"HeadOnBreak",0.019104
146,B0100,L7_close_level_aggressive,HABFM,3043.679622,165.804240,18.509479,171.142564,166.546119,14641.956648,241.878553,17231.998494,-49.989142,-4460.251240,-707.649018,11.401349,False,False,False,False,False,True,False,2-circle,1.000000,136.523349,100.000000,100.000000,0.000000,0.000000,-20.534074,72.267292,5.538131,2,8,0,0.0000,0.0000,0.0000,0.5000,"Pursue",0.004623
147,A0100,adaptive_eagle_v9,HABFM,3281.635690,165.571631,20.018516,170.366531,166.212209,14638.399494,241.570462,17221.847451,-50.755216,-4480.207352,-703.126400,11.655505,False,False,False,False,False,True,False,2-circle,1.000000,125.983746,100.000000,100.000000,0.000000,0.000000,-19.765999,72.609229,5.334678,1,8,4,0.0000,0.0000,0.0000,0.5000,"HeadOnBreak",0.022858
147,B0100,L7_close_level_aggressive,HABFM,3281.635690,165.571631,20.018516,170.366531,166.212209,14638.399494,241.570462,17221.847451,-50.755216,-4480.207352,-703.126400,11.655505,False,False,False,False,False,True,False,2-circle,1.000000,125.983746,100.000000,100.000000,0.000000,0.000000,-19.765999,72.609229,5.334678,2,8,0,0.0000,0.0000,0.0000,0.5000,"Pursue",0.005407
148,A0100,adaptive_eagle_v9,HABFM,3517.705236,165.275382,21.746914,169.575805,165.839294,14634.681602,241.265132,17211.603060,-51.221953,-4477.387735,-697.079490,11.922434,False,False,False,False,False,True,False,2-circle,1.000000,115.870817,100.000000,100.000000,0.000000,0.000000,-19.065089,72.955079,5.123804,1,8,4,0.0000,0.0000,0.0000,0.5000,"HeadOnBreak",0.015729
148,B0100,L7_close_level_aggressive,HABFM,3517.705236,165.275382,21.746914,169.575805,165.839294,14634.681602,241.265132,17211.603060,-51.221953,-4477.387735,-697.079490,11.922434,False,False,False,False,False,True,False,2-circle,1.000000,115.870817,100.000000,100.000000,0.000000,0.000000,-19.065089,72.955079,5.123804,2,8,0,0.0000,0.0000,0.0000,0.5000,"Pursue",0.006158
149,A0100,adaptive_eagle_v9,HABFM,3752.033460,164.916554,22.940365,169.182348,165.424820,14630.793695,240.964480,17201.296709,-51.531759,-4505.334369,-692.960222,12.204755,False,False,False,False,False,True,False,2-circle,1.000000,106.884996,100.000000,100.000000,0.000000,0.000000,-18.425869,73.307093,4.905761,1,8,4,0.0000,0.0000,0.0000,0.5000,"HeadOnBreak",0.014486
149,B0100,L7_close_level_aggressive,HABFM,3752.033460,164.916554,22.940365,169.182348,165.424820,14630.793695,240.964480,17201.296709,-51.531759,-4505.334369,-692.960222,12.204755,False,False,False,False,False,True,False,2-circle,1.000000,106.884996,100.000000,100.000000,0.000000,0.000000,-18.425869,73.307093,4.905761,2,8,0,0.0000,0.0000,0.0000,0.5000,"Pursue",0.007037
150,A0100,adaptive_eagle_v9,HABFM,3985.229937,164.489586,23.981073,168.849597,164.957205,14626.725372,240.665512,17190.853813,-52.214476,-4545.771748,-689.353735,12.505129,False,False,False,False,False,True,False,2-circle,1.000000,98.908981,100.000000,100.000000,0.000000,0.000000,-17.831833,73.666772,4.680418,1,8,4,0.0000,0.0000,0.0000,0.5000,"HeadOnBreak",0.017320
150,B0100,L7_close_level_aggressive,HABFM,3985.229937,164.489586,23.981073,168.849597,164.957205,14626.725372,240.665512,17190.853813,-52.214476,-4545.771748,-689.353735,12.505129,False,False,False,False,False,True,False,2-circle,1.000000,98.908981,100.000000,100.000000,0.000000,0.000000,-17.831833,73.666772,4.680418,2,8,0,0.0000,0.0000,0.0000,0.5000,"Pursue",0.007777
151,A0100,adaptive_eagle_v9,HABFM,4217.067521,164.006261,25.143828,168.381551,164.444734,14622.464961,240.358930,17180.064716,-53.945489,-4579.937166,-684.971793,12.830924,False,False,False,False,False,True,False,2-circle,1.000000,91.813762,100.000000,100.000000,0.000000,0.000000,-17.265362,74.040317,4.447674,1,8,4,0.0000,0.0000,0.0000,0.5000,"HeadOnBreak",0.018452
151,B0100,L7_close_level_aggressive,HABFM,4217.067521,164.006261,25.143828,168.381551,164.444734,14622.464961,240.358930,17180.064716,-53.945489,-4579.937166,-684.971793,12.830924,False,False,False,False,False,True,False,2-circle,1.000000,91.813762,100.000000,100.000000,0.000000,0.000000,-17.265362,74.040317,4.447674,2,8,0,0.0000,0.0000,0.0000,0.5000,"Pursue",0.008443
152,A0100,adaptive_eagle_v9,HABFM,4447.392867,163.474553,26.327160,167.844950,163.892342,14617.999541,240.045621,17168.935959,-55.643783,-4616.034680,-680.301793,13.185859,False,False,False,False,False,True,False,2-circle,1.000000,85.308904,100.000000,100.000000,0.000000,0.000000,-16.714205,74.428961,4.206943,1,8,4,0.0000,0.0000,0.0000,0.5000,"HeadOnBreak",0.019417
152,B0100,L7_close_level_aggressive,HABFM,4447.392867,163.474553,26.327160,167.844950,163.892342,14617.999541,240.045621,17168.935959,-55.643783,-4616.034680,-680.301793,13.185859,False,False,False,False,False,True,False,2-circle,1.000000,85.308904,100.000000,100.000000,0.000000,0.000000,-16.714205,74.428961,4.206943,2,8,0,0.0000,0.0000,0.0000,0.5000,"Pursue",0.009067
153,A0100,adaptive_eagle_v9,HABFM,4676.101800,162.900064,27.530205,167.253360,163.303416,14613.314739,239.727093,17157.485718,-57.251204,-4654.008733,-675.334052,13.569930,False,False,False,False,False,True,False,2-circle,1.000000,79.089665,100.000000,100.000000,0.000000,0.000000,-16.172919,74.829319,3.957266,1,8,4,0.0000,0.0000,0.0000,0.5000,"HeadOnBreak",0.026665
153,B0100,L7_close_level_aggressive,HABFM,4676.101800,162.900064,27.530205,167.253360,163.303416,14613.314739,239.727093,17157.485718,-57.251204,-4654.008733,-675.334052,13.569930,False,False,False,False,False,True,False,2-circle,1.000000,79.089665,100.000000,100.000000,0.000000,0.000000,-16.172919,74.829319,3.957266,2,8,0,0.0000,0.0000,0.0000,0.5000,"Pursue",0.009513
154,A0100,adaptive_eagle_v9,HABFM,4902.858312,162.296520,29.131257,166.329812,162.690929,14608.393986,239.411808,17145.877276,-58.042210,-4665.421578,-668.038259,13.982753,False,False,False,False,False,True,False,2-circle,1.000000,72.944081,100.000000,100.000000,0.000000,0.000000,-15.638807,75.238205,3.697806,1,8,4,0.0000,0.0000,0.0000,0.5000,"HeadOnBreak",0.025731
154,B0100,L7_close_level_aggressive,HABFM,4902.858312,162.296520,29.131257,166.329812,162.690929,14608.393986,239.411808,17145.877276,-58.042210,-4665.421578,-668.038259,13.982753,False,False,False,False,False,True,False,2-circle,1.000000,72.944081,100.000000,100.000000,0.000000,0.000000,-15.638807,75.238205,3.697806,2,8,0,0.0000,0.0000,0.0000,0.5000,"Pursue",0.009508
155,A0100,adaptive_eagle_v9,HABFM,5126.933418,161.692647,30.647824,165.515826,162.085666,14603.210847,239.122025,17134.555131,-56.610725,-4677.692084,-660.822939,14.423052,False,False,False,False,False,True,False,2-circle,1.000000,67.272083,100.000000,100.000000,0.000000,0.000000,-15.117138,75.652638,3.428490,1,8,4,0.0000,0.0000,0.0000,0.5000,"HeadOnBreak",0.020116
155,B0100,L7_close_level_aggressive,HABFM,5126.933418,161.692647,30.647824,165.515826,162.085666,14603.210847,239.122025,17134.555131,-56.610725,-4677.692084,-660.822939,14.423052,False,False,False,False,False,True,False,2-circle,1.000000,67.272083,100.000000,100.000000,0.000000,0.000000,-15.117138,75.652638,3.428490,2,8,0,0.0000,0.0000,0.0000,0.5000,"Pursue",0.009675
156,A0100,adaptive_eagle_v9,HABFM,5349.039840,161.078368,31.809328,164.956787,161.476230,14597.734473,238.856313,17123.456235,-55.494481,-4715.890635,-655.361941,14.886694,False,False,False,False,False,True,False,2-circle,1.000000,62.043343,100.000000,100.000000,0.000000,0.000000,-14.611370,76.066173,3.148395,1,8,4,0.0000,0.0000,0.0000,0.5000,"HeadOnBreak",0.022328
156,B0100,L7_close_level_aggressive,HABFM,5349.039840,161.078368,31.809328,164.956787,161.476230,14597.734473,238.856313,17123.456235,-55.494481,-4715.890635,-655.361941,14.886694,False,False,False,False,False,True,False,2-circle,1.000000,62.043343,100.000000,100.000000,0.000000,0.000000,-14.611370,76.066173,3.148395,2,8,0,0.0000,0.0000,0.0000,0.5000,"Pursue",0.009880
157,A0100,adaptive_eagle_v9,HABFM,5569.158251,160.452846,33.068350,164.271896,160.860631,14591.935631,238.612533,17112.504461,-54.758871,-4748.705404,-649.201583,15.367330,False,False,False,False,False,True,False,2-circle,1.000000,57.074288,100.000000,100.000000,0.000000,0.000000,-14.124766,76.471583,2.856206,1,8,4,0.0000,0.0000,0.0000,0.5000,"HeadOnBreak",0.030031
157,B0100,L7_close_level_aggressive,HABFM,5569.158251,160.452846,33.068350,164.271896,160.860631,14591.935631,238.612533,17112.504461,-54.758871,-4748.705404,-649.201583,15.367330,False,False,False,False,False,True,False,2-circle,1.000000,57.074288,100.000000,100.000000,0.000000,0.000000,-14.124766,76.471583,2.856206,2,8,0,0.0000,0.0000,0.0000,0.5000,"Pursue",0.010059
158,A0100,adaptive_eagle_v9,HABFM,5786.906505,159.819204,34.721020,163.228064,160.241187,14585.786492,238.389442,17101.644307,-54.300772,-4754.730382,-640.554320,15.859546,False,False,False,False,False,True,False,2-circle,1.000000,52.171532,100.000000,100.000000,0.000000,0.000000,-13.658919,76.863911,2.551216,1,8,4,0.0000,0.0000,0.0000,0.5000,"HeadOnBreak",0.034460
158,B0100,L7_close_level_aggressive,HABFM,5786.906505,159.819204,34.721020,163.228064,160.241187,14585.786492,238.389442,17101.644307,-54.300772,-4754.730382,-640.554320,15.859546,False,False,False,False,False,True,False,2-circle,1.000000,52.171532,100.000000,100.000000,0.000000,0.000000,-13.658919,76.863911,2.551216,2,8,0,0.0000,0.0000,0.0000,0.5000,"Pursue",0.010113
159,A0100,adaptive_eagle_v9,HABFM,6001.292668,159.184312,36.576549,162.095453,159.625584,14579.260473,238.186426,17090.835029,-54.046387,-4739.930729,-630.262528,16.359938,False,False,False,False,False,True,False,2-circle,1.000000,47.798578,100.000000,100.000000,0.000000,0.000000,-13.219658,77.240861,2.233377,1,8,4,0.0000,0.0000,0.0000,0.5000,"HeadOnBreak",0.024902
159,B0100,L7_close_level_aggressive,HABFM,6001.292668,159.184312,36.576549,162.095453,159.625584,14579.260473,238.186426,17090.835029,-54.046387,-4739.930729,-630.262528,16.359938,False,False,False,False,False,True,False,2-circle,1.000000,47.798578,100.000000,100.000000,0.000000,0.000000,-13.219658,77.240861,2.233377,2,8,0,0.0000,0.0000,0.0000,0.5000,"Pursue",0.010217
160,A0100,adaptive_eagle_v9,HABFM,6212.611498,158.542764,37.892639,161.481282,159.009417,14572.332117,238.003295,17080.046076,-53.944765,-4756.315243,-622.832326,16.866805,False,False,False,False,False,True,False,2-circle,1.000000,44.653129,100.000000,100.000000,0.000000,0.000000,-12.812547,77.601970,1.903057,1,8,4,0.0000,0.0000,0.0000,0.5000,"HeadOnBreak",0.022088
160,B0100,L7_close_level_aggressive,HABFM,6212.611498,158.542764,37.892639,161.481282,159.009417,14572.332117,238.003295,17080.046076,-53.944765,-4756.315243,-622.832326,16.866805,False,False,False,False,False,True,False,2-circle,1.000000,44.653129,100.000000,100.000000,0.000000,0.000000,-12.812547,77.601970,1.903057,2,8,0,0.0000,0.0000,0.0000,0.5000,"Pursue",0.010452
161,A0100,adaptive_eagle_v9,HABFM,6421.761770,157.887081,39.036355,160.989679,158.384567,14564.976998,237.840137,17069.253928,-53.960743,-4784.673374,-616.285094,17.379399,False,False,False,False,False,True,False,2-circle,1.000000,42.639395,100.000000,100.000000,0.000000,0.000000,-12.434466,77.947653,1.560813,1,8,4,0.0000,0.0000,0.0000,0.5000,"HeadOnBreak",0.024680
161,B0100,L7_close_level_aggressive,HABFM,6421.761770,157.887081,39.036355,160.989679,158.384567,14564.976998,237.840137,17069.253928,-53.960743,-4784.673374,-616.285094,17.379399,False,False,False,False,False,True,False,2-circle,1.000000,42.639395,100.000000,100.000000,0.000000,0.000000,-12.434466,77.947653,1.560813,2,8,0,0.0000,0.0000,0.0000,0.5000,"Pursue",0.010672
162,A0100,adaptive_eagle_v9,HABFM,6628.518968,157.219048,40.287511,160.367938,157.752417,14557.171624,237.697221,17058.439857,-54.070355,-4805.779673,-608.903228,17.897265,False,False,False,False,False,True,False,2-circle,1.000000,41.616148,100.000000,100.000000,0.000000,0.000000,-12.082137,78.278565,1.207254,2,2,4,0.0000,0.0000,0.0000,0.5000,"ExtensionBreak",0.032321
162,B0100,L7_close_level_aggressive,HABFM,6628.518968,157.219048,40.287511,160.367938,157.752417,14557.171624,237.697221,17058.439857,-54.070355,-4805.779673,-608.903228,17.897265,False,False,False,False,False,True,False,2-circle,1.000000,41.616148,100.000000,100.000000,0.000000,0.000000,-12.082137,78.278565,1.207254,2,8,0,0.0000,0.0000,0.0000,0.5000,"Pursue",0.010866
163,A0100,adaptive_eagle_v9,HABFM,6832.499349,156.541378,41.890412,159.422174,157.115234,14548.893366,237.574919,17047.588305,-54.257757,-4802.365727,-599.066369,18.419857,False,False,False,False,False,True,False,2-circle,1.000000,41.372295,100.000000,100.000000,0.000000,0.000000,-11.752137,78.595298,0.842967,2,2,4,0.0000,0.0000,0.0000,0.5000,"ExtensionBreak",0.043435
163,B0100,L7_close_level_aggressive,HABFM,6832.499349,156.541378,41.890412,159.422174,157.115234,14548.893366,237.574919,17047.588305,-54.257757,-4802.365727,-599.066369,18.419857,False,False,False,False,False,True,False,2-circle,1.000000,41.372295,100.000000,100.000000,0.000000,0.000000,-11.752137,78.595298,0.842967,2,8,0,0.0000,0.0000,0.0000,0.5000,"Pursue",0.010937
164,A0100,adaptive_eagle_v9,HABFM,7032.466290,155.859279,43.995402,158.176763,156.479717,14540.120399,237.473656,17036.685735,-54.512849,-4750.317217,-585.419631,18.946366,False,False,False,False,False,True,False,2-circle,1.000000,42.611007,100.000000,100.000000,0.000000,0.000000,-11.449060,78.898296,0.468499,2,2,4,0.0000,0.0000,0.0000,0.5000,"ExtensionBreak",0.034139
164,B0100,L7_close_level_aggressive,HABFM,7032.466290,155.859279,43.995402,158.176763,156.479717,14540.120399,237.473656,17036.685735,-54.512849,-4750.317217,-585.419631,18.946366,False,False,False,False,False,True,False,2-circle,1.000000,42.611007,100.000000,100.000000,0.000000,0.000000,-11.449060,78.898296,0.468499,2,8,0,0.0000,0.0000,0.0000,0.5000,"Pursue",0.010956
165,A0100,adaptive_eagle_v9,HABFM,7227.965220,155.169255,45.620092,157.561661,155.845924,14530.831664,237.393878,17025.719857,-54.829390,-4693.531153,-574.012344,19.475704,False,False,False,False,False,True,False,2-circle,1.000000,47.180270,100.000000,100.000000,0.000000,0.000000,-11.186153,79.187870,0.084366,2,2,4,0.0000,0.0000,0.0000,0.5000,"ExtensionBreak",0.008168
165,B0100,L7_close_level_aggressive,HABFM,7227.965220,155.169255,45.620092,157.561661,155.845924,14530.831664,237.393878,17025.719857,-54.829390,-4693.531153,-574.012344,19.475704,False,False,False,False,False,True,False,2-circle,1.000000,47.180270,100.000000,100.000000,0.000000,0.000000,-11.186153,79.187870,0.084366,2,8,0,0.0000,0.0000,0.0000,0.5000,"Pursue",0.011164
166,A0100,adaptive_eagle_v9,HABFM,7420.880670,154.456069,46.025621,158.120343,155.200182,14521.006839,237.336024,17014.679147,-55.203550,-4677.898979,-569.949366,20.006534,False,False,False,False,False,True,False,2-circle,1.000000,56.086256,100.000000,100.000000,0.000000,0.000000,-10.968790,79.464248,-0.308947,2,2,4,0.0000,0.0000,0.0000,0.5000,"ExtensionBreak",-0.011646
166,B0100,L7_close_level_aggressive,HABFM,7420.880670,154.456069,46.025621,158.120343,155.200182,14521.006839,237.336024,17014.679147,-55.203550,-4677.898979,-569.949366,20.006534,False,False,False,False,False,True,False,2-circle,1.000000,56.086256,100.000000,100.000000,0.000000,0.000000,-10.968790,79.464248,-0.308947,2,8,0,0.0000,0.0000,0.0000,0.5000,"Pursue",0.011609
167,A0100,adaptive_eagle_v9,HABFM,7613.445241,153.706995,45.518079,159.517101,154.528708,14510.626327,237.300517,17003.552566,-55.632905,-4678.090362,-571.175544,20.537319,False,False,False,False,False,True,False,2-circle,1.000000,69.009495,100.000000,100.000000,0.000000,0.000000,-10.791893,79.727617,-0.710968,2,2,4,0.0000,0.0000,0.0000,0.5000,"ExtensionBreak",-0.023703
167,B0100,L7_close_level_aggressive,HABFM,7613.445241,153.706995,45.518079,159.517101,154.528708,14510.626327,237.300517,17003.552566,-55.632905,-4678.090362,-571.175544,20.537319,False,False,False,False,False,True,False,2-circle,1.000000,69.009495,100.000000,100.000000,0.000000,0.000000,-10.791893,79.727617,-0.710968,2,8,0,0.0000,0.0000,0.0000,0.5000,"Pursue",0.012226
168,A0100,adaptive_eagle_v9,HABFM,7807.041004,152.915399,44.442896,161.423764,153.822906,14499.671237,237.287759,16992.329409,-56.115787,-4680.538409,-575.440092,21.066365,False,False,False,False,False,True,False,2-circle,1.000000,85.159778,100.000000,100.000000,0.000000,0.000000,-10.647475,79.978146,-1.121239,2,2,4,0.0000,0.0000,0.0000,0.5000,"ExtensionBreak",-0.030751
168,B0100,L7_close_level_aggressive,HABFM,7807.041004,152.915399,44.442896,161.423764,153.822906,14499.671237,237.287759,16992.329409,-56.115787,-4680.538409,-575.440092,21.066365,False,False,False,False,False,True,False,2-circle,1.000000,85.159778,100.000000,100.000000,0.000000,0.000000,-10.647475,79.978146,-1.121239,2,8,0,0.0000,0.0000,0.0000,0.5000,"Pursue",0.012962
169,A0100,adaptive_eagle_v9,HABFM,8002.434843,152.078676,43.010188,163.615842,153.077922,14488.123372,237.298119,16980.999228,-56.650905,-4674.663767,-581.251787,21.591850,False,False,False,False,False,True,False,2-circle,1.000000,103.634586,100.000000,100.000000,0.000000,0.000000,-10.527497,80.216006,-1.539309,1,8,4,0.0000,0.0000,0.0000,0.5000,"SmartHighYoYo",-0.028123
169,B0100,L7_close_level_aggressive,HABFM,8002.434843,152.078676,43.010188,163.615842,153.077922,14488.123372,237.298119,16980.999228,-56.650905,-4674.663767,-581.251787,21.591850,False,False,False,False,False,True,False,2-circle,1.000000,103.634586,100.000000,100.000000,0.000000,0.000000,-10.527497,80.216006,-1.539309,2,8,0,0.0000,0.0000,0.0000,0.5000,"Pursue",0.013759
170,A0100,adaptive_eagle_v9,HABFM,8199.918064,151.199059,41.658923,165.551929,152.293218,14475.965227,237.331944,16969.551801,-57.237136,-4699.328836,-586.937031,22.111848,False,False,False,False,False,True,False,2-circle,1.000000,123.261640,100.000000,100.000000,0.000000,0.000000,-10.422760,80.441374,-1.964733,1,8,4,0.0000,0.0000,0.0000,0.5000,"SmartHighYoYo",-0.016681
170,B0100,L7_close_level_aggressive,HABFM,8199.918064,151.199059,41.658923,165.551929,152.293218,14475.965227,237.331944,16969.551801,-57.237136,-4699.328836,-586.937031,22.111848,False,False,False,False,False,True,False,2-circle,1.000000,123.261640,100.000000,100.000000,0.000000,0.000000,-10.422760,80.441374,-1.964733,2,8,0,0.0000,0.0000,0.0000,0.5000,"Pursue",0.014456
171,A0100,adaptive_eagle_v9,HABFM,8399.047738,150.288401,40.828691,166.761457,151.478017,14463.179968,237.389546,16957.977116,-57.873425,-4785.328746,-590.929721,22.624348,False,False,False,False,False,True,False,2-circle,1.000000,142.758444,100.000000,100.000000,0.000000,0.000000,-10.324186,80.654436,-2.397073,1,8,4,0.0000,0.0000,0.0000,0.5000,"SmartHighYoYo",-0.008795
171,B0100,L7_close_level_aggressive,HABFM,8399.047738,150.288401,40.828691,166.761457,151.478017,14463.179968,237.389546,16957.977116,-57.873425,-4785.328746,-590.929721,22.624348,False,False,False,False,False,True,False,2-circle,1.000000,142.758444,100.000000,100.000000,0.000000,0.000000,-10.324186,80.654436,-2.397073,2,8,0,0.0000,0.0000,0.0000,0.5000,"Pursue",0.015034
172,A0100,adaptive_eagle_v9,HABFM,8599.380022,149.358071,40.353400,167.302330,150.641823,14449.751432,237.471212,16946.265369,-58.558732,-4920.553756,-593.950010,23.127275,False,False,False,False,False,True,False,2-circle,1.000000,161.179278,100.000000,100.000000,0.000000,0.000000,-10.225755,80.855387,-2.835895,1,8,4,0.0000,0.0000,0.0000,0.5000,"SmartHighYoYo",-0.009783
172,B0100,L7_close_level_aggressive,HABFM,8599.380022,149.358071,40.353400,167.302330,150.641823,14449.751432,237.471212,16946.265369,-58.558732,-4920.553756,-593.950010,23.127275,False,False,False,False,False,True,False,2-circle,1.000000,161.179278,100.000000,100.000000,0.000000,0.000000,-10.225755,80.855387,-2.835895,2,8,0,0.0000,0.0000,0.0000,0.5000,"Pursue",0.015591
173,A0100,adaptive_eagle_v9,HABFM,8800.742346,148.413070,39.805269,167.578703,149.787887,14435.664108,237.577197,16934.406966,-59.292015,-5057.843710,-597.264118,23.618509,False,False,False,False,False,True,False,2-circle,1.000000,177.738253,100.000000,100.000000,0.000000,0.000000,-10.122955,81.044430,-3.280772,1,6,4,0.0000,0.0000,0.0000,0.5000,"HeadOnBreak",-0.011272
173,B0100,L7_close_level_aggressive,HABFM,8800.742346,148.413070,39.805269,167.578703,149.787887,14435.664108,237.577197,16934.406966,-59.292015,-5057.843710,-597.264118,23.618509,False,False,False,False,False,True,False,2-circle,1.000000,177.738253,100.000000,100.000000,0.000000,0.000000,-10.122955,81.044430,-3.280772,2,8,0,0.0000,0.0000,0.0000,0.5000,"Pursue",0.016202
174,A0100,adaptive_eagle_v9,HABFM,9003.264534,147.453467,39.147095,167.395284,148.914717,14420.903136,237.707729,16922.392522,-60.072219,-5196.093562,-601.019393,24.095905,False,False,False,False,False,True,False,2-circle,1.000000,191.834037,100.000000,100.000000,0.000000,0.000000,-10.012744,81.221779,-3.731284,1,7,4,0.0000,0.0000,0.0000,0.5000,"HeadOnBreak",-0.015095
174,B0100,L7_close_level_aggressive,HABFM,9003.264534,147.453467,39.147095,167.395284,148.914717,14420.903136,237.707729,16922.392522,-60.072219,-5196.093562,-601.019393,24.095905,False,False,False,False,False,True,False,2-circle,1.000000,191.834037,100.000000,100.000000,0.000000,0.000000,-10.012744,81.221779,-3.731284,2,8,0,0.0000,0.0000,0.0000,0.5000,"Pursue",0.020174
175,A0100,adaptive_eagle_v9,HABFM,9207.077714,146.304735,38.261435,166.848381,147.824352,14405.468818,237.671217,16906.189793,-81.013650,-5343.861565,-605.130349,18.390176,False,False,False,False,False,True,False,2-circle,1.000000,202.595477,100.000000,100.000000,0.000000,0.000000,-12.720684,78.557531,-4.069797,1,8,4,0.0000,0.0000,0.0000,0.5000,"HeadOnBreak",-0.019162
175,B0100,L7_close_level_aggressive,HABFM,9207.077714,146.304735,38.261435,166.848381,147.824352,14405.468818,237.671217,16906.189793,-81.013650,-5343.861565,-605.130349,18.390176,False,False,False,False,False,True,False,2-circle,1.000000,202.595477,100.000000,100.000000,0.000000,0.000000,-12.720684,78.557531,-4.069797,2,8,0,0.0000,0.0000,0.0000,0.5000,"Pursue",0.019759
176,A0100,adaptive_eagle_v9,HABFM,9412.332052,145.218302,37.156447,166.048050,146.752284,14389.554279,237.662707,16890.096186,-80.468032,-5488.265926,-610.264714,13.279083,False,False,False,False,False,True,False,2-circle,1.000000,209.427120,100.000000,100.000000,0.000000,0.000000,-16.959112,74.337012,-4.269029,1,8,4,0.0000,0.0000,0.0000,0.5000,"HeadOnBreak",-0.013130
176,B0100,L7_close_level_aggressive,HABFM,9412.332052,145.218302,37.156447,166.048050,146.752284,14389.554279,237.662707,16890.096186,-80.468032,-5488.265926,-610.264714,13.279083,False,False,False,False,False,True,False,2-circle,1.000000,209.427120,100.000000,100.000000,0.000000,0.000000,-16.959112,74.337012,-4.269029,2,8,0,0.0000,0.0000,0.0000,0.5000,"Pursue",0.016416
177,A0100,adaptive_eagle_v9,HABFM,9619.188397,144.331527,36.422841,165.574924,145.886180,14373.219627,237.883883,16878.417853,-58.391667,-5618.246446,-614.077181,12.916132,False,False,False,False,False,True,False,2-circle,1.000000,213.582222,100.000000,100.000000,0.000000,0.000000,-17.367838,73.929442,-4.338873,1,8,4,0.0000,0.0000,0.0000,0.5000,"HeadOnBreak",0.006154
177,B0100,L7_close_level_aggressive,HABFM,9619.188397,144.331527,36.422841,165.574924,145.886180,14373.219627,237.883883,16878.417853,-58.391667,-5618.246446,-614.077181,12.916132,False,False,False,False,False,True,False,2-circle,1.000000,213.582222,100.000000,100.000000,0.000000,0.000000,-17.367838,73.929442,-4.338873,2,8,0,0.0000,0.0000,0.0000,0.5000,"Pursue",0.018248
178,A0100,adaptive_eagle_v9,HABFM,9826.360595,143.360873,36.765128,165.668691,144.924786,14356.491208,238.037029,16864.916092,-67.508802,-5717.622320,-611.626051,13.968394,False,False,False,False,False,True,False,2-circle,1.000000,217.718579,100.000000,100.000000,0.000000,0.000000,-16.209236,75.089432,-4.350831,1,8,4,0.0000,0.0000,0.0000,0.5000,"HeadOnBreak",0.024938
178,B0100,L7_close_level_aggressive,HABFM,9826.360595,143.360873,36.765128,165.668691,144.924786,14356.491208,238.037029,16864.916092,-67.508802,-5717.622320,-611.626051,13.968394,False,False,False,False,False,True,False,2-circle,1.000000,217.718579,100.000000,100.000000,0.000000,0.000000,-16.209236,75.089432,-4.350831,2,8,0,0.0000,0.0000,0.0000,0.5000,"Pursue",0.018725
179,A0100,adaptive_eagle_v9,HABFM,10031.601901,142.372262,38.085532,165.697780,143.951382,14339.370525,238.197666,16851.182115,-68.669886,-5735.561842,-602.585250,15.350415,False,False,False,False,False,True,False,2-circle,1.000000,223.029057,100.000000,100.000000,0.000000,0.000000,-14.922843,76.384785,-4.428083,1,8,4,0.0000,0.0000,0.0000,0.5000,"HeadOnBreak",0.032999
179,B0100,L7_close_level_aggressive,HABFM,10031.601901,142.372262,38.085532,165.697780,143.951382,14339.370525,238.197666,16851.182115,-68.669886,-5735.561842,-602.585250,15.350415,False,False,False,False,False,True,False,2-circle,1.000000,223.029057,100.000000,100.000000,0.000000,0.000000,-14.922843,76.384785,-4.428083,2,8,0,0.0000,0.0000,0.0000,0.5000,"Pursue",0.018607
180,A0100,adaptive_eagle_v9,HABFM,10233.184388,141.396353,39.777254,165.470160,143.000361,14321.814641,238.394519,16837.779605,-67.012552,-5727.194432,-590.942623,16.500832,False,False,False,False,False,True,False,2-circle,1.000000,229.476457,100.000000,100.000000,0.000000,0.000000,-14.015052,77.308817,-4.607639,1,8,4,0.0000,0.0000,0.0000,0.5000,"HeadOnBreak",0.033932
180,B0100,L7_close_level_aggressive,HABFM,10233.184388,141.396353,39.777254,165.470160,143.000361,14321.814641,238.394519,16837.779605,-67.012552,-5727.194432,-590.942623,16.500832,False,False,False,False,False,True,False,2-circle,1.000000,229.476457,100.000000,100.000000,0.000000,0.000000,-14.015052,77.308817,-4.607639,2,8,0,0.0000,0.0000,0.0000,0.5000,"Pursue",0.018489
181,A0100,adaptive_eagle_v9,HABFM,10430.837470,140.434873,41.462314,164.997384,142.070755,14303.779415,238.626171,16824.636381,-65.716118,-5720.863161,-579.093737,17.238576,False,False,False,False,False,True,False,2-circle,1.000000,236.553306,100.000000,100.000000,0.000000,0.000000,-13.500834,77.843423,-4.873020,1,8,4,0.0000,0.0000,0.0000,0.5000,"SmartHighYoYo",0.035151
181,B0100,L7_close_level_aggressive,HABFM,10430.837470,140.434873,41.462314,164.997384,142.070755,14303.779415,238.626171,16824.636381,-65.716118,-5720.863161,-579.093737,17.238576,False,False,False,False,False,True,False,2-circle,1.000000,236.553306,100.000000,100.000000,0.000000,0.000000,-13.500834,77.843423,-4.873020,2,8,0,0.0000,0.0000,0.0000,0.5000,"Pursue",0.018520
182,A0100,adaptive_eagle_v9,HABFM,10624.437203,139.482149,43.154817,164.302413,141.153485,14285.233156,238.883299,16811.525671,-65.553552,-5715.636180,-566.910389,17.643844,False,False,False,False,False,True,False,2-circle,1.000000,243.781049,100.000000,100.000000,0.000000,0.000000,-13.242469,78.123547,-5.192546,1,8,4,0.0000,0.0000,0.0000,0.5000,"SmartHighYoYo",0.044178
182,B0100,L7_close_level_aggressive,HABFM,10624.437203,139.482149,43.154817,164.302413,141.153485,14285.233156,238.883299,16811.525671,-65.553552,-5715.636180,-566.910389,17.643844,False,False,False,False,False,True,False,2-circle,1.000000,243.781049,100.000000,100.000000,0.000000,0.000000,-13.242469,78.123547,-5.192546,2,8,0,0.0000,0.0000,0.0000,0.5000,"Pursue",0.018662
183,A0100,adaptive_eagle_v9,HABFM,10813.568975,138.534343,45.223546,163.350228,140.242166,14266.155812,239.158704,16798.276739,-66.244660,-5682.510968,-551.729842,17.868804,False,False,False,False,False,True,False,2-circle,1.000000,250.705966,100.000000,100.000000,0.000000,0.000000,-13.108251,78.278462,-5.539646,4,8,3,0.0000,0.0000,0.0000,0.5000,"SmartHighYoYo",0.049750
183,B0100,L7_close_level_aggressive,HABFM,10813.568975,138.534343,45.223546,163.350228,140.242166,14266.155812,239.158704,16798.276739,-66.244660,-5682.510968,-551.729842,17.868804,False,False,False,False,False,True,False,2-circle,1.000000,250.705966,100.000000,100.000000,0.000000,0.000000,-13.108251,78.278462,-5.539646,2,8,0,0.0000,0.0000,0.0000,0.5000,"Pursue",0.022463
184,A0100,adaptive_eagle_v9,HABFM,10996.943195,137.417713,47.499416,162.590580,139.139745,14246.555334,239.254130,16780.697322,-87.897082,-5636.257828,-533.769878,14.363387,False,False,False,False,False,True,False,2-circle,1.000000,257.513690,100.000000,100.000000,0.000000,0.000000,-15.879572,75.528097,-5.781407,1,8,4,0.0000,0.0000,0.0000,0.5000,"SmartHighYoYo",0.047280
184,B0100,L7_close_level_aggressive,HABFM,10996.943195,137.417713,47.499416,162.590580,139.139745,14246.555334,239.254130,16780.697322,-87.897082,-5636.257828,-533.769878,14.363387,False,False,False,False,False,True,False,2-circle,1.000000,257.513690,100.000000,100.000000,0.000000,0.000000,-15.879572,75.528097,-5.781407,2,8,0,0.0000,0.0000,0.0000,0.5000,"Pursue",0.021157
185,A0100,adaptive_eagle_v9,HABFM,11174.347672,136.386437,49.615532,162.256860,138.092504,14226.648514,239.366733,16763.176419,-87.604519,-5595.274863,-516.690674,10.908454,False,False,False,False,False,True,False,2-circle,1.000000,264.826067,100.000000,100.000000,0.000000,0.000000,-20.199308,71.233043,-5.884103,1,8,4,0.0000,0.0000,0.0000,0.5000,"SmartHighYoYo",0.037582
185,B0100,L7_close_level_aggressive,HABFM,11174.347672,136.386437,49.615532,162.256860,138.092504,14226.648514,239.366733,16763.176419,-87.604519,-5595.274863,-516.690674,10.908454,False,False,False,False,False,True,False,2-circle,1.000000,264.826067,100.000000,100.000000,0.000000,0.000000,-20.199308,71.233043,-5.884103,2,8,0,0.0000,0.0000,0.0000,0.5000,"Pursue",0.016687
186,A0100,adaptive_eagle_v9,HABFM,11346.625758,135.574293,51.262249,162.090752,137.281929,14206.478797,239.701677,16750.110344,-65.330371,-5577.161691,-503.618504,10.646603,False,False,False,False,False,True,False,2-circle,1.000000,273.423468,100.000000,100.000000,0.000000,0.000000,-20.640981,70.823797,-5.850928,1,8,4,0.0000,0.0000,0.0000,0.5000,"SmartHighYoYo",0.035206
186,B0100,L7_close_level_aggressive,HABFM,11346.625758,135.574293,51.262249,162.090752,137.281929,14206.478797,239.701677,16750.110344,-65.330371,-5577.161691,-503.618504,10.646603,False,False,False,False,False,True,False,2-circle,1.000000,273.423468,100.000000,100.000000,0.000000,0.000000,-20.640981,70.823797,-5.850928,2,8,0,0.0000,0.0000,0.0000,0.5000,"Pursue",0.018392
187,A0100,adaptive_eagle_v9,HABFM,11514.805138,134.690153,52.763818,161.933503,136.390005,14186.074900,239.958792,16735.166200,-74.720721,-5572.379346,-491.046505,11.382375,False,False,False,False,False,True,False,2-circle,1.000000,283.131798,100.000000,100.000000,0.000000,0.000000,-19.510499,71.993248,-5.759889,1,8,4,0.0000,0.0000,0.0000,0.5000,"SmartHighYoYo",0.038703
187,B0100,L7_close_level_aggressive,HABFM,11514.805138,134.690153,52.763818,161.933503,136.390005,14186.074900,239.958792,16735.166200,-74.720721,-5572.379346,-491.046505,11.382375,False,False,False,False,False,True,False,2-circle,1.000000,283.131798,100.000000,100.000000,0.000000,0.000000,-19.510499,71.993248,-5.759889,2,8,0,0.0000,0.0000,0.0000,0.5000,"Pursue",0.018861
188,A0100,adaptive_eagle_v9,HABFM,11678.535925,133.791347,54.367561,161.587924,135.488122,14165.444551,240.216410,16720.012177,-75.770114,-5560.057198,-477.386966,12.313180,False,False,False,False,False,True,False,2-circle,1.000000,293.693191,100.000000,100.000000,0.000000,0.000000,-18.260614,73.287280,-5.735413,1,8,4,0.0000,0.0000,0.0000,0.5000,"SmartHighYoYo",0.040569
188,B0100,L7_close_level_aggressive,HABFM,11678.535925,133.791347,54.367561,161.587924,135.488122,14165.444551,240.216410,16720.012177,-75.770114,-5560.057198,-477.386966,12.313180,False,False,False,False,False,True,False,2-circle,1.000000,293.693191,100.000000,100.000000,0.000000,0.000000,-18.260614,73.287280,-5.735413,2,8,0,0.0000,0.0000,0.0000,0.5000,"Pursue",0.018834
189,A0100,adaptive_eagle_v9,HABFM,11837.601637,132.901383,55.997413,161.040256,134.602642,14144.545516,240.503610,16705.225218,-73.934796,-5546.527104,-463.336003,13.057469,False,False,False,False,False,True,False,2-circle,1.000000,304.726588,100.000000,100.000000,0.000000,0.000000,-17.391464,74.203797,-5.812316,1,8,4,0.0000,0.0000,0.0000,0.5000,"SmartHighYoYo",0.042033
189,B0100,L7_close_level_aggressive,HABFM,11837.601637,132.901383,55.997413,161.040256,134.602642,14144.545516,240.503610,16705.225218,-73.934796,-5546.527104,-463.336003,13.057469,False,False,False,False,False,True,False,2-circle,1.000000,304.726588,100.000000,100.000000,0.000000,0.000000,-17.391464,74.203797,-5.812316,2,8,0,0.0000,0.0000,0.0000,0.5000,"Pursue",0.018814
190,A0100,adaptive_eagle_v9,HABFM,11991.890079,132.021230,57.633438,160.308126,133.732202,14123.333652,240.818630,16690.725877,-72.496706,-5533.818468,-449.052417,13.520775,False,False,False,False,False,True,False,2-circle,1.000000,315.806173,100.000000,100.000000,0.000000,0.000000,-16.910378,74.733341,-5.973071,1,8,4,0.0000,0.0000,0.0000,0.5000,"SmartHighYoYo",0.053278
190,B0100,L7_close_level_aggressive,HABFM,11991.890079,132.021230,57.633438,160.308126,133.732202,14123.333652,240.818630,16690.725877,-72.496706,-5533.818468,-449.052417,13.520775,False,False,False,False,False,True,False,2-circle,1.000000,315.806173,100.000000,100.000000,0.000000,0.000000,-16.910378,74.733341,-5.973071,2,8,0,0.0000,0.0000,0.0000,0.5000,"Pursue",0.018939
191,A0100,adaptive_eagle_v9,HABFM,12140.982780,131.145825,59.647054,159.254984,132.868767,14101.778021,241.151946,16676.282193,-72.218419,-5493.262667,-431.537728,13.773065,False,False,False,False,False,True,False,2-circle,1.000000,326.528184,100.000000,100.000000,0.000000,0.000000,-16.676362,75.014997,-6.186361,1,8,4,0.0000,0.0000,0.0000,0.5000,"SmartHighYoYo",0.060045
191,B0100,L7_close_level_aggressive,HABFM,12140.982780,131.145825,59.647054,159.254984,132.868767,14101.778021,241.151946,16676.282193,-72.218419,-5493.262667,-431.537728,13.773065,False,False,False,False,False,True,False,2-circle,1.000000,326.528184,100.000000,100.000000,0.000000,0.000000,-16.676362,75.014997,-6.186361,2,8,0,0.0000,0.0000,0.0000,0.5000,"Pursue",0.019140
192,A0100,adaptive_eagle_v9,HABFM,12283.610535,130.271319,61.858744,158.238932,132.007355,14079.859965,241.496398,16661.724022,-72.790856,-5435.084052,-412.098428,13.916809,False,False,False,False,False,True,False,2-circle,1.000000,337.169110,100.000000,100.000000,0.000000,0.000000,-16.561933,75.178024,-6.426531,4,8,3,0.0000,0.0000,0.0000,0.5000,"SmartHighYoYo",0.057083
192,B0100,L7_close_level_aggressive,HABFM,12283.610535,130.271319,61.858744,158.238932,132.007355,14079.859965,241.496398,16661.724022,-72.790856,-5435.084052,-412.098428,13.916809,False,False,False,False,False,True,False,2-circle,1.000000,337.169110,100.000000,100.000000,0.000000,0.000000,-16.561933,75.178024,-6.426531,2,8,0,0.0000,0.0000,0.0000,0.5000,"Pursue",0.019389
193,A0100,adaptive_eagle_v9,HABFM,12419.887689,129.393602,63.911787,157.553789,131.144227,14057.568181,241.848925,16646.975558,-73.742322,-5382.823479,-393.568572,14.022932,False,False,False,False,False,True,False,2-circle,1.000000,348.591909,100.000000,100.000000,0.000000,0.000000,-16.493412,75.300660,-6.678332,1,8,4,0.0000,0.0000,0.0000,0.5000,"SmartHighYoYo",0.045031
193,B0100,L7_close_level_aggressive,HABFM,12419.887689,129.393602,63.911787,157.553789,131.144227,14057.568181,241.848925,16646.975558,-73.742322,-5382.823479,-393.568572,14.022932,False,False,False,False,False,True,False,2-circle,1.000000,348.591909,100.000000,100.000000,0.000000,0.000000,-16.493412,75.300660,-6.678332,2,8,0,0.0000,0.0000,0.0000,0.5000,"Pursue",0.019657
194,A0100,adaptive_eagle_v9,HABFM,12550.412696,128.510026,65.495751,157.248884,130.277492,14034.894570,242.209242,16632.023308,-74.761247,-5359.893707,-378.542760,14.124996,False,False,False,False,False,True,False,2-circle,1.000000,361.612749,100.000000,100.000000,0.000000,0.000000,-16.440016,75.417893,-6.934779,1,8,4,0.0000,0.0000,0.0000,0.5000,"SmartHighYoYo",0.042280
194,B0100,L7_close_level_aggressive,HABFM,12550.412696,128.510026,65.495751,157.248884,130.277492,14034.894570,242.209242,16632.023308,-74.761247,-5359.893707,-378.542760,14.124996,False,False,False,False,False,True,False,2-circle,1.000000,361.612749,100.000000,100.000000,0.000000,0.000000,-16.440016,75.417893,-6.934779,2,8,0,0.0000,0.0000,0.0000,0.5000,"Pursue",0.019961
195,A0100,adaptive_eagle_v9,HABFM,12676.297571,127.619883,66.941982,156.948200,129.405981,14011.831877,242.578246,16616.880068,-75.716201,-5346.341769,-364.433570,14.233207,False,False,False,False,False,True,False,2-circle,1.000000,376.064652,100.000000,100.000000,0.000000,0.000000,-16.390636,75.539910,-7.193602,1,8,4,0.0000,0.0000,0.0000,0.5000,"SmartHighYoYo",0.046871
195,B0100,L7_close_level_aggressive,HABFM,12676.297571,127.619883,66.941982,156.948200,129.405981,14011.831877,242.578246,16616.880068,-75.716201,-5346.341769,-364.433570,14.233207,False,False,False,False,False,True,False,2-circle,1.000000,376.064652,100.000000,100.000000,0.000000,0.000000,-16.390636,75.539910,-7.193602,2,8,0,0.0000,0.0000,0.0000,0.5000,"Pursue",0.024573
196,A0100,adaptive_eagle_v9,HABFM,12797.135516,126.549442,68.497114,156.657174,128.332803,13988.399744,242.757337,16597.295879,-97.920943,-5330.259029,-348.364366,11.805181,False,False,False,False,False,True,False,2-circle,1.000000,391.697455,100.000000,100.000000,0.000000,0.000000,-19.276091,72.734843,-7.337339,1,8,4,0.0000,0.0000,0.0000,0.5000,"SmartHighYoYo",0.049316
196,B0100,L7_close_level_aggressive,HABFM,12797.135516,126.549442,68.497114,156.657174,128.332803,13988.399744,242.757337,16597.295879,-97.920943,-5330.259029,-348.364366,11.805181,False,False,False,False,False,True,False,2-circle,1.000000,391.697455,100.000000,100.000000,0.000000,0.000000,-19.276091,72.734843,-7.337339,2,8,0,0.0000,0.0000,0.0000,0.5000,"Pursue",0.023158
197,A0100,adaptive_eagle_v9,HABFM,12912.459473,125.561158,70.079888,156.275196,127.316188,13964.839234,242.950018,16577.878465,-97.087070,-5313.116074,-332.244925,9.273564,False,False,False,False,False,True,False,2-circle,1.000000,407.858686,100.000000,100.000000,0.000000,0.000000,-23.673712,68.422313,-7.340035,1,8,4,0.0000,0.0000,0.0000,0.5000,"SmartHighYoYo",0.051281
197,B0100,L7_close_level_aggressive,HABFM,12912.459473,125.561158,70.079888,156.275196,127.316188,13964.839234,242.950018,16577.878465,-97.087070,-5313.116074,-332.244925,9.273564,False,False,False,False,False,True,False,2-circle,1.000000,407.858686,100.000000,100.000000,0.000000,0.000000,-23.673712,68.422313,-7.340035,2,8,0,0.0000,0.0000,0.0000,0.5000,"Pursue",0.018125
198,A0100,adaptive_eagle_v9,HABFM,13022.570934,124.788231,71.669944,155.578326,126.531477,13941.177028,243.362442,16563.095395,-73.915353,-5290.515648,-316.972453,9.118911,False,False,False,False,False,True,False,2-circle,1.000000,424.060397,100.000000,100.000000,0.000000,0.000000,-24.066880,68.116601,-7.201814,1,8,4,0.0000,0.0000,0.0000,0.5000,"SmartHighYoYo",0.065682
198,B0100,L7_close_level_aggressive,HABFM,13022.570934,124.788231,71.669944,155.578326,126.531477,13941.177028,243.362442,16563.095395,-73.915353,-5290.515648,-316.972453,9.118911,False,False,False,False,False,True,False,2-circle,1.000000,424.060397,100.000000,100.000000,0.000000,0.000000,-24.066880,68.116601,-7.201814,2,8,0,0.0000,0.0000,0.0000,0.5000,"Pursue",0.020244
199,A0100,adaptive_eagle_v9,HABFM,13127.077229,123.942247,73.641564,154.616804,125.663147,13917.441425,243.689905,16546.420534,-83.374305,-5243.177309,-297.998511,9.718727,False,False,False,False,False,True,False,2-circle,1.000000,439.858116,100.000000,100.000000,0.000000,0.000000,-22.903192,69.368120,-7.011892,1,8,4,0.0000,0.0000,0.0000,0.5000,"SmartHighYoYo",0.074424
199,B0100,L7_close_level_aggressive,HABFM,13127.077229,123.942247,73.641564,154.616804,125.663147,13917.441425,243.689905,16546.420534,-83.374305,-5243.177309,-297.998511,9.718727,False,False,False,False,False,True,False,2-circle,1.000000,439.858116,100.000000,100.000000,0.000000,0.000000,-22.903192,69.368120,-7.011892,2,8,0,0.0000,0.0000,0.0000,0.5000,"Pursue",0.020835
200,A0100,adaptive_eagle_v9,HABFM,13224.615330,123.081786,75.813907,153.649185,124.783892,13893.640689,244.014689,16529.632158,-83.941878,-5178.618707,-277.113810,10.437481,False,False,False,False,False,True,False,2-circle,1.000000,455.541002,100.000000,100.000000,0.000000,0.000000,-21.664399,70.697100,-6.895278,1,8,4,0.0000,0.0000,0.0000,0.5000,"SmartHighYoYo",0.058757
200,B0100,L7_close_level_aggressive,HABFM,13224.615330,123.081786,75.813907,153.649185,124.783892,13893.640689,244.014689,16529.632158,-83.941878,-5178.618707,-277.113810,10.437481,False,False,False,False,False,True,False,2-circle,1.000000,455.541002,100.000000,100.000000,0.000000,0.000000,-21.664399,70.697100,-6.895278,2,8,0,0.0000,0.0000,0.0000,0.5000,"Pursue",0.020846
201,A0100,adaptive_eagle_v9,HABFM,13315.707594,122.227414,77.481702,153.124150,123.918133,13869.729349,244.364767,16513.289732,-81.712128,-5148.594385,-260.322162,10.995498,False,False,False,False,False,True,False,2-circle,1.000000,471.851958,100.000000,100.000000,0.000000,0.000000,-20.830957,71.627116,-6.881909,4,8,3,0.0000,0.0000,0.0000,0.5000,"SmartHighYoYo",0.062854
201,B0100,L7_close_level_aggressive,HABFM,13315.707594,122.227414,77.481702,153.124150,123.918133,13869.729349,244.364767,16513.289732,-81.712128,-5148.594385,-260.322162,10.995498,False,False,False,False,False,True,False,2-circle,1.000000,471.851958,100.000000,100.000000,0.000000,0.000000,-20.830957,71.627116,-6.881909,2,8,0,0.0000,0.0000,0.0000,0.5000,"Pursue",0.020883
202,A0100,adaptive_eagle_v9,HABFM,13401.433882,121.378342,79.214735,152.539682,123.063372,13845.661131,244.736842,16497.277937,-80.058978,-5111.261779,-242.899037,11.342568,False,False,False,False,False,True,False,2-circle,1.000000,488.849554,100.000000,100.000000,0.000000,0.000000,-20.389513,72.171957,-6.951405,1,8,4,0.0000,0.0000,0.0000,0.5000,"SmartHighYoYo",0.062776
202,B0100,L7_close_level_aggressive,HABFM,13401.433882,121.378342,79.214735,152.539682,123.063372,13845.661131,244.736842,16497.277937,-80.058978,-5111.261779,-242.899037,11.342568,False,False,False,False,False,True,False,2-circle,1.000000,488.849554,100.000000,100.000000,0.000000,0.000000,-20.389513,72.171957,-6.951405,2,8,0,0.0000,0.0000,0.0000,0.5000,"Pursue",0.021086
203,A0100,adaptive_eagle_v9,HABFM,13481.012669,120.527354,80.902965,152.047741,122.210905,13821.404431,245.120780,16481.347361,-79.652878,-5071.564594,-225.723851,11.541059,False,False,False,False,False,True,False,2-circle,1.000000,507.092832,100.000000,100.000000,0.000000,0.000000,-20.196278,72.478864,-7.072241,1,8,4,0.0000,0.0000,0.0000,0.5000,"SmartHighYoYo",0.057151
203,B0100,L7_close_level_aggressive,HABFM,13481.012669,120.527354,80.902965,152.047741,122.210905,13821.404431,245.120780,16481.347361,-79.652878,-5071.564594,-225.723851,11.541059,False,False,False,False,False,True,False,2-circle,1.000000,507.092832,100.000000,100.000000,0.000000,0.000000,-20.196278,72.478864,-7.072241,3,8,0,0.0000,0.0000,0.0000,0.5000,"Pursue",0.026285
204,A0100,adaptive_eagle_v9,HABFM,13555.244343,119.494429,82.388337,151.823967,121.156494,13796.974967,245.303448,16460.883843,-102.317594,-5054.057247,-209.195550,9.842275,False,False,False,False,False,True,False,2-circle,1.000000,526.344239,100.000000,100.000000,0.000000,0.000000,-23.105732,69.692421,-7.102830,1,8,4,0.0000,0.0000,0.0000,0.5000,"SmartHighYoYo",0.062221
204,B0100,L7_close_level_aggressive,HABFM,13555.244343,119.494429,82.388337,151.823967,121.156494,13796.974967,245.303448,16460.883843,-102.317594,-5054.057247,-209.195550,9.842275,False,False,False,False,False,True,False,2-circle,1.000000,526.344239,100.000000,100.000000,0.000000,0.000000,-23.105732,69.692421,-7.102830,3,8,0,0.0000,0.0000,0.0000,0.5000,"Pursue",0.032398
205,A0100,adaptive_eagle_v9,HABFM,13623.535224,118.275033,83.948492,151.797854,119.856401,13772.717627,245.158627,16433.482013,-137.009149,-5042.227521,-190.909928,6.979724,False,False,False,False,False,True,False,2-circle,1.000000,545.949874,100.000000,100.000000,0.000000,0.000000,-30.506877,62.420781,-6.900000,1,8,4,0.0000,0.0000,0.0000,0.5000,"SmartHighYoYo",0.064928
205,B0100,L7_close_level_aggressive,HABFM,13623.535224,118.275033,83.948492,151.797854,119.856401,13772.717627,245.158627,16433.482013,-137.009149,-5042.227521,-190.909928,6.979724,False,False,False,False,False,True,False,2-circle,1.000000,545.949874,100.000000,100.000000,0.000000,0.000000,-30.506877,62.420781,-6.900000,3,8,0,0.0000,0.0000,0.0000,0.5000,"Pursue",0.024436
206,A0100,adaptive_eagle_v9,HABFM,13685.843135,117.378017,85.514426,151.451676,118.876569,13749.026512,245.229020,16411.319107,-110.814530,-5025.390595,-174.107183,5.730523,False,False,False,False,False,True,False,2-circle,1.000000,565.078533,100.000000,100.000000,0.000000,0.000000,-35.525648,57.534004,-6.419570,1,8,4,0.0000,0.0000,0.0000,0.5000,"SmartHighYoYo",0.067295
206,B0100,L7_close_level_aggressive,HABFM,13685.843135,117.378017,85.514426,151.451676,118.876569,13749.026512,245.229020,16411.319107,-110.814530,-5025.390595,-174.107183,5.730523,False,False,False,False,False,True,False,2-circle,1.000000,565.078533,100.000000,100.000000,0.000000,0.000000,-35.525648,57.534004,-6.419570,3,8,0,0.0000,0.0000,0.0000,0.5000,"Pursue",0.017341
207,A0100,adaptive_eagle_v9,HABFM,13742.756877,116.742511,87.073163,150.712892,118.187970,13725.826563,245.575679,16395.651373,-78.338668,-5002.892089,-158.675078,5.910746,False,False,False,False,False,True,False,2-circle,1.000000,583.339658,100.000000,100.000000,0.000000,0.000000,-34.833561,58.358635,-5.717798,1,8,4,0.0000,0.0000,0.0000,0.5000,"SmartHighYoYo",0.086826
207,B0100,L7_close_level_aggressive,HABFM,13742.756877,116.742511,87.073163,150.712892,118.187970,13725.826563,245.575679,16395.651373,-78.338668,-5002.892089,-158.675078,5.910746,False,False,False,False,False,True,False,2-circle,1.000000,583.339658,100.000000,100.000000,0.000000,0.000000,-34.833561,58.358635,-5.717798,3,8,0,0.0000,0.0000,0.0000,0.5000,"Pursue",0.019839
208,A0100,adaptive_eagle_v9,HABFM,13794.014276,116.030281,89.010585,149.668916,117.416600,13703.077044,245.821102,16378.240861,-87.052560,-4957.420055,-139.700039,6.546116,False,False,False,False,False,True,False,2-circle,1.000000,600.343663,100.000000,100.000000,0.000000,0.000000,-32.399173,60.924293,-5.025199,1,8,4,0.0000,0.0000,0.0000,0.5000,"SmartHighYoYo",0.100241
208,B0100,L7_close_level_aggressive,HABFM,13794.014276,116.030281,89.010585,149.668916,117.416600,13703.077044,245.821102,16378.240861,-87.052560,-4957.420055,-139.700039,6.546116,False,False,False,False,False,True,False,2-circle,1.000000,600.343663,100.000000,100.000000,0.000000,0.000000,-32.399173,60.924293,-5.025199,3,8,0,0.0000,0.0000,0.0000,0.5000,"Pursue",-0.272497
209,A0100,adaptive_eagle_v9,DBFM,13838.252453,115.289898,91.178011,148.538040,116.624415,13680.769058,246.050243,16360.922484,-86.591887,-4895.683628,-118.736427,7.206059,False,False,False,False,False,True,False,2-circle,1.000000,616.335199,100.000000,100.000000,0.000000,0.000000,-30.241059,63.214271,-4.508415,1,7,4,0.0000,0.0000,0.0000,0.5000,"SmartHighYoYo",0.080095
209,B0100,L7_close_level_aggressive,DBFM,13838.252453,115.289898,91.178011,148.538040,116.624415,13680.769058,246.050243,16360.922484,-86.591887,-4895.683628,-118.736427,7.206059,False,False,False,False,False,True,False,2-circle,1.000000,616.335199,100.000000,100.000000,0.000000,0.000000,-30.241059,63.214271,-4.508415,3,8,0,0.0000,0.0000,0.0000,0.5000,"Pursue",-0.334190
210,A0100,adaptive_eagle_v9,DBFM,13875.962864,114.549907,92.854606,147.878312,115.842993,13658.815176,246.299076,16344.392264,-82.651100,-4869.529587,-101.759866,7.700755,False,False,False,False,False,True,False,2-circle,1.000000,632.119399,100.000000,100.000000,0.000000,0.000000,-28.863704,64.728815,-4.177484,4,7,3,0.0000,0.0000,0.0000,0.5000,"SmartHighYoYo",0.086078
210,B0100,L7_close_level_aggressive,DBFM,13875.962864,114.549907,92.854606,147.878312,115.842993,13658.815176,246.299076,16344.392264,-82.651100,-4869.529587,-101.759866,7.700755,False,False,False,False,False,True,False,2-circle,1.000000,632.119399,100.000000,100.000000,0.000000,0.000000,-28.863704,64.728815,-4.177484,3,8,0,0.0000,0.0000,0.0000,0.5000,"Pursue",-0.347507
211,A0100,adaptive_eagle_v9,DBFM,13908.228207,113.811199,94.596065,147.143169,115.070271,13637.136191,246.560091,16328.408375,-79.919446,-4837.807634,-84.284977,8.011535,False,False,False,False,False,True,False,2-circle,1.000000,647.836826,100.000000,100.000000,0.000000,0.000000,-28.127879,65.608207,-3.983581,1,7,4,0.0000,0.0000,0.0000,0.5000,"SmartHighYoYo",0.086876
211,B0100,L7_close_level_aggressive,DBFM,13908.228207,113.811199,94.596065,147.143169,115.070271,13637.136191,246.560091,16328.408375,-79.919446,-4837.807634,-84.284977,8.011535,False,False,False,False,False,True,False,2-circle,1.000000,647.836826,100.000000,100.000000,0.000000,0.000000,-28.127879,65.608207,-3.983581,3,8,0,0.0000,0.0000,0.0000,0.5000,"Pursue",-0.337748
212,A0100,adaptive_eagle_v9,DBFM,13934.310117,113.064945,96.302958,146.482203,114.294925,13615.682039,246.818404,16312.596286,-79.060445,-4805.270122,-67.075526,8.200520,False,False,False,False,False,True,False,2-circle,1.000000,664.027222,100.000000,100.000000,0.000000,0.000000,-27.768163,66.121677,-3.873019,1,7,4,0.0000,0.0000,0.0000,0.5000,"SmartHighYoYo",0.079442
212,B0100,L7_close_level_aggressive,DBFM,13934.310117,113.064945,96.302958,146.482203,114.294925,13615.682039,246.818404,16312.596286,-79.060445,-4805.270122,-67.075526,8.200520,False,False,False,False,False,True,False,2-circle,1.000000,664.027222,100.000000,100.000000,0.000000,0.000000,-27.768163,66.121677,-3.873019,3,8,0,0.0000,0.0000,0.0000,0.5000,"Pursue",-0.295984
213,A0100,adaptive_eagle_v9,DBFM,13955.104147,112.307464,97.800973,145.939298,113.511317,13594.425112,247.064974,16296.730461,-79.329124,-4789.637544,-51.455795,8.333597,False,False,False,False,False,True,False,2-circle,1.000000,680.540380,100.000000,100.000000,0.000000,0.000000,-27.578426,66.475022,-3.807320,1,7,4,0.0000,0.0000,0.0000,0.5000,"SmartHighYoYo",0.086623
213,B0100,L7_close_level_aggressive,DBFM,13955.104147,112.307464,97.800973,145.939298,113.511317,13594.425112,247.064974,16296.730461,-79.329124,-4789.637544,-51.455795,8.333597,False,False,False,False,False,True,False,2-circle,1.000000,680.540380,100.000000,100.000000,0.000000,0.000000,-27.578426,66.475022,-3.807320,3,8,0,0.0000,0.0000,0.0000,0.5000,"Pursue",-0.313435
214,A0100,adaptive_eagle_v9,DBFM,13970.497643,111.537387,99.365456,145.272101,112.717041,13573.349293,247.297330,16280.739862,-79.952994,-4770.531127,-35.264233,8.451822,False,False,False,False,False,True,False,2-circle,1.000000,697.085977,100.000000,100.000000,0.000000,0.000000,-27.444414,66.781516,-3.764929,1,7,4,0.0000,0.0000,0.0000,0.5000,"SmartHighYoYo",0.090567
214,B0100,L7_close_level_aggressive,DBFM,13970.497643,111.537387,99.365456,145.272101,112.717041,13573.349293,247.297330,16280.739862,-79.952994,-4770.531127,-35.264233,8.451822,False,False,False,False,False,True,False,2-circle,1.000000,697.085977,100.000000,100.000000,0.000000,0.000000,-27.444414,66.781516,-3.764929,3,8,0,0.0000,0.0000,0.0000,0.5000,"Pursue",-0.316961
215,A0100,adaptive_eagle_v9,DBFM,13980.410707,110.755569,100.926139,144.535866,111.912370,13552.442185,247.516745,16264.639165,-80.503484,-4754.025590,-19.060025,8.573525,False,False,False,False,False,True,False,2-circle,1.000000,713.244622,100.000000,100.000000,0.000000,0.000000,-27.317228,67.088222,-3.736104,1,7,4,0.0000,0.0000,0.0000,0.5000,"SmartHighYoYo",0.094088
215,B0100,L7_close_level_aggressive,DBFM,13980.410707,110.755569,100.926139,144.535866,111.912370,13552.442185,247.516745,16264.639165,-80.503484,-4754.025590,-19.060025,8.573525,False,False,False,False,False,True,False,2-circle,1.000000,713.244622,100.000000,100.000000,0.000000,0.000000,-27.317228,67.088222,-3.736104,3,8,0,0.0000,0.0000,0.0000,0.5000,"Pursue",-0.318295
216,A0100,adaptive_eagle_v9,DBFM,13984.834128,109.963623,102.470198,143.742777,111.098541,13531.691255,247.725760,16248.470780,-80.841927,-4741.229525,-2.954946,8.704036,False,False,False,False,False,True,False,2-circle,1.000000,728.574080,100.000000,100.000000,0.000000,0.000000,-27.182431,67.407454,-3.717465,1,7,4,0.0000,0.0000,0.0000,0.5000,"SmartHighYoYo",0.097222
216,B0100,L7_close_level_aggressive,DBFM,13984.834128,109.963623,102.470198,143.742777,111.098541,13531.691255,247.725760,16248.470780,-80.841927,-4741.229525,-2.954946,8.704036,False,False,False,False,False,True,False,2-circle,1.000000,728.574080,100.000000,100.000000,0.000000,0.000000,-27.182431,67.407454,-3.717465,3,8,0,0.0000,0.0000,0.0000,0.5000,"Pursue",-0.317817
217,A0100,adaptive_eagle_v9,DBFM,13983.790594,109.163070,103.986876,142.900966,110.276742,13511.082570,247.926851,16232.274572,-80.981039,-4732.941772,12.958330,8.843266,False,False,False,False,False,True,False,2-circle,1.000000,742.630797,100.000000,100.000000,0.000000,0.000000,-27.039029,67.737894,-3.708362,1,7,4,0.0000,0.0000,0.0000,0.5000,"SmartHighYoYo",0.126126
217,B0100,L7_close_level_aggressive,DBFM,13983.790594,109.163070,103.986876,142.900966,110.276742,13511.082570,247.926851,16232.274572,-80.981039,-4732.941772,12.958330,8.843266,False,False,False,False,False,True,False,2-circle,1.000000,742.630797,100.000000,100.000000,0.000000,0.000000,-27.039029,67.737894,-3.708362,3,8,0,0.0000,0.0000,0.0000,0.5000,"Pursue",-0.403120
218,A0100,adaptive_eagle_v9,DBFM,13977.007376,108.354376,105.868572,141.661605,109.447086,13490.600774,248.121989,16216.078057,-80.982577,-4699.719733,31.535928,8.989715,False,False,False,False,False,True,False,2-circle,1.000000,754.973226,100.000000,100.000000,0.000000,0.000000,-26.888984,68.075090,-3.709003,1,7,4,0.0000,0.0000,0.0000,0.5000,"SmartHighYoYo",0.149947
218,B0100,L7_close_level_aggressive,DBFM,13977.007376,108.354376,105.868572,141.661605,109.447086,13490.600774,248.121989,16216.078057,-80.982577,-4699.719733,31.535928,8.989715,False,False,False,False,False,True,False,2-circle,1.000000,754.973226,100.000000,100.000000,0.000000,0.000000,-26.888984,68.075090,-3.709003,3,8,0,0.0000,0.0000,0.0000,0.5000,"Pursue",-0.461887
219,A0100,adaptive_eagle_v9,DBFM,13963.342429,107.535152,108.023594,140.270483,108.607312,13470.229454,248.312639,16199.896714,-80.906715,-4650.275193,51.991748,9.142046,False,False,False,False,False,True,False,2-circle,1.000000,765.721913,100.000000,100.000000,0.000000,0.000000,-26.737152,68.415293,-3.719708,4,7,3,0.0000,0.0000,0.0000,0.5000,"SmartHighYoYo",0.150732
219,B0100,L7_close_level_aggressive,DBFM,13963.342429,107.535152,108.023594,140.270483,108.607312,13470.229454,248.312639,16199.896714,-80.906715,-4650.275193,51.991748,9.142046,False,False,False,False,False,True,False,2-circle,1.000000,765.721913,100.000000,100.000000,0.000000,0.000000,-26.737152,68.415293,-3.719708,3,8,0,0.0000,0.0000,0.0000,0.5000,"Pursue",-0.442355
220,A0100,adaptive_eagle_v9,DBFM,13942.862860,106.704768,110.112129,139.111204,107.757591,13449.951507,248.499904,16183.737473,-80.796202,-4608.599454,71.819253,9.299432,False,False,False,False,False,True,False,2-circle,1.000000,775.755394,100.000000,100.000000,0.000000,0.000000,-26.592092,68.756149,-3.740696,1,7,4,0.0000,0.0000,0.0000,0.5000,"SmartHighYoYo",0.124047
220,B0100,L7_close_level_aggressive,DBFM,13942.862860,106.704768,110.112129,139.111204,107.757591,13449.951507,248.499904,16183.737473,-80.796202,-4608.599454,71.819253,9.299432,False,False,False,False,False,True,False,2-circle,1.000000,775.755394,100.000000,100.000000,0.000000,0.000000,-26.592092,68.756149,-3.740696,3,8,0,0.0000,0.0000,0.0000,0.5000,"Pursue",-0.343938
221,A0100,adaptive_eagle_v9,DBFM,13916.083477,105.863649,111.767435,138.437050,106.899114,13429.749395,248.684668,16167.602110,-80.676814,-4598.634648,88.524255,9.461464,False,False,False,False,False,True,False,2-circle,1.000000,785.966449,100.000000,100.000000,0.000000,0.000000,-26.461972,69.096370,-3.772074,1,7,4,0.0000,0.0000,0.0000,0.5000,"SmartHighYoYo",0.117233
221,B0100,L7_close_level_aggressive,DBFM,13916.083477,105.863649,111.767435,138.437050,106.899114,13429.749395,248.684668,16167.602110,-80.676814,-4598.634648,88.524255,9.461464,False,False,False,False,False,True,False,2-circle,1.000000,785.966449,100.000000,100.000000,0.000000,0.000000,-26.461972,69.096370,-3.772074,3,8,0,0.0000,0.0000,0.0000,0.5000,"Pursue",-0.311647
222,A0100,adaptive_eagle_v9,DBFM,13884.066775,105.014564,113.257453,137.875474,106.034573,13409.605304,248.867699,16151.489593,-80.562587,-4601.123395,104.052483,9.627982,False,False,False,False,False,True,False,2-circle,1.000000,796.338095,100.000000,100.000000,0.000000,0.000000,-26.348538,69.435265,-3.813876,1,7,4,0.0000,0.0000,0.0000,0.5000,"SmartHighYoYo",0.130327
222,B0100,L7_close_level_aggressive,DBFM,13884.066775,105.014564,113.257453,137.875474,106.034573,13409.605304,248.867699,16151.489593,-80.562587,-4601.123395,104.052483,9.627982,False,False,False,False,False,True,False,2-circle,1.000000,796.338095,100.000000,100.000000,0.000000,0.000000,-26.348538,69.435265,-3.813876,3,8,0,0.0000,0.0000,0.0000,0.5000,"Pursue",-0.336919
223,A0100,adaptive_eagle_v9,DBFM,13846.674167,104.157161,114.829124,137.181758,105.163321,13389.501232,249.049704,16135.397436,-80.460785,-4597.686884,120.076227,9.798943,False,False,False,False,False,True,False,2-circle,1.000000,806.642860,100.000000,100.000000,0.000000,0.000000,-26.251866,69.772428,-3.866098,1,7,4,0.0000,0.0000,0.0000,0.5000,"SmartHighYoYo",0.137814
223,B0100,L7_close_level_aggressive,DBFM,13846.674167,104.157161,114.829124,137.181758,105.163321,13389.501232,249.049704,16135.397436,-80.460785,-4597.686884,120.076227,9.798943,False,False,False,False,False,True,False,2-circle,1.000000,806.642860,100.000000,100.000000,0.000000,0.000000,-26.251866,69.772428,-3.866098,3,8,0,0.0000,0.0000,0.0000,0.5000,"Pursue",-0.344416
224,A0100,adaptive_eagle_v9,DBFM,13803.852701,103.291402,116.396735,136.422213,104.284891,13369.419040,249.231359,16119.322395,-80.375205,-4595.680122,136.010727,9.974349,False,False,False,False,False,True,False,2-circle,1.000000,816.494346,100.000000,100.000000,0.000000,0.000000,-26.170651,70.107564,-3.928712,1,7,4,0.0000,0.0000,0.0000,0.5000,"SmartHighYoYo",0.144374
224,B0100,L7_close_level_aggressive,DBFM,13803.852701,103.291402,116.396735,136.422213,104.284891,13369.419040,249.231359,16119.322395,-80.375205,-4595.680122,136.010727,9.974349,False,False,False,False,False,True,False,2-circle,1.000000,816.494346,100.000000,100.000000,0.000000,0.000000,-26.170651,70.107564,-3.928712,3,8,0,0.0000,0.0000,0.0000,0.5000,"Pursue",-0.348355
225,A0100,adaptive_eagle_v9,DBFM,13755.629567,102.417465,117.941283,135.611722,103.399015,13349.340487,249.413327,16103.260792,-80.308013,-4596.780403,151.727535,10.154215,False,False,False,False,False,True,False,2-circle,1.000000,825.475321,100.000000,100.000000,0.000000,0.000000,-26.103095,70.440422,-4.001681,1,7,4,0.0000,0.0000,0.0000,0.5000,"SmartHighYoYo",0.188950
225,B0100,L7_close_level_aggressive,DBFM,13755.629567,102.417465,117.941283,135.611722,103.399015,13349.340487,249.413327,16103.260792,-80.308013,-4596.780403,151.727535,10.154215,False,False,False,False,False,True,False,2-circle,1.000000,825.475321,100.000000,100.000000,0.000000,0.000000,-26.103095,70.440422,-4.001681,3,8,0,0.0000,0.0000,0.0000,0.5000,"Pursue",-0.445622
226,A0100,adaptive_eagle_v9,DBFM,13701.792377,101.534544,119.854347,134.403967,102.504447,13329.247255,249.596254,16087.208664,-80.260640,-4571.828532,169.623771,10.338556,False,False,False,False,False,True,False,2-circle,1.000000,833.185773,100.000000,100.000000,0.000000,0.000000,-26.047162,70.770768,-4.084954,1,7,4,0.0000,0.0000,0.0000,0.5000,"SmartHighYoYo",0.225138
226,B0100,L7_close_level_aggressive,DBFM,13701.792377,101.534544,119.854347,134.403967,102.504447,13329.247255,249.596254,16087.208664,-80.260640,-4571.828532,169.623771,10.338556,False,False,False,False,False,True,False,2-circle,1.000000,833.185773,100.000000,100.000000,0.000000,0.000000,-26.047162,70.770768,-4.084954,3,8,0,0.0000,0.0000,0.0000,0.5000,"Pursue",-0.510597
227,A0100,adaptive_eagle_v9,DBFM,13641.431422,100.638585,122.030228,133.061760,101.597213,13309.120975,249.780781,16071.161830,-80.234170,-4530.719978,188.906169,10.527382,False,False,False,False,False,True,False,2-circle,1.000000,839.844126,100.000000,100.000000,0.000000,0.000000,-26.005391,71.098382,-4.178474,1,7,4,0.0000,0.0000,0.0000,0.5000,"SmartHighYoYo",0.187094
227,B0100,L7_close_level_aggressive,DBFM,13641.431422,100.638585,122.030228,133.061760,101.597213,13309.120975,249.780781,16071.161830,-80.234170,-4530.719978,188.906169,10.527382,False,False,False,False,False,True,False,2-circle,1.000000,839.844126,100.000000,100.000000,0.000000,0.000000,-26.005391,71.098382,-4.178474,3,8,0,0.0000,0.0000,0.0000,0.5000,"Pursue",-0.399011
228,A0100,adaptive_eagle_v9,DBFM,13574.925395,99.730068,123.747246,132.255187,100.678426,13288.943245,249.967539,16055.115928,-80.229512,-4526.327681,205.304302,10.720702,False,False,False,False,False,True,False,2-circle,1.000000,846.231956,100.000000,100.000000,0.000000,0.000000,-25.985814,71.423051,-4.282171,4,7,3,0.0000,0.0000,0.0000,0.5000,"SmartHighYoYo",0.206441
228,B0100,L7_close_level_aggressive,DBFM,13574.925395,99.730068,123.747246,132.255187,100.678426,13288.943245,249.967539,16055.115928,-80.229512,-4526.327681,205.304302,10.720702,False,False,False,False,False,True,False,2-circle,1.000000,846.231956,100.000000,100.000000,0.000000,0.000000,-25.985814,71.423051,-4.282171,3,8,0,0.0000,0.0000,0.0000,0.5000,"Pursue",-0.424877
229,A0100,adaptive_eagle_v9,DBFM,13503.089519,98.820902,125.541687,131.388235,99.760590,13268.694232,250.167018,16039.283600,-79.161638,-4516.318312,221.929024,10.918072,False,False,False,False,False,True,False,2-circle,1.000000,852.498696,100.000000,100.000000,0.000000,0.000000,-25.992164,71.744540,-4.395836,1,7,4,0.0000,0.0000,0.0000,0.5000,"SmartHighYoYo",0.215347
229,B0100,L7_close_level_aggressive,DBFM,13503.089519,98.820902,125.541687,131.388235,99.760590,13268.694232,250.167018,16039.283600,-79.161638,-4516.318312,221.929024,10.918072,False,False,False,False,False,True,False,2-circle,1.000000,852.498696,100.000000,100.000000,0.000000,0.000000,-25.992164,71.744540,-4.395836,3,8,0,0.0000,0.0000,0.0000,0.5000,"Pursue",-0.426127
230,A0100,adaptive_eagle_v9,DBFM,13425.462367,97.928110,127.325240,130.572302,98.862149,13248.342006,250.401939,16024.137284,-75.731583,-4504.681127,238.143764,11.117241,False,False,False,False,False,True,False,2-circle,1.000000,859.159003,100.000000,100.000000,0.000000,0.000000,-26.033178,72.060751,-4.518572,1,7,4,0.0000,0.0000,0.0000,0.5000,"SmartHighYoYo",0.201887
230,B0100,L7_close_level_aggressive,DBFM,13425.462367,97.928110,127.325240,130.572302,98.862149,13248.342006,250.401939,16024.137284,-75.731583,-4504.681127,238.143764,11.117241,False,False,False,False,False,True,False,2-circle,1.000000,859.159003,100.000000,100.000000,0.000000,0.000000,-26.033178,72.060751,-4.518572,3,8,0,0.0000,0.0000,0.0000,0.5000,"Pursue",-0.373087
231,A0100,adaptive_eagle_v9,DBFM,13342.653633,96.839412,128.885888,130.124236,97.757317,13227.889281,250.426958,16004.239286,-99.489991,-4516.630636,254.030454,9.509823,False,False,False,False,False,True,False,2-circle,1.000000,866.088535,100.000000,100.000000,0.000000,0.000000,-29.216964,69.265885,-4.530952,1,8,4,0.0000,0.0000,0.0000,0.5000,"LeadPursuit",0.223677
231,B0100,L7_close_level_aggressive,DBFM,13342.653633,96.839412,128.885888,130.124236,97.757317,13227.889281,250.426958,16004.239286,-99.489991,-4516.630636,254.030454,9.509823,False,False,False,False,False,True,False,2-circle,1.000000,866.088535,100.000000,100.000000,0.000000,0.000000,-29.216964,69.265885,-4.530952,3,8,0,0.0000,0.0000,0.0000,0.5000,"Pursue",-0.403545
232,A0100,adaptive_eagle_v9,DBFM,13254.331827,95.844857,130.495316,129.515230,96.738629,13207.618161,250.483889,15985.230628,-95.043288,-4524.078107,269.470250,7.721515,False,False,False,False,False,True,False,2-circle,1.000000,872.716990,100.000000,100.000000,0.000000,0.000000,-33.898985,65.002277,-4.408525,1,8,4,0.0000,0.0000,0.0000,0.5000,"LeadPursuit",0.296979
232,B0100,L7_close_level_aggressive,DBFM,13254.331827,95.844857,130.495316,129.515230,96.738629,13207.618161,250.483889,15985.230628,-95.043288,-4524.078107,269.470250,7.721515,False,False,False,False,False,True,False,2-circle,1.000000,872.716990,100.000000,100.000000,0.000000,0.000000,-33.898985,65.002277,-4.408525,3,8,0,0.0000,0.0000,0.0000,0.5000,"Pursue",-0.534216
233,A0100,adaptive_eagle_v9,DBFM,13160.937324,95.114613,132.486728,128.228004,95.997144,13187.457392,250.823534,15972.607601,-63.115135,-4494.645078,285.085016,7.716659,False,False,False,False,False,True,False,2-circle,1.000000,878.772602,100.000000,100.000000,0.000000,0.000000,-34.337723,65.010965,-4.137236,1,8,4,0.0000,0.0000,0.0000,0.5000,"LeadPursuit",0.351592
233,B0100,L7_close_level_aggressive,DBFM,13160.937324,95.114613,132.486728,128.228004,95.997144,13187.457392,250.823534,15972.607601,-63.115135,-4494.645078,285.085016,7.716659,False,False,False,False,False,True,False,2-circle,1.000000,878.772602,100.000000,100.000000,0.000000,0.000000,-34.337723,65.010965,-4.137236,3,8,0,0.0000,0.0000,0.0000,0.5000,"Pursue",-0.601650
234,A0100,adaptive_eagle_v9,DBFM,13061.914850,94.311871,134.709376,126.918651,95.180267,13167.405039,251.088514,15958.443046,-70.822775,-4451.680377,301.756321,8.272809,False,False,False,False,False,True,False,2-circle,1.000000,884.630242,100.000000,100.000000,0.000000,0.000000,-33.312125,66.518748,-3.835482,1,8,4,0.0000,0.0000,0.0000,0.5000,"LeadPursuit",0.293159
234,B0100,L7_close_level_aggressive,DBFM,13061.914850,94.311871,134.709376,126.918651,95.180267,13167.405039,251.088514,15958.443046,-70.822775,-4451.680377,301.756321,8.272809,False,False,False,False,False,True,False,2-circle,1.000000,884.630242,100.000000,100.000000,0.000000,0.000000,-33.312125,66.518748,-3.835482,3,8,0,0.0000,0.0000,0.0000,0.5000,"Pursue",-0.471750
235,A0100,adaptive_eagle_v9,DBFM,12957.641867,93.507505,136.453169,126.127398,94.365734,13147.447021,251.370851,15944.765348,-68.388492,-4443.893256,315.917640,8.880758,False,False,False,False,False,True,False,2-circle,1.000000,891.014495,100.000000,100.000000,0.000000,0.000000,-32.376593,67.983574,-3.630718,1,8,4,0.0000,0.0000,0.0000,0.5000,"LeadPursuit",0.284768
235,B0100,L7_close_level_aggressive,DBFM,12957.641867,93.507505,136.453169,126.127398,94.365734,13147.447021,251.370851,15944.765348,-68.388492,-4443.893256,315.917640,8.880758,False,False,False,False,False,True,False,2-circle,1.000000,891.014495,100.000000,100.000000,0.000000,0.000000,-32.376593,67.983574,-3.630718,3,8,0,0.0000,0.0000,0.0000,0.5000,"Pursue",-0.439067
236,A0100,adaptive_eagle_v9,DBFM,12848.926584,92.727693,138.020938,125.416137,93.580702,13127.513751,251.697111,15932.098197,-63.335751,-4447.338125,328.943890,9.334150,False,False,False,False,False,True,False,2-circle,1.000000,897.895890,100.000000,100.000000,0.000000,0.000000,-31.967123,68.975991,-3.542001,1,8,4,0.0000,0.0000,0.0000,0.5000,"LeadPursuit",0.323028
236,B0100,L7_close_level_aggressive,DBFM,12848.926584,92.727693,138.020938,125.416137,93.580702,13127.513751,251.697111,15932.098197,-63.335751,-4447.338125,328.943890,9.334150,False,False,False,False,False,True,False,2-circle,1.000000,897.895890,100.000000,100.000000,0.000000,0.000000,-31.967123,68.975991,-3.542001,3,8,0,0.0000,0.0000,0.0000,0.5000,"Pursue",-0.482225
237,A0100,adaptive_eagle_v9,DBFM,12735.817631,91.968590,139.652980,124.545419,92.820160,13107.539487,252.061172,15920.243044,-59.275766,-4443.859470,341.863713,9.612419,False,False,False,False,False,True,False,2-circle,1.000000,905.094500,100.000000,100.000000,0.000000,0.000000,-32.029119,69.554445,-3.541237,1,7,4,0.0000,0.0000,0.0000,0.5000,"LeadPursuit",0.351996
237,B0100,L7_close_level_aggressive,DBFM,12735.817631,91.968590,139.652980,124.545419,92.820160,13107.539487,252.061172,15920.243044,-59.275766,-4443.859470,341.863713,9.612419,False,False,False,False,False,True,False,2-circle,1.000000,905.094500,100.000000,100.000000,0.000000,0.000000,-32.029119,69.554445,-3.541237,3,8,0,0.0000,0.0000,0.0000,0.5000,"Pursue",-0.505711
238,A0100,adaptive_eagle_v9,DBFM,12618.400259,91.222088,141.266311,123.588707,92.074606,13087.476694,252.451773,15908.904290,-56.693770,-4440.558367,354.376414,9.773184,False,False,False,False,False,True,False,2-circle,1.000000,912.254594,100.000000,100.000000,0.000000,0.000000,-32.397491,69.886065,-3.594239,1,7,4,0.0000,0.0000,0.0000,0.5000,"LeadPursuit",0.381663
238,B0100,L7_close_level_aggressive,DBFM,12618.400259,91.222088,141.266311,123.588707,92.074606,13087.476694,252.451773,15908.904290,-56.693770,-4440.558367,354.376414,9.773184,False,False,False,False,False,True,False,2-circle,1.000000,912.254594,100.000000,100.000000,0.000000,0.000000,-32.397491,69.886065,-3.594239,3,8,0,0.0000,0.0000,0.0000,0.5000,"Pursue",-0.526327
239,A0100,adaptive_eagle_v9,DBFM,12496.787829,90.476663,142.840320,122.572607,91.331166,13067.293412,252.854932,15897.739679,-55.823054,-4439.306906,366.466713,9.876170,False,False,False,False,False,True,False,2-circle,1.000000,918.973772,100.000000,100.000000,0.000000,0.000000,-32.942256,70.102365,-3.676597,1,7,4,0.0000,0.0000,0.0000,0.5000,"LeadPursuit",0.514792
239,B0100,L7_close_level_aggressive,DBFM,12496.787829,90.476663,142.840320,122.572607,91.331166,13067.293412,252.854932,15897.739679,-55.823054,-4439.306906,366.466713,9.876170,False,False,False,False,False,True,False,2-circle,1.000000,918.973772,100.000000,100.000000,0.000000,0.000000,-32.942256,70.102365,-3.676597,3,8,0,0.0000,0.0000,0.0000,0.5000,"Pursue",-0.683444
240,A0100,adaptive_eagle_v9,DBFM,12370.935692,89.707962,144.763066,121.167829,90.563752,13046.977512,253.245174,15886.167238,-57.862209,-4411.383605,379.503831,9.958849,False,False,True,False,False,True,False,2-circle,1.000000,924.862458,100.000000,100.000000,0.000000,0.000000,-33.590694,70.276709,-3.775771,1,7,4,0.0000,0.0000,0.0000,0.5000,"LeadPursuit",0.639980
240,B0100,L7_close_level_aggressive,DBFM,12370.935692,89.707962,144.763066,121.167829,90.563752,13046.977512,253.245174,15886.167238,-57.862209,-4411.383605,379.503831,9.958849,False,False,True,False,False,True,False,2-circle,1.000000,924.862458,100.000000,100.000000,0.000000,0.000000,-33.590694,70.276709,-3.775771,3,8,0,0.0000,0.0000,0.0000,0.5000,"Pursue",-0.805485
241,A0100,adaptive_eagle_v9,DBFM,12240.437843,88.910120,146.961933,119.631990,89.766574,13026.526755,253.623735,15874.211085,-59.780761,-4366.616034,393.123942,10.039333,False,False,True,False,False,True,False,2-circle,1.000000,930.188211,100.000000,100.000000,0.000000,0.000000,-34.315213,70.443683,-3.885231,1,7,4,0.0000,0.0000,0.0000,0.5000,"LeadPursuit",0.533257
241,B0100,L7_close_level_aggressive,DBFM,12240.437843,88.910120,146.961933,119.631990,89.766574,13026.526755,253.623735,15874.211085,-59.780761,-4366.616034,393.123942,10.039333,False,False,True,False,False,True,False,2-circle,1.000000,930.188211,100.000000,100.000000,0.000000,0.000000,-34.315213,70.443683,-3.885231,3,8,0,0.0000,0.0000,0.0000,0.5000,"Pursue",-0.665364
242,A0100,adaptive_eagle_v9,DBFM,12105.544008,88.086891,148.730248,118.642972,88.944224,13005.938264,253.991360,15861.883959,-61.635629,-4358.315861,405.257070,10.125547,False,False,True,False,False,True,False,2-circle,1.000000,935.705776,100.000000,100.000000,0.000000,0.000000,-35.122259,70.617642,-4.001365,1,7,4,0.0000,0.0000,0.0000,0.5000,"LeadPursuit",0.395751
242,B0100,L7_close_level_aggressive,DBFM,12105.544008,88.086891,148.730248,118.642972,88.944224,13005.938264,253.991360,15861.883959,-61.635629,-4358.315861,405.257070,10.125547,False,False,True,False,False,True,False,2-circle,1.000000,935.705776,100.000000,100.000000,0.000000,0.000000,-35.122259,70.617642,-4.001365,3,8,0,0.0000,0.0000,0.0000,0.5000,"Pursue",-0.631245
243,A0100,adaptive_eagle_v9,DBFM,11966.755211,87.245757,150.297652,117.807522,88.104394,12985.207642,254.352879,15849.289155,-62.974022,-4364.511379,416.628312,10.219508,False,False,True,False,False,True,False,2-circle,1.000000,941.412751,100.000000,100.000000,0.000000,0.000000,-36.024144,70.802007,-4.122655,1,7,4,0.0000,0.0000,0.0000,0.5000,"LeadPursuit",0.481164
243,B0100,L7_close_level_aggressive,DBFM,11966.755211,87.245757,150.297652,117.807522,88.104394,12985.207642,254.352879,15849.289155,-62.974022,-4364.511379,416.628312,10.219508,False,False,True,False,False,True,False,2-circle,1.000000,941.412751,100.000000,100.000000,0.000000,0.000000,-36.024144,70.802007,-4.122655,3,8,0,0.0000,0.0000,0.0000,0.5000,"Pursue",-0.698349
244,A0100,adaptive_eagle_v9,DBFM,11824.125103,86.387536,151.880025,116.870203,87.247736,12964.328653,254.713914,15836.546636,-63.712593,-4366.549435,427.775577,10.318985,False,False,True,False,False,True,False,2-circle,1.000000,947.050182,100.000000,100.000000,0.000000,0.000000,-37.033234,70.992728,-4.248733,1,6,4,0.0000,0.0000,0.0000,0.5000,"LeadPursuit",0.554807
244,B0100,L7_close_level_aggressive,DBFM,11824.125103,86.387536,151.880025,116.870203,87.247736,12964.328653,254.713914,15836.546636,-63.712593,-4366.549435,427.775577,10.318985,False,False,True,False,False,True,False,2-circle,1.000000,947.050182,100.000000,100.000000,0.000000,0.000000,-37.033234,70.992728,-4.248733,3,8,0,0.0000,0.0000,0.0000,0.5000,"Pursue",-0.743251
245,A0100,adaptive_eagle_v9,DBFM,11677.748405,85.512786,153.386353,115.890557,86.374454,12943.293604,255.077825,15823.724554,-64.110411,-4370.605803,438.475920,10.421639,False,False,True,False,False,True,False,2-circle,1.000000,952.213151,100.000000,100.000000,0.000000,0.000000,-38.160038,71.185664,-4.379560,1,6,4,0.0000,0.0000,0.0000,0.5000,"LeadPursuit",0.633851
245,B0100,L7_close_level_aggressive,DBFM,11677.748405,85.512786,153.386353,115.890557,86.374454,12943.293604,255.077825,15823.724554,-64.110411,-4370.605803,438.475920,10.421639,False,False,True,False,False,True,False,2-circle,1.000000,952.213151,100.000000,100.000000,0.000000,0.000000,-38.160038,71.185664,-4.379560,3,8,0,0.0000,0.0000,0.0000,0.5000,"Pursue",-0.786700
246,A0100,adaptive_eagle_v9,DBFM,11527.749419,84.621805,154.782682,114.878091,85.484419,12922.093975,255.446379,15810.854619,-64.349676,-4377.888248,448.667113,10.526142,False,False,True,False,False,True,False,2-circle,1.000000,956.473171,100.000000,100.000000,0.000000,0.000000,-39.413021,71.378526,-4.515124,1,6,4,0.0000,0.0000,0.0000,0.5000,"LeadPursuit",0.943469
246,B0100,L7_close_level_aggressive,DBFM,11527.749419,84.621805,154.782682,114.878091,85.484419,12922.093975,255.446379,15810.854619,-64.349676,-4377.888248,448.667113,10.526142,False,False,True,False,False,True,False,2-circle,1.000000,956.473171,100.000000,100.000000,0.000000,0.000000,-39.413021,71.378526,-4.515124,3,8,0,0.0000,0.0000,0.0000,0.5000,"Pursue",-1.040195
247,A0100,adaptive_eagle_v9,DBFM,11374.214333,83.712864,156.407214,113.462263,84.575398,12900.720861,255.820340,15797.945711,-64.544538,-4358.643569,458.845511,10.631958,False,False,True,False,False,True,False,2-circle,1.000000,959.411520,100.000000,100.000000,0.000000,0.000000,-40.796366,71.570400,-4.655391,1,6,4,0.0000,0.0000,0.0000,0.5000,"LeadPursuit",1.307724
247,B0100,L7_close_level_aggressive,DBFM,11374.214333,83.712864,156.407214,113.462263,84.575398,12900.720861,255.820340,15797.945711,-64.544538,-4358.643569,458.845511,10.631958,False,False,True,False,False,True,False,2-circle,1.000000,959.411520,100.000000,100.000000,0.000000,0.000000,-40.796366,71.570400,-4.655391,3,8,0,0.0000,0.0000,0.0000,0.5000,"Pursue",-1.298961
248,A0100,adaptive_eagle_v9,DBFM,11217.079366,82.778668,158.267978,111.878399,83.640068,12879.165243,256.198408,15784.959838,-64.929366,-4322.886249,469.130740,10.739421,False,False,True,False,False,True,False,2-circle,1.000000,961.217689,100.000000,100.000000,0.000000,0.000000,-42.315127,71.761689,-4.800298,1,6,4,0.0000,0.0000,0.0000,0.5000,"LeadPursuit",1.254402
248,B0100,L7_close_level_aggressive,DBFM,11217.079366,82.778668,158.267978,111.878399,83.640068,12879.165243,256.198408,15784.959838,-64.929366,-4322.886249,469.130740,10.739421,False,False,True,False,False,True,False,2-circle,1.000000,961.217689,100.000000,100.000000,0.000000,0.000000,-42.315127,71.761689,-4.800298,3,8,0,0.0000,0.0000,0.0000,0.5000,"Pursue",-1.171206
249,A0100,adaptive_eagle_v9,DBFM,11056.481887,81.819723,159.762751,110.830230,82.679719,12857.418122,256.580416,15771.884632,-65.376033,-4324.307296,478.912691,10.849004,False,False,True,False,False,True,False,2-circle,1.000000,962.690777,100.000000,100.000000,0.000000,0.000000,-44.001983,71.953044,-4.949810,1,5,4,0.0000,0.0000,0.0000,0.5000,"LeadPursuit",1.255494
249,B0100,L7_close_level_aggressive,DBFM,11056.481887,81.819723,159.762751,110.830230,82.679719,12857.418122,256.580416,15771.884632,-65.376033,-4324.307296,478.912691,10.849004,False,False,True,False,False,True,False,2-circle,1.000000,962.690777,100.000000,100.000000,0.000000,0.000000,-44.001983,71.953044,-4.949810,3,8,0,0.0000,0.0000,0.0000,0.5000,"Pursue",-1.154816
250,A0100,adaptive_eagle_v9,DBFM,10892.408813,80.455172,160.987387,110.356326,81.296360,12835.549338,256.529450,15748.858119,-115.132563,-4355.086039,490.117965,9.173277,False,False,True,False,False,True,False,2-circle,1.000000,963.841694,100.000000,100.000000,0.000000,0.000000,-49.115550,68.916003,-4.989405,1,5,4,0.0000,0.0000,0.0000,0.5000,"LeadPursuit",1.588147
250,B0100,L7_close_level_aggressive,DBFM,10892.408813,80.455172,160.987387,110.356326,81.296360,12835.549338,256.529450,15748.858119,-115.132563,-4355.086039,490.117965,9.173277,False,False,True,False,False,True,False,2-circle,1.000000,963.841694,100.000000,100.000000,0.000000,0.000000,-49.115550,68.916003,-4.989405,3,8,0,0.0000,0.0000,0.0000,0.5000,"Pursue",-1.334382
251,A0100,adaptive_eagle_v9,DBFM,10724.387818,79.184359,162.061642,109.708641,80.002630,12813.965947,256.529767,15727.281939,-107.880898,-4381.429073,500.149403,7.440728,False,False,True,False,False,True,False,2-circle,1.000000,963.992595,100.000000,100.000000,0.000000,0.000000,-55.734909,64.570177,-4.887885,1,5,4,0.0000,0.0000,0.0000,0.5000,"LeadPursuit",1.953414
251,B0100,L7_close_level_aggressive,DBFM,10724.387818,79.184359,162.061642,109.708641,80.002630,12813.965947,256.529767,15727.281939,-107.880898,-4381.429073,500.149403,7.440728,False,False,True,False,False,True,False,2-circle,1.000000,963.992595,100.000000,100.000000,0.000000,0.000000,-55.734909,64.570177,-4.887885,3,8,0,0.0000,0.0000,0.0000,0.5000,"Pursue",-1.489569
252,A0100,adaptive_eagle_v9,DBFM,10553.464024,78.299024,162.862989,108.595850,79.110091,12792.472875,256.976045,15715.934103,-56.739183,-4396.487029,507.469019,7.513617,False,False,True,False,False,True,False,2-circle,1.000000,962.925922,100.000000,100.000000,0.000000,0.000000,-57.969644,64.816615,-4.603332,1,4,4,0.0000,0.0000,0.0000,0.5000,"LeadPursuit",2.691929
252,B0100,L7_close_level_aggressive,DBFM,10553.464024,78.299024,162.862989,108.595850,79.110091,12792.472875,256.976045,15715.934103,-56.739183,-4396.487029,507.469019,7.513617,False,False,True,False,False,True,False,2-circle,1.000000,962.925922,100.000000,100.000000,0.000000,0.000000,-57.969644,64.816615,-4.603332,3,8,0,0.0000,0.0000,0.0000,0.5000,"Pursue",-1.948741
253,A0100,adaptive_eagle_v9,DBFM,10379.856765,77.235504,163.547321,107.293056,78.031246,12771.094418,257.235068,15700.452133,-77.409850,-4395.162975,514.766266,8.122808,False,False,True,False,False,True,False,2-circle,1.000000,960.199757,100.000000,100.000000,0.000000,0.000000,-58.961495,66.507580,-4.302418,1,4,4,0.0000,0.0000,0.0000,0.5000,"LeadPursuit",4.717557
253,B0100,L7_close_level_aggressive,DBFM,10379.856765,77.235504,163.547321,107.293056,78.031246,12771.094418,257.235068,15700.452133,-77.409850,-4395.162975,514.766266,8.122808,False,False,True,False,False,True,False,2-circle,1.000000,960.199757,100.000000,100.000000,0.000000,0.000000,-58.961495,66.507580,-4.302418,3,8,0,0.0000,0.0000,0.0000,0.5000,"Pursue",-3.232278
254,A0100,adaptive_eagle_v9,DBFM,10203.730501,76.146423,164.524764,105.443848,76.927550,12749.850330,257.507667,15685.419971,-75.160809,-4343.186826,521.556993,8.742840,False,False,True,False,False,True,False,2-circle,1.000000,956.147190,100.000000,100.000000,0.000000,0.000000,-60.305677,68.024006,-4.112768,1,4,4,0.0000,0.0000,0.0000,0.5000,"LeadPursuit",7.130998
254,B0100,L7_close_level_aggressive,DBFM,10203.730501,76.146423,164.524764,105.443848,76.927550,12749.850330,257.507667,15685.419971,-75.160809,-4343.186826,521.556993,8.742840,False,False,True,False,False,True,False,2-circle,1.000000,956.147190,100.000000,100.000000,0.000000,0.000000,-60.305677,68.024006,-4.112768,3,8,0,0.0000,0.0000,0.0000,0.5000,"Pursue",-4.960974
255,A0100,adaptive_eagle_v9,DBFM,10025.307222,75.058807,165.842033,103.982780,75.829163,12728.663375,257.836118,15671.726426,-68.467723,-4285.997015,528.811094,9.184197,False,False,True,False,False,True,False,2-circle,1.000000,952.845370,100.000000,100.000000,0.000000,0.000000,-62.387228,69.003785,-4.038141,1,4,4,0.0000,0.0000,0.0000,0.5000,"LeadPursuit",9.283453
255,B0100,L7_close_level_aggressive,DBFM,10025.307222,75.058807,165.842033,103.982780,75.829163,12728.663375,257.836118,15671.726426,-68.467723,-4285.997015,528.811094,9.184197,False,False,True,False,False,True,False,2-circle,1.000000,952.845370,100.000000,100.000000,0.000000,0.000000,-62.387228,69.003785,-4.038141,3,8,0,0.0000,0.0000,0.0000,0.5000,"Pursue",-8.003548
256,A0100,adaptive_eagle_v9,DBFM,9844.545523,73.963951,167.324304,103.634084,74.728887,12707.464593,258.199429,15658.827484,-64.494710,-4254.116792,536.839112,9.451250,False,False,True,False,False,True,False,2-circle,1.000000,952.656945,100.000000,100.000000,0.000000,0.000000,-65.181042,69.567240,-4.044683,1,4,4,0.0000,0.0000,0.0000,0.5000,"LeadPursuit",7.386859
256,B0100,L7_close_level_aggressive,DBFM,9844.545523,73.963951,167.324304,103.634084,74.728887,12707.464593,258.199429,15658.827484,-64.494710,-4254.116792,536.839112,9.451250,False,False,True,False,False,True,False,2-circle,1.000000,952.656945,100.000000,100.000000,0.000000,0.000000,-65.181042,69.567240,-4.044683,3,8,0,0.0000,0.0000,0.0000,0.5000,"Pursue",-12.319846
257,A0100,adaptive_eagle_v9,DBFM,9661.311507,72.858918,168.291692,104.458667,73.623848,12686.213514,258.572304,15646.106909,-63.602876,-4283.005195,545.320462,9.613846,False,False,True,False,False,True,False,2-circle,1.000000,956.218363,100.000000,100.000000,0.000000,0.000000,-68.593851,69.905190,-4.098769,1,4,3,0.0000,0.0000,0.0000,0.5000,"LeadPursuit",1.974307
257,B0100,L7_close_level_aggressive,DBFM,9661.311507,72.858918,168.291692,104.458667,73.623848,12686.213514,258.572304,15646.106909,-63.602876,-4283.005195,545.320462,9.613846,False,False,True,False,False,True,False,2-circle,1.000000,956.218363,100.000000,100.000000,0.000000,0.000000,-68.593851,69.905190,-4.098769,3,8,0,0.0000,0.0000,0.0000,0.5000,"Pursue",-9.535827
258,A0100,adaptive_eagle_v9,DBFM,9475.423088,71.750176,168.565121,105.770623,72.518544,12664.890027,258.941053,15633.231611,-64.376490,-4338.321898,553.264665,9.732473,False,False,True,False,False,True,False,2-circle,1.000000,961.763132,100.000000,100.000000,0.000000,0.000000,-72.525254,70.150588,-4.178099,1,4,3,0.0000,0.0000,0.0000,0.5000,"LeadPursuit",-3.110852
258,B0100,L7_close_level_aggressive,DBFM,9475.423088,71.750176,168.565121,105.770623,72.518544,12664.890027,258.941053,15633.231611,-64.376490,-4338.321898,553.264665,9.732473,False,False,True,False,False,True,False,2-circle,1.000000,961.763132,100.000000,100.000000,0.000000,0.000000,-72.525254,70.150588,-4.178099,3,8,0,0.0000,0.0000,0.0000,0.5000,"Pursue",11.482495
259,A0100,adaptive_eagle_v9,DBFM,9286.943227,70.643815,167.715003,107.083965,71.416761,12643.483623,259.301891,15620.103840,-65.638854,-4434.689341,560.254812,9.840772,False,False,True,False,False,True,False,2-circle,1.000000,967.126971,100.000000,100.000000,0.000000,0.000000,-76.887578,70.371182,-4.270912,1,4,3,0.0000,0.0000,0.0000,0.5000,"LeadPursuit",-8.891620
259,B0100,L7_close_level_aggressive,DBFM,9286.943227,70.643815,167.715003,107.083965,71.416761,12643.483623,259.301891,15620.103840,-65.638854,-4434.689341,560.254812,9.840772,False,False,True,False,False,True,False,2-circle,1.000000,967.126971,100.000000,100.000000,0.000000,0.000000,-76.887578,70.371182,-4.270912,3,8,0,0.0000,0.0000,0.0000,0.5000,"Pursue",12.391256
260,A0100,adaptive_eagle_v9,DBFM,9095.931823,69.546993,166.064580,108.271948,70.322237,12621.986530,259.656028,15606.742828,-66.805062,-4552.921308,565.922778,9.952442,False,False,True,False,False,True,False,2-circle,1.000000,969.165521,100.000000,100.000000,0.000000,0.000000,-81.588341,70.593113,-4.372081,1,4,3,0.0000,0.0000,0.0000,0.5000,"LeadPursuit",-6.505306
260,B0100,L7_close_level_aggressive,DBFM,9095.931823,69.546993,166.064580,108.271948,70.322237,12621.986530,259.656028,15606.742828,-66.805062,-4552.921308,565.922778,9.952442,False,False,True,False,False,True,False,2-circle,1.000000,969.165521,100.000000,100.000000,0.000000,0.000000,-81.588341,70.593113,-4.372081,3,8,0,0.0000,0.0000,0.0000,0.5000,"Pursue",5.300659
261,A0100,adaptive_eagle_v9,DBFM,8902.720623,68.464599,164.511223,109.513214,69.238951,12600.390625,260.006164,15593.201993,-67.704176,-4636.141910,570.358846,10.070970,False,False,True,False,False,True,False,2-circle,1.000000,967.128355,100.000000,100.000000,0.000000,0.000000,-86.618608,70.822478,-4.479802,1,4,3,0.0000,0.0000,0.0000,0.5000,"LeadPursuit",-6.728501
261,B0100,L7_close_level_aggressive,DBFM,8902.720623,68.464599,164.511223,109.513214,69.238951,12600.390625,260.006164,15593.201993,-67.704176,-4636.141910,570.358846,10.070970,False,False,True,False,False,True,False,2-circle,1.000000,967.128355,100.000000,100.000000,0.000000,0.000000,-86.618608,70.822478,-4.479802,3,8,0,0.0000,0.0000,0.0000,0.5000,"Pursue",4.627266
262,A0100,adaptive_eagle_v9,DBFM,8707.815681,67.400134,162.322686,110.476117,68.169828,12578.686570,260.354846,15579.530368,-68.358122,-4721.891854,572.682387,10.195945,False,False,True,False,False,True,False,2-circle,1.000000,960.669019,100.000000,100.000000,0.000000,0.000000,-91.975211,71.058081,-4.593648,1,4,3,0.0000,0.0000,0.0000,0.5000,"LeadPursuit",-5.422606
262,B0100,L7_close_level_aggressive,DBFM,8707.815681,67.400134,162.322686,110.476117,68.169828,12578.686570,260.354846,15579.530368,-68.358122,-4721.891854,572.682387,10.195945,False,False,True,False,False,True,False,2-circle,1.000000,960.669019,100.000000,100.000000,0.000000,0.000000,-91.975211,71.058081,-4.593648,3,8,0,0.0000,0.0000,0.0000,0.5000,"Pursue",3.527166
263,A0100,adaptive_eagle_v9,DBFM,8511.648199,66.357308,159.965468,111.350273,67.116274,12556.863893,260.703993,15565.761597,-68.843856,-4815.680838,573.712669,10.326054,False,False,True,False,False,True,False,2-circle,1.000000,948.090771,100.000000,100.000000,0.000000,0.000000,-97.624748,71.297232,-4.713637,1,4,3,0.0000,0.0000,0.0000,0.5000,"LeadPursuit",-3.768153
263,B0100,L7_close_level_aggressive,DBFM,8511.648199,66.357308,159.965468,111.350273,67.116274,12556.863893,260.703993,15565.761597,-68.843856,-4815.680838,573.712669,10.326054,False,False,True,False,False,True,False,2-circle,1.000000,948.090771,100.000000,100.000000,0.000000,0.000000,-97.624748,71.297232,-4.713637,3,8,0,0.0000,0.0000,0.0000,0.5000,"Pursue",2.468571
264,A0100,adaptive_eagle_v9,DBFM,8314.606343,65.339605,157.898226,112.300010,66.081649,12534.911322,261.054926,15551.915017,-69.232899,-4878.210859,573.869167,10.460164,False,False,True,False,False,True,False,2-circle,1.000000,929.674910,100.000000,100.000000,0.000000,0.000000,-103.589465,71.537705,-4.839871,1,4,3,0.0000,0.0000,0.0000,0.5000,"LeadPursuit",-3.228406
264,B0100,L7_close_level_aggressive,DBFM,8314.606343,65.339605,157.898226,112.300010,66.081649,12534.911322,261.054926,15551.915017,-69.232899,-4878.210859,573.869167,10.460164,False,False,True,False,False,True,False,2-circle,1.000000,929.674910,100.000000,100.000000,0.000000,0.000000,-103.589465,71.537705,-4.839871,3,8,0,0.0000,0.0000,0.0000,0.5000,"Pursue",2.199359
265,A0100,adaptive_eagle_v9,DBFM,8117.140843,64.348601,155.670351,112.998537,65.067449,12512.817094,261.408552,15538.000015,-69.575009,-4950.437057,572.791253,10.597528,False,False,True,False,False,True,False,2-circle,1.000000,905.853749,100.000000,100.000000,0.000000,0.000000,-109.859101,71.778059,-4.972422,1,4,3,0.0000,0.0000,0.0000,0.5000,"LeadPursuit",-1.508028
265,B0100,L7_close_level_aggressive,DBFM,8117.140843,64.348601,155.670351,112.998537,65.067449,12512.817094,261.408552,15538.000015,-69.575009,-4950.437057,572.791253,10.597528,False,False,True,False,False,True,False,2-circle,1.000000,905.853749,100.000000,100.000000,0.000000,0.000000,-109.859101,71.778059,-4.972422,3,8,0,0.0000,0.0000,0.0000,0.5000,"Pursue",0.991203
266,A0100,adaptive_eagle_v9,DBFM,7918.633245,62.986372,154.763618,114.579587,63.664292,12490.651760,261.313127,15513.626458,-121.867789,-5112.351120,578.883863,8.947108,False,False,True,False,False,True,False,2-circle,1.000000,877.262533,100.000000,100.000000,0.000000,0.000000,-119.706261,68.684140,-4.993027,1,4,3,0.0000,0.0000,0.0000,0.5000,"LeadPursuit",-0.175310
266,B0100,L7_close_level_aggressive,DBFM,7918.633245,62.986372,154.763618,114.579587,63.664292,12490.651760,261.313127,15513.626458,-121.867789,-5112.351120,578.883863,8.947108,False,False,True,False,False,True,False,2-circle,1.000000,877.262533,100.000000,100.000000,0.000000,0.000000,-119.706261,68.684140,-4.993027,3,8,0,0.0000,0.0000,0.0000,0.5000,"Pursue",0.018145
267,A0100,adaptive_eagle_v9,DBFM,7716.923575,61.760250,155.141119,116.631881,62.398552,12468.838689,261.270727,15490.832477,-113.969901,-5293.088141,589.204657,7.263860,False,False,True,False,False,True,False,2-circle,1.000000,847.957396,100.000000,100.000000,0.000000,0.000000,-130.922188,64.319137,-4.868749,1,4,3,0.0000,0.0000,0.0000,0.5000,"LeadPursuit",0.416889
267,B0100,L7_close_level_aggressive,DBFM,7716.923575,61.760250,155.141119,116.631881,62.398552,12468.838689,261.270727,15490.832477,-113.969901,-5293.088141,589.204657,7.263860,False,False,True,False,False,True,False,2-circle,1.000000,847.957396,100.000000,100.000000,0.000000,0.000000,-130.922188,64.319137,-4.868749,3,8,0,0.0000,0.0000,0.0000,0.5000,"Pursue",-0.378372
268,A0100,adaptive_eagle_v9,DBFM,7512.138929,60.968789,156.029857,118.491130,61.582271,12447.175915,261.680310,15478.652024,-60.902266,-5424.728031,598.723390,7.378283,False,False,True,False,False,True,False,2-circle,1.000000,820.419859,100.000000,100.000000,0.000000,0.000000,-137.297476,64.694030,-4.556400,1,4,3,0.0000,0.0000,0.0000,0.5000,"LeadPursuit",0.419490
268,B0100,L7_close_level_aggressive,DBFM,7512.138929,60.968789,156.029857,118.491130,61.582271,12447.175915,261.680310,15478.652024,-60.902266,-5424.728031,598.723390,7.378283,False,False,True,False,False,True,False,2-circle,1.000000,820.419859,100.000000,100.000000,0.000000,0.000000,-137.297476,64.694030,-4.556400,3,8,0,0.0000,0.0000,0.0000,0.5000,"Pursue",-0.383660
269,A0100,adaptive_eagle_v9,DBFM,7304.403164,60.046374,156.971552,120.549592,60.635925,12425.687009,261.900050,15462.256482,-81.977712,-5539.965134,608.403038,8.006725,False,False,True,False,False,True,False,2-circle,1.000000,795.557168,100.000000,100.000000,0.000000,0.000000,-141.926479,66.467139,-4.236173,1,4,3,0.0000,0.0000,0.0000,0.5000,"LeadPursuit",-0.323532
269,B0100,L7_close_level_aggressive,DBFM,7304.403164,60.046374,156.971552,120.549592,60.635925,12425.687009,261.900050,15462.256482,-81.977712,-5539.965134,608.403038,8.006725,False,False,True,False,False,True,False,2-circle,1.000000,795.557168,100.000000,100.000000,0.000000,0.000000,-141.926479,66.467139,-4.236173,3,8,0,0.0000,0.0000,0.0000,0.5000,"Pursue",0.164040
270,A0100,adaptive_eagle_v9,DBFM,7093.926654,59.167433,157.220420,122.368425,59.738521,12404.382545,262.138816,15446.491223,-78.826292,-5682.123111,616.106770,8.633301,False,False,True,False,False,True,False,2-circle,1.000000,773.088896,100.000000,100.000000,0.000000,0.000000,-146.268631,68.018282,-4.034212,1,4,3,0.0000,0.0000,0.0000,0.5000,"LeadPursuit",-0.676723
270,B0100,L7_close_level_aggressive,DBFM,7093.926654,59.167433,157.220420,122.368425,59.738521,12404.382545,262.138816,15446.491223,-78.826292,-5682.123111,616.106770,8.633301,False,False,True,False,False,True,False,2-circle,1.000000,773.088896,100.000000,100.000000,0.000000,0.000000,-146.268631,68.018282,-4.034212,3,7,1,0.0000,0.0000,0.0000,0.5000,"Pursue",0.431195
271,A0100,adaptive_eagle_v9,DBFM,6881.218108,58.370012,157.121304,124.017451,58.926205,12383.177598,262.434475,15432.152370,-71.694266,-5807.859310,621.961306,9.084170,False,False,True,False,False,True,False,2-circle,1.000000,751.212585,100.000000,100.000000,0.000000,0.000000,-150.616385,69.027273,-3.949579,1,4,3,0.0000,0.0000,0.0000,0.5000,"LeadPursuit",-1.245266
271,B0100,L7_close_level_aggressive,DBFM,6881.218108,58.370012,157.121304,124.017451,58.926205,12383.177598,262.434475,15432.152370,-71.694266,-5807.859310,621.961306,9.084170,False,False,True,False,False,True,False,2-circle,1.000000,751.212585,100.000000,100.000000,0.000000,0.000000,-150.616385,69.027273,-3.949579,3,7,1,0.0000,0.0000,0.0000,0.5000,"Pursue",0.868869
272,A0100,adaptive_eagle_v9,DBFM,6666.901085,57.642721,156.274927,125.259109,58.185551,12361.999472,262.763216,15418.617689,-67.673406,-5949.298240,625.229500,9.370640,False,False,True,False,False,True,False,2-circle,1.000000,728.955391,100.000000,100.000000,0.000000,0.000000,-154.854973,69.632012,-3.946637,1,5,3,0.0000,0.0000,0.0000,0.5000,"LeadPursuit",-1.411127
272,B0100,L7_close_level_aggressive,DBFM,6666.901085,57.642721,156.274927,125.259109,58.185551,12361.999472,262.763216,15418.617689,-67.673406,-5949.298240,625.229500,9.370640,False,False,True,False,False,True,False,2-circle,1.000000,728.955391,100.000000,100.000000,0.000000,0.000000,-154.854973,69.632012,-3.946637,3,7,1,0.0000,0.0000,0.0000,0.5000,"Pursue",1.028419
273,A0100,adaptive_eagle_v9,DBFM,6451.506295,56.971977,155.073451,126.293021,57.499326,12340.805177,263.099671,15405.256094,-66.807975,-6115.271509,627.225615,9.560293,False,False,True,False,False,True,False,2-circle,1.000000,704.302527,100.000000,100.000000,0.000000,0.000000,-158.890043,70.021043,-3.992008,1,5,3,0.0000,0.0000,0.0000,0.5000,"LeadPursuit",-0.857467
273,B0100,L7_close_level_aggressive,DBFM,6451.506295,56.971977,155.073451,126.293021,57.499326,12340.805177,263.099671,15405.256094,-66.807975,-6115.271509,627.225615,9.560293,False,False,True,False,False,True,False,2-circle,1.000000,704.302527,100.000000,100.000000,0.000000,0.000000,-158.890043,70.021043,-3.992008,3,7,1,0.0000,0.0000,0.0000,0.5000,"Pursue",0.624042
274,A0100,adaptive_eagle_v9,DBFM,6234.919837,56.352791,154.525668,127.526534,56.862351,12319.571804,263.430962,15391.744986,-67.555540,-6297.970092,631.487902,9.709147,False,False,True,False,False,True,False,2-circle,1.000000,677.486876,100.000000,100.000000,0.000000,0.000000,-162.626420,70.320299,-4.064105,1,5,3,0.0000,0.0000,0.0000,0.5000,"LeadPursuit",-0.008833
274,B0100,L7_close_level_aggressive,DBFM,6234.919837,56.352791,154.525668,127.526534,56.862351,12319.571804,263.430962,15391.744986,-67.555540,-6297.970092,631.487902,9.709147,False,False,True,False,False,True,False,2-circle,1.000000,677.486876,100.000000,100.000000,0.000000,0.000000,-162.626420,70.320299,-4.064105,3,7,1,0.0000,0.0000,0.0000,0.5000,"Pursue",-0.046265
275,A0100,adaptive_eagle_v9,DBFM,6016.367846,55.775081,154.986466,128.648723,56.268654,12298.285587,263.753933,15377.996468,-68.742589,-6463.559907,638.978005,9.848108,False,False,True,False,False,True,False,2-circle,1.000000,651.347466,100.000000,100.000000,0.000000,0.000000,-165.899344,70.592955,-4.151591,1,5,3,0.0000,0.0000,0.0000,0.5000,"LeadPursuit",0.833016
275,B0100,L7_close_level_aggressive,DBFM,6016.367846,55.775081,154.986466,128.648723,56.268654,12298.285587,263.753933,15377.996468,-68.742589,-6463.559907,638.978005,9.848108,False,False,True,False,False,True,False,2-circle,1.000000,651.347466,100.000000,100.000000,0.000000,0.000000,-165.899344,70.592955,-4.151591,3,7,1,0.0000,0.0000,0.0000,0.5000,"Pursue",-0.703768
276,A0100,adaptive_eagle_v9,DBFM,5795.614403,55.220345,156.199884,129.177887,55.702591,12276.935295,264.070067,15364.033247,-69.816105,-6466.642201,645.840091,9.990095,False,False,True,False,False,True,False,2-circle,1.000000,627.709449,100.000000,100.000000,0.000000,0.000000,-168.613419,70.863775,-4.249418,1,5,3,0.0000,0.0000,0.0000,0.5000,"LeadPursuit",1.439904
276,B0100,L7_close_level_aggressive,DBFM,5795.614403,55.220345,156.199884,129.177887,55.702591,12276.935295,264.070067,15364.033247,-69.816105,-6466.642201,645.840091,9.990095,False,False,True,False,False,True,False,2-circle,1.000000,627.709449,100.000000,100.000000,0.000000,0.000000,-168.613419,70.863775,-4.249418,3,7,1,0.0000,0.0000,0.0000,0.5000,"Pursue",-1.133267
277,A0100,adaptive_eagle_v9,DBFM,5572.999322,54.666431,157.669749,129.213912,55.143864,12255.509375,264.382147,15349.908350,-70.624488,-6403.644457,652.051512,10.138843,False,False,True,False,False,True,False,2-circle,1.000000,607.617566,100.000000,100.000000,0.000000,0.000000,-170.747656,71.139234,-4.355684,1,5,3,0.0000,0.0000,0.0000,0.5000,"LeadPursuit",1.832257
277,B0100,L7_close_level_aggressive,DBFM,5572.999322,54.666431,157.669749,129.213912,55.143864,12255.509375,264.382147,15349.908350,-70.624488,-6403.644457,652.051512,10.138843,False,False,True,False,False,True,False,2-circle,1.000000,607.617566,100.000000,100.000000,0.000000,0.000000,-170.747656,71.139234,-4.355684,3,7,1,0.0000,0.0000,0.0000,0.5000,"Pursue",-1.365168
278,A0100,adaptive_eagle_v9,DBFM,5348.735584,54.105293,159.021789,128.933395,54.584450,12233.995156,264.692765,15335.669511,-71.194194,-6326.819045,657.339940,10.294441,False,False,True,False,False,True,False,2-circle,1.000000,590.744043,100.000000,100.000000,0.000000,0.000000,-172.383477,71.418969,-4.469834,1,4,3,0.0000,0.0000,0.0000,0.5000,"LeadPursuit",2.861915
278,B0100,L7_close_level_aggressive,DBFM,5348.735584,54.105293,159.021789,128.933395,54.584450,12233.995156,264.692765,15335.669511,-71.194194,-6326.819045,657.339940,10.294441,False,False,True,False,False,True,False,2-circle,1.000000,590.744043,100.000000,100.000000,0.000000,0.000000,-172.383477,71.418969,-4.469834,3,7,1,0.0000,0.0000,0.0000,0.5000,"Pursue",-2.014851
279,A0100,adaptive_eagle_v9,DBFM,5122.731971,53.529230,160.473529,128.204715,54.016414,12212.378927,265.003907,15321.349499,-71.600057,-6304.342571,663.876236,10.455991,False,False,True,False,False,True,False,2-circle,1.000000,576.581562,100.000000,100.000000,0.000000,0.000000,-173.601509,71.700955,-4.591782,1,4,3,0.0000,0.0000,0.0000,0.5000,"LeadPursuit",5.206654
279,B0100,L7_close_level_aggressive,DBFM,5122.731971,53.529230,160.473529,128.204715,54.016414,12212.378927,265.003907,15321.349499,-71.600057,-6304.342571,663.876236,10.455991,False,False,True,False,False,True,False,2-circle,1.000000,576.581562,100.000000,100.000000,0.000000,0.000000,-173.601509,71.700955,-4.591782,3,7,1,0.0000,0.0000,0.0000,0.5000,"Pursue",-3.524102
280,A0100,adaptive_eagle_v9,DBFM,4894.634733,52.510445,162.421523,127.699374,53.006794,12190.731532,264.852780,15296.157137,-125.961811,-6238.969548,671.867308,8.817630,False,False,True,False,False,True,False,2-circle,1.000000,565.838139,100.000000,100.000000,0.000000,0.000000,-177.820065,68.570455,-4.600359,1,4,3,0.0000,0.0000,0.0000,0.5000,"LeadPursuit",6.767304
280,B0100,L7_close_level_aggressive,DBFM,4894.634733,52.510445,162.421523,127.699374,53.006794,12190.731532,264.852780,15296.157137,-125.961811,-6238.969548,671.867308,8.817630,False,False,True,False,False,True,False,2-circle,1.000000,565.838139,100.000000,100.000000,0.000000,0.000000,-177.820065,68.570455,-4.600359,3,7,1,0.0000,0.0000,0.0000,0.5000,"Pursue",-4.662469
281,A0100,adaptive_eagle_v9,DBFM,4664.141555,51.562013,164.473646,127.949754,52.082259,12169.487921,264.756020,15272.644909,-117.561143,-6176.176633,679.371696,7.164048,False,False,True,False,False,True,False,2-circle,1.000000,559.872664,100.000000,100.000000,0.000000,0.000000,177.139391,64.200454,-4.461317,1,4,3,0.0000,0.0000,0.0000,0.5000,"LeadPursuit",0.435514
281,B0100,L7_close_level_aggressive,DBFM,4664.141555,51.562013,164.473646,127.949754,52.082259,12169.487921,264.756020,15272.644909,-117.561143,-6176.176633,679.371696,7.164048,False,False,True,False,False,True,False,2-circle,1.000000,559.872664,100.000000,100.000000,0.000000,0.000000,177.139391,64.200454,-4.461317,3,7,1,0.0000,0.0000,0.0000,0.5000,"Pursue",-0.338174
282,A0100,adaptive_eagle_v9,DBFM,4432.055224,51.033031,165.329050,128.980139,51.597310,12148.440629,265.115918,15260.039937,-63.024857,-6190.492534,684.282441,7.311811,False,False,True,False,False,True,False,2-circle,1.000000,558.871628,100.000000,100.000000,0.000000,0.000000,177.268890,64.678477,-4.130966,1,4,3,0.0000,0.0000,0.0000,0.5000,"LeadPursuit",-3.673120
282,B0100,L7_close_level_aggressive,DBFM,4432.055224,51.033031,165.329050,128.980139,51.597310,12148.440629,265.115918,15260.039937,-63.024857,-6190.492534,684.282441,7.311811,False,False,True,False,False,True,False,2-circle,1.000000,558.871628,100.000000,100.000000,0.000000,0.000000,177.268890,64.678477,-4.130966,3,7,1,0.0000,0.0000,0.0000,0.5000,"Pursue",2.544402
283,A0100,adaptive_eagle_v9,DBFM,4198.549114,50.418778,164.735848,130.554813,51.030962,12127.611868,265.284516,15243.170018,-84.349593,-6270.855628,687.435296,7.960678,False,False,True,False,False,True,False,2-circle,1.000000,559.401301,100.000000,100.000000,0.000000,0.000000,178.886539,66.517257,-3.799543,1,4,3,0.0000,0.0000,0.0000,0.5000,"LeadPursuit",-3.628901
283,B0100,L7_close_level_aggressive,DBFM,4198.549114,50.418778,164.735848,130.554813,51.030962,12127.611868,265.284516,15243.170018,-84.349593,-6270.855628,687.435296,7.960678,False,False,True,False,False,True,False,2-circle,1.000000,559.401301,100.000000,100.000000,0.000000,0.000000,178.886539,66.517257,-3.799543,3,7,1,0.0000,0.0000,0.0000,0.5000,"Pursue",2.417544
284,A0100,adaptive_eagle_v9,DBFM,3964.067522,49.931939,162.897304,131.880392,50.594101,12107.004272,265.476426,15227.071728,-80.491452,-6371.913418,687.284062,8.600361,False,False,True,False,False,True,False,2-circle,1.000000,558.351216,100.000000,100.000000,0.000000,0.000000,-179.758217,68.100961,-3.591672,1,4,3,0.0000,0.0000,0.0000,0.5000,"LeadPursuit",-3.682959
284,B0100,L7_close_level_aggressive,DBFM,3964.067522,49.931939,162.897304,131.880392,50.594101,12107.004272,265.476426,15227.071728,-80.491452,-6371.913418,687.284062,8.600361,False,False,True,False,False,True,False,2-circle,1.000000,558.351216,100.000000,100.000000,0.000000,0.000000,-179.758217,68.100961,-3.591672,3,7,1,0.0000,0.0000,0.0000,0.5000,"Pursue",2.437123
285,A0100,adaptive_eagle_v9,DBFM,3729.282987,49.633691,160.430927,132.985057,50.344642,12086.526663,265.726065,15212.464754,-73.034872,-6480.148549,684.081216,9.067124,False,False,True,False,False,True,False,2-circle,1.000000,552.949773,100.000000,100.000000,0.000000,0.000000,-179.061190,69.140700,-3.503037,1,4,3,0.0000,0.0000,0.0000,0.5000,"LeadPursuit",-3.461076
285,B0100,L7_close_level_aggressive,DBFM,3729.282987,49.633691,160.430927,132.985057,50.344642,12086.526663,265.726065,15212.464754,-73.034872,-6480.148549,684.081216,9.067124,False,False,True,False,False,True,False,2-circle,1.000000,552.949773,100.000000,100.000000,0.000000,0.000000,-179.061190,69.140700,-3.503037,3,7,1,0.0000,0.0000,0.0000,0.5000,"Pursue",2.346879
286,A0100,adaptive_eagle_v9,DBFM,3495.079039,49.539745,157.828439,134.030948,50.297844,12066.103020,266.007722,15198.671295,-68.967294,-6546.521734,677.679703,9.376142,False,False,True,False,False,True,False,2-circle,1.000000,542.607984,100.000000,100.000000,0.000000,0.000000,-178.902047,69.785307,-3.496871,1,5,3,0.0000,0.0000,0.0000,0.5000,"LeadPursuit",-3.122857
286,B0100,L7_close_level_aggressive,DBFM,3495.079039,49.539745,157.828439,134.030948,50.297844,12066.103020,266.007722,15198.671295,-68.967294,-6546.521734,677.679703,9.376142,False,False,True,False,False,True,False,2-circle,1.000000,542.607984,100.000000,100.000000,0.000000,0.000000,-178.902047,69.785307,-3.496871,3,7,1,0.0000,0.0000,0.0000,0.5000,"Pursue",2.236350
287,A0100,adaptive_eagle_v9,DBFM,3262.601596,49.667985,154.639428,134.634271,50.470633,12045.687751,266.296130,15185.052439,-68.094280,-6617.885210,667.099513,9.593094,False,False,True,False,False,True,False,2-circle,1.000000,526.772616,100.000000,100.000000,0.000000,0.000000,-179.119978,70.220462,-3.540029,1,5,2,0.0000,0.0000,0.0000,0.5000,"LeadPursuit",-2.797139
287,B0100,L7_close_level_aggressive,DBFM,3262.601596,49.667985,154.639428,134.634271,50.470633,12045.687751,266.296130,15185.052439,-68.094280,-6617.885210,667.099513,9.593094,False,False,True,False,False,True,False,2-circle,1.000000,526.772616,100.000000,100.000000,0.000000,0.000000,-179.119978,70.220462,-3.540029,3,7,1,0.0000,0.0000,0.0000,0.5000,"Pursue",2.176989
288,A0100,adaptive_eagle_v9,DBFM,3032.934089,50.057092,151.216473,135.113533,50.899041,12025.255070,266.579048,15171.293944,-68.792476,-6723.679262,653.433148,9.771139,False,False,True,False,False,True,False,2-circle,1.000000,504.093337,100.000000,100.000000,0.000000,0.000000,-179.649407,70.566880,-3.611389,1,6,2,0.0000,0.0000,0.0000,0.5000,"LeadPursuit",-1.782471
288,B0100,L7_close_level_aggressive,DBFM,3032.934089,50.057092,151.216473,135.113533,50.899041,12025.255070,266.579048,15171.293944,-68.792476,-6723.679262,653.433148,9.771139,False,False,True,False,False,True,False,2-circle,1.000000,504.093337,100.000000,100.000000,0.000000,0.000000,-179.649407,70.566880,-3.611389,3,7,1,0.0000,0.0000,0.0000,0.5000,"Pursue",1.552560
289,A0100,adaptive_eagle_v9,DBFM,2806.332078,50.765798,148.963364,136.058606,51.645433,12004.788013,266.853767,15157.314427,-69.897586,-6927.009127,643.898118,9.939643,False,False,True,False,False,True,False,2-circle,1.000000,476.164705,100.000000,100.000000,0.000000,0.000000,179.620776,70.884734,-3.699853,1,6,2,0.0000,0.0000,0.0000,0.5000,"LeadPursuit",-0.878875
289,B0100,L7_close_level_aggressive,DBFM,2806.332078,50.765798,148.963364,136.058606,51.645433,12004.788013,266.853767,15157.314427,-69.897586,-6927.009127,643.898118,9.939643,False,False,True,False,False,True,False,2-circle,1.000000,476.164705,100.000000,100.000000,0.000000,0.000000,179.620776,70.884734,-3.699853,3,8,2,0.0000,0.0000,0.0000,0.5000,"LeadPursuit",0.851392
290,A0100,adaptive_eagle_v9,DBFM,2581.905335,51.435836,147.982278,137.350046,52.343173,11984.362548,266.650583,15132.090097,-126.121650,-7053.724275,637.809436,8.426370,False,False,True,False,False,True,False,2-circle,1.000000,447.385764,100.000000,100.000000,0.000000,0.000000,175.442955,67.743184,-3.678255,1,6,2,0.0000,0.0000,0.0000,0.5000,"LeadPursuit",-0.237656
290,B0100,L7_close_level_aggressive,DBFM,2581.905335,51.435836,147.982278,137.350046,52.343173,11984.362548,266.650583,15132.090097,-126.121650,-7053.724275,637.809436,8.426370,False,False,True,False,False,True,False,2-circle,1.000000,447.385764,100.000000,100.000000,0.000000,0.000000,175.442955,67.743184,-3.678255,3,8,2,0.0000,0.0000,0.0000,0.5000,"LeadPursuit",0.351814
291,A0100,adaptive_eagle_v9,DBFM,2359.568044,52.604570,147.666540,138.018584,53.544183,11964.430566,266.496087,15108.511595,-117.892510,-7054.765812,630.399597,6.886303,False,False,True,False,False,True,False,2-circle,1.000000,419.866120,100.000000,100.000000,0.000000,0.000000,170.168468,63.379638,-3.509785,1,6,2,0.0000,0.0000,0.0000,0.5000,"LeadPursuit",0.024123
291,B0100,L7_close_level_aggressive,DBFM,2359.568044,52.604570,147.666540,138.018584,53.544183,11964.430566,266.496087,15108.511595,-117.892510,-7054.765812,630.399597,6.886303,False,False,True,False,False,True,False,2-circle,1.000000,419.866120,100.000000,100.000000,0.000000,0.000000,170.168468,63.379638,-3.509785,3,8,2,0.0000,0.0000,0.0000,0.5000,"LeadPursuit",0.230796
292,A0100,adaptive_eagle_v9,DBFM,2140.649357,54.597243,147.291824,137.815616,55.604327,11944.768422,266.796937,15095.952241,-62.796766,-6990.366053,618.356143,7.047587,False,False,True,False,False,True,False,2-circle,1.000000,394.691822,100.000000,100.000000,0.000000,0.000000,169.979126,63.925732,-3.148066,1,6,2,0.0000,0.0000,0.0000,0.5000,"LeadPursuit",-0.097925
292,B0100,L7_close_level_aggressive,DBFM,2140.649357,54.597243,147.291824,137.815616,55.604327,11944.768422,266.796937,15095.952241,-62.796766,-6990.366053,618.356143,7.047587,False,False,True,False,False,True,False,2-circle,1.000000,394.691822,100.000000,100.000000,0.000000,0.000000,169.979126,63.925732,-3.148066,3,8,2,0.0000,0.0000,0.0000,0.5000,"LeadPursuit",0.420810
293,A0100,adaptive_eagle_v9,DBFM,1926.534138,56.977732,146.388364,137.493145,58.064296,11925.397932,266.902276,15079.070596,-84.408225,-6922.585199,601.392190,7.679449,False,False,True,False,False,True,False,2-circle,1.000000,371.463912,100.000000,100.000000,0.000000,0.000000,171.300194,65.818468,-2.789691,1,6,2,0.0000,0.0000,0.0000,0.5000,"LeadPursuit",-0.195203
293,B0100,L7_close_level_aggressive,DBFM,1926.534138,56.977732,146.388364,137.493145,58.064296,11925.397932,266.902276,15079.070596,-84.408225,-6922.585199,601.392190,7.679449,False,False,True,False,False,True,False,2-circle,1.000000,371.463912,100.000000,100.000000,0.000000,0.000000,171.300194,65.818468,-2.789691,3,8,2,0.0000,0.0000,0.0000,0.5000,"LeadPursuit",0.657773
294,A0100,adaptive_eagle_v9,DBFM,1718.942133,60.016318,144.745234,136.965430,61.207178,11906.304752,268.636092,15101.083444,110.064237,-6797.982550,578.028205,8.253983,False,False,True,False,False,True,False,2-circle,1.000000,349.524276,100.000000,100.000000,0.000000,0.000000,172.500266,67.449350,-2.571291,1,7,2,0.0000,0.0000,0.0000,0.5000,"LeadPursuit",-0.221769
294,B0100,L7_close_level_aggressive,DBFM,1718.942133,60.016318,144.745234,136.965430,61.207178,11906.304752,268.636092,15101.083444,110.064237,-6797.982550,578.028205,8.253983,False,False,True,False,False,True,False,2-circle,1.000000,349.524276,100.000000,100.000000,0.000000,0.000000,172.500266,67.449350,-2.571291,3,8,2,0.0000,0.0000,0.0000,0.5000,"LeadPursuit",0.933895
295,A0100,adaptive_eagle_v9,DBFM,1520.617581,64.052917,142.111061,136.155881,65.393676,11887.379746,270.570153,15128.326029,136.212924,-6666.141308,543.496781,8.675062,False,False,True,False,False,True,False,2-circle,1.000000,328.182665,100.000000,100.000000,0.000000,0.000000,173.308728,68.573148,-2.479812,1,7,2,0.0000,0.0000,0.0000,0.5000,"LeadPursuit",-0.033599
295,B0100,L7_close_level_aggressive,DBFM,1520.617581,64.052917,142.111061,136.155881,65.393676,11887.379746,270.570153,15128.326029,136.212924,-6666.141308,543.496781,8.675062,False,False,True,False,False,True,False,2-circle,1.000000,328.182665,100.000000,100.000000,0.000000,0.000000,173.308728,68.573148,-2.479812,3,8,2,0.0000,0.0000,0.0000,0.5000,"LeadPursuit",1.097804
296,A0100,adaptive_eagle_v9,DBFM,1335.543068,69.392561,138.589188,134.826231,70.948023,11868.548833,272.594322,15158.168336,149.211536,-6591.222943,496.275244,8.976119,False,False,True,False,False,True,False,2-circle,1.000000,306.682575,100.000000,100.000000,0.000000,0.000000,173.875614,69.362619,-2.462710,2,7,2,0.0000,0.0000,0.0000,0.5000,"LeadPursuit",0.171252
296,B0100,L7_close_level_aggressive,DBFM,1335.543068,69.392561,138.589188,134.826231,70.948023,11868.548833,272.594322,15158.168336,149.211536,-6591.222943,496.275244,8.976119,False,False,True,False,False,True,False,2-circle,1.000000,306.682575,100.000000,100.000000,0.000000,0.000000,173.875614,69.362619,-2.462710,2,8,2,0.0000,0.0000,0.0000,0.5000,"LeadPursuit",1.431201
297,A0100,adaptive_eagle_v9,DBFM,1169.251740,76.447182,133.823501,133.355239,78.323871,11849.780768,273.090747,15151.392719,-33.878083,-6559.709905,428.432643,9.269575,False,False,True,False,False,True,False,2-circle,1.000000,285.095041,100.000000,100.000000,0.000000,0.000000,174.399527,69.990987,-2.478142,2,8,2,0.0000,0.0000,0.0000,0.5000,"LeadPursuit",0.398066
297,B0100,L7_close_level_aggressive,DBFM,1169.251740,76.447182,133.823501,133.355239,78.323871,11849.780768,273.090747,15151.392719,-33.878083,-6559.709905,428.432643,9.269575,False,False,True,False,False,True,False,2-circle,1.000000,285.095041,100.000000,100.000000,0.000000,0.000000,174.399527,69.990987,-2.478142,2,8,2,0.0000,0.0000,0.0000,0.5000,"LeadPursuit",1.887044
298,A0100,adaptive_eagle_v9,DBFM,1030.696429,85.594065,127.135241,132.134123,87.938278,11831.067467,273.270086,15137.017202,-71.877584,-6548.496888,331.900703,9.543190,False,False,True,False,False,True,False,2-circle,1.000000,264.248805,100.000000,100.000000,0.000000,0.000000,175.010777,70.527532,-2.512269,2,8,2,0.0000,0.0000,0.0000,0.5000,"LeadPursuit",-1.410053
298,B0100,L7_close_level_aggressive,DBFM,1030.696429,85.594065,127.135241,132.134123,87.938278,11831.067467,273.270086,15137.017202,-71.877584,-6548.496888,331.900703,9.543190,False,False,True,False,False,True,False,2-circle,1.000000,264.248805,100.000000,100.000000,0.000000,0.000000,175.010777,70.527532,-2.512269,2,8,2,0.0000,0.0000,0.0000,0.5000,"LeadPursuit",2.302456
299,A0100,adaptive_eagle_v9,DBFM,931.937976,97.066002,118.055535,131.218003,100.062195,11812.387425,273.433330,15122.288098,-73.645521,-6539.946594,199.115142,9.797162,False,False,False,False,False,True,False,2-circle,1.000000,245.224622,100.000000,100.000000,0.000000,0.000000,175.845877,71.001139,-2.573810,2,8,2,0.0000,0.0000,0.0000,0.5000,"LeadPursuit",-1.206177
299,B0100,L7_close_level_aggressive,DBFM,931.937976,97.066002,118.055535,131.218003,100.062195,11812.387425,273.433330,15122.288098,-73.645521,-6539.946594,199.115142,9.797162,False,False,False,False,False,True,False,2-circle,1.000000,245.224622,100.000000,100.000000,0.000000,0.000000,175.845877,71.001139,-2.573810,2,8,2,0.0000,0.0000,0.0000,0.5000,"LeadPursuit",2.625657
300,A0100,adaptive_eagle_v9,DBFM,886.562891,110.416481,106.442411,130.741733,114.229782,11793.718909,273.584463,15107.279511,-75.042935,-6563.263797,30.880412,10.042505,False,False,False,False,False,True,False,2-circle,1.000000,228.888477,100.000000,100.000000,0.000000,0.000000,177.086846,71.437725,-2.658582,2,8,2,0.0000,0.0000,0.0000,0.5000,"LeadPursuit",-0.884426
300,B0100,L7_close_level_aggressive,DBFM,886.562891,110.416481,106.442411,130.741733,114.229782,11793.718909,273.584463,15107.279511,-75.042935,-6563.263797,30.880412,10.042505,False,False,False,False,False,True,False,2-circle,1.000000,228.888477,100.000000,100.000000,0.000000,0.000000,177.086846,71.437725,-2.658582,2,8,2,0.0000,0.0000,0.0000,0.5000,"LeadPursuit",2.601445
301,A0100,adaptive_eagle_v9,DBFM,903.354122,124.179685,94.016273,130.241902,128.857136,11775.040049,273.727639,15092.069757,-76.048770,-6592.257916,-146.367559,10.288825,False,False,False,False,False,True,False,2-circle,1.000000,214.955488,100.000000,100.000000,0.000000,0.000000,178.938225,71.856694,-2.761637,2,8,2,0.0000,0.0000,0.0000,0.5000,"LeadPursuit",-0.587973
301,B0100,L7_close_level_aggressive,DBFM,903.354122,124.179685,94.016273,130.241902,128.857136,11775.040049,273.727639,15092.069757,-76.048770,-6592.257916,-146.367559,10.288825,False,False,False,False,False,True,False,2-circle,1.000000,214.955488,100.000000,100.000000,0.000000,0.000000,178.938225,71.856694,-2.761637,2,8,2,0.0000,0.0000,0.0000,0.5000,"LeadPursuit",1.630767
302,A0100,adaptive_eagle_v9,HABFM,978.604030,136.491630,82.824569,129.530757,141.993398,11756.328430,273.866552,15076.725685,-76.720359,-6609.667279,-298.558452,10.542155,False,False,False,False,False,True,False,2-circle,1.000000,203.146538,100.000000,100.000000,0.000000,0.000000,-178.197756,72.268745,-2.879903,2,8,2,0.0000,0.0000,0.0000,0.5000,"LeadPursuit",-0.375207
302,B0100,L7_close_level_aggressive,HABFM,978.604030,136.491630,82.824569,129.530757,141.993398,11756.328430,273.866552,15076.725685,-76.720359,-6609.667279,-298.558452,10.542155,False,False,False,False,False,True,False,2-circle,1.000000,203.146538,100.000000,100.000000,0.000000,0.000000,-178.197756,72.268745,-2.879903,2,8,2,0.0000,0.0000,0.0000,0.5000,"LeadPursuit",-0.186823
303,A0100,adaptive_eagle_v9,HABFM,1099.595652,146.287079,73.902472,128.635209,152.612030,11737.560860,274.004357,15061.300479,-77.126028,-6620.850508,-410.685696,10.805370,False,False,False,False,False,True,False,2-circle,1.000000,192.953243,100.000000,100.000000,0.000000,0.000000,-173.472017,72.678055,-3.011838,2,8,2,0.0000,0.0000,0.0000,0.5000,"LeadPursuit",-0.227871
303,B0100,L7_close_level_aggressive,HABFM,1099.595652,146.287079,73.902472,128.635209,152.612030,11737.560860,274.004357,15061.300479,-77.126028,-6620.850508,-410.685696,10.805370,False,False,False,False,False,True,False,2-circle,1.000000,192.953243,100.000000,100.000000,0.000000,0.000000,-173.472017,72.678055,-3.011838,2,8,2,0.0000,0.0000,0.0000,0.5000,"LeadPursuit",-0.126477
304,A0100,adaptive_eagle_v9,HABFM,1251.926447,153.490092,67.681270,127.317433,160.734197,11718.713376,274.143620,15045.832450,-77.340146,-6594.184891,-483.044154,11.079443,False,False,False,False,False,True,False,2-circle,1.000000,183.866430,100.000000,100.000000,0.000000,0.000000,-164.645508,73.085309,-3.156760,2,8,2,0.0000,0.0000,0.0000,0.5000,"LeadPursuit",-0.145816
304,B0100,L7_close_level_aggressive,HABFM,1251.926447,153.490092,67.681270,127.317433,160.734197,11718.713376,274.143620,15045.832450,-77.340146,-6594.184891,-483.044154,11.079443,False,False,False,False,False,True,False,2-circle,1.000000,183.866430,100.000000,100.000000,0.000000,0.000000,-164.645508,73.085309,-3.156760,2,8,2,0.0000,0.0000,0.0000,0.5000,"LeadPursuit",-0.085045
305,A0100,adaptive_eagle_v9,HABFM,1423.675140,158.489468,63.419243,126.017416,166.851410,11699.761427,274.286359,15030.346096,-77.431768,-6551.158862,-528.537664,11.364501,False,False,False,False,False,True,False,2-circle,1.000000,176.359199,100.000000,100.000000,0.000000,0.000000,-144.307912,73.489812,-3.314380,2,8,2,0.0000,0.0000,0.0000,0.5000,"LeadPursuit",-0.107199
305,B0100,L7_close_level_aggressive,HABFM,1423.675140,158.489468,63.419243,126.017416,166.851410,11699.761427,274.286359,15030.346096,-77.431768,-6551.158862,-528.537664,11.364501,False,False,False,False,False,True,False,2-circle,1.000000,176.359199,100.000000,100.000000,0.000000,0.000000,-144.307912,73.489812,-3.314380,2,8,2,0.0000,0.0000,0.0000,0.5000,"LeadPursuit",-0.055642
306,A0100,adaptive_eagle_v9,HABFM,1608.323271,161.750706,60.070179,125.197288,171.467506,11680.680086,274.434151,15014.854899,-77.455990,-6544.873825,-560.888894,11.660417,False,False,False,False,False,True,False,2-circle,1.000000,171.117783,100.000000,100.000000,0.000000,0.000000,-97.462929,73.890574,-3.484552,2,8,2,0.0000,0.0000,0.0000,0.5000,"LeadPursuit",-0.072926
306,B0100,L7_close_level_aggressive,HABFM,1608.323271,161.750706,60.070179,125.197288,171.467506,11680.680086,274.434151,15014.854899,-77.455990,-6544.873825,-560.888894,11.660417,False,False,False,False,False,True,False,2-circle,1.000000,171.117783,100.000000,100.000000,0.000000,0.000000,-97.462929,73.890574,-3.484552,2,8,2,0.0000,0.0000,0.0000,0.5000,"LeadPursuit",-0.032293
307,A0100,adaptive_eagle_v9,HABFM,1802.177786,163.727437,57.668926,124.404988,174.967887,11661.444254,274.588250,14999.364504,-77.451971,-6550.168994,-582.526297,11.967075,False,False,False,False,False,True,False,2-circle,1.000000,167.785535,100.000000,100.000000,0.000000,0.000000,-56.219982,74.286725,-3.667162,2,8,2,0.0000,0.0000,0.0000,0.5000,"LeadPursuit",-0.044728
307,B0100,L7_close_level_aggressive,HABFM,1802.177786,163.727437,57.668926,124.404988,174.967887,11661.444254,274.588250,14999.364504,-77.451971,-6550.168994,-582.526297,11.967075,False,False,False,False,False,True,False,2-circle,1.000000,167.785535,100.000000,100.000000,0.000000,0.000000,-56.219982,74.286725,-3.667162,2,8,2,0.0000,0.0000,0.0000,0.5000,"LeadPursuit",-0.012605
308,A0100,adaptive_eagle_v9,HABFM,2001.750006,164.819468,56.159818,123.433318,177.645849,11642.028799,274.749701,14983.875441,-77.445315,-6548.026530,-595.463218,12.284454,False,False,False,False,False,True,False,2-circle,1.000000,165.868236,100.000000,100.000000,0.000000,0.000000,-39.239163,74.677606,-3.862087,2,8,2,0.0000,0.0000,0.0000,0.5000,"LeadPursuit",-0.016889
308,B0100,L7_close_level_aggressive,HABFM,2001.750006,164.819468,56.159818,123.433318,177.645849,11642.028799,274.749701,14983.875441,-77.445315,-6548.026530,-595.463218,12.284454,False,False,False,False,False,True,False,2-circle,1.000000,165.868236,100.000000,100.000000,0.000000,0.000000,-39.239163,74.677606,-3.862087,2,8,2,0.0000,0.0000,0.0000,0.5000,"LeadPursuit",0.001402
309,A0100,adaptive_eagle_v9,HABFM,2204.238193,165.347042,55.664647,122.020851,179.715716,11622.408662,274.919414,14968.385081,-77.451801,-6507.168429,-599.470076,12.612622,False,False,False,False,False,True,False,2-circle,1.000000,164.828634,100.000000,100.000000,0.000000,0.000000,-31.380732,75.062746,-4.069183,2,8,2,0.0000,0.0000,0.0000,0.5000,"LeadPursuit",-0.004444
309,B0100,L7_close_level_aggressive,HABFM,2204.238193,165.347042,55.664647,122.020851,179.715716,11622.408662,274.919414,14968.385081,-77.451801,-6507.168429,-599.470076,12.612622,False,False,False,False,False,True,False,2-circle,1.000000,164.828634,100.000000,100.000000,0.000000,0.000000,-31.380732,75.062746,-4.069183,2,8,2,0.0000,0.0000,0.0000,0.5000,"LeadPursuit",0.004773
310,A0100,adaptive_eagle_v9,HABFM,2407.319329,165.721126,55.667795,121.125963,-179.159345,11602.612898,276.228762,14980.536727,60.758230,-6412.621710,-600.678244,10.192698,False,False,False,False,False,True,False,2-circle,-1.000000,165.021763,100.000000,100.000000,0.000000,0.000000,-30.605907,71.805557,-4.163115,2,8,2,0.0000,0.0000,0.0000,0.5000,"LeadPursuit",-0.008895
310,B0100,L7_close_level_aggressive,HABFM,2407.319329,165.721126,55.667795,121.125963,-179.159345,11602.612898,276.228762,14980.536727,60.758230,-6412.621710,-600.678244,10.192698,False,False,False,False,False,True,False,2-circle,-1.000000,165.021763,100.000000,100.000000,0.000000,0.000000,-30.605907,71.805557,-4.163115,2,0,2,0.0000,0.0000,0.0000,0.5000,"LeadPursuit",-0.003273
311,A0100,adaptive_eagle_v9,HABFM,2610.958659,166.524045,55.472464,121.503138,-179.037287,11583.254098,276.776437,14974.585923,-29.754018,-6381.756990,-603.544443,6.359025,False,False,False,False,False,True,False,2-circle,-1.000000,166.513324,100.000000,100.000000,0.000000,0.000000,-37.696294,62.257722,-3.918866,2,8,2,0.0000,0.0000,0.0000,0.5000,"LeadPursuit",-0.004698
311,B0100,L7_close_level_aggressive,HABFM,2610.958659,166.524045,55.472464,121.503138,-179.037287,11583.254098,276.776437,14974.585923,-29.754018,-6381.756990,-603.544443,6.359025,False,False,False,False,False,True,False,2-circle,-1.000000,166.513324,100.000000,100.000000,0.000000,0.000000,-37.696294,62.257722,-3.918866,2,0,2,0.0000,0.0000,0.0000,0.5000,"LeadPursuit",-0.013718
312,A0100,adaptive_eagle_v9,HABFM,2815.591652,168.040398,55.399849,122.197698,-179.277916,11565.609403,276.884036,14959.578557,-75.036830,-6380.044453,-606.020275,3.927431,False,False,False,False,False,True,False,2-circle,-1.000000,167.687080,100.000000,100.000000,0.000000,0.000000,-48.670696,49.586148,-3.083001,2,8,2,0.0000,0.0000,0.0000,0.5000,"LeadPursuit",0.003719
312,B0100,L7_close_level_aggressive,HABFM,2815.591652,168.040398,55.399849,122.197698,-179.277916,11565.609403,276.884036,14959.578557,-75.036830,-6380.044453,-606.020275,3.927431,False,False,False,False,False,True,False,2-circle,-1.000000,167.687080,100.000000,100.000000,0.000000,0.000000,-48.670696,49.586148,-3.083001,2,0,2,0.0000,0.0000,0.0000,0.5000,"LeadPursuit",-0.017919
313,A0100,adaptive_eagle_v9,HABFM,3020.587740,169.966900,55.628123,122.129331,-179.036958,11550.819394,277.212571,14952.847512,-33.655224,-6367.476111,-606.705450,2.475155,False,False,False,False,False,True,False,2-circle,-1.000000,166.866407,100.000000,100.000000,0.000000,0.000000,-60.416630,36.532736,-1.578828,2,2,4,0.0000,0.0000,0.0000,0.5000,"ExtensionBreak",0.018117
313,B0100,L7_close_level_aggressive,HABFM,3020.587740,169.966900,55.628123,122.129331,-179.036958,11550.819394,277.212571,14952.847512,-33.655224,-6367.476111,-606.705450,2.475155,False,False,False,False,False,True,False,2-circle,-1.000000,166.866407,100.000000,100.000000,0.000000,0.000000,-60.416630,36.532736,-1.578828,2,0,0,0.0000,0.0000,0.0000,0.5000,"Pursue",-0.015969
314,A0100,adaptive_eagle_v9,HABFM,3224.990428,172.148754,56.415886,121.015839,-178.307381,11539.606610,277.626772,14951.808708,-5.194021,-6322.561201,-602.853865,1.471729,False,False,False,False,False,True,False,2-circle,-1.000000,162.723702,100.000000,100.000000,0.000000,0.000000,-72.051425,23.801291,0.864441,2,2,4,0.0000,0.0000,0.0000,0.5000,"ExtensionBreak",0.034384
314,B0100,L7_close_level_aggressive,HABFM,3224.990428,172.148754,56.415886,121.015839,-178.307381,11539.606610,277.626772,14951.808708,-5.194021,-6322.561201,-602.853865,1.471729,False,False,False,False,False,True,False,2-circle,-1.000000,162.723702,100.000000,100.000000,0.000000,0.000000,-72.051425,23.801291,0.864441,2,0,0,0.0000,0.0000,0.0000,0.5000,"Pursue",0.004575
315,A0100,adaptive_eagle_v9,HABFM,3426.716472,174.182637,57.885678,118.775456,-177.105713,11532.597183,277.995553,14953.870390,10.308411,-6220.651137,-592.602021,0.689970,False,False,False,False,False,True,False,2-circle,-1.000000,155.225507,100.000000,100.000000,0.000000,0.000000,-83.207769,11.696851,4.155247,1,8,4,0.0000,0.0000,0.0000,0.5000,"SmartHighYoYo",0.019565
315,B0100,L7_close_level_aggressive,HABFM,3426.716472,174.182637,57.885678,118.775456,-177.105713,11532.597183,277.995553,14953.870390,10.308411,-6220.651137,-592.602021,0.689970,False,False,False,False,False,True,False,2-circle,-1.000000,155.225507,100.000000,100.000000,0.000000,0.000000,-83.207769,11.696851,4.155247,2,0,0,0.0000,0.0000,0.0000,0.5000,"Pursue",0.028869
316,A0100,adaptive_eagle_v9,HABFM,3625.155566,174.905345,58.804854,116.512448,-175.432437,11530.255709,278.220265,14957.062184,15.958970,-6158.242935,-585.642299,0.021617,False,False,False,False,False,True,False,2-circle,-1.000000,146.010959,100.000000,100.000000,0.000000,0.000000,-93.738935,0.371916,7.657819,1,8,4,0.0000,0.0000,0.0000,0.5000,"SmartHighYoYo",0.002831
316,B0100,L7_close_level_aggressive,HABFM,3625.155566,174.905345,58.804854,116.512448,-175.432437,11530.255709,278.220265,14957.062184,15.958970,-6158.242935,-585.642299,0.021617,False,False,False,False,False,True,False,2-circle,-1.000000,146.010959,100.000000,100.000000,0.000000,0.000000,-93.738935,0.371916,7.657819,2,0,0,0.0000,0.0000,0.0000,0.5000,"Pursue",0.039647
317,A0100,adaptive_eagle_v9,HABFM,3822.091336,173.298477,59.042175,114.295420,-173.317532,11532.816256,278.273138,14960.925305,19.315605,-6170.906542,-583.045382,0.599697,False,False,False,False,False,True,False,2-circle,-1.000000,135.440205,100.000000,100.000000,0.000000,0.000000,-103.649031,-10.210736,11.050138,1,8,4,0.0000,0.0000,0.0000,0.5000,"SmartHighYoYo",0.008697
317,B0100,L7_close_level_aggressive,HABFM,3822.091336,173.298477,59.042175,114.295420,-173.317532,11532.816256,278.273138,14960.925305,19.315605,-6170.906542,-583.045382,0.599697,False,False,False,False,False,True,False,2-circle,-1.000000,135.440205,100.000000,100.000000,0.000000,0.000000,-103.649031,-10.210736,11.050138,2,0,0,0.0000,0.0000,0.0000,0.5000,"Pursue",0.045909
318,A0100,adaptive_eagle_v9,HABFM,4017.773738,170.219303,59.471109,111.320719,-170.793005,11540.273301,278.154265,14965.454135,22.644146,-6193.584631,-577.285638,1.226916,False,False,False,False,False,True,False,2-circle,-1.000000,123.068695,100.000000,100.000000,0.000000,0.000000,-113.069249,-20.223610,14.155306,1,8,4,0.0000,0.0000,0.0000,0.5000,"SmartHighYoYo",0.019757
318,B0100,L7_close_level_aggressive,HABFM,4017.773738,170.219303,59.471109,111.320719,-170.793005,11540.273301,278.154265,14965.454135,22.644146,-6193.584631,-577.285638,1.226916,False,False,False,False,False,True,False,2-circle,-1.000000,123.068695,100.000000,100.000000,0.000000,0.000000,-113.069249,-20.223610,14.155306,2,0,0,0.0000,0.0000,0.0000,0.5000,"Pursue",0.050789
319,A0100,adaptive_eagle_v9,HABFM,4210.633409,166.534883,60.283798,107.483226,-167.891648,11552.412012,277.875936,14970.741610,26.437379,-6205.344297,-566.533900,1.915214,False,False,False,False,False,True,False,2-circle,-1.000000,109.046509,100.000000,100.000000,0.000000,0.000000,-122.199038,-29.881886,16.863601,1,8,4,0.0000,0.0000,0.0000,0.5000,"SmartHighYoYo",0.028808
319,B0100,L7_close_level_aggressive,HABFM,4210.633409,166.534883,60.283798,107.483226,-167.891648,11552.412012,277.875936,14970.741610,26.437379,-6205.344297,-566.533900,1.915214,False,False,False,False,False,True,False,2-circle,-1.000000,109.046509,100.000000,100.000000,0.000000,0.000000,-122.199038,-29.881886,16.863601,2,0,0,0.0000,0.0000,0.0000,0.5000,"Pursue",0.054553
320,A0100,adaptive_eagle_v9,HABFM,4398.870737,162.608933,61.390205,102.984566,-164.647516,11568.754999,275.874571,14938.021778,-163.599161,-6266.056904,-549.788605,2.750816,False,False,False,False,False,True,False,2-circle,-1.000000,93.487240,100.000000,100.000000,0.000000,0.000000,-131.180986,-39.340701,19.126210,1,8,4,0.0000,0.0000,0.0000,0.5000,"SmartHighYoYo",0.036287
320,B0100,L7_close_level_aggressive,HABFM,4398.870737,162.608933,61.390205,102.984566,-164.647516,11568.754999,275.874571,14938.021778,-163.599161,-6266.056904,-549.788605,2.750816,False,False,False,False,False,True,False,2-circle,-1.000000,93.487240,100.000000,100.000000,0.000000,0.000000,-131.180986,-39.340701,19.126210,2,0,0,0.0000,0.0000,0.0000,0.5000,"Pursue",0.058201
321,A0100,adaptive_eagle_v9,HABFM,4580.798920,158.571120,62.721568,98.010028,-161.108718,11588.612266,273.547576,14901.279399,-183.711893,-6334.710296,-529.260662,3.842105,False,False,False,False,False,True,False,2-circle,-1.000000,76.487283,100.000000,100.000000,0.000000,0.000000,-140.041196,-48.636255,20.877125,4,8,3,0.0000,0.0000,0.0000,0.5000,"SmartHighYoYo",0.042522
321,B0100,L7_close_level_aggressive,HABFM,4580.798920,158.571120,62.721568,98.010028,-161.108718,11588.612266,273.547576,14901.279399,-183.711893,-6334.710296,-529.260662,3.842105,False,False,False,False,False,True,False,2-circle,-1.000000,76.487283,100.000000,100.000000,0.000000,0.000000,-140.041196,-48.636255,20.877125,2,0,0,0.0000,0.0000,0.0000,0.5000,"Pursue",0.061549
322,A0100,adaptive_eagle_v9,HABFM,4755.328096,154.494067,64.225136,92.711804,-157.325555,11611.309703,271.156144,14866.309444,-174.849776,-6405.892768,-505.769808,5.403838,False,False,False,False,False,True,False,2-circle,-1.000000,57.983395,100.000000,100.000000,0.000000,0.000000,-148.739093,-57.738775,22.037067,1,8,4,0.0000,0.0000,0.0000,0.5000,"SmartHighYoYo",0.047623
322,B0100,L7_close_level_aggressive,HABFM,4755.328096,154.494067,64.225136,92.711804,-157.325555,11611.309703,271.156144,14866.309444,-174.849776,-6405.892768,-505.769808,5.403838,False,False,False,False,False,True,False,2-circle,-1.000000,57.983395,100.000000,100.000000,0.000000,0.000000,-148.739093,-57.738775,22.037067,2,0,0,0.0000,0.0000,0.0000,0.5000,"Pursue",0.064570
323,A0100,adaptive_eagle_v9,UNKNOWN,4921.566432,150.427977,65.855649,87.220043,-153.356643,11636.117016,268.730775,14833.148161,-165.806418,-6480.217666,-479.861423,7.948920,False,False,False,False,False,True,False,1-circle,-1.000000,37.876261,100.000000,100.000000,0.000000,0.000000,-157.216367,-66.599031,22.568467,1,8,4,0.0000,0.0000,0.0000,0.5000,"SmartHighYoYo",0.051615
323,B0100,L7_close_level_aggressive,UNKNOWN,4921.566432,150.427977,65.855649,87.220043,-153.356643,11636.117016,268.730775,14833.148161,-165.806418,-6480.217666,-479.861423,7.948920,False,False,False,False,False,True,False,1-circle,-1.000000,37.876261,100.000000,100.000000,0.000000,0.000000,-157.216367,-66.599031,22.568467,2,0,0,0.0000,0.0000,0.0000,0.5000,"Pursue",0.067345
324,A0100,adaptive_eagle_v9,UNKNOWN,5078.807210,146.406574,67.572756,81.639943,-149.261297,11662.273855,266.301052,14801.754582,-156.967896,-6558.360166,-452.074412,13.110930,False,False,False,False,False,True,False,1-circle,-1.000000,16.036815,100.000000,100.000000,0.000000,0.000000,-165.426454,-75.178196,22.441913,1,8,4,0.0000,0.0000,0.0000,0.5000,"SmartHighYoYo",0.067567
324,B0100,L7_close_level_aggressive,UNKNOWN,5078.807210,146.406574,67.572756,81.639943,-149.261297,11662.273855,266.301052,14801.754582,-156.967896,-6558.360166,-452.074412,13.110930,False,False,False,False,False,True,False,1-circle,-1.000000,16.036815,100.000000,100.000000,0.000000,0.000000,-165.426454,-75.178196,22.441913,2,0,0,0.0000,0.0000,0.0000,0.5000,"Pursue",0.070248
325,A0100,adaptive_eagle_v9,UNKNOWN,5226.110212,142.437887,69.759037,75.618873,-145.081921,11689.009294,263.873443,14771.511717,-151.214321,-6605.097202,-419.165101,30.988730,False,False,False,False,False,False,False,1-circle,-1.000000,-7.662280,100.000000,100.000000,0.000000,0.000000,-173.444117,-83.557332,21.689738,1,8,4,0.0000,0.0000,0.0000,0.5000,"SmartHighYoYo",0.077871
325,B0100,L7_close_level_aggressive,UNKNOWN,5226.110212,142.437887,69.759037,75.618873,-145.081921,11689.009294,263.873443,14771.511717,-151.214321,-6605.097202,-419.165101,30.988730,False,False,False,False,False,False,False,1-circle,-1.000000,-7.662280,100.000000,100.000000,0.000000,0.000000,-173.444117,-83.557332,21.689738,2,0,0,0.0000,0.0000,0.0000,0.5000,"Pursue",0.073089
326,A0100,adaptive_eagle_v9,UNKNOWN,5361.660599,138.545170,72.191244,69.297182,-140.875910,11715.545690,261.386362,14740.215040,-156.483385,-6640.195152,-383.224507,202.267085,False,False,False,False,False,False,False,1-circle,-1.000000,-32.610679,100.000000,100.000000,0.000000,0.000000,178.672535,-91.789537,20.350234,1,8,4,0.0000,0.0000,0.0000,0.5000,"SmartHighYoYo",0.080125
326,B0100,L7_close_level_aggressive,UNKNOWN,5361.660599,138.545170,72.191244,69.297182,-140.875910,11715.545690,261.386362,14740.215040,-156.483385,-6640.195152,-383.224507,202.267085,False,False,False,False,False,False,False,1-circle,-1.000000,-32.610679,100.000000,100.000000,0.000000,0.000000,178.672535,-91.789537,20.350234,2,0,0,0.0000,0.0000,0.0000,0.5000,"Pursue",0.075709
327,A0100,adaptive_eagle_v9,UNKNOWN,5485.159430,134.761671,74.590945,62.915193,-136.712610,11741.103271,258.956674,14709.803010,-152.060152,-6680.497051,-347.084197,204.051800,False,False,False,False,False,False,False,1-circle,-1.000000,-57.239689,100.000000,100.000000,0.000000,0.000000,170.934370,-99.846775,18.480874,1,8,4,0.0000,0.0000,0.0000,0.5000,"SmartHighYoYo",0.069388
327,B0100,L7_close_level_aggressive,UNKNOWN,5485.159430,134.761671,74.590945,62.915193,-136.712610,11741.103271,258.956674,14709.803010,-152.060152,-6680.497051,-347.084197,204.051800,False,False,False,False,False,False,False,1-circle,-1.000000,-57.239689,100.000000,100.000000,0.000000,0.000000,170.934370,-99.846775,18.480874,2,0,0,0.0000,0.0000,0.0000,0.5000,"Pursue",0.077837
328,A0100,adaptive_eagle_v9,UNKNOWN,5596.947646,131.123791,76.585789,56.915504,-132.665495,11764.926653,256.626090,14680.430852,-146.860788,-6753.449813,-314.372383,205.797692,False,False,False,False,False,False,False,1-circle,-1.000000,-79.924938,100.000000,100.000000,0.000000,0.000000,163.325021,-107.729601,16.159395,1,8,4,0.0000,0.0000,0.0000,0.5000,"SmartHighYoYo",0.068981
328,B0100,L7_close_level_aggressive,UNKNOWN,5596.947646,131.123791,76.585789,56.915504,-132.665495,11764.926653,256.626090,14680.430852,-146.860788,-6753.449813,-314.372383,205.797692,False,False,False,False,False,False,False,1-circle,-1.000000,-79.924938,100.000000,100.000000,0.000000,0.000000,163.325021,-107.729601,16.159395,2,0,0,0.0000,0.0000,0.0000,0.5000,"Pursue",0.070998
329,A0100,adaptive_eagle_v9,UNKNOWN,5698.300068,128.001262,78.504109,51.510731,-129.185626,11786.380586,254.854634,14661.773036,-93.289082,-6821.212247,-284.244961,207.135862,False,False,False,False,False,False,False,1-circle,-1.000000,-100.161896,100.000000,100.000000,0.000000,0.000000,160.572756,-110.709420,13.669349,1,8,4,0.0000,0.0000,0.0000,0.5000,"SmartHighYoYo",0.075325
329,B0100,L7_close_level_aggressive,UNKNOWN,5698.300068,128.001262,78.504109,51.510731,-129.185626,11786.380586,254.854634,14661.773036,-93.289082,-6821.212247,-284.244961,207.135862,False,False,False,False,False,False,False,1-circle,-1.000000,-100.161896,100.000000,100.000000,0.000000,0.000000,160.572756,-110.709420,13.669349,2,0,0,0.0000,0.0000,0.0000,0.5000,"Pursue",0.059491
330,A0100,adaptive_eagle_v9,UNKNOWN,5789.822297,125.501051,80.534338,46.789756,-126.454661,11805.583338,253.944164,14660.467759,-6.526386,-6856.947124,-255.908106,207.805659,False,False,False,False,False,False,False,1-circle,-1.000000,-118.593547,100.000000,100.000000,0.000000,0.000000,166.409431,-105.067621,11.483786,4,8,3,0.0000,0.0000,0.0000,0.5000,"SmartHighYoYo",0.096045
330,B0100,L7_close_level_aggressive,UNKNOWN,5789.822297,125.501051,80.534338,46.789756,-126.454661,11805.583338,253.944164,14660.467759,-6.526386,-6856.947124,-255.908106,207.805659,False,False,False,False,False,False,False,1-circle,-1.000000,-118.593547,100.000000,100.000000,0.000000,0.000000,166.409431,-105.067621,11.483786,2,0,0,0.0000,0.0000,0.0000,0.5000,"Pursue",0.060081
331,A0100,adaptive_eagle_v9,UNKNOWN,5871.469887,123.075456,83.024184,41.815523,-123.864332,11823.003868,253.184555,14660.834514,1.833778,-6852.423286,-223.620324,208.363824,False,False,False,False,False,False,False,1-circle,-1.000000,-136.324093,100.000000,100.000000,0.000000,0.000000,174.819239,-96.837127,9.916528,1,8,4,0.0000,0.0000,0.0000,0.5000,"SmartHighYoYo",0.108093
331,B0100,L7_close_level_aggressive,UNKNOWN,5871.469887,123.075456,83.024184,41.815523,-123.864332,11823.003868,253.184555,14660.834514,1.833778,-6852.423286,-223.620324,208.363824,False,False,False,False,False,False,False,1-circle,-1.000000,-136.324093,100.000000,100.000000,0.000000,0.000000,174.819239,-96.837127,9.916528,2,0,0,0.0000,0.0000,0.0000,0.5000,"Pursue",0.065925
332,A0100,adaptive_eagle_v9,UNKNOWN,5941.553805,120.517472,85.682727,36.557981,-121.185377,11838.910760,252.308142,14657.128794,-18.528604,-6837.492125,-188.936722,195.610558,False,False,False,False,False,False,False,1-circle,-1.000000,-153.485621,100.000000,100.000000,0.000000,0.000000,-177.106998,-88.931438,9.126591,1,8,4,0.0000,0.0000,0.0000,0.5000,"SmartHighYoYo",0.109621
332,B0100,L7_close_level_aggressive,UNKNOWN,5941.553805,120.517472,85.682727,36.557981,-121.185377,11838.910760,252.308142,14657.128794,-18.528604,-6837.492125,-188.936722,195.610558,False,False,False,False,False,False,False,1-circle,-1.000000,-153.485621,100.000000,100.000000,0.000000,0.000000,-177.106998,-88.931438,9.126591,2,0,0,0.0000,0.0000,0.0000,0.5000,"Pursue",0.080594
333,A0100,adaptive_eagle_v9,UNKNOWN,5999.837942,117.521981,88.225253,30.970749,-118.102932,11853.654716,250.999497,14642.714092,-72.073511,-6842.270425,-152.808852,45.617348,False,False,False,False,False,False,False,1-circle,-1.000000,-169.492905,100.000000,100.000000,0.000000,0.000000,-173.428374,-85.404821,8.874422,1,8,4,0.0000,0.0000,0.0000,0.5000,"SmartHighYoYo",0.094699
333,B0100,L7_close_level_aggressive,UNKNOWN,5999.837942,117.521981,88.225253,30.970749,-118.102932,11853.654716,250.999497,14642.714092,-72.073511,-6842.270425,-152.808852,45.617348,False,False,False,False,False,False,False,1-circle,-1.000000,-169.492905,100.000000,100.000000,0.000000,0.000000,-173.428374,-85.404821,8.874422,2,0,0,0.0000,0.0000,0.0000,0.5000,"Pursue",0.042500
334,A0100,adaptive_eagle_v9,DBFM,6045.672246,113.718911,90.308803,25.041729,-114.217725,11867.493892,248.888423,14609.834849,-164.396211,-6906.824485,-116.226421,211.755336,False,False,False,False,False,False,False,1-circle,-1.000000,-183.692561,100.000000,100.000000,0.000000,0.000000,-177.326198,-89.433363,8.721088,1,7,4,0.0000,0.0000,0.0000,0.5000,"SmartHighYoYo",0.095758
334,B0100,L7_close_level_aggressive,DBFM,6045.672246,113.718911,90.308803,25.041729,-114.217725,11867.493892,248.888423,14609.834849,-164.396211,-6906.824485,-116.226421,211.755336,False,False,False,False,False,False,False,1-circle,-1.000000,-183.692561,100.000000,100.000000,0.000000,0.000000,-177.326198,-89.433363,8.721088,2,0,0,0.0000,0.0000,0.0000,0.5000,"Pursue",-0.308293
335,A0100,adaptive_eagle_v9,DBFM,6079.019525,109.660200,92.332139,18.911164,-110.062463,11880.216527,246.571473,14571.737179,-190.488352,-6986.722247,-78.625784,213.669593,False,False,False,False,False,False,False,1-circle,-1.000000,-196.015865,100.000000,100.000000,0.000000,0.000000,174.980921,-97.236881,8.269959,1,7,4,0.0000,0.0000,0.0000,0.5000,"SmartHighYoYo",0.105969
335,B0100,L7_close_level_aggressive,DBFM,6079.019525,109.660200,92.332139,18.911164,-110.062463,11880.216527,246.571473,14571.737179,-190.488352,-6986.722247,-78.625784,213.669593,False,False,False,False,False,False,False,1-circle,-1.000000,-196.015865,100.000000,100.000000,0.000000,0.000000,174.980921,-97.236881,8.269959,2,0,0,0.0000,0.0000,0.0000,0.5000,"Pursue",-0.346330
336,A0100,adaptive_eagle_v9,DBFM,6099.861334,106.255493,94.485900,13.295349,-106.562825,11891.249074,244.980182,14548.141459,-117.978601,-7036.401065,-43.231729,214.998021,False,False,False,False,False,False,False,1-circle,-1.000000,-206.281656,100.000000,100.000000,0.000000,0.000000,170.709533,-101.598412,7.411428,1,7,4,0.0000,0.0000,0.0000,0.5000,"SmartHighYoYo",0.113849
336,B0100,L7_close_level_aggressive,DBFM,6099.861334,106.255493,94.485900,13.295349,-106.562825,11891.249074,244.980182,14548.141459,-117.978601,-7036.401065,-43.231729,214.998021,False,False,False,False,False,False,False,1-circle,-1.000000,-206.281656,100.000000,100.000000,0.000000,0.000000,170.709533,-101.598412,7.411428,2,0,0,0.0000,0.0000,0.0000,0.5000,"Pursue",-0.381856
337,A0100,adaptive_eagle_v9,DBFM,6109.383957,103.698611,96.708763,8.716854,-103.940614,11900.510722,244.329927,14543.317350,-24.120544,-7055.266534,-11.664081,215.530552,False,False,False,False,False,False,False,1-circle,-1.000000,-214.992785,100.000000,100.000000,0.000000,0.000000,175.138725,-97.245293,6.370043,1,7,4,0.0000,0.0000,0.0000,0.5000,"SmartHighYoYo",0.120044
337,B0100,L7_close_level_aggressive,DBFM,6109.383957,103.698611,96.708763,8.716854,-103.940614,11900.510722,244.329927,14543.317350,-24.120544,-7055.266534,-11.664081,215.530552,False,False,False,False,False,False,False,1-circle,-1.000000,-214.992785,100.000000,100.000000,0.000000,0.000000,175.138725,-97.245293,6.370043,2,0,0,0.0000,0.0000,0.0000,0.5000,"Pursue",-0.392134
338,A0100,adaptive_eagle_v9,DBFM,6108.594476,101.431796,98.959415,5.279852,-101.627963,11908.328140,244.001071,14544.025387,3.540183,-7065.728755,18.606503,215.790846,False,False,False,False,False,False,False,1-circle,-1.000000,-223.139623,100.000000,100.000000,0.000000,0.000000,-177.236211,-89.693615,5.533493,1,7,4,0.0000,0.0000,0.0000,0.5000,"SmartHighYoYo",0.149741
338,B0100,L7_close_level_aggressive,DBFM,6108.594476,101.431796,98.959415,5.279852,-101.627963,11908.328140,244.001071,14544.025387,3.540183,-7065.728755,18.606503,215.790846,False,False,False,False,False,False,False,1-circle,-1.000000,-223.139623,100.000000,100.000000,0.000000,0.000000,-177.236211,-89.693615,5.533493,2,0,0,0.0000,0.0000,0.0000,0.5000,"Pursue",-0.456004
339,A0100,adaptive_eagle_v9,DBFM,6096.831262,98.592864,101.628699,5.409035,-98.756732,11914.987355,243.105945,14531.381794,-63.217961,-7061.355592,55.114202,43.016796,False,False,False,False,False,False,False,1-circle,-1.000000,-231.693290,100.000000,100.000000,0.000000,0.000000,-172.438723,-84.978300,5.096719,4,7,3,0.0000,0.0000,0.0000,0.5000,"SmartHighYoYo",0.171329
339,B0100,L7_close_level_aggressive,DBFM,6096.831262,98.592864,101.628699,5.409035,-98.756732,11914.987355,243.105945,14531.381794,-63.217961,-7061.355592,55.114202,43.016796,False,False,False,False,False,False,False,1-circle,-1.000000,-231.693290,100.000000,100.000000,0.000000,0.000000,-172.438723,-84.978300,5.096719,2,0,0,0.0000,0.0000,0.0000,0.5000,"Pursue",-0.463178
340,A0100,adaptive_eagle_v9,DBFM,6071.618893,94.934476,104.479267,10.406940,-95.072802,11920.773545,241.416884,14500.937695,-152.220496,-7067.582366,96.924759,76.520732,False,False,False,False,False,False,False,1-circle,-1.000000,-240.908001,100.000000,100.000000,0.000000,0.000000,-174.517947,-87.152884,4.839070,1,7,4,0.0000,0.0000,0.0000,0.5000,"SmartHighYoYo",0.178396
340,B0100,L7_close_level_aggressive,DBFM,6071.618893,94.934476,104.479267,10.406940,-95.072802,11920.773545,241.416884,14500.937695,-152.220496,-7067.582366,96.924759,76.520732,False,False,False,False,False,False,False,1-circle,-1.000000,-240.908001,100.000000,100.000000,0.000000,0.000000,-174.517947,-87.152884,4.839070,2,0,0,0.0000,0.0000,0.0000,0.5000,"Pursue",-0.430203
341,A0100,adaptive_eagle_v9,DBFM,6032.161195,91.021884,107.227487,16.527769,-91.128947,11925.631742,239.536057,14465.749491,-175.941020,-7086.568854,138.662181,219.688010,False,False,False,False,False,False,False,1-circle,-1.000000,-249.807163,100.000000,100.000000,0.000000,0.000000,179.443944,-93.289869,4.427046,1,7,4,0.0000,0.0000,0.0000,0.5000,"SmartHighYoYo",-0.297477
341,B0100,L7_close_level_aggressive,DBFM,6032.161195,91.021884,107.227487,16.527769,-91.128947,11925.631742,239.536057,14465.749491,-175.941020,-7086.568854,138.662181,219.688010,False,False,False,False,False,False,False,1-circle,-1.000000,-249.807163,100.000000,100.000000,0.000000,0.000000,179.443944,-93.289869,4.427046,2,0,0,0.0000,0.0000,0.0000,0.5000,"Pursue",-0.349773
342,A0100,adaptive_eagle_v9,DBFM,5979.506843,87.711849,109.505448,21.879819,-87.778961,11929.125451,238.313470,14443.379965,-111.847634,-7121.739332,173.309652,220.784837,False,False,True,False,False,False,False,1-circle,-1.000000,-257.016782,100.000000,100.000000,0.000000,0.000000,176.108596,-96.712826,3.746904,1,7,4,0.0000,0.0000,0.0000,0.5000,"SmartHighYoYo",-0.378183
342,B0100,L7_close_level_aggressive,DBFM,5979.506843,87.711849,109.505448,21.879819,-87.778961,11929.125451,238.313470,14443.379965,-111.847634,-7121.739332,173.309652,220.784837,False,False,True,False,False,False,False,1-circle,-1.000000,-257.016782,100.000000,100.000000,0.000000,0.000000,176.108596,-96.712826,3.746904,2,0,0,0.0000,0.0000,0.0000,0.5000,"Pursue",-0.363065
343,A0100,adaptive_eagle_v9,DBFM,5916.180773,85.247656,111.685600,26.452466,-85.278797,11931.143058,237.976733,14438.297319,-25.413226,-7142.150075,202.767908,221.085428,False,False,True,False,False,False,False,1-circle,-1.000000,-262.504677,100.000000,100.000000,0.000000,0.000000,-179.344471,-92.241159,2.972420,1,7,4,0.0000,0.0000,0.0000,0.5000,"SmartHighYoYo",-0.291552
343,B0100,L7_close_level_aggressive,DBFM,5916.180773,85.247656,111.685600,26.452466,-85.278797,11931.143058,237.976733,14438.297319,-25.413226,-7142.150075,202.767908,221.085428,False,False,True,False,False,False,False,1-circle,-1.000000,-262.504677,100.000000,100.000000,0.000000,0.000000,-179.344471,-92.241159,2.972420,2,0,0,0.0000,0.0000,0.0000,0.5000,"Pursue",-0.399369
344,A0100,adaptive_eagle_v9,DBFM,5843.162102,83.111826,113.968882,30.857425,-83.111334,11931.924618,237.965813,14438.848786,2.757331,-7147.628128,231.093156,42.132698,False,False,True,False,False,False,False,1-circle,-1.000000,-266.916989,100.000000,100.000000,0.000000,0.000000,-171.799811,-84.766535,2.409241,1,7,4,0.0000,0.0000,0.0000,0.5000,"SmartHighYoYo",-0.395088
344,B0100,L7_close_level_aggressive,DBFM,5843.162102,83.111826,113.968882,30.857425,-83.111334,11931.924618,237.965813,14438.848786,2.757331,-7147.628128,231.093156,42.132698,False,False,True,False,False,False,False,1-circle,-1.000000,-266.916989,100.000000,100.000000,0.000000,0.000000,-171.799811,-84.766535,2.409241,2,0,0,0.0000,0.0000,0.0000,0.5000,"Pursue",-0.376290
345,A0100,adaptive_eagle_v9,DBFM,5760.199039,80.422112,116.299060,35.877256,-80.397640,11931.771634,237.397015,14426.725771,-60.615074,-7169.117590,262.003340,21.897751,False,False,True,False,False,False,False,1-circle,-1.000000,-271.134034,100.000000,100.000000,0.000000,0.000000,-166.940040,-79.981910,2.205086,1,7,4,0.0000,0.0000,0.0000,0.5000,"SmartHighYoYo",-0.522888
345,B0100,L7_close_level_aggressive,DBFM,5760.199039,80.422112,116.299060,35.877256,-80.397640,11931.771634,237.397015,14426.725771,-60.615074,-7169.117590,262.003340,21.897751,False,False,True,False,False,False,False,1-circle,-1.000000,-271.134034,100.000000,100.000000,0.000000,0.000000,-166.940040,-79.981910,2.205086,2,0,0,0.0000,0.0000,0.0000,0.5000,"Pursue",-0.421965
346,A0100,adaptive_eagle_v9,DBFM,5665.933964,76.916482,119.056543,42.140434,-76.873186,11931.079901,236.038947,14397.570111,-145.778297,-7181.326525,298.893850,27.205644,False,False,True,False,False,False,False,1-circle,-1.000000,-276.151459,100.000000,100.000000,0.000000,0.000000,-168.727504,-81.862246,2.151819,1,7,4,0.0000,0.0000,0.0000,0.5000,"SmartHighYoYo",-0.549558
346,B0100,L7_close_level_aggressive,DBFM,5665.933964,76.916482,119.056543,42.140434,-76.873186,11931.079901,236.038947,14397.570111,-145.778297,-7181.326525,298.893850,27.205644,False,False,True,False,False,False,False,1-circle,-1.000000,-276.151459,100.000000,100.000000,0.000000,0.000000,-168.727504,-81.862246,2.151819,2,0,0,0.0000,0.0000,0.0000,0.5000,"Pursue",-0.445153
347,A0100,adaptive_eagle_v9,DBFM,5558.740985,73.174663,121.981307,48.811020,-73.101155,11929.915687,234.498967,14364.326822,-166.216445,-7185.305918,336.812953,94.801969,False,False,True,False,False,False,False,1-circle,-1.000000,-281.892757,100.000000,100.000000,0.000000,0.000000,-174.388117,-87.634961,1.958359,4,7,3,0.0000,0.0000,0.0000,0.5000,"SmartHighYoYo",-0.436723
347,B0100,L7_close_level_aggressive,DBFM,5558.740985,73.174663,121.981307,48.811020,-73.101155,11929.915687,234.498967,14364.326822,-166.216445,-7185.305918,336.812953,94.801969,False,False,True,False,False,False,False,1-circle,-1.000000,-281.892757,100.000000,100.000000,0.000000,0.000000,-174.388117,-87.634961,1.958359,2,0,0,0.0000,0.0000,0.0000,0.5000,"Pursue",-0.455236
348,A0100,adaptive_eagle_v9,DBFM,5439.340207,69.960912,124.783821,54.854463,-69.834063,11927.866970,233.522209,14342.040240,-111.432911,-7179.337577,370.478327,225.245186,False,False,True,False,False,False,False,1-circle,-1.000000,-286.990735,100.000000,100.000000,0.000000,0.000000,-177.470924,-90.834466,1.537418,1,7,4,0.0000,0.0000,0.0000,0.5000,"SmartHighYoYo",-0.283275
348,B0100,L7_close_level_aggressive,DBFM,5439.340207,69.960912,124.783821,54.854463,-69.834063,11927.866970,233.522209,14342.040240,-111.432911,-7179.337577,370.478327,225.245186,False,False,True,False,False,False,False,1-circle,-1.000000,-286.990735,100.000000,100.000000,0.000000,0.000000,-177.470924,-90.834466,1.537418,2,0,0,0.0000,0.0000,0.0000,0.5000,"Pursue",-0.404644
349,A0100,adaptive_eagle_v9,DBFM,5309.628652,67.602483,127.106454,59.590086,-67.416200,11924.714886,233.389658,14336.148285,-29.459773,-7184.087689,396.870544,62.052490,False,False,True,False,False,False,False,1-circle,-1.000000,-290.295469,100.000000,100.000000,0.000000,0.000000,-172.901233,-86.372372,1.055318,4,7,3,0.0000,0.0000,0.0000,0.5000,"SmartHighYoYo",-0.156309
349,B0100,L7_close_level_aggressive,DBFM,5309.628652,67.602483,127.106454,59.590086,-67.416200,11924.714886,233.389658,14336.148285,-29.459773,-7184.087689,396.870544,62.052490,False,False,True,False,False,False,False,1-circle,-1.000000,-290.295469,100.000000,100.000000,0.000000,0.000000,-172.901233,-86.372372,1.055318,2,0,0,0.0000,0.0000,0.0000,0.5000,"Pursue",-0.498710
350,A0100,adaptive_eagle_v9,DBFM,5171.395581,65.599798,129.648247,64.209307,-65.355461,11920.586023,233.578799,14335.929513,-1.093863,-7160.746701,422.341202,20.039143,False,False,True,False,False,False,False,1-circle,-1.000000,-291.902520,100.000000,100.000000,0.000000,0.000000,-165.331204,-78.900996,0.775965,1,7,4,0.0000,0.0000,0.0000,0.5000,"SmartHighYoYo",-0.259887
350,B0100,L7_close_level_aggressive,DBFM,5171.395581,65.599798,129.648247,64.209307,-65.355461,11920.586023,233.578799,14335.929513,-1.093863,-7160.746701,422.341202,20.039143,False,False,True,False,False,False,False,1-circle,-1.000000,-291.902520,100.000000,100.000000,0.000000,0.000000,-165.331204,-78.900996,0.775965,2,0,0,0.0000,0.0000,0.0000,0.5000,"Pursue",-0.444835
351,A0100,adaptive_eagle_v9,DBFM,5024.152616,63.072512,132.084832,69.257570,-62.786106,11915.800209,233.214484,14323.615112,-61.572003,-7155.109631,448.430394,13.737471,False,False,True,False,False,False,False,1-circle,-1.000000,-291.495739,100.000000,100.000000,0.000000,0.000000,-160.350283,-74.006426,0.817568,4,7,3,0.0000,0.0000,0.0000,0.5000,"SmartHighYoYo",-0.395076
351,B0100,L7_close_level_aggressive,DBFM,5024.152616,63.072512,132.084832,69.257570,-62.786106,11915.800209,233.214484,14323.615112,-61.572003,-7155.109631,448.430394,13.737471,False,False,True,False,False,False,False,1-circle,-1.000000,-291.495739,100.000000,100.000000,0.000000,0.000000,-160.350283,-74.006426,0.817568,2,0,0,0.0000,0.0000,0.0000,0.5000,"Pursue",-0.409740
352,A0100,adaptive_eagle_v9,DBFM,4867.779476,59.802647,134.607619,75.135043,-59.489628,11910.875639,232.119554,14296.134474,-137.403191,-7161.696230,476.710168,15.452692,False,False,True,False,False,False,False,1-circle,-1.000000,-289.730064,100.000000,100.000000,0.000000,0.000000,-161.902190,-75.640060,0.985233,2,8,3,0.0000,0.0000,0.0000,0.5000,"LeadPursuit",-0.430150
352,B0100,L7_close_level_aggressive,DBFM,4867.779476,59.802647,134.607619,75.135043,-59.489628,11910.875639,232.119554,14296.134474,-137.403191,-7161.696230,476.710168,15.452692,False,False,True,False,False,False,False,1-circle,-1.000000,-289.730064,100.000000,100.000000,0.000000,0.000000,-161.902190,-75.640060,0.985233,2,1,1,0.0000,0.0000,0.0000,0.5000,"Pursue",-0.360911
353,A0100,adaptive_eagle_v9,DBFM,4701.707945,56.407756,136.999043,81.048707,-56.052983,11905.950603,230.935639,14266.939687,-145.973937,-7172.093128,503.467011,25.540779,False,False,True,False,False,False,False,1-circle,-1.000000,-286.131635,100.000000,100.000000,0.000000,0.000000,-167.341577,-81.150932,1.030165,2,8,3,0.0000,0.0000,0.0000,0.5000,"LeadPursuit",-0.378566
353,B0100,L7_close_level_aggressive,DBFM,4701.707945,56.407756,136.999043,81.048707,-56.052983,11905.950603,230.935639,14266.939687,-145.973937,-7172.093128,503.467011,25.540779,False,False,True,False,False,False,False,1-circle,-1.000000,-286.131635,100.000000,100.000000,0.000000,0.000000,-167.341577,-81.150932,1.030165,2,1,1,0.0000,0.0000,0.0000,0.5000,"Pursue",-0.317801
354,A0100,adaptive_eagle_v9,DBFM,4527.074177,53.375109,139.182110,86.417871,-52.942199,11900.641849,230.148760,14245.568909,-106.853887,-7191.111868,527.055164,39.125274,False,False,True,False,False,False,False,1-circle,-1.000000,-280.682408,100.000000,100.000000,0.000000,0.000000,-170.308457,-84.177063,0.884368,2,8,3,0.0000,0.0000,0.0000,0.5000,"LeadPursuit",-0.146493
354,B0100,L7_close_level_aggressive,DBFM,4527.074177,53.375109,139.182110,86.417871,-52.942199,11900.641849,230.148760,14245.568909,-106.853887,-7191.111868,527.055164,39.125274,False,False,True,False,False,False,False,1-circle,-1.000000,-280.682408,100.000000,100.000000,0.000000,0.000000,-170.308457,-84.177063,0.884368,2,1,1,0.0000,0.0000,0.0000,0.5000,"Pursue",-0.436263
355,A0100,adaptive_eagle_v9,DBFM,4344.793647,51.105759,141.487278,91.140343,-50.584410,11894.656893,230.089974,14238.386188,-35.913607,-7181.967631,547.832024,21.941856,False,False,True,False,False,False,False,2-circle,-1.000000,-273.514238,100.000000,100.000000,0.000000,0.000000,-165.774139,-79.690199,0.708303,2,7,3,0.0000,0.0000,0.0000,0.5000,"LeadPursuit",-0.114112
355,B0100,L7_close_level_aggressive,DBFM,4344.793647,51.105759,141.487278,91.140343,-50.584410,11894.656893,230.089974,14238.386188,-35.913607,-7181.967631,547.832024,21.941856,False,False,True,False,False,False,False,2-circle,-1.000000,-273.514238,100.000000,100.000000,0.000000,0.000000,-165.774139,-79.690199,0.708303,2,1,1,0.0000,0.0000,0.0000,0.5000,"Pursue",-0.455561
356,A0100,adaptive_eagle_v9,DBFM,4155.585700,48.765713,143.882576,95.975070,-48.169919,11888.073085,229.929933,14228.543109,-49.215395,-7173.945203,568.326761,14.809285,False,False,True,False,False,False,False,2-circle,-1.000000,-265.246873,100.000000,100.000000,0.000000,0.000000,-160.945321,-74.904804,0.613729,2,7,3,0.0000,0.0000,0.0000,0.5000,"LeadPursuit",-0.246467
356,B0100,L7_close_level_aggressive,DBFM,4155.585700,48.765713,143.882576,95.975070,-48.169919,11888.073085,229.929933,14228.543109,-49.215395,-7173.945203,568.326761,14.809285,False,False,True,False,False,False,False,2-circle,-1.000000,-265.246873,100.000000,100.000000,0.000000,0.000000,-160.945321,-74.904804,0.613729,2,1,1,0.0000,0.0000,0.0000,0.5000,"Pursue",-0.371277
357,A0100,adaptive_eagle_v9,DBFM,3959.181600,45.776083,146.336052,101.459699,-45.120138,11881.305510,229.130263,14205.524072,-115.095184,-7185.754141,589.838612,15.255185,False,False,True,False,False,False,False,2-circle,-1.000000,-256.905496,100.000000,100.000000,0.000000,0.000000,-161.262459,-75.277047,0.598223,2,7,3,0.0000,0.0000,0.0000,0.5000,"LeadPursuit",-0.121262
357,B0100,L7_close_level_aggressive,DBFM,3959.181600,45.776083,146.336052,101.459699,-45.120138,11881.305510,229.130263,14205.524072,-115.095184,-7185.754141,589.838612,15.255185,False,False,True,False,False,False,False,2-circle,-1.000000,-256.905496,100.000000,100.000000,0.000000,0.000000,-161.262459,-75.277047,0.598223,2,1,1,0.0000,0.0000,0.0000,0.5000,"Pursue",-0.494774
358,A0100,adaptive_eagle_v9,HABFM,3755.503233,42.701978,149.234396,107.474903,-41.961282,11874.502247,228.246024,14180.816588,-123.537419,-7168.278660,611.491271,21.085145,False,False,True,False,False,False,False,2-circle,-1.000000,-249.227600,100.000000,100.000000,0.000000,0.000000,-165.098755,-79.194351,0.537965,2,7,3,0.0000,0.0000,0.0000,0.5000,"LeadPursuit",0.132573
358,B0100,L7_close_level_aggressive,HABFM,3755.503233,42.701978,149.234396,107.474903,-41.961282,11874.502247,228.246024,14180.816588,-123.537419,-7168.278660,611.491271,21.085145,False,False,True,False,False,False,False,2-circle,-1.000000,-249.227600,100.000000,100.000000,0.000000,0.000000,-165.098755,-79.194351,0.537965,2,1,1,0.0000,0.0000,0.0000,0.5000,"Pursue",-0.652006
359,A0100,adaptive_eagle_v9,HABFM,3544.750915,40.000057,152.293687,113.382894,-39.120367,11867.402182,227.687510,14162.443324,-91.866321,-7125.993727,630.857356,25.389814,False,False,True,False,False,False,False,2-circle,-1.000000,-241.763451,100.000000,100.000000,0.000000,0.000000,-166.771064,-80.971024,0.400146,2,7,3,0.0000,0.0000,0.0000,0.5000,"LeadPursuit",0.293045
359,B0100,L7_close_level_aggressive,HABFM,3544.750915,40.000057,152.293687,113.382894,-39.120367,11867.402182,227.687510,14162.443324,-91.866321,-7125.993727,630.857356,25.389814,False,False,True,False,False,False,False,2-circle,-1.000000,-241.763451,100.000000,100.000000,0.000000,0.000000,-166.771064,-80.971024,0.400146,2,1,1,0.0000,0.0000,0.0000,0.5000,"Pursue",-0.635681
360,A0100,adaptive_eagle_v9,HABFM,3328.013124,37.934535,154.856328,118.215026,-36.900178,11859.790434,227.670226,14154.483142,-39.800911,-7107.425683,646.226167,16.147997,False,False,True,False,False,False,False,2-circle,-1.000000,-233.553786,100.000000,100.000000,0.000000,0.000000,-161.655751,-75.969501,0.327036,2,6,3,0.0000,0.0000,0.0000,0.5000,"LeadPursuit",0.370887
360,B0100,L7_close_level_aggressive,HABFM,3328.013124,37.934535,154.856328,118.215026,-36.900178,11859.790434,227.670226,14154.483142,-39.800911,-7107.425683,646.226167,16.147997,False,False,True,False,False,False,False,2-circle,-1.000000,-233.553786,100.000000,100.000000,0.000000,0.000000,-161.655751,-75.969501,0.327036,2,1,1,0.0000,0.0000,0.0000,0.5000,"Pursue",-0.621295
361,A0100,adaptive_eagle_v9,HABFM,3106.318318,35.851023,157.321483,122.928046,-34.682347,11851.755059,227.563912,14144.305195,-50.889735,-7106.941235,660.441277,11.786001,False,False,True,False,False,False,False,2-circle,-1.000000,-224.792348,100.000000,100.000000,0.000000,0.000000,-156.647968,-71.089667,0.386072,2,6,2,0.0000,0.0000,0.0000,0.5000,"LeadPursuit",0.402537
361,B0100,L7_close_level_aggressive,HABFM,3106.318318,35.851023,157.321483,122.928046,-34.682347,11851.755059,227.563912,14144.305195,-50.889735,-7106.941235,660.441277,11.786001,False,False,True,False,False,False,False,2-circle,-1.000000,-224.792348,100.000000,100.000000,0.000000,0.000000,-156.647968,-71.089667,0.386072,2,1,1,0.0000,0.0000,0.0000,0.5000,"Pursue",-0.577119
362,A0100,adaptive_eagle_v9,DBFM,2879.755197,33.323722,159.910336,128.161301,-32.033475,11843.712776,226.966245,14124.236545,-100.343249,-7118.371457,674.531192,12.091934,False,False,True,False,False,False,False,2-circle,-1.000000,-216.342311,100.000000,100.000000,0.000000,0.000000,-156.882837,-71.488565,0.534942,2,6,2,0.0000,0.0000,0.0000,0.5000,"LeadPursuit",0.535851
362,B0100,L7_close_level_aggressive,DBFM,2879.755197,33.323722,159.910336,128.161301,-32.033475,11843.712776,226.966245,14124.236545,-100.343249,-7118.371457,674.531192,12.091934,False,False,True,False,False,False,False,2-circle,-1.000000,-216.342311,100.000000,100.000000,0.000000,0.000000,-156.882837,-71.488565,0.534942,2,1,2,0.0000,0.0000,0.0000,0.5000,"LeadPursuit",-0.560758
363,A0100,adaptive_eagle_v9,DBFM,2648.589713,30.759967,162.585921,133.508418,-29.296623,11835.826634,226.257212,14102.124133,-110.562060,-7134.963990,687.449290,15.669157,False,False,True,False,False,False,False,2-circle,-1.000000,-208.954105,100.000000,100.000000,0.000000,0.000000,-160.635673,-75.468303,0.635418,2,5,2,0.0000,0.0000,0.0000,0.5000,"LeadPursuit",1.077010
363,B0100,L7_close_level_aggressive,DBFM,2648.589713,30.759967,162.585921,133.508418,-29.296623,11835.826634,226.257212,14102.124133,-110.562060,-7134.963990,687.449290,15.669157,False,False,True,False,False,False,False,2-circle,-1.000000,-208.954105,100.000000,100.000000,0.000000,0.000000,-160.635673,-75.468303,0.635418,2,1,2,0.0000,0.0000,0.0000,0.5000,"LeadPursuit",-0.837480
364,A0100,adaptive_eagle_v9,DBFM,2413.323734,28.447014,165.749894,139.147312,-26.689631,11827.880631,225.664637,14082.322676,-99.007285,-7117.231434,698.712561,25.720827,False,False,True,False,False,False,False,2-circle,-1.000000,-203.011945,100.000000,100.000000,0.000000,0.000000,-165.851785,-81.002639,0.496761,2,6,2,0.0000,0.0000,0.0000,0.5000,"LeadPursuit",1.824800
364,B0100,L7_close_level_aggressive,DBFM,2413.323734,28.447014,165.749894,139.147312,-26.689631,11827.880631,225.664637,14082.322676,-99.007285,-7117.231434,698.712561,25.720827,False,False,True,False,False,False,False,2-circle,-1.000000,-203.011945,100.000000,100.000000,0.000000,0.000000,-165.851785,-81.002639,0.496761,2,1,2,0.0000,0.0000,0.0000,0.5000,"LeadPursuit",-1.217465
365,A0100,adaptive_eagle_v9,DBFM,2174.598987,26.666392,169.096637,144.694787,-24.455100,11819.511724,225.352918,14067.729777,-72.964494,-7077.302633,707.252462,33.012529,False,False,True,False,False,False,False,2-circle,-1.000000,-198.063606,100.000000,100.000000,0.000000,0.000000,-167.377440,-82.956917,0.148540,2,6,2,0.0000,0.0000,0.0000,0.5000,"LeadPursuit",1.948785
365,B0100,L7_close_level_aggressive,DBFM,2174.598987,26.666392,169.096637,144.694787,-24.455100,11819.511724,225.352918,14067.729777,-72.964494,-7077.302633,707.252462,33.012529,False,False,True,False,False,False,False,2-circle,-1.000000,-198.063606,100.000000,100.000000,0.000000,0.000000,-167.377440,-82.956917,0.148540,2,2,2,0.0000,0.0000,0.0000,0.5000,"LeadPursuit",-1.174391
366,A0100,adaptive_eagle_v9,DBFM,1933.234079,25.549605,171.865416,149.344833,-22.807805,11810.524981,225.403757,14059.757527,-39.861251,-7067.350804,713.274132,18.358333,False,True,True,False,False,False,False,2-circle,-1.000000,-193.106223,99.653669,100.000000,0.000000,0.346331,-161.346043,-77.475221,-0.152757,2,6,2,0.0000,0.0000,0.0000,0.5000,"LeadPursuit",1.127403
366,B0100,L7_close_level_aggressive,DBFM,1933.234079,25.549605,171.865416,149.344833,-22.807805,11810.524981,225.403757,14059.757527,-39.861251,-7067.350804,713.274132,18.358333,False,True,True,False,False,False,False,2-circle,-1.000000,-193.106223,99.653669,100.000000,0.000000,0.346331,-161.346043,-77.475221,-0.152757,2,2,2,0.0000,0.0000,0.0000,0.5000,"LeadPursuit",-0.562621
367,A0100,adaptive_eagle_v9,DBFM,1689.862890,24.873432,174.149249,153.615360,-21.563906,11801.040485,225.539142,14052.975769,-33.908790,-7071.692402,717.325780,10.828954,False,True,True,False,False,False,False,2-circle,-1.000000,-188.232386,98.984744,100.000000,0.000000,1.015256,-152.514518,-69.371682,-0.155768,2,5,2,0.0000,0.0000,0.0000,0.5000,"LeadPursuit",-1.329813
367,B0100,L7_close_level_aggressive,DBFM,1689.862890,24.873432,174.149249,153.615360,-21.563906,11801.040485,225.539142,14052.975769,-33.908790,-7071.692402,717.325780,10.828954,False,True,True,False,False,False,False,2-circle,-1.000000,-188.232386,98.984744,100.000000,0.000000,1.015256,-152.514518,-69.371682,-0.155768,2,2,2,0.0000,0.0000,0.0000,0.5000,"LeadPursuit",1.101458
368,A0100,adaptive_eagle_v9,DBFM,1445.271415,24.422068,174.840741,158.452649,-20.530238,11791.425193,225.389244,14040.368118,-63.038253,-7048.431239,717.989447,8.344438,False,True,True,False,False,False,False,2-circle,-1.000000,-184.179181,98.319437,100.000000,0.000000,1.680563,-146.054392,-63.945368,0.205683,2,4,1,0.0000,0.0000,0.0000,0.5000,"LeadPursuit",-4.111856
368,B0100,L7_close_level_aggressive,DBFM,1445.271415,24.422068,174.840741,158.452649,-20.530238,11791.425193,225.389244,14040.368118,-63.038253,-7048.431239,717.989447,8.344438,False,True,True,False,False,False,False,2-circle,-1.000000,-184.179181,98.319437,100.000000,0.000000,1.680563,-146.054392,-63.945368,0.205683,2,2,2,0.0000,0.0000,0.0000,0.5000,"LeadPursuit",3.002757
369,A0100,adaptive_eagle_v9,DBFM,1200.964819,24.428841,171.074700,164.236519,-19.876223,11782.166009,224.839588,14020.153314,-101.074023,-6980.848162,711.628663,8.731720,False,False,True,False,False,False,False,2-circle,-1.000000,-181.044742,98.319437,100.000000,0.000000,1.680563,-145.464388,-64.900699,0.742071,2,2,1,0.0000,0.0000,0.0000,0.5000,"LeadPursuit",-4.014782
369,B0100,L7_close_level_aggressive,DBFM,1200.964819,24.428841,171.074700,164.236519,-19.876223,11782.166009,224.839588,14020.153314,-101.074023,-6980.848162,711.628663,8.731720,False,False,True,False,False,False,False,2-circle,-1.000000,-181.044742,98.319437,100.000000,0.000000,1.680563,-145.464388,-64.900699,0.742071,2,2,2,0.0000,0.0000,0.0000,0.5000,"LeadPursuit",3.013042
370,A0100,adaptive_eagle_v9,DBFM,959.378234,25.747299,164.220634,170.015166,-20.363411,11773.470642,224.160925,13997.967912,-110.927010,-6911.479417,694.195903,11.136573,False,False,True,False,False,False,False,2-circle,-1.000000,-177.068582,98.319437,100.000000,0.000000,1.680563,-147.974830,-69.775596,1.212258,2,3,1,0.0000,0.0000,0.0000,0.5000,"LeadPursuit",-2.215157
370,B0100,L7_close_level_aggressive,DBFM,959.378234,25.747299,164.220634,170.015166,-20.363411,11773.470642,224.160925,13997.967912,-110.927010,-6911.479417,694.195903,11.136573,False,False,True,False,False,False,False,2-circle,-1.000000,-177.068582,98.319437,100.000000,0.000000,1.680563,-147.974830,-69.775596,1.212258,2,2,2,0.0000,0.0000,0.0000,0.5000,"LeadPursuit",1.929079
371,A0100,adaptive_eagle_v9,DBFM,723.798112,29.571792,155.405600,174.502759,-23.210869,11765.108516,223.568318,13977.859669,-100.541215,-6878.561801,659.341039,16.512861,False,False,True,False,False,False,False,2-circle,-1.000000,-169.725161,98.319437,100.000000,0.000000,1.680563,-150.330947,-76.009913,1.397326,2,2,2,0.0000,0.0000,0.0000,0.5000,"LeadPursuit",-0.152038
371,B0100,L7_close_level_aggressive,DBFM,723.798112,29.571792,155.405600,174.502759,-23.210869,11765.108516,223.568318,13977.859669,-100.541215,-6878.561801,659.341039,16.512861,False,False,True,False,False,False,False,2-circle,-1.000000,-169.725161,98.319437,100.000000,0.000000,1.680563,-150.330947,-76.009913,1.397326,2,2,2,0.0000,0.0000,0.0000,0.5000,"LeadPursuit",1.358979
372,A0100,adaptive_eagle_v9,DBFM,501.423857,38.540080,142.654267,176.474596,-31.344490,11756.679750,223.250976,13963.153638,-73.530152,-6869.695146,581.804906,19.947849,False,False,True,False,False,False,False,2-circle,-1.000000,-157.704225,98.319437,100.000000,0.000000,1.680563,-144.777536,-78.329277,1.325738,2,1,2,0.0000,0.0000,0.0000,0.5000,"LeadPursuit",2.674427
372,B0100,L7_close_level_aggressive,DBFM,501.423857,38.540080,142.654267,176.474596,-31.344490,11756.679750,223.250976,13963.153638,-73.530152,-6869.695146,581.804906,19.947849,False,False,True,False,False,False,False,2-circle,-1.000000,-157.704225,98.319437,100.000000,0.000000,1.680563,-144.777536,-78.329277,1.325738,2,1,2,0.0000,0.0000,0.0000,0.5000,"LeadPursuit",2.699473
373,A0100,adaptive_eagle_v9,DBFM,318.329364,59.567170,118.391247,175.996645,-53.104114,11747.988406,222.929406,13948.110472,-75.215830,-6855.850607,357.955530,16.337640,False,False,True,False,False,False,False,2-circle,-1.000000,-141.063763,98.319437,100.000000,0.000000,1.680563,-116.120863,-75.824021,1.102634,2,0,2,0.0000,0.0000,0.0000,0.5000,"LeadPursuit",5.436480
373,B0100,L7_close_level_aggressive,DBFM,318.329364,59.567170,118.391247,175.996645,-53.104114,11747.988406,222.929406,13948.110472,-75.215830,-6855.850607,357.955530,16.337640,False,False,True,False,False,False,False,2-circle,-1.000000,-141.063763,98.319437,100.000000,0.000000,1.680563,-116.120863,-75.824021,1.102634,2,0,2,0.0000,0.0000,0.0000,0.5000,"LeadPursuit",4.200350
374,A0100,adaptive_eagle_v9,HABFM,267.486894,100.950101,74.147091,174.686495,-99.477637,11739.202213,222.420606,13929.292888,-94.087920,-6834.321187,-178.687466,16.148006,False,False,False,False,False,False,False,2-circle,-1.000000,-119.257439,98.319437,100.000000,0.000000,1.680563,-30.254558,-75.631555,0.773812,2,0,2,0.0000,0.0000,0.0000,0.5000,"LeadPursuit",-0.960375
374,B0100,L7_close_level_aggressive,HABFM,267.486894,100.950101,74.147091,174.686495,-99.477637,11739.202213,222.420606,13929.292888,-94.087920,-6834.321187,-178.687466,16.148006,False,False,False,False,False,False,False,2-circle,-1.000000,-119.257439,98.319437,100.000000,0.000000,1.680563,-30.254558,-75.631555,0.773812,2,0,2,0.0000,0.0000,0.0000,0.5000,"LeadPursuit",-1.040545
375,A0100,adaptive_eagle_v9,HABFM,398.943258,134.146015,39.619822,173.748515,-134.030799,11730.318637,221.952438,13911.199282,-90.468032,-6784.566100,-545.266672,18.848540,False,False,False,False,False,False,False,2-circle,-1.000000,-91.926606,98.319437,100.000000,0.000000,1.680563,-1.980643,-77.595182,0.432982,2,0,2,0.0000,0.0000,0.0000,0.5000,"LeadPursuit",-0.286252
375,B0100,L7_close_level_aggressive,HABFM,398.943258,134.146015,39.619822,173.748515,-134.030799,11730.318637,221.952438,13911.199282,-90.468032,-6784.566100,-545.266672,18.848540,False,False,False,False,False,False,False,2-circle,-1.000000,-91.926606,98.319437,100.000000,0.000000,1.680563,-1.980643,-77.595182,0.432982,2,0,2,0.0000,0.0000,0.0000,0.5000,"LeadPursuit",-0.309058
376,A0100,adaptive_eagle_v9,HABFM,600.984436,147.908695,26.167863,173.533276,-147.735096,11721.204695,221.537120,13893.931229,-86.340266,-6726.334560,-643.432885,26.089977,False,False,False,False,False,False,False,2-circle,-1.000000,-60.587473,98.319437,100.000000,0.000000,1.680563,3.204967,-80.953369,0.002376,2,0,2,0.0000,0.0000,0.0000,0.5000,"LeadPursuit",-0.114168
376,B0100,L7_close_level_aggressive,HABFM,600.984436,147.908695,26.167863,173.533276,-147.735096,11721.204695,221.537120,13893.931229,-86.340266,-6726.334560,-643.432885,26.089977,False,False,False,False,False,False,False,2-circle,-1.000000,-60.587473,98.319437,100.000000,0.000000,1.680563,3.204967,-80.953369,0.002376,2,0,2,0.0000,0.0000,0.0000,0.5000,"LeadPursuit",-0.122252
377,A0100,adaptive_eagle_v9,HABFM,822.010866,153.575677,21.462351,174.168240,-153.877801,11711.632310,221.357190,13880.830956,-65.501362,-6662.194079,-670.622668,27.393940,False,False,False,False,False,False,False,2-circle,-1.000000,-27.714642,98.319437,100.000000,0.000000,1.680563,6.699110,-81.369328,-0.463784,2,0,2,0.0000,0.0000,0.0000,0.5000,"LeadPursuit",-0.062507
377,B0100,L7_close_level_aggressive,HABFM,822.010866,153.575677,21.462351,174.168240,-153.877801,11711.632310,221.357190,13880.830956,-65.501362,-6662.194079,-670.622668,27.393940,False,False,False,False,False,False,False,2-circle,-1.000000,-27.714642,98.319437,100.000000,0.000000,1.680563,6.699110,-81.369328,-0.463784,2,0,2,0.0000,0.0000,0.0000,0.5000,"LeadPursuit",-0.062802
378,A0100,adaptive_eagle_v9,HABFM,1050.224219,156.298415,19.119445,174.870025,-157.290732,11701.486330,221.509256,13873.666343,-35.823067,-6633.455228,-682.811733,15.957044,False,False,False,False,False,True,False,2-circle,-1.000000,4.050112,98.319437,100.000000,0.000000,1.680563,14.819045,-75.402458,-0.770475,2,0,2,0.0000,0.0000,0.0000,0.5000,"LeadPursuit",-0.037226
378,B0100,L7_close_level_aggressive,HABFM,1050.224219,156.298415,19.119445,174.870025,-157.290732,11701.486330,221.509256,13873.666343,-35.823067,-6633.455228,-682.811733,15.957044,False,False,False,False,False,True,False,2-circle,-1.000000,4.050112,98.319437,100.000000,0.000000,1.680563,14.819045,-75.402458,-0.770475,2,0,2,0.0000,0.0000,0.0000,0.5000,"LeadPursuit",-0.032762
379,A0100,adaptive_eagle_v9,HABFM,1282.582188,157.527214,17.605003,174.883546,-159.102336,11690.936645,221.562099,13864.153166,-47.565881,-6649.128060,-689.984666,11.245799,False,False,False,False,False,True,False,2-circle,-1.000000,33.509538,98.319437,100.000000,0.000000,1.680563,21.790595,-69.720151,-0.842962,2,0,2,0.0000,0.0000,0.0000,0.5000,"LeadPursuit",-0.014392
379,B0100,L7_close_level_aggressive,HABFM,1282.582188,157.527214,17.605003,174.883546,-159.102336,11690.936645,221.562099,13864.153166,-47.565881,-6649.128060,-689.984666,11.245799,False,False,False,False,False,True,False,2-circle,-1.000000,33.509538,98.319437,100.000000,0.000000,1.680563,21.790595,-69.720151,-0.842962,2,0,2,0.0000,0.0000,0.0000,0.5000,"LeadPursuit",-0.011977
380,A0100,adaptive_eagle_v9,HABFM,1516.985988,157.784488,16.993807,174.721095,-159.675369,11680.372723,221.281679,13848.091668,-80.307494,-6646.697358,-691.937904,10.975715,False,False,False,False,False,True,False,2-circle,-1.000000,60.137536,98.319437,100.000000,0.000000,1.680563,23.074921,-69.236395,-0.729495,2,0,2,0.0000,0.0000,0.0000,0.5000,"LeadPursuit",0.000793
380,B0100,L7_close_level_aggressive,HABFM,1516.985988,157.784488,16.993807,174.721095,-159.675369,11680.372723,221.281679,13848.091668,-80.307494,-6646.697358,-691.937904,10.975715,False,False,False,False,False,True,False,2-circle,-1.000000,60.137536,98.319437,100.000000,0.000000,1.680563,23.074921,-69.236395,-0.729495,2,0,2,0.0000,0.0000,0.0000,0.5000,"LeadPursuit",-0.001156
381,A0100,adaptive_eagle_v9,HABFM,1751.695206,157.590689,17.037488,174.627510,-159.626983,11670.020022,220.872032,13829.720443,-91.856125,-6623.708294,-690.751869,13.219919,False,False,False,False,False,True,False,2-circle,-1.000000,83.748401,98.319437,100.000000,0.000000,1.680563,20.318621,-72.494702,-0.585906,2,0,2,0.0000,0.0000,0.0000,0.5000,"LeadPursuit",0.008610
381,B0100,L7_close_level_aggressive,HABFM,1751.695206,157.590689,17.037488,174.627510,-159.626983,11670.020022,220.872032,13829.720443,-91.856125,-6623.708294,-690.751869,13.219919,False,False,False,False,False,True,False,2-circle,-1.000000,83.748401,98.319437,100.000000,0.000000,1.680563,20.318621,-72.494702,-0.585906,2,0,2,0.0000,0.0000,0.0000,0.5000,"LeadPursuit",0.003894
382,A0100,adaptive_eagle_v9,HABFM,1985.840391,157.169130,17.500183,174.591797,-159.322581,11659.737844,220.536728,13812.885993,-84.172246,-6593.601148,-688.055785,18.921441,False,False,False,False,False,True,False,2-circle,-1.000000,105.107986,98.319437,100.000000,0.000000,1.680563,15.592985,-77.552872,-0.611931,2,0,2,0.0000,0.0000,0.0000,0.5000,"LeadPursuit",0.012197
382,B0100,L7_close_level_aggressive,HABFM,1985.840391,157.169130,17.500183,174.591797,-159.322581,11659.737844,220.536728,13812.885993,-84.172246,-6593.601148,-688.055785,18.921441,False,False,False,False,False,True,False,2-circle,-1.000000,105.107986,98.319437,100.000000,0.000000,1.680563,15.592985,-77.552872,-0.611931,2,0,2,0.0000,0.0000,0.0000,0.5000,"LeadPursuit",0.004276
383,A0100,adaptive_eagle_v9,HABFM,2219.021259,156.717346,18.236186,174.676758,-159.048900,11649.209530,220.366441,13799.033856,-69.260685,-6560.889357,-684.767672,22.312746,False,False,False,False,False,True,False,2-circle,-1.000000,125.393345,98.319437,100.000000,0.000000,1.680563,14.006082,-79.388594,-0.800131,1,0,4,0.0000,0.0000,0.0000,0.5000,"HeadOnBreak",0.020420
383,B0100,L7_close_level_aggressive,HABFM,2219.021259,156.717346,18.236186,174.676758,-159.048900,11649.209530,220.366441,13799.033856,-69.260685,-6560.889357,-684.767672,22.312746,False,False,False,False,False,True,False,2-circle,-1.000000,125.393345,98.319437,100.000000,0.000000,1.680563,14.006082,-79.388594,-0.800131,2,0,2,0.0000,0.0000,0.0000,0.5000,"LeadPursuit",0.000551
384,A0100,adaptive_eagle_v9,HABFM,2451.032352,156.497152,19.562875,175.328406,-159.026944,11638.228722,220.541794,13791.475796,-37.790301,-6487.549479,-679.883900,14.660316,False,False,False,False,False,True,False,2-circle,-1.000000,145.718027,98.319437,100.000000,0.000000,1.680563,19.517873,-74.094115,-0.946953,1,0,4,0.0000,0.0000,0.0000,0.5000,"HeadOnBreak",0.033849
384,B0100,L7_close_level_aggressive,HABFM,2451.032352,156.497152,19.562875,175.328406,-159.026944,11638.228722,220.541794,13791.475796,-37.790301,-6487.549479,-679.883900,14.660316,False,False,False,False,False,True,False,2-circle,-1.000000,145.718027,98.319437,100.000000,0.000000,1.680563,19.517873,-74.094115,-0.946953,2,0,2,0.0000,0.0000,0.0000,0.5000,"LeadPursuit",0.001931
385,A0100,adaptive_eagle_v9,HABFM,2680.878256,156.268478,21.579699,175.666413,-158.887726,11626.921367,220.707580,13783.406940,-40.344279,-6354.492405,-671.361269,10.629810,False,False,False,False,False,True,False,2-circle,-1.000000,166.038716,98.319437,100.000000,0.000000,1.680563,25.253194,-68.555298,-0.948404,1,8,4,0.0000,0.0000,0.0000,0.5000,"HeadOnBreak",0.026743
385,B0100,L7_close_level_aggressive,HABFM,2680.878256,156.268478,21.579699,175.666413,-158.887726,11626.921367,220.707580,13783.406940,-40.344279,-6354.492405,-671.361269,10.629810,False,False,False,False,False,True,False,2-circle,-1.000000,166.038716,98.319437,100.000000,0.000000,1.680563,25.253194,-68.555298,-0.948404,2,0,2,0.0000,0.0000,0.0000,0.5000,"LeadPursuit",0.008214
386,A0100,adaptive_eagle_v9,HABFM,2907.807759,155.789020,22.905137,174.814055,-158.317929,11615.673340,220.480978,13767.733019,-78.369609,-6279.674470,-664.691823,10.329515,False,False,False,False,False,True,False,2-circle,-1.000000,184.227224,98.319437,100.000000,0.000000,1.680563,25.979989,-67.967137,-0.805566,1,8,4,0.0000,0.0000,0.0000,0.5000,"HeadOnBreak",0.003799
386,B0100,L7_close_level_aggressive,HABFM,2907.807759,155.789020,22.905137,174.814055,-158.317929,11615.673340,220.480978,13767.733019,-78.369609,-6279.674470,-664.691823,10.329515,False,False,False,False,False,True,False,2-circle,-1.000000,184.227224,98.319437,100.000000,0.000000,1.680563,25.979989,-67.967137,-0.805566,2,0,2,0.0000,0.0000,0.0000,0.5000,"LeadPursuit",0.012257
387,A0100,adaptive_eagle_v9,HABFM,3133.387128,155.122582,22.933202,174.365588,-157.504943,11604.720321,220.103279,13749.413078,-91.599703,-6324.359059,-664.001665,12.184214,False,False,False,False,False,True,False,2-circle,-1.000000,199.761743,98.319437,100.000000,0.000000,1.680563,22.995862,-71.030722,-0.634949,1,8,4,0.0000,0.0000,0.0000,0.5000,"HeadOnBreak",-0.011005
387,B0100,L7_close_level_aggressive,HABFM,3133.387128,155.122582,22.933202,174.365588,-157.504943,11604.720321,220.103279,13749.413078,-91.599703,-6324.359059,-664.001665,12.184214,False,False,False,False,False,True,False,2-circle,-1.000000,199.761743,98.319437,100.000000,0.000000,1.680563,22.995862,-71.030722,-0.634949,2,0,0,0.0000,0.0000,0.0000,0.5000,"Pursue",0.014264
388,A0100,adaptive_eagle_v9,HABFM,3359.409875,154.310550,22.157022,173.838278,-156.601054,11593.931936,219.700619,13730.784795,-93.141415,-6448.256378,-667.207882,16.713078,False,False,False,False,False,True,False,2-circle,-1.000000,213.961878,98.319437,100.000000,0.000000,1.680563,18.173265,-75.905568,-0.617392,1,0,4,0.0000,0.0000,0.0000,0.5000,"HeadOnBreak",-0.007364
388,B0100,L7_close_level_aggressive,HABFM,3359.409875,154.310550,22.157022,173.838278,-156.601054,11593.931936,219.700619,13730.784795,-93.141415,-6448.256378,-667.207882,16.713078,False,False,False,False,False,True,False,2-circle,-1.000000,213.961878,98.319437,100.000000,0.000000,1.680563,18.173265,-75.905568,-0.617392,2,0,0,0.0000,0.0000,0.0000,0.5000,"Pursue",0.016460
389,A0100,adaptive_eagle_v9,HABFM,3586.321686,153.323913,21.692107,173.090775,-155.596567,11583.026399,219.373780,13713.526180,-86.293076,-6547.221881,-668.576037,26.959730,False,False,False,False,False,True,False,2-circle,-1.000000,227.872281,98.319437,100.000000,0.000000,1.680563,12.987411,-81.138617,-0.892969,1,0,4,0.0000,0.0000,0.0000,0.5000,"HeadOnBreak",0.000891
389,B0100,L7_close_level_aggressive,HABFM,3586.321686,153.323913,21.692107,173.090775,-155.596567,11583.026399,219.373780,13713.526180,-86.293076,-6547.221881,-668.576037,26.959730,False,False,False,False,False,True,False,2-circle,-1.000000,227.872281,98.319437,100.000000,0.000000,1.680563,12.987411,-81.138617,-0.892969,2,0,0,0.0000,0.0000,0.0000,0.5000,"Pursue",0.014930
390,A0100,adaptive_eagle_v9,HABFM,3813.320249,152.368732,21.868286,172.658858,-154.723295,11571.670273,219.304149,13700.817798,-63.541911,-6584.898831,-667.056407,31.644597,False,False,False,False,False,True,False,2-circle,-1.000000,242.653213,98.319437,100.000000,0.000000,1.680563,11.759902,-82.430399,-1.370531,1,0,4,0.0000,0.0000,0.0000,0.5000,"HeadOnBreak",0.022080
390,B0100,L7_close_level_aggressive,HABFM,3813.320249,152.368732,21.868286,172.658858,-154.723295,11571.670273,219.304149,13700.817798,-63.541911,-6584.898831,-667.056407,31.644597,False,False,False,False,False,True,False,2-circle,-1.000000,242.653213,98.319437,100.000000,0.000000,1.680563,11.759902,-82.430399,-1.370531,2,0,0,0.0000,0.0000,0.0000,0.5000,"Pursue",0.009579
391,A0100,adaptive_eagle_v9,HABFM,4039.050097,151.710530,23.430694,173.305856,-154.180551,11559.699059,219.569660,13694.005206,-34.062959,-6528.248464,-660.202318,17.551813,False,False,False,False,False,True,False,2-circle,-1.000000,259.529274,98.319437,100.000000,0.000000,1.680563,17.752743,-76.539731,-1.780057,1,0,4,0.0000,0.0000,0.0000,0.5000,"HeadOnBreak",0.031594
391,B0100,L7_close_level_aggressive,HABFM,4039.050097,151.710530,23.430694,173.305856,-154.180551,11559.699059,219.569660,13694.005206,-34.062959,-6528.248464,-660.202318,17.551813,False,False,False,False,False,True,False,2-circle,-1.000000,259.529274,98.319437,100.000000,0.000000,1.680563,17.752743,-76.539731,-1.780057,2,0,0,0.0000,0.0000,0.0000,0.5000,"Pursue",0.010179
392,A0100,adaptive_eagle_v9,HABFM,4262.080176,151.069318,25.283954,173.446794,-153.574089,11547.270924,219.731917,13684.732647,-46.362797,-6450.551516,-651.435611,11.821249,False,False,False,False,False,True,False,2-circle,-1.000000,277.606894,98.319437,100.000000,0.000000,1.680563,23.971513,-70.445964,-1.978320,1,8,4,0.0000,0.0000,0.0000,0.5000,"HeadOnBreak",0.020463
392,B0100,L7_close_level_aggressive,HABFM,4262.080176,151.069318,25.283954,173.446794,-153.574089,11547.270924,219.731917,13684.732647,-46.362797,-6450.551516,-651.435611,11.821249,False,False,False,False,False,True,False,2-circle,-1.000000,277.606894,98.319437,100.000000,0.000000,1.680563,23.971513,-70.445964,-1.978320,2,0,0,0.0000,0.0000,0.0000,0.5000,"Pursue",0.016567
393,A0100,adaptive_eagle_v9,HABFM,4482.438545,150.157491,26.227781,172.630328,-152.559322,11534.773660,219.481027,13667.357064,-86.877914,-6442.824179,-645.767912,11.129005,False,False,False,False,False,True,False,2-circle,-1.000000,293.900513,98.319437,100.000000,0.000000,1.680563,25.213337,-69.304952,-1.961726,1,8,4,0.0000,0.0000,0.0000,0.5000,"HeadOnBreak",-0.000402
393,B0100,L7_close_level_aggressive,HABFM,4482.438545,150.157491,26.227781,172.630328,-152.559322,11534.773660,219.481027,13667.357064,-86.877914,-6442.824179,-645.767912,11.129005,False,False,False,False,False,True,False,2-circle,-1.000000,293.900513,98.319437,100.000000,0.000000,1.680563,25.213337,-69.304952,-1.961726,2,0,0,0.0000,0.0000,0.0000,0.5000,"Pursue",0.020142
394,A0100,adaptive_eagle_v9,HABFM,4701.678540,149.083637,26.029150,171.783404,-151.348123,11522.454427,219.080964,13647.270516,-100.432740,-6535.308123,-645.621858,12.916866,False,False,False,False,False,True,False,2-circle,-1.000000,307.830052,98.319437,100.000000,0.000000,1.680563,22.649229,-71.937378,-1.863048,1,8,4,0.0000,0.0000,0.0000,0.5000,"HeadOnBreak",-0.011479
394,B0100,L7_close_level_aggressive,HABFM,4701.678540,149.083637,26.029150,171.783404,-151.348123,11522.454427,219.080964,13647.270516,-100.432740,-6535.308123,-645.621858,12.916866,False,False,False,False,False,True,False,2-circle,-1.000000,307.830052,98.319437,100.000000,0.000000,1.680563,22.649229,-71.937378,-1.863048,2,0,0,0.0000,0.0000,0.0000,0.5000,"Pursue",0.021379
395,A0100,adaptive_eagle_v9,HABFM,4921.458318,147.924656,25.249245,170.607758,-150.103883,11510.207736,218.751158,13628.631212,-93.196518,-6687.987278,-648.648089,17.632245,False,False,False,False,False,True,False,2-circle,-1.000000,320.557104,98.319437,100.000000,0.000000,1.680563,18.097911,-76.541559,-1.882357,1,0,4,0.0000,0.0000,0.0000,0.5000,"HeadOnBreak",-0.003889
395,B0100,L7_close_level_aggressive,HABFM,4921.458318,147.924656,25.249245,170.607758,-150.103883,11510.207736,218.751158,13628.631212,-93.196518,-6687.987278,-648.648089,17.632245,False,False,False,False,False,True,False,2-circle,-1.000000,320.557104,98.319437,100.000000,0.000000,1.680563,18.097911,-76.541559,-1.882357,2,0,0,0.0000,0.0000,0.0000,0.5000,"Pursue",0.019346
396,A0100,adaptive_eagle_v9,HABFM,5141.894488,146.839581,24.973469,169.544987,-149.020146,11497.746610,218.674678,13614.689056,-69.710782,-6794.069485,-649.339096,20.144559,False,False,False,False,False,True,False,2-circle,-1.000000,332.907747,98.319437,100.000000,0.000000,1.680563,16.526227,-78.163389,-2.026050,1,0,4,0.0000,0.0000,0.0000,0.5000,"HeadOnBreak",0.005908
396,B0100,L7_close_level_aggressive,HABFM,5141.894488,146.839581,24.973469,169.544987,-149.020146,11497.746610,218.674678,13614.689056,-69.710782,-6794.069485,-649.339096,20.144559,False,False,False,False,False,True,False,2-circle,-1.000000,332.907747,98.319437,100.000000,0.000000,1.680563,16.526227,-78.163389,-2.026050,3,0,0,0.0000,0.0000,0.0000,0.5000,"Pursue",0.013373
397,A0100,adaptive_eagle_v9,HABFM,5362.244803,146.077526,25.364920,169.211695,-148.291053,11484.870280,218.947432,13607.096962,-37.960470,-6832.262729,-647.490829,13.702729,False,False,False,False,False,True,False,2-circle,-1.000000,345.615791,98.319437,100.000000,0.000000,1.680563,21.856196,-72.892460,-2.105701,1,0,4,0.0000,0.0000,0.0000,0.5000,"HeadOnBreak",0.026758
397,B0100,L7_close_level_aggressive,HABFM,5362.244803,146.077526,25.364920,169.211695,-148.291053,11484.870280,218.947432,13607.096962,-37.960470,-6832.262729,-647.490829,13.702729,False,False,False,False,False,True,False,2-circle,-1.000000,345.615791,98.319437,100.000000,0.000000,1.680563,21.856196,-72.892460,-2.105701,3,0,0,0.0000,0.0000,0.0000,0.5000,"Pursue",0.010392
398,A0100,adaptive_eagle_v9,HABFM,5581.060833,145.502694,26.975102,169.717798,-147.720056,11471.651564,219.318299,13601.073849,-30.115566,-6791.351774,-640.016152,9.049043,False,False,False,False,False,True,False,2-circle,-1.000000,359.039271,98.319437,100.000000,0.000000,1.680563,29.780231,-65.043442,-1.937185,1,0,4,0.0000,0.0000,0.0000,0.5000,"HeadOnBreak",0.026886
398,B0100,L7_close_level_aggressive,HABFM,5581.060833,145.502694,26.975102,169.717798,-147.720056,11471.651564,219.318299,13601.073849,-30.115566,-6791.351774,-640.016152,9.049043,False,False,False,False,False,True,False,2-circle,-1.000000,359.039271,98.319437,100.000000,0.000000,1.680563,29.780231,-65.043442,-1.937185,3,0,0,0.0000,0.0000,0.0000,0.5000,"Pursue",0.013085
399,A0100,adaptive_eagle_v9,HABFM,5797.075148,144.863254,28.381299,169.677075,-146.967046,11458.431870,219.407319,13589.583157,-57.453461,-6771.434566,-632.823011,7.207319,False,False,False,False,False,True,False,2-circle,-1.000000,371.481174,98.319437,100.000000,0.000000,1.680563,35.187229,-59.706966,-1.467240,1,8,4,0.0000,0.0000,0.0000,0.5000,"HeadOnBreak",0.013062
399,B0100,L7_close_level_aggressive,HABFM,5797.075148,144.863254,28.381299,169.677075,-146.967046,11458.431870,219.407319,13589.583157,-57.453461,-6771.434566,-632.823011,7.207319,False,False,False,False,False,True,False,2-circle,-1.000000,371.481174,98.319437,100.000000,0.000000,1.680563,35.187229,-59.706966,-1.467240,3,0,0,0.0000,0.0000,0.0000,0.5000,"Pursue",0.019082
400,A0100,adaptive_eagle_v9,HABFM,6011.055335,143.984829,28.993751,169.364162,-145.868118,11445.709215,219.179172,13572.430712,-85.762224,-6829.054368,-629.046814,7.468116,False,False,False,False,False,True,False,2-circle,-1.000000,381.537615,98.319437,100.000000,0.000000,1.680563,34.385290,-60.556300,-0.856715,1,0,4,0.0000,0.0000,0.0000,0.5000,"HeadOnBreak",0.007185
400,B0100,L7_close_level_aggressive,HABFM,6011.055335,143.984829,28.993751,169.364162,-145.868118,11445.709215,219.179172,13572.430712,-85.762224,-6829.054368,-629.046814,7.468116,False,False,False,False,False,True,False,2-circle,-1.000000,381.537615,98.319437,100.000000,0.000000,1.680563,34.385290,-60.556300,-0.856715,3,0,0,0.0000,0.0000,0.0000,0.5000,"Pursue",0.023030
401,A0100,adaptive_eagle_v9,HABFM,6223.904361,142.913986,29.349123,169.052305,-144.581479,11433.731174,218.816683,13553.423951,-95.033803,-6909.000179,-625.923942,9.185455,False,False,False,False,False,True,False,2-circle,-1.000000,389.724372,98.319437,100.000000,0.000000,1.680563,29.663992,-65.308288,-0.307814,1,0,4,0.0000,0.0000,0.0000,0.5000,"HeadOnBreak",0.018597
401,B0100,L7_close_level_aggressive,HABFM,6223.904361,142.913986,29.349123,169.052305,-144.581479,11433.731174,218.816683,13553.423951,-95.033803,-6909.000179,-625.923942,9.185455,False,False,False,False,False,True,False,2-circle,-1.000000,389.724372,98.319437,100.000000,0.000000,1.680563,29.663992,-65.308288,-0.307814,3,0,0,0.0000,0.0000,0.0000,0.5000,"Pursue",0.024122
402,A0100,adaptive_eagle_v9,HABFM,6435.066765,141.755048,30.409223,169.058689,-143.281429,11422.299049,218.427430,13534.457090,-94.834306,-6953.329237,-618.709552,12.642151,False,False,False,False,False,True,False,2-circle,-1.000000,396.904788,98.319437,100.000000,0.000000,1.680563,23.504475,-71.494381,-0.008708,1,0,4,0.0000,0.0000,0.0000,0.5000,"HeadOnBreak",0.037623
402,B0100,L7_close_level_aggressive,HABFM,6435.066765,141.755048,30.409223,169.058689,-143.281429,11422.299049,218.427430,13534.457090,-94.834306,-6953.329237,-618.709552,12.642151,False,False,False,False,False,True,False,2-circle,-1.000000,396.904788,98.319437,100.000000,0.000000,1.680563,23.504475,-71.494381,-0.008708,3,0,0,0.0000,0.0000,0.0000,0.5000,"Pursue",0.021139
403,A0100,adaptive_eagle_v9,HABFM,6642.677437,140.705858,32.444187,169.197222,-142.179770,11411.026825,218.286933,13520.468565,-69.942626,-6913.094248,-605.896726,14.752335,False,False,False,False,False,True,False,2-circle,-1.000000,403.438898,98.319437,100.000000,0.000000,1.680563,21.045746,-73.983398,0.064170,1,8,4,0.0000,0.0000,0.0000,0.5000,"HeadOnBreak",0.028613
403,B0100,L7_close_level_aggressive,HABFM,6642.677437,140.705858,32.444187,169.197222,-142.179770,11411.026825,218.286933,13520.468565,-69.942626,-6913.094248,-605.896726,14.752335,False,False,False,False,False,True,False,2-circle,-1.000000,403.438898,98.319437,100.000000,0.000000,1.680563,21.045746,-73.983398,0.064170,2,0,0,0.0000,0.0000,0.0000,0.5000,"Pursue",0.021276
404,A0100,adaptive_eagle_v9,HABFM,6846.074064,139.676958,33.814792,168.459428,-141.085614,11399.692900,218.137407,13506.245716,-71.114243,-6913.189397,-596.460170,12.888420,False,False,False,False,False,True,False,2-circle,-1.000000,407.781544,98.319437,100.000000,0.000000,1.680563,23.248634,-71.796458,0.008816,1,8,4,0.0000,0.0000,0.0000,0.5000,"HeadOnBreak",0.004356
404,B0100,L7_close_level_aggressive,HABFM,6846.074064,139.676958,33.814792,168.459428,-141.085614,11399.692900,218.137407,13506.245716,-71.114243,-6913.189397,-596.460170,12.888420,False,False,False,False,False,True,False,2-circle,-1.000000,407.781544,98.319437,100.000000,0.000000,1.680563,23.248634,-71.796458,0.008816,2,0,0,0.0000,0.0000,0.0000,0.5000,"Pursue",0.025631
405,A0100,adaptive_eagle_v9,HABFM,7047.303569,138.467355,33.937119,167.432342,-139.784487,11388.473245,217.797471,13488.465639,-88.900386,-7019.025103,-593.889269,12.877569,False,False,False,False,False,True,False,2-circle,-1.000000,409.576547,98.319437,100.000000,0.000000,1.680563,23.286396,-71.753047,-0.150357,1,8,4,0.0000,0.0000,0.0000,0.5000,"HeadOnBreak",-0.010373
405,B0100,L7_close_level_aggressive,HABFM,7047.303569,138.467355,33.937119,167.432342,-139.784487,11388.473245,217.797471,13488.465639,-88.900386,-7019.025103,-593.889269,12.877569,False,False,False,False,False,True,False,2-circle,-1.000000,409.576547,98.319437,100.000000,0.000000,1.680563,23.286396,-71.753047,-0.150357,2,0,0,0.0000,0.0000,0.0000,0.5000,"Pursue",0.026422
406,A0100,adaptive_eagle_v9,HABFM,7248.460759,137.229787,33.323399,166.159805,-138.471487,11377.368414,217.486723,13471.372650,-85.464942,-7194.361797,-595.967293,14.522544,False,False,False,False,False,True,False,2-circle,-1.000000,409.933988,98.319437,100.000000,0.000000,1.680563,21.343414,-73.679518,-0.332933,1,0,4,0.0000,0.0000,0.0000,0.5000,"HeadOnBreak",0.000398
406,B0100,L7_close_level_aggressive,HABFM,7248.460759,137.229787,33.323399,166.159805,-138.471487,11377.368414,217.486723,13471.372650,-85.464942,-7194.361797,-595.967293,14.522544,False,False,False,False,False,True,False,2-circle,-1.000000,409.933988,98.319437,100.000000,0.000000,1.680563,21.343414,-73.679518,-0.332933,2,0,0,0.0000,0.0000,0.0000,0.5000,"Pursue",0.027587
407,A0100,adaptive_eagle_v9,HABFM,7449.838133,135.939026,33.342837,165.192375,-137.131806,11366.253281,217.215888,13455.045460,-81.635954,-7320.542632,-593.912600,18.265127,False,False,False,False,False,True,False,2-circle,-1.000000,409.576638,98.319437,100.000000,0.000000,1.680563,18.127273,-76.876662,-0.602856,1,0,4,0.0000,0.0000,0.0000,0.5000,"HeadOnBreak",0.018982
407,B0100,L7_close_level_aggressive,HABFM,7449.838133,135.939026,33.342837,165.192375,-137.131806,11366.253281,217.215888,13455.045460,-81.635954,-7320.542632,-593.912600,18.265127,False,False,False,False,False,True,False,2-circle,-1.000000,409.576638,98.319437,100.000000,0.000000,1.680563,18.127273,-76.876662,-0.602856,2,0,0,0.0000,0.0000,0.0000,0.5000,"Pursue",0.028536
408,A0100,adaptive_eagle_v9,HABFM,7649.396019,134.601928,34.448147,165.038142,-135.778850,11354.936302,216.995121,13439.484757,-77.803512,-7375.344160,-585.123778,25.814641,False,False,False,False,False,True,False,2-circle,-1.000000,409.552424,98.319437,100.000000,0.000000,1.680563,14.375889,-80.622276,-1.046299,1,0,4,0.0000,0.0000,0.0000,0.5000,"HeadOnBreak",0.038973
408,B0100,L7_close_level_aggressive,HABFM,7649.396019,134.601928,34.448147,165.038142,-135.778850,11354.936302,216.995121,13439.484757,-77.803512,-7375.344160,-585.123778,25.814641,False,False,False,False,False,True,False,2-circle,-1.000000,409.552424,98.319437,100.000000,0.000000,1.680563,14.375889,-80.622276,-1.046299,2,0,0,0.0000,0.0000,0.0000,0.5000,"Pursue",0.024900
409,A0100,adaptive_eagle_v9,HABFM,7844.838751,133.427683,36.545682,165.288736,-134.631178,11343.170442,216.999740,13427.807647,-58.385552,-7334.228469,-570.114802,26.872610,False,False,False,False,False,True,False,2-circle,-1.000000,410.449744,98.319437,100.000000,0.000000,1.680563,14.032101,-80.983903,-1.569277,1,0,4,0.0000,0.0000,0.0000,0.5000,"HeadOnBreak",0.034398
409,B0100,L7_close_level_aggressive,HABFM,7844.838751,133.427683,36.545682,165.288736,-134.631178,11343.170442,216.999740,13427.807647,-58.385552,-7334.228469,-570.114802,26.872610,False,False,False,False,False,True,False,2-circle,-1.000000,410.449744,98.319437,100.000000,0.000000,1.680563,14.032101,-80.983903,-1.569277,2,0,0,0.0000,0.0000,0.0000,0.5000,"Pursue",0.017168
410,A0100,adaptive_eagle_v9,HABFM,8035.481106,132.626991,38.227275,164.845140,-133.860911,11330.834766,217.320147,13421.632591,-30.875277,-7320.463514,-558.865356,15.758771,False,False,False,False,False,True,False,2-circle,-1.000000,410.574050,98.319437,100.000000,0.000000,1.680563,20.159682,-74.878013,-1.939959,1,8,4,0.0000,0.0000,0.0000,0.5000,"HeadOnBreak",0.017209
410,B0100,L7_close_level_aggressive,HABFM,8035.481106,132.626991,38.227275,164.845140,-133.860911,11330.834766,217.320147,13421.632591,-30.875277,-7320.463514,-558.865356,15.758771,False,False,False,False,False,True,False,2-circle,-1.000000,410.574050,98.319437,100.000000,0.000000,1.680563,20.159682,-74.878013,-1.939959,2,0,0,0.0000,0.0000,0.0000,0.5000,"Pursue",0.018306
411,A0100,adaptive_eagle_v9,HABFM,8223.246578,131.817571,39.024658,164.113447,-133.034571,11318.092111,217.533820,13413.003376,-43.146077,-7388.206683,-553.315286,11.009989,False,False,False,False,False,True,False,2-circle,-1.000000,408.802846,98.319437,100.000000,0.000000,1.680563,26.177724,-68.869117,-2.063924,1,8,4,0.0000,0.0000,0.0000,0.5000,"HeadOnBreak",-0.000540
411,B0100,L7_close_level_aggressive,HABFM,8223.246578,131.817571,39.024658,164.113447,-133.034571,11318.092111,217.533820,13413.003376,-43.146077,-7388.206683,-553.315286,11.009989,False,False,False,False,False,True,False,2-circle,-1.000000,408.802846,98.319437,100.000000,0.000000,1.680563,26.177724,-68.869117,-2.063924,2,0,0,0.0000,0.0000,0.0000,0.5000,"Pursue",0.027241
412,A0100,adaptive_eagle_v9,HABFM,8409.905027,130.657436,38.977371,163.273971,-131.796191,11305.340097,217.333739,13396.399462,-83.019570,-7543.004052,-552.061425,10.461985,False,False,False,False,False,True,False,2-circle,-1.000000,405.613237,98.319437,100.000000,0.000000,1.680563,27.201845,-67.844853,-1.975167,1,0,4,0.0000,0.0000,0.0000,0.5000,"HeadOnBreak",0.007488
412,B0100,L7_close_level_aggressive,HABFM,8409.905027,130.657436,38.977371,163.273971,-131.796191,11305.340097,217.333739,13396.399462,-83.019570,-7543.004052,-552.061425,10.461985,False,False,False,False,False,True,False,2-circle,-1.000000,405.613237,98.319437,100.000000,0.000000,1.680563,27.201845,-67.844853,-1.975167,2,0,0,0.0000,0.0000,0.0000,0.5000,"Pursue",0.031712
413,A0100,adaptive_eagle_v9,HABFM,8595.598454,129.326766,39.389948,162.840874,-130.379422,11292.834052,216.980382,13377.099349,-96.500563,-7653.437261,-546.644220,12.092628,False,False,False,False,False,True,False,2-circle,-1.000000,401.666794,98.319437,100.000000,0.000000,1.680563,24.483264,-70.561767,-1.814487,1,0,4,0.0000,0.0000,0.0000,0.5000,"HeadOnBreak",0.023256
413,B0100,L7_close_level_aggressive,HABFM,8595.598454,129.326766,39.389948,162.840874,-130.379422,11292.834052,216.980382,13377.099349,-96.500563,-7653.437261,-546.644220,12.092628,False,False,False,False,False,True,False,2-circle,-1.000000,401.666794,98.319437,100.000000,0.000000,1.680563,24.483264,-70.561767,-1.814487,2,0,0,0.0000,0.0000,0.0000,0.5000,"Pursue",0.032216
414,A0100,adaptive_eagle_v9,HABFM,8778.508445,127.978983,40.648189,163.123603,-128.977617,11280.470176,216.691958,13359.198076,-89.506367,-7699.753077,-535.271119,16.178756,False,False,False,False,False,True,False,2-circle,-1.000000,398.246049,98.319437,100.000000,0.000000,1.680563,19.858280,-75.202149,-1.776385,2,6,4,0.0000,0.0000,0.0000,0.5000,"ExtensionBreak",0.022865
414,B0100,L7_close_level_aggressive,HABFM,8778.508445,127.978983,40.648189,163.123603,-128.977617,11280.470176,216.691958,13359.198076,-89.506367,-7699.753077,-535.271119,16.178756,False,False,False,False,False,True,False,2-circle,-1.000000,398.246049,98.319437,100.000000,0.000000,1.680563,19.858280,-75.202149,-1.776385,2,0,0,0.0000,0.0000,0.0000,0.5000,"Pursue",0.028134
415,A0100,adaptive_eagle_v9,HABFM,8957.224591,126.798536,41.834290,163.178980,-127.788681,11267.962479,216.651226,13345.908967,-66.445544,-7733.001314,-524.720854,18.338766,False,False,False,False,False,True,False,2-circle,-1.000000,396.148016,98.319437,100.000000,0.000000,1.680563,18.229294,-76.876298,-1.865017,2,6,4,0.0000,0.0000,0.0000,0.5000,"ExtensionBreak",-0.001342
415,B0100,L7_close_level_aggressive,HABFM,8957.224591,126.798536,41.834290,163.178980,-127.788681,11267.962479,216.651226,13345.908967,-66.445544,-7733.001314,-524.720854,18.338766,False,False,False,False,False,True,False,2-circle,-1.000000,396.148016,98.319437,100.000000,0.000000,1.680563,18.229294,-76.876298,-1.865017,2,0,0,0.0000,0.0000,0.0000,0.5000,"Pursue",0.019454
416,A0100,adaptive_eagle_v9,HABFM,9134.230701,125.989829,41.793959,162.538873,-126.985919,11255.099847,216.955294,13338.883187,-35.128903,-7860.647836,-524.473140,12.910429,False,False,False,False,False,True,False,2-circle,-1.000000,394.828512,98.319437,100.000000,0.000000,1.680563,23.474511,-71.696960,-1.899490,2,6,4,0.0000,0.0000,0.0000,0.5000,"ExtensionBreak",-0.010625
416,B0100,L7_close_level_aggressive,HABFM,9134.230701,125.989829,41.793959,162.538873,-126.985919,11255.099847,216.955294,13338.883187,-35.128903,-7860.647836,-524.473140,12.910429,False,False,False,False,False,True,False,2-circle,-1.000000,394.828512,98.319437,100.000000,0.000000,1.680563,23.474511,-71.696960,-1.899490,2,0,0,0.0000,0.0000,0.0000,0.5000,"Pursue",0.020528
417,A0100,adaptive_eagle_v9,HABFM,9311.797243,125.166000,41.293808,161.679521,-126.135726,11241.989179,217.168418,13329.868508,-45.073393,-8001.542324,-526.936551,9.696460,False,False,False,False,False,True,False,2-circle,-1.000000,393.952484,98.319437,100.000000,0.000000,1.680563,29.004948,-66.246839,-1.799780,2,6,4,0.0000,0.0000,0.0000,0.5000,"ExtensionBreak",-0.020164
417,B0100,L7_close_level_aggressive,HABFM,9311.797243,125.166000,41.293808,161.679521,-126.135726,11241.989179,217.168418,13329.868508,-45.073393,-8001.542324,-526.936551,9.696460,False,False,False,False,False,True,False,2-circle,-1.000000,393.952484,98.319437,100.000000,0.000000,1.680563,29.004948,-66.246839,-1.799780,2,0,0,0.0000,0.0000,0.0000,0.5000,"Pursue",0.030461
418,A0100,adaptive_eagle_v9,HABFM,9490.512521,123.979512,40.258724,159.938541,-124.875312,11229.025250,216.969851,13313.088238,-83.901348,-8176.297650,-531.213576,9.414163,False,False,False,False,False,True,False,2-circle,-1.000000,392.529476,98.319437,100.000000,0.000000,1.680563,29.739922,-65.592836,-1.574595,2,6,4,0.0000,0.0000,0.0000,0.5000,"ExtensionBreak",-0.020658
418,B0100,L7_close_level_aggressive,HABFM,9490.512521,123.979512,40.258724,159.938541,-124.875312,11229.025250,216.969851,13313.088238,-83.901348,-8176.297650,-531.213576,9.414163,False,False,False,False,False,True,False,2-circle,-1.000000,392.529476,98.319437,100.000000,0.000000,1.680563,29.739922,-65.592836,-1.574595,2,0,0,0.0000,0.0000,0.0000,0.5000,"Pursue",0.035882
419,A0100,adaptive_eagle_v9,HABFM,9670.559896,122.608140,39.127187,157.560790,-123.423248,11216.463074,216.615263,13293.719769,-96.842345,-8360.479463,-535.183807,10.864080,False,False,False,False,False,True,False,2-circle,-1.000000,388.720401,98.319437,100.000000,0.000000,1.680563,26.888745,-68.499490,-1.325903,1,1,4,0.0000,0.0000,0.0000,0.5000,"HeadOnBreak",-0.017557
419,B0100,L7_close_level_aggressive,HABFM,9670.559896,122.608140,39.127187,157.560790,-123.423248,11216.463074,216.615263,13293.719769,-96.842345,-8360.479463,-535.183807,10.864080,False,False,False,False,False,True,False,2-circle,-1.000000,388.720401,98.319437,100.000000,0.000000,1.680563,26.888745,-68.499490,-1.325903,2,0,0,0.0000,0.0000,0.0000,0.5000,"Pursue",0.037317
420,A0100,adaptive_eagle_v9,HABFM,9851.587228,121.199825,38.166113,155.232100,-121.957043,11204.188573,216.321903,13275.822667,-89.485511,-8512.619593,-537.388957,14.190277,False,False,False,False,False,True,False,2-circle,-1.000000,382.093832,98.319437,100.000000,0.000000,1.680563,22.217387,-73.193294,-1.217384,1,1,4,0.0000,0.0000,0.0000,0.5000,"HeadOnBreak",-0.016895
420,B0100,L7_close_level_aggressive,HABFM,9851.587228,121.199825,38.166113,155.232100,-121.957043,11204.188573,216.321903,13275.822667,-89.485511,-8512.619593,-537.388957,14.190277,False,False,False,False,False,True,False,2-circle,-1.000000,382.093832,98.319437,100.000000,0.000000,1.680563,22.217387,-73.193294,-1.217384,2,0,0,0.0000,0.0000,0.0000,0.5000,"Pursue",0.039044
421,A0100,adaptive_eagle_v9,HABFM,10032.861216,119.741966,37.287365,153.064846,-120.467044,11191.938606,216.101897,13259.360997,-82.308351,-8559.172895,-537.036877,20.643962,False,False,False,False,False,True,False,2-circle,-1.000000,373.813009,98.319437,100.000000,0.000000,1.680563,17.157581,-78.257289,-1.381560,1,1,4,0.0000,0.0000,0.0000,0.5000,"HeadOnBreak",-0.012144
421,B0100,L7_close_level_aggressive,HABFM,10032.861216,119.741966,37.287365,153.064846,-120.467044,11191.938606,216.101897,13259.360997,-82.308351,-8559.172895,-537.036877,20.643962,False,False,False,False,False,True,False,2-circle,-1.000000,373.813009,98.319437,100.000000,0.000000,1.680563,17.157581,-78.257289,-1.381560,2,0,0,0.0000,0.0000,0.0000,0.5000,"Pursue",0.035305
422,A0100,adaptive_eagle_v9,HABFM,10213.708649,118.434961,36.734696,151.613428,-119.158480,11179.393440,216.128245,13247.320000,-60.204985,-8568.967311,-534.984678,23.143241,False,False,False,False,False,True,False,2-circle,-1.000000,366.231103,98.319437,100.000000,0.000000,1.680563,15.939824,-79.494831,-1.731815,1,0,4,0.0000,0.0000,0.0000,0.5000,"HeadOnBreak",0.003014
422,B0100,L7_close_level_aggressive,HABFM,10213.708649,118.434961,36.734696,151.613428,-119.158480,11179.393440,216.128245,13247.320000,-60.204985,-8568.967311,-534.984678,23.143241,False,False,False,False,False,True,False,2-circle,-1.000000,366.231103,98.319437,100.000000,0.000000,1.680563,15.939824,-79.494831,-1.731815,2,0,0,0.0000,0.0000,0.0000,0.5000,"Pursue",0.026111
423,A0100,adaptive_eagle_v9,HABFM,10393.508198,117.482089,37.010887,151.357252,-118.212053,11166.371183,216.482233,13241.077241,-31.213796,-8547.802354,-529.602102,14.660411,False,False,False,False,False,True,False,2-circle,-1.000000,361.082787,98.319437,100.000000,0.000000,1.680563,21.793768,-73.705706,-2.011893,1,0,4,0.0000,0.0000,0.0000,0.5000,"HeadOnBreak",0.028743
423,B0100,L7_close_level_aggressive,HABFM,10393.508198,117.482089,37.010887,151.357252,-118.212053,11166.371183,216.482233,13241.077241,-31.213796,-8547.802354,-529.602102,14.660411,False,False,False,False,False,True,False,2-circle,-1.000000,361.082787,98.319437,100.000000,0.000000,1.680563,21.793768,-73.705706,-2.011893,2,0,0,0.0000,0.0000,0.0000,0.5000,"Pursue",0.027506
424,A0100,adaptive_eagle_v9,HABFM,10570.378708,116.503444,38.612023,152.310477,-117.217273,11153.008127,216.730910,13232.483423,-42.969089,-8514.189669,-516.472123,10.419092,False,False,False,False,False,True,False,2-circle,-1.000000,359.056850,98.319437,100.000000,0.000000,1.680563,27.967379,-67.661193,-2.096227,1,0,4,0.0000,0.0000,0.0000,0.5000,"HeadOnBreak",0.042056
424,B0100,L7_close_level_aggressive,HABFM,10570.378708,116.503444,38.612023,152.310477,-117.217273,11153.008127,216.730910,13232.483423,-42.969089,-8514.189669,-516.472123,10.419092,False,False,False,False,False,True,False,2-circle,-1.000000,359.056850,98.319437,100.000000,0.000000,1.680563,27.967379,-67.661193,-2.096227,2,0,0,0.0000,0.0000,0.0000,0.5000,"Pursue",0.038348
425,A0100,adaptive_eagle_v9,HABFM,10741.799129,115.176563,40.742575,153.023963,-115.840381,11139.707083,216.564238,13215.985276,-82.490734,-8483.196699,-498.200288,9.826681,False,False,False,False,False,True,False,2-circle,-1.000000,358.388760,98.319437,100.000000,0.000000,1.680563,29.367633,-66.437374,-1.984954,2,6,4,0.0000,0.0000,0.0000,0.5000,"ExtensionBreak",0.029220
425,B0100,L7_close_level_aggressive,HABFM,10741.799129,115.176563,40.742575,153.023963,-115.840381,11139.707083,216.564238,13215.985276,-82.490734,-8483.196699,-498.200288,9.826681,False,False,False,False,False,True,False,2-circle,-1.000000,358.388760,98.319437,100.000000,0.000000,1.680563,29.367633,-66.437374,-1.984954,2,0,0,0.0000,0.0000,0.0000,0.5000,"Pursue",0.043618
426,A0100,adaptive_eagle_v9,HABFM,10907.388752,113.703970,42.118565,152.576071,-114.311605,11126.739224,216.241174,13196.827383,-95.789466,-8524.241056,-484.361861,11.141394,False,False,False,False,False,True,False,2-circle,-1.000000,355.866657,98.319437,100.000000,0.000000,1.680563,27.052410,-68.928677,-1.793990,2,6,4,0.0000,0.0000,0.0000,0.5000,"ExtensionBreak",0.003238
426,B0100,L7_close_level_aggressive,HABFM,10907.388752,113.703970,42.118565,152.576071,-114.311605,11126.739224,216.241174,13196.827383,-95.789466,-8524.241056,-484.361861,11.141394,False,False,False,False,False,True,False,2-circle,-1.000000,355.866657,98.319437,100.000000,0.000000,1.680563,27.052410,-68.928677,-1.793990,2,0,0,0.0000,0.0000,0.0000,0.5000,"Pursue",0.044530
427,A0100,adaptive_eagle_v9,HABFM,11069.840866,112.229569,42.245491,151.142982,-112.796373,11114.013142,215.978093,13179.067385,-88.799989,-8666.562074,-479.530242,14.416034,False,False,False,False,False,True,False,2-circle,-1.000000,351.064417,98.319437,100.000000,0.000000,1.680563,22.748942,-73.396051,-1.705713,1,0,4,0.0000,0.0000,0.0000,0.5000,"SmartHighYoYo",-0.001170
427,B0100,L7_close_level_aggressive,HABFM,11069.840866,112.229569,42.245491,151.142982,-112.796373,11114.013142,215.978093,13179.067385,-88.799989,-8666.562074,-479.530242,14.416034,False,False,False,False,False,True,False,2-circle,-1.000000,351.064417,98.319437,100.000000,0.000000,1.680563,22.748942,-73.396051,-1.705713,2,0,0,0.0000,0.0000,0.0000,0.5000,"Pursue",0.046029
428,A0100,adaptive_eagle_v9,HABFM,11231.087491,110.731378,42.175969,149.523181,-111.275027,11101.281849,215.786992,13162.683306,-81.920393,-8822.912264,-475.998143,20.938301,False,False,False,False,False,True,False,2-circle,-1.000000,345.019130,98.319437,100.000000,0.000000,1.680563,17.924785,-78.386196,-1.869259,1,0,4,0.0000,0.0000,0.0000,0.5000,"SmartHighYoYo",0.003014
428,B0100,L7_close_level_aggressive,HABFM,11231.087491,110.731378,42.175969,149.523181,-111.275027,11101.281849,215.786992,13162.683306,-81.920393,-8822.912264,-475.998143,20.938301,False,False,False,False,False,True,False,2-circle,-1.000000,345.019130,98.319437,100.000000,0.000000,1.680563,17.924785,-78.386196,-1.869259,2,0,0,0.0000,0.0000,0.0000,0.5000,"Pursue",0.041221
429,A0100,adaptive_eagle_v9,HABFM,11391.020164,109.410348,42.320668,148.207474,-109.951209,11088.233910,215.842237,13150.691011,-59.961478,-8951.596641,-471.576063,23.558870,False,False,False,False,False,True,False,2-circle,-1.000000,338.267381,98.319437,100.000000,0.000000,1.680563,16.841263,-79.649015,-2.211300,1,0,4,0.0000,0.0000,0.0000,0.5000,"SmartHighYoYo",0.018368
429,B0100,L7_close_level_aggressive,HABFM,11391.020164,109.410348,42.320668,148.207474,-109.951209,11088.233910,215.842237,13150.691011,-59.961478,-8951.596641,-471.576063,23.558870,False,False,False,False,False,True,False,2-circle,-1.000000,338.267381,98.319437,100.000000,0.000000,1.680563,16.841263,-79.649015,-2.211300,2,0,0,0.0000,0.0000,0.0000,0.5000,"Pursue",0.030217
430,A0100,adaptive_eagle_v9,HABFM,11548.839396,108.461108,43.226564,148.007977,-109.003334,11074.690221,216.227062,13144.508196,-30.914073,-9044.382339,-463.588311,14.903485,False,False,False,False,False,True,False,2-circle,-1.000000,331.465363,98.319437,100.000000,0.000000,1.680563,22.782864,-73.918890,-2.484468,1,0,4,0.0000,0.0000,0.0000,0.5000,"SmartHighYoYo",0.032814
430,B0100,L7_close_level_aggressive,HABFM,11548.839396,108.461108,43.226564,148.007977,-109.003334,11074.690221,216.227062,13144.508196,-30.914073,-9044.382339,-463.588311,14.903485,False,False,False,False,False,True,False,2-circle,-1.000000,331.465363,98.319437,100.000000,0.000000,1.680563,22.782864,-73.918890,-2.484468,2,0,0,0.0000,0.0000,0.0000,0.5000,"Pursue",0.031970
431,A0100,adaptive_eagle_v9,HABFM,11703.154658,107.484388,44.822278,148.614421,-108.009919,11060.786458,216.508020,13135.986813,-42.606918,-9056.389064,-449.556030,10.580574,False,False,False,False,False,True,False,2-circle,-1.000000,325.357591,98.319437,100.000000,0.000000,1.680563,29.050767,-67.921312,-2.567694,1,0,4,0.0000,0.0000,0.0000,0.5000,"SmartHighYoYo",0.035217
431,B0100,L7_close_level_aggressive,HABFM,11703.154658,107.484388,44.822278,148.614421,-108.009919,11060.786458,216.508020,13135.986813,-42.606918,-9056.389064,-449.556030,10.580574,False,False,False,False,False,True,False,2-circle,-1.000000,325.357591,98.319437,100.000000,0.000000,1.680563,29.050767,-67.921312,-2.567694,2,0,0,0.0000,0.0000,0.0000,0.5000,"Pursue",0.045078
432,A0100,adaptive_eagle_v9,HABFM,11851.932967,106.143503,46.473426,148.930382,-106.626956,11046.921473,216.373942,13119.552388,-82.172124,-9076.438632,-433.100423,9.983341,False,False,False,False,False,True,False,2-circle,-1.000000,319.633697,98.319437,100.000000,0.000000,1.680563,30.590915,-66.720535,-2.461014,1,0,4,0.0000,0.0000,0.0000,0.5000,"SmartHighYoYo",0.028953
432,B0100,L7_close_level_aggressive,HABFM,11851.932967,106.143503,46.473426,148.930382,-106.626956,11046.921473,216.373942,13119.552388,-82.172124,-9076.438632,-433.100423,9.983341,False,False,False,False,False,True,False,2-circle,-1.000000,319.633697,98.319437,100.000000,0.000000,1.680563,30.590915,-66.720535,-2.461014,2,0,0,0.0000,0.0000,0.0000,0.5000,"Pursue",0.051527
433,A0100,adaptive_eagle_v9,HABFM,11995.594974,104.647798,47.809064,148.895094,-105.085718,11033.363541,216.083898,13100.441565,-95.554114,-9131.641328,-418.193581,11.328643,False,False,False,False,False,True,False,2-circle,-1.000000,313.629541,98.319437,100.000000,0.000000,1.680563,28.512669,-69.206678,-2.278257,1,0,4,0.0000,0.0000,0.0000,0.5000,"SmartHighYoYo",0.039295
433,B0100,L7_close_level_aggressive,HABFM,11995.594974,104.647798,47.809064,148.895094,-105.085718,11033.363541,216.083898,13100.441565,-95.554114,-9131.641328,-418.193581,11.328643,False,False,False,False,False,True,False,2-circle,-1.000000,313.629541,98.319437,100.000000,0.000000,1.680563,28.512669,-69.206678,-2.278257,2,0,0,0.0000,0.0000,0.0000,0.5000,"Pursue",0.052260
434,A0100,adaptive_eagle_v9,HABFM,12133.698769,103.161930,49.589543,149.338927,-103.566783,11020.022032,215.854533,13082.714134,-88.637155,-9133.135442,-399.270768,14.680951,False,False,False,False,False,True,False,2-circle,-1.000000,308.104804,98.319437,100.000000,0.000000,1.680563,24.588118,-73.648936,-2.199973,1,0,4,0.0000,0.0000,0.0000,0.5000,"SmartHighYoYo",0.056399
434,B0100,L7_close_level_aggressive,HABFM,12133.698769,103.161930,49.589543,149.338927,-103.566783,11020.022032,215.854533,13082.714134,-88.637155,-9133.135442,-399.270768,14.680951,False,False,False,False,False,True,False,2-circle,-1.000000,308.104804,98.319437,100.000000,0.000000,1.680563,24.588118,-73.648936,-2.199973,2,0,0,0.0000,0.0000,0.0000,0.5000,"Pursue",0.053252
435,A0100,adaptive_eagle_v9,HABFM,12264.344923,101.676938,52.021294,150.040238,-102.061645,11006.652203,215.697702,13066.348053,-81.830408,-9072.557012,-374.544137,21.392759,False,False,False,False,False,True,False,2-circle,-1.000000,303.270480,98.319437,100.000000,0.000000,1.680563,20.305472,-78.606070,-2.373733,4,0,3,0.0000,0.0000,0.0000,0.5000,"SmartHighYoYo",0.044035
435,B0100,L7_close_level_aggressive,HABFM,12264.344923,101.676938,52.021294,150.040238,-102.061645,11006.652203,215.697702,13066.348053,-81.830408,-9072.557012,-374.544137,21.392759,False,False,False,False,False,True,False,2-circle,-1.000000,303.270480,98.319437,100.000000,0.000000,1.680563,20.305472,-78.606070,-2.373733,2,0,0,0.0000,0.0000,0.0000,0.5000,"Pursue",0.046864
436,A0100,adaptive_eagle_v9,HABFM,12387.266077,100.395301,53.816489,149.816669,-100.772689,10992.945577,215.787925,13054.364873,-59.915900,-9077.557858,-355.860895,24.050278,False,False,False,False,False,True,False,2-circle,-1.000000,297.095361,98.319437,100.000000,0.000000,1.680563,19.896035,-79.839325,-2.725214,1,0,4,0.0000,0.0000,0.0000,0.5000,"SmartHighYoYo",0.029400
436,B0100,L7_close_level_aggressive,HABFM,12387.266077,100.395301,53.816489,149.816669,-100.772689,10992.945577,215.787925,13054.364873,-59.915900,-9077.557858,-355.860895,24.050278,False,False,False,False,False,True,False,2-circle,-1.000000,297.095361,98.319437,100.000000,0.000000,1.680563,19.896035,-79.839325,-2.725214,2,0,0,0.0000,0.0000,0.0000,0.5000,"Pursue",0.033751
437,A0100,adaptive_eagle_v9,HABFM,12505.166605,99.494251,54.984688,149.377339,-99.866142,10978.726493,216.208528,13048.189640,-30.876165,-9146.158956,-344.160348,15.093973,False,False,False,False,False,True,False,2-circle,-1.000000,288.731041,98.319437,100.000000,0.000000,1.680563,26.646530,-74.088421,-3.006560,1,0,4,0.0000,0.0000,0.0000,0.5000,"SmartHighYoYo",0.033280
437,B0100,L7_close_level_aggressive,HABFM,12505.166605,99.494251,54.984688,149.377339,-99.866142,10978.726493,216.208528,13048.189640,-30.876165,-9146.158956,-344.160348,15.093973,False,False,False,False,False,True,False,2-circle,-1.000000,288.731041,98.319437,100.000000,0.000000,1.680563,26.646530,-74.088421,-3.006560,2,0,0,0.0000,0.0000,0.0000,0.5000,"Pursue",0.036178
438,A0100,adaptive_eagle_v9,HABFM,12619.058643,98.557615,56.298399,149.170453,-98.909939,10964.132388,216.524983,13039.657935,-42.658521,-9211.150696,-330.868969,10.676533,False,False,False,False,False,True,False,2-circle,-1.000000,278.355965,98.319437,100.000000,0.000000,1.680563,33.933722,-68.073557,-3.096368,1,0,4,0.0000,0.0000,0.0000,0.5000,"SmartHighYoYo",0.038925
438,B0100,L7_close_level_aggressive,HABFM,12619.058643,98.557615,56.298399,149.170453,-98.909939,10964.132388,216.524983,13039.657935,-42.658521,-9211.150696,-330.868969,10.676533,False,False,False,False,False,True,False,2-circle,-1.000000,278.355965,98.319437,100.000000,0.000000,1.680563,33.933722,-68.073557,-3.096368,2,0,0,0.0000,0.0000,0.0000,0.5000,"Pursue",0.052200
439,A0100,adaptive_eagle_v9,HABFM,12727.733211,97.242076,57.820933,149.083378,-97.555602,10949.561798,216.425362,13023.177938,-82.399987,-9270.048448,-313.776319,10.060645,False,False,False,False,False,True,False,2-circle,-1.000000,266.072761,98.319437,100.000000,0.000000,1.680563,36.877660,-66.855047,-2.994797,1,0,4,0.0000,0.0000,0.0000,0.5000,"SmartHighYoYo",0.040952
439,B0100,L7_close_level_aggressive,HABFM,12727.733211,97.242076,57.820933,149.083378,-97.555602,10949.561798,216.425362,13023.177938,-82.399987,-9270.048448,-313.776319,10.060645,False,False,False,False,False,True,False,2-circle,-1.000000,266.072761,98.319437,100.000000,0.000000,1.680563,36.877660,-66.855047,-2.994797,2,0,0,0.0000,0.0000,0.0000,0.5000,"Pursue",0.060017
440,A0100,adaptive_eagle_v9,HABFM,12830.283495,95.769126,59.402456,149.142718,-96.040751,10935.283452,216.169481,13003.999187,-95.893757,-9325.523129,-295.156892,11.409320,False,False,False,False,False,True,False,2-circle,-1.000000,252.437741,98.319437,100.000000,0.000000,1.680563,36.981988,-69.320691,-2.816129,1,0,4,0.0000,0.0000,0.0000,0.5000,"SmartHighYoYo",0.040268
440,B0100,L7_close_level_aggressive,HABFM,12830.283495,95.769126,59.402456,149.142718,-96.040751,10935.283452,216.169481,13003.999187,-95.893757,-9325.523129,-295.156892,11.409320,False,False,False,False,False,True,False,2-circle,-1.000000,252.437741,98.319437,100.000000,0.000000,1.680563,36.981988,-69.320691,-2.816129,2,0,0,0.0000,0.0000,0.0000,0.5000,"Pursue",0.060939
441,A0100,adaptive_eagle_v9,HABFM,12926.556311,94.310194,60.935924,149.329701,-94.547066,10921.208463,215.974533,12986.194615,-89.022859,-9369.123263,-276.645884,14.782291,False,False,False,False,False,True,False,2-circle,-1.000000,238.571622,98.319437,100.000000,0.000000,1.680563,36.936856,-73.740631,-2.741285,1,0,4,0.0000,0.0000,0.0000,0.5000,"SmartHighYoYo",0.048302
441,B0100,L7_close_level_aggressive,HABFM,12926.556311,94.310194,60.935924,149.329701,-94.547066,10921.208463,215.974533,12986.194615,-89.022859,-9369.123263,-276.645884,14.782291,False,False,False,False,False,True,False,2-circle,-1.000000,238.571622,98.319437,100.000000,0.000000,1.680563,36.936856,-73.740631,-2.741285,2,0,0,0.0000,0.0000,0.0000,0.5000,"Pursue",0.053749
442,A0100,adaptive_eagle_v9,HABFM,13016.451435,93.051297,62.732378,150.009343,-93.263959,10907.062853,216.022999,12972.975901,-66.093568,-9365.320745,-256.274204,16.409877,False,False,False,False,False,True,False,2-circle,-1.000000,225.940052,98.319437,100.000000,0.000000,1.680563,44.421644,-75.279813,-2.773616,1,0,4,0.0000,0.0000,0.0000,0.5000,"SmartHighYoYo",0.070840
442,B0100,L7_close_level_aggressive,HABFM,13016.451435,93.051297,62.732378,150.009343,-93.263959,10907.062853,216.022999,12972.975901,-66.093568,-9365.320745,-256.274204,16.409877,False,False,False,False,False,True,False,2-circle,-1.000000,225.940052,98.319437,100.000000,0.000000,1.680563,44.421644,-75.279813,-2.773616,2,0,0,0.0000,0.0000,0.0000,0.5000,"Pursue",0.037648
443,A0100,adaptive_eagle_v9,HABFM,13098.640941,92.189212,65.243964,151.403481,-92.384677,10892.631061,216.413919,12966.027929,-34.739859,-9283.924083,-230.862864,11.873539,False,False,False,False,False,True,False,2-circle,-1.000000,215.237150,98.319437,100.000000,0.000000,1.680563,74.168339,-70.073068,-2.739623,1,0,4,0.0000,0.0000,0.0000,0.5000,"SmartHighYoYo",0.061726
443,B0100,L7_close_level_aggressive,HABFM,13098.640941,92.189212,65.243964,151.403481,-92.384677,10892.631061,216.413919,12966.027929,-34.739859,-9283.924083,-230.862864,11.873539,False,False,False,False,False,True,False,2-circle,-1.000000,215.237150,98.319437,100.000000,0.000000,1.680563,74.168339,-70.073068,-2.739623,2,0,0,0.0000,0.0000,0.0000,0.5000,"Pursue",0.039243
444,A0100,adaptive_eagle_v9,HABFM,13172.582526,91.312525,67.327071,152.007143,-91.485501,10878.012299,216.710282,12957.091780,-44.680746,-9257.665383,-209.156174,9.071023,False,False,False,False,False,True,False,2-circle,-1.000000,204.402260,98.319437,100.000000,0.000000,1.680563,139.253873,-64.639346,-2.570252,4,0,3,0.0000,0.0000,0.0000,0.5000,"SmartHighYoYo",0.041552
444,B0100,L7_close_level_aggressive,HABFM,13172.582526,91.312525,67.327071,152.007143,-91.485501,10878.012299,216.710282,12957.091780,-44.680746,-9257.665383,-209.156174,9.071023,False,False,False,False,False,True,False,2-circle,-1.000000,204.402260,98.319437,100.000000,0.000000,1.680563,139.253873,-64.639346,-2.570252,2,0,0,0.0000,0.0000,0.0000,0.5000,"Pursue",0.057273
445,A0100,adaptive_eagle_v9,HABFM,13240.093086,90.062751,68.694524,151.942859,-90.202730,10863.614082,216.588377,12940.355148,-83.683160,-9326.614194,-192.345167,8.824228,False,False,False,False,False,True,False,2-circle,-1.000000,191.754350,98.319437,100.000000,0.000000,1.680563,176.524554,-64.004898,-2.282266,1,0,4,0.0000,0.0000,0.0000,0.5000,"SmartHighYoYo",-0.193402
445,B0100,L7_close_level_aggressive,HABFM,13240.093086,90.062751,68.694524,151.942859,-90.202730,10863.614082,216.588377,12940.355148,-83.683160,-9326.614194,-192.345167,8.824228,False,False,False,False,False,True,False,2-circle,-1.000000,191.754350,98.319437,100.000000,0.000000,1.680563,176.524554,-64.004898,-2.282266,2,0,0,0.0000,0.0000,0.0000,0.5000,"Pursue",0.066519
446,A0100,adaptive_eagle_v9,HABFM,13301.959251,88.649221,70.035661,151.947234,-88.755430,10849.705614,216.304686,12921.009952,-96.725981,-9405.357369,-174.921330,10.112811,False,False,True,False,False,True,False,2-circle,-1.000000,177.582564,98.319437,100.000000,0.000000,1.680563,-173.650667,-66.919529,-1.975446,1,0,4,0.0000,0.0000,0.0000,0.5000,"SmartHighYoYo",-0.259031
446,B0100,L7_close_level_aggressive,HABFM,13301.959251,88.649221,70.035661,151.947234,-88.755430,10849.705614,216.304686,12921.009952,-96.725981,-9405.357369,-174.921330,10.112811,False,False,True,False,False,True,False,2-circle,-1.000000,177.582564,98.319437,100.000000,0.000000,1.680563,-173.650667,-66.919529,-1.975446,2,0,0,0.0000,0.0000,0.0000,0.5000,"Pursue",0.068010
447,A0100,adaptive_eagle_v9,HABFM,13357.732818,87.242163,71.469335,152.138104,-87.318498,10836.176687,216.077766,12903.137388,-89.362821,-9461.656705,-156.434586,12.975678,False,False,True,False,False,True,False,2-circle,-1.000000,162.864015,98.319437,100.000000,0.000000,1.680563,-172.522906,-71.606674,-1.807118,1,0,4,0.0000,0.0000,0.0000,0.5000,"SmartHighYoYo",-0.245878
447,B0100,L7_close_level_aggressive,HABFM,13357.732818,87.242163,71.469335,152.138104,-87.318498,10836.176687,216.077766,12903.137388,-89.362821,-9461.656705,-156.434586,12.975678,False,False,True,False,False,True,False,2-circle,-1.000000,162.864015,98.319437,100.000000,0.000000,1.680563,-172.522906,-71.606674,-1.807118,2,0,0,0.0000,0.0000,0.0000,0.5000,"Pursue",0.069948
448,A0100,adaptive_eagle_v9,HABFM,13406.875429,85.831771,73.258748,152.692422,-85.880521,10822.765797,215.919782,12886.705112,-82.161381,-9469.787116,-134.374191,18.215532,False,False,True,False,False,True,False,2-circle,-1.000000,148.941360,98.319437,100.000000,0.000000,1.680563,-174.372647,-76.661947,-1.901551,1,0,4,0.0000,0.0000,0.0000,0.5000,"SmartHighYoYo",-0.176182
448,B0100,L7_close_level_aggressive,HABFM,13406.875429,85.831771,73.258748,152.692422,-85.880521,10822.765797,215.919782,12886.705112,-82.161381,-9469.787116,-134.374191,18.215532,False,False,True,False,False,True,False,2-circle,-1.000000,148.941360,98.319437,100.000000,0.000000,1.680563,-174.372647,-76.661947,-1.901551,2,0,0,0.0000,0.0000,0.0000,0.5000,"Pursue",0.061460
449,A0100,adaptive_eagle_v9,HABFM,13447.501326,84.623654,75.726388,153.535366,-84.647079,10809.152827,216.005346,12874.728257,-59.884275,-9407.355490,-106.660401,20.126822,False,False,True,False,False,True,False,2-circle,-1.000000,136.359881,98.319437,100.000000,0.000000,1.680563,-173.629913,-77.891500,-2.171123,1,0,4,0.0000,0.0000,0.0000,0.5000,"SmartHighYoYo",-0.112885
449,B0100,L7_close_level_aggressive,HABFM,13447.501326,84.623654,75.726388,153.535366,-84.647079,10809.152827,216.005346,12874.728257,-59.884275,-9407.355490,-106.660401,20.126822,False,False,True,False,False,True,False,2-circle,-1.000000,136.359881,98.319437,100.000000,0.000000,1.680563,-173.629913,-77.891500,-2.171123,2,0,0,0.0000,0.0000,0.0000,0.5000,"Pursue",0.043353
450,A0100,adaptive_eagle_v9,HABFM,13479.621770,83.795820,77.605647,153.622490,-83.796552,10795.145271,216.416816,12868.597656,-30.653006,-9400.376794,-86.055638,13.329746,False,False,True,False,False,True,False,2-circle,-1.000000,123.117401,98.319437,100.000000,0.000000,1.680563,-166.440494,-72.079184,-2.372781,1,0,4,0.0000,0.0000,0.0000,0.5000,"SmartHighYoYo",-0.145639
450,B0100,L7_close_level_aggressive,HABFM,13479.621770,83.795820,77.605647,153.622490,-83.796552,10795.145271,216.416816,12868.597656,-30.653006,-9400.376794,-86.055638,13.329746,False,False,True,False,False,True,False,2-circle,-1.000000,123.117401,98.319437,100.000000,0.000000,1.680563,-166.440494,-72.079184,-2.372781,2,0,0,0.0000,0.0000,0.0000,0.5000,"Pursue",0.046744
451,A0100,adaptive_eagle_v9,HABFM,13506.035329,82.926193,78.832480,153.354758,-82.903108,10780.872037,216.717464,12860.089319,-42.541683,-9476.149253,-71.399446,9.672679,False,False,True,False,False,True,False,2-circle,-1.000000,107.916669,98.319437,100.000000,0.000000,1.680563,-159.303597,-66.003942,-2.388603,1,0,4,0.0000,0.0000,0.0000,0.5000,"SmartHighYoYo",-0.225950
451,B0100,L7_close_level_aggressive,HABFM,13506.035329,82.926193,78.832480,153.354758,-82.903108,10780.872037,216.717464,12860.089319,-42.541683,-9476.149253,-71.399446,9.672679,False,False,True,False,False,True,False,2-circle,-1.000000,107.916669,98.319437,100.000000,0.000000,1.680563,-159.303597,-66.003942,-2.388603,2,0,0,0.0000,0.0000,0.0000,0.5000,"Pursue",0.069100
452,A0100,adaptive_eagle_v9,HABFM,13527.206483,81.668368,80.156785,153.221709,-81.618992,10766.751168,216.594317,12843.606147,-82.415860,-9559.954565,-54.093031,9.139601,False,False,True,False,False,True,False,2-circle,-1.000000,90.781535,98.319437,100.000000,0.000000,1.680563,-157.198806,-64.757309,-2.216160,1,0,4,0.0000,0.0000,0.0000,0.5000,"SmartHighYoYo",-0.254369
452,B0100,L7_close_level_aggressive,HABFM,13527.206483,81.668368,80.156785,153.221709,-81.618992,10766.751168,216.594317,12843.606147,-82.415860,-9559.954565,-54.093031,9.139601,False,False,True,False,False,True,False,2-circle,-1.000000,90.781535,98.319437,100.000000,0.000000,1.680563,-157.198806,-64.757309,-2.216160,2,0,0,0.0000,0.0000,0.0000,0.5000,"Pursue",0.080274
453,A0100,adaptive_eagle_v9,HABFM,13542.065574,80.249304,81.643153,153.342041,-80.173892,10753.069938,216.308560,12824.448460,-95.788434,-9632.165757,-34.489110,10.284860,False,False,True,False,False,True,False,2-circle,-1.000000,72.171929,98.319437,100.000000,0.000000,1.680563,-158.969570,-67.236726,-1.966186,4,0,3,0.0000,0.0000,0.0000,0.5000,"SmartHighYoYo",-0.250317
453,B0100,L7_close_level_aggressive,HABFM,13542.065574,80.249304,81.643153,153.342041,-80.173892,10753.069938,216.308560,12824.448460,-95.788434,-9632.165757,-34.489110,10.284860,False,False,True,False,False,True,False,2-circle,-1.000000,72.171929,98.319437,100.000000,0.000000,1.680563,-158.969570,-67.236726,-1.966186,2,0,0,0.0000,0.0000,0.0000,0.5000,"Pursue",0.082011
454,A0100,adaptive_eagle_v9,HABFM,13550.289896,78.844744,83.133498,153.622398,-78.742250,10739.740087,216.078431,12806.713512,-88.674739,-9696.359468,-14.824498,13.066484,False,False,True,False,False,True,False,2-circle,-1.000000,53.139283,98.319437,100.000000,0.000000,1.680563,-162.854025,-71.701254,-1.815066,1,0,4,0.0000,0.0000,0.0000,0.5000,"SmartHighYoYo",-0.235522
454,B0100,L7_close_level_aggressive,HABFM,13550.289896,78.844744,83.133498,153.622398,-78.742250,10739.740087,216.078431,12806.713512,-88.674739,-9696.359468,-14.824498,13.066484,False,False,True,False,False,True,False,2-circle,-1.000000,53.139283,98.319437,100.000000,0.000000,1.680563,-162.854025,-71.701254,-1.815066,2,0,0,0.0000,0.0000,0.0000,0.5000,"Pursue",0.084418
455,A0100,adaptive_eagle_v9,HABFM,13551.593887,77.443150,84.940223,154.268320,-77.309597,10726.514279,215.915882,12790.379037,-81.672376,-9713.834485,7.902257,18.301600,False,False,True,False,False,True,False,2-circle,-1.000000,35.171887,98.319437,100.000000,0.000000,1.680563,-167.399895,-76.703651,-1.904988,1,0,4,0.0000,0.0000,0.0000,0.5000,"SmartHighYoYo",-0.159006
455,B0100,L7_close_level_aggressive,HABFM,13551.593887,77.443150,84.940223,154.268320,-77.309597,10726.514279,215.915882,12790.379037,-81.672376,-9713.834485,7.902257,18.301600,False,False,True,False,False,True,False,2-circle,-1.000000,35.171887,98.319437,100.000000,0.000000,1.680563,-167.399895,-76.703651,-1.904988,2,0,0,0.0000,0.0000,0.0000,0.5000,"Pursue",0.074236
456,A0100,adaptive_eagle_v9,HABFM,13544.183023,76.249281,87.427839,155.130912,-76.079758,10713.077970,215.997332,12778.500124,-59.394565,-9653.084806,36.192604,20.309106,False,False,True,False,False,True,False,2-circle,-1.000000,18.973079,98.319437,100.000000,0.000000,1.680563,-168.325402,-77.979723,-2.162476,1,0,4,0.0000,0.0000,0.0000,0.5000,"SmartHighYoYo",-0.097866
456,B0100,L7_close_level_aggressive,HABFM,13544.183023,76.249281,87.427839,155.130912,-76.079758,10713.077970,215.997332,12778.500124,-59.394565,-9653.084806,36.192604,20.309106,False,False,True,False,False,True,False,2-circle,-1.000000,18.973079,98.319437,100.000000,0.000000,1.680563,-168.325402,-77.979723,-2.162476,2,0,0,0.0000,0.0000,0.0000,0.5000,"Pursue",0.052418
457,A0100,adaptive_eagle_v9,HABFM,13528.043136,75.434931,89.353779,155.205878,-75.231669,10699.239138,216.407245,12772.508121,-29.960018,-9646.662509,57.633290,13.478415,False,False,True,False,False,True,False,2-circle,-1.000000,2.613130,98.319437,100.000000,0.000000,1.680563,-162.283824,-72.239675,-2.353672,1,0,4,0.0000,0.0000,0.0000,0.5000,"SmartHighYoYo",-0.137816
457,B0100,L7_close_level_aggressive,HABFM,13528.043136,75.434931,89.353779,155.205878,-75.231669,10699.239138,216.407245,12772.508121,-29.960018,-9646.662509,57.633290,13.478415,False,False,True,False,False,True,False,2-circle,-1.000000,2.613130,98.319437,100.000000,0.000000,1.680563,-162.283824,-72.239675,-2.353672,2,0,0,0.0000,0.0000,0.0000,0.5000,"Pursue",-0.068810
458,A0100,adaptive_eagle_v9,DBFM,13505.926285,74.570976,90.616140,154.988905,-74.339596,10685.125417,216.707670,12764.154773,-41.766739,-9723.715167,73.110228,9.792061,False,False,True,False,False,False,False,2-circle,-1.000000,-15.286886,98.319437,100.000000,0.000000,1.680563,-155.991644,-66.232623,-2.365199,1,1,4,0.0000,0.0000,0.0000,0.5000,"SmartHighYoYo",-0.221956
458,B0100,L7_close_level_aggressive,DBFM,13505.926285,74.570976,90.616140,154.988905,-74.339596,10685.125417,216.707670,12764.154773,-41.766739,-9723.715167,73.110228,9.792061,False,False,True,False,False,False,False,2-circle,-1.000000,-15.286886,98.319437,100.000000,0.000000,1.680563,-155.991644,-66.232623,-2.365199,2,0,0,0.0000,0.0000,0.0000,0.5000,"Pursue",-0.191407
459,A0100,adaptive_eagle_v9,DBFM,13478.377623,73.307437,91.949114,154.967474,-73.054170,10671.151007,216.584140,12747.810823,-81.719751,-9809.632003,90.849140,9.272148,False,False,True,False,False,False,False,2-circle,-1.000000,-34.677280,98.319437,100.000000,0.000000,1.680563,-154.528752,-65.041542,-2.194966,1,1,4,0.0000,0.0000,0.0000,0.5000,"SmartHighYoYo",-0.251484
459,B0100,L7_close_level_aggressive,DBFM,13478.377623,73.307437,91.949114,154.967474,-73.054170,10671.151007,216.584140,12747.810823,-81.719751,-9809.632003,90.849140,9.272148,False,False,True,False,False,False,False,2-circle,-1.000000,-34.677280,98.319437,100.000000,0.000000,1.680563,-154.528752,-65.041542,-2.194966,2,0,0,0.0000,0.0000,0.0000,0.5000,"Pursue",-0.207025
460,A0100,adaptive_eagle_v9,DBFM,13444.453637,71.879133,93.422380,155.221952,-71.605711,10657.598873,216.298481,12728.784383,-95.132200,-9883.521446,110.515688,10.460362,False,False,True,False,False,False,False,2-circle,-1.000000,-54.995783,98.319437,100.000000,0.000000,1.680563,-156.783995,-67.550608,-1.952390,1,1,4,0.0000,0.0000,0.0000,0.5000,"SmartHighYoYo",-0.247417
460,B0100,L7_close_level_aggressive,DBFM,13444.453637,71.879133,93.422380,155.221952,-71.605711,10657.598873,216.298481,12728.784383,-95.132200,-9883.521446,110.515688,10.460362,False,False,True,False,False,False,False,2-circle,-1.000000,-54.995783,98.319437,100.000000,0.000000,1.680563,-156.783995,-67.550608,-1.952390,2,0,0,0.0000,0.0000,0.0000,0.5000,"Pursue",-0.204684
461,A0100,adaptive_eagle_v9,DBFM,13403.917415,70.469813,94.890053,155.650603,-70.170306,10644.378685,216.069609,12711.183331,-88.005258,-9946.908308,130.018668,13.335362,False,False,True,False,False,False,False,2-circle,-1.000000,-75.097266,98.319437,100.000000,0.000000,1.680563,-161.030393,-72.021513,-1.812497,1,1,4,0.0000,0.0000,0.0000,0.5000,"SmartHighYoYo",-0.230167
461,B0100,L7_close_level_aggressive,DBFM,13403.917415,70.469813,94.890053,155.650603,-70.170306,10644.378685,216.069609,12711.183331,-88.005258,-9946.908308,130.018668,13.335362,False,False,True,False,False,False,False,2-circle,-1.000000,-75.097266,98.319437,100.000000,0.000000,1.680563,-161.030393,-72.021513,-1.812497,2,0,0,0.0000,0.0000,0.0000,0.5000,"Pursue",-0.264339
462,A0100,adaptive_eagle_v9,DBFM,13356.602597,69.069876,96.640041,156.407762,-68.733672,10631.242394,215.909457,12694.984329,-80.995008,-9957.720948,151.960328,18.787426,False,False,True,False,False,False,False,2-circle,-1.000000,-93.498387,98.319437,100.000000,0.000000,1.680563,-165.844397,-77.017388,-1.915941,4,1,3,0.0000,0.0000,0.0000,0.5000,"SmartHighYoYo",-0.182500
462,B0100,L7_close_level_aggressive,DBFM,13356.602597,69.069876,96.640041,156.407762,-68.733672,10631.242394,215.909457,12694.984329,-80.995008,-9957.720948,151.960328,18.787426,False,False,True,False,False,False,False,2-circle,-1.000000,-93.498387,98.319437,100.000000,0.000000,1.680563,-165.844397,-77.017388,-1.915941,2,0,0,0.0000,0.0000,0.0000,0.5000,"Pursue",-0.271060
463,A0100,adaptive_eagle_v9,DBFM,13301.631224,67.885235,98.353475,156.974735,-67.500021,10617.876022,215.994675,12683.247358,-58.684857,-9970.989434,172.690181,20.882201,False,False,True,False,False,False,False,2-circle,-1.000000,-109.404326,98.319437,100.000000,0.000000,1.680563,-166.974305,-78.283953,-2.187852,1,1,4,0.0000,0.0000,0.0000,0.5000,"SmartHighYoYo",-0.095750
463,B0100,L7_close_level_aggressive,DBFM,13301.631224,67.885235,98.353475,156.974735,-67.500021,10617.876022,215.994675,12683.247358,-58.684857,-9970.989434,172.690181,20.882201,False,False,True,False,False,False,False,2-circle,-1.000000,-109.404326,98.319437,100.000000,0.000000,1.680563,-166.974305,-78.283953,-2.187852,2,0,0,0.0000,0.0000,0.0000,0.5000,"Pursue",-0.292556
464,A0100,adaptive_eagle_v9,DBFM,13240.430137,67.081191,100.026760,157.826138,-66.651000,10604.090363,216.409633,12677.405110,-29.211238,-9966.669554,191.522161,13.744149,False,False,True,False,False,False,False,2-circle,-1.000000,-122.915472,98.319437,100.000000,0.000000,1.680563,-161.130216,-72.538785,-2.393312,1,1,4,0.0000,0.0000,0.0000,0.5000,"SmartHighYoYo",-0.057694
464,B0100,L7_close_level_aggressive,DBFM,13240.430137,67.081191,100.026760,157.826138,-66.651000,10604.090363,216.409633,12677.405110,-29.211238,-9966.669554,191.522161,13.744149,False,False,True,False,False,False,False,2-circle,-1.000000,-122.915472,98.319437,100.000000,0.000000,1.680563,-161.130216,-72.538785,-2.393312,2,0,0,0.0000,0.0000,0.0000,0.5000,"Pursue",-0.464057
465,A0100,adaptive_eagle_v9,DBFM,13171.638217,66.213771,102.517157,159.013992,-65.754224,10590.014794,216.715183,12669.188313,-41.083988,-9888.413056,217.576735,9.944975,False,False,True,False,False,False,False,2-circle,-1.000000,-134.094369,98.319437,100.000000,0.000000,1.680563,-155.053331,-66.529176,-2.417882,1,1,4,0.0000,0.0000,0.0000,0.5000,"SmartHighYoYo",-0.173015
465,B0100,L7_close_level_aggressive,DBFM,13171.638217,66.213771,102.517157,159.013992,-65.754224,10590.014794,216.715183,12669.188313,-41.083988,-9888.413056,217.576735,9.944975,False,False,True,False,False,False,False,2-circle,-1.000000,-134.094369,98.319437,100.000000,0.000000,1.680563,-155.053331,-66.529176,-2.417882,2,0,0,0.0000,0.0000,0.0000,0.5000,"Pursue",-0.337094
466,A0100,adaptive_eagle_v9,DBFM,13094.129819,64.928104,104.591849,159.184542,-64.454515,10576.061442,216.596289,12652.954243,-81.170347,-9884.090207,241.324589,9.409638,False,False,True,False,False,False,False,2-circle,-1.000000,-145.683272,98.319437,100.000000,0.000000,1.680563,-153.787863,-65.332796,-2.259066,1,1,4,0.0000,0.0000,0.0000,0.5000,"SmartHighYoYo",-0.243122
466,B0100,L7_close_level_aggressive,DBFM,13094.129819,64.928104,104.591849,159.184542,-64.454515,10576.061442,216.596289,12652.954243,-81.170347,-9884.090207,241.324589,9.409638,False,False,True,False,False,False,False,2-circle,-1.000000,-145.683272,98.319437,100.000000,0.000000,1.680563,-153.787863,-65.332796,-2.259066,2,0,0,0.0000,0.0000,0.0000,0.5000,"Pursue",-0.208891
467,A0100,adaptive_eagle_v9,DBFM,13009.389413,63.472691,106.159091,159.014887,-62.986574,10562.511389,216.315651,12634.025727,-94.642580,-9944.679517,261.214980,10.622097,False,False,True,False,False,False,False,2-circle,-1.000000,-159.462883,98.319437,100.000000,0.000000,1.680563,-156.198076,-67.832146,-2.026885,1,1,4,0.0000,0.0000,0.0000,0.5000,"SmartHighYoYo",-0.225990
467,B0100,L7_close_level_aggressive,DBFM,13009.389413,63.472691,106.159091,159.014887,-62.986574,10562.511389,216.315651,12634.025727,-94.642580,-9944.679517,261.214980,10.622097,False,False,True,False,False,False,False,2-circle,-1.000000,-159.462883,98.319437,100.000000,0.000000,1.680563,-156.198076,-67.832146,-2.026885,2,0,0,0.0000,0.0000,0.0000,0.5000,"Pursue",-0.249443
468,A0100,adaptive_eagle_v9,DBFM,12917.850337,62.040536,107.918096,159.025672,-61.528750,10549.274467,216.092725,12616.521380,-87.521737,-9990.218334,282.492230,13.570626,False,False,True,False,False,False,False,2-circle,-1.000000,-174.922716,98.319437,100.000000,0.000000,1.680563,-160.555014,-72.291641,-1.897244,1,1,4,0.0000,0.0000,0.0000,0.5000,"SmartHighYoYo",-0.209879
468,B0100,L7_close_level_aggressive,DBFM,12917.850337,62.040536,107.918096,159.025672,-61.528750,10549.274467,216.092725,12616.521380,-87.521737,-9990.218334,282.492230,13.570626,False,False,True,False,False,False,False,2-circle,-1.000000,-174.922716,98.319437,100.000000,0.000000,1.680563,-160.555014,-72.291641,-1.897244,2,0,0,0.0000,0.0000,0.0000,0.5000,"Pursue",-0.288692
469,A0100,adaptive_eagle_v9,DBFM,12818.899402,60.622987,109.855789,159.244786,-60.065449,10536.103214,215.939390,12600.417404,-80.519882,-10015.277836,304.970616,19.211168,False,False,True,False,False,False,False,2-circle,-1.000000,-190.886130,98.319437,100.000000,0.000000,1.680563,-165.437666,-77.278442,-2.011172,2,0,4,0.0000,0.0000,0.0000,0.5000,"LeadPursuit",-0.161367
469,B0100,L7_close_level_aggressive,DBFM,12818.899402,60.622987,109.855789,159.244786,-60.065449,10536.103214,215.939390,12600.417404,-80.519882,-10015.277836,304.970616,19.211168,False,False,True,False,False,False,False,2-circle,-1.000000,-190.886130,98.319437,100.000000,0.000000,1.680563,-165.437666,-77.278442,-2.011172,2,0,0,0.0000,0.0000,0.0000,0.5000,"Pursue",-0.290342
470,A0100,adaptive_eagle_v9,DBFM,12712.546191,59.428414,111.701135,159.641698,-58.803069,10522.684577,216.032683,12588.782865,-58.172694,-10034.365971,325.674067,21.387789,False,False,True,False,False,False,False,2-circle,-1.000000,-205.879994,98.319437,100.000000,0.000000,1.680563,-166.606342,-78.539495,-2.293774,2,0,4,0.0000,0.0000,0.0000,0.5000,"LeadPursuit",-0.084189
470,B0100,L7_close_level_aggressive,DBFM,12712.546191,59.428414,111.701135,159.641698,-58.803069,10522.684577,216.032683,12588.782865,-58.172694,-10034.365971,325.674067,21.387789,False,False,True,False,False,False,False,2-circle,-1.000000,-205.879994,98.319437,100.000000,0.000000,1.680563,-166.606342,-78.539495,-2.293774,2,1,1,0.0000,0.0000,0.0000,0.5000,"Pursue",-0.274971
471,A0100,adaptive_eagle_v9,DBFM,12599.798954,58.611998,113.292539,160.382571,-57.922759,10508.829293,216.457184,12583.055258,-28.638036,-10048.548944,342.782312,13.998026,False,False,True,False,False,False,False,2-circle,-1.000000,-218.610801,98.319437,100.000000,0.000000,1.680563,-160.814052,-72.817077,-2.493094,2,0,4,0.0000,0.0000,0.0000,0.5000,"LeadPursuit",-0.034718
471,B0100,L7_close_level_aggressive,DBFM,12599.798954,58.611998,113.292539,160.382571,-57.922759,10508.829293,216.457184,12583.055258,-28.638036,-10048.548944,342.782312,13.998026,False,False,True,False,False,False,False,2-circle,-1.000000,-218.610801,98.319437,100.000000,0.000000,1.680563,-160.814052,-72.817077,-2.493094,2,1,1,0.0000,0.0000,0.0000,0.5000,"Pursue",-0.326179
472,A0100,adaptive_eagle_v9,DBFM,12481.431908,57.919727,115.016861,161.744963,-57.187293,10494.625882,216.945086,12578.213146,-24.210558,-10016.595018,360.054850,9.080229,False,False,True,False,False,False,False,2-circle,-1.000000,-227.950944,98.319437,100.000000,0.000000,1.680563,-152.515590,-64.557621,-2.396735,2,0,4,0.0000,0.0000,0.0000,0.5000,"LeadPursuit",-0.017716
472,B0100,L7_close_level_aggressive,DBFM,12481.431908,57.919727,115.016861,161.744963,-57.187293,10494.625882,216.945086,12578.213146,-24.210558,-10016.595018,360.054850,9.080229,False,False,True,False,False,False,False,2-circle,-1.000000,-227.950944,98.319437,100.000000,0.000000,1.680563,-152.515590,-64.557621,-2.396735,2,1,1,0.0000,0.0000,0.0000,0.5000,"Pursue",-0.478610
473,A0100,adaptive_eagle_v9,DBFM,12356.220549,56.991149,117.477126,163.543223,-56.256162,10480.434093,217.138673,12567.741519,-52.358136,-9917.612274,383.176524,7.120094,False,False,True,False,False,False,False,2-circle,-1.000000,-233.391890,98.319437,100.000000,0.000000,1.680563,-146.722820,-58.771302,-1.956300,2,0,4,0.0000,0.0000,0.0000,0.5000,"LeadPursuit",-0.125567
473,B0100,L7_close_level_aggressive,DBFM,12356.220549,56.991149,117.477126,163.543223,-56.256162,10480.434093,217.138673,12567.741519,-52.358136,-9917.612274,383.176524,7.120094,False,False,True,False,False,False,False,2-circle,-1.000000,-233.391890,98.319437,100.000000,0.000000,1.680563,-146.722820,-58.771302,-1.956300,2,1,1,0.0000,0.0000,0.0000,0.5000,"Pursue",-0.367002
474,A0100,adaptive_eagle_v9,DBFM,12223.081703,55.687103,119.635916,164.530962,-54.983884,10466.775575,216.926053,12549.997262,-88.721282,-9879.090814,404.883482,7.209457,False,False,True,False,False,False,False,2-circle,-1.000000,-237.267979,98.319437,100.000000,0.000000,1.680563,-147.012525,-59.057570,-1.345077,2,0,4,0.0000,0.0000,0.0000,0.5000,"LeadPursuit",-0.229524
474,B0100,L7_close_level_aggressive,DBFM,12223.081703,55.687103,119.635916,164.530962,-54.983884,10466.775575,216.926053,12549.997262,-88.721282,-9879.090814,404.883482,7.209457,False,False,True,False,False,False,False,2-circle,-1.000000,-237.267979,98.319437,100.000000,0.000000,1.680563,-147.012525,-59.057570,-1.345077,2,1,1,0.0000,0.0000,0.0000,0.5000,"Pursue",-0.172644
475,A0100,adaptive_eagle_v9,DBFM,12083.499518,54.229761,121.053001,165.120692,-53.558208,10453.923522,216.570846,12530.328419,-98.344218,-9929.533699,421.600023,8.604086,False,False,True,False,False,False,False,2-circle,-1.000000,-241.552656,98.319437,100.000000,0.000000,1.680563,-151.238377,-63.286916,-0.763746,2,0,4,0.0000,0.0000,0.0000,0.5000,"LeadPursuit",-0.238325
475,B0100,L7_close_level_aggressive,DBFM,12083.499518,54.229761,121.053001,165.120692,-53.558208,10453.923522,216.570846,12530.328419,-98.344218,-9929.533699,421.600023,8.604086,False,False,True,False,False,False,False,2-circle,-1.000000,-241.552656,98.319437,100.000000,0.000000,1.680563,-151.238377,-63.286916,-0.763746,2,1,1,0.0000,0.0000,0.0000,0.5000,"Pursue",-0.146364
476,A0100,adaptive_eagle_v9,DBFM,11938.583391,52.783230,122.364535,165.717841,-52.119292,10441.705278,216.274654,12512.434492,-89.469632,-9984.514800,437.313834,11.367986,False,False,True,False,False,False,False,2-circle,-1.000000,-245.769613,98.319437,100.000000,0.000000,1.680563,-157.065428,-69.119749,-0.391369,2,0,4,0.0000,0.0000,0.0000,0.5000,"LeadPursuit",-0.190307
476,B0100,L7_close_level_aggressive,DBFM,11938.583391,52.783230,122.364535,165.717841,-52.119292,10441.705278,216.274654,12512.434492,-89.469632,-9984.514800,437.313834,11.367986,False,False,True,False,False,False,False,2-circle,-1.000000,-245.769613,98.319437,100.000000,0.000000,1.680563,-157.065428,-69.119749,-0.391369,2,1,1,0.0000,0.0000,0.0000,0.5000,"Pursue",-0.253687
477,A0100,adaptive_eagle_v9,DBFM,11788.044654,51.346660,124.111148,166.582495,-50.660789,10429.798466,216.053720,12496.299159,-80.676667,-9975.164182,455.457441,16.102475,False,False,True,False,False,False,False,2-circle,-1.000000,-248.507001,98.319437,100.000000,0.000000,1.680563,-162.859390,-74.910281,-0.356437,2,0,4,0.0000,0.0000,0.0000,0.5000,"LeadPursuit",-0.050687
477,B0100,L7_close_level_aggressive,DBFM,11788.044654,51.346660,124.111148,166.582495,-50.660789,10429.798466,216.053720,12496.299159,-80.676667,-9975.164182,455.457441,16.102475,False,False,True,False,False,False,False,2-circle,-1.000000,-248.507001,98.319437,100.000000,0.000000,1.680563,-162.859390,-74.910281,-0.356437,2,1,1,0.0000,0.0000,0.0000,0.5000,"Pursue",-0.456900
478,A0100,adaptive_eagle_v9,DBFM,11630.602634,50.124441,126.576656,167.204847,-49.385273,10417.833176,216.082753,12484.889299,-57.049299,-9892.583720,477.218059,18.077973,False,False,True,False,False,False,False,2-circle,-1.000000,-249.105825,98.319437,100.000000,0.000000,1.680563,-164.460903,-76.494762,-0.545991,2,0,4,0.0000,0.0000,0.0000,0.5000,"LeadPursuit",0.002891
478,B0100,L7_close_level_aggressive,DBFM,11630.602634,50.124441,126.576656,167.204847,-49.385273,10417.833176,216.082753,12484.889299,-57.049299,-9892.583720,477.218059,18.077973,False,False,True,False,False,False,False,2-circle,-1.000000,-249.105825,98.319437,100.000000,0.000000,1.680563,-164.460903,-76.494762,-0.545991,2,1,1,0.0000,0.0000,0.0000,0.5000,"Pursue",-0.385767
479,A0100,adaptive_eagle_v9,DBFM,11466.358028,49.269664,128.584399,166.829208,-48.477819,10405.578927,216.438081,12479.438798,-27.252506,-9864.115541,494.760116,12.424826,False,False,True,False,False,False,False,2-circle,-1.000000,-249.745904,98.319437,100.000000,0.000000,1.680563,-158.742314,-70.763587,-0.679839,2,0,4,0.0000,0.0000,0.0000,0.5000,"LeadPursuit",-0.076655
479,B0100,L7_close_level_aggressive,DBFM,11466.358028,49.269664,128.584399,166.829208,-48.477819,10405.578927,216.438081,12479.438798,-27.252506,-9864.115541,494.760116,12.424826,False,False,True,False,False,False,False,2-circle,-1.000000,-249.745904,98.319437,100.000000,0.000000,1.680563,-158.742314,-70.763587,-0.679839,2,1,1,0.0000,0.0000,0.0000,0.5000,"Pursue",-0.233918
480,A0100,adaptive_eagle_v9,DBFM,11296.908850,48.340134,130.029025,166.434834,-47.523829,10393.152992,216.674161,12471.539450,-39.496737,-9907.171611,508.947127,9.123711,False,False,True,False,False,False,False,2-circle,-1.000000,-251.988887,98.319437,100.000000,0.000000,1.680563,-152.577590,-64.602454,-0.630997,2,0,4,0.0000,0.0000,0.0000,0.5000,"LeadPursuit",-0.174929
480,B0100,L7_close_level_aggressive,DBFM,11296.908850,48.340134,130.029025,166.434834,-47.523829,10393.152992,216.674161,12471.539450,-39.496737,-9907.171611,508.947127,9.123711,False,False,True,False,False,False,False,2-circle,-1.000000,-251.988887,98.319437,100.000000,0.000000,1.680563,-152.577590,-64.602454,-0.630997,2,1,1,0.0000,0.0000,0.0000,0.5000,"Pursue",-0.194314
481,A0100,adaptive_eagle_v9,DBFM,11122.586273,46.986271,131.542828,166.462715,-46.181023,10380.990485,216.476701,12455.590514,-79.744680,-9955.154037,524.317511,8.570940,False,False,True,False,False,False,False,2-circle,-1.000000,-255.864642,98.319437,100.000000,0.000000,1.680563,-151.118385,-63.162832,-0.394635,2,0,4,0.0000,0.0000,0.0000,0.5000,"LeadPursuit",-0.199524
481,B0100,L7_close_level_aggressive,DBFM,11122.586273,46.986271,131.542828,166.462715,-46.181023,10380.990485,216.476701,12455.590514,-79.744680,-9955.154037,524.317511,8.570940,False,False,True,False,False,False,False,2-circle,-1.000000,-255.864642,98.319437,100.000000,0.000000,1.680563,-151.118385,-63.162832,-0.394635,2,1,1,0.0000,0.0000,0.0000,0.5000,"Pursue",-0.202282
482,A0100,adaptive_eagle_v9,DBFM,10942.919949,45.460933,133.181585,166.838017,-44.674489,10369.401243,216.110852,12436.994992,-92.977611,-9995.769329,540.432824,9.487598,False,False,True,False,False,False,False,2-circle,-1.000000,-260.889768,98.319437,100.000000,0.000000,1.680563,-153.320108,-65.396382,-0.082647,2,0,4,0.0000,0.0000,0.0000,0.5000,"LeadPursuit",-0.186357
482,B0100,L7_close_level_aggressive,DBFM,10942.919949,45.460933,133.181585,166.838017,-44.674489,10369.401243,216.110852,12436.994992,-92.977611,-9995.769329,540.432824,9.487598,False,False,True,False,False,False,False,2-circle,-1.000000,-260.889768,98.319437,100.000000,0.000000,1.680563,-153.320108,-65.396382,-0.082647,2,1,1,0.0000,0.0000,0.0000,0.5000,"Pursue",-0.209298
483,A0100,adaptive_eagle_v9,HABFM,10757.877591,43.957881,134.832278,167.418763,-43.169074,10358.308398,215.795923,12419.880501,-85.572456,-10028.534269,556.086158,11.722105,False,False,True,False,False,False,False,2-circle,-1.000000,-265.986524,98.319437,100.000000,0.000000,1.680563,-157.522204,-69.634075,0.135577,2,0,4,0.0000,0.0000,0.0000,0.5000,"LeadPursuit",-0.122264
483,B0100,L7_close_level_aggressive,HABFM,10757.877591,43.957881,134.832278,167.418763,-43.169074,10358.308398,215.795923,12419.880501,-85.572456,-10028.534269,556.086158,11.722105,False,False,True,False,False,False,False,2-circle,-1.000000,-265.986524,98.319437,100.000000,0.000000,1.680563,-157.522204,-69.634075,0.135577,2,1,1,0.0000,0.0000,0.0000,0.5000,"Pursue",-0.306400
484,A0100,adaptive_eagle_v9,HABFM,10567.472869,42.466391,136.807295,168.218355,-41.644481,10347.473386,215.542395,12404.204251,-78.381250,-10010.109271,572.647968,15.697998,False,False,True,False,False,False,False,2-circle,-1.000000,-269.749999,98.319437,100.000000,0.000000,1.680563,-162.346775,-74.487102,0.127675,2,0,4,0.0000,0.0000,0.0000,0.5000,"LeadPursuit",0.080253
484,B0100,L7_close_level_aggressive,HABFM,10567.472869,42.466391,136.807295,168.218355,-41.644481,10347.473386,215.542395,12404.204251,-78.381250,-10010.109271,572.647968,15.697998,False,False,True,False,False,False,False,2-circle,-1.000000,-269.749999,98.319437,100.000000,0.000000,1.680563,-162.346775,-74.487102,0.127675,2,1,1,0.0000,0.0000,0.0000,0.5000,"Pursue",-0.552732
485,A0100,adaptive_eagle_v9,HABFM,10370.969680,41.185311,139.495550,168.525136,-40.292920,10336.582857,215.527680,12393.032920,-55.856653,-9917.991247,591.448581,17.135090,False,False,True,False,False,False,False,2-circle,-1.000000,-271.518731,98.319437,100.000000,0.000000,1.680563,-163.572521,-75.729602,-0.024631,2,0,4,0.0000,0.0000,0.0000,0.5000,"LeadPursuit",0.103407
485,B0100,L7_close_level_aggressive,HABFM,10370.969680,41.185311,139.495550,168.525136,-40.292920,10336.582857,215.527680,12393.032920,-55.856653,-9917.991247,591.448581,17.135090,False,False,True,False,False,False,False,2-circle,-1.000000,-271.518731,98.319437,100.000000,0.000000,1.680563,-163.572521,-75.729602,-0.024631,2,1,1,0.0000,0.0000,0.0000,0.5000,"Pursue",-0.441113
486,A0100,adaptive_eagle_v9,HABFM,10168.634234,40.266369,141.595897,167.817709,-39.303231,10325.427057,215.839131,12387.824806,-26.040573,-9889.384836,606.261573,12.016611,False,False,True,False,False,False,False,2-circle,-1.000000,-273.359524,98.319437,100.000000,0.000000,1.680563,-157.909515,-70.088143,-0.085025,2,1,4,0.0000,0.0000,0.0000,0.5000,"LeadPursuit",-0.009264
486,B0100,L7_close_level_aggressive,HABFM,10168.634234,40.266369,141.595897,167.817709,-39.303231,10325.427057,215.839131,12387.824806,-26.040573,-9889.384836,606.261573,12.016611,False,False,True,False,False,False,False,2-circle,-1.000000,-273.359524,98.319437,100.000000,0.000000,1.680563,-157.909515,-70.088143,-0.085025,2,1,1,0.0000,0.0000,0.0000,0.5000,"Pursue",-0.263675
487,A0100,adaptive_eagle_v9,HABFM,9961.906574,39.266653,143.148752,167.318178,-38.267853,10314.121085,216.037159,12380.304977,-37.599143,-9928.808808,618.649028,8.998978,False,False,True,False,False,False,False,2-circle,-1.000000,-276.707858,98.319437,100.000000,0.000000,1.680563,-151.987907,-64.203697,0.034116,2,1,4,0.0000,0.0000,0.0000,0.5000,"LeadPursuit",-0.093014
487,B0100,L7_close_level_aggressive,HABFM,9961.906574,39.266653,143.148752,167.318178,-38.267853,10314.121085,216.037159,12380.304977,-37.599143,-9928.808808,618.649028,8.998978,False,False,True,False,False,False,False,2-circle,-1.000000,-276.707858,98.319437,100.000000,0.000000,1.680563,-151.987907,-64.203697,0.034116,2,1,1,0.0000,0.0000,0.0000,0.5000,"Pursue",-0.229834
488,A0100,adaptive_eagle_v9,HABFM,9750.846369,37.828682,144.854671,167.356040,-36.838767,10303.095521,215.804728,12364.835856,-77.345604,-9974.321555,632.198939,8.567070,False,False,True,False,False,False,False,2-circle,-1.000000,-281.535490,98.319437,100.000000,0.000000,1.680563,-150.785646,-63.054337,0.306291,2,1,3,0.0000,0.0000,0.0000,0.5000,"LeadPursuit",-0.076481
488,B0100,L7_close_level_aggressive,HABFM,9750.846369,37.828682,144.854671,167.356040,-36.838767,10303.095521,215.804728,12364.835856,-77.345604,-9974.321555,632.198939,8.567070,False,False,True,False,False,False,False,2-circle,-1.000000,-281.535490,98.319437,100.000000,0.000000,1.680563,-150.785646,-63.054337,0.306291,2,1,1,0.0000,0.0000,0.0000,0.5000,"Pursue",-0.268920
489,A0100,adaptive_eagle_v9,HABFM,9535.137354,36.205581,146.780942,167.787679,-35.230877,10292.646799,215.404761,12346.751872,-90.419919,-9999.543633,646.252305,9.586542,False,False,True,False,False,False,False,2-circle,-1.000000,-287.189754,98.319437,100.000000,0.000000,1.680563,-153.193122,-65.525985,0.625848,2,1,3,0.0000,0.0000,0.0000,0.5000,"LeadPursuit",0.000513
489,B0100,L7_close_level_aggressive,HABFM,9535.137354,36.205581,146.780942,167.787679,-35.230877,10292.646799,215.404761,12346.751872,-90.419919,-9999.543633,646.252305,9.586542,False,False,True,False,False,False,False,2-circle,-1.000000,-287.189754,98.319437,100.000000,0.000000,1.680563,-153.193122,-65.525985,0.625848,2,1,1,0.0000,0.0000,0.0000,0.5000,"Pursue",-0.332918
490,A0100,adaptive_eagle_v9,HABFM,9314.683286,34.598419,148.843643,168.454620,-33.608335,10282.684053,215.056834,12330.158806,-82.965333,-10008.768898,660.041055,11.975559,False,False,True,False,False,False,False,2-circle,-1.000000,-292.381572,98.319437,100.000000,0.000000,1.680563,-157.548840,-69.947314,0.843543,2,1,3,0.0000,0.0000,0.0000,0.5000,"LeadPursuit",0.181913
490,B0100,L7_close_level_aggressive,HABFM,9314.683286,34.598419,148.843643,168.454620,-33.608335,10282.684053,215.056834,12330.158806,-82.965333,-10008.768898,660.041055,11.975559,False,False,True,False,False,False,False,2-circle,-1.000000,-292.381572,98.319437,100.000000,0.000000,1.680563,-157.548840,-69.947314,0.843543,2,1,1,0.0000,0.0000,0.0000,0.5000,"Pursue",-0.508291
491,A0100,adaptive_eagle_v9,HABFM,9089.545956,32.999262,151.291663,169.258515,-31.950101,10272.960158,214.772274,12315.020117,-75.693442,-9964.347013,673.897490,16.231469,False,False,True,False,False,False,False,2-circle,-1.000000,-295.437301,98.319437,100.000000,0.000000,1.680563,-162.454474,-74.906579,0.823459,2,1,3,0.0000,0.0000,0.0000,0.5000,"LeadPursuit",-199.427187
491,B0100,L7_close_level_aggressive,HABFM,9089.545956,32.999262,151.291663,169.258515,-31.950101,10272.960158,214.772274,12315.020117,-75.693442,-9964.347013,673.897490,16.231469,False,False,True,False,False,False,False,2-circle,-1.000000,-295.437301,98.319437,100.000000,0.000000,1.680563,-162.454474,-74.906579,0.823459,2,1,1,0.0000,0.0000,0.0000,0.5000,"Pursue",-0.872701
