step,agent_id,tree_name,bfm_situation,distance_ft,ata_deg,aa_deg,hca_deg,relative_bearing_deg,ego_altitude_ft,ego_vc_kts,specific_energy_ft,ps_fts,energy_diff_ft,closure_rate_kts,turn_rate_degs,in_wez,enm_in_wez,in_39_line,overshoot_risk,energy_advantage,alt_advantage,spd_advantage,tc_type,side_flag,alt_gap_ft,ego_health,enm_health,ego_damage_dealt,enm_damage_dealt,tau_deg,roll_deg,pitch_deg,action_alt,action_hdg,action_vel,aileron,elevator,rudder,throttle,active_node,reward
0,A0100,adaptive_eagle_v9,HABFM,3297.631970,90.000000,90.000000,180.000000,-90.000000,15000.000480,386.782661,21622.867763,0.000000,0.000000,-0.000000,0.000000,False,False,False,False,True,True,True,2-circle,-1.000000,0.000000,100.000000,100.000000,0.000000,0.000000,90.000000,-0.000000,0.000000,2,0,3,0.0000,0.0000,0.0000,0.5000,"LeadPursuit",-0.237997
0,B0100,L7_rush_level_max,HABFM,3297.631970,90.000000,90.000000,180.000000,-90.000000,15000.000480,386.782661,21622.867763,0.000000,0.000000,-0.000000,0.000000,False,False,False,False,True,True,True,2-circle,-1.000000,0.000000,100.000000,100.000000,0.000000,0.000000,90.000000,-0.000000,0.000000,2,0,0,0.0000,0.0000,0.0000,0.5000,"Pursue",-0.238041
1,A0100,adaptive_eagle_v9,HABFM,3313.088151,95.500569,84.500522,179.194280,-95.500707,15000.273890,384.472041,21544.248171,-393.097959,-131.383310,-90.643707,0.215014,False,False,False,False,False,False,False,2-circle,-1.000000,-0.002889,100.000000,100.000000,0.000000,0.000000,84.699242,-5.300707,0.954920,2,0,3,0.0000,0.0000,0.0000,0.5000,"LeadPursuit",-0.190904
1,B0100,L7_rush_level_max,HABFM,3313.088151,95.500569,84.500522,179.194280,-95.500707,15000.273890,384.472041,21544.248171,-393.097959,-131.383310,-90.643707,0.215014,False,False,False,False,False,False,False,2-circle,-1.000000,-0.002889,100.000000,100.000000,0.000000,0.000000,84.699242,-5.300707,0.954920,2,0,0,0.0000,0.0000,0.0000,0.5000,"Pursue",-0.190982
2,A0100,adaptive_eagle_v9,HABFM,3357.516482,100.385229,79.618065,175.599179,-100.393065,15003.626077,380.750191,21421.516800,-613.656855,-265.799273,-169.480139,0.900690,False,False,False,False,False,False,False,2-circle,-1.000000,-0.006421,100.000000,100.000000,0.000000,0.000000,68.938916,-21.060972,6.793612,2,0,3,0.0000,0.0000,0.0000,0.5000,"LeadPursuit",-0.134740
2,B0100,L7_rush_level_max,HABFM,3357.516482,100.385229,79.618065,175.599179,-100.393065,15003.626077,380.750191,21421.516800,-613.656855,-265.799273,-169.480139,0.900690,False,False,False,False,False,False,False,2-circle,-1.000000,-0.006421,100.000000,100.000000,0.000000,0.000000,68.938916,-21.060972,6.793612,2,0,0,0.0000,0.0000,0.0000,0.5000,"Pursue",-0.134661
3,A0100,adaptive_eagle_v9,HABFM,3425.147490,104.118532,75.883012,171.381367,-104.159784,15012.653764,376.539969,21289.394985,-660.609076,-400.373964,-227.789569,2.099711,False,False,False,False,False,True,False,2-circle,-1.000000,0.052235,100.000000,100.000000,0.000000,0.000000,48.384066,-41.616844,11.429399,2,0,3,0.0000,0.0000,0.0000,0.5000,"LeadPursuit",-0.090860
3,B0100,L7_rush_level_max,HABFM,3425.147490,104.118532,75.883012,171.381367,-104.159784,15012.653764,376.539969,21289.394985,-660.609076,-400.373964,-227.789569,2.099711,False,False,False,False,False,True,False,2-circle,-1.000000,0.052235,100.000000,100.000000,0.000000,0.000000,48.384066,-41.616844,11.429399,2,0,0,0.0000,0.0000,0.0000,0.5000,"Pursue",-0.090629
4,A0100,adaptive_eagle_v9,HABFM,3509.199589,106.781029,73.214940,168.326000,-106.871850,15026.625857,372.136891,21157.430928,-659.820284,-518.439119,-267.586536,4.770827,False,False,False,False,False,True,False,2-circle,-1.000000,0.228628,100.000000,100.000000,0.000000,0.000000,26.610863,-63.393139,13.546691,2,0,3,0.0000,0.0000,0.0000,0.5000,"LeadPursuit",-0.065232
4,B0100,L7_rush_level_max,HABFM,3509.199589,106.781029,73.214940,168.326000,-106.871850,15026.625857,372.136891,21157.430928,-659.820284,-518.439119,-267.586536,4.770827,False,False,False,False,False,True,False,2-circle,-1.000000,0.228628,100.000000,100.000000,0.000000,0.000000,26.610863,-63.393139,13.546691,2,0,0,0.0000,0.0000,0.0000,0.5000,"Pursue",-0.064054
5,A0100,adaptive_eagle_v9,HABFM,3604.500343,108.741475,71.219704,167.108916,-108.866650,15043.393486,367.821865,21032.846235,-622.923464,-634.019530,-295.811659,29.336378,False,False,False,False,False,True,False,2-circle,-1.000000,0.485316,100.000000,100.000000,0.000000,0.000000,4.716468,-85.292108,13.839592,2,0,3,0.0000,0.0000,0.0000,0.5000,"LeadPursuit",-0.065205
5,B0100,L7_rush_level_max,HABFM,3604.500343,108.741475,71.219704,167.108916,-108.866650,15043.393486,367.821865,21032.846235,-622.923464,-634.019530,-295.811659,29.336378,False,False,False,False,False,True,False,2-circle,-1.000000,0.485316,100.000000,100.000000,0.000000,0.000000,4.716468,-85.292108,13.839592,2,0,0,0.0000,0.0000,0.0000,0.5000,"Pursue",-0.063468
6,A0100,adaptive_eagle_v9,HABFM,3709.064920,110.751297,69.153836,167.646960,-110.880510,15060.388157,364.280509,20935.064264,-488.909854,-759.932851,-324.859897,139.661988,False,False,False,False,False,True,False,2-circle,-1.000000,0.720160,100.000000,100.000000,0.000000,0.000000,-8.374344,-98.387246,12.756214,2,6,4,0.0000,0.0000,0.0000,0.5000,"ExtensionBreak",-0.075174
6,B0100,L7_rush_level_max,HABFM,3709.064920,110.751297,69.153836,167.646960,-110.880510,15060.388157,364.280509,20935.064264,-488.909854,-759.932851,-324.859897,139.661988,False,False,False,False,False,True,False,2-circle,-1.000000,0.720160,100.000000,100.000000,0.000000,0.000000,-8.374344,-98.387246,12.756214,2,0,0,0.0000,0.0000,0.0000,0.5000,"Pursue",-0.068821
7,A0100,adaptive_eagle_v9,HABFM,3824.344023,113.010240,66.678189,168.495711,-113.137256,15076.307920,361.637764,20866.055206,-345.045290,-889.743534,-358.868925,140.605867,False,False,False,False,False,True,False,2-circle,-1.000000,0.845581,100.000000,100.000000,0.000000,0.000000,-4.606807,-94.622226,11.186312,2,6,4,0.0000,0.0000,0.0000,0.5000,"ExtensionBreak",-0.087616
7,B0100,L7_rush_level_max,HABFM,3824.344023,113.010240,66.678189,168.495711,-113.137256,15076.307920,361.637764,20866.055206,-345.045290,-889.743534,-358.868925,140.605867,False,False,False,False,False,True,False,2-circle,-1.000000,0.845581,100.000000,100.000000,0.000000,0.000000,-4.606807,-94.622226,11.186312,2,0,0,0.0000,0.0000,0.0000,0.5000,"Pursue",-0.052185
8,A0100,adaptive_eagle_v9,HABFM,3951.364704,114.781819,63.658606,168.881430,-114.908425,15091.247747,358.608855,20784.416760,-408.192230,-1095.811154,-393.080033,35.184136,False,False,False,False,False,True,False,2-circle,-1.000000,1.007799,100.000000,100.000000,0.000000,0.000000,4.040269,-85.978498,10.152880,2,6,4,0.0000,0.0000,0.0000,0.5000,"ExtensionBreak",-0.081506
8,B0100,L7_rush_level_max,HABFM,3951.364704,114.781819,63.658606,168.881430,-114.908425,15091.247747,358.608855,20784.416760,-408.192230,-1095.811154,-393.080033,35.184136,False,False,False,False,False,True,False,2-circle,-1.000000,1.007799,100.000000,100.000000,0.000000,0.000000,4.040269,-85.978498,10.152880,2,0,0,0.0000,0.0000,0.0000,0.5000,"Pursue",-0.038383
9,A0100,adaptive_eagle_v9,HABFM,4089.086181,116.118755,60.710604,168.565846,-116.255869,15105.805729,355.192019,20691.002223,-467.072686,-1314.393799,-422.751378,10.611422,False,False,False,False,False,True,False,2-circle,-1.000000,1.181164,100.000000,100.000000,0.000000,0.000000,13.258084,-76.764454,9.964388,2,6,4,0.0000,0.0000,0.0000,0.5000,"ExtensionBreak",-0.086453
9,B0100,L7_rush_level_max,HABFM,4089.086181,116.118755,60.710604,168.565846,-116.255869,15105.805729,355.192019,20691.002223,-467.072686,-1314.393799,-422.751378,10.611422,False,False,False,False,False,True,False,2-circle,-1.000000,1.181164,100.000000,100.000000,0.000000,0.000000,13.258084,-76.764454,9.964388,2,0,0,0.0000,0.0000,0.0000,0.5000,"Pursue",-0.021952
10,A0100,adaptive_eagle_v9,HABFM,4236.591549,116.895019,57.423965,167.382846,-117.059961,15120.841608,351.262229,20583.134243,-539.339900,-1586.395759,-450.383654,8.596268,False,False,False,False,False,True,False,2-circle,-1.000000,0.714960,100.000000,100.000000,0.000000,0.000000,16.364968,-73.649057,10.207336,2,6,4,0.0000,0.0000,0.0000,0.5000,"ExtensionBreak",-0.088651
10,B0100,L7_rush_level_max,HABFM,4236.591549,116.895019,57.423965,167.382846,-117.059961,15120.841608,351.262229,20583.134243,-539.339900,-1586.395759,-450.383654,8.596268,False,False,False,False,False,True,False,2-circle,-1.000000,0.714960,100.000000,100.000000,0.000000,0.000000,16.364968,-73.649057,10.207336,2,0,0,0.0000,0.0000,0.0000,0.5000,"Pursue",0.003428
11,A0100,adaptive_eagle_v9,HABFM,4392.568405,116.765466,53.867046,165.416574,-116.958806,15136.933616,346.527128,20452.952768,-650.907376,-1909.506555,-472.818999,17.918813,False,False,False,False,False,False,False,2-circle,-1.000000,-1.544815,100.000000,100.000000,0.000000,0.000000,8.081983,-81.886755,10.342818,2,6,4,0.0000,0.0000,0.0000,0.5000,"ExtensionBreak",-0.083787
11,B0100,L7_rush_level_max,HABFM,4392.568405,116.765466,53.867046,165.416574,-116.958806,15136.933616,346.527128,20452.952768,-650.907376,-1909.506555,-472.818999,17.918813,False,False,False,False,False,False,False,2-circle,-1.000000,-1.544815,100.000000,100.000000,0.000000,0.000000,8.081983,-81.886755,10.342818,2,0,0,0.0000,0.0000,0.0000,0.5000,"Pursue",0.011675
12,A0100,adaptive_eagle_v9,HABFM,4555.574432,116.337576,50.319071,163.368505,-116.526017,15153.303257,342.042505,20332.616957,-601.679055,-2232.588695,-492.723867,148.149361,False,False,False,False,False,False,False,2-circle,-1.000000,-6.089169,100.000000,100.000000,0.000000,0.000000,-5.375027,-95.247429,9.827428,2,6,4,0.0000,0.0000,0.0000,0.5000,"ExtensionBreak",-0.072599
12,B0100,L7_rush_level_max,HABFM,4555.574432,116.337576,50.319071,163.368505,-116.526017,15153.303257,342.042505,20332.616957,-601.679055,-2232.588695,-492.723867,148.149361,False,False,False,False,False,False,False,2-circle,-1.000000,-6.089169,100.000000,100.000000,0.000000,0.000000,-5.375027,-95.247429,9.827428,2,0,0,0.0000,0.0000,0.0000,0.5000,"Pursue",-0.000703
13,A0100,adaptive_eagle_v9,HABFM,4725.332105,116.347819,47.093283,161.787701,-116.503838,15168.254268,338.752823,20248.420290,-420.983332,-2502.900059,-513.281638,149.497738,False,False,False,False,False,False,False,2-circle,-1.000000,-12.632163,100.000000,100.000000,0.000000,0.000000,-12.246769,-101.971621,8.706067,2,6,4,0.0000,0.0000,0.0000,0.5000,"ExtensionBreak",-0.059186
13,B0100,L7_rush_level_max,HABFM,4725.332105,116.347819,47.093283,161.787701,-116.503838,15168.254268,338.752823,20248.420290,-420.983332,-2502.900059,-513.281638,149.497738,False,False,False,False,False,False,False,2-circle,-1.000000,-12.632163,100.000000,100.000000,0.000000,0.000000,-12.246769,-101.971621,8.706067,2,0,0,0.0000,0.0000,0.0000,0.5000,"Pursue",-0.014941
14,A0100,adaptive_eagle_v9,HABFM,4902.146775,116.862728,44.358817,160.510274,-116.998860,15181.292709,336.756367,20201.754782,-233.327543,-2711.987577,-533.981062,150.320445,False,False,False,False,False,False,False,2-circle,-1.000000,-21.543146,100.000000,100.000000,0.000000,0.000000,-5.447442,-94.957824,7.452670,2,6,4,0.0000,0.0000,0.0000,0.5000,"ExtensionBreak",-0.057755
14,B0100,L7_rush_level_max,HABFM,4902.146775,116.862728,44.358817,160.510274,-116.998860,15181.292709,336.756367,20201.754782,-233.327543,-2711.987577,-533.981062,150.320445,False,False,False,False,False,False,False,2-circle,-1.000000,-21.543146,100.000000,100.000000,0.000000,0.000000,-5.447442,-94.957824,7.452670,2,0,0,0.0000,0.0000,0.0000,0.5000,"Pursue",-0.010607
15,A0100,adaptive_eagle_v9,HABFM,5085.691553,117.225901,41.584614,158.430246,-117.354563,15192.968416,334.927149,20159.037577,-213.586024,-2915.125569,-553.340094,34.596165,False,False,False,False,False,False,False,2-circle,-1.000000,-32.221056,100.000000,100.000000,0.000000,0.000000,3.591939,-85.640928,6.755550,2,6,4,0.0000,0.0000,0.0000,0.5000,"ExtensionBreak",-0.071777
15,B0100,L7_rush_level_max,HABFM,5085.691553,117.225901,41.584614,158.430246,-117.354563,15192.968416,334.927149,20159.037577,-213.586024,-2915.125569,-553.340094,34.596165,False,False,False,False,False,False,False,2-circle,-1.000000,-32.221056,100.000000,100.000000,0.000000,0.000000,3.591939,-85.640928,6.755550,2,0,0,0.0000,0.0000,0.0000,0.5000,"Pursue",0.006490
16,A0100,adaptive_eagle_v9,HABFM,5275.814448,116.978039,37.963825,154.597980,-117.109572,15203.968317,332.455529,20097.012973,-310.123021,-3118.499359,-571.719459,18.908920,False,False,False,False,False,False,False,2-circle,-1.000000,-42.363316,100.000000,100.000000,0.000000,0.000000,6.933916,-82.005616,6.584085,1,3,4,0.0000,0.0000,0.0000,0.5000,"HeadOnBreak",-0.077603
16,B0100,L7_rush_level_max,HABFM,5275.814448,116.978039,37.963825,154.597980,-117.109572,15203.968317,332.455529,20097.012973,-310.123021,-3118.499359,-571.719459,18.908920,False,False,False,False,False,False,False,2-circle,-1.000000,-42.363316,100.000000,100.000000,0.000000,0.000000,6.933916,-82.005616,6.584085,2,0,0,0.0000,0.0000,0.0000,0.5000,"Pursue",0.032162
17,A0100,adaptive_eagle_v9,HABFM,5471.064551,115.829479,33.834528,149.345335,-115.957201,15214.711916,329.040445,20007.747201,-446.328860,-3280.168290,-583.388785,148.845321,False,False,False,False,False,False,False,2-circle,-1.000000,-50.955747,100.000000,100.000000,0.000000,0.000000,-0.313288,-88.967847,6.398765,1,3,4,0.0000,0.0000,0.0000,0.5000,"HeadOnBreak",-0.069275
17,B0100,L7_rush_level_max,HABFM,5471.064551,115.829479,33.834528,149.345335,-115.957201,15214.711916,329.040445,20007.747201,-446.328860,-3280.168290,-583.388785,148.845321,False,False,False,False,False,False,False,2-circle,-1.000000,-50.955747,100.000000,100.000000,0.000000,0.000000,-0.313288,-88.967847,6.398765,2,0,0,0.0000,0.0000,0.0000,0.5000,"Pursue",0.029640
18,A0100,adaptive_eagle_v9,HABFM,5669.655186,114.802448,29.943982,144.467331,-114.907521,15224.581447,326.141242,19933.525168,-371.110165,-3416.279239,-593.048428,154.923350,False,False,False,False,False,False,False,2-circle,-1.000000,-57.372356,100.000000,100.000000,0.000000,0.000000,-5.073577,-93.470610,5.991856,1,3,4,0.0000,0.0000,0.0000,0.5000,"HeadOnBreak",-0.050663
18,B0100,L7_rush_level_max,HABFM,5669.655186,114.802448,29.943982,144.467331,-114.907521,15224.581447,326.141242,19933.525168,-371.110165,-3416.279239,-593.048428,154.923350,False,False,False,False,False,False,False,2-circle,-1.000000,-57.372356,100.000000,100.000000,0.000000,0.000000,-5.073577,-93.470610,5.991856,2,0,0,0.0000,0.0000,0.0000,0.5000,"Pursue",0.011583
19,A0100,adaptive_eagle_v9,HABFM,5871.519676,114.411475,26.971780,141.133501,-114.499117,15233.202035,324.385885,19891.593221,-209.659732,-3526.942105,-602.476748,49.982536,False,False,False,False,False,False,False,2-circle,-1.000000,-61.436564,100.000000,100.000000,0.000000,0.000000,1.289768,-86.887451,5.542416,1,3,4,0.0000,0.0000,0.0000,0.5000,"HeadOnBreak",-0.035009
19,B0100,L7_rush_level_max,HABFM,5871.519676,114.411475,26.971780,141.133501,-114.499117,15233.202035,324.385885,19891.593221,-209.659732,-3526.942105,-602.476748,49.982536,False,False,False,False,False,False,False,2-circle,-1.000000,-61.436564,100.000000,100.000000,0.000000,0.000000,1.289768,-86.887451,5.542416,2,0,0,0.0000,0.0000,0.0000,0.5000,"Pursue",0.008782
20,A0100,adaptive_eagle_v9,HABFM,6076.091194,114.115470,24.863624,138.779391,-114.194549,15240.994197,322.908832,19857.059079,-172.670712,-3627.428040,-608.522009,13.572478,False,False,False,False,False,False,False,2-circle,-1.000000,-64.415354,100.000000,100.000000,0.000000,0.000000,9.332081,-78.628797,5.522437,1,2,4,0.0000,0.0000,0.0000,0.5000,"HeadOnBreak",-0.028276
20,B0100,L7_rush_level_max,HABFM,6076.091194,114.115470,24.863624,138.779391,-114.194549,15240.994197,322.908832,19857.059079,-172.670712,-3627.428040,-608.522009,13.572478,False,False,False,False,False,False,False,2-circle,-1.000000,-64.415354,100.000000,100.000000,0.000000,0.000000,9.332081,-78.628797,5.522437,2,0,0,0.0000,0.0000,0.0000,0.5000,"Pursue",0.023539
21,A0100,adaptive_eagle_v9,HABFM,6281.748101,113.314874,23.126200,136.280503,-113.396151,15248.586374,320.828100,19805.353729,-258.526749,-3704.144498,-608.215451,11.132376,False,False,False,False,False,False,False,2-circle,-1.000000,-67.769186,100.000000,100.000000,0.000000,0.000000,11.554801,-76.141968,5.865454,1,2,4,0.0000,0.0000,0.0000,0.5000,"HeadOnBreak",-0.022928
21,B0100,L7_rush_level_max,HABFM,6281.748101,113.314874,23.126200,136.280503,-113.396151,15248.586374,320.828100,19805.353729,-258.526749,-3704.144498,-608.215451,11.132376,False,False,False,False,False,False,False,2-circle,-1.000000,-67.769186,100.000000,100.000000,0.000000,0.000000,11.554801,-76.141968,5.865454,2,0,0,0.0000,0.0000,0.0000,0.5000,"Pursue",0.049641
22,A0100,adaptive_eagle_v9,HABFM,6485.887544,111.662024,21.702848,133.261443,-111.745434,15256.477687,317.764407,19726.632431,-393.606493,-3775.478002,-599.644796,26.465817,False,False,False,False,False,False,False,2-circle,-1.000000,-72.168716,100.000000,100.000000,0.000000,0.000000,3.324199,-84.021745,6.064273,1,1,4,0.0000,0.0000,0.0000,0.5000,"HeadOnBreak",-0.019895
22,B0100,L7_rush_level_max,HABFM,6485.887544,111.662024,21.702848,133.261443,-111.745434,15256.477687,317.764407,19726.632431,-393.606493,-3775.478002,-599.644796,26.465817,False,False,False,False,False,False,False,2-circle,-1.000000,-72.168716,100.000000,100.000000,0.000000,0.000000,3.324199,-84.021745,6.064273,2,0,0,0.0000,0.0000,0.0000,0.5000,"Pursue",0.061034
23,A0100,adaptive_eagle_v9,HABFM,6686.358945,109.702706,20.460656,130.128367,-109.771319,15264.104296,314.545453,19644.152413,-412.400091,-3833.350203,-587.835131,160.327879,False,False,False,False,False,False,False,2-circle,-1.000000,-77.775934,100.000000,100.000000,0.000000,0.000000,-9.241050,-96.115298,5.614126,1,1,4,0.0000,0.0000,0.0000,0.5000,"HeadOnBreak",-0.017713
23,B0100,L7_rush_level_max,HABFM,6686.358945,109.702706,20.460656,130.128367,-109.771319,15264.104296,314.545453,19644.152413,-412.400091,-3833.350203,-587.835131,160.327879,False,False,False,False,False,False,False,2-circle,-1.000000,-77.775934,100.000000,100.000000,0.000000,0.000000,-9.241050,-96.115298,5.614126,2,0,0,0.0000,0.0000,0.0000,0.5000,"Pursue",0.045747
24,A0100,adaptive_eagle_v9,HABFM,6883.431571,108.291670,19.319169,127.601707,-108.334532,15270.133261,312.237425,19586.138571,-290.069209,-3892.784728,-580.327644,161.456280,False,False,False,False,False,False,False,2-circle,-1.000000,-82.742660,100.000000,100.000000,0.000000,0.000000,-15.349592,-101.672476,4.524154,1,0,4,0.0000,0.0000,0.0000,0.5000,"HeadOnBreak",-0.013004
24,B0100,L7_rush_level_max,HABFM,6883.431571,108.291670,19.319169,127.601707,-108.334532,15270.133261,312.237425,19586.138571,-290.069209,-3892.784728,-580.327644,161.456280,False,False,False,False,False,False,False,2-circle,-1.000000,-82.742660,100.000000,100.000000,0.000000,0.000000,-15.349592,-101.672476,4.524154,2,0,0,0.0000,0.0000,0.0000,0.5000,"Pursue",0.025150
25,A0100,adaptive_eagle_v9,HABFM,7078.690303,107.538343,18.439840,125.967372,-107.563717,15274.220373,310.963096,19555.067922,-155.353242,-3906.190556,-576.538661,162.084756,False,False,False,False,False,False,False,2-circle,-1.000000,-85.542401,100.000000,100.000000,0.000000,0.000000,-8.897725,-94.633297,3.299063,1,0,4,0.0000,0.0000,0.0000,0.5000,"HeadOnBreak",-0.001977
25,B0100,L7_rush_level_max,HABFM,7078.690303,107.538343,18.439840,125.967372,-107.563717,15274.220373,310.963096,19555.067922,-155.353242,-3906.190556,-576.538661,162.084756,False,False,False,False,False,False,False,2-circle,-1.000000,-85.542401,100.000000,100.000000,0.000000,0.000000,-8.897725,-94.633297,3.299063,2,0,0,0.0000,0.0000,0.0000,0.5000,"Pursue",0.024814
26,A0100,adaptive_eagle_v9,HABFM,7272.538047,106.800378,18.220148,124.932429,-106.815292,15276.876241,309.781509,19525.253143,-149.073897,-3926.525936,-571.378990,34.673691,False,False,False,False,False,False,False,2-circle,-1.000000,-84.727253,100.000000,100.000000,0.000000,0.000000,-0.147834,-85.318377,2.619905,1,0,4,0.0000,0.0000,0.0000,0.5000,"HeadOnBreak",0.013372
26,B0100,L7_rush_level_max,HABFM,7272.538047,106.800378,18.220148,124.932429,-106.815292,15276.876241,309.781509,19525.253143,-149.073897,-3926.525936,-571.378990,34.673691,False,False,False,False,False,False,False,2-circle,-1.000000,-84.727253,100.000000,100.000000,0.000000,0.000000,-0.147834,-85.318377,2.619905,2,0,0,0.0000,0.0000,0.0000,0.5000,"Pursue",0.025180
27,A0100,adaptive_eagle_v9,HABFM,7464.031723,106.055428,19.004498,124.701112,-106.065000,15278.666478,308.598173,19494.648578,-153.022827,-3916.184045,-562.925643,12.531064,False,False,False,False,False,False,False,2-circle,-1.000000,-78.644941,100.000000,100.000000,0.000000,0.000000,7.542353,-77.187202,2.699441,1,0,4,0.0000,0.0000,0.0000,0.5000,"HeadOnBreak",0.026172
27,B0100,L7_rush_level_max,HABFM,7464.031723,106.055428,19.004498,124.701112,-106.065000,15278.666478,308.598173,19494.648578,-153.022827,-3916.184045,-562.925643,12.531064,False,False,False,False,False,False,False,2-circle,-1.000000,-78.644941,100.000000,100.000000,0.000000,0.000000,7.542353,-77.187202,2.699441,2,0,0,0.0000,0.0000,0.0000,0.5000,"Pursue",0.037021
28,A0100,adaptive_eagle_v9,HABFM,7651.787408,104.968172,20.675139,124.904368,-104.976659,15280.201683,306.930795,19450.748373,-219.501026,-3882.667629,-548.654612,10.802690,False,False,False,False,False,False,False,2-circle,-1.000000,-67.543773,100.000000,100.000000,0.000000,0.000000,9.297780,-75.147383,3.174881,1,0,4,0.0000,0.0000,0.0000,0.5000,"HeadOnBreak",0.029119
28,B0100,L7_rush_level_max,HABFM,7651.787408,104.968172,20.675139,124.904368,-104.976659,15280.201683,306.930795,19450.748373,-219.501026,-3882.667629,-548.654612,10.802690,False,False,False,False,False,False,False,2-circle,-1.000000,-67.543773,100.000000,100.000000,0.000000,0.000000,9.297780,-75.147383,3.174881,2,0,0,0.0000,0.0000,0.0000,0.5000,"Pursue",0.064684
29,A0100,adaptive_eagle_v9,HABFM,7833.589820,103.116613,22.570014,124.780626,-103.124160,15281.981990,304.315432,19381.756872,-344.957504,-3887.331112,-528.248302,23.657754,False,False,False,False,False,False,False,2-circle,-1.000000,-53.681510,100.000000,100.000000,0.000000,0.000000,1.147163,-83.038898,3.483425,1,8,4,0.0000,0.0000,0.0000,0.5000,"HeadOnBreak",0.018078
29,B0100,L7_rush_level_max,HABFM,7833.589820,103.116613,22.570014,124.780626,-103.124160,15281.981990,304.315432,19381.756872,-344.957504,-3887.331112,-528.248302,23.657754,False,False,False,False,False,False,False,2-circle,-1.000000,-53.681510,100.000000,100.000000,0.000000,0.000000,1.147163,-83.038898,3.483425,2,0,0,0.0000,0.0000,0.0000,0.5000,"Pursue",0.063066
30,A0100,adaptive_eagle_v9,HABFM,8008.710822,101.374068,23.765532,124.373447,-101.377410,15283.549188,301.969616,19320.361454,-306.977091,-3932.055712,-511.774828,94.709965,False,False,False,False,False,False,False,2-circle,-1.000000,-39.441254,100.000000,100.000000,0.000000,0.000000,-4.652474,-88.240051,3.398553,1,8,4,0.0000,0.0000,0.0000,0.5000,"HeadOnBreak",0.000172
30,B0100,L7_rush_level_max,HABFM,8008.710822,101.374068,23.765532,124.373447,-101.377410,15283.549188,301.969616,19320.361454,-306.977091,-3932.055712,-511.774828,94.709965,False,False,False,False,False,False,False,2-circle,-1.000000,-39.441254,100.000000,100.000000,0.000000,0.000000,-4.652474,-88.240051,3.398553,2,0,0,0.0000,0.0000,0.0000,0.5000,"Pursue",0.034409
31,A0100,adaptive_eagle_v9,HABFM,8180.271576,100.447124,23.830309,123.628167,-100.447915,15284.355439,300.719892,19287.823541,-162.689564,-4024.264870,-506.542011,21.702339,False,False,False,False,False,False,False,2-circle,-1.000000,-25.503381,100.000000,100.000000,0.000000,0.000000,-0.935556,-82.332430,3.177549,1,8,4,0.0000,0.0000,0.0000,0.5000,"HeadOnBreak",-0.011197
31,B0100,L7_rush_level_max,HABFM,8180.271576,100.447124,23.830309,123.628167,-100.447915,15284.355439,300.719892,19287.823541,-162.689564,-4024.264870,-506.542011,21.702339,False,False,False,False,False,False,False,2-circle,-1.000000,-25.503381,100.000000,100.000000,0.000000,0.000000,-0.935556,-82.332430,3.177549,2,0,0,0.0000,0.0000,0.0000,0.5000,"Pursue",0.040920
32,A0100,adaptive_eagle_v9,HABFM,8350.933637,99.361541,23.179594,121.929902,-99.361733,15284.662646,299.276506,19249.791514,-190.160134,-4188.598585,-504.063441,14.078498,False,False,False,False,False,False,False,2-circle,-1.000000,-11.788759,100.000000,100.000000,0.000000,0.000000,-133.840921,-78.222543,3.154893,1,6,4,0.0000,0.0000,0.0000,0.5000,"HeadOnBreak",-0.011859
32,B0100,L7_rush_level_max,HABFM,8350.933637,99.361541,23.179594,121.929902,-99.361733,15284.662646,299.276506,19249.791514,-190.160134,-4188.598585,-504.063441,14.078498,False,False,False,False,False,False,False,2-circle,-1.000000,-11.788759,100.000000,100.000000,0.000000,0.000000,-133.840921,-78.222543,3.154893,2,0,0,0.0000,0.0000,0.0000,0.5000,"Pursue",0.073466
33,A0100,adaptive_eagle_v9,HABFM,8519.872560,97.465175,22.477414,119.337496,-97.465171,15284.950218,296.879348,19186.813380,-314.890673,-4378.370065,-496.143673,23.539687,False,False,False,False,False,True,False,2-circle,-1.000000,1.558773,100.000000,100.000000,0.000000,0.000000,-173.272457,-82.837089,3.178864,1,5,4,0.0000,0.0000,0.0000,0.5000,"HeadOnBreak",-0.018351
33,B0100,L7_rush_level_max,HABFM,8519.872560,97.465175,22.477414,119.337496,-97.465171,15284.950218,296.879348,19186.813380,-314.890673,-4378.370065,-496.143673,23.539687,False,False,False,False,False,True,False,2-circle,-1.000000,1.558773,100.000000,100.000000,0.000000,0.000000,-173.272457,-82.837089,3.178864,2,0,0,0.0000,0.0000,0.0000,0.5000,"Pursue",0.088947
34,A0100,adaptive_eagle_v9,HABFM,8685.938955,95.256629,21.353833,116.061691,-95.256917,15285.019135,294.267929,19118.540807,-341.362864,-4594.856717,-488.017153,170.934043,False,False,False,False,False,True,False,2-circle,-1.000000,14.729305,100.000000,100.000000,0.000000,0.000000,176.133471,-91.725652,2.811385,1,6,4,0.0000,0.0000,0.0000,0.5000,"HeadOnBreak",-0.023871
34,B0100,L7_rush_level_max,HABFM,8685.938955,95.256629,21.353833,116.061691,-95.256917,15285.019135,294.267929,19118.540807,-341.362864,-4594.856717,-488.017153,170.934043,False,False,False,False,False,True,False,2-circle,-1.000000,14.729305,100.000000,100.000000,0.000000,0.000000,176.133471,-91.725652,2.811385,2,0,0,0.0000,0.0000,0.0000,0.5000,"Pursue",0.071535
35,A0100,adaptive_eagle_v9,HABFM,8849.942349,93.542583,19.848384,113.002967,-93.545629,15283.969085,292.437333,19069.943616,-242.985957,-4790.230616,-484.448200,171.972188,False,False,False,False,False,True,False,2-circle,-1.000000,27.842991,100.000000,100.000000,0.000000,0.000000,171.727395,-95.535973,2.004905,1,6,4,0.0000,0.0000,0.0000,0.5000,"HeadOnBreak",-0.024746
35,B0100,L7_rush_level_max,HABFM,8849.942349,93.542583,19.848384,113.002967,-93.545629,15283.969085,292.437333,19069.943616,-242.985957,-4790.230616,-484.448200,171.972188,False,False,False,False,False,True,False,2-circle,-1.000000,27.842991,100.000000,100.000000,0.000000,0.000000,171.727395,-95.535973,2.004905,2,0,0,0.0000,0.0000,0.0000,0.5000,"Pursue",0.043271
36,A0100,adaptive_eagle_v9,HABFM,9013.635407,92.528734,18.231729,110.578512,-92.535851,15281.509715,291.563683,19044.897007,-125.233041,-4954.507519,-485.583262,128.862297,False,False,False,False,False,True,False,2-circle,-1.000000,39.811039,100.000000,100.000000,0.000000,0.000000,178.378958,-88.661646,1.157768,1,7,4,0.0000,0.0000,0.0000,0.5000,"HeadOnBreak",-0.020073
36,B0100,L7_rush_level_max,HABFM,9013.635407,92.528734,18.231729,110.578512,-92.535851,15281.509715,291.563683,19044.897007,-125.233041,-4954.507519,-485.583262,128.862297,False,False,False,False,False,True,False,2-circle,-1.000000,39.811039,100.000000,100.000000,0.000000,0.000000,178.378958,-88.661646,1.157768,2,0,0,0.0000,0.0000,0.0000,0.5000,"Pursue",0.039667
37,A0100,adaptive_eagle_v9,HABFM,9177.814218,91.616979,16.859442,108.450835,-91.627394,15278.023868,290.836823,19022.670509,-111.132491,-5115.290904,-486.434647,16.608722,False,False,False,False,False,True,False,2-circle,-1.000000,48.884466,100.000000,100.000000,0.000000,0.000000,-172.625037,-79.700914,0.811092,1,7,4,0.0000,0.0000,0.0000,0.5000,"HeadOnBreak",-0.012715
37,B0100,L7_rush_level_max,HABFM,9177.814218,91.616979,16.859442,108.450835,-91.627394,15278.023868,290.836823,19022.670509,-111.132491,-5115.290904,-486.434647,16.608722,False,False,False,False,False,True,False,2-circle,-1.000000,48.884466,100.000000,100.000000,0.000000,0.000000,-172.625037,-79.700914,0.811092,2,0,0,0.0000,0.0000,0.0000,0.5000,"Pursue",0.061046
38,A0100,adaptive_eagle_v9,HABFM,9341.675149,90.253434,15.941033,106.181483,-90.264246,15274.078051,289.537021,18985.328478,-186.710158,-5300.655943,-483.102429,11.886016,False,False,False,False,False,True,False,2-circle,-1.000000,53.725407,100.000000,100.000000,0.000000,0.000000,-168.381941,-75.692613,0.985841,1,8,4,0.0000,0.0000,0.0000,0.5000,"HeadOnBreak",-0.411822
38,B0100,L7_rush_level_max,HABFM,9341.675149,90.253434,15.941033,106.181483,-90.264246,15274.078051,289.537021,18985.328478,-186.710158,-5300.655943,-483.102429,11.886016,False,False,False,False,False,True,False,2-circle,-1.000000,53.725407,100.000000,100.000000,0.000000,0.000000,-168.381941,-75.692613,0.985841,2,0,0,0.0000,0.0000,0.0000,0.5000,"Pursue",0.100122
39,A0100,adaptive_eagle_v9,HABFM,9503.514846,88.100967,15.009918,103.044940,-88.110228,15270.257262,287.328988,18925.118923,-301.047773,-5534.439297,-475.075839,18.902524,False,False,True,False,False,True,False,2-circle,-1.000000,54.734412,100.000000,100.000000,0.000000,0.000000,-173.178579,-80.822049,1.212321,1,8,4,0.0000,0.0000,0.0000,0.5000,"HeadOnBreak",-0.460300
39,B0100,L7_rush_level_max,HABFM,9503.514846,88.100967,15.009918,103.044940,-88.110228,15270.257262,287.328988,18925.118923,-301.047773,-5534.439297,-475.075839,18.902524,False,False,True,False,False,True,False,2-circle,-1.000000,54.734412,100.000000,100.000000,0.000000,0.000000,-173.178579,-80.822049,1.212321,2,0,0,0.0000,0.0000,0.0000,0.5000,"Pursue",0.098904
40,A0100,adaptive_eagle_v9,HABFM,9662.751164,86.062993,13.083949,99.095632,-86.071872,15266.367391,285.415310,18872.706724,-262.060997,-5721.914995,-469.132918,31.663106,False,False,True,False,False,True,False,2-circle,-1.000000,55.044961,100.000000,100.000000,0.000000,0.000000,-176.537504,-84.454667,1.248076,1,8,4,0.0000,0.0000,0.0000,0.5000,"HeadOnBreak",-0.313548
40,B0100,L7_rush_level_max,HABFM,9662.751164,86.062993,13.083949,99.095632,-86.071872,15266.367391,285.415310,18872.706724,-262.060997,-5721.914995,-469.132918,31.663106,False,False,True,False,False,True,False,2-circle,-1.000000,55.044961,100.000000,100.000000,0.000000,0.000000,-176.537504,-84.454667,1.248076,2,0,0,0.0000,0.0000,0.0000,0.5000,"Pursue",0.064365
41,A0100,adaptive_eagle_v9,HABFM,9820.709728,84.780775,10.144601,94.910613,-84.789740,15261.967449,284.500583,18845.227928,-137.393980,-5776.549204,-467.009432,15.586877,False,False,True,False,False,True,False,2-circle,-1.000000,57.103754,100.000000,100.000000,0.000000,0.000000,-170.742240,-78.808511,1.251715,1,8,4,0.0000,0.0000,0.0000,0.5000,"HeadOnBreak",-0.346919
41,B0100,L7_rush_level_max,HABFM,9820.709728,84.780775,10.144601,94.910613,-84.789740,15261.967449,284.500583,18845.227928,-137.393980,-5776.549204,-467.009432,15.586877,False,False,True,False,False,True,False,2-circle,-1.000000,57.103754,100.000000,100.000000,0.000000,0.000000,-170.742240,-78.808511,1.251715,2,0,0,0.0000,0.0000,0.0000,0.5000,"Pursue",0.073178
42,A0100,adaptive_eagle_v9,HABFM,9977.820374,83.366935,6.772950,90.139674,-83.375563,15257.236206,283.463855,18814.429259,-153.993343,-5789.784236,-462.350627,11.369560,False,False,True,False,False,True,False,2-circle,-1.000000,61.077487,100.000000,100.000000,0.000000,0.000000,-166.651644,-74.771892,1.419992,1,8,4,0.0000,0.0000,0.0000,0.5000,"HeadOnBreak",-0.530453
42,B0100,L7_rush_level_max,HABFM,9977.820374,83.366935,6.772950,90.139674,-83.375563,15257.236206,283.463855,18814.429259,-153.993343,-5789.784236,-462.350627,11.369560,False,False,True,False,False,True,False,2-circle,-1.000000,61.077487,100.000000,100.000000,0.000000,0.000000,-166.651644,-74.771892,1.419992,2,0,0,0.0000,0.0000,0.0000,0.5000,"Pursue",0.122753
43,A0100,adaptive_eagle_v9,UNKNOWN,10132.192145,81.093338,3.411788,84.477364,-81.100952,15252.696009,281.486970,18760.446141,-269.915591,-5833.814867,-450.903395,15.697564,False,False,True,False,False,True,False,1-circle,-1.000000,65.865475,100.000000,100.000000,0.000000,0.000000,-170.638137,-78.771486,1.608189,1,8,4,0.0000,0.0000,0.0000,0.5000,"HeadOnBreak",-0.611285
43,B0100,L7_rush_level_max,UNKNOWN,10132.192145,81.093338,3.411788,84.477364,-81.100952,15252.696009,281.486970,18760.446141,-269.915591,-5833.814867,-450.903395,15.697564,False,False,True,False,False,True,False,1-circle,-1.000000,65.865475,100.000000,100.000000,0.000000,0.000000,-170.638137,-78.771486,1.608189,2,0,0,0.0000,0.0000,0.0000,0.5000,"Pursue",0.151966
44,A0100,adaptive_eagle_v9,UNKNOWN,10281.921894,78.428784,0.529886,78.438280,-78.435301,15248.319335,279.247452,18700.476004,-299.850685,-5887.305334,-435.708000,57.892121,False,False,True,False,False,True,False,1-circle,-1.000000,70.742985,100.000000,100.000000,0.000000,0.000000,-178.761816,-86.894626,1.457108,1,8,4,0.0000,0.0000,0.0000,0.5000,"HeadOnBreak",-0.442352
44,B0100,L7_rush_level_max,UNKNOWN,10281.921894,78.428784,0.529886,78.438280,-78.435301,15248.319335,279.247452,18700.476004,-299.850685,-5887.305334,-435.708000,57.892121,False,False,True,False,False,True,False,1-circle,-1.000000,70.742985,100.000000,100.000000,0.000000,0.000000,-178.761816,-86.894626,1.457108,2,0,0,0.0000,0.0000,0.0000,0.5000,"Pursue",0.134470
45,A0100,adaptive_eagle_v9,UNKNOWN,10426.586274,76.194840,3.331481,72.883098,-76.199008,15243.330996,277.711917,18657.626383,-214.248105,-5916.965571,-421.579365,180.913632,False,False,True,False,False,True,False,1-circle,-1.000000,75.642557,100.000000,100.000000,0.000000,0.000000,177.563744,-90.558938,0.930763,1,0,4,0.0000,0.0000,0.0000,0.5000,"HeadOnBreak",-0.287610
45,B0100,L7_rush_level_max,UNKNOWN,10426.586274,76.194840,3.331481,72.883098,-76.199008,15243.330996,277.711917,18657.626383,-214.248105,-5916.965571,-421.579365,180.913632,False,False,True,False,False,True,False,1-circle,-1.000000,75.642557,100.000000,100.000000,0.000000,0.000000,177.563744,-90.558938,0.930763,2,0,0,0.0000,0.0000,0.0000,0.5000,"Pursue",0.096945
46,A0100,adaptive_eagle_v9,UNKNOWN,10566.836493,74.652154,6.847323,67.804884,-74.652644,15237.355885,277.081350,18636.164024,-107.311797,-5890.677065,-409.002323,31.117923,False,False,True,False,False,True,False,1-circle,-1.000000,80.031132,100.000000,100.000000,0.000000,0.000000,-176.074926,-84.192211,0.367478,1,0,4,0.0000,0.0000,0.0000,0.5000,"HeadOnBreak",-0.256307
46,B0100,L7_rush_level_max,UNKNOWN,10566.836493,74.652154,6.847323,67.804884,-74.652644,15237.355885,277.081350,18636.164024,-107.311797,-5890.677065,-409.002323,31.117923,False,False,True,False,False,True,False,1-circle,-1.000000,80.031132,100.000000,100.000000,0.000000,0.000000,-176.074926,-84.192211,0.367478,2,0,0,0.0000,0.0000,0.0000,0.5000,"Pursue",0.092960
47,A0100,adaptive_eagle_v9,UNKNOWN,10702.438836,73.227496,10.853483,62.376861,-73.223965,15230.636436,276.622604,18618.199502,-89.822609,-5809.875278,-393.402170,12.205673,False,False,True,False,False,True,False,1-circle,-1.000000,83.392646,100.000000,100.000000,0.000000,0.000000,-167.311971,-75.438727,0.223832,1,8,4,0.0000,0.0000,0.0000,0.5000,"HeadOnBreak",-0.371857
47,B0100,L7_rush_level_max,UNKNOWN,10702.438836,73.227496,10.853483,62.376861,-73.223965,15230.636436,276.622604,18618.199502,-89.822609,-5809.875278,-393.402170,12.205673,False,False,True,False,False,True,False,1-circle,-1.000000,83.392646,100.000000,100.000000,0.000000,0.000000,-167.311971,-75.438727,0.223832,2,0,0,0.0000,0.0000,0.0000,0.5000,"Pursue",0.130626
48,A0100,adaptive_eagle_v9,UNKNOWN,10832.190563,71.314654,14.415990,56.898681,-71.308996,15223.701844,275.591179,18586.050031,-160.747352,-5778.830452,-374.569086,9.308695,False,False,True,False,False,True,False,1-circle,-1.000000,86.318411,100.000000,100.000000,0.000000,0.000000,-162.989899,-71.125876,0.546532,1,8,4,0.0000,0.0000,0.0000,0.5000,"HeadOnBreak",-0.562435
48,B0100,L7_rush_level_max,UNKNOWN,10832.190563,71.314654,14.415990,56.898681,-71.308996,15223.701844,275.591179,18586.050031,-160.747352,-5778.830452,-374.569086,9.308695,False,False,True,False,False,True,False,1-circle,-1.000000,86.318411,100.000000,100.000000,0.000000,0.000000,-162.989899,-71.125876,0.546532,2,0,0,0.0000,0.0000,0.0000,0.5000,"Pursue",0.197238
49,A0100,adaptive_eagle_v9,UNKNOWN,10954.997070,68.596544,17.498403,51.103866,-68.590524,15217.229172,273.678930,18533.078467,-264.857821,-5810.885751,-351.956886,12.312366,False,False,True,False,False,True,False,1-circle,-1.000000,89.292096,100.000000,100.000000,0.000000,0.000000,-167.277017,-75.412389,0.938930,1,8,4,0.0000,0.0000,0.0000,0.5000,"HeadOnBreak",-0.647193
49,B0100,L7_rush_level_max,UNKNOWN,10954.997070,68.596544,17.498403,51.103866,-68.590524,15217.229172,273.678930,18533.078467,-264.857821,-5810.885751,-351.956886,12.312366,False,False,True,False,False,True,False,1-circle,-1.000000,89.292096,100.000000,100.000000,0.000000,0.000000,-167.277017,-75.412389,0.938930,2,0,0,0.0000,0.0000,0.0000,0.5000,"Pursue",0.237154
50,A0100,adaptive_eagle_v9,UNKNOWN,11069.843886,65.562422,20.196318,45.398662,-65.553332,15211.231643,271.584757,18476.529789,-282.743392,-5872.818720,-328.556421,30.396663,False,False,True,False,False,True,False,1-circle,-1.000000,93.096171,100.000000,100.000000,0.000000,0.000000,-175.827195,-83.937056,0.990445,1,8,4,0.0000,0.0000,0.0000,0.5000,"HeadOnBreak",-0.556328
50,B0100,L7_rush_level_max,UNKNOWN,11069.843886,65.562422,20.196318,45.398662,-65.553332,15211.231643,271.584757,18476.529789,-282.743392,-5872.818720,-328.556421,30.396663,False,False,True,False,False,True,False,1-circle,-1.000000,93.096171,100.000000,100.000000,0.000000,0.000000,-175.827195,-83.937056,0.990445,2,0,0,0.0000,0.0000,0.0000,0.5000,"Pursue",0.218516
51,A0100,adaptive_eagle_v9,UNKNOWN,11177.122000,62.964205,22.839298,40.214711,-62.945329,15204.907245,270.168356,18436.235062,-201.473635,-5913.053013,-306.948699,99.197284,False,False,True,False,False,True,False,1-circle,-1.000000,98.406756,100.000000,100.000000,0.000000,0.000000,179.922108,-88.126177,0.647144,1,8,4,0.0000,0.0000,0.0000,0.5000,"HeadOnBreak",-0.393193
51,B0100,L7_rush_level_max,UNKNOWN,11177.122000,62.964205,22.839298,40.214711,-62.945329,15204.907245,270.168356,18436.235062,-201.473635,-5913.053013,-306.948699,99.197284,False,False,True,False,False,True,False,1-circle,-1.000000,98.406756,100.000000,100.000000,0.000000,0.000000,179.922108,-88.126177,0.647144,2,0,0,0.0000,0.0000,0.0000,0.5000,"Pursue",0.167920
52,A0100,adaptive_eagle_v9,UNKNOWN,11277.442156,61.084100,25.615469,35.632160,-61.053977,15197.789631,269.640135,18416.494309,-98.703764,-5904.169095,-287.152629,23.933123,False,False,True,False,False,True,False,1-circle,-1.000000,105.437101,100.000000,100.000000,0.000000,0.000000,-174.313789,-82.262423,0.225308,1,8,4,0.0000,0.0000,0.0000,0.5000,"HeadOnBreak",-0.358449
52,B0100,L7_rush_level_max,UNKNOWN,11277.442156,61.084100,25.615469,35.632160,-61.053977,15197.789631,269.640135,18416.494309,-98.703764,-5904.169095,-287.152629,23.933123,False,False,True,False,False,True,False,1-circle,-1.000000,105.437101,100.000000,100.000000,0.000000,0.000000,-174.313789,-82.262423,0.225308,2,0,0,0.0000,0.0000,0.0000,0.5000,"Pursue",0.161583
53,A0100,adaptive_eagle_v9,UNKNOWN,11371.124977,59.367154,28.434801,31.154002,-59.328444,15190.036734,269.300652,18400.641673,-79.263178,-5882.106439,-266.954778,11.094346,False,False,True,False,False,True,False,1-circle,-1.000000,113.506166,100.000000,100.000000,0.000000,0.000000,-165.817449,-73.642832,0.159026,1,8,4,0.0000,0.0000,0.0000,0.5000,"HeadOnBreak",-0.480419
53,B0100,L7_rush_level_max,UNKNOWN,11371.124977,59.367154,28.434801,31.154002,-59.328444,15190.036734,269.300652,18400.641673,-79.263178,-5882.106439,-266.954778,11.094346,False,False,True,False,False,True,False,1-circle,-1.000000,113.506166,100.000000,100.000000,0.000000,0.000000,-165.817449,-73.642832,0.159026,2,1,1,0.0000,0.0000,0.0000,0.5000,"Pursue",0.219818
54,A0100,adaptive_eagle_v9,UNKNOWN,11457.585329,57.175064,31.241010,26.158630,-57.136309,15182.154543,268.386183,18370.991882,-148.248958,-5880.594344,-243.994324,8.569462,False,False,True,False,False,True,False,1-circle,-1.000000,121.446529,100.000000,100.000000,0.000000,0.000000,-161.428769,-69.128897,0.525517,1,8,4,0.0000,0.0000,0.0000,0.5000,"HeadOnBreak",-0.682596
54,B0100,L7_rush_level_max,UNKNOWN,11457.585329,57.175064,31.241010,26.158630,-57.136309,15182.154543,268.386183,18370.991882,-148.248958,-5880.594344,-243.994324,8.569462,False,False,True,False,False,True,False,1-circle,-1.000000,121.446529,100.000000,100.000000,0.000000,0.000000,-161.428769,-69.128897,0.525517,2,1,1,0.0000,0.0000,0.0000,0.5000,"Pursue",0.324538
55,A0100,adaptive_eagle_v9,UNKNOWN,11535.429833,54.198780,34.336939,20.045128,-54.166229,15174.853795,266.610059,18321.624651,-246.836155,-5884.109158,-215.357449,10.702225,False,False,True,False,False,True,False,1-circle,-1.000000,127.847966,100.000000,100.000000,0.000000,0.000000,-165.320142,-72.917100,0.974134,1,0,4,0.0000,0.0000,0.0000,0.5000,"HeadOnBreak",-0.775995
55,B0100,L7_rush_level_max,UNKNOWN,11535.429833,54.198780,34.336939,20.045128,-54.166229,15174.853795,266.610059,18321.624651,-246.836155,-5884.109158,-215.357449,10.702225,False,False,True,False,False,True,False,1-circle,-1.000000,127.847966,100.000000,100.000000,0.000000,0.000000,-165.320142,-72.917100,0.974134,2,1,1,0.0000,0.0000,0.0000,0.5000,"Pursue",0.397380
56,A0100,adaptive_eagle_v9,UNKNOWN,11602.565629,50.904211,37.934704,13.201389,-50.871052,15168.234409,264.639856,18268.668916,-264.778671,-5848.374901,-181.526715,20.820550,False,False,True,False,False,True,False,1-circle,-1.000000,132.611260,100.000000,100.000000,0.000000,0.000000,-173.444436,-80.958559,1.129846,1,8,4,0.0000,0.0000,0.0000,0.5000,"HeadOnBreak",-0.698740
56,B0100,L7_rush_level_max,UNKNOWN,11602.565629,50.904211,37.934704,13.201389,-50.871052,15168.234409,264.639856,18268.668916,-264.778671,-5848.374901,-181.526715,20.820550,False,False,True,False,False,True,False,1-circle,-1.000000,132.611260,100.000000,100.000000,0.000000,0.000000,-173.444436,-80.958559,1.129846,2,1,1,0.0000,0.0000,0.0000,0.5000,"Pursue",0.383592
57,A0100,adaptive_eagle_v9,UNKNOWN,11658.623967,48.028293,41.067189,7.655979,-47.980200,15161.557445,263.312174,18230.960602,-188.541574,-5815.221796,-151.572051,38.289946,False,False,True,False,False,True,False,1-circle,-1.000000,137.772625,100.000000,100.000000,0.000000,0.000000,-177.618010,-85.030078,0.939422,2,8,4,0.0000,0.0000,0.0000,0.5000,"LeadPursuit",-0.536867
57,B0100,L7_rush_level_max,UNKNOWN,11658.623967,48.028293,41.067189,7.655979,-47.980200,15161.557445,263.312174,18230.960602,-188.541574,-5815.221796,-151.572051,38.289946,False,False,True,False,False,True,False,1-circle,-1.000000,137.772625,100.000000,100.000000,0.000000,0.000000,-177.618010,-85.030078,0.939422,2,1,1,0.0000,0.0000,0.0000,0.5000,"Pursue",0.312251
58,A0100,adaptive_eagle_v9,UNKNOWN,11705.947866,45.879451,43.413616,4.724290,-45.813184,15154.313273,262.845901,18212.855454,-90.525738,-5811.474216,-129.220333,17.916489,False,False,True,False,False,True,False,1-circle,-1.000000,144.802309,100.000000,100.000000,0.000000,0.000000,-172.188811,-79.453103,0.684142,2,8,4,0.0000,0.0000,0.0000,0.5000,"LeadPursuit",-0.498625
58,B0100,L7_rush_level_max,UNKNOWN,11705.947866,45.879451,43.413616,4.724290,-45.813184,15154.313273,262.845901,18212.855454,-90.525738,-5811.474216,-129.220333,17.916489,False,False,True,False,False,True,False,1-circle,-1.000000,144.802309,100.000000,100.000000,0.000000,0.000000,-172.188811,-79.453103,0.684142,2,1,1,0.0000,0.0000,0.0000,0.5000,"Pursue",0.305657
59,A0100,adaptive_eagle_v9,OBFM,11746.192039,43.929655,45.659068,4.945399,-43.850390,15146.582869,262.583577,18199.023166,-69.161440,-5804.934285,-107.966440,9.714426,False,False,True,False,False,True,False,1-circle,-1.000000,153.475740,100.000000,100.000000,0.000000,0.000000,-163.954345,-71.029095,0.746302,2,8,4,0.0000,0.0000,0.0000,0.5000,"LeadPursuit",-0.651733
59,B0100,L7_rush_level_max,OBFM,11746.192039,43.929655,45.659068,4.945399,-43.850390,15146.582869,262.583577,18199.023166,-69.161440,-5804.934285,-107.966440,9.714426,False,False,True,False,False,True,False,1-circle,-1.000000,153.475740,100.000000,100.000000,0.000000,0.000000,-163.954345,-71.029095,0.746302,2,1,1,0.0000,0.0000,0.0000,0.5000,"Pursue",0.414740
60,A0100,adaptive_eagle_v9,OBFM,11778.854513,41.514578,48.035839,8.055678,-41.440375,15138.851600,261.750259,18171.948584,-135.372909,-5803.672488,-84.188523,7.689707,False,False,True,False,False,True,False,1-circle,-1.000000,163.076518,100.000000,100.000000,0.000000,0.000000,-159.604751,-66.458723,1.200644,2,8,4,0.0000,0.0000,0.0000,0.5000,"LeadPursuit",-0.921600
60,B0100,L7_rush_level_max,OBFM,11778.854513,41.514578,48.035839,8.055678,-41.440375,15138.851600,261.750259,18171.948584,-135.372909,-5803.672488,-84.188523,7.689707,False,False,True,False,False,True,False,1-circle,-1.000000,163.076518,100.000000,100.000000,0.000000,0.000000,-159.604751,-66.458723,1.200644,2,1,1,0.0000,0.0000,0.0000,0.5000,"Pursue",0.615881
61,A0100,adaptive_eagle_v9,OBFM,11803.081276,38.333600,50.445364,12.848163,-38.278936,15131.868595,260.069937,18126.148267,-229.001589,-5827.949758,-58.179038,9.224288,False,False,True,False,False,True,False,1-circle,-1.000000,172.377676,100.000000,100.000000,0.000000,0.000000,-163.300786,-69.921958,1.731568,2,8,4,0.0000,0.0000,0.0000,0.5000,"LeadPursuit",-1.078252
61,B0100,L7_rush_level_max,OBFM,11803.081276,38.333600,50.445364,12.848163,-38.278936,15131.868595,260.069937,18126.148267,-229.001589,-5827.949758,-58.179038,9.224288,False,False,True,False,False,True,False,1-circle,-1.000000,172.377676,100.000000,100.000000,0.000000,0.000000,-163.300786,-69.921958,1.731568,2,1,1,0.0000,0.0000,0.0000,0.5000,"Pursue",0.783543
62,A0100,adaptive_eagle_v9,OBFM,11818.096482,34.832760,53.176228,18.755194,-34.787948,15125.814867,258.174039,18076.597359,-247.754540,-5830.914159,-29.163463,15.473436,False,False,True,False,False,True,False,1-circle,-1.000000,180.680473,100.000000,100.000000,0.000000,0.000000,-171.235768,-77.621281,2.002691,2,8,4,0.0000,0.0000,0.0000,0.5000,"LeadPursuit",-1.004404
62,B0100,L7_rush_level_max,OBFM,11818.096482,34.832760,53.176228,18.755194,-34.787948,15125.814867,258.174039,18076.597359,-247.754540,-5830.914159,-29.163463,15.473436,False,False,True,False,False,True,False,1-circle,-1.000000,180.680473,100.000000,100.000000,0.000000,0.000000,-171.235768,-77.621281,2.002691,2,1,1,0.0000,0.0000,0.0000,0.5000,"Pursue",0.801051
63,A0100,adaptive_eagle_v9,OBFM,11823.095333,31.742610,56.012647,24.635226,-31.685902,15119.998585,256.888088,18041.458889,-175.692349,-5797.451951,-0.352500,23.249772,False,False,True,False,False,True,False,1-circle,-1.000000,188.895378,100.000000,100.000000,0.000000,0.000000,-175.524355,-81.649042,1.968663,2,8,4,0.0000,0.0000,0.0000,0.5000,"LeadPursuit",-0.809911
63,B0100,L7_rush_level_max,OBFM,11823.095333,31.742610,56.012647,24.635226,-31.685902,15119.998585,256.888088,18041.458889,-175.692349,-5797.451951,-0.352500,23.249772,False,False,True,False,False,True,False,1-circle,-1.000000,188.895378,100.000000,100.000000,0.000000,0.000000,-175.524355,-81.649042,1.968663,2,1,1,0.0000,0.0000,0.0000,0.5000,"Pursue",0.695887
64,A0100,adaptive_eagle_v9,OBFM,11819.251626,29.383705,58.337372,29.344432,-29.308332,15113.855258,256.437030,18025.065256,-81.968165,-5770.989079,22.871083,14.112271,False,False,True,False,False,True,False,1-circle,-1.000000,198.206969,100.000000,100.000000,0.000000,0.000000,-170.569722,-76.381031,1.882428,2,8,4,0.0000,0.0000,0.0000,0.5000,"LeadPursuit",-0.776297
64,B0100,L7_rush_level_max,OBFM,11819.251626,29.383705,58.337372,29.344432,-29.308332,15113.855258,256.437030,18025.065256,-81.968165,-5770.989079,22.871083,14.112271,False,False,True,False,False,True,False,1-circle,-1.000000,198.206969,100.000000,100.000000,0.000000,0.000000,-170.569722,-76.381031,1.882428,2,2,3,0.0000,0.0000,0.0000,0.5000,"Pursue",0.707965
65,A0100,adaptive_eagle_v9,OBFM,11808.177740,27.251834,60.474949,33.609799,-27.163406,15107.380734,256.205273,18013.331046,-58.671049,-5750.241241,44.081504,8.560932,False,False,True,False,False,True,False,1-circle,-1.000000,208.465742,100.000000,100.000000,0.000000,0.000000,-162.766244,-68.209902,2.099241,2,8,4,0.0000,0.0000,0.0000,0.5000,"LeadPursuit",-1.037358
65,B0100,L7_rush_level_max,OBFM,11808.177740,27.251834,60.474949,33.609799,-27.163406,15107.380734,256.205273,18013.331046,-58.671049,-5750.241241,44.081504,8.560932,False,False,True,False,False,True,False,1-circle,-1.000000,208.465742,100.000000,100.000000,0.000000,0.000000,-162.766244,-68.209902,2.099241,2,2,3,0.0000,0.0000,0.0000,0.5000,"Pursue",0.995963
66,A0100,adaptive_eagle_v9,OBFM,11789.786948,24.662452,62.664392,38.295135,-24.588324,15101.037253,255.408025,17988.930508,-122.002688,-5743.296972,66.089785,6.930422,False,False,True,False,False,True,False,1-circle,-1.000000,218.822524,100.000000,100.000000,0.000000,0.000000,-158.615838,-63.647352,2.695204,2,8,4,0.0000,0.0000,0.0000,0.5000,"LeadPursuit",-1.508213
66,B0100,L7_rush_level_max,OBFM,11789.786948,24.662452,62.664392,38.295135,-24.588324,15101.037253,255.408025,17988.930508,-122.002688,-5743.296972,66.089785,6.930422,False,False,True,False,False,True,False,1-circle,-1.000000,218.822524,100.000000,100.000000,0.000000,0.000000,-158.615838,-63.647352,2.695204,2,2,3,0.0000,0.0000,0.0000,0.5000,"Pursue",1.561913
67,A0100,adaptive_eagle_v9,OBFM,11763.580449,21.326371,65.178752,44.009623,-21.288053,15095.614941,253.778275,17946.770679,-210.799146,-5737.208237,91.119119,8.050562,False,False,True,False,False,True,False,1-circle,-1.000000,227.991444,100.000000,100.000000,0.000000,0.000000,-162.180063,-66.773198,3.364166,2,8,4,0.0000,0.0000,0.0000,0.5000,"LeadPursuit",-1.916006
67,B0100,L7_rush_level_max,OBFM,11763.580449,21.326371,65.178752,44.009623,-21.288053,15095.614941,253.778275,17946.770679,-210.799146,-5737.208237,91.119119,8.050562,False,False,True,False,False,True,False,1-circle,-1.000000,227.991444,100.000000,100.000000,0.000000,0.000000,-162.180063,-66.773198,3.364166,2,2,3,0.0000,0.0000,0.0000,0.5000,"Pursue",2.187024
68,A0100,adaptive_eagle_v9,OBFM,11728.554463,17.663797,67.809997,50.230018,-17.647886,15091.384002,251.910315,17900.721774,-230.244525,-5725.008724,116.680547,12.089806,False,False,True,False,False,True,False,1-circle,-1.000000,235.913211,100.000000,100.000000,0.000000,0.000000,-169.823142,-73.941135,3.770116,2,8,4,0.0000,0.0000,0.0000,0.5000,"LeadPursuit",-2.278193
68,B0100,L7_rush_level_max,OBFM,11728.554463,17.663797,67.809997,50.230018,-17.647886,15091.384002,251.910315,17900.721774,-230.244525,-5725.008724,116.680547,12.089806,False,False,True,False,False,True,False,1-circle,-1.000000,235.913211,100.000000,100.000000,0.000000,0.000000,-169.823142,-73.941135,3.770116,2,2,3,0.0000,0.0000,0.0000,0.5000,"Pursue",2.865005
69,A0100,adaptive_eagle_v9,OBFM,11685.677373,14.010816,69.921773,55.981676,-13.995817,15087.757889,250.241165,17859.989831,-203.659716,-5742.467297,137.005279,25.551007,False,False,True,False,False,True,False,1-circle,-1.000000,243.811133,100.000000,100.000000,0.000000,0.000000,-178.630703,-82.193554,3.725644,2,8,4,0.0000,0.0000,0.0000,0.5000,"LeadPursuit",-2.404737
69,B0100,L7_rush_level_max,OBFM,11685.677373,14.010816,69.921773,55.981676,-13.995817,15087.757889,250.241165,17859.989831,-203.659716,-5742.467297,137.005279,25.551007,False,False,True,False,False,True,False,1-circle,-1.000000,243.811133,100.000000,100.000000,0.000000,0.000000,-178.630703,-82.193554,3.725644,2,3,3,0.0000,0.0000,0.0000,0.5000,"Pursue",3.318632
70,A0100,adaptive_eagle_v9,OBFM,11636.616255,10.775525,71.830405,61.160187,-10.733954,15083.947912,249.144253,17831.929429,-140.302012,-5754.125671,154.753024,45.547281,False,False,True,False,False,True,False,1-circle,-1.000000,252.356835,100.000000,100.000000,0.000000,0.000000,177.306759,-85.583041,3.325091,1,8,4,0.0000,0.0000,0.0000,0.5000,"SmartHighYoYo",-2.183113
70,B0100,L7_rush_level_max,OBFM,11636.616255,10.775525,71.830405,61.160187,-10.733954,15083.947912,249.144253,17831.929429,-140.302012,-5754.125671,154.753024,45.547281,False,False,True,False,False,True,False,1-circle,-1.000000,252.356835,100.000000,100.000000,0.000000,0.000000,177.306759,-85.583041,3.325091,2,3,3,0.0000,0.0000,0.0000,0.5000,"Pursue",3.235453
71,A0100,adaptive_eagle_v9,OBFM,11581.560296,8.258395,73.786435,65.695790,-8.160844,15079.523153,248.808038,17820.092966,-59.182314,-5734.240693,172.439351,19.714795,False,False,True,False,False,True,False,1-circle,-1.000000,261.618634,100.000000,100.000000,0.000000,0.000000,-177.799547,-79.867973,2.953135,1,8,4,0.0000,0.0000,0.0000,0.5000,"SmartHighYoYo",-2.392611
71,B0100,L7_rush_level_max,OBFM,11581.560296,8.258395,73.786435,65.695790,-8.160844,15079.523153,248.808038,17820.092966,-59.182314,-5734.240693,172.439351,19.714795,False,False,True,False,False,True,False,1-circle,-1.000000,261.618634,100.000000,100.000000,0.000000,0.000000,-177.799547,-79.867973,2.953135,2,3,3,0.0000,0.0000,0.0000,0.5000,"Pursue",3.675927
72,A0100,adaptive_eagle_v9,OBFM,11520.625275,5.906585,75.719565,70.048455,-5.732876,15074.578544,248.589653,17810.339547,-48.767094,-5711.596213,189.506774,10.332516,False,False,True,False,False,True,False,1-circle,-1.000000,270.965637,100.000000,100.000000,0.000000,0.000000,-170.076685,-71.155684,2.989080,1,8,4,0.0000,0.0000,0.0000,0.5000,"SmartHighYoYo",-3.545102
72,B0100,L7_rush_level_max,OBFM,11520.625275,5.906585,75.719565,70.048455,-5.732876,15074.578544,248.589653,17810.339547,-48.767094,-5711.596213,189.506774,10.332516,False,False,True,False,False,True,False,1-circle,-1.000000,270.965637,100.000000,100.000000,0.000000,0.000000,-170.076685,-71.155684,2.989080,2,3,3,0.0000,0.0000,0.0000,0.5000,"Pursue",5.436609
73,A0100,adaptive_eagle_v9,OBFM,11453.770038,3.080254,77.964943,75.157101,-2.842759,15069.610733,247.795272,17787.915138,-112.122048,-5682.773533,208.290944,7.766481,False,False,True,False,False,True,False,1-circle,-1.000000,279.350910,100.000000,100.000000,0.000000,0.000000,-165.609717,-65.510335,3.453882,1,8,4,0.0000,0.0000,0.0000,0.5000,"SmartHighYoYo",-2.518941
73,B0100,L7_rush_level_max,OBFM,11453.770038,3.080254,77.964943,75.157101,-2.842759,15069.610733,247.795272,17787.915138,-112.122048,-5682.773533,208.290944,7.766481,False,False,True,False,False,True,False,1-circle,-1.000000,279.350910,100.000000,100.000000,0.000000,0.000000,-165.609717,-65.510335,3.453882,2,4,3,0.0000,0.0000,0.0000,0.5000,"Pursue",3.736819
74,A0100,adaptive_eagle_v9,OBFM,11380.240336,0.867882,80.371073,80.437433,0.048796,15065.204959,246.971566,17765.467361,-112.238882,-5640.935625,227.706324,7.000400,False,False,True,False,False,True,False,1-circle,1.000000,286.276000,100.000000,100.000000,0.000000,0.000000,-164.639098,-63.113355,4.252200,1,8,4,0.0000,0.0000,0.0000,0.5000,"SmartHighYoYo",1.534862
74,B0100,L7_rush_level_max,OBFM,11380.240336,0.867882,80.371073,80.437433,0.048796,15065.204959,246.971566,17765.467361,-112.238882,-5640.935625,227.706324,7.000400,False,False,True,False,False,True,False,1-circle,1.000000,286.276000,100.000000,100.000000,0.000000,0.000000,-164.639098,-63.113355,4.252200,2,4,3,0.0000,0.0000,0.0000,0.5000,"Pursue",-2.065582
75,A0100,adaptive_eagle_v9,OBFM,11300.696027,2.368865,82.283731,84.539190,2.243331,15061.111415,246.885212,17759.485854,-29.907535,-5612.014065,243.213417,5.464897,False,False,True,False,False,True,False,1-circle,1.000000,292.665396,100.000000,100.000000,0.000000,0.000000,-160.326068,-56.985689,5.391206,1,8,4,0.0000,0.0000,0.0000,0.5000,"SmartHighYoYo",2.487861
75,B0100,L7_rush_level_max,OBFM,11300.696027,2.368865,82.283731,84.539190,2.243331,15061.111415,246.885212,17759.485854,-29.907535,-5612.014065,243.213417,5.464897,False,False,True,False,False,True,False,1-circle,1.000000,292.665396,100.000000,100.000000,0.000000,0.000000,-160.326068,-56.985689,5.391206,2,4,3,0.0000,0.0000,0.0000,0.5000,"Pursue",-3.562525
76,A0100,adaptive_eagle_v9,OBFM,11216.396393,4.143622,83.985020,88.071690,4.078897,15056.993083,247.084092,17759.716641,1.153936,-5589.750726,256.994859,3.963738,False,False,True,False,False,True,False,1-circle,1.000000,298.856839,100.000000,100.000000,0.000000,0.000000,-153.899300,-48.165262,6.831657,1,8,4,0.0000,0.0000,0.0000,0.5000,"SmartHighYoYo",2.329673
76,B0100,L7_rush_level_max,OBFM,11216.396393,4.143622,83.985020,88.071690,4.078897,15056.993083,247.084092,17759.716641,1.153936,-5589.750726,256.994859,3.963738,False,False,True,False,False,True,False,1-circle,1.000000,298.856839,100.000000,100.000000,0.000000,0.000000,-153.899300,-48.165262,6.831657,2,4,3,0.0000,0.0000,0.0000,0.5000,"Pursue",-3.401464
77,A0100,adaptive_eagle_v9,OBFM,11127.450339,6.019392,85.726292,91.731032,6.004500,15053.077349,246.908866,17751.968865,-38.738881,-5576.326233,270.342358,2.935996,False,False,True,False,False,True,False,2-circle,1.000000,304.263942,100.000000,100.000000,0.000000,0.000000,-148.572766,-39.584326,8.436766,1,8,4,0.0000,0.0000,0.0000,0.5000,"SmartHighYoYo",1.986355
77,B0100,L7_rush_level_max,OBFM,11127.450339,6.019392,85.726292,91.731032,6.004500,15053.077349,246.908866,17751.968865,-38.738881,-5576.326233,270.342358,2.935996,False,False,True,False,False,True,False,2-circle,1.000000,304.263942,100.000000,100.000000,0.000000,0.000000,-148.572766,-39.584326,8.436766,2,5,3,0.0000,0.0000,0.0000,0.5000,"Pursue",-2.846370
78,A0100,adaptive_eagle_v9,OBFM,11033.706061,7.734686,87.798127,95.528733,7.734490,15049.592488,246.665891,17743.174833,-43.970160,-5539.547003,286.185079,2.291155,False,False,True,False,False,True,False,2-circle,1.000000,308.174252,100.000000,100.000000,0.000000,0.000000,-146.416707,-32.804301,9.718217,4,8,3,0.0000,0.0000,0.0000,0.5000,"SmartHighYoYo",1.641325
78,B0100,L7_rush_level_max,OBFM,11033.706061,7.734686,87.798127,95.528733,7.734490,15049.592488,246.665891,17743.174833,-43.970160,-5539.547003,286.185079,2.291155,False,False,True,False,False,True,False,2-circle,1.000000,308.174252,100.000000,100.000000,0.000000,0.000000,-146.416707,-32.804301,9.718217,2,5,3,0.0000,0.0000,0.0000,0.5000,"Pursue",-2.275988
79,A0100,adaptive_eagle_v9,OBFM,10934.083545,9.240234,90.046782,99.283523,9.242471,15046.312781,246.797720,17742.775037,-1.998982,-5476.429500,303.809346,1.853311,False,False,True,False,False,True,False,2-circle,1.000000,310.945803,100.000000,100.000000,0.000000,0.000000,-148.233287,-27.547961,8.982855,1,7,4,0.0000,0.0000,0.0000,0.5000,"SmartHighYoYo",1.339301
79,B0100,L7_rush_level_max,OBFM,10934.083545,9.240234,90.046782,99.283523,9.242471,15046.312781,246.797720,17742.775037,-1.998982,-5476.429500,303.809346,1.853311,False,False,True,False,False,True,False,2-circle,1.000000,310.945803,100.000000,100.000000,0.000000,0.000000,-148.233287,-27.547961,8.982855,2,5,3,0.0000,0.0000,0.0000,0.5000,"Pursue",-2.168938
80,A0100,adaptive_eagle_v9,OBFM,10828.941176,10.525336,91.809756,102.322454,10.522603,15042.828139,247.591476,17756.663111,69.440369,-5428.123757,318.144537,1.490865,False,False,True,False,False,True,False,2-circle,1.000000,313.687631,100.000000,100.000000,0.000000,0.000000,-155.347144,-22.826861,7.024413,1,7,4,0.0000,0.0000,0.0000,0.5000,"SmartHighYoYo",1.153835
80,B0100,L7_rush_level_max,OBFM,10828.941176,10.525336,91.809756,102.322454,10.522603,15042.828139,247.591476,17756.663111,69.440369,-5428.123757,318.144537,1.490865,False,False,True,False,False,True,False,2-circle,1.000000,313.687631,100.000000,100.000000,0.000000,0.000000,-155.347144,-22.826861,7.024413,2,5,3,0.0000,0.0000,0.0000,0.5000,"Pursue",-1.824089
81,A0100,adaptive_eagle_v9,OBFM,10719.365938,11.646460,93.373360,104.963171,11.613065,15038.546789,248.890575,17780.935181,121.360350,-5377.505261,331.430089,1.072381,False,False,True,False,False,True,False,2-circle,1.000000,317.010565,100.000000,100.000000,0.000000,0.000000,-170.183859,-16.924709,4.495617,2,8,4,0.0000,0.0000,0.0000,0.5000,"LeadPursuit",1.114560
81,B0100,L7_rush_level_max,OBFM,10719.365938,11.646460,93.373360,104.963171,11.613065,15038.546789,248.890575,17780.935181,121.360350,-5377.505261,331.430089,1.072381,False,False,True,False,False,True,False,2-circle,1.000000,317.010565,100.000000,100.000000,0.000000,0.000000,-170.183859,-16.924709,4.495617,2,5,3,0.0000,0.0000,0.0000,0.5000,"Pursue",-1.778586
82,A0100,adaptive_eagle_v9,OBFM,10604.820207,12.729730,95.351570,107.896662,12.601606,15032.815435,250.546329,17811.812859,154.388392,-5280.301123,348.361595,0.541879,False,False,True,False,False,True,False,2-circle,1.000000,321.310051,100.000000,100.000000,0.000000,0.000000,167.220280,-8.796529,1.621589,2,8,4,0.0000,0.0000,0.0000,0.5000,"LeadPursuit",1.171074
82,B0100,L7_rush_level_max,OBFM,10604.820207,12.729730,95.351570,107.896662,12.601606,15032.815435,250.546329,17811.812859,154.388392,-5280.301123,348.361595,0.541879,False,False,True,False,False,True,False,2-circle,1.000000,321.310051,100.000000,100.000000,0.000000,0.000000,167.220280,-8.796529,1.621589,2,5,3,0.0000,0.0000,0.0000,0.5000,"Pursue",-1.814504
83,A0100,adaptive_eagle_v9,OBFM,10484.177413,13.941691,97.484643,110.985660,13.610294,15024.978384,252.488198,17847.220218,177.036794,-5156.617655,366.428797,0.115390,False,False,True,False,False,True,False,2-circle,1.000000,327.547444,100.000000,100.000000,0.000000,0.000000,150.068944,1.901380,-1.477483,2,8,4,0.0000,0.0000,0.0000,0.5000,"LeadPursuit",1.240695
83,B0100,L7_rush_level_max,OBFM,10484.177413,13.941691,97.484643,110.985660,13.610294,15024.978384,252.488198,17847.220218,177.036794,-5156.617655,366.428797,0.115390,False,False,True,False,False,True,False,2-circle,1.000000,327.547444,100.000000,100.000000,0.000000,0.000000,150.068944,1.901380,-1.477483,2,5,3,0.0000,0.0000,0.0000,0.5000,"Pursue",-1.801626
84,A0100,adaptive_eagle_v9,OBFM,10357.919420,15.408985,99.429823,114.039408,14.774003,15014.482680,254.500089,17881.880395,173.300884,-5035.961947,382.365385,0.928372,False,False,True,False,False,True,False,2-circle,1.000000,337.085862,100.000000,100.000000,0.000000,0.000000,146.417559,15.062803,-4.180663,1,8,4,0.0000,0.0000,0.0000,0.5000,"LeadPursuit",1.076667
84,B0100,L7_rush_level_max,OBFM,10357.919420,15.408985,99.429823,114.039408,14.774003,15014.482680,254.500089,17881.880395,173.300884,-5035.961947,382.365385,0.928372,False,False,True,False,False,True,False,2-circle,1.000000,337.085862,100.000000,100.000000,0.000000,0.000000,146.417559,15.062803,-4.180663,2,5,3,0.0000,0.0000,0.0000,0.5000,"Pursue",-1.468159
85,A0100,adaptive_eagle_v9,HABFM,10227.057544,16.883269,100.911946,116.734551,16.019097,15001.448796,256.214452,17907.607351,128.634784,-4951.281321,393.950003,1.976618,False,False,True,False,False,True,False,2-circle,1.000000,350.571457,100.000000,100.000000,0.000000,0.000000,151.959098,29.969853,-3.649042,1,8,4,0.0000,0.0000,0.0000,0.5000,"LeadPursuit",0.777211
85,B0100,L7_rush_level_max,HABFM,10227.057544,16.883269,100.911946,116.734551,16.019097,15001.448796,256.214452,17907.607351,128.634784,-4951.281321,393.950003,1.976618,False,False,True,False,False,True,False,2-circle,1.000000,350.571457,100.000000,100.000000,0.000000,0.000000,151.959098,29.969853,-3.649042,2,6,3,0.0000,0.0000,0.0000,0.5000,"Pursue",-1.062216
86,A0100,adaptive_eagle_v9,HABFM,10092.731661,18.026899,102.252525,119.139603,17.095533,14986.832759,258.064726,17935.116988,137.548185,-4868.212659,404.863206,3.389875,False,False,True,False,False,True,False,2-circle,1.000000,366.865935,100.000000,100.000000,0.000000,0.000000,161.298810,44.876201,-0.536560,1,8,4,0.0000,0.0000,0.0000,0.5000,"LeadPursuit",0.336897
86,B0100,L7_rush_level_max,HABFM,10092.731661,18.026899,102.252525,119.139603,17.095533,14986.832759,258.064726,17935.116988,137.548185,-4868.212659,404.863206,3.389875,False,False,True,False,False,True,False,2-circle,1.000000,366.865935,100.000000,100.000000,0.000000,0.000000,161.298810,44.876201,-0.536560,2,6,3,0.0000,0.0000,0.0000,0.5000,"Pursue",-0.580777
87,A0100,adaptive_eagle_v9,HABFM,9954.553291,18.423172,103.708560,121.079732,17.565823,14971.584040,259.237951,17946.736451,58.097311,-4796.832107,417.007310,4.821456,False,False,True,False,False,True,False,2-circle,1.000000,384.820615,100.000000,100.000000,0.000000,0.000000,167.740279,54.886162,1.801653,1,8,4,0.0000,0.0000,0.0000,0.5000,"LeadPursuit",0.005870
87,B0100,L7_rush_level_max,HABFM,9954.553291,18.423172,103.708560,121.079732,17.565823,14971.584040,259.237951,17946.736451,58.097311,-4796.832107,417.007310,4.821456,False,False,True,False,False,True,False,2-circle,1.000000,384.820615,100.000000,100.000000,0.000000,0.000000,167.740279,54.886162,1.801653,2,6,3,0.0000,0.0000,0.0000,0.5000,"Pursue",-0.225821
88,A0100,adaptive_eagle_v9,HABFM,9812.217878,18.204757,105.192236,122.494496,17.477948,14956.747725,259.685026,17942.170718,-22.828664,-4749.429528,429.522639,5.357245,False,False,True,False,False,True,False,2-circle,1.000000,402.981529,100.000000,100.000000,0.000000,0.000000,168.109431,57.710134,2.903244,1,8,3,0.0000,0.0000,0.0000,0.5000,"LeadPursuit",0.057277
88,B0100,L7_rush_level_max,HABFM,9812.217878,18.204757,105.192236,122.494496,17.477948,14956.747725,259.685026,17942.170718,-22.828664,-4749.429528,429.522639,5.357245,False,False,True,False,False,True,False,2-circle,1.000000,402.981529,100.000000,100.000000,0.000000,0.000000,168.109431,57.710134,2.903244,2,6,3,0.0000,0.0000,0.0000,0.5000,"Pursue",-0.281556
89,A0100,adaptive_eagle_v9,HABFM,9665.706060,18.063142,106.676280,123.929615,17.435153,14942.368580,260.127907,17937.983272,-20.937227,-4703.967032,441.809670,5.356973,False,False,True,False,False,True,False,2-circle,1.000000,420.824398,100.000000,100.000000,0.000000,0.000000,166.360256,57.746175,3.393658,1,8,3,0.0000,0.0000,0.0000,0.5000,"LeadPursuit",0.019483
89,B0100,L7_rush_level_max,HABFM,9665.706060,18.063142,106.676280,123.929615,17.435153,14942.368580,260.127907,17937.983272,-20.937227,-4703.967032,441.809670,5.356973,False,False,True,False,False,True,False,2-circle,1.000000,420.824398,100.000000,100.000000,0.000000,0.000000,166.360256,57.746175,3.393658,2,6,3,0.0000,0.0000,0.0000,0.5000,"Pursue",-0.238311
90,A0100,adaptive_eagle_v9,HABFM,9515.081207,17.850182,108.141812,125.259173,17.318945,14928.401636,260.413239,17930.591652,-36.958101,-4667.330527,453.808064,5.224402,False,False,True,False,False,True,False,2-circle,1.000000,437.896082,100.000000,100.000000,0.000000,0.000000,164.368662,57.117156,3.696641,1,8,3,0.0000,0.0000,0.0000,0.5000,"LeadPursuit",-0.039545
90,B0100,L7_rush_level_max,HABFM,9515.081207,17.850182,108.141812,125.259173,17.318945,14928.401636,260.413239,17930.591652,-36.958101,-4667.330527,453.808064,5.224402,False,False,True,False,False,True,False,2-circle,1.000000,437.896082,100.000000,100.000000,0.000000,0.000000,164.368662,57.117156,3.696641,2,6,3,0.0000,0.0000,0.0000,0.5000,"Pursue",-0.169549
91,A0100,adaptive_eagle_v9,HABFM,9360.420865,17.539393,109.574263,126.452789,17.107973,14914.949803,260.518927,17919.577172,-55.072401,-4641.498229,465.427203,5.136446,False,False,True,False,False,True,False,2-circle,1.000000,453.589063,100.000000,100.000000,0.000000,0.000000,162.838245,56.677158,3.960965,1,8,3,0.0000,0.0000,0.0000,0.5000,"LeadPursuit",-0.061616
91,B0100,L7_rush_level_max,HABFM,9360.420865,17.539393,109.574263,126.452789,17.107973,14914.949803,260.518927,17919.577172,-55.072401,-4641.498229,465.427203,5.136446,False,False,True,False,False,True,False,2-circle,1.000000,453.589063,100.000000,100.000000,0.000000,0.000000,162.838245,56.677158,3.960965,2,6,3,0.0000,0.0000,0.0000,0.5000,"Pursue",-0.191916
92,A0100,adaptive_eagle_v9,HABFM,9201.541537,17.155980,111.339524,127.899843,16.822430,14902.129029,260.461406,17905.429749,-70.737112,-4597.905590,479.180764,5.132990,False,False,True,False,False,True,False,2-circle,1.000000,467.288471,100.000000,100.000000,0.000000,0.000000,161.897889,56.648723,4.224051,1,8,3,0.0000,0.0000,0.0000,0.5000,"LeadPursuit",-0.073152
92,B0100,L7_rush_level_max,HABFM,9201.541537,17.155980,111.339524,127.899843,16.822430,14902.129029,260.461406,17905.429749,-70.737112,-4597.905590,479.180764,5.132990,False,False,True,False,False,True,False,2-circle,1.000000,467.288471,100.000000,100.000000,0.000000,0.000000,161.897889,56.648723,4.224051,2,6,3,0.0000,0.0000,0.0000,0.5000,"Pursue",-0.205629
93,A0100,adaptive_eagle_v9,HABFM,9037.497323,16.730083,113.351949,129.568956,16.486461,14890.015269,260.275884,17889.039114,-81.953176,-4542.949692,494.317224,5.203294,False,False,True,False,False,True,False,2-circle,1.000000,478.976676,100.000000,100.000000,0.000000,0.000000,161.457949,56.982746,4.485272,1,8,3,0.0000,0.0000,0.0000,0.5000,"LeadPursuit",-0.094809
93,B0100,L7_rush_level_max,HABFM,9037.497323,16.730083,113.351949,129.568956,16.486461,14890.015269,260.275884,17889.039114,-81.953176,-4542.949692,494.317224,5.203294,False,False,True,False,False,True,False,2-circle,1.000000,478.976676,100.000000,100.000000,0.000000,0.000000,161.457949,56.982746,4.485272,2,6,3,0.0000,0.0000,0.0000,0.5000,"Pursue",-0.155644
94,A0100,adaptive_eagle_v9,HABFM,8868.471743,16.287821,115.269991,131.150803,16.122802,14878.636246,260.026930,17871.925689,-85.567125,-4498.957306,508.467494,5.319164,False,False,True,False,False,True,False,2-circle,1.000000,489.418745,100.000000,100.000000,0.000000,0.000000,161.353778,57.528052,4.738480,1,8,3,0.0000,0.0000,0.0000,0.5000,"LeadPursuit",-0.132360
94,B0100,L7_rush_level_max,HABFM,8868.471743,16.287821,115.269991,131.150803,16.122802,14878.636246,260.026930,17871.925689,-85.567125,-4498.957306,508.467494,5.319164,False,False,True,False,False,True,False,2-circle,1.000000,489.418745,100.000000,100.000000,0.000000,0.000000,161.353778,57.528052,4.738480,2,6,3,0.0000,0.0000,0.0000,0.5000,"Pursue",-0.045914
95,A0100,adaptive_eagle_v9,HABFM,8695.036982,15.846526,116.766623,132.314912,15.747487,14867.982866,259.749881,17854.897240,-85.142246,-4486.699458,519.567579,5.457812,False,False,True,False,False,True,False,2-circle,1.000000,499.456148,100.000000,100.000000,0.000000,0.000000,161.453600,58.161372,4.979364,1,8,3,0.0000,0.0000,0.0000,0.5000,"LeadPursuit",-0.142031
95,B0100,L7_rush_level_max,HABFM,8695.036982,15.846526,116.766623,132.314912,15.747487,14867.982866,259.749881,17854.897240,-85.142246,-4486.699458,519.567579,5.457812,False,False,True,False,False,True,False,2-circle,1.000000,499.456148,100.000000,100.000000,0.000000,0.000000,161.453600,58.161372,4.979364,3,6,3,0.0000,0.0000,0.0000,0.5000,"Pursue",-0.006643
96,A0100,adaptive_eagle_v9,HABFM,8518.227938,15.418226,118.086979,133.294326,15.371780,14858.026795,259.458742,17838.249190,-83.240246,-4488.351322,529.346076,5.606939,False,False,True,False,False,True,False,2-circle,1.000000,509.078853,100.000000,100.000000,0.000000,0.000000,161.664246,58.817834,5.205183,1,8,3,0.0000,0.0000,0.0000,0.5000,"LeadPursuit",-0.127173
96,B0100,L7_rush_level_max,HABFM,8518.227938,15.418226,118.086979,133.294326,15.371780,14858.026795,259.458742,17838.249190,-83.240246,-4488.351322,529.346076,5.606939,False,False,True,False,False,True,False,2-circle,1.000000,509.078853,100.000000,100.000000,0.000000,0.000000,161.664246,58.817834,5.205183,3,6,3,0.0000,0.0000,0.0000,0.5000,"Pursue",-0.030726
97,A0100,adaptive_eagle_v9,HABFM,8337.968762,15.004375,119.489802,134.348613,14.996994,14848.732551,259.157153,17822.030685,-81.092528,-4484.399933,539.464722,5.761683,False,False,True,False,False,True,False,2-circle,1.000000,518.064595,100.000000,100.000000,0.000000,0.000000,161.940759,59.472454,5.414281,1,8,3,0.0000,0.0000,0.0000,0.5000,"LeadPursuit",-0.119850
97,B0100,L7_rush_level_max,HABFM,8337.968762,15.004375,119.489802,134.348613,14.996994,14848.732551,259.157153,17822.030685,-81.092528,-4484.399933,539.464722,5.761683,False,False,True,False,False,True,False,2-circle,1.000000,518.064595,100.000000,100.000000,0.000000,0.000000,161.940759,59.472454,5.414281,3,5,3,0.0000,0.0000,0.0000,0.5000,"Pursue",-0.034502
98,A0100,adaptive_eagle_v9,HABFM,8154.255812,14.604819,120.879975,135.385367,14.623153,14840.063136,258.845311,17806.210074,-79.103055,-4482.994642,549.320055,5.920901,False,False,True,False,False,True,False,2-circle,1.000000,526.026376,100.000000,100.000000,0.000000,0.000000,162.257359,60.119002,5.605753,1,8,3,0.0000,0.0000,0.0000,0.5000,"LeadPursuit",-0.077085
98,B0100,L7_rush_level_max,HABFM,8154.255812,14.604819,120.879975,135.385367,14.623153,14840.063136,258.845311,17806.210074,-79.103055,-4482.994642,549.320055,5.920901,False,False,True,False,False,True,False,2-circle,1.000000,526.026376,100.000000,100.000000,0.000000,0.000000,162.257359,60.119002,5.605753,3,5,2,0.0000,0.0000,0.0000,0.5000,"Pursue",-0.122971
99,A0100,adaptive_eagle_v9,HABFM,7966.919800,14.217446,122.617398,136.767756,14.248640,14831.981851,258.523010,17790.746794,-77.316398,-4457.182852,561.022593,6.084795,False,False,True,False,False,True,False,2-circle,1.000000,532.581835,100.000000,100.000000,0.000000,0.000000,162.599413,60.757476,5.779174,1,8,3,0.0000,0.0000,0.0000,0.5000,"LeadPursuit",-0.049486
99,B0100,L7_rush_level_max,HABFM,7966.919800,14.217446,122.617398,136.767756,14.248640,14831.981851,258.523010,17790.746794,-77.316398,-4457.182852,561.022593,6.084795,False,False,True,False,False,True,False,2-circle,1.000000,532.581835,100.000000,100.000000,0.000000,0.000000,162.599413,60.757476,5.779174,3,5,2,0.0000,0.0000,0.0000,0.5000,"Pursue",-0.169544
100,A0100,adaptive_eagle_v9,HABFM,7775.201868,13.835086,124.579015,138.377187,13.867072,14824.452552,258.190503,17775.611391,-75.677015,-4416.329623,573.691111,6.253816,False,False,True,False,False,True,False,2-circle,1.000000,537.982084,100.000000,100.000000,0.000000,0.000000,162.972465,61.388849,5.934384,1,8,3,0.0000,0.0000,0.0000,0.5000,"LeadPursuit",-0.095121
100,B0100,L7_rush_level_max,HABFM,7775.201868,13.835086,124.579015,138.377187,13.867072,14824.452552,258.190503,17775.611391,-75.677015,-4416.329623,573.691111,6.253816,False,False,True,False,False,True,False,2-circle,1.000000,537.982084,100.000000,100.000000,0.000000,0.000000,162.972465,61.388849,5.934384,3,5,2,0.0000,0.0000,0.0000,0.5000,"Pursue",-0.047142
101,A0100,adaptive_eagle_v9,HABFM,7579.576824,13.459662,126.067077,139.514095,13.480816,14817.439487,257.848508,17760.785391,-74.130000,-4411.504619,583.383181,6.428327,False,False,True,False,False,True,False,2-circle,1.000000,542.948760,100.000000,100.000000,0.000000,0.000000,163.384525,62.013620,6.071365,1,8,3,0.0000,0.0000,0.0000,0.5000,"LeadPursuit",-0.105358
101,B0100,L7_rush_level_max,HABFM,7579.576824,13.459662,126.067077,139.514095,13.480816,14817.439487,257.848508,17760.785391,-74.130000,-4411.504619,583.383181,6.428327,False,False,True,False,False,True,False,2-circle,1.000000,542.948760,100.000000,100.000000,0.000000,0.000000,163.384525,62.013620,6.071365,3,5,2,0.0000,0.0000,0.0000,0.5000,"Pursue",-0.006498
102,A0100,adaptive_eagle_v9,HABFM,7380.996043,13.098474,127.353476,140.450520,13.097278,14810.907147,257.498016,17746.256748,-72.643219,-4422.167124,591.766350,6.608576,False,False,True,False,False,True,False,2-circle,1.000000,547.506874,100.000000,100.000000,0.000000,0.000000,163.826325,62.631770,6.190180,1,8,3,0.0000,0.0000,0.0000,0.5000,"LeadPursuit",-0.083208
102,B0100,L7_rush_level_max,HABFM,7380.996043,13.098474,127.353476,140.450520,13.097278,14810.907147,257.498016,17746.256748,-72.643219,-4422.167124,591.766350,6.608576,False,False,True,False,False,True,False,2-circle,1.000000,547.506874,100.000000,100.000000,0.000000,0.000000,163.826325,62.631770,6.190180,3,5,2,0.0000,0.0000,0.0000,0.5000,"Pursue",-0.035917
103,A0100,adaptive_eagle_v9,HABFM,7179.442964,12.751140,128.700883,141.451291,12.716278,14804.820201,257.140138,17732.016211,-71.202685,-4428.388924,600.277424,6.794738,False,False,True,False,False,True,False,2-circle,1.000000,551.426971,100.000000,100.000000,0.000000,0.000000,164.290138,63.243006,6.290935,1,8,3,0.0000,0.0000,0.0000,0.5000,"LeadPursuit",-0.070117
103,B0100,L7_rush_level_max,HABFM,7179.442964,12.751140,128.700883,141.451291,12.716278,14804.820201,257.140138,17732.016211,-71.202685,-4428.388924,600.277424,6.794738,False,False,True,False,False,True,False,2-circle,1.000000,551.426971,100.000000,100.000000,0.000000,0.000000,164.290138,63.243006,6.290935,3,5,2,0.0000,0.0000,0.0000,0.5000,"Pursue",-0.044790
104,A0100,adaptive_eagle_v9,HABFM,6974.957590,12.417479,130.014687,142.425758,12.338177,14799.143497,256.776021,17718.055391,-69.804096,-4437.766669,608.415064,6.986958,False,False,True,False,False,True,False,2-circle,1.000000,554.326379,100.000000,100.000000,0.000000,0.000000,164.765922,63.846946,6.373775,1,8,3,0.0000,0.0000,0.0000,0.5000,"LeadPursuit",-0.006513
104,B0100,L7_rush_level_max,HABFM,6974.957590,12.417479,130.014687,142.425758,12.338177,14799.143497,256.776021,17718.055391,-69.804096,-4437.766669,608.415064,6.986958,False,False,True,False,False,True,False,2-circle,1.000000,554.326379,100.000000,100.000000,0.000000,0.000000,164.765922,63.846946,6.373775,3,5,2,0.0000,0.0000,0.0000,0.5000,"Pursue",-0.150743
105,A0100,adaptive_eagle_v9,HABFM,6767.435199,12.095183,131.662381,143.742820,11.961566,14793.842097,256.406809,17704.365967,-68.447124,-4422.918872,617.968166,7.185373,False,False,True,False,False,True,False,2-circle,1.000000,555.826250,100.000000,100.000000,0.000000,0.000000,165.245572,64.443202,6.438865,1,8,3,0.0000,0.0000,0.0000,0.5000,"LeadPursuit",0.040499
105,B0100,L7_rush_level_max,HABFM,6767.435199,12.095183,131.662381,143.742820,11.961566,14793.842097,256.406809,17704.365967,-68.447124,-4422.918872,617.968166,7.185373,False,False,True,False,False,True,False,2-circle,1.000000,555.826250,100.000000,100.000000,0.000000,0.000000,165.245572,64.443202,6.438865,3,5,2,0.0000,0.0000,0.0000,0.5000,"Pursue",-0.215967
106,A0100,adaptive_eagle_v9,HABFM,6556.260162,11.775977,133.555546,145.301651,11.578273,14788.881315,256.033636,17690.939433,-67.132670,-4392.344799,628.370406,7.390113,False,False,True,False,False,True,False,2-circle,1.000000,556.154263,100.000000,100.000000,0.000000,0.000000,165.736158,65.031401,6.486396,1,8,3,0.0000,0.0000,0.0000,0.5000,"LeadPursuit",-0.013352
106,B0100,L7_rush_level_max,HABFM,6556.260162,11.775977,133.555546,145.301651,11.578273,14788.881315,256.033636,17690.939433,-67.132670,-4392.344799,628.370406,7.390113,False,False,True,False,False,True,False,2-circle,1.000000,556.154263,100.000000,100.000000,0.000000,0.000000,165.736158,65.031401,6.486396,3,5,2,0.0000,0.0000,0.0000,0.5000,"Pursue",-0.092474
107,A0100,adaptive_eagle_v9,HABFM,6341.818062,11.464229,134.989727,146.396489,11.191636,14784.226759,255.657618,17677.767062,-65.861855,-4397.427692,636.367238,7.601308,False,False,True,False,False,True,False,2-circle,1.000000,556.048879,100.000000,100.000000,0.000000,0.000000,166.248230,65.611194,6.516575,1,8,3,0.0000,0.0000,0.0000,0.5000,"LeadPursuit",-0.018729
107,B0100,L7_rush_level_max,HABFM,6341.818062,11.464229,134.989727,146.396489,11.191636,14784.226759,255.657618,17677.767062,-65.861855,-4397.427692,636.367238,7.601308,False,False,True,False,False,True,False,2-circle,1.000000,556.048879,100.000000,100.000000,0.000000,0.000000,166.248230,65.611194,6.516575,3,5,2,0.0000,0.0000,0.0000,0.5000,"Pursue",-0.061459
108,A0100,adaptive_eagle_v9,HABFM,6124.902385,11.170390,136.208202,147.287198,10.811922,14779.844370,255.279855,17664.839912,-64.635749,-4418.038888,643.192933,7.819078,False,False,True,False,False,True,False,2-circle,1.000000,555.571672,100.000000,100.000000,0.000000,0.000000,166.777161,66.182245,6.529624,1,8,3,0.0000,0.0000,0.0000,0.5000,"LeadPursuit",0.022712
108,B0100,L7_rush_level_max,HABFM,6124.902385,11.170390,136.208202,147.287198,10.811922,14779.844370,255.279855,17664.839912,-64.635749,-4418.038888,643.192933,7.819078,False,False,True,False,False,True,False,2-circle,1.000000,555.571672,100.000000,100.000000,0.000000,0.000000,166.777161,66.182245,6.529624,3,5,2,0.0000,0.0000,0.0000,0.5000,"Pursue",-0.112245
109,A0100,adaptive_eagle_v9,HABFM,5905.530438,10.894459,137.468335,148.237106,10.439237,14775.700455,254.901425,17652.148843,-63.455342,-4434.187855,649.981545,8.043536,False,False,True,False,False,True,False,2-circle,1.000000,554.501382,100.000000,100.000000,0.000000,0.000000,167.318583,66.744235,6.525783,1,8,3,0.0000,0.0000,0.0000,0.5000,"LeadPursuit",0.121792
109,B0100,L7_rush_level_max,HABFM,5905.530438,10.894459,137.468335,148.237106,10.439237,14775.700455,254.901425,17652.148843,-63.455342,-4434.187855,649.981545,8.043536,False,False,True,False,False,True,False,2-circle,1.000000,554.501382,100.000000,100.000000,0.000000,0.000000,167.318583,66.744235,6.525783,3,5,2,0.0000,0.0000,0.0000,0.5000,"Pursue",-0.252560
110,A0100,adaptive_eagle_v9,HABFM,5683.602410,10.633758,139.060532,149.537635,10.071351,14771.761724,254.523391,17639.684533,-62.321551,-4424.823537,657.853364,8.274782,False,False,True,False,False,True,False,2-circle,1.000000,552.513454,100.000000,100.000000,0.000000,0.000000,167.867476,67.296858,6.505303,1,8,3,0.0000,0.0000,0.0000,0.5000,"LeadPursuit",0.195929
110,B0100,L7_rush_level_max,HABFM,5683.602410,10.633758,139.060532,149.537635,10.071351,14771.761724,254.523391,17639.684533,-62.321551,-4424.823537,657.853364,8.274782,False,False,True,False,False,True,False,2-circle,1.000000,552.513454,100.000000,100.000000,0.000000,0.000000,167.867476,67.296858,6.505303,3,5,2,0.0000,0.0000,0.0000,0.5000,"Pursue",-0.341130
111,A0100,adaptive_eagle_v9,HABFM,5458.658372,10.380424,140.886137,151.064102,9.698118,14767.995316,254.146791,17627.437488,-61.235225,-4399.709673,666.296349,8.512905,False,False,True,False,False,True,False,2-circle,1.000000,549.911786,100.000000,100.000000,0.000000,0.000000,168.433711,67.839821,6.468450,1,7,3,0.0000,0.0000,0.0000,0.5000,"LeadPursuit",0.136553
111,B0100,L7_rush_level_max,HABFM,5458.658372,10.380424,140.886137,151.064102,9.698118,14767.995316,254.146791,17627.437488,-61.235225,-4399.709673,666.296349,8.512905,False,False,True,False,False,True,False,2-circle,1.000000,549.911786,100.000000,100.000000,0.000000,0.000000,168.433711,67.839821,6.468450,3,5,2,0.0000,0.0000,0.0000,0.5000,"Pursue",-0.224541
112,A0100,adaptive_eagle_v9,HABFM,5231.059440,10.143508,142.245642,152.115845,9.324593,14764.368830,253.772645,17615.398060,-60.197142,-4409.404083,672.726932,8.757978,False,False,True,False,False,True,False,2-circle,1.000000,547.412710,100.000000,100.000000,0.000000,0.000000,169.029507,68.372849,6.415502,1,7,3,0.0000,0.0000,0.0000,0.5000,"LeadPursuit",0.148340
112,B0100,L7_rush_level_max,HABFM,5231.059440,10.143508,142.245642,152.115845,9.324593,14764.368830,253.772645,17615.398060,-60.197142,-4409.404083,672.726932,8.757978,False,False,True,False,False,True,False,2-circle,1.000000,547.412710,100.000000,100.000000,0.000000,0.000000,169.029507,68.372849,6.415502,3,5,2,0.0000,0.0000,0.0000,0.5000,"Pursue",-0.223832
113,A0100,adaptive_eagle_v9,HABFM,5001.454336,9.938048,143.383014,152.969728,8.964520,14760.850348,253.401950,17603.556459,-59.208003,-4433.138226,678.140976,9.010059,False,False,True,False,False,True,False,2-circle,1.000000,545.015074,100.000000,100.000000,0.000000,0.000000,169.651792,68.895682,6.346748,1,7,3,0.0000,0.0000,0.0000,0.5000,"LeadPursuit",0.226646
113,B0100,L7_rush_level_max,HABFM,5001.454336,9.938048,143.383014,152.969728,8.964520,14760.850348,253.401950,17603.556459,-59.208003,-4433.138226,678.140976,9.010059,False,False,True,False,False,True,False,2-circle,1.000000,545.015074,100.000000,100.000000,0.000000,0.000000,169.651792,68.895682,6.346748,3,5,2,0.0000,0.0000,0.0000,0.5000,"Pursue",-0.320086
114,A0100,adaptive_eagle_v9,HABFM,4769.874590,9.766369,144.550742,153.890304,8.618520,14757.408461,253.035681,17591.902773,-58.268430,-4451.075821,683.411003,9.269184,False,False,True,True,False,True,False,2-circle,1.000000,542.513173,100.000000,100.000000,0.000000,0.000000,170.299281,69.408077,6.262489,1,7,3,0.0000,0.0000,0.0000,0.5000,"LeadPursuit",0.291490
114,B0100,L7_rush_level_max,HABFM,4769.874590,9.766369,144.550742,153.890304,8.618520,14757.408461,253.035681,17591.902773,-58.268430,-4451.075821,683.411003,9.269184,False,False,True,True,False,True,False,2-circle,1.000000,542.513173,100.000000,100.000000,0.000000,0.000000,170.299281,69.408077,6.262489,3,5,2,0.0000,0.0000,0.0000,0.5000,"Pursue",-0.395200
115,A0100,adaptive_eagle_v9,HABFM,4536.390355,9.630923,145.641226,154.779304,8.288387,14754.012286,252.674789,17580.426981,-57.378961,-4471.040520,688.183915,9.535372,False,False,True,True,False,True,False,2-circle,1.000000,539.546039,100.000000,100.000000,0.000000,0.000000,170.967843,69.909808,6.163033,1,7,3,0.0000,0.0000,0.0000,0.5000,"LeadPursuit",0.358016
115,B0100,L7_rush_level_max,HABFM,4536.390355,9.630923,145.641226,154.779304,8.288387,14754.012286,252.674789,17580.426981,-57.378961,-4471.040520,688.183915,9.535372,False,False,True,True,False,True,False,2-circle,1.000000,539.546039,100.000000,100.000000,0.000000,0.000000,170.967843,69.909808,6.163033,3,5,2,0.0000,0.0000,0.0000,0.5000,"Pursue",-0.471611
116,A0100,adaptive_eagle_v9,HABFM,4301.111207,9.534704,146.627205,155.618096,7.977411,14750.631490,252.320203,17569.118970,-56.540055,-4494.216693,692.384352,9.808616,False,False,True,True,False,True,False,2-circle,1.000000,535.726990,100.000000,100.000000,0.000000,0.000000,171.652766,70.400668,6.048702,1,7,3,0.0000,0.0000,0.0000,0.5000,"LeadPursuit",0.536632
116,B0100,L7_rush_level_max,HABFM,4301.111207,9.534704,146.627205,155.618096,7.977411,14750.631490,252.320203,17569.118970,-56.540055,-4494.216693,692.384352,9.808616,False,False,True,True,False,True,False,2-circle,1.000000,535.726990,100.000000,100.000000,0.000000,0.000000,171.652766,70.400668,6.048702,3,5,2,0.0000,0.0000,0.0000,0.5000,"Pursue",-0.686414
117,A0100,adaptive_eagle_v9,HABFM,4064.051400,9.477152,147.864522,156.773874,7.685213,14747.236302,251.972827,17557.968552,-55.752089,-4492.757822,696.991515,10.088885,False,False,True,True,False,True,False,2-circle,1.000000,530.688770,100.000000,100.000000,0.000000,0.000000,172.351137,70.880467,5.919821,1,7,3,0.0000,0.0000,0.0000,0.5000,"LeadPursuit",0.691893
117,B0100,L7_rush_level_max,HABFM,4064.051400,9.477152,147.864522,156.773874,7.685213,14747.236302,251.972827,17557.968552,-55.752089,-4492.757822,696.991515,10.088885,False,False,True,True,False,True,False,2-circle,1.000000,530.688770,100.000000,100.000000,0.000000,0.000000,172.351137,70.880467,5.919821,3,5,2,0.0000,0.0000,0.0000,0.5000,"Pursue",-0.854877
118,A0100,adaptive_eagle_v9,HABFM,3824.932657,9.452315,149.346116,158.194791,7.397790,14743.797531,251.633542,17546.965480,-55.015361,-4473.994344,702.005317,10.376117,False,False,True,True,False,True,False,2-circle,1.000000,524.641559,100.000000,100.000000,0.000000,0.000000,173.076750,71.349034,5.776726,1,7,3,0.0000,0.0000,0.0000,0.5000,"LeadPursuit",0.619933
118,B0100,L7_rush_level_max,HABFM,3824.932657,9.452315,149.346116,158.194791,7.397790,14743.797531,251.633542,17546.965480,-55.015361,-4473.994344,702.005317,10.376117,False,False,True,True,False,True,False,2-circle,1.000000,524.641559,100.000000,100.000000,0.000000,0.000000,173.076750,71.349034,5.776726,3,5,2,0.0000,0.0000,0.0000,0.5000,"Pursue",-0.755321
119,A0100,adaptive_eagle_v9,HABFM,3583.980487,9.479846,150.389401,159.184005,7.123399,14740.286577,251.303202,17536.099462,-54.330092,-4490.046091,705.723427,10.670223,False,False,True,True,False,True,False,2-circle,1.000000,518.342226,100.000000,100.000000,0.000000,0.000000,173.851262,71.806216,5.619760,1,7,3,0.0000,0.0000,0.0000,0.5000,"LeadPursuit",0.642704
119,B0100,L7_rush_level_max,HABFM,3583.980487,9.479846,150.389401,159.184005,7.123399,14740.286577,251.303202,17536.099462,-54.330092,-4490.046091,705.723427,10.670223,False,False,True,True,False,True,False,2-circle,1.000000,518.342226,100.000000,100.000000,0.000000,0.000000,173.851262,71.806216,5.619760,3,5,2,0.0000,0.0000,0.0000,0.5000,"Pursue",-0.781857
120,A0100,adaptive_eagle_v9,HABFM,3341.646138,9.587810,151.133779,159.953150,6.886791,14736.675442,250.982638,17525.360176,-53.696427,-4521.342090,708.431009,10.971078,False,False,True,True,False,True,False,2-circle,1.000000,511.886246,100.000000,100.000000,0.000000,0.000000,174.681428,72.251879,5.449269,1,7,3,0.0000,0.0000,0.0000,0.5000,"LeadPursuit",0.765718
120,B0100,L7_rush_level_max,HABFM,3341.646138,9.587810,151.133779,159.953150,6.886791,14736.675442,250.982638,17525.360176,-53.696427,-4521.342090,708.431009,10.971078,False,False,True,True,False,True,False,2-circle,1.000000,511.886246,100.000000,100.000000,0.000000,0.000000,174.681428,72.251879,5.449269,3,5,2,0.0000,0.0000,0.0000,0.5000,"Pursue",-0.920991
121,A0100,adaptive_eagle_v9,OBFM,3098.020672,9.788962,151.780439,160.743346,6.694919,14732.936741,250.672657,17514.737289,-53.114437,-4547.901330,710.527797,11.278522,False,False,True,True,False,True,False,2-circle,1.000000,505.062411,100.000000,100.000000,0.000000,0.000000,175.575558,72.685908,5.265607,1,6,2,0.0000,0.0000,0.0000,0.5000,"LeadPursuit",0.856490
121,B0100,L7_rush_level_max,OBFM,3098.020672,9.788962,151.780439,160.743346,6.694919,14732.936741,250.672657,17514.737289,-53.114437,-4547.901330,710.527797,11.278522,False,False,True,True,False,True,False,2-circle,1.000000,505.062411,100.000000,100.000000,0.000000,0.000000,175.575558,72.685908,5.265607,3,5,1,0.0000,0.0000,0.0000,0.5000,"Pursue",-1.020182
122,A0100,adaptive_eagle_v9,DBFM,2853.231714,10.098568,152.197144,161.445789,6.558923,14729.043705,250.374039,17504.220464,-52.584122,-4577.201771,711.678062,11.592357,False,False,True,True,False,True,False,2-circle,1.000000,497.513157,100.000000,100.000000,0.000000,0.000000,176.541057,73.108207,5.069132,1,6,2,0.0000,0.0000,0.0000,0.5000,"LeadPursuit",0.917834
122,B0100,L7_rush_level_max,DBFM,2853.231714,10.098568,152.197144,161.445789,6.558923,14729.043705,250.374039,17504.220464,-52.584122,-4577.201771,711.678062,11.592357,False,False,True,True,False,True,False,2-circle,1.000000,497.513157,100.000000,100.000000,0.000000,0.000000,176.541057,73.108207,5.069132,3,5,1,0.0000,0.0000,0.0000,0.5000,"Pursue",-1.084800
123,A0100,adaptive_eagle_v9,DBFM,2607.705050,10.535599,152.286505,161.986464,6.494617,14724.970192,250.087539,17493.799382,-52.105411,-4537.464065,709.954221,11.912342,False,False,True,True,False,True,False,2-circle,1.000000,488.873565,100.000000,100.000000,0.000000,0.000000,177.587212,73.518696,4.860206,1,6,2,0.0000,0.0000,0.0000,0.5000,"LeadPursuit",0.997214
123,B0100,L7_rush_level_max,DBFM,2607.705050,10.535599,152.286505,161.986464,6.494617,14724.970192,250.087539,17493.799382,-52.105411,-4537.464065,709.954221,11.912342,False,False,True,True,False,True,False,2-circle,1.000000,488.873565,100.000000,100.000000,0.000000,0.000000,177.587212,73.518696,4.860206,2,5,1,0.0000,0.0000,0.0000,0.5000,"Pursue",-1.163609
124,A0100,adaptive_eagle_v9,DBFM,2361.764615,11.126578,152.065363,162.416264,6.525534,14720.690692,249.813887,17483.463749,-51.678167,-4564.409975,708.341679,12.238196,False,False,True,True,False,True,False,2-circle,1.000000,478.783757,100.000000,100.000000,0.000000,0.000000,178.728188,73.917315,4.639191,1,6,2,0.0000,0.0000,0.0000,0.5000,"LeadPursuit",1.235967
124,B0100,L7_rush_level_max,DBFM,2361.764615,11.126578,152.065363,162.416264,6.525534,14720.690692,249.813887,17483.463749,-51.678167,-4564.409975,708.341679,12.238196,False,False,True,True,False,True,False,2-circle,1.000000,478.783757,100.000000,100.000000,0.000000,0.000000,178.728188,73.917315,4.639191,2,5,1,0.0000,0.0000,0.0000,0.5000,"Pursue",-1.389949
125,A0100,adaptive_eagle_v9,DBFM,2115.229095,11.907544,151.726020,163.000986,6.680056,14716.180322,249.553787,17473.203312,-51.302185,-4574.900295,705.661563,12.569589,False,False,True,True,False,True,False,2-circle,1.000000,466.847106,100.000000,100.000000,0.000000,0.000000,179.988587,74.304023,4.406457,1,6,2,0.0000,0.0000,0.0000,0.5000,"LeadPursuit",1.400262
125,B0100,L7_rush_level_max,DBFM,2115.229095,11.907544,151.726020,163.000986,6.680056,14716.180322,249.553787,17473.203312,-51.302185,-4574.900295,705.661563,12.569589,False,False,True,True,False,True,False,2-circle,1.000000,466.847106,100.000000,100.000000,0.000000,0.000000,179.988587,74.304023,4.406457,2,5,1,0.0000,0.0000,0.0000,0.5000,"Pursue",-1.526028
126,A0100,adaptive_eagle_v9,DBFM,1868.074846,12.927870,151.346601,163.805095,6.968324,14711.414838,249.307918,17463.007872,-50.977201,-4571.735052,702.166060,12.906147,False,False,True,True,False,True,False,2-circle,1.000000,453.144784,100.000000,100.000000,0.000000,0.000000,-178.571283,74.678794,4.162371,1,6,2,0.0000,0.0000,0.0000,0.5000,"LeadPursuit",1.079888
126,B0100,L7_rush_level_max,DBFM,1868.074846,12.927870,151.346601,163.805095,6.968324,14711.414838,249.307918,17463.007872,-50.977201,-4571.735052,702.166060,12.906147,False,False,True,True,False,True,False,2-circle,1.000000,453.144784,100.000000,100.000000,0.000000,0.000000,-178.571283,74.678794,4.162371,2,5,1,0.0000,0.0000,0.0000,0.5000,"Pursue",-1.206066
127,A0100,adaptive_eagle_v9,DBFM,1620.737703,14.317114,150.327080,164.264809,7.462731,14706.370628,249.076933,17452.867294,-50.702887,-4532.229509,694.802723,13.247443,False,False,True,True,False,True,False,2-circle,1.000000,438.512662,100.000000,100.000000,0.000000,0.000000,-176.844912,75.041620,3.907303,1,6,2,0.0000,0.0000,0.0000,0.5000,"LeadPursuit",0.876221
127,B0100,L7_rush_level_max,DBFM,1620.737703,14.317114,150.327080,164.264809,7.462731,14706.370628,249.076933,17452.867294,-50.702887,-4532.229509,694.802723,13.247443,False,False,True,True,False,True,False,2-circle,1.000000,438.512662,100.000000,100.000000,0.000000,0.000000,-176.844912,75.041620,3.907303,2,5,0,0.0000,0.0000,0.0000,0.5000,"Pursue",-0.979627
128,A0100,adaptive_eagle_v9,DBFM,1374.115766,16.287316,148.465476,164.460481,8.325175,14701.024715,248.861460,17442.771522,-50.478860,-4494.178586,682.899690,13.593004,False,False,True,True,False,True,False,2-circle,1.000000,423.243718,100.000000,100.000000,0.000000,0.000000,-174.701115,75.392511,3.641625,1,6,2,0.0000,0.0000,0.0000,0.5000,"LeadPursuit",0.777424
128,B0100,L7_rush_level_max,DBFM,1374.115766,16.287316,148.465476,164.460481,8.325175,14701.024715,248.861460,17442.771522,-50.478860,-4494.178586,682.899690,13.593004,False,False,True,True,False,True,False,2-circle,1.000000,423.243718,100.000000,100.000000,0.000000,0.000000,-174.701115,75.392511,3.641625,2,5,0,0.0000,0.0000,0.0000,0.5000,"Pursue",-0.780867
129,A0100,adaptive_eagle_v9,DBFM,1128.812003,19.165582,145.548386,164.533341,9.789637,14695.354755,248.662101,17432.710587,-50.304677,-4453.511405,664.029550,13.942301,False,False,True,True,False,True,False,2-circle,1.000000,407.150307,100.000000,100.000000,0.000000,0.000000,-171.924784,75.731492,3.365705,1,6,2,0.0000,0.0000,0.0000,0.5000,"LeadPursuit",0.753416
129,B0100,L7_rush_level_max,DBFM,1128.812003,19.165582,145.548386,164.533341,9.789637,14695.354755,248.662101,17432.710587,-50.304677,-4453.511405,664.029550,13.942301,False,False,True,True,False,True,False,2-circle,1.000000,407.150307,100.000000,100.000000,0.000000,0.000000,-171.924784,75.731492,3.365705,2,5,0,0.0000,0.0000,0.0000,0.5000,"Pursue",-0.492626
130,A0100,adaptive_eagle_v9,DBFM,885.872516,23.567015,141.138648,164.653081,12.325805,14689.339033,248.479434,17422.674617,-50.179848,-4389.335236,632.680816,14.294757,False,False,True,False,False,True,False,2-circle,1.000000,389.935205,100.000000,100.000000,0.000000,0.000000,-168.126046,76.058603,3.079915,1,7,2,0.0000,0.0000,0.0000,0.5000,"LeadPursuit",0.675827
130,B0100,L7_rush_level_max,DBFM,885.872516,23.567015,141.138648,164.653081,12.325805,14689.339033,248.479434,17422.674617,-50.179848,-4389.335236,632.680816,14.294757,False,False,True,False,False,True,False,2-circle,1.000000,389.935205,100.000000,100.000000,0.000000,0.000000,-168.126046,76.058603,3.079915,3,7,0,0.0000,0.0000,0.0000,0.5000,"GunAttack",0.281411
131,A0100,adaptive_eagle_v9,HABFM,647.361792,30.783012,134.166861,164.949630,16.999594,14682.956461,248.314010,17412.653852,-50.103826,-4310.519525,576.103197,14.649741,False,False,True,False,False,True,False,2-circle,1.000000,371.847691,100.000000,100.000000,0.000000,0.000000,-162.463603,76.373902,2.784623,1,7,2,0.0000,0.0000,0.0000,0.5000,"LeadPursuit",1.106989
131,B0100,L7_rush_level_max,HABFM,647.361792,30.783012,134.166861,164.949630,16.999594,14682.956461,248.314010,17412.653852,-50.103826,-4310.519525,576.103197,14.649741,False,False,True,False,False,True,False,2-circle,1.000000,371.847691,100.000000,100.000000,0.000000,0.000000,-162.463603,76.373902,2.784623,2,6,1,0.0000,0.0000,0.0000,0.5000,"Pursue",1.710914
132,A0100,adaptive_eagle_v9,HABFM,420.013124,43.823785,121.609807,165.364348,27.287240,14676.186570,248.166357,17402.638648,-50.076020,-4239.433778,455.094687,15.006572,False,False,True,False,False,True,False,2-circle,1.000000,353.774868,100.000000,100.000000,0.000000,0.000000,-153.043096,76.677458,2.480198,1,8,2,0.0000,0.0000,0.0000,0.5000,"LeadPursuit",3.007868
132,B0100,L7_rush_level_max,HABFM,420.013124,43.823785,121.609807,165.364348,27.287240,14676.186570,248.166357,17402.638648,-50.076020,-4239.433778,455.094687,15.006572,False,False,True,False,False,True,False,2-circle,1.000000,353.774868,100.000000,100.000000,0.000000,0.000000,-153.043096,76.677458,2.480198,2,6,1,0.0000,0.0000,0.0000,0.5000,"Pursue",3.892406
133,A0100,adaptive_eagle_v9,DBFM,237.118942,68.380593,97.509913,165.661889,57.318831,14669.009511,248.036977,17392.619490,-50.095792,-4196.384947,171.140511,15.364518,False,False,True,False,False,True,False,2-circle,1.000000,336.566639,100.000000,100.000000,0.000000,0.000000,-135.519915,76.969357,2.167003,1,8,2,0.0000,0.0000,0.0000,0.5000,"LeadPursuit",1.256544
133,B0100,L7_rush_level_max,DBFM,237.118942,68.380593,97.509913,165.661889,57.318831,14669.009511,248.036977,17392.619490,-50.095792,-4196.384947,171.140511,15.364518,False,False,True,False,False,True,False,2-circle,1.000000,336.566639,100.000000,100.000000,0.000000,0.000000,-135.519915,76.969357,2.167003,2,7,0,0.0000,0.0000,0.0000,0.5000,"Pursue",3.498386
134,A0100,adaptive_eagle_v9,HABFM,241.594347,103.276626,63.006467,165.759644,118.861240,14661.406043,247.926347,17382.586998,-50.162461,-4165.448064,-271.223704,15.722801,False,False,False,False,False,True,False,2-circle,1.000000,320.171344,100.000000,100.000000,0.000000,0.000000,-103.892586,77.249697,1.845404,2,8,2,0.0000,0.0000,0.0000,0.5000,"LeadPursuit",-0.772800
134,B0100,L7_rush_level_max,HABFM,241.594347,103.276626,63.006467,165.759644,118.861240,14661.406043,247.926347,17382.586998,-50.162461,-4165.448064,-271.223704,15.722801,False,False,False,False,False,True,False,2-circle,1.000000,320.171344,100.000000,100.000000,0.000000,0.000000,-103.892586,77.249697,1.845404,2,8,0,0.0000,0.0000,0.0000,0.5000,"Pursue",-0.676196
135,A0100,adaptive_eagle_v9,HABFM,426.763229,129.750802,37.490723,165.994975,147.700743,14653.357530,247.834922,17372.531936,-50.275305,-4174.526729,-546.881244,16.080597,False,False,False,False,False,True,False,2-circle,1.000000,304.513223,100.000000,100.000000,0.000000,0.000000,-68.334618,77.518587,1.515759,2,8,2,0.0000,0.0000,0.0000,0.5000,"LeadPursuit",-0.303793
135,B0100,L7_rush_level_max,HABFM,426.763229,129.750802,37.490723,165.994975,147.700743,14653.357530,247.834922,17372.531936,-50.275305,-4174.526729,-546.881244,16.080597,False,False,False,False,False,True,False,2-circle,1.000000,304.513223,100.000000,100.000000,0.000000,0.000000,-68.334618,77.518587,1.515759,2,8,0,0.0000,0.0000,0.0000,0.5000,"Pursue",-0.268174
136,A0100,adaptive_eagle_v9,HABFM,653.196377,143.930425,24.921684,166.417388,157.711685,14644.845933,247.763131,17362.445224,-50.433564,-4173.097696,-648.276102,16.437041,False,False,False,False,False,True,False,2-circle,1.000000,290.121737,100.000000,100.000000,0.000000,0.000000,-46.550913,77.776152,1.178427,2,8,2,0.0000,0.0000,0.0000,0.5000,"LeadPursuit",-0.145512
136,B0100,L7_rush_level_max,HABFM,653.196377,143.930425,24.921684,166.417388,157.711685,14644.845933,247.763131,17362.445224,-50.433564,-4173.097696,-648.276102,16.437041,False,False,False,False,False,True,False,2-circle,1.000000,290.121737,100.000000,100.000000,0.000000,0.000000,-46.550913,77.776152,1.178427,2,8,0,0.0000,0.0000,0.0000,0.5000,"Pursue",-0.123156
137,A0100,adaptive_eagle_v9,HABFM,890.020203,151.519838,18.837199,166.745245,162.245747,14635.853802,247.711380,17352.317935,-50.636442,-4206.464199,-687.760291,16.791231,False,False,False,False,False,True,False,2-circle,1.000000,277.567963,100.000000,100.000000,0.000000,0.000000,-35.162727,78.022524,0.833761,2,8,2,0.0000,0.0000,0.0000,0.5000,"LeadPursuit",-0.078581
137,B0100,L7_rush_level_max,HABFM,890.020203,151.519838,18.837199,166.745245,162.245747,14635.853802,247.711380,17352.317935,-50.636442,-4206.464199,-687.760291,16.791231,False,False,False,False,False,True,False,2-circle,1.000000,277.567963,100.000000,100.000000,0.000000,0.000000,-35.162727,78.022524,0.833761,2,8,0,0.0000,0.0000,0.0000,0.5000,"Pursue",-0.063220
138,A0100,adaptive_eagle_v9,HABFM,1130.838486,155.863927,15.864448,166.882916,164.598013,14626.364268,247.680050,17342.141313,-50.883109,-4180.848099,-703.868766,17.142231,False,False,False,False,False,True,False,2-circle,1.000000,266.627914,100.000000,100.000000,0.000000,0.000000,-28.685339,78.257849,0.482112,2,8,2,0.0000,0.0000,0.0000,0.5000,"LeadPursuit",-0.043912
138,B0100,L7_rush_level_max,HABFM,1130.838486,155.863927,15.864448,166.882916,164.598013,14626.364268,247.680050,17342.141313,-50.883109,-4180.848099,-703.868766,17.142231,False,False,False,False,False,True,False,2-circle,1.000000,266.627914,100.000000,100.000000,0.000000,0.000000,-28.685339,78.257849,0.482112,2,8,0,0.0000,0.0000,0.0000,0.5000,"Pursue",-0.034059
139,A0100,adaptive_eagle_v9,HABFM,1373.138067,158.488881,14.743736,166.916458,165.905582,14616.361035,247.669503,17331.906773,-51.172702,-4205.489690,-711.873599,17.489083,False,False,False,False,False,True,False,2-circle,1.000000,257.184700,100.000000,100.000000,0.000000,0.000000,-24.610084,78.482282,0.123825,2,8,2,0.0000,0.0000,0.0000,0.5000,"LeadPursuit",-0.024400
139,B0100,L7_rush_level_max,HABFM,1373.138067,158.488881,14.743736,166.916458,165.905582,14616.361035,247.669503,17331.906773,-51.172702,-4205.489690,-711.873599,17.489083,False,False,False,False,False,True,False,2-circle,1.000000,257.184700,100.000000,100.000000,0.000000,0.000000,-24.610084,78.482282,0.123825,2,8,0,0.0000,0.0000,0.0000,0.5000,"Pursue",-0.018139
140,A0100,adaptive_eagle_v9,HABFM,1616.212615,160.127784,14.535548,166.772351,166.642707,14605.828370,247.680073,17321.605907,-51.504332,-4236.312513,-715.877090,17.830806,False,False,False,False,False,True,False,2-circle,1.000000,248.937858,100.000000,100.000000,0.000000,0.000000,-21.827644,78.695985,-0.240758,2,8,2,0.0000,0.0000,0.0000,0.5000,"LeadPursuit",-0.009389
140,B0100,L7_rush_level_max,HABFM,1616.212615,160.127784,14.535548,166.772351,166.642707,14605.828370,247.680073,17321.605907,-51.504332,-4236.312513,-715.877090,17.830806,False,False,False,False,False,True,False,2-circle,1.000000,248.937858,100.000000,100.000000,0.000000,0.000000,-21.827644,78.695985,-0.240758,2,8,0,0.0000,0.0000,0.0000,0.5000,"Pursue",-0.008803
141,A0100,adaptive_eagle_v9,HABFM,1859.412275,161.157821,15.224821,166.545795,167.041045,14594.751097,247.712076,17311.230490,-51.877080,-4242.275632,-716.285952,18.166406,False,False,False,False,False,True,False,2-circle,1.000000,241.689648,100.000000,100.000000,0.000000,0.000000,-19.811076,78.899132,-0.611299,2,8,2,0.0000,0.0000,0.0000,0.5000,"LeadPursuit",-0.002273
141,B0100,L7_rush_level_max,HABFM,1859.412275,161.157821,15.224821,166.545795,167.041045,14594.751097,247.712076,17311.230490,-51.877080,-4242.275632,-716.285952,18.166406,False,False,False,False,False,True,False,2-circle,1.000000,241.689648,100.000000,100.000000,0.000000,0.000000,-19.811076,78.899132,-0.611299,2,8,0,0.0000,0.0000,0.0000,0.5000,"Pursue",-0.003405
142,A0100,adaptive_eagle_v9,HABFM,2101.935058,161.789719,16.361406,166.473507,167.245887,14583.114584,247.765803,17300.772490,-52.290004,-4226.569829,-714.468175,18.494888,False,False,False,False,False,True,False,2-circle,1.000000,236.039209,100.000000,100.000000,0.000000,0.000000,-18.305182,79.091903,-0.987466,1,8,4,0.0000,0.0000,0.0000,0.5000,"HeadOnBreak",-0.003222
142,B0100,L7_rush_level_max,HABFM,2101.935058,161.789719,16.361406,166.473507,167.245887,14583.114584,247.765803,17300.772490,-52.290004,-4226.569829,-714.468175,18.494888,False,False,False,False,False,True,False,2-circle,1.000000,236.039209,100.000000,100.000000,0.000000,0.000000,-18.305182,79.091903,-0.987466,2,8,0,0.0000,0.0000,0.0000,0.5000,"Pursue",0.000144
143,A0100,adaptive_eagle_v9,HABFM,2343.857857,162.125551,17.101357,166.523402,167.303300,14570.904733,247.841527,17290.224062,-52.742136,-4239.967021,-713.683993,18.815258,False,False,False,False,False,True,False,2-circle,1.000000,232.603379,100.000000,100.000000,0.000000,0.000000,-17.163761,79.274485,-1.368931,1,8,4,0.0000,0.0000,0.0000,0.5000,"HeadOnBreak",0.000147
143,B0100,L7_rush_level_max,HABFM,2343.857857,162.125551,17.101357,166.523402,167.303300,14570.904733,247.841527,17290.224062,-52.742136,-4239.967021,-713.683993,18.815258,False,False,False,False,False,True,False,2-circle,1.000000,232.603379,100.000000,100.000000,0.000000,0.000000,-17.163761,79.274485,-1.368931,2,8,0,0.0000,0.0000,0.0000,0.5000,"Pursue",0.002940
144,A0100,adaptive_eagle_v9,HABFM,2585.577888,162.226361,17.788040,166.487859,167.216285,14558.109318,247.927140,17279.307673,-54.581948,-4263.830509,-712.878825,19.127386,False,False,False,False,False,True,False,2-circle,1.000000,231.128198,100.000000,100.000000,0.000000,0.000000,-16.274946,79.447031,-1.755517,1,8,4,0.0000,0.0000,0.0000,0.5000,"HeadOnBreak",0.005599
144,B0100,L7_rush_level_max,HABFM,2585.577888,162.226361,17.788040,166.487859,167.216285,14558.109318,247.927140,17279.307673,-54.581948,-4263.830509,-712.878825,19.127386,False,False,False,False,False,True,False,2-circle,1.000000,231.128198,100.000000,100.000000,0.000000,0.000000,-16.274946,79.447031,-1.755517,2,8,0,0.0000,0.0000,0.0000,0.5000,"Pursue",0.005049
145,A0100,adaptive_eagle_v9,HABFM,2826.800356,162.141898,18.669914,166.321868,167.003879,14544.723982,248.008974,17267.719014,-57.943293,-4279.247748,-711.052659,19.432496,False,False,False,False,False,True,False,2-circle,1.000000,231.485805,100.000000,100.000000,0.000000,0.000000,-15.568849,79.610307,-2.147620,1,8,4,0.0000,0.0000,0.0000,0.5000,"HeadOnBreak",0.009178
145,B0100,L7_rush_level_max,HABFM,2826.800356,162.141898,18.669914,166.321868,167.003879,14544.723982,248.008974,17267.719014,-57.943293,-4279.247748,-711.052659,19.432496,False,False,False,False,False,True,False,2-circle,1.000000,231.485805,100.000000,100.000000,0.000000,0.000000,-15.568849,79.610307,-2.147620,2,8,0,0.0000,0.0000,0.0000,0.5000,"Pursue",0.006563
146,A0100,adaptive_eagle_v9,HABFM,3067.304684,161.916542,19.625870,166.018225,166.693137,14530.745805,248.093183,17255.590294,-60.643603,-4294.377666,-708.726828,19.736484,False,False,False,False,False,True,False,2-circle,1.000000,233.377517,100.000000,100.000000,0.000000,0.000000,-14.991913,79.768133,-2.544813,1,8,4,0.0000,0.0000,0.0000,0.5000,"HeadOnBreak",0.011940
146,B0100,L7_rush_level_max,HABFM,3067.304684,161.916542,19.625870,166.018225,166.693137,14530.745805,248.093183,17255.590294,-60.643603,-4294.377666,-708.726828,19.736484,False,False,False,False,False,True,False,2-circle,1.000000,233.377517,100.000000,100.000000,0.000000,0.000000,-14.991913,79.768133,-2.544813,2,8,0,0.0000,0.0000,0.0000,0.5000,"Pursue",0.007721
147,A0100,adaptive_eagle_v9,HABFM,3306.930915,161.581451,20.639460,165.593437,166.302427,14516.170841,248.175275,17242.818881,-63.857062,-4309.698480,-705.957448,20.059520,False,False,False,False,False,True,False,2-circle,1.000000,236.479042,100.000000,100.000000,0.000000,0.000000,-14.499243,79.930523,-2.945867,1,8,4,0.0000,0.0000,0.0000,0.5000,"HeadOnBreak",0.014179
147,B0100,L7_rush_level_max,HABFM,3306.930915,161.581451,20.639460,165.593437,166.302427,14516.170841,248.175275,17242.818881,-63.857062,-4309.698480,-705.957448,20.059520,False,False,False,False,False,True,False,2-circle,1.000000,236.479042,100.000000,100.000000,0.000000,0.000000,-14.499243,79.930523,-2.945867,2,8,0,0.0000,0.0000,0.0000,0.5000,"Pursue",0.008665
148,A0100,adaptive_eagle_v9,HABFM,3545.527881,161.158644,21.702702,165.059925,165.844668,14500.994439,248.256504,17229.427659,-66.956109,-4325.156975,-702.766632,20.417782,False,False,False,False,False,True,False,2-circle,1.000000,240.486109,100.000000,100.000000,0.000000,0.000000,-14.059294,80.104562,-3.350150,1,8,4,0.0000,0.0000,0.0000,0.5000,"HeadOnBreak",0.016049
148,B0100,L7_rush_level_max,HABFM,3545.527881,161.158644,21.702702,165.059925,165.844668,14500.994439,248.256504,17229.427659,-66.956109,-4325.156975,-702.766632,20.417782,False,False,False,False,False,True,False,2-circle,1.000000,240.486109,100.000000,100.000000,0.000000,0.000000,-14.059294,80.104562,-3.350150,2,8,0,0.0000,0.0000,0.0000,0.5000,"Pursue",0.009475
149,A0100,adaptive_eagle_v9,HABFM,3782.949414,160.664211,22.809070,164.426388,165.329505,14485.210948,248.338668,17215.450501,-69.885790,-4340.860192,-699.171329,20.814915,False,False,False,False,False,True,False,2-circle,1.000000,245.107792,100.000000,100.000000,0.000000,0.000000,-13.654156,80.290540,-3.758030,1,8,4,0.0000,0.0000,0.0000,0.5000,"HeadOnBreak",0.023150
149,B0100,L7_rush_level_max,HABFM,3782.949414,160.664211,22.809070,164.426388,165.329505,14485.210948,248.338668,17215.450501,-69.885790,-4340.860192,-699.171329,20.814915,False,False,False,False,False,True,False,2-circle,1.000000,245.107792,100.000000,100.000000,0.000000,0.000000,-13.654156,80.290540,-3.758030,2,8,0,0.0000,0.0000,0.0000,0.5000,"Pursue",0.010141
150,A0100,adaptive_eagle_v9,HABFM,4018.850068,160.112397,24.334280,163.575205,164.768111,14468.813671,248.423122,17200.910511,-72.699953,-4329.117238,-693.332672,21.250454,False,False,False,False,False,True,False,2-circle,1.000000,250.125724,100.000000,100.000000,0.000000,0.000000,-13.273695,80.486655,-4.170199,1,8,4,0.0000,0.0000,0.0000,0.5000,"HeadOnBreak",0.026748
150,B0100,L7_rush_level_max,HABFM,4018.850068,160.112397,24.334280,163.575205,164.768111,14468.813671,248.423122,17200.910511,-72.699953,-4329.117238,-693.332672,21.250454,False,False,False,False,False,True,False,2-circle,1.000000,250.125724,100.000000,100.000000,0.000000,0.000000,-13.273695,80.486655,-4.170199,2,8,0,0.0000,0.0000,0.0000,0.5000,"Pursue",0.010522
151,A0100,adaptive_eagle_v9,HABFM,4252.344734,159.515453,26.116160,162.803795,164.178792,14451.794961,248.510829,17185.821298,-75.446066,-4294.150093,-685.717962,21.723999,False,False,False,False,False,True,False,2-circle,1.000000,256.013551,100.000000,100.000000,0.000000,0.000000,-12.920596,80.691163,-4.587333,1,8,4,0.0000,0.0000,0.0000,0.5000,"HeadOnBreak",0.018617
151,B0100,L7_rush_level_max,HABFM,4252.344734,159.515453,26.116160,162.803795,164.178792,14451.794961,248.510829,17185.821298,-75.446066,-4294.150093,-685.717962,21.723999,False,False,False,False,False,True,False,2-circle,1.000000,256.013551,100.000000,100.000000,0.000000,0.000000,-12.920596,80.691163,-4.587333,2,8,0,0.0000,0.0000,0.0000,0.5000,"Pursue",0.013583
152,A0100,adaptive_eagle_v9,HABFM,4483.538518,158.733434,27.376321,162.602984,163.347712,14434.163868,248.385791,17165.439663,-101.908171,-4297.146512,-679.711250,16.551495,False,False,False,False,False,True,False,2-circle,1.000000,263.457836,100.000000,100.000000,0.000000,0.000000,-15.652462,77.849540,-4.887287,1,8,4,0.0000,0.0000,0.0000,0.5000,"HeadOnBreak",0.016724
152,B0100,L7_rush_level_max,HABFM,4483.538518,158.733434,27.376321,162.602984,163.347712,14434.163868,248.385791,17165.439663,-101.908171,-4297.146512,-679.711250,16.551495,False,False,False,False,False,True,False,2-circle,1.000000,263.457836,100.000000,100.000000,0.000000,0.000000,-15.652462,77.849540,-4.887287,2,8,0,0.0000,0.0000,0.0000,0.5000,"Pursue",0.012630
153,A0100,adaptive_eagle_v9,HABFM,4712.979063,158.027729,28.463832,162.531828,162.531528,14416.153391,248.274758,17144.987870,-102.258967,-4312.239789,-674.573830,12.067135,False,False,False,False,False,True,False,2-circle,1.000000,272.104609,100.000000,100.000000,0.000000,0.000000,-19.883795,73.536402,-5.041304,1,8,4,0.0000,0.0000,0.0000,0.5000,"HeadOnBreak",0.019369
153,B0100,L7_rush_level_max,HABFM,4712.979063,158.027729,28.463832,162.531828,162.531528,14416.153391,248.274758,17144.987870,-102.258967,-4312.239789,-674.573830,12.067135,False,False,False,False,False,True,False,2-circle,1.000000,272.104609,100.000000,100.000000,0.000000,0.000000,-19.883795,73.536402,-5.041304,2,8,0,0.0000,0.0000,0.0000,0.5000,"Pursue",0.009750
154,A0100,adaptive_eagle_v9,HABFM,4940.693566,157.466037,29.657971,162.180920,161.921734,14397.828871,248.395079,17129.308925,-78.394727,-4313.423765,-669.269930,11.988757,False,False,False,False,False,True,False,2-circle,1.000000,281.726755,100.000000,100.000000,0.000000,0.000000,-19.921765,73.437732,-5.051749,1,8,4,0.0000,0.0000,0.0000,0.5000,"HeadOnBreak",0.020421
154,B0100,L7_rush_level_max,HABFM,4940.693566,157.466037,29.657971,162.180920,161.921734,14397.828871,248.395079,17129.308925,-78.394727,-4313.423765,-669.269930,11.988757,False,False,False,False,False,True,False,2-circle,1.000000,281.726755,100.000000,100.000000,0.000000,0.000000,-19.921765,73.437732,-5.051749,2,8,0,0.0000,0.0000,0.0000,0.5000,"Pursue",0.010954
155,A0100,adaptive_eagle_v9,HABFM,5166.561703,156.831024,30.857679,161.783201,161.222817,14379.215032,248.452316,17111.954054,-86.774351,-4318.313871,-663.565149,13.189391,False,False,False,False,False,True,False,2-circle,1.000000,291.975276,100.000000,100.000000,0.000000,0.000000,-18.440747,74.872318,-5.018202,1,8,4,0.0000,0.0000,0.0000,0.5000,"HeadOnBreak",0.021362
155,B0100,L7_rush_level_max,HABFM,5166.561703,156.831024,30.857679,161.783201,161.222817,14379.215032,248.452316,17111.954054,-86.774351,-4318.313871,-663.565149,13.189391,False,False,False,False,False,True,False,2-circle,1.000000,291.975276,100.000000,100.000000,0.000000,0.000000,-18.440747,74.872318,-5.018202,2,8,0,0.0000,0.0000,0.0000,0.5000,"Pursue",0.011312
156,A0100,adaptive_eagle_v9,HABFM,5390.465928,156.163474,32.061590,161.269062,160.513082,14360.293963,248.531601,17094.777370,-85.883424,-4324.262261,-657.629534,14.640551,False,False,False,False,False,True,False,2-circle,1.000000,302.527279,100.000000,100.000000,0.000000,0.000000,-16.962817,76.312809,-5.070259,1,8,4,0.0000,0.0000,0.0000,0.5000,"HeadOnBreak",0.029005
156,B0100,L7_rush_level_max,HABFM,5390.465928,156.163474,32.061590,161.269062,160.513082,14360.293963,248.531601,17094.777370,-85.883424,-4324.262261,-657.629534,14.640551,False,False,False,False,False,True,False,2-circle,1.000000,302.527279,100.000000,100.000000,0.000000,0.000000,-16.962817,76.312809,-5.070259,2,8,0,0.0000,0.0000,0.0000,0.5000,"Pursue",0.011362
157,A0100,adaptive_eagle_v9,HABFM,5612.073786,155.483080,33.663426,160.435222,159.816839,14341.004742,248.655735,17078.220425,-82.784724,-4302.161773,-649.231493,15.839496,False,False,False,False,False,True,False,2-circle,1.000000,313.183164,100.000000,100.000000,0.000000,0.000000,-15.927791,77.316429,-5.235531,1,8,4,0.0000,0.0000,0.0000,0.5000,"HeadOnBreak",0.033203
157,B0100,L7_rush_level_max,HABFM,5612.073786,155.483080,33.663426,160.435222,159.816839,14341.004742,248.655735,17078.220425,-82.784724,-4302.161773,-649.231493,15.839496,False,False,False,False,False,True,False,2-circle,1.000000,313.183164,100.000000,100.000000,0.000000,0.000000,-15.927791,77.316429,-5.235531,2,8,0,0.0000,0.0000,0.0000,0.5000,"Pursue",0.011290
158,A0100,adaptive_eagle_v9,HABFM,5830.392218,154.795590,35.509854,159.595224,159.137347,14321.291602,248.817308,17062.065647,-80.773890,-4257.595576,-639.006443,16.659666,False,False,False,False,False,True,False,2-circle,1.000000,324.427729,100.000000,100.000000,0.000000,0.000000,-15.297472,77.926023,-5.489408,1,8,4,0.0000,0.0000,0.0000,0.5000,"HeadOnBreak",0.023745
158,B0100,L7_rush_level_max,HABFM,5830.392218,154.795590,35.509854,159.595224,159.137347,14321.291602,248.817308,17062.065647,-80.773890,-4257.595576,-639.006443,16.659666,False,False,False,False,False,True,False,2-circle,1.000000,324.427729,100.000000,100.000000,0.000000,0.000000,-15.297472,77.926023,-5.489408,2,8,0,0.0000,0.0000,0.0000,0.5000,"Pursue",0.011343
159,A0100,adaptive_eagle_v9,HABFM,6045.687533,154.091724,36.834967,159.191809,158.460487,14301.114986,249.004324,17046.010625,-80.275108,-4243.930417,-631.485722,17.196831,False,False,False,False,False,True,False,2-circle,1.000000,336.981358,100.000000,100.000000,0.000000,0.000000,-14.921598,78.297493,-5.797598,1,8,4,0.0000,0.0000,0.0000,0.5000,"HeadOnBreak",0.021124
159,B0100,L7_rush_level_max,HABFM,6045.687533,154.091724,36.834967,159.191809,158.460487,14301.114986,249.004324,17046.010625,-80.275108,-4243.930417,-631.485722,17.196831,False,False,False,False,False,True,False,2-circle,1.000000,336.981358,100.000000,100.000000,0.000000,0.000000,-14.921598,78.297493,-5.797598,3,8,0,0.0000,0.0000,0.0000,0.5000,"Pursue",0.014312
160,A0100,adaptive_eagle_v9,HABFM,6258.774137,153.227311,37.980761,159.029572,157.572228,14280.471200,249.002018,17025.315988,-103.473189,-4249.091826,-624.272051,13.771374,False,False,False,False,False,True,False,2-circle,1.000000,350.732265,100.000000,100.000000,0.000000,0.000000,-17.734574,75.493370,-6.009313,1,8,4,0.0000,0.0000,0.0000,0.5000,"HeadOnBreak",0.023659
160,B0100,L7_rush_level_max,HABFM,6258.774137,153.227311,37.980761,159.029572,157.572228,14280.471200,249.002018,17025.315988,-103.473189,-4249.091826,-624.272051,13.771374,False,False,False,False,False,True,False,2-circle,1.000000,350.732265,100.000000,100.000000,0.000000,0.000000,-17.734574,75.493370,-6.009313,3,8,0,0.0000,0.0000,0.0000,0.5000,"Pursue",0.017223
161,A0100,adaptive_eagle_v9,HABFM,6469.158076,152.261109,39.219177,159.087945,156.417909,14259.655506,248.688153,16997.584949,-138.655194,-4258.263950,-615.699637,8.887745,False,False,False,False,False,True,False,2-circle,1.000000,365.208665,100.000000,100.000000,0.000000,0.000000,-25.121998,68.122833,-5.969810,1,8,4,0.0000,0.0000,0.0000,0.5000,"HeadOnBreak",0.024411
161,B0100,L7_rush_level_max,HABFM,6469.158076,152.261109,39.219177,159.087945,156.417909,14259.655506,248.688153,16997.584949,-138.655194,-4258.263950,-615.699637,8.887745,False,False,False,False,False,True,False,2-circle,1.000000,365.208665,100.000000,100.000000,0.000000,0.000000,-25.121998,68.122833,-5.969810,3,8,0,0.0000,0.0000,0.0000,0.5000,"Pursue",0.012225
162,A0100,adaptive_eagle_v9,HABFM,6676.767312,151.607465,40.450388,158.922754,155.563902,14239.070105,248.606500,16975.201926,-111.915112,-4261.975079,-608.010186,7.072164,False,False,False,False,False,True,False,2-circle,1.000000,379.675383,100.000000,100.000000,0.000000,0.000000,-30.053715,63.209133,-5.639406,2,2,4,0.0000,0.0000,0.0000,0.5000,"ExtensionBreak",0.032085
162,B0100,L7_rush_level_max,HABFM,6676.767312,151.607465,40.450388,158.922754,155.563902,14239.070105,248.606500,16975.201926,-111.915112,-4261.975079,-608.010186,7.072164,False,False,False,False,False,True,False,2-circle,1.000000,379.675383,100.000000,100.000000,0.000000,0.000000,-30.053715,63.209133,-5.639406,2,8,0,0.0000,0.0000,0.0000,0.5000,"Pursue",0.008326
163,A0100,adaptive_eagle_v9,HABFM,6881.672245,151.157489,42.034011,158.211488,154.992238,14218.705414,248.808162,16959.277974,-79.619761,-4233.662098,-598.683759,7.344739,False,False,False,False,False,True,False,2-circle,1.000000,393.859023,100.000000,100.000000,0.000000,0.000000,-29.197721,64.082042,-5.089941,2,2,4,0.0000,0.0000,0.0000,0.5000,"ExtensionBreak",0.043290
163,B0100,L7_rush_level_max,HABFM,6881.672245,151.157489,42.034011,158.211488,154.992238,14218.705414,248.808162,16959.277974,-79.619761,-4233.662098,-598.683759,7.344739,False,False,False,False,False,True,False,2-circle,1.000000,393.859023,100.000000,100.000000,0.000000,0.000000,-29.197721,64.082042,-5.089941,2,8,0,0.0000,0.0000,0.0000,0.5000,"Pursue",0.009662
164,A0100,adaptive_eagle_v9,HABFM,7082.642412,150.636146,44.201465,157.405103,154.338296,14198.530699,248.919023,16941.546015,-88.659794,-4160.441543,-584.805883,8.268638,False,False,False,False,False,True,False,2-circle,1.000000,408.403070,100.000000,100.000000,0.000000,0.000000,-26.646879,66.654702,-4.558662,2,2,4,0.0000,0.0000,0.0000,0.5000,"ExtensionBreak",0.033955
164,B0100,L7_rush_level_max,HABFM,7082.642412,150.636146,44.201465,157.405103,154.338296,14198.530699,248.919023,16941.546015,-88.659794,-4160.441543,-584.805883,8.268638,False,False,False,False,False,True,False,2-circle,1.000000,408.403070,100.000000,100.000000,0.000000,0.000000,-26.646879,66.654702,-4.558662,2,8,0,0.0000,0.0000,0.0000,0.5000,"Pursue",0.010060
165,A0100,adaptive_eagle_v9,HABFM,7279.031719,150.070584,45.991992,157.257843,153.674196,14178.519476,249.027697,16923.930424,-88.077959,-4083.345315,-572.474295,9.255388,False,False,False,False,False,True,False,2-circle,1.000000,425.205550,100.000000,100.000000,0.000000,0.000000,-24.427022,68.916236,-4.213445,2,2,4,0.0000,0.0000,0.0000,0.5000,"ExtensionBreak",0.007285
165,B0100,L7_rush_level_max,HABFM,7279.031719,150.070584,45.991992,157.257843,153.674196,14178.519476,249.027697,16923.930424,-88.077959,-4083.345315,-572.474295,9.255388,False,False,False,False,False,True,False,2-circle,1.000000,425.205550,100.000000,100.000000,0.000000,0.000000,-24.427022,68.916236,-4.213445,2,8,0,0.0000,0.0000,0.0000,0.5000,"Pursue",0.010166
166,A0100,adaptive_eagle_v9,HABFM,7472.743883,149.471215,46.555001,158.153760,153.016601,14158.578782,249.168024,16907.084696,-84.228638,-4049.801883,-567.592020,10.017812,False,False,False,False,False,True,False,2-circle,1.000000,445.501513,100.000000,100.000000,0.000000,0.000000,-23.013385,70.398634,-4.061460,2,2,4,0.0000,0.0000,0.0000,0.5000,"ExtensionBreak",-0.012601
166,B0100,L7_rush_level_max,HABFM,7472.743883,149.471215,46.555001,158.153760,153.016601,14158.578782,249.168024,16907.084696,-84.228638,-4049.801883,-567.592020,10.017812,False,False,False,False,False,True,False,2-circle,1.000000,445.501513,100.000000,100.000000,0.000000,0.000000,-23.013385,70.398634,-4.061460,2,8,0,0.0000,0.0000,0.0000,0.5000,"Pursue",0.010520
167,A0100,adaptive_eagle_v9,HABFM,7666.061018,148.832073,46.178736,159.743570,152.346666,14138.628060,249.331331,16890.737947,-81.733746,-4032.933012,-568.200904,10.509223,False,False,False,False,False,True,False,2-circle,1.000000,469.194854,100.000000,100.000000,0.000000,0.000000,-22.248575,71.255678,-4.049387,2,2,4,0.0000,0.0000,0.0000,0.5000,"ExtensionBreak",-0.024632
167,B0100,L7_rush_level_max,HABFM,7666.061018,148.832073,46.178736,159.743570,152.346666,14138.628060,249.331331,16890.737947,-81.733746,-4032.933012,-568.200904,10.509223,False,False,False,False,False,True,False,2-circle,1.000000,469.194854,100.000000,100.000000,0.000000,0.000000,-22.248575,71.255678,-4.049387,2,8,0,0.0000,0.0000,0.0000,0.5000,"Pursue",0.011180
168,A0100,adaptive_eagle_v9,HABFM,7860.414961,148.146368,45.199845,161.730446,151.644457,14118.615288,249.502746,16874.510621,-81.136629,-4019.480905,-572.075464,10.813544,False,False,False,False,False,True,False,2-circle,1.000000,495.609751,100.000000,100.000000,0.000000,0.000000,-21.858709,71.754080,-4.120404,2,2,4,0.0000,0.0000,0.0000,0.5000,"ExtensionBreak",-0.031546
168,B0100,L7_rush_level_max,HABFM,7860.414961,148.146368,45.199845,161.730446,151.644457,14118.615288,249.502746,16874.510621,-81.136629,-4019.480905,-572.075464,10.813544,False,False,False,False,False,True,False,2-circle,1.000000,495.609751,100.000000,100.000000,0.000000,0.000000,-21.858709,71.754080,-4.120404,3,8,0,0.0000,0.0000,0.0000,0.5000,"Pursue",0.012055
169,A0100,adaptive_eagle_v9,HABFM,8056.607113,147.411198,43.824610,163.894633,150.898092,14098.509517,249.673605,16858.180589,-81.650160,-3998.921921,-577.719216,11.028220,False,False,False,False,False,True,False,2-circle,1.000000,523.902254,100.000000,100.000000,0.000000,0.000000,-21.637655,72.092500,-4.234740,1,8,4,0.0000,0.0000,0.0000,0.5000,"SmartHighYoYo",-0.028593
169,B0100,L7_rush_level_max,HABFM,8056.607113,147.411198,43.824610,163.894633,150.898092,14098.509517,249.673605,16858.180589,-81.650160,-3998.921921,-577.719216,11.028220,False,False,False,False,False,True,False,2-circle,1.000000,523.902254,100.000000,100.000000,0.000000,0.000000,-21.637655,72.092500,-4.234740,3,8,0,0.0000,0.0000,0.0000,0.5000,"Pursue",0.013025
170,A0100,adaptive_eagle_v9,HABFM,8254.955903,146.629734,42.462477,165.672271,150.104757,14078.290658,249.841670,16841.678270,-82.511593,-4010.106039,-583.543982,11.215727,False,False,False,False,False,True,False,2-circle,1.000000,552.921647,100.000000,100.000000,0.000000,0.000000,-21.468570,72.379046,-4.370639,1,8,4,0.0000,0.0000,0.0000,0.5000,"SmartHighYoYo",-0.016894
170,B0100,L7_rush_level_max,HABFM,8254.955903,146.629734,42.462477,165.672271,150.104757,14078.290658,249.841670,16841.678270,-82.511593,-4010.106039,-583.543982,11.215727,False,False,False,False,False,True,False,2-circle,1.000000,552.921647,100.000000,100.000000,0.000000,0.000000,-21.468570,72.379046,-4.370639,3,8,0,0.0000,0.0000,0.0000,0.5000,"Pursue",0.013892
171,A0100,adaptive_eagle_v9,HABFM,8455.035494,145.814757,41.560345,166.672233,149.274057,14057.942543,250.008231,16825.015900,-83.311850,-4084.269430,-587.886654,11.404609,False,False,False,False,False,True,False,2-circle,1.000000,581.348170,100.000000,100.000000,0.000000,0.000000,-21.297586,72.658868,-4.518536,1,8,4,0.0000,0.0000,0.0000,0.5000,"SmartHighYoYo",-0.008794
171,B0100,L7_rush_level_max,HABFM,8455.035494,145.814757,41.560345,166.672233,149.274057,14057.942543,250.008231,16825.015900,-83.311850,-4084.269430,-587.886654,11.404609,False,False,False,False,False,True,False,2-circle,1.000000,581.348170,100.000000,100.000000,0.000000,0.000000,-21.297586,72.658868,-4.518536,3,8,0,0.0000,0.0000,0.0000,0.5000,"Pursue",0.014344
172,A0100,adaptive_eagle_v9,HABFM,8656.415394,144.991075,40.954183,166.962968,148.433382,14037.446329,250.192916,16808.609366,-82.032671,-4207.505813,-591.522527,11.602769,False,False,False,False,False,True,False,2-circle,1.000000,608.200526,100.000000,100.000000,0.000000,0.000000,-21.106689,72.944337,-4.674948,1,8,4,0.0000,0.0000,0.0000,0.5000,"SmartHighYoYo",-0.009583
172,B0100,L7_rush_level_max,HABFM,8656.415394,144.991075,40.954183,166.962968,148.433382,14037.446329,250.192916,16808.609366,-82.032671,-4207.505813,-591.522527,11.602769,False,False,False,False,False,True,False,2-circle,1.000000,608.200526,100.000000,100.000000,0.000000,0.000000,-21.106689,72.944337,-4.674948,3,8,0,0.0000,0.0000,0.0000,0.5000,"Pursue",0.017979
173,A0100,adaptive_eagle_v9,HABFM,8858.875107,144.015973,40.258788,167.134385,147.388880,14016.805575,250.184667,16787.785866,-104.117497,-4340.317551,-594.905688,9.859313,False,False,False,False,False,True,False,2-circle,1.000000,632.665518,100.000000,100.000000,0.000000,0.000000,-23.985275,70.141877,-4.717990,1,8,4,0.0000,0.0000,0.0000,0.5000,"SmartHighYoYo",-0.011641
173,B0100,L7_rush_level_max,HABFM,8858.875107,144.015973,40.258788,167.134385,147.388880,14016.805575,250.184667,16787.785866,-104.117497,-4340.317551,-594.905688,9.859313,False,False,False,False,False,True,False,2-circle,1.000000,632.665518,100.000000,100.000000,0.000000,0.000000,-23.985275,70.141877,-4.717990,3,8,0,0.0000,0.0000,0.0000,0.5000,"Pursue",0.016692
174,A0100,adaptive_eagle_v9,HABFM,9062.343136,143.159681,39.411750,167.038792,146.416698,13996.287212,250.209631,16767.820519,-99.826735,-4465.563472,-599.205360,7.947849,False,False,False,False,False,True,False,2-circle,1.000000,653.976415,100.000000,100.000000,0.000000,0.000000,-28.319499,65.861678,-4.622502,1,7,4,0.0000,0.0000,0.0000,0.5000,"HeadOnBreak",-0.015210
174,B0100,L7_rush_level_max,HABFM,9062.343136,143.159681,39.411750,167.038792,146.416698,13996.287212,250.209631,16767.820519,-99.826735,-4465.563472,-599.205360,7.947849,False,False,False,False,False,True,False,2-circle,1.000000,653.976415,100.000000,100.000000,0.000000,0.000000,-28.319499,65.861678,-4.622502,3,8,0,0.0000,0.0000,0.0000,0.5000,"Pursue",0.012717
175,A0100,adaptive_eagle_v9,HABFM,9267.458120,142.510816,38.438337,166.870085,145.694180,13975.843840,250.503034,16753.880921,-69.697990,-4599.868788,-605.272003,7.934363,False,False,False,False,False,True,False,2-circle,1.000000,672.411163,100.000000,100.000000,0.000000,0.000000,-28.372552,65.843288,-4.379161,1,8,4,0.0000,0.0000,0.0000,0.5000,"HeadOnBreak",-0.013440
175,B0100,L7_rush_level_max,HABFM,9267.458120,142.510816,38.438337,166.870085,145.694180,13975.843840,250.503034,16753.880921,-69.697990,-4599.868788,-605.272003,7.934363,False,False,False,False,False,True,False,2-circle,1.000000,672.411163,100.000000,100.000000,0.000000,0.000000,-28.372552,65.843288,-4.379161,3,8,0,0.0000,0.0000,0.0000,0.5000,"Pursue",0.014360
176,A0100,adaptive_eagle_v9,HABFM,9474.308002,141.796238,37.672006,167.011892,144.888906,13955.475620,250.726172,16738.464038,-77.084416,-4720.404153,-609.603686,8.520134,False,False,False,False,False,True,False,2-circle,1.000000,689.065530,100.000000,100.000000,0.000000,0.000000,-26.896475,67.342454,-4.102862,1,8,4,0.0000,0.0000,0.0000,0.5000,"HeadOnBreak",-0.003089
176,B0100,L7_rush_level_max,HABFM,9474.308002,141.796238,37.672006,167.011892,144.888906,13955.475620,250.726172,16738.464038,-77.084416,-4720.404153,-609.603686,8.520134,False,False,False,False,False,True,False,2-circle,1.000000,689.065530,100.000000,100.000000,0.000000,0.000000,-26.896475,67.342454,-4.102862,3,8,0,0.0000,0.0000,0.0000,0.5000,"Pursue",0.014677
177,A0100,adaptive_eagle_v9,HABFM,9681.957028,141.063832,37.602040,167.557537,144.080695,13935.166262,250.968737,16723.542093,-74.609726,-4807.494942,-609.750511,9.169326,False,False,False,False,False,True,False,2-circle,1.000000,705.837862,100.000000,100.000000,0.000000,0.000000,-25.451109,68.811891,-3.921878,1,8,4,0.0000,0.0000,0.0000,0.5000,"HeadOnBreak",0.008360
177,B0100,L7_rush_level_max,HABFM,9681.957028,141.063832,37.602040,167.557537,144.080695,13935.166262,250.968737,16723.542093,-74.609726,-4807.494942,-609.750511,9.169326,False,False,False,False,False,True,False,2-circle,1.000000,705.837862,100.000000,100.000000,0.000000,0.000000,-25.451109,68.811891,-3.921878,3,8,0,0.0000,0.0000,0.0000,0.5000,"Pursue",0.014411
178,A0100,adaptive_eagle_v9,HABFM,9889.081005,140.336928,38.139851,168.018797,143.300017,13914.845353,251.257018,16709.630729,-69.556822,-4858.226415,-606.211010,9.658083,False,False,False,False,False,True,False,2-circle,1.000000,723.886829,100.000000,100.000000,0.000000,0.000000,-24.484985,69.810596,-3.856962,1,8,4,0.0000,0.0000,0.0000,0.5000,"HeadOnBreak",0.022224
178,B0100,L7_rush_level_max,HABFM,9889.081005,140.336928,38.139851,168.018797,143.300017,13914.845353,251.257018,16709.630729,-69.556822,-4858.226415,-606.211010,9.658083,False,False,False,False,False,True,False,2-circle,1.000000,723.886829,100.000000,100.000000,0.000000,0.000000,-24.484985,69.810596,-3.856962,3,8,0,0.0000,0.0000,0.0000,0.5000,"Pursue",0.014056
179,A0100,adaptive_eagle_v9,HABFM,10094.476014,139.622865,39.334149,168.172281,142.549420,13894.446565,251.585059,16696.534440,-65.481444,-4864.288406,-598.464290,9.959147,False,False,False,False,False,True,False,2-circle,1.000000,742.950613,100.000000,100.000000,0.000000,0.000000,-23.944198,70.391213,-3.880532,1,8,4,0.0000,0.0000,0.0000,0.5000,"HeadOnBreak",0.030349
179,B0100,L7_rush_level_max,HABFM,10094.476014,139.622865,39.334149,168.172281,142.549420,13894.446565,251.585059,16696.534440,-65.481444,-4864.288406,-598.464290,9.959147,False,False,False,False,False,True,False,2-circle,1.000000,742.950613,100.000000,100.000000,0.000000,0.000000,-23.944198,70.391213,-3.880532,3,8,0,0.0000,0.0000,0.0000,0.5000,"Pursue",0.013712
180,A0100,adaptive_eagle_v9,HABFM,10296.724613,138.924520,40.859720,167.983652,141.826459,13873.921865,251.941598,16683.957426,-62.885070,-4844.642193,-588.360249,10.132225,False,False,False,False,False,True,False,2-circle,1.000000,762.566415,100.000000,100.000000,0.000000,0.000000,-23.659890,70.720444,-3.958113,1,8,4,0.0000,0.0000,0.0000,0.5000,"SmartHighYoYo",0.031981
180,B0100,L7_rush_level_max,HABFM,10296.724613,138.924520,40.859720,167.983652,141.826459,13873.921865,251.941598,16683.957426,-62.885070,-4844.642193,-588.360249,10.132225,False,False,False,False,False,True,False,2-circle,1.000000,762.566415,100.000000,100.000000,0.000000,0.000000,-23.659890,70.720444,-3.958113,3,8,0,0.0000,0.0000,0.0000,0.5000,"Pursue",0.013452
181,A0100,adaptive_eagle_v9,HABFM,10495.546533,138.241178,42.379440,167.484843,141.125906,13853.237985,252.319670,16671.713544,-61.219407,-4825.338815,-578.077018,10.241398,False,False,False,False,False,True,False,2-circle,1.000000,782.051299,100.000000,100.000000,0.000000,0.000000,-23.495088,70.931472,-4.064750,4,8,3,0.0000,0.0000,0.0000,0.5000,"SmartHighYoYo",0.041605
181,B0100,L7_rush_level_max,HABFM,10495.546533,138.241178,42.379440,167.484843,141.125906,13853.237985,252.319670,16671.713544,-61.219407,-4825.338815,-578.077018,10.241398,False,False,False,False,False,True,False,2-circle,1.000000,782.051299,100.000000,100.000000,0.000000,0.000000,-23.495088,70.931472,-4.064750,3,8,0,0.0000,0.0000,0.0000,0.5000,"Pursue",0.013485
182,A0100,adaptive_eagle_v9,HABFM,10690.502800,137.562062,44.285201,166.627612,140.431658,13832.372917,252.701466,16659.384465,-61.645399,-4776.239989,-564.787963,10.326559,False,False,False,False,False,True,False,2-circle,1.000000,800.789434,100.000000,100.000000,0.000000,0.000000,-23.373022,71.097967,-4.187029,1,8,4,0.0000,0.0000,0.0000,0.5000,"SmartHighYoYo",0.047940
182,B0100,L7_rush_level_max,HABFM,10690.502800,137.562062,44.285201,166.627612,140.431658,13832.372917,252.701466,16659.384465,-61.645399,-4776.239989,-564.787963,10.326559,False,False,False,False,False,True,False,2-circle,1.000000,800.789434,100.000000,100.000000,0.000000,0.000000,-23.373022,71.097967,-4.187029,3,8,0,0.0000,0.0000,0.0000,0.5000,"Pursue",0.013739
183,A0100,adaptive_eagle_v9,HABFM,10880.305853,136.877713,46.464964,165.730038,139.731412,13811.321512,253.070512,16646.596243,-63.941107,-4706.371114,-549.089759,10.406632,False,False,False,False,False,True,False,2-circle,1.000000,818.740231,100.000000,100.000000,0.000000,0.000000,-23.261696,71.252573,-4.319664,1,8,4,0.0000,0.0000,0.0000,0.5000,"SmartHighYoYo",0.038792
183,B0100,L7_rush_level_max,HABFM,10880.305853,136.877713,46.464964,165.730038,139.731412,13811.321512,253.070512,16646.596243,-63.941107,-4706.371114,-549.089759,10.406632,False,False,False,False,False,True,False,2-circle,1.000000,818.740231,100.000000,100.000000,0.000000,0.000000,-23.261696,71.252573,-4.319664,3,8,0,0.0000,0.0000,0.0000,0.5000,"Pursue",0.013945
184,A0100,adaptive_eagle_v9,HABFM,11065.135247,136.188513,48.205663,165.105670,139.027197,13790.081774,253.426253,16633.333179,-66.315322,-4670.454092,-536.130787,10.490922,False,False,False,False,False,True,False,2-circle,1.000000,836.520498,100.000000,100.000000,0.000000,0.000000,-23.148807,71.411062,-4.459380,1,8,4,0.0000,0.0000,0.0000,0.5000,"SmartHighYoYo",0.035322
184,B0100,L7_rush_level_max,HABFM,11065.135247,136.188513,48.205663,165.105670,139.027197,13790.081774,253.426253,16633.333179,-66.315322,-4670.454092,-536.130787,10.490922,False,False,False,False,False,True,False,2-circle,1.000000,836.520498,100.000000,100.000000,0.000000,0.000000,-23.148807,71.411062,-4.459380,3,8,0,0.0000,0.0000,0.0000,0.5000,"Pursue",0.014179
185,A0100,adaptive_eagle_v9,HABFM,11245.988924,135.493376,49.731072,164.453989,138.317936,13768.650146,253.774979,16619.731817,-68.006810,-4652.093857,-524.439779,10.582523,False,False,False,False,False,True,False,2-circle,1.000000,854.140955,100.000000,100.000000,0.000000,0.000000,-23.028822,71.578621,-4.604342,1,8,4,0.0000,0.0000,0.0000,0.5000,"SmartHighYoYo",0.038050
185,B0100,L7_rush_level_max,HABFM,11245.988924,135.493376,49.731072,164.453989,138.317936,13768.650146,253.774979,16619.731817,-68.006810,-4652.093857,-524.439779,10.582523,False,False,False,False,False,True,False,2-circle,1.000000,854.140955,100.000000,100.000000,0.000000,0.000000,-23.028822,71.578621,-4.604342,3,8,0,0.0000,0.0000,0.0000,0.5000,"Pursue",0.014385
186,A0100,adaptive_eagle_v9,HABFM,11422.700101,134.794643,51.307326,163.607768,137.605687,13747.021088,254.123347,16605.935750,-68.980334,-4630.454741,-512.090282,10.679255,False,False,False,False,False,True,False,2-circle,1.000000,871.245832,100.000000,100.000000,0.000000,0.000000,-22.903579,71.751694,-4.753921,1,8,4,0.0000,0.0000,0.0000,0.5000,"SmartHighYoYo",0.048453
186,B0100,L7_rush_level_max,HABFM,11422.700101,134.794643,51.307326,163.607768,137.605687,13747.021088,254.123347,16605.935750,-68.980334,-4630.454741,-512.090282,10.679255,False,False,False,False,False,True,False,2-circle,1.000000,871.245832,100.000000,100.000000,0.000000,0.000000,-22.903579,71.751694,-4.753921,3,8,0,0.0000,0.0000,0.0000,0.5000,"Pursue",0.014569
187,A0100,adaptive_eagle_v9,HABFM,11594.809395,134.094636,53.255739,162.422928,136.892265,13725.187509,254.475341,16592.027600,-69.540748,-4581.388219,-496.627433,10.778685,False,False,False,False,False,True,False,2-circle,1.000000,887.369287,100.000000,100.000000,0.000000,0.000000,-22.774901,71.926361,-4.907907,1,8,4,0.0000,0.0000,0.0000,0.5000,"SmartHighYoYo",0.054790
187,B0100,L7_rush_level_max,HABFM,11594.809395,134.094636,53.255739,162.422928,136.892265,13725.187509,254.475341,16592.027600,-69.540748,-4581.388219,-496.627433,10.778685,False,False,False,False,False,True,False,2-circle,1.000000,887.369287,100.000000,100.000000,0.000000,0.000000,-22.774901,71.926361,-4.907907,3,8,0,0.0000,0.0000,0.0000,0.5000,"Pursue",0.014694
188,A0100,adaptive_eagle_v9,HABFM,11761.044346,133.395391,55.441653,161.239255,136.180414,13703.141447,254.833065,16578.047214,-69.901931,-4515.500287,-479.004343,10.879424,False,False,False,False,False,True,False,2-circle,1.000000,902.651044,100.000000,100.000000,0.000000,0.000000,-22.646480,72.100457,-5.066186,1,8,4,0.0000,0.0000,0.0000,0.5000,"SmartHighYoYo",0.052293
188,B0100,L7_rush_level_max,HABFM,11761.044346,133.395391,55.441653,161.239255,136.180414,13703.141447,254.833065,16578.047214,-69.901931,-4515.500287,-479.004343,10.879424,False,False,False,False,False,True,False,2-circle,1.000000,902.651044,100.000000,100.000000,0.000000,0.000000,-22.646480,72.100457,-5.066186,3,8,0,0.0000,0.0000,0.0000,0.5000,"Pursue",0.022663
189,A0100,adaptive_eagle_v9,HABFM,11921.230329,132.369254,57.522277,160.709000,135.076401,13680.950726,254.778978,16554.636255,-117.054794,-4470.319497,-460.196121,9.200934,False,False,False,False,False,True,False,2-circle,1.000000,917.854710,100.000000,100.000000,0.000000,0.000000,-25.708837,69.087683,-5.115821,1,8,4,0.0000,0.0000,0.0000,0.5000,"SmartHighYoYo",0.041530
189,B0100,L7_rush_level_max,HABFM,11921.230329,132.369254,57.522277,160.709000,135.076401,13680.950726,254.778978,16554.636255,-117.054794,-4470.319497,-460.196121,9.200934,False,False,False,False,False,True,False,2-circle,1.000000,917.854710,100.000000,100.000000,0.000000,0.000000,-25.708837,69.087683,-5.115821,3,8,0,0.0000,0.0000,0.0000,0.5000,"Pursue",0.020465
190,A0100,adaptive_eagle_v9,HABFM,12075.362788,131.475471,59.159677,160.583630,134.081067,13659.012474,254.775151,16532.611674,-110.122908,-4454.197861,-445.113531,7.453005,False,False,False,False,False,True,False,2-circle,1.000000,933.422041,100.000000,100.000000,0.000000,0.000000,-30.114395,64.738022,-5.025766,4,8,3,0.0000,0.0000,0.0000,0.5000,"SmartHighYoYo",0.044676
190,B0100,L7_rush_level_max,HABFM,12075.362788,131.475471,59.159677,160.583630,134.081067,13659.012474,254.775151,16532.611674,-110.122908,-4454.197861,-445.113531,7.453005,False,False,False,False,False,True,False,2-circle,1.000000,933.422041,100.000000,100.000000,0.000000,0.000000,-30.114395,64.738022,-5.025766,3,8,0,0.0000,0.0000,0.0000,0.5000,"Pursue",0.012192
191,A0100,adaptive_eagle_v9,HABFM,12225.070743,130.929404,60.882235,160.037540,133.499001,13637.140536,255.206650,16520.481703,-60.649850,-4414.915393,-430.855341,7.507324,False,False,False,False,False,True,False,2-circle,1.000000,949.555422,100.000000,100.000000,0.000000,0.000000,-29.987511,64.927428,-4.755202,1,8,4,0.0000,0.0000,0.0000,0.5000,"SmartHighYoYo",0.044275
191,B0100,L7_rush_level_max,HABFM,12225.070743,130.929404,60.882235,160.037540,133.499001,13637.140536,255.206650,16520.481703,-60.649850,-4414.915393,-430.855341,7.507324,False,False,False,False,False,True,False,2-circle,1.000000,949.555422,100.000000,100.000000,0.000000,0.000000,-29.987511,64.927428,-4.755202,3,8,0,0.0000,0.0000,0.0000,0.5000,"Pursue",0.015629
192,A0100,adaptive_eagle_v9,HABFM,12369.550261,130.245945,62.568959,159.725470,132.754905,13615.359631,255.454514,16504.304271,-80.887161,-4378.793385,-415.911315,8.109100,False,False,False,False,False,True,False,2-circle,1.000000,966.798008,100.000000,100.000000,0.000000,0.000000,-28.393254,66.594062,-4.464627,1,8,4,0.0000,0.0000,0.0000,0.5000,"SmartHighYoYo",0.040579
192,B0100,L7_rush_level_max,HABFM,12369.550261,130.245945,62.568959,159.725470,132.754905,13615.359631,255.454514,16504.304271,-80.887161,-4378.793385,-415.911315,8.109100,False,False,False,False,False,True,False,2-circle,1.000000,966.798008,100.000000,100.000000,0.000000,0.000000,-28.393254,66.594062,-4.464627,3,8,0,0.0000,0.0000,0.0000,0.5000,"Pursue",0.015739
193,A0100,adaptive_eagle_v9,HABFM,12509.501388,129.555481,64.059369,159.399210,132.015710,13593.692204,255.713575,16488.499276,-79.024976,-4357.111996,-402.348793,8.729713,False,False,False,False,False,True,False,2-circle,1.000000,984.894294,100.000000,100.000000,0.000000,0.000000,-26.959292,68.108717,-4.282674,1,8,4,0.0000,0.0000,0.0000,0.5000,"SmartHighYoYo",0.044652
193,B0100,L7_rush_level_max,HABFM,12509.501388,129.555481,64.059369,159.399210,132.015710,13593.692204,255.713575,16488.499276,-79.024976,-4357.111996,-402.348793,8.729713,False,False,False,False,False,True,False,2-circle,1.000000,984.894294,100.000000,100.000000,0.000000,0.000000,-26.959292,68.108717,-4.282674,3,8,0,0.0000,0.0000,0.0000,0.5000,"Pursue",0.015020
194,A0100,adaptive_eagle_v9,HABFM,12644.763786,128.891758,65.632571,158.834334,131.319884,13572.063328,256.027996,16473.993597,-72.528398,-4327.319586,-388.097346,9.170231,False,False,False,False,False,True,False,2-circle,1.000000,1003.623109,100.000000,100.000000,0.000000,0.000000,-26.072070,69.084020,-4.215373,1,8,4,0.0000,0.0000,0.0000,0.5000,"SmartHighYoYo",0.046898
194,B0100,L7_rush_level_max,HABFM,12644.763786,128.891758,65.632571,158.834334,131.319884,13572.063328,256.027996,16473.993597,-72.528398,-4327.319586,-388.097346,9.170231,False,False,False,False,False,True,False,2-circle,1.000000,1003.623109,100.000000,100.000000,0.000000,0.000000,-26.072070,69.084020,-4.215373,3,8,0,0.0000,0.0000,0.0000,0.5000,"Pursue",0.014592
195,A0100,adaptive_eagle_v9,HABFM,12775.217744,128.245272,67.212530,158.093670,130.652029,13550.404734,256.378382,16460.283281,-68.551576,-4296.915038,-373.731012,9.430455,False,False,False,False,False,True,False,2-circle,1.000000,1022.618071,100.000000,100.000000,0.000000,0.000000,-25.617872,69.632044,-4.229442,1,8,4,0.0000,0.0000,0.0000,0.5000,"SmartHighYoYo",0.048748
195,B0100,L7_rush_level_max,HABFM,12775.217744,128.245272,67.212530,158.093670,130.652029,13550.404734,256.378382,16460.283281,-68.551576,-4296.915038,-373.731012,9.430455,False,False,False,False,False,True,False,2-circle,1.000000,1022.618071,100.000000,100.000000,0.000000,0.000000,-25.617872,69.632044,-4.229442,3,8,0,0.0000,0.0000,0.0000,0.5000,"Pursue",0.014598
196,A0100,adaptive_eagle_v9,HABFM,12900.802896,127.600894,68.781606,157.223509,129.991174,13528.676320,256.739605,16446.760357,-67.614620,-4268.442954,-359.318214,9.581735,False,False,False,False,False,True,False,2-circle,1.000000,1041.446162,100.000000,100.000000,0.000000,0.000000,-25.400325,69.947186,-4.290814,1,8,4,0.0000,0.0000,0.0000,0.5000,"SmartHighYoYo",0.062331
196,B0100,L7_rush_level_max,HABFM,12900.802896,127.600894,68.781606,157.223509,129.991174,13528.676320,256.739605,16446.760357,-67.614620,-4268.442954,-359.318214,9.581735,False,False,False,False,False,True,False,2-circle,1.000000,1041.446162,100.000000,100.000000,0.000000,0.000000,-25.400325,69.947186,-4.290814,3,8,0,0.0000,0.0000,0.0000,0.5000,"Pursue",0.014866
197,A0100,adaptive_eagle_v9,HABFM,13021.116246,126.949990,70.719954,155.985179,129.325279,13506.858681,257.097598,16433.086237,-68.370601,-4213.498151,-341.667373,9.687566,False,False,False,False,False,True,False,2-circle,1.000000,1059.691608,100.000000,100.000000,0.000000,0.000000,-25.279153,70.168008,-4.376656,1,8,4,0.0000,0.0000,0.0000,0.5000,"SmartHighYoYo",0.070551
197,B0100,L7_rush_level_max,HABFM,13021.116246,126.949990,70.719954,155.985179,129.325279,13506.858681,257.097598,16433.086237,-68.370601,-4213.498151,-341.667373,9.687566,False,False,False,False,False,True,False,2-circle,1.000000,1059.691608,100.000000,100.000000,0.000000,0.000000,-25.279153,70.168008,-4.376656,3,8,0,0.0000,0.0000,0.0000,0.5000,"Pursue",0.015209
198,A0100,adaptive_eagle_v9,HABFM,13134.853261,126.289429,72.882214,154.699681,128.650700,13484.942346,257.448272,16419.157943,-69.641468,-4141.840335,-321.945711,9.783379,False,False,False,False,False,True,False,2-circle,1.000000,1077.606216,100.000000,100.000000,0.000000,0.000000,-25.185456,70.365520,-4.474974,1,8,4,0.0000,0.0000,0.0000,0.5000,"SmartHighYoYo",0.055641
198,B0100,L7_rush_level_max,HABFM,13134.853261,126.289429,72.882214,154.699681,128.650700,13484.942346,257.448272,16419.157943,-69.641468,-4141.840335,-321.945711,9.783379,False,False,False,False,False,True,False,2-circle,1.000000,1077.606216,100.000000,100.000000,0.000000,0.000000,-25.185456,70.365520,-4.474974,3,8,0,0.0000,0.0000,0.0000,0.5000,"Pursue",0.015553
199,A0100,adaptive_eagle_v9,HABFM,13242.478789,125.618078,74.557638,153.912502,127.967052,13462.920700,257.792715,16404.992981,-70.824810,-4105.984352,-306.057768,9.883284,False,False,False,False,False,True,False,2-circle,1.000000,1095.894905,100.000000,100.000000,0.000000,0.000000,-25.096004,70.566618,-4.580659,4,8,3,0.0000,0.0000,0.0000,0.5000,"SmartHighYoYo",0.059217
199,B0100,L7_rush_level_max,HABFM,13242.478789,125.618078,74.557638,153.912502,127.967052,13462.920700,257.792715,16404.992981,-70.824810,-4105.984352,-306.057768,9.883284,False,False,False,False,False,True,False,2-circle,1.000000,1095.894905,100.000000,100.000000,0.000000,0.000000,-25.096004,70.566618,-4.580659,3,8,0,0.0000,0.0000,0.0000,0.5000,"Pursue",0.015882
200,A0100,adaptive_eagle_v9,HABFM,13345.037377,124.936917,76.293492,153.086289,127.275383,13440.786756,258.133605,16390.645036,-71.739727,-4064.809625,-289.494318,9.990485,False,False,False,False,False,True,False,2-circle,1.000000,1114.605520,100.000000,100.000000,0.000000,0.000000,-25.005320,70.776875,-4.692029,1,8,4,0.0000,0.0000,0.0000,0.5000,"SmartHighYoYo",0.059095
200,B0100,L7_rush_level_max,HABFM,13345.037377,124.936917,76.293492,153.086289,127.275383,13440.786756,258.133605,16390.645036,-71.739727,-4064.809625,-289.494318,9.990485,False,False,False,False,False,True,False,2-circle,1.000000,1114.605520,100.000000,100.000000,0.000000,0.000000,-25.005320,70.776875,-4.692029,3,8,0,0.0000,0.0000,0.0000,0.5000,"Pursue",0.016173
201,A0100,adaptive_eagle_v9,HABFM,13441.719186,124.246425,77.996817,152.350413,126.577084,13418.532248,258.473483,16376.163643,-72.406964,-4022.195933,-273.030099,10.104135,False,False,False,False,False,True,False,2-circle,1.000000,1134.233507,100.000000,100.000000,0.000000,0.000000,-24.918635,70.994314,-4.808778,1,8,4,0.0000,0.0000,0.0000,0.5000,"SmartHighYoYo",0.053982
201,B0100,L7_rush_level_max,HABFM,13441.719186,124.246425,77.996817,152.350413,126.577084,13418.532248,258.473483,16376.163643,-72.406964,-4022.195933,-273.030099,10.104135,False,False,False,False,False,True,False,2-circle,1.000000,1134.233507,100.000000,100.000000,0.000000,0.000000,-24.918635,70.994314,-4.808778,3,8,0,0.0000,0.0000,0.0000,0.5000,"Pursue",0.016454
202,A0100,adaptive_eagle_v9,HABFM,13533.416944,123.547762,79.491805,151.715259,125.873050,13396.147738,258.814233,16361.582465,-72.905889,-3995.435866,-258.163236,10.222598,False,False,False,False,False,True,False,2-circle,1.000000,1154.596704,100.000000,100.000000,0.000000,0.000000,-24.838296,71.215673,-4.930998,1,8,4,0.0000,0.0000,0.0000,0.5000,"SmartHighYoYo",0.058841
202,B0100,L7_rush_level_max,HABFM,13533.416944,123.547762,79.491805,151.715259,125.873050,13396.147738,258.814233,16361.582465,-72.905889,-3995.435866,-258.163236,10.222598,False,False,False,False,False,True,False,2-circle,1.000000,1154.596704,100.000000,100.000000,0.000000,0.000000,-24.838296,71.215673,-4.930998,3,8,0,0.0000,0.0000,0.0000,0.5000,"Pursue",0.016733
203,A0100,adaptive_eagle_v9,HABFM,13619.982266,122.841813,81.050666,150.945052,125.163819,13373.622977,259.157123,16346.920420,-73.310224,-3964.151209,-242.645883,10.344564,False,False,False,False,False,True,False,2-circle,1.000000,1175.394813,100.000000,100.000000,0.000000,0.000000,-24.765764,71.438439,-5.058826,1,8,4,0.0000,0.0000,0.0000,0.5000,"SmartHighYoYo",0.061433
203,B0100,L7_rush_level_max,HABFM,13619.982266,122.841813,81.050666,150.945052,125.163819,13373.622977,259.157123,16346.920420,-73.310224,-3964.151209,-242.645883,10.344564,False,False,False,False,False,True,False,2-circle,1.000000,1175.394813,100.000000,100.000000,0.000000,0.000000,-24.765764,71.438439,-5.058826,3,8,0,0.0000,0.0000,0.0000,0.5000,"Pursue",0.017020
204,A0100,adaptive_eagle_v9,HABFM,13701.306125,122.129364,82.601251,150.091647,124.449631,13350.947238,259.502994,16332.186310,-73.670551,-3934.579871,-227.088977,10.469217,False,False,False,False,False,True,False,2-circle,1.000000,1196.200183,100.000000,100.000000,0.000000,0.000000,-24.700839,71.661082,-5.192345,1,8,4,0.0000,0.0000,0.0000,0.5000,"SmartHighYoYo",0.063695
204,B0100,L7_rush_level_max,HABFM,13701.306125,122.129364,82.601251,150.091647,124.449631,13350.947238,259.502994,16332.186310,-73.670551,-3934.579871,-227.088977,10.469217,False,False,False,False,False,True,False,2-circle,1.000000,1196.200183,100.000000,100.000000,0.000000,0.000000,-24.700839,71.661082,-5.192345,3,8,0,0.0000,0.0000,0.0000,0.5000,"Pursue",0.017318
205,A0100,adaptive_eagle_v9,HABFM,13777.355449,121.411062,84.130656,149.168208,123.730545,13328.109528,259.852438,16317.383013,-74.016487,-3907.949404,-211.607660,10.596116,False,False,False,False,False,True,False,2-circle,1.000000,1216.561072,100.000000,100.000000,0.000000,0.000000,-24.642436,71.882771,-5.331588,1,8,4,0.0000,0.0000,0.0000,0.5000,"SmartHighYoYo",0.081988
205,B0100,L7_rush_level_max,HABFM,13777.355449,121.411062,84.130656,149.168208,123.730545,13328.109528,259.852438,16317.383013,-74.016487,-3907.949404,-211.607660,10.596116,False,False,False,False,False,True,False,2-circle,1.000000,1216.561072,100.000000,100.000000,0.000000,0.000000,-24.642436,71.882771,-5.331588,3,8,0,0.0000,0.0000,0.0000,0.5000,"Pursue",0.027414
206,A0100,adaptive_eagle_v9,HABFM,13847.541455,120.340990,86.025995,148.272970,122.607585,13305.178806,259.767338,16292.494668,-124.441723,-3869.853718,-191.129513,8.948285,False,False,False,False,False,True,False,2-circle,1.000000,1235.970543,100.000000,100.000000,0.000000,0.000000,-27.882953,68.809135,-5.359736,1,8,4,0.0000,0.0000,0.0000,0.5000,"SmartHighYoYo",0.094465
206,B0100,L7_rush_level_max,HABFM,13847.541455,120.340990,86.025995,148.272970,122.607585,13305.178806,259.767338,16292.494668,-124.441723,-3869.853718,-191.129513,8.948285,False,False,False,False,False,True,False,2-circle,1.000000,1235.970543,100.000000,100.000000,0.000000,0.000000,-27.882953,68.809135,-5.359736,3,8,0,0.0000,0.0000,0.0000,0.5000,"Pursue",0.025104
207,A0100,adaptive_eagle_v9,HABFM,13909.999757,119.400038,88.169513,147.225221,121.592017,13282.569707,259.732914,16269.093891,-117.003888,-3813.634225,-169.239426,7.257256,False,False,False,False,False,True,False,2-circle,1.000000,1254.200035,100.000000,100.000000,0.000000,0.000000,-32.422184,64.440488,-5.244342,1,8,4,0.0000,0.0000,0.0000,0.5000,"SmartHighYoYo",0.075397
207,B0100,L7_rush_level_max,HABFM,13909.999757,119.400038,88.169513,147.225221,121.592017,13282.569707,259.732914,16269.093891,-117.003888,-3813.634225,-169.239426,7.257256,False,False,False,False,False,True,False,2-circle,1.000000,1254.200035,100.000000,100.000000,0.000000,0.000000,-32.422184,64.440488,-5.244342,3,8,0,0.0000,0.0000,0.0000,0.5000,"Pursue",-0.014011
208,A0100,adaptive_eagle_v9,HABFM,13966.051952,118.818654,89.840277,146.279846,120.985067,13260.089079,260.140257,16255.988219,-65.528357,-3779.054804,-153.159570,7.355305,False,False,False,False,False,True,False,2-circle,1.000000,1272.166877,100.000000,100.000000,0.000000,0.000000,-32.276661,64.764969,-4.943170,4,8,3,0.0000,0.0000,0.0000,0.5000,"SmartHighYoYo",0.080538
208,B0100,L7_rush_level_max,HABFM,13966.051952,118.818654,89.840277,146.279846,120.985067,13260.089079,260.140257,16255.988219,-65.528357,-3779.054804,-153.159570,7.355305,False,False,False,False,False,True,False,2-circle,1.000000,1272.166877,100.000000,100.000000,0.000000,0.000000,-32.276661,64.764969,-4.943170,3,8,0,0.0000,0.0000,0.0000,0.5000,"Pursue",-0.346655
209,A0100,adaptive_eagle_v9,DBFM,14016.778149,118.092866,91.569844,145.461583,120.213876,13237.761100,260.361370,16238.755299,-86.164604,-3746.487748,-135.789612,7.975300,False,False,False,False,False,True,False,2-circle,1.000000,1289.944651,100.000000,100.000000,0.000000,0.000000,-30.712289,66.517198,-4.630800,1,7,4,0.0000,0.0000,0.0000,0.5000,"SmartHighYoYo",0.081168
209,B0100,L7_rush_level_max,DBFM,14016.778149,118.092866,91.569844,145.461583,120.213876,13237.761100,260.361370,16238.755299,-86.164604,-3746.487748,-135.789612,7.975300,False,False,False,False,False,True,False,2-circle,1.000000,1289.944651,100.000000,100.000000,0.000000,0.000000,-30.712289,66.517198,-4.630800,3,8,0,0.0000,0.0000,0.0000,0.5000,"Pursue",-0.336785
210,A0100,adaptive_eagle_v9,DBFM,14061.303794,117.364050,93.276264,144.702043,119.449499,13215.598902,260.599572,16222.086750,-83.342745,-3712.823907,-118.600487,8.598934,False,False,False,False,False,True,False,2-circle,1.000000,1307.976667,100.000000,100.000000,0.000000,0.000000,-29.365334,68.064384,-4.434446,1,7,4,0.0000,0.0000,0.0000,0.5000,"SmartHighYoYo",0.074496
210,B0100,L7_rush_level_max,DBFM,14061.303794,117.364050,93.276264,144.702043,119.449499,13215.598902,260.599572,16222.086750,-83.342745,-3712.823907,-118.600487,8.598934,False,False,False,False,False,True,False,2-circle,1.000000,1307.976667,100.000000,100.000000,0.000000,0.000000,-29.365334,68.064384,-4.434446,3,8,0,0.0000,0.0000,0.0000,0.5000,"Pursue",-0.297916
211,A0100,adaptive_eagle_v9,DBFM,14100.583431,116.664062,94.771554,144.019004,118.726811,13193.519690,260.894416,16206.814527,-76.361111,-3693.593965,-103.254386,9.044626,False,False,False,False,False,True,False,2-circle,1.000000,1326.203529,100.000000,100.000000,0.000000,0.000000,-28.578102,69.064269,-4.355066,1,7,4,0.0000,0.0000,0.0000,0.5000,"SmartHighYoYo",0.081238
211,B0100,L7_rush_level_max,DBFM,14100.583431,116.664062,94.771554,144.019004,118.726811,13193.519690,260.894416,16206.814527,-76.361111,-3693.593965,-103.254386,9.044626,False,False,False,False,False,True,False,2-circle,1.000000,1326.203529,100.000000,100.000000,0.000000,0.000000,-28.578102,69.064269,-4.355066,3,8,0,0.0000,0.0000,0.0000,0.5000,"Pursue",-0.316363
212,A0100,adaptive_eagle_v9,DBFM,14134.574190,115.979746,96.322397,143.184316,118.027962,13171.451591,261.223320,16192.348810,-72.328587,-3669.641275,-87.560618,9.320660,False,False,False,False,False,True,False,2-circle,1.000000,1344.396456,100.000000,100.000000,0.000000,0.000000,-28.217377,69.649565,-4.357332,1,7,4,0.0000,0.0000,0.0000,0.5000,"SmartHighYoYo",0.084883
212,B0100,L7_rush_level_max,DBFM,14134.574190,115.979746,96.322397,143.184316,118.027962,13171.451591,261.223320,16192.348810,-72.328587,-3669.641275,-87.560618,9.320660,False,False,False,False,False,True,False,2-circle,1.000000,1344.396456,100.000000,100.000000,0.000000,0.000000,-28.217377,69.649565,-4.357332,3,8,0,0.0000,0.0000,0.0000,0.5000,"Pursue",-0.320164
213,A0100,adaptive_eagle_v9,DBFM,14163.246954,115.294653,97.855330,142.279508,117.332092,13149.352321,261.560905,16178.062533,-71.431385,-3647.978618,-72.011396,9.496401,False,False,False,False,False,True,False,2-circle,1.000000,1362.172101,100.000000,100.000000,0.000000,0.000000,-28.088772,70.013251,-4.407396,1,7,4,0.0000,0.0000,0.0000,0.5000,"SmartHighYoYo",0.088187
213,B0100,L7_rush_level_max,DBFM,14163.246954,115.294653,97.855330,142.279508,117.332092,13149.352321,261.560905,16178.062533,-71.431385,-3647.978618,-72.011396,9.496401,False,False,False,False,False,True,False,2-circle,1.000000,1362.172101,100.000000,100.000000,0.000000,0.000000,-28.088772,70.013251,-4.407396,3,8,0,0.0000,0.0000,0.0000,0.5000,"Pursue",-0.321686
214,A0100,adaptive_eagle_v9,DBFM,14186.614616,114.599965,99.358653,141.328125,116.627812,13127.200056,261.893913,16163.627216,-72.176584,-3630.127425,-56.649621,9.630396,False,False,False,False,False,True,False,2-circle,1.000000,1379.107260,100.000000,100.000000,0.000000,0.000000,-28.059502,70.286381,-4.483230,1,7,4,0.0000,0.0000,0.0000,0.5000,"SmartHighYoYo",0.114267
214,B0100,L7_rush_level_max,DBFM,14186.614616,114.599965,99.358653,141.328125,116.627812,13127.200056,261.893913,16163.627216,-72.176584,-3630.127425,-56.649621,9.630396,False,False,False,False,False,True,False,2-circle,1.000000,1379.107260,100.000000,100.000000,0.000000,0.000000,-28.059502,70.286381,-4.483230,3,8,0,0.0000,0.0000,0.0000,0.5000,"Pursue",-0.406032
215,A0100,adaptive_eagle_v9,DBFM,14204.370389,113.892704,101.223320,139.992242,115.910957,13104.982394,262.218926,16148.950695,-73.382608,-3587.228678,-38.503614,9.754851,False,False,False,False,False,True,False,2-circle,1.000000,1394.783854,100.000000,100.000000,0.000000,0.000000,-28.062081,70.534729,-4.573348,1,7,4,0.0000,0.0000,0.0000,0.5000,"SmartHighYoYo",0.133740
215,B0100,L7_rush_level_max,DBFM,14204.370389,113.892704,101.223320,139.992242,115.910957,13104.982394,262.218926,16148.950695,-73.382608,-3587.228678,-38.503614,9.754851,False,False,False,False,False,True,False,2-circle,1.000000,1394.783854,100.000000,100.000000,0.000000,0.000000,-28.062081,70.534729,-4.573348,3,8,0,0.0000,0.0000,0.0000,0.5000,"Pursue",-0.457064
216,A0100,adaptive_eagle_v9,DBFM,14215.329942,113.170789,103.355360,138.523203,115.179594,13082.689543,262.537327,16134.054649,-74.480230,-3528.106700,-18.384824,9.882871,False,False,False,False,False,True,False,2-circle,1.000000,1409.371301,100.000000,100.000000,0.000000,0.000000,-28.073339,70.783482,-4.672759,1,7,4,0.0000,0.0000,0.0000,0.5000,"SmartHighYoYo",0.108340
216,B0100,L7_rush_level_max,DBFM,14215.329942,113.170789,103.355360,138.523203,115.179594,13082.689543,262.537327,16134.054649,-74.480230,-3528.106700,-18.384824,9.882871,False,False,False,False,False,True,False,2-circle,1.000000,1409.371301,100.000000,100.000000,0.000000,0.000000,-28.073339,70.783482,-4.672759,3,8,0,0.0000,0.0000,0.0000,0.5000,"Pursue",-0.350744
217,A0100,adaptive_eagle_v9,DBFM,14219.902244,112.435402,105.029307,137.589178,114.435845,13060.311338,262.851874,16118.992538,-75.310555,-3505.570187,-1.697340,10.017871,False,False,False,False,False,True,False,2-circle,1.000000,1423.627746,100.000000,100.000000,0.000000,0.000000,-28.092743,71.038562,-4.779688,4,7,3,0.0000,0.0000,0.0000,0.5000,"SmartHighYoYo",0.116680
217,B0100,L7_rush_level_max,DBFM,14219.902244,112.435402,105.029307,137.589178,114.435845,13060.311338,262.851874,16118.992538,-75.310555,-3505.570187,-1.697340,10.017871,False,False,False,False,False,True,False,2-circle,1.000000,1423.627746,100.000000,100.000000,0.000000,0.000000,-28.092743,71.038562,-4.779688,3,8,0,0.0000,0.0000,0.0000,0.5000,"Pursue",-0.364882
218,A0100,adaptive_eagle_v9,DBFM,14219.075761,111.689595,106.764430,136.619772,113.683038,13037.836430,263.165135,16103.812512,-75.900131,-3479.201972,15.409872,10.159557,False,False,False,False,False,True,False,2-circle,1.000000,1437.704457,100.000000,100.000000,0.000000,0.000000,-28.123159,71.298928,-4.893687,1,7,4,0.0000,0.0000,0.0000,0.5000,"SmartHighYoYo",0.119020
218,B0100,L7_rush_level_max,DBFM,14219.075761,111.689595,106.764430,136.619772,113.683038,13037.836430,263.165135,16103.812512,-75.900131,-3479.201972,15.409872,10.159557,False,False,False,False,False,True,False,2-circle,1.000000,1437.704457,100.000000,100.000000,0.000000,0.000000,-28.123159,71.298928,-4.893687,3,8,0,0.0000,0.0000,0.0000,0.5000,"Pursue",-0.358286
219,A0100,adaptive_eagle_v9,DBFM,14212.168828,110.932113,108.486414,135.731964,112.920497,13015.252379,263.479050,16088.547278,-76.326169,-3452.480543,32.374496,10.306759,False,False,False,False,False,True,False,2-circle,1.000000,1452.060960,100.000000,100.000000,0.000000,0.000000,-28.171470,71.562084,-5.014743,1,7,4,0.0000,0.0000,0.0000,0.5000,"SmartHighYoYo",0.110241
219,B0100,L7_rush_level_max,DBFM,14212.168828,110.932113,108.486414,135.731964,112.920497,13015.252379,263.479050,16088.547278,-76.326169,-3452.480543,32.374496,10.306759,False,False,False,False,False,True,False,2-circle,1.000000,1452.060960,100.000000,100.000000,0.000000,0.000000,-28.171470,71.562084,-5.014743,3,8,0,0.0000,0.0000,0.0000,0.5000,"Pursue",-0.318235
220,A0100,adaptive_eagle_v9,DBFM,14200.005470,110.165406,109.993730,134.996546,112.150588,12992.545988,263.794977,16073.215449,-76.659147,-3442.008780,47.793703,10.458437,False,False,False,False,False,True,False,2-circle,1.000000,1466.603046,100.000000,100.000000,0.000000,0.000000,-28.240576,71.825938,-5.142927,1,7,4,0.0000,0.0000,0.0000,0.5000,"SmartHighYoYo",0.120767
220,B0100,L7_rush_level_max,DBFM,14200.005470,110.165406,109.993730,134.996546,112.150588,12992.545988,263.794977,16073.215449,-76.659147,-3442.008780,47.793703,10.458437,False,False,False,False,False,True,False,2-circle,1.000000,1466.603046,100.000000,100.000000,0.000000,0.000000,-28.240576,71.825938,-5.142927,3,8,0,0.0000,0.0000,0.0000,0.5000,"Pursue",-0.326238
221,A0100,adaptive_eagle_v9,DBFM,14182.270445,109.028859,111.548305,134.573369,110.969848,12969.786416,263.662570,16047.364071,-129.256887,-3443.140873,65.579717,8.817150,False,False,False,False,False,True,False,2-circle,1.000000,1480.972490,100.000000,100.000000,0.000000,0.000000,-31.711977,68.708461,-5.158268,1,7,4,0.0000,0.0000,0.0000,0.5000,"SmartHighYoYo",0.126856
221,B0100,L7_rush_level_max,DBFM,14182.270445,109.028859,111.548305,134.573369,110.969848,12969.786416,263.662570,16047.364071,-129.256887,-3443.140873,65.579717,8.817150,False,False,False,False,False,True,False,2-circle,1.000000,1480.972490,100.000000,100.000000,0.000000,0.000000,-31.711977,68.708461,-5.158268,3,8,0,0.0000,0.0000,0.0000,0.5000,"Pursue",-0.334421
222,A0100,adaptive_eagle_v9,DBFM,14158.313810,108.018900,113.074681,134.033062,109.898156,12947.400730,263.582440,16023.108040,-121.280159,-3445.768446,82.408037,7.153607,False,False,False,False,False,True,False,2-circle,1.000000,1494.329628,100.000000,100.000000,0.000000,0.000000,-36.462695,64.329065,-5.026908,1,7,4,0.0000,0.0000,0.0000,0.5000,"SmartHighYoYo",0.165641
222,B0100,L7_rush_level_max,DBFM,14158.313810,108.018900,113.074681,134.033062,109.898156,12947.400730,263.582440,16023.108040,-121.280159,-3445.768446,82.408037,7.153607,False,False,False,False,False,True,False,2-circle,1.000000,1494.329628,100.000000,100.000000,0.000000,0.000000,-36.462695,64.329065,-5.026908,3,8,0,0.0000,0.0000,0.0000,0.5000,"Pursue",-0.440672
223,A0100,adaptive_eagle_v9,DBFM,14128.826088,107.375827,114.964730,132.684542,109.231717,12925.190843,263.949406,16009.468272,-68.198838,-3407.849739,99.424383,7.286752,False,False,False,False,False,True,False,2-circle,1.000000,1506.475847,100.000000,100.000000,0.000000,0.000000,-36.417570,64.762012,-4.706006,1,7,4,0.0000,0.0000,0.0000,0.5000,"SmartHighYoYo",0.193959
223,B0100,L7_rush_level_max,DBFM,14128.826088,107.375827,114.964730,132.684542,109.231717,12925.190843,263.949406,16009.468272,-68.198838,-3407.849739,99.424383,7.286752,False,False,False,False,False,True,False,2-circle,1.000000,1506.475847,100.000000,100.000000,0.000000,0.000000,-36.417570,64.762012,-4.706006,3,8,0,0.0000,0.0000,0.0000,0.5000,"Pursue",-0.490373
224,A0100,adaptive_eagle_v9,DBFM,14092.847605,106.579235,117.112847,131.376664,108.395932,12903.179855,264.128332,15991.640233,-89.140192,-3360.203536,118.761401,7.927954,False,False,False,False,False,True,False,2-circle,1.000000,1517.631049,100.000000,100.000000,0.000000,0.000000,-35.004348,66.582330,-4.381094,1,7,4,0.0000,0.0000,0.0000,0.5000,"SmartHighYoYo",0.157998
224,B0100,L7_rush_level_max,DBFM,14092.847605,106.579235,117.112847,131.376664,108.395932,12903.179855,264.128332,15991.640233,-89.140192,-3360.203536,118.761401,7.927954,False,False,False,False,False,True,False,2-circle,1.000000,1517.631049,100.000000,100.000000,0.000000,0.000000,-35.004348,66.582330,-4.381094,3,8,0,0.0000,0.0000,0.0000,0.5000,"Pursue",-0.377455
225,A0100,adaptive_eagle_v9,DBFM,14050.699895,105.780395,118.799008,130.578994,107.566283,12881.372703,264.328973,15974.527079,-85.565772,-3348.130087,134.965474,8.563752,False,False,False,False,False,True,False,2-circle,1.000000,1528.528992,100.000000,100.000000,0.000000,0.000000,-33.860376,68.159973,-4.177934,1,7,4,0.0000,0.0000,0.0000,0.5000,"SmartHighYoYo",0.149096
225,B0100,L7_rush_level_max,DBFM,14050.699895,105.780395,118.799008,130.578994,107.566283,12881.372703,264.328973,15974.527079,-85.565772,-3348.130087,134.965474,8.563752,False,False,False,False,False,True,False,2-circle,1.000000,1528.528992,100.000000,100.000000,0.000000,0.000000,-33.860376,68.159973,-4.177934,3,8,0,0.0000,0.0000,0.0000,0.5000,"Pursue",-0.342775
226,A0100,adaptive_eagle_v9,DBFM,14003.472385,105.011078,120.293169,129.870571,106.776652,12859.680152,264.587198,15958.880942,-78.230685,-3348.816366,149.675855,9.023733,False,False,False,False,False,True,False,2-circle,1.000000,1539.270105,100.000000,100.000000,0.000000,0.000000,-33.296278,69.187617,-4.093702,4,7,3,0.0000,0.0000,0.0000,0.5000,"SmartHighYoYo",0.205115
226,B0100,L7_rush_level_max,DBFM,14003.472385,105.011078,120.293169,129.870571,106.776652,12859.680152,264.587198,15958.880942,-78.230685,-3348.816366,149.675855,9.023733,False,False,False,False,False,True,False,2-circle,1.000000,1539.270105,100.000000,100.000000,0.000000,0.000000,-33.296278,69.187617,-4.093702,3,8,0,0.0000,0.0000,0.0000,0.5000,"Pursue",-0.462319
227,A0100,adaptive_eagle_v9,DBFM,13950.904246,104.254409,122.242182,128.689349,106.006315,12838.027098,264.878234,15944.049626,-74.156580,-3314.499492,166.842905,9.321119,False,False,False,False,False,True,False,2-circle,1.000000,1549.755520,100.000000,100.000000,0.000000,0.000000,-33.167654,69.811163,-4.091719,1,7,4,0.0000,0.0000,0.0000,0.5000,"SmartHighYoYo",0.209696
227,B0100,L7_rush_level_max,DBFM,13950.904246,104.254409,122.242182,128.689349,106.006315,12838.027098,264.878234,15944.049626,-74.156580,-3314.499492,166.842905,9.321119,False,False,False,False,False,True,False,2-circle,1.000000,1549.755520,100.000000,100.000000,0.000000,0.000000,-33.167654,69.811163,-4.091719,3,8,0,0.0000,0.0000,0.0000,0.5000,"Pursue",-0.451999
228,A0100,adaptive_eagle_v9,DBFM,13892.335471,103.489545,124.145185,127.607830,105.231605,12816.368858,265.176735,15929.395926,-73.268499,-3283.758378,183.513255,9.523507,False,False,False,False,False,True,False,2-circle,1.000000,1560.365834,100.000000,100.000000,0.000000,0.000000,-33.289549,70.220797,-4.138379,1,7,4,0.0000,0.0000,0.0000,0.5000,"SmartHighYoYo",0.177681
228,B0100,L7_rush_level_max,DBFM,13892.335471,103.489545,124.145185,127.607830,105.231605,12816.368858,265.176735,15929.395926,-73.268499,-3283.758378,183.513255,9.523507,False,False,False,False,False,True,False,2-circle,1.000000,1560.365834,100.000000,100.000000,0.000000,0.000000,-33.289549,70.220797,-4.138379,3,8,0,0.0000,0.0000,0.0000,0.5000,"Pursue",-0.363457
229,A0100,adaptive_eagle_v9,DBFM,13828.692981,102.711015,125.632074,126.865702,104.445340,12794.680890,265.470131,15914.600376,-73.977753,-3284.886970,197.727314,9.686243,False,False,False,False,False,True,False,2-circle,1.000000,1570.984668,100.000000,100.000000,0.000000,0.000000,-33.539825,70.541586,-4.212208,1,7,4,0.0000,0.0000,0.0000,0.5000,"SmartHighYoYo",0.197190
229,B0100,L7_rush_level_max,DBFM,13828.692981,102.711015,125.632074,126.865702,104.445340,12794.680890,265.470131,15914.600376,-73.977753,-3284.886970,197.727314,9.686243,False,False,False,False,False,True,False,2-circle,1.000000,1570.984668,100.000000,100.000000,0.000000,0.000000,-33.539825,70.541586,-4.212208,3,8,0,0.0000,0.0000,0.0000,0.5000,"Pursue",-0.390484
230,A0100,adaptive_eagle_v9,DBFM,13760.138785,101.916878,127.157902,126.026972,103.644692,12772.947686,265.755502,15899.578371,-75.110024,-3283.000085,212.082525,9.839701,False,False,False,False,False,True,False,2-circle,1.000000,1581.289857,100.000000,100.000000,0.000000,0.000000,-33.857215,70.835684,-4.302029,1,7,4,0.0000,0.0000,0.0000,0.5000,"SmartHighYoYo",0.211003
230,B0100,L7_rush_level_max,DBFM,13760.138785,101.916878,127.157902,126.026972,103.644692,12772.947686,265.755502,15899.578371,-75.110024,-3283.000085,212.082525,9.839701,False,False,False,False,False,True,False,2-circle,1.000000,1581.289857,100.000000,100.000000,0.000000,0.000000,-33.857215,70.835684,-4.302029,3,8,0,0.0000,0.0000,0.0000,0.5000,"Pursue",-0.402831
231,A0100,adaptive_eagle_v9,DBFM,13686.668334,101.107547,128.651090,125.145970,102.829615,12751.156218,266.034442,15884.353856,-76.122575,-3283.472643,226.176745,9.996588,False,False,False,False,False,True,False,2-circle,1.000000,1590.891578,100.000000,100.000000,0.000000,0.000000,-34.217577,71.127314,-4.402884,1,7,4,0.0000,0.0000,0.0000,0.5000,"SmartHighYoYo",0.280265
231,B0100,L7_rush_level_max,DBFM,13686.668334,101.107547,128.651090,125.145970,102.829615,12751.156218,266.034442,15884.353856,-76.122575,-3283.472643,226.176745,9.996588,False,False,False,False,False,True,False,2-circle,1.000000,1590.891578,100.000000,100.000000,0.000000,0.000000,-34.217577,71.127314,-4.402884,3,8,0,0.0000,0.0000,0.0000,0.5000,"Pursue",-0.519701
232,A0100,adaptive_eagle_v9,DBFM,13608.118058,100.283301,130.497554,123.869273,102.000080,12729.293132,266.309778,15868.979617,-76.871194,-3257.527653,241.920848,10.160619,False,False,False,False,False,True,False,2-circle,1.000000,1599.407548,100.000000,100.000000,0.000000,0.000000,-34.614179,71.422803,-4.512909,0,8,4,0.0000,0.0000,0.0000,0.5000,"LeadPursuit",0.295216
232,B0100,L7_rush_level_max,DBFM,13608.118058,100.283301,130.497554,123.869273,102.000080,12729.293132,266.309778,15868.979617,-76.871194,-3257.527653,241.920848,10.160619,False,False,False,False,False,True,False,2-circle,1.000000,1599.407548,100.000000,100.000000,0.000000,0.000000,-34.614179,71.422803,-4.512909,3,8,0,0.0000,0.0000,0.0000,0.5000,"Pursue",-0.521755
233,A0100,adaptive_eagle_v9,DBFM,13523.917029,99.441404,132.327748,122.677676,101.153555,12707.343995,266.584120,15853.502576,-77.385205,-3236.302777,257.422101,10.331940,False,False,False,False,False,True,False,2-circle,1.000000,1607.015931,100.000000,100.000000,0.000000,0.000000,-35.051058,71.721822,-4.631544,0,8,4,0.0000,0.0000,0.0000,0.5000,"LeadPursuit",0.254470
233,B0100,L7_rush_level_max,DBFM,13523.917029,99.441404,132.327748,122.677676,101.153555,12707.343995,266.584120,15853.502576,-77.385205,-3236.302777,257.422101,10.331940,False,False,False,False,False,True,False,2-circle,1.000000,1607.015931,100.000000,100.000000,0.000000,0.000000,-35.051058,71.721822,-4.631544,3,8,0,0.0000,0.0000,0.0000,0.5000,"Pursue",-0.425386
234,A0100,adaptive_eagle_v9,DBFM,13434.831387,98.586677,133.742568,121.848051,100.295022,12685.293382,266.859474,15837.954629,-77.739738,-3247.910958,270.828381,10.509715,False,False,False,False,False,True,False,2-circle,1.000000,1613.770818,100.000000,100.000000,0.000000,0.000000,-35.536443,72.022418,-4.758691,0,8,4,0.0000,0.0000,0.0000,0.5000,"LeadPursuit",0.281254
234,B0100,L7_rush_level_max,DBFM,13434.831387,98.586677,133.742568,121.848051,100.295022,12685.293382,266.859474,15837.954629,-77.739738,-3247.910958,270.828381,10.509715,False,False,False,False,False,True,False,2-circle,1.000000,1613.770818,100.000000,100.000000,0.000000,0.000000,-35.536443,72.022418,-4.758691,3,8,0,0.0000,0.0000,0.0000,0.5000,"Pursue",-0.453342
235,A0100,adaptive_eagle_v9,DBFM,13341.046096,97.720377,135.152843,120.932244,99.425475,12663.125165,267.137289,15822.354026,-78.003013,-3258.344486,284.077362,10.693100,False,False,False,False,False,True,False,2-circle,1.000000,1619.382710,100.000000,100.000000,0.000000,0.000000,-36.074072,72.322788,-4.894367,0,8,4,0.0000,0.0000,0.0000,0.5000,"LeadPursuit",0.299385
235,B0100,L7_rush_level_max,DBFM,13341.046096,97.720377,135.152843,120.932244,99.425475,12663.125165,267.137289,15822.354026,-78.003013,-3258.344486,284.077362,10.693100,False,False,False,False,False,True,False,2-circle,1.000000,1619.382710,100.000000,100.000000,0.000000,0.000000,-36.074072,72.322788,-4.894367,3,8,0,0.0000,0.0000,0.0000,0.5000,"Pursue",-0.447925
236,A0100,adaptive_eagle_v9,DBFM,13242.383073,96.467861,136.483201,120.408179,98.135684,12640.905636,266.955830,15795.843990,-132.550180,-3288.202353,298.972230,8.964575,False,False,False,False,False,True,False,2-circle,1.000000,1623.375885,100.000000,100.000000,0.000000,0.000000,-40.120133,69.166576,-4.915110,0,8,4,0.0000,0.0000,0.0000,0.5000,"LeadPursuit",0.397484
236,B0100,L7_rush_level_max,DBFM,13242.383073,96.467861,136.483201,120.408179,98.135684,12640.905636,266.955830,15795.843990,-132.550180,-3288.202353,298.972230,8.964575,False,False,False,False,False,True,False,2-circle,1.000000,1623.375885,100.000000,100.000000,0.000000,0.000000,-40.120133,69.166576,-4.915110,3,8,0,0.0000,0.0000,0.0000,0.5000,"Pursue",-0.583393
237,A0100,adaptive_eagle_v9,DBFM,13138.138893,95.335936,138.095067,119.405637,96.950758,12619.065975,266.829636,15771.022265,-124.108625,-3291.683003,314.064083,7.247433,False,False,False,False,False,True,False,2-circle,1.000000,1624.880638,100.000000,100.000000,0.000000,0.000000,-45.446451,64.776647,-4.785770,0,8,4,0.0000,0.0000,0.0000,0.5000,"LeadPursuit",0.495379
237,B0100,L7_rush_level_max,DBFM,13138.138893,95.335936,138.095067,119.405637,96.950758,12619.065975,266.829636,15771.022265,-124.108625,-3291.683003,314.064083,7.247433,False,False,False,False,False,True,False,2-circle,1.000000,1624.880638,100.000000,100.000000,0.000000,0.000000,-45.446451,64.776647,-4.785770,3,8,0,0.0000,0.0000,0.0000,0.5000,"Pursue",-0.711533
238,A0100,adaptive_eagle_v9,DBFM,13028.766264,94.570727,140.001914,117.786172,96.162005,12597.411976,267.157085,15757.109067,-69.565988,-3264.749344,328.005752,7.414456,False,False,False,False,False,True,False,2-circle,1.000000,1624.161007,100.000000,100.000000,0.000000,0.000000,-45.911949,65.295386,-4.464601,0,7,4,0.0000,0.0000,0.0000,0.5000,"LeadPursuit",0.437481
238,B0100,L7_rush_level_max,DBFM,13028.766264,94.570727,140.001914,117.786172,96.162005,12597.411976,267.157085,15757.109067,-69.565988,-3264.749344,328.005752,7.414456,False,False,False,False,False,True,False,2-circle,1.000000,1624.161007,100.000000,100.000000,0.000000,0.000000,-45.911949,65.295386,-4.464601,3,8,0,0.0000,0.0000,0.0000,0.5000,"Pursue",-0.583756
239,A0100,adaptive_eagle_v9,DBFM,12914.442132,93.644171,141.554945,116.853542,95.199357,12575.965266,267.296326,15738.956849,-90.761090,-3282.308242,341.404340,8.098599,False,False,False,False,False,True,False,2-circle,1.000000,1622.005864,100.000000,100.000000,0.000000,0.000000,-45.089670,67.163937,-4.145427,0,7,4,0.0000,0.0000,0.0000,0.5000,"LeadPursuit",0.427817
239,B0100,L7_rush_level_max,DBFM,12914.442132,93.644171,141.554945,116.853542,95.199357,12575.965266,267.296326,15738.956849,-90.761090,-3282.308242,341.404340,8.098599,False,False,False,False,False,True,False,2-circle,1.000000,1622.005864,100.000000,100.000000,0.000000,0.000000,-45.089670,67.163937,-4.145427,3,8,0,0.0000,0.0000,0.0000,0.5000,"Pursue",-0.542777
240,A0100,adaptive_eagle_v9,DBFM,12795.636514,92.718912,142.889481,116.061210,94.244452,12554.722770,267.462170,15721.640531,-86.581591,-3315.931211,353.794932,8.771776,False,False,False,False,False,True,False,2-circle,1.000000,1618.611910,100.000000,100.000000,0.000000,0.000000,-44.614348,68.760305,-3.952803,0,7,4,0.0000,0.0000,0.0000,0.5000,"LeadPursuit",0.481201
240,B0100,L7_rush_level_max,DBFM,12795.636514,92.718912,142.889481,116.061210,94.244452,12554.722770,267.462170,15721.640531,-86.581591,-3315.931211,353.794932,8.771776,False,False,False,False,False,True,False,2-circle,1.000000,1618.611910,100.000000,100.000000,0.000000,0.000000,-44.614348,68.760305,-3.952803,3,8,0,0.0000,0.0000,0.0000,0.5000,"Pursue",-0.587601
241,A0100,adaptive_eagle_v9,DBFM,12672.494731,91.820634,144.189194,115.118702,93.324008,12533.590714,267.687156,15705.838674,-79.009287,-3345.460191,365.626480,9.265112,False,False,False,False,False,True,False,2-circle,1.000000,1613.815759,100.000000,100.000000,0.000000,0.000000,-44.767330,69.807049,-3.880935,0,7,4,0.0000,0.0000,0.0000,0.5000,"LeadPursuit",0.517716
241,B0100,L7_rush_level_max,DBFM,12672.494731,91.820634,144.189194,115.118702,93.324008,12533.590714,267.687156,15705.838674,-79.009287,-3345.460191,365.626480,9.265112,False,False,False,False,False,True,False,2-circle,1.000000,1613.815759,100.000000,100.000000,0.000000,0.000000,-44.767330,69.807049,-3.880935,3,8,0,0.0000,0.0000,0.0000,0.5000,"Pursue",-0.604926
242,A0100,adaptive_eagle_v9,DBFM,12545.220288,90.931826,145.363368,114.114285,92.417099,12512.491995,267.944819,15690.849806,-74.944339,-3377.996078,376.707350,9.595023,False,False,False,False,False,True,False,2-circle,1.000000,1607.303061,100.000000,100.000000,0.000000,0.000000,-45.395646,70.459233,-3.891950,0,7,4,0.0000,0.0000,0.0000,0.5000,"LeadPursuit",0.691999
242,B0100,L7_rush_level_max,DBFM,12545.220288,90.931826,145.363368,114.114285,92.417099,12512.491995,267.944819,15690.849806,-74.944339,-3377.996078,376.707350,9.595023,False,False,False,False,False,True,False,2-circle,1.000000,1607.303061,100.000000,100.000000,0.000000,0.000000,-45.395646,70.459233,-3.891950,3,8,0,0.0000,0.0000,0.0000,0.5000,"Pursue",-0.777138
243,A0100,adaptive_eagle_v9,DBFM,12413.916989,90.033172,146.729454,112.697393,91.501520,12491.380072,268.209985,15676.031785,-74.090104,-3385.233411,388.012474,9.829838,False,False,False,False,False,True,False,2-circle,1.000000,1598.705885,100.000000,100.000000,0.000000,0.000000,-46.311717,70.903418,-3.952287,0,7,4,0.0000,0.0000,0.0000,0.5000,"LeadPursuit",0.886080
243,B0100,L7_rush_level_max,DBFM,12413.916989,90.033172,146.729454,112.697393,91.501520,12491.380072,268.209985,15676.031785,-74.090104,-3385.233411,388.012474,9.829838,False,False,False,False,False,True,False,2-circle,1.000000,1598.705885,100.000000,100.000000,0.000000,0.000000,-46.311717,70.903418,-3.952287,3,8,0,0.0000,0.0000,0.0000,0.5000,"Pursue",-0.942249
244,A0100,adaptive_eagle_v9,DBFM,12278.347054,89.109207,148.349057,111.102754,90.560522,12470.227957,268.470682,15661.073553,-74.791159,-3378.272610,399.993247,10.024606,False,False,True,False,False,True,False,2-circle,1.000000,1588.181821,100.000000,100.000000,0.000000,0.000000,-47.394252,71.259402,-4.040815,0,7,4,0.0000,0.0000,0.0000,0.5000,"LeadPursuit",0.820103
244,B0100,L7_rush_level_max,DBFM,12278.347054,89.109207,148.349057,111.102754,90.560522,12470.227957,268.470682,15661.073553,-74.791159,-3378.272610,399.993247,10.024606,False,False,True,False,False,True,False,2-circle,1.000000,1588.181821,100.000000,100.000000,0.000000,0.000000,-47.394252,71.259402,-4.040815,3,8,0,0.0000,0.0000,0.0000,0.5000,"Pursue",-0.814727
245,A0100,adaptive_eagle_v9,DBFM,12138.591706,88.157906,149.677923,110.039967,89.592398,12449.017313,268.724373,15645.896130,-75.887119,-3410.151487,411.413303,10.209694,False,False,True,False,False,True,False,2-circle,1.000000,1576.580623,100.000000,100.000000,0.000000,0.000000,-48.604127,71.586498,-4.146547,0,6,4,0.0000,0.0000,0.0000,0.5000,"LeadPursuit",0.825756
245,B0100,L7_rush_level_max,DBFM,12138.591706,88.157906,149.677923,110.039967,89.592398,12449.017313,268.724373,15645.896130,-75.887119,-3410.151487,411.413303,10.209694,False,False,True,False,False,True,False,2-circle,1.000000,1576.580623,100.000000,100.000000,0.000000,0.000000,-48.604127,71.586498,-4.146547,3,8,0,0.0000,0.0000,0.0000,0.5000,"Pursue",-0.775476
246,A0100,adaptive_eagle_v9,DBFM,11994.978006,87.184808,150.771560,109.142050,88.602860,12427.732213,268.972795,15630.524473,-76.858281,-3458.204551,422.147556,10.398206,False,False,True,False,False,True,False,2-circle,1.000000,1564.091999,100.000000,100.000000,0.000000,0.000000,-49.938014,71.908336,-4.264545,0,6,4,0.0000,0.0000,0.0000,0.5000,"LeadPursuit",0.751420
246,B0100,L7_rush_level_max,DBFM,11994.978006,87.184808,150.771560,109.142050,88.602860,12427.732213,268.972795,15630.524473,-76.858281,-3458.204551,422.147556,10.398206,False,False,True,False,False,True,False,2-circle,1.000000,1564.091999,100.000000,100.000000,0.000000,0.000000,-49.938014,71.908336,-4.264545,3,8,0,0.0000,0.0000,0.0000,0.5000,"Pursue",-0.838455
247,A0100,adaptive_eagle_v9,DBFM,11847.629610,86.190252,151.747682,108.150122,87.591996,12406.356523,269.218808,15615.010268,-77.571027,-3503.559708,432.336821,10.594373,False,False,True,False,False,True,False,2-circle,1.000000,1550.487424,100.000000,100.000000,0.000000,0.000000,-51.392481,72.231689,-4.392881,0,6,4,0.0000,0.0000,0.0000,0.5000,"LeadPursuit",0.793374
247,B0100,L7_rush_level_max,DBFM,11847.629610,86.190252,151.747682,108.150122,87.591996,12406.356523,269.218808,15615.010268,-77.571027,-3503.559708,432.336821,10.594373,False,False,True,False,False,True,False,2-circle,1.000000,1550.487424,100.000000,100.000000,0.000000,0.000000,-51.392481,72.231689,-4.392881,3,8,0,0.0000,0.0000,0.0000,0.5000,"Pursue",-0.853967
248,A0100,adaptive_eagle_v9,DBFM,11696.729076,85.174908,152.513447,107.123802,86.560096,12384.873181,269.465048,15599.399160,-78.055543,-3552.266965,441.786730,10.798762,False,False,True,False,False,True,False,2-circle,1.000000,1535.400110,100.000000,100.000000,0.000000,0.000000,-52.967482,72.556849,-4.530921,0,6,4,0.0000,0.0000,0.0000,0.5000,"LeadPursuit",0.813772
248,B0100,L7_rush_level_max,DBFM,11696.729076,85.174908,152.513447,107.123802,86.560096,12384.873181,269.465048,15599.399160,-78.055543,-3552.266965,441.786730,10.798762,False,False,True,False,False,True,False,2-circle,1.000000,1535.400110,100.000000,100.000000,0.000000,0.000000,-52.967482,72.556849,-4.530921,3,8,0,0.0000,0.0000,0.0000,0.5000,"Pursue",-0.832512
249,A0100,adaptive_eagle_v9,DBFM,11542.491343,84.139419,153.029742,106.072280,85.507359,12363.264264,269.713565,15583.722243,-78.384582,-3605.654111,450.423938,11.010801,False,False,True,False,False,True,False,2-circle,1.000000,1518.440603,100.000000,100.000000,0.000000,0.000000,-54.663397,72.882321,-4.678507,0,6,4,0.0000,0.0000,0.0000,0.5000,"LeadPursuit",0.959038
249,B0100,L7_rush_level_max,DBFM,11542.491343,84.139419,153.029742,106.072280,85.507359,12363.264264,269.713565,15583.722243,-78.384582,-3605.654111,450.423938,11.010801,False,False,True,False,False,True,False,2-circle,1.000000,1518.440603,100.000000,100.000000,0.000000,0.000000,-54.663397,72.882321,-4.678507,3,8,0,0.0000,0.0000,0.0000,0.5000,"Pursue",-0.966100
250,A0100,adaptive_eagle_v9,DBFM,11384.898512,82.693727,153.470021,105.043459,84.017300,12341.593308,269.493557,15556.799513,-134.613652,-3649.669257,460.382404,9.174305,False,False,True,False,False,True,False,2-circle,1.000000,1499.113512,100.000000,100.000000,0.000000,0.000000,-59.984228,69.693393,-4.709183,0,5,4,0.0000,0.0000,0.0000,0.5000,"LeadPursuit",1.263911
250,B0100,L7_rush_level_max,DBFM,11384.898512,82.693727,153.470021,105.043459,84.017300,12341.593308,269.493557,15556.799513,-134.613652,-3649.669257,460.382404,9.174305,False,False,True,False,False,True,False,2-circle,1.000000,1499.113512,100.000000,100.000000,0.000000,0.000000,-59.984228,69.693393,-4.709183,3,8,0,0.0000,0.0000,0.0000,0.5000,"Pursue",-1.145477
251,A0100,adaptive_eagle_v9,DBFM,11223.433116,81.347253,154.016060,103.754435,82.614371,12320.292786,269.331518,15531.633715,-125.828988,-3677.970381,469.759130,7.385739,False,False,True,False,False,True,False,2-circle,1.000000,1477.081301,100.000000,100.000000,0.000000,0.000000,-66.595203,65.294303,-4.586833,0,5,4,0.0000,0.0000,0.0000,0.5000,"LeadPursuit",1.127417
251,B0100,L7_rush_level_max,DBFM,11223.433116,81.347253,154.016060,103.754435,82.614371,12320.292786,269.331518,15531.633715,-125.828988,-3677.970381,469.759130,7.385739,False,False,True,False,False,True,False,2-circle,1.000000,1477.081301,100.000000,100.000000,0.000000,0.000000,-66.595203,65.294303,-4.586833,3,8,0,0.0000,0.0000,0.0000,0.5000,"Pursue",-0.949811
252,A0100,adaptive_eagle_v9,DBFM,11059.000108,80.364894,154.438107,102.561295,81.597721,12299.174237,269.628953,15517.611961,-70.108774,-3730.916693,477.530788,7.581932,False,False,True,False,False,True,False,2-circle,1.000000,1453.389254,100.000000,100.000000,0.000000,0.000000,-68.325634,65.876207,-4.271167,0,5,4,0.0000,0.0000,0.0000,0.5000,"LeadPursuit",0.745570
252,B0100,L7_rush_level_max,DBFM,11059.000108,80.364894,154.438107,102.561295,81.597721,12299.174237,269.628953,15517.611961,-70.108774,-3730.916693,477.530788,7.581932,False,False,True,False,False,True,False,2-circle,1.000000,1453.389254,100.000000,100.000000,0.000000,0.000000,-68.325634,65.876207,-4.271167,3,8,0,0.0000,0.0000,0.0000,0.5000,"Pursue",-0.661747
253,A0100,adaptive_eagle_v9,DBFM,10891.631522,79.211490,154.598219,101.694252,80.400880,12278.258054,269.738392,15499.308949,-91.515060,-3807.100253,485.598086,8.309798,False,False,True,False,False,True,False,2-circle,1.000000,1428.230684,100.000000,100.000000,0.000000,0.000000,-68.858958,67.777090,-3.962132,0,4,4,0.0000,0.0000,0.0000,0.5000,"LeadPursuit",0.514510
253,B0100,L7_rush_level_max,DBFM,10891.631522,79.211490,154.598219,101.694252,80.400880,12278.258054,269.738392,15499.308949,-91.515060,-3807.100253,485.598086,8.309798,False,False,True,False,False,True,False,2-circle,1.000000,1428.230684,100.000000,100.000000,0.000000,0.000000,-68.858958,67.777090,-3.962132,3,8,0,0.0000,0.0000,0.0000,0.5000,"Pursue",-0.482212
254,A0100,adaptive_eagle_v9,DBFM,10721.514229,78.049067,154.591026,100.379930,79.199179,12257.534801,269.878476,15481.932162,-86.883934,-3853.752640,492.453755,9.023162,False,False,True,False,False,True,False,2-circle,1.000000,1401.386730,100.000000,100.000000,0.000000,0.000000,-69.786466,69.384573,-3.783259,0,4,4,0.0000,0.0000,0.0000,0.5000,"LeadPursuit",0.552561
254,B0100,L7_rush_level_max,DBFM,10721.514229,78.049067,154.591026,100.379930,79.199179,12257.534801,269.878476,15481.932162,-86.883934,-3853.752640,492.453755,9.023162,False,False,True,False,False,True,False,2-circle,1.000000,1401.386730,100.000000,100.000000,0.000000,0.000000,-69.786466,69.384573,-3.783259,3,8,0,0.0000,0.0000,0.0000,0.5000,"Pursue",-0.498051
255,A0100,adaptive_eagle_v9,DBFM,10549.047692,76.892026,154.855120,98.520140,78.007777,12236.907679,270.079085,15466.100398,-79.158817,-3846.768926,499.083342,9.551831,False,False,True,False,False,True,False,2-circle,1.000000,1373.527731,100.000000,100.000000,0.000000,0.000000,-71.320710,70.444365,-3.726513,0,4,4,0.0000,0.0000,0.0000,0.5000,"LeadPursuit",0.634961
255,B0100,L7_rush_level_max,DBFM,10549.047692,76.892026,154.855120,98.520140,78.007777,12236.907679,270.079085,15466.100398,-79.158817,-3846.768926,499.083342,9.551831,False,False,True,False,False,True,False,2-circle,1.000000,1373.527731,100.000000,100.000000,0.000000,0.000000,-71.320710,70.444365,-3.726513,3,8,0,0.0000,0.0000,0.0000,0.5000,"Pursue",-0.546786
256,A0100,adaptive_eagle_v9,DBFM,10374.221899,75.715325,155.609182,97.326927,76.800964,12216.298354,270.312550,15451.076335,-75.120320,-3843.595401,507.598954,9.914379,False,False,True,False,False,True,False,2-circle,1.000000,1346.783785,100.000000,100.000000,0.000000,0.000000,-73.300772,71.117406,-3.753129,0,4,4,0.0000,0.0000,0.0000,0.5000,"LeadPursuit",0.391763
256,B0100,L7_rush_level_max,DBFM,10374.221899,75.715325,155.609182,97.326927,76.800964,12216.298354,270.312550,15451.076335,-75.120320,-3843.595401,507.598954,9.914379,False,False,True,False,False,True,False,2-circle,1.000000,1346.783785,100.000000,100.000000,0.000000,0.000000,-73.300772,71.117406,-3.753129,3,8,0,0.0000,0.0000,0.0000,0.5000,"Pursue",-0.373077
257,A0100,adaptive_eagle_v9,DBFM,10196.500134,74.516442,156.201028,97.743959,75.575904,12195.658906,270.553909,15436.216062,-74.301361,-3923.507605,517.476232,10.180331,False,False,True,False,False,True,False,2-circle,1.000000,1322.369188,100.000000,100.000000,0.000000,0.000000,-75.632069,71.586764,-3.829580,0,4,4,0.0000,0.0000,0.0000,0.5000,"LeadPursuit",-0.339587
257,B0100,L7_rush_level_max,DBFM,10196.500134,74.516442,156.201028,97.743959,75.575904,12195.658906,270.553909,15436.216062,-74.301361,-3923.507605,517.476232,10.180331,False,False,True,False,False,True,False,2-circle,1.000000,1322.369188,100.000000,100.000000,0.000000,0.000000,-75.632069,71.586764,-3.829580,3,8,0,0.0000,0.0000,0.0000,0.5000,"Pursue",0.129086
258,A0100,adaptive_eagle_v9,DBFM,10015.642356,73.310292,156.115507,99.030914,74.345507,12174.960412,270.791661,15421.215411,-75.003256,-4054.658664,526.215268,10.405246,False,False,True,False,False,True,False,2-circle,1.000000,1298.484979,100.000000,100.000000,0.000000,0.000000,-78.277966,71.968077,-3.934969,0,4,4,0.0000,0.0000,0.0000,0.5000,"LeadPursuit",-1.136867
258,B0100,L7_rush_level_max,DBFM,10015.642356,73.310292,156.115507,99.030914,74.345507,12174.960412,270.791661,15421.215411,-75.003256,-4054.658664,526.215268,10.405246,False,False,True,False,False,True,False,2-circle,1.000000,1298.484979,100.000000,100.000000,0.000000,0.000000,-78.277966,71.968077,-3.934969,3,8,0,0.0000,0.0000,0.0000,0.5000,"Pursue",0.678949
259,A0100,adaptive_eagle_v9,DBFM,9832.036939,72.106941,155.446184,100.533758,73.117940,12154.182291,271.023546,15405.999354,-76.080288,-4172.952184,532.578306,10.620013,False,False,True,False,False,True,False,2-circle,1.000000,1273.268683,100.000000,100.000000,0.000000,0.000000,-81.216691,72.318596,-4.058438,0,4,3,0.0000,0.0000,0.0000,0.5000,"LeadPursuit",-2.277088
259,B0100,L7_rush_level_max,DBFM,9832.036939,72.106941,155.446184,100.533758,73.117940,12154.182291,271.023546,15405.999354,-76.080288,-4172.952184,532.578306,10.620013,False,False,True,False,False,True,False,2-circle,1.000000,1273.268683,100.000000,100.000000,0.000000,0.000000,-81.216691,72.318596,-4.058438,3,8,0,0.0000,0.0000,0.0000,0.5000,"Pursue",1.496848
260,A0100,adaptive_eagle_v9,DBFM,9646.324467,70.913880,153.916345,101.932750,71.898805,12133.306351,271.251393,15390.593252,-77.030508,-4313.385703,536.041047,10.838344,False,False,True,False,False,True,False,2-circle,1.000000,1244.889496,100.000000,100.000000,0.000000,0.000000,-84.443171,72.661595,-4.195054,0,4,3,0.0000,0.0000,0.0000,0.5000,"LeadPursuit",-2.448951
260,B0100,L7_rush_level_max,DBFM,9646.324467,70.913880,153.916345,101.932750,71.898805,12133.306351,271.251393,15390.593252,-77.030508,-4313.385703,536.041047,10.838344,False,False,True,False,False,True,False,2-circle,1.000000,1244.889496,100.000000,100.000000,0.000000,0.000000,-84.443171,72.661595,-4.195054,3,8,0,0.0000,0.0000,0.0000,0.5000,"Pursue",1.689358
261,A0100,adaptive_eagle_v9,DBFM,9459.209643,69.737695,152.047861,103.284627,70.692460,12112.314305,271.478080,15375.047772,-77.727401,-4450.063840,537.474252,11.065013,False,False,True,False,False,True,False,2-circle,1.000000,1211.305176,100.000000,100.000000,0.000000,0.000000,-87.968610,73.004228,-4.342838,0,4,3,0.0000,0.0000,0.0000,0.5000,"LeadPursuit",-1.969865
261,B0100,L7_rush_level_max,DBFM,9459.209643,69.737695,152.047861,103.284627,70.692460,12112.314305,271.478080,15375.047772,-77.727401,-4450.063840,537.474252,11.065013,False,False,True,False,False,True,False,2-circle,1.000000,1211.305176,100.000000,100.000000,0.000000,0.000000,-87.968610,73.004228,-4.342838,3,8,0,0.0000,0.0000,0.0000,0.5000,"Pursue",1.408898
262,A0100,adaptive_eagle_v9,DBFM,9271.191142,68.582924,150.401867,104.670848,69.503047,12091.187079,271.706260,15359.407551,-78.201107,-4542.348485,538.140226,11.300973,False,False,True,False,False,True,False,2-circle,1.000000,1172.574876,100.000000,100.000000,0.000000,0.000000,-91.860583,73.347271,-4.501103,0,4,3,0.0000,0.0000,0.0000,0.5000,"LeadPursuit",-1.896488
262,B0100,L7_rush_level_max,DBFM,9271.191142,68.582924,150.401867,104.670848,69.503047,12091.187079,271.706260,15359.407551,-78.201107,-4542.348485,538.140226,11.300973,False,False,True,False,False,True,False,2-circle,1.000000,1172.574876,100.000000,100.000000,0.000000,0.000000,-91.860583,73.347271,-4.501103,3,8,0,0.0000,0.0000,0.0000,0.5000,"Pursue",1.379904
263,A0100,adaptive_eagle_v9,DBFM,9082.491854,67.046879,148.712512,106.260757,67.912020,12069.986190,271.457712,15332.230095,-135.887279,-4617.762590,539.210586,9.365093,False,False,True,False,False,True,False,2-circle,1.000000,1129.377255,100.000000,100.000000,0.000000,0.000000,-99.735009,70.131023,-4.540829,0,4,3,0.0000,0.0000,0.0000,0.5000,"LeadPursuit",-1.934047
263,B0100,L7_rush_level_max,DBFM,9082.491854,67.046879,148.712512,106.260757,67.912020,12069.986190,271.457712,15332.230095,-135.887279,-4617.762590,539.210586,9.365093,False,False,True,False,False,True,False,2-circle,1.000000,1129.377255,100.000000,100.000000,0.000000,0.000000,-99.735009,70.131023,-4.540829,3,8,0,0.0000,0.0000,0.0000,0.5000,"Pursue",1.511089
264,A0100,adaptive_eagle_v9,DBFM,8893.075832,65.651414,146.633302,107.352141,66.453196,12049.144954,271.269193,15306.859354,-126.853704,-4718.799576,537.735671,7.511498,False,False,True,False,False,True,False,2-circle,1.000000,1080.704107,100.000000,100.000000,0.000000,0.000000,-109.227438,65.724367,-4.425142,0,4,3,0.0000,0.0000,0.0000,0.5000,"LeadPursuit",-1.589006
264,B0100,L7_rush_level_max,DBFM,8893.075832,65.651414,146.633302,107.352141,66.453196,12049.144954,271.269193,15306.859354,-126.853704,-4718.799576,537.735671,7.511498,False,False,True,False,False,True,False,2-circle,1.000000,1080.704107,100.000000,100.000000,0.000000,0.000000,-109.227438,65.724367,-4.425142,3,8,0,0.0000,0.0000,0.0000,0.5000,"Pursue",1.351352
265,A0100,adaptive_eagle_v9,DBFM,8704.323400,64.679593,144.627723,108.041337,65.426317,12028.479820,271.545053,15292.823301,-70.180264,-4816.213309,534.140768,7.731835,False,False,True,False,False,True,False,2-circle,1.000000,1025.671273,100.000000,100.000000,0.000000,0.000000,-114.184490,66.353766,-4.115024,0,4,3,0.0000,0.0000,0.0000,0.5000,"LeadPursuit",-1.094056
265,B0100,L7_rush_level_max,DBFM,8704.323400,64.679593,144.627723,108.041337,65.426317,12028.479820,271.545053,15292.823301,-70.180264,-4816.213309,534.140768,7.731835,False,False,True,False,False,True,False,2-circle,1.000000,1025.671273,100.000000,100.000000,0.000000,0.000000,-114.184490,66.353766,-4.115024,3,8,0,0.0000,0.0000,0.0000,0.5000,"Pursue",0.915060
266,A0100,adaptive_eagle_v9,DBFM,8515.923885,63.578539,143.435744,109.088138,64.260951,12008.010243,271.633029,15274.469244,-91.770286,-4890.541388,534.061431,8.497108,False,False,True,False,False,True,False,2-circle,1.000000,966.013267,100.000000,100.000000,0.000000,0.000000,-118.430466,68.277146,-3.815158,1,4,3,0.0000,0.0000,0.0000,0.5000,"LeadPursuit",-0.851213
266,B0100,L7_rush_level_max,DBFM,8515.923885,63.578539,143.435744,109.088138,64.260951,12008.010243,271.633029,15274.469244,-91.770286,-4890.541388,534.061431,8.497108,False,False,True,False,False,True,False,2-circle,1.000000,966.013267,100.000000,100.000000,0.000000,0.000000,-118.430466,68.277146,-3.815158,3,8,0,0.0000,0.0000,0.0000,0.5000,"Pursue",0.705669
267,A0100,adaptive_eagle_v9,DBFM,8327.019075,62.520209,142.672799,110.116089,63.136843,11987.721959,271.754777,15257.109709,-86.797677,-5054.073338,537.379865,9.245419,False,False,True,False,False,True,False,2-circle,1.000000,903.041686,100.000000,100.000000,0.000000,0.000000,-123.564280,69.891688,-3.648159,1,4,3,0.0000,0.0000,0.0000,0.5000,"LeadPursuit",-0.503704
267,B0100,L7_rush_level_max,DBFM,8327.019075,62.520209,142.672799,110.116089,63.136843,11987.721959,271.754777,15257.109709,-86.797677,-5054.073338,537.379865,9.245419,False,False,True,False,False,True,False,2-circle,1.000000,903.041686,100.000000,100.000000,0.000000,0.000000,-123.564280,69.891688,-3.648159,3,8,0,0.0000,0.0000,0.0000,0.5000,"Pursue",0.361095
268,A0100,adaptive_eagle_v9,DBFM,8136.361292,61.530081,142.713542,111.490594,62.079486,11967.516059,271.938078,15241.315768,-78.969703,-5299.586353,545.933262,9.805162,False,False,True,False,False,True,False,2-circle,1.000000,837.796427,100.000000,100.000000,0.000000,0.000000,-129.762975,70.961094,-3.604262,1,4,3,0.0000,0.0000,0.0000,0.5000,"LeadPursuit",0.070439
268,B0100,L7_rush_level_max,DBFM,8136.361292,61.530081,142.713542,111.490594,62.079486,11967.516059,271.938078,15241.315768,-78.969703,-5299.586353,545.933262,9.805162,False,False,True,False,False,True,False,2-circle,1.000000,837.796427,100.000000,100.000000,0.000000,0.000000,-129.762975,70.961094,-3.604262,3,8,0,0.0000,0.0000,0.0000,0.5000,"Pursue",-0.246709
269,A0100,adaptive_eagle_v9,DBFM,7942.251292,60.589220,144.169920,113.424301,61.070902,11947.313368,272.154402,15226.323695,-74.960363,-5504.103983,560.781162,10.196477,False,False,True,False,False,True,False,2-circle,1.000000,773.140019,100.000000,100.000000,0.000000,0.000000,-136.659485,71.650131,-3.644070,1,4,3,0.0000,0.0000,0.0000,0.5000,"LeadPursuit",0.449990
269,B0100,L7_rush_level_max,DBFM,7942.251292,60.589220,144.169920,113.424301,61.070902,11947.313368,272.154402,15226.323695,-74.960363,-5504.103983,560.781162,10.196477,False,False,True,False,False,True,False,2-circle,1.000000,773.140019,100.000000,100.000000,0.000000,0.000000,-136.659485,71.650131,-3.644070,3,8,0,0.0000,0.0000,0.0000,0.5000,"Pursue",-0.622648
270,A0100,adaptive_eagle_v9,DBFM,7743.377068,59.678257,146.420713,115.894722,60.094670,11927.064912,272.378996,15211.489442,-74.171265,-5642.161789,577.971329,10.489826,False,False,True,False,False,True,False,2-circle,1.000000,712.775205,100.000000,100.000000,0.000000,0.000000,-143.680224,72.138752,-3.734116,1,5,3,0.0000,0.0000,0.0000,0.5000,"LeadPursuit",0.399956
270,B0100,L7_rush_level_max,DBFM,7743.377068,59.678257,146.420713,115.894722,60.094670,11927.064912,272.378996,15211.489442,-74.171265,-5642.161789,577.971329,10.489826,False,False,True,False,False,True,False,2-circle,1.000000,712.775205,100.000000,100.000000,0.000000,0.000000,-143.680224,72.138752,-3.734116,3,8,1,0.0000,0.0000,0.0000,0.5000,"Pursue",-0.537528
271,A0100,adaptive_eagle_v9,DBFM,7539.814311,58.794434,148.405896,118.474071,59.149059,11906.740251,272.600731,15196.514446,-74.874984,-5782.275439,593.358877,10.741269,False,False,True,False,False,True,False,2-circle,1.000000,657.791344,100.000000,100.000000,0.000000,0.000000,-150.366009,72.539318,-3.853695,1,5,3,0.0000,0.0000,0.0000,0.5000,"LeadPursuit",0.274863
271,B0100,L7_rush_level_max,DBFM,7539.814311,58.794434,148.405896,118.474071,59.149059,11906.740251,272.600731,15196.514446,-74.874984,-5782.275439,593.358877,10.741269,False,False,True,False,False,True,False,2-circle,1.000000,657.791344,100.000000,100.000000,0.000000,0.000000,-150.366009,72.539318,-3.853695,3,7,1,0.0000,0.0000,0.0000,0.5000,"Pursue",-0.390700
272,A0100,adaptive_eagle_v9,DBFM,7332.081806,57.939236,150.002692,120.760773,58.234758,11886.317054,272.817553,15181.326593,-75.939262,-5948.436096,607.029549,10.982231,False,False,True,False,False,True,False,2-circle,1.000000,607.490185,100.000000,100.000000,0.000000,0.000000,-156.426186,72.907540,-3.992038,1,5,3,0.0000,0.0000,0.0000,0.5000,"LeadPursuit",0.312723
272,B0100,L7_rush_level_max,DBFM,7332.081806,57.939236,150.002692,120.760773,58.234758,11886.317054,272.817553,15181.326593,-75.939262,-5948.436096,607.029549,10.982231,False,False,True,False,False,True,False,2-circle,1.000000,607.490185,100.000000,100.000000,0.000000,0.000000,-156.426186,72.907540,-3.992038,3,7,1,0.0000,0.0000,0.0000,0.5000,"Pursue",-0.461193
273,A0100,adaptive_eagle_v9,DBFM,7120.329506,56.692382,151.710363,123.118750,56.927316,11865.859822,272.545302,15154.296321,-135.151362,-6088.094616,621.635032,9.132053,False,False,True,False,False,True,False,2-circle,1.000000,561.326578,100.000000,100.000000,0.000000,0.000000,-165.275229,69.681972,-4.014539,1,5,3,0.0000,0.0000,0.0000,0.5000,"LeadPursuit",0.534427
273,B0100,L7_rush_level_max,DBFM,7120.329506,56.692382,151.710363,123.118750,56.927316,11865.859822,272.545302,15154.296321,-135.151362,-6088.094616,621.635032,9.132053,False,False,True,False,False,True,False,2-circle,1.000000,561.326578,100.000000,100.000000,0.000000,0.000000,-165.275229,69.681972,-4.014539,3,7,1,0.0000,0.0000,0.0000,0.5000,"Pursue",-0.624621
274,A0100,adaptive_eagle_v9,DBFM,6904.025372,55.570687,153.531830,124.929601,55.756616,11845.812447,272.328409,15129.017107,-126.396072,-6230.188585,635.870150,7.351135,False,False,True,False,False,True,False,2-circle,1.000000,519.413931,100.000000,100.000000,0.000000,0.000000,-174.424435,65.275506,-3.882113,1,5,3,0.0000,0.0000,0.0000,0.5000,"LeadPursuit",0.909017
274,B0100,L7_rush_level_max,DBFM,6904.025372,55.570687,153.531830,124.929601,55.756616,11845.812447,272.328409,15129.017107,-126.396072,-6230.188585,635.870150,7.351135,False,False,True,False,False,True,False,2-circle,1.000000,519.413931,100.000000,100.000000,0.000000,0.000000,-174.424435,65.275506,-3.882113,3,7,1,0.0000,0.0000,0.0000,0.5000,"Pursue",-0.866589
275,A0100,adaptive_eagle_v9,DBFM,6683.946763,54.865686,155.446052,125.631567,55.011005,11825.982048,272.575952,15115.158208,-69.294495,-6325.010578,647.794576,7.576746,False,False,True,False,False,True,False,2-circle,1.000000,481.506091,100.000000,100.000000,0.000000,0.000000,-177.689502,65.939789,-3.554072,1,4,3,0.0000,0.0000,0.0000,0.5000,"LeadPursuit",1.439545
275,B0100,L7_rush_level_max,DBFM,6683.946763,54.865686,155.446052,125.631567,55.011005,11825.982048,272.575952,15115.158208,-69.294495,-6325.010578,647.794576,7.576746,False,False,True,False,False,True,False,2-circle,1.000000,481.506091,100.000000,100.000000,0.000000,0.000000,-177.689502,65.939789,-3.554072,2,7,1,0.0000,0.0000,0.0000,0.5000,"Pursue",-1.262399
276,A0100,adaptive_eagle_v9,DBFM,6460.273647,53.990184,157.675770,125.790729,54.099073,11806.387976,272.632331,15096.924932,-91.166380,-6356.241871,659.584696,8.326997,False,False,True,False,False,True,False,2-circle,1.000000,447.748779,100.000000,100.000000,0.000000,0.000000,-178.916496,67.888321,-3.238859,1,4,3,0.0000,0.0000,0.0000,0.5000,"LeadPursuit",2.307523
276,B0100,L7_rush_level_max,DBFM,6460.273647,53.990184,157.675770,125.790729,54.099073,11806.387976,272.632331,15096.924932,-91.166380,-6356.241871,659.584696,8.326997,False,False,True,False,False,True,False,2-circle,1.000000,447.748779,100.000000,100.000000,0.000000,0.000000,-178.916496,67.888321,-3.238859,2,7,1,0.0000,0.0000,0.0000,0.5000,"Pursue",-1.830683
277,A0100,adaptive_eagle_v9,DBFM,6233.197872,53.104718,160.261993,125.653601,53.181874,11787.014518,272.721850,15079.712732,-86.060999,-6326.330270,670.607530,9.059472,False,False,True,False,False,True,False,2-circle,1.000000,418.971216,100.000000,100.000000,0.000000,0.000000,-179.758971,69.522754,-3.058110,1,4,3,0.0000,0.0000,0.0000,0.5000,"LeadPursuit",3.136832
277,B0100,L7_rush_level_max,DBFM,6233.197872,53.104718,160.261993,125.653601,53.181874,11787.014518,272.721850,15079.712732,-86.060999,-6326.330270,670.607530,9.059472,False,False,True,False,False,True,False,2-circle,1.000000,418.971216,100.000000,100.000000,0.000000,0.000000,-179.758971,69.522754,-3.058110,2,7,1,0.0000,0.0000,0.0000,0.5000,"Pursue",-2.285382
278,A0100,adaptive_eagle_v9,DBFM,6003.045918,52.229730,162.866697,126.005063,52.282045,11767.760161,272.871767,15064.079394,-78.166689,-6284.742638,680.540659,9.612535,False,False,True,False,False,True,False,2-circle,1.000000,396.378141,100.000000,100.000000,0.000000,0.000000,179.484097,70.615234,-3.000995,1,4,3,0.0000,0.0000,0.0000,0.5000,"LeadPursuit",2.831553
278,B0100,L7_rush_level_max,DBFM,6003.045918,52.229730,162.866697,126.005063,52.282045,11767.760161,272.871767,15064.079394,-78.166689,-6284.742638,680.540659,9.612535,False,False,True,False,False,True,False,2-circle,1.000000,396.378141,100.000000,100.000000,0.000000,0.000000,179.484097,70.615234,-3.000995,2,7,1,0.0000,0.0000,0.0000,0.5000,"Pursue",-1.964178
279,A0100,adaptive_eagle_v9,DBFM,5770.182485,51.366866,164.731978,127.197392,51.402797,11748.543713,273.053424,15049.253288,-74.130531,-6308.686306,689.261493,10.006767,False,False,True,False,False,True,False,2-circle,1.000000,379.995331,100.000000,100.000000,0.000000,0.000000,178.849625,71.331426,-3.028155,1,4,3,0.0000,0.0000,0.0000,0.5000,"LeadPursuit",1.404143
279,B0100,L7_rush_level_max,DBFM,5770.182485,51.366866,164.731978,127.197392,51.402797,11748.543713,273.053424,15049.253288,-74.130531,-6308.686306,689.261493,10.006767,False,False,True,False,False,True,False,2-circle,1.000000,379.995331,100.000000,100.000000,0.000000,0.000000,178.849625,71.331426,-3.028155,2,7,1,0.0000,0.0000,0.0000,0.5000,"Pursue",-0.973867
280,A0100,adaptive_eagle_v9,DBFM,5534.910569,50.530195,165.639547,128.782210,50.556488,11729.314460,273.242359,15034.593356,-73.299658,-6369.967598,696.191808,10.309017,False,False,True,False,False,True,False,2-circle,1.000000,367.742041,100.000000,100.000000,0.000000,0.000000,178.331514,71.849060,-3.106472,1,4,3,0.0000,0.0000,0.0000,0.5000,"LeadPursuit",-0.763786
280,B0100,L7_rush_level_max,DBFM,5534.910569,50.530195,165.639547,128.782210,50.556488,11729.314460,273.242359,15034.593356,-73.299658,-6369.967598,696.191808,10.309017,False,False,True,False,False,True,False,2-circle,1.000000,367.742041,100.000000,100.000000,0.000000,0.000000,178.331514,71.849060,-3.106472,2,7,1,0.0000,0.0000,0.0000,0.5000,"Pursue",0.471204
281,A0100,adaptive_eagle_v9,DBFM,5297.746223,49.735452,165.508088,130.415649,49.755944,11710.040227,273.427739,15019.805552,-73.939023,-6449.122333,700.978325,10.572183,False,False,True,False,False,True,False,2-circle,1.000000,357.264609,100.000000,100.000000,0.000000,0.000000,177.891950,72.278592,-3.215462,1,4,3,0.0000,0.0000,0.0000,0.5000,"LeadPursuit",-2.732081
281,B0100,L7_rush_level_max,DBFM,5297.746223,49.735452,165.508088,130.415649,49.755944,11710.040227,273.427739,15019.805552,-73.939023,-6449.122333,700.978325,10.572183,False,False,True,False,False,True,False,2-circle,1.000000,357.264609,100.000000,100.000000,0.000000,0.000000,177.891950,72.278592,-3.215462,2,7,1,0.0000,0.0000,0.0000,0.5000,"Pursue",1.796309
282,A0100,adaptive_eagle_v9,DBFM,5059.323442,49.001296,164.192084,131.685336,49.014961,11690.696912,273.607692,15004.820227,-74.926624,-6547.751269,703.076443,10.826080,False,False,True,False,False,True,False,2-circle,1.000000,345.666963,100.000000,100.000000,0.000000,0.000000,177.442594,72.674903,-3.344403,1,4,3,0.0000,0.0000,0.0000,0.5000,"LeadPursuit",-2.832125
282,B0100,L7_rush_level_max,DBFM,5059.323442,49.001296,164.192084,131.685336,49.014961,11690.696912,273.607692,15004.820227,-74.926624,-6547.751269,703.076443,10.826080,False,False,True,False,False,True,False,2-circle,1.000000,345.666963,100.000000,100.000000,0.000000,0.000000,177.442594,72.674903,-3.344403,2,7,1,0.0000,0.0000,0.0000,0.5000,"Pursue",1.916866
283,A0100,adaptive_eagle_v9,DBFM,4820.289488,48.345563,162.542238,132.837295,48.345990,11671.262776,273.784209,14989.663666,-75.782803,-6619.208885,702.978414,11.084482,False,False,True,False,False,True,False,2-circle,1.000000,330.423472,100.000000,100.000000,0.000000,0.000000,176.896578,73.060920,-3.488309,1,4,3,0.0000,0.0000,0.0000,0.5000,"LeadPursuit",-2.528796
283,B0100,L7_rush_level_max,DBFM,4820.289488,48.345563,162.542238,132.837295,48.345990,11671.262776,273.784209,14989.663666,-75.782803,-6619.208885,702.978414,11.084482,False,False,True,False,False,True,False,2-circle,1.000000,330.423472,100.000000,100.000000,0.000000,0.000000,176.896578,73.060920,-3.488309,2,7,1,0.0000,0.0000,0.0000,0.5000,"Pursue",1.786073
284,A0100,adaptive_eagle_v9,DBFM,4581.444739,47.784533,160.763222,133.782688,47.763362,11651.716083,273.960250,14974.385751,-76.389577,-6654.513421,700.811480,11.352656,False,False,True,False,False,True,False,2-circle,1.000000,311.201696,100.000000,100.000000,0.000000,0.000000,176.245651,73.444255,-3.645087,2,4,3,0.0000,0.0000,0.0000,0.5000,"LeadPursuit",-1.785347
284,B0100,L7_rush_level_max,DBFM,4581.444739,47.784533,160.763222,133.782688,47.763362,11651.716083,273.960250,14974.385751,-76.389577,-6654.513421,700.811480,11.352656,False,False,True,False,False,True,False,2-circle,1.000000,311.201696,100.000000,100.000000,0.000000,0.000000,176.245651,73.444255,-3.645087,2,7,1,0.0000,0.0000,0.0000,0.5000,"Pursue",1.316633
285,A0100,adaptive_eagle_v9,DBFM,4342.884758,47.331729,159.432643,134.811650,47.280198,11632.034435,274.138542,14959.030262,-76.777445,-6764.644752,700.598136,11.632066,False,False,True,False,False,True,False,2-circle,1.000000,288.546579,100.000000,100.000000,0.000000,0.000000,175.513865,73.826231,-3.813942,2,4,3,0.0000,0.0000,0.0000,0.5000,"LeadPursuit",-0.657037
285,B0100,L7_rush_level_max,DBFM,4342.884758,47.331729,159.432643,134.811650,47.280198,11632.034435,274.138542,14959.030262,-76.777445,-6764.644752,700.598136,11.632066,False,False,True,False,False,True,False,2-circle,1.000000,288.546579,100.000000,100.000000,0.000000,0.000000,175.513865,73.826231,-3.813942,2,7,1,0.0000,0.0000,0.0000,0.5000,"Pursue",0.486666
286,A0100,adaptive_eagle_v9,DBFM,4103.800277,47.001830,159.379849,136.616920,46.916399,11612.194793,274.321264,14943.627196,-77.015331,-6888.202504,704.001410,11.922766,False,False,True,False,False,True,False,2-circle,1.000000,265.087923,100.000000,100.000000,0.000000,0.000000,174.802139,74.206084,-3.994592,2,5,3,0.0000,0.0000,0.0000,0.5000,"LeadPursuit",-0.351361
286,B0100,L7_rush_level_max,DBFM,4103.800277,47.001830,159.379849,136.616920,46.916399,11612.194793,274.321264,14943.627196,-77.015331,-6888.202504,704.001410,11.922766,False,False,True,False,False,True,False,2-circle,1.000000,265.087923,100.000000,100.000000,0.000000,0.000000,174.802139,74.206084,-3.994592,2,7,1,0.0000,0.0000,0.0000,0.5000,"Pursue",0.262786
287,A0100,adaptive_eagle_v9,DBFM,3863.674500,46.808690,159.730439,138.823282,46.698117,11592.173681,274.510085,14928.193848,-77.166739,-6995.717297,707.854479,12.224443,False,False,True,False,False,True,False,2-circle,1.000000,245.249083,100.000000,100.000000,0.000000,0.000000,174.275422,74.582654,-4.186922,2,5,3,0.0000,0.0000,0.0000,0.5000,"LeadPursuit",-0.532273
287,B0100,L7_rush_level_max,DBFM,3863.674500,46.808690,159.730439,138.823282,46.698117,11592.173681,274.510085,14928.193848,-77.166739,-6995.717297,707.854479,12.224443,False,False,True,False,False,True,False,2-circle,1.000000,245.249083,100.000000,100.000000,0.000000,0.000000,174.275422,74.582654,-4.186922,2,7,1,0.0000,0.0000,0.0000,0.5000,"Pursue",0.425728
288,A0100,adaptive_eagle_v9,DBFM,3622.758144,46.775684,159.757670,140.884870,46.653873,11571.947408,274.706295,14912.738219,-77.278145,-7114.074690,710.341344,12.536809,False,False,True,False,False,True,False,2-circle,1.000000,229.803612,100.000000,100.000000,0.000000,0.000000,173.954243,74.954942,-4.390846,2,5,3,0.0000,0.0000,0.0000,0.5000,"LeadPursuit",-0.369635
288,B0100,L7_rush_level_max,DBFM,3622.758144,46.775684,159.757670,140.884870,46.653873,11571.947408,274.706295,14912.738219,-77.278145,-7114.074690,710.341344,12.536809,False,False,True,False,False,True,False,2-circle,1.000000,229.803612,100.000000,100.000000,0.000000,0.000000,173.954243,74.954942,-4.390846,2,7,1,0.0000,0.0000,0.0000,0.5000,"Pursue",0.317617
289,A0100,adaptive_eagle_v9,DBFM,3381.465170,46.921875,159.818650,142.585445,46.806363,11551.492227,274.910933,14897.262229,-77.379948,-7204.037122,711.709421,12.859700,False,False,True,False,False,True,False,2-circle,1.000000,218.727801,100.000000,100.000000,0.000000,0.000000,173.833716,75.322212,-4.606259,2,5,3,0.0000,0.0000,0.0000,0.5000,"LeadPursuit",-0.187569
289,B0100,L7_rush_level_max,DBFM,3381.465170,46.921875,159.818650,142.585445,46.806363,11551.492227,274.910933,14897.262229,-77.379948,-7204.037122,711.709421,12.859700,False,False,True,False,False,True,False,2-circle,1.000000,218.727801,100.000000,100.000000,0.000000,0.000000,173.833716,75.322212,-4.606259,2,7,1,0.0000,0.0000,0.0000,0.5000,"Pursue",0.191666
290,A0100,adaptive_eagle_v9,DBFM,3140.151301,47.255993,159.858473,143.672957,47.169514,11530.784448,275.124879,14881.764079,-77.490749,-7272.410585,711.893145,13.193078,False,False,True,False,False,True,False,2-circle,1.000000,212.316742,100.000000,100.000000,0.000000,0.000000,173.927239,75.683953,-4.833031,2,5,2,0.0000,0.0000,0.0000,0.5000,"LeadPursuit",0.120916
290,B0100,L7_rush_level_max,DBFM,3140.151301,47.255993,159.858473,143.672957,47.169514,11530.784448,275.124879,14881.764079,-77.490749,-7272.410585,711.893145,13.193078,False,False,True,False,False,True,False,2-circle,1.000000,212.316742,100.000000,100.000000,0.000000,0.000000,173.927239,75.683953,-4.833031,2,7,1,0.0000,0.0000,0.0000,0.5000,"Pursue",-0.041405
291,A0100,adaptive_eagle_v9,DBFM,2899.466400,47.789097,160.011301,143.957865,47.756225,11509.800506,275.348914,14866.239786,-77.621468,-7205.303475,708.931853,13.536993,False,False,True,False,False,True,False,2-circle,1.000000,209.760163,100.000000,100.000000,0.000000,0.000000,174.209160,76.039814,-5.071007,2,5,2,0.0000,0.0000,0.0000,0.5000,"LeadPursuit",0.281620
291,B0100,L7_rush_level_max,DBFM,2899.466400,47.789097,160.011301,143.957865,47.756225,11509.800506,275.348914,14866.239786,-77.621468,-7205.303475,708.931853,13.536993,False,False,True,False,False,True,False,2-circle,1.000000,209.760163,100.000000,100.000000,0.000000,0.000000,174.209160,76.039814,-5.071007,2,7,1,0.0000,0.0000,0.0000,0.5000,"Pursue",-0.151055
292,A0100,adaptive_eagle_v9,DBFM,2660.261683,48.528102,160.111158,143.641180,48.575823,11488.517014,275.583758,14850.684114,-77.778359,-7087.862431,703.955916,13.891553,False,False,True,False,False,True,False,2-circle,1.000000,210.444316,100.000000,100.000000,0.000000,0.000000,174.667011,76.389548,-5.320015,2,5,2,0.0000,0.0000,0.0000,0.5000,"LeadPursuit",0.192603
292,B0100,L7_rush_level_max,DBFM,2660.261683,48.528102,160.111158,143.641180,48.575823,11488.517014,275.583758,14850.684114,-77.778359,-7087.862431,703.955916,13.891553,False,False,True,False,False,True,False,2-circle,1.000000,210.444316,100.000000,100.000000,0.000000,0.000000,174.667011,76.389548,-5.320015,2,7,1,0.0000,0.0000,0.0000,0.5000,"Pursue",-0.046881
293,A0100,adaptive_eagle_v9,DBFM,2423.157674,49.519828,159.793191,142.967381,49.676000,11466.910785,275.830089,14835.091120,-77.964972,-6968.945667,696.572978,14.256901,False,False,True,False,False,True,False,2-circle,1.000000,213.151016,100.000000,100.000000,0.000000,0.000000,175.263920,76.732976,-5.579867,2,6,2,0.0000,0.0000,0.0000,0.5000,"LeadPursuit",0.070269
293,B0100,L7_rush_level_max,DBFM,2423.157674,49.519828,159.793191,142.967381,49.676000,11466.910785,275.830089,14835.091120,-77.964972,-6968.945667,696.572978,14.256901,False,False,True,False,False,True,False,2-circle,1.000000,213.151016,100.000000,100.000000,0.000000,0.000000,175.263920,76.732976,-5.579867,2,7,1,0.0000,0.0000,0.0000,0.5000,"Pursue",0.096921
294,A0100,adaptive_eagle_v9,DBFM,2188.625124,50.843506,158.956544,141.994027,51.136770,11444.958861,276.088555,14819.454452,-78.183336,-6947.663229,688.016828,14.633191,False,False,True,False,False,True,False,2-circle,1.000000,216.531441,100.000000,100.000000,0.000000,0.000000,175.960591,77.069957,-5.850367,2,6,2,0.0000,0.0000,0.0000,0.5000,"LeadPursuit",0.154168
294,B0100,L7_rush_level_max,DBFM,2188.625124,50.843506,158.956544,141.994027,51.136770,11444.958861,276.088555,14819.454452,-78.183336,-6947.663229,688.016828,14.633191,False,False,True,False,False,True,False,2-circle,1.000000,216.531441,100.000000,100.000000,0.000000,0.000000,175.960591,77.069957,-5.850367,2,7,1,0.0000,0.0000,0.0000,0.5000,"Pursue",0.083394
295,A0100,adaptive_eagle_v9,DBFM,1957.333426,52.607652,157.767071,140.458199,53.068062,11422.638523,276.359782,14803.767525,-78.434639,-6899.624328,675.528027,15.020582,False,False,True,False,False,True,False,2-circle,1.000000,219.249773,100.000000,100.000000,0.000000,0.000000,176.721400,77.400381,-6.131311,2,6,2,0.0000,0.0000,0.0000,0.5000,"LeadPursuit",0.052343
295,B0100,L7_rush_level_max,DBFM,1957.333426,52.607652,157.767071,140.458199,53.068062,11422.638523,276.359782,14803.767525,-78.434639,-6899.624328,675.528027,15.020582,False,False,True,False,False,True,False,2-circle,1.000000,219.249773,100.000000,100.000000,0.000000,0.000000,176.721400,77.400381,-6.131311,2,7,1,0.0000,0.0000,0.0000,0.5000,"Pursue",0.253054
296,A0100,adaptive_eagle_v9,DBFM,1730.559952,54.936018,156.170444,138.749095,55.599839,11399.927307,276.644375,14788.023604,-78.719603,-6840.212866,658.327611,15.419224,False,False,True,False,False,True,False,2-circle,1.000000,220.710151,100.000000,100.000000,0.000000,0.000000,177.546554,77.724153,-6.422489,2,6,2,0.0000,0.0000,0.0000,0.5000,"LeadPursuit",-0.236632
296,B0100,L7_rush_level_max,DBFM,1730.559952,54.936018,156.170444,138.749095,55.599839,11399.927307,276.644375,14788.023604,-78.719603,-6840.212866,658.327611,15.419224,False,False,True,False,False,True,False,2-circle,1.000000,220.710151,100.000000,100.000000,0.000000,0.000000,177.546554,77.724153,-6.422489,2,7,1,0.0000,0.0000,0.0000,0.5000,"Pursue",0.652911
297,A0100,adaptive_eagle_v9,DBFM,1510.180552,58.060507,153.902031,137.188421,58.982531,11376.803014,276.942919,14772.215865,-79.038695,-6787.796526,634.155819,15.829258,False,False,True,False,False,True,False,2-circle,1.000000,221.440693,100.000000,100.000000,0.000000,0.000000,178.483819,78.041196,-6.723686,2,6,2,0.0000,0.0000,0.0000,0.5000,"LeadPursuit",-0.471608
297,B0100,L7_rush_level_max,DBFM,1510.180552,58.060507,153.902031,137.188421,58.982531,11376.803014,276.942919,14772.215865,-79.038695,-6787.796526,634.155819,15.829258,False,False,True,False,False,True,False,2-circle,1.000000,221.440693,100.000000,100.000000,0.000000,0.000000,178.483819,78.041196,-6.723686,2,7,1,0.0000,0.0000,0.0000,0.5000,"Pursue",1.148143
298,A0100,adaptive_eagle_v9,DBFM,1299.180139,62.336549,150.622709,135.810402,63.605663,11353.243716,277.255982,14756.337419,-79.392230,-6737.772957,598.678162,16.250802,False,False,True,False,False,True,False,2-circle,1.000000,222.340869,100.000000,100.000000,0.000000,0.000000,179.616822,78.351441,-7.034683,2,6,2,0.0000,0.0000,0.0000,0.5000,"LeadPursuit",-0.706692
298,B0100,L7_rush_level_max,DBFM,1299.180139,62.336549,150.622709,135.810402,63.605663,11353.243716,277.255982,14756.337419,-79.392230,-6737.772957,598.678162,16.250802,False,False,True,False,False,True,False,2-circle,1.000000,222.340869,100.000000,100.000000,0.000000,0.000000,179.616822,78.351441,-7.034683,2,8,0,0.0000,0.0000,0.0000,0.5000,"Pursue",1.871682
299,A0100,adaptive_eagle_v9,DBFM,1102.502189,67.904222,145.303020,135.288825,69.645239,11329.288366,277.081571,14728.101922,-141.177486,-6738.770799,544.444721,12.488775,False,False,True,False,False,True,False,2-circle,1.000000,224.208437,100.000000,100.000000,0.000000,0.000000,177.374978,74.969816,-7.215393,2,7,2,0.0000,0.0000,0.0000,0.5000,"LeadPursuit",-0.252659
299,B0100,L7_rush_level_max,DBFM,1102.502189,67.904222,145.303020,135.288825,69.645239,11329.288366,277.081571,14728.101922,-141.177486,-6738.770799,544.444721,12.488775,False,False,True,False,False,True,False,2-circle,1.000000,224.208437,100.000000,100.000000,0.000000,0.000000,177.374978,74.969816,-7.215393,2,8,0,0.0000,0.0000,0.0000,0.5000,"Pursue",2.387909
300,A0100,adaptive_eagle_v9,DBFM,928.821148,76.162726,137.154143,134.743135,78.595227,11305.327142,276.984591,14701.761915,-131.700036,-6750.236699,454.220598,9.446217,False,False,True,False,False,True,False,2-circle,1.000000,226.422599,100.000000,100.000000,0.000000,0.000000,174.399051,70.442579,-7.227468,2,7,2,0.0000,0.0000,0.0000,0.5000,"LeadPursuit",-0.307003
300,B0100,L7_rush_level_max,DBFM,928.821148,76.162726,137.154143,134.743135,78.595227,11305.327142,276.984591,14701.761915,-131.700036,-6750.236699,454.220598,9.446217,False,False,True,False,False,True,False,2-circle,1.000000,226.422599,100.000000,100.000000,0.000000,0.000000,174.399051,70.442579,-7.227468,2,8,0,0.0000,0.0000,0.0000,0.5000,"Pursue",2.730012
301,A0100,adaptive_eagle_v9,DBFM,794.228057,88.226184,125.850916,133.325664,91.815208,11281.261348,277.377140,14687.329940,-72.159874,-6704.801478,310.308547,9.778564,False,False,True,False,False,True,False,2-circle,1.000000,228.584406,100.000000,100.000000,0.000000,0.000000,177.167244,71.077368,-7.045206,2,8,2,0.0000,0.0000,0.0000,0.5000,"LeadPursuit",-1.617541
301,B0100,L7_rush_level_max,DBFM,794.228057,88.226184,125.850916,133.325664,91.815208,11281.261348,277.377140,14687.329940,-72.159874,-6704.801478,310.308547,9.778564,False,False,True,False,False,True,False,2-circle,1.000000,228.584406,100.000000,100.000000,0.000000,0.000000,177.167244,71.077368,-7.045206,2,8,0,0.0000,0.0000,0.0000,0.5000,"Pursue",3.126288
302,A0100,adaptive_eagle_v9,DBFM,719.270798,103.444367,111.279617,132.072434,108.826726,11257.112021,277.590302,14668.417697,-94.561213,-6650.124969,109.865965,10.910843,False,False,False,False,False,True,False,2-circle,1.000000,231.025133,100.000000,100.000000,0.000000,0.000000,-177.865130,72.927274,-6.878625,2,8,2,0.0000,0.0000,0.0000,0.5000,"LeadPursuit",-1.167607
302,B0100,L7_rush_level_max,DBFM,719.270798,103.444367,111.279617,132.072434,108.826726,11257.112021,277.590302,14668.417697,-94.561213,-6650.124969,109.865965,10.910843,False,False,False,False,False,True,False,2-circle,1.000000,231.025133,100.000000,100.000000,0.000000,0.000000,-177.865130,72.927274,-6.878625,2,8,0,0.0000,0.0000,0.0000,0.5000,"Pursue",3.279456
303,A0100,adaptive_eagle_v9,DBFM,721.931490,119.836781,94.848863,131.250844,127.595235,11232.854434,277.851476,14650.582264,-89.177164,-6632.264224,-119.035064,12.021449,False,False,False,False,False,True,False,2-circle,1.000000,234.561235,100.000000,100.000000,0.000000,0.000000,-171.439792,74.432800,-6.849418,2,8,2,0.0000,0.0000,0.0000,0.5000,"LeadPursuit",-0.717600
303,B0100,L7_rush_level_max,DBFM,721.931490,119.836781,94.848863,131.250844,127.595235,11232.854434,277.851476,14650.582264,-89.177164,-6632.264224,-119.035064,12.021449,False,False,False,False,False,True,False,2-circle,1.000000,234.561235,100.000000,100.000000,0.000000,0.000000,-171.439792,74.432800,-6.849418,2,8,0,0.0000,0.0000,0.0000,0.5000,"Pursue",1.596070
304,A0100,adaptive_eagle_v9,HABFM,801.606564,134.008154,80.140727,130.392620,144.292926,11208.397633,278.181651,14634.252952,-81.646564,-6624.156769,-314.333023,12.855113,False,False,False,False,False,True,False,2-circle,1.000000,239.068863,100.000000,100.000000,0.000000,0.000000,-162.086955,75.409066,-6.943454,2,8,2,0.0000,0.0000,0.0000,0.5000,"LeadPursuit",-0.401335
304,B0100,L7_rush_level_max,HABFM,801.606564,134.008154,80.140727,130.392620,144.292926,11208.397633,278.181651,14634.252952,-81.646564,-6624.156769,-314.333023,12.855113,False,False,False,False,False,True,False,2-circle,1.000000,239.068863,100.000000,100.000000,0.000000,0.000000,-162.086955,75.409066,-6.943454,2,8,0,0.0000,0.0000,0.0000,0.5000,"Pursue",-0.209790
305,A0100,adaptive_eagle_v9,HABFM,937.663353,144.121181,69.550782,129.066758,156.890492,11183.671442,278.550137,14618.608708,-78.221218,-6573.238185,-443.102514,13.436736,False,False,False,False,False,True,False,2-circle,1.000000,244.229647,100.000000,100.000000,0.000000,0.000000,-145.706581,76.027901,-7.118423,2,8,2,0.0000,0.0000,0.0000,0.5000,"LeadPursuit",-0.233188
305,B0100,L7_rush_level_max,HABFM,937.663353,144.121181,69.550782,129.066758,156.890492,11183.671442,278.550137,14618.608708,-78.221218,-6573.238185,-443.102514,13.436736,False,False,False,False,False,True,False,2-circle,1.000000,244.229647,100.000000,100.000000,0.000000,0.000000,-145.706581,76.027901,-7.118423,2,8,0,0.0000,0.0000,0.0000,0.5000,"Pursue",-0.130404
306,A0100,adaptive_eagle_v9,HABFM,1107.478550,150.466423,62.522544,127.772316,165.775208,11158.631835,278.932985,14603.017781,-77.954633,-6506.188796,-519.594895,13.866821,False,False,False,False,False,True,False,2-circle,1.000000,250.588745,100.000000,100.000000,0.000000,0.000000,-115.198129,76.457805,-7.340241,2,8,2,0.0000,0.0000,0.0000,0.5000,"LeadPursuit",-0.151842
306,B0100,L7_rush_level_max,HABFM,1107.478550,150.466423,62.522544,127.772316,165.775208,11158.631835,278.932985,14603.017781,-77.954633,-6506.188796,-519.594895,13.866821,False,False,False,False,False,True,False,2-circle,1.000000,250.588745,100.000000,100.000000,0.000000,0.000000,-115.198129,76.457805,-7.340241,2,8,0,0.0000,0.0000,0.0000,0.5000,"Pursue",-0.075041
307,A0100,adaptive_eagle_v9,HABFM,1297.241516,154.065380,57.534038,127.423242,171.551836,11133.321806,278.806337,14574.580632,-142.185747,-6493.726787,-567.185147,10.987553,False,False,False,False,False,True,False,2-circle,1.000000,258.891316,100.000000,100.000000,0.000000,0.000000,-81.538511,73.079081,-7.448071,2,8,2,0.0000,0.0000,0.0000,0.5000,"LeadPursuit",-0.096418
307,B0100,L7_rush_level_max,HABFM,1297.241516,154.065380,57.534038,127.423242,171.551836,11133.321806,278.806337,14574.580632,-142.185747,-6493.726787,-567.185147,10.987553,False,False,False,False,False,True,False,2-circle,1.000000,258.891316,100.000000,100.000000,0.000000,0.000000,-81.538511,73.079081,-7.448071,2,8,0,0.0000,0.0000,0.0000,0.5000,"Pursue",-0.043443
308,A0100,adaptive_eagle_v9,HABFM,1499.403610,156.289744,54.149634,127.034814,175.652112,11108.164365,278.740132,14547.789076,-133.957778,-6489.384320,-597.210635,8.507802,False,False,False,False,False,True,False,2-circle,1.000000,268.456288,100.000000,100.000000,0.000000,0.000000,-62.755019,68.538762,-7.393311,2,8,2,0.0000,0.0000,0.0000,0.5000,"LeadPursuit",-0.057103
308,B0100,L7_rush_level_max,HABFM,1499.403610,156.289744,54.149634,127.034814,175.652112,11108.164365,278.740132,14547.789076,-133.957778,-6489.384320,-597.210635,8.507802,False,False,False,False,False,True,False,2-circle,1.000000,268.456288,100.000000,100.000000,0.000000,0.000000,-62.755019,68.538762,-7.393311,2,8,0,0.0000,0.0000,0.0000,0.5000,"Pursue",-0.015396
309,A0100,adaptive_eagle_v9,HABFM,1709.014577,157.543385,52.058707,126.027851,178.943878,11083.027823,279.164158,14533.125380,-73.318485,-6460.833435,-615.109278,8.794759,False,False,False,False,False,True,False,2-circle,1.000000,278.943333,100.000000,100.000000,0.000000,0.000000,-50.181299,69.199443,-7.140630,2,8,2,0.0000,0.0000,0.0000,0.5000,"LeadPursuit",-0.031710
309,B0100,L7_rush_level_max,HABFM,1709.014577,157.543385,52.058707,126.027851,178.943878,11083.027823,279.164158,14533.125380,-73.318485,-6460.833435,-615.109278,8.794759,False,False,False,False,False,True,False,2-circle,1.000000,278.943333,100.000000,100.000000,0.000000,0.000000,-50.181299,69.199443,-7.140630,2,8,0,0.0000,0.0000,0.0000,0.5000,"Pursue",0.008835
310,A0100,adaptive_eagle_v9,HABFM,1922.705133,158.275169,50.842134,125.031739,-178.783226,11057.933139,279.398933,14513.836149,-96.446155,-6435.754983,-625.130401,9.732453,False,False,False,False,False,True,False,2-circle,-1.000000,289.649696,100.000000,100.000000,0.000000,0.000000,-41.657142,71.061945,-6.907165,2,8,2,0.0000,0.0000,0.0000,0.5000,"LeadPursuit",-0.006818
310,B0100,L7_rush_level_max,HABFM,1922.705133,158.275169,50.842134,125.031739,-178.783226,11057.933139,279.398933,14513.836149,-96.446155,-6435.754983,-625.130401,9.732453,False,False,False,False,False,True,False,2-circle,-1.000000,289.649696,100.000000,100.000000,0.000000,0.000000,-41.657142,71.061945,-6.907165,2,0,0,0.0000,0.0000,0.0000,0.5000,"Pursue",0.010039
311,A0100,adaptive_eagle_v9,HABFM,2138.298782,158.949543,50.603310,124.114566,-177.610079,11032.920399,280.789347,14523.305220,47.345357,-6337.088498,-628.908528,8.552400,False,False,False,False,False,True,False,2-circle,-1.000000,299.821167,100.000000,100.000000,0.000000,0.000000,-39.767736,68.758459,-6.667163,2,8,2,0.0000,0.0000,0.0000,0.5000,"LeadPursuit",0.003667
311,B0100,L7_rush_level_max,HABFM,2138.298782,158.949543,50.603310,124.114566,-177.610079,11032.920399,280.789347,14523.305220,47.345357,-6337.088498,-628.908528,8.552400,False,False,False,False,False,True,False,2-circle,-1.000000,299.821167,100.000000,100.000000,0.000000,0.000000,-39.767736,68.758459,-6.667163,2,0,0,0.0000,0.0000,0.0000,0.5000,"Pursue",-0.001534
312,A0100,adaptive_eagle_v9,HABFM,2353.801350,160.146162,50.884972,123.884342,-177.435755,11008.644196,281.464087,14515.824038,-37.405909,-6250.323744,-629.169603,5.545684,False,False,False,False,False,True,False,2-circle,-1.000000,308.982131,100.000000,100.000000,0.000000,0.000000,-46.513054,59.109627,-6.161805,2,8,2,0.0000,0.0000,0.0000,0.5000,"LeadPursuit",0.004874
312,B0100,L7_rush_level_max,HABFM,2353.801350,160.146162,50.884972,123.884342,-177.435755,11008.644196,281.464087,14515.824038,-37.405909,-6250.323744,-629.169603,5.545684,False,False,False,False,False,True,False,2-circle,-1.000000,308.982131,100.000000,100.000000,0.000000,0.000000,-46.513054,59.109627,-6.161805,2,0,0,0.0000,0.0000,0.0000,0.5000,"Pursue",-0.007112
313,A0100,adaptive_eagle_v9,HABFM,2568.883995,161.750402,51.319058,123.731109,-177.238706,10986.195011,282.175316,14511.121771,-23.511338,-6171.496174,-629.163061,3.662742,False,False,False,False,False,True,False,2-circle,-1.000000,316.982812,100.000000,100.000000,0.000000,0.000000,-55.591104,47.890480,-5.026621,2,8,2,0.0000,0.0000,0.0000,0.5000,"LeadPursuit",-0.000815
313,B0100,L7_rush_level_max,HABFM,2568.883995,161.750402,51.319058,123.731109,-177.238706,10986.195011,282.175316,14511.121771,-23.511338,-6171.496174,-629.163061,3.662742,False,False,False,False,False,True,False,2-circle,-1.000000,316.982812,100.000000,100.000000,0.000000,0.000000,-55.591104,47.890480,-5.026621,2,0,0,0.0000,0.0000,0.0000,0.5000,"Pursue",-0.008569
314,A0100,adaptive_eagle_v9,HABFM,2783.891361,163.674985,51.521663,123.695117,-176.850475,10966.393053,282.983792,14511.547666,2.129478,-6128.328811,-631.689978,2.516676,False,False,False,False,False,True,False,2-circle,-1.000000,323.901755,100.000000,100.000000,0.000000,0.000000,-64.528001,37.310691,-3.070396,2,8,2,0.0000,0.0000,0.0000,0.5000,"LeadPursuit",0.003607
314,B0100,L7_rush_level_max,HABFM,2783.891361,163.674985,51.521663,123.695117,-176.850475,10966.393053,282.983792,14511.547666,2.129478,-6128.328811,-631.689978,2.516676,False,False,False,False,False,True,False,2-circle,-1.000000,323.901755,100.000000,100.000000,0.000000,0.000000,-64.528001,37.310691,-3.070396,2,0,0,0.0000,0.0000,0.0000,0.5000,"Pursue",-0.003343
315,A0100,adaptive_eagle_v9,HABFM,2999.362431,165.852354,51.851989,123.262155,-176.245618,10950.040470,283.666830,14512.329624,3.909787,-6101.718740,-633.373390,1.720661,False,False,False,False,False,True,False,2-circle,-1.000000,328.702985,100.000000,100.000000,0.000000,0.000000,-72.931930,27.571416,-0.567197,1,8,2,0.0000,0.0000,0.0000,0.5000,"LeadPursuit",0.011954
315,B0100,L7_rush_level_max,HABFM,2999.362431,165.852354,51.851989,123.262155,-176.245618,10950.040470,283.666830,14512.329624,3.909787,-6101.718740,-633.373390,1.720661,False,False,False,False,False,True,False,2-circle,-1.000000,328.702985,100.000000,100.000000,0.000000,0.000000,-72.931930,27.571416,-0.567197,3,0,0,0.0000,0.0000,0.0000,0.5000,"Pursue",0.009660
316,A0100,adaptive_eagle_v9,HABFM,3214.399860,168.273248,52.469404,122.250886,-175.427899,10937.966345,283.970701,14507.891623,-22.190001,-6083.499776,-632.380385,1.063350,False,False,False,False,False,True,False,2-circle,-1.000000,330.106945,100.000000,100.000000,0.000000,0.000000,-81.454613,17.898712,2.301654,2,2,4,0.0000,0.0000,0.0000,0.5000,"ExtensionBreak",0.025595
316,B0100,L7_rush_level_max,HABFM,3214.399860,168.273248,52.469404,122.250886,-175.427899,10937.966345,283.970701,14507.891623,-22.190001,-6083.499776,-632.380385,1.063350,False,False,False,False,False,True,False,2-circle,-1.000000,330.106945,100.000000,100.000000,0.000000,0.000000,-81.454613,17.898712,2.301654,3,0,0,0.0000,0.0000,0.0000,0.5000,"Pursue",0.025388
317,A0100,adaptive_eagle_v9,HABFM,3427.736581,170.320288,53.624394,120.192293,-174.200415,10930.871520,284.135469,14504.940743,-14.754402,-6040.269308,-626.043459,0.442953,False,False,False,False,False,True,False,2-circle,-1.000000,326.873599,100.000000,100.000000,0.000000,0.000000,-90.646349,7.665864,5.413216,2,2,4,0.0000,0.0000,0.0000,0.5000,"ExtensionBreak",0.039861
317,B0100,L7_rush_level_max,HABFM,3427.736581,170.320288,53.624394,120.192293,-174.200415,10930.871520,284.135469,14504.940743,-14.754402,-6040.269308,-626.043459,0.442953,False,False,False,False,False,True,False,2-circle,-1.000000,326.873599,100.000000,100.000000,0.000000,0.000000,-90.646349,7.665864,5.413216,2,0,0,0.0000,0.0000,0.0000,0.5000,"Pursue",0.035485
318,A0100,adaptive_eagle_v9,HABFM,3636.808891,171.161996,55.458199,116.923911,-172.489726,10928.956817,282.558843,14463.472102,-207.343202,-5996.882511,-610.574369,0.154777,False,False,False,False,False,True,False,2-circle,-1.000000,319.518264,100.000000,100.000000,0.000000,0.000000,-100.048638,-2.678020,8.670125,1,8,4,0.0000,0.0000,0.0000,0.5000,"SmartHighYoYo",0.023892
318,B0100,L7_rush_level_max,HABFM,3636.808891,171.161996,55.458199,116.923911,-172.489726,10928.956817,282.558843,14463.472102,-207.343202,-5996.882511,-610.574369,0.154777,False,False,False,False,False,True,False,2-circle,-1.000000,319.518264,100.000000,100.000000,0.000000,0.000000,-100.048638,-2.678020,8.670125,2,0,0,0.0000,0.0000,0.0000,0.5000,"Pursue",0.042504
319,A0100,adaptive_eagle_v9,HABFM,3840.465944,170.209594,56.713545,113.652714,-170.328501,10932.174845,280.623909,14418.447880,-225.121110,-6000.934170,-597.540757,0.758613,False,False,False,False,False,True,False,2-circle,-1.000000,310.335371,100.000000,100.000000,0.000000,0.000000,-109.384921,-12.829119,11.887530,1,8,4,0.0000,0.0000,0.0000,0.5000,"SmartHighYoYo",0.007630
319,B0100,L7_rush_level_max,HABFM,3840.465944,170.209594,56.713545,113.652714,-170.328501,10932.174845,280.623909,14418.447880,-225.121110,-6000.934170,-597.540757,0.758613,False,False,False,False,False,True,False,2-circle,-1.000000,310.335371,100.000000,100.000000,0.000000,0.000000,-109.384921,-12.829119,11.887530,2,0,0,0.0000,0.0000,0.0000,0.5000,"Pursue",0.047948
320,A0100,adaptive_eagle_v9,HABFM,4040.437836,167.746007,57.246899,110.521885,-167.763238,10940.314458,278.565493,14375.630467,-214.087065,-6079.069801,-588.685498,1.399718,False,False,False,False,False,True,False,2-circle,-1.000000,300.079104,100.000000,100.000000,0.000000,0.000000,-118.498644,-22.646393,14.853160,1,8,4,0.0000,0.0000,0.0000,0.5000,"SmartHighYoYo",0.013156
320,B0100,L7_rush_level_max,HABFM,4040.437836,167.746007,57.246899,110.521885,-167.763238,10940.314458,278.565493,14375.630467,-214.087065,-6079.069801,-588.685498,1.399718,False,False,False,False,False,True,False,2-circle,-1.000000,300.079104,100.000000,100.000000,0.000000,0.000000,-118.498644,-22.646393,14.853160,2,0,0,0.0000,0.0000,0.0000,0.5000,"Pursue",0.052434
321,A0100,adaptive_eagle_v9,HABFM,4236.969623,164.423827,57.946385,106.752647,-164.835804,10952.992964,276.393130,14334.938004,-203.462318,-6164.101936,-576.697153,2.123125,False,False,False,False,False,True,False,2-circle,-1.000000,288.651344,100.000000,100.000000,0.000000,0.000000,-127.367164,-32.133367,17.436479,4,8,3,0.0000,0.0000,0.0000,0.5000,"SmartHighYoYo",0.024084
321,B0100,L7_rush_level_max,HABFM,4236.969623,164.423827,57.946385,106.752647,-164.835804,10952.992964,276.393130,14334.938004,-203.462318,-6164.101936,-576.697153,2.123125,False,False,False,False,False,True,False,2-circle,-1.000000,288.651344,100.000000,100.000000,0.000000,0.000000,-127.367164,-32.133367,17.436479,2,0,0,0.0000,0.0000,0.0000,0.5000,"Pursue",0.056434
322,A0100,adaptive_eagle_v9,HABFM,4428.536834,160.675837,59.020228,102.240550,-161.585482,10969.690341,274.123984,14296.332808,-193.025979,-6232.819962,-559.809008,2.999642,False,False,False,False,False,True,False,2-circle,-1.000000,276.570331,100.000000,100.000000,0.000000,0.000000,-136.056027,-41.363574,19.549725,1,8,4,0.0000,0.0000,0.0000,0.5000,"SmartHighYoYo",0.033102
322,B0100,L7_rush_level_max,HABFM,4428.536834,160.675837,59.020228,102.240550,-161.585482,10969.690341,274.123984,14296.332808,-193.025979,-6232.819962,-559.809008,2.999642,False,False,False,False,False,True,False,2-circle,-1.000000,276.570331,100.000000,100.000000,0.000000,0.000000,-136.056027,-41.363574,19.549725,2,0,0,0.0000,0.0000,0.0000,0.5000,"Pursue",0.060078
323,A0100,adaptive_eagle_v9,HABFM,4613.682227,156.726471,60.369900,97.192507,-158.055223,10989.785223,271.779917,14259.777914,-182.774468,-6292.727911,-538.944146,4.152231,False,False,False,False,False,True,False,2-circle,-1.000000,264.147989,100.000000,100.000000,0.000000,0.000000,-144.621954,-50.403440,21.136123,1,8,4,0.0000,0.0000,0.0000,0.5000,"SmartHighYoYo",0.040635
323,B0100,L7_rush_level_max,HABFM,4613.682227,156.726471,60.369900,97.192507,-158.055223,10989.785223,271.779917,14259.777914,-182.774468,-6292.727911,-538.944146,4.152231,False,False,False,False,False,True,False,2-circle,-1.000000,264.147989,100.000000,100.000000,0.000000,0.000000,-144.621954,-50.403440,21.136123,2,0,0,0.0000,0.0000,0.0000,0.5000,"Pursue",0.063417
324,A0100,adaptive_eagle_v9,HABFM,4791.212583,152.694708,61.923525,91.778550,-154.294035,11012.586008,269.386053,14225.227566,-172.751743,-6349.426160,-514.861355,5.829309,False,False,False,False,False,True,False,2-circle,-1.000000,251.510756,100.000000,100.000000,0.000000,0.000000,-153.085383,-59.283974,22.159789,1,8,4,0.0000,0.0000,0.0000,0.5000,"SmartHighYoYo",0.046983
324,B0100,L7_rush_level_max,HABFM,4791.212583,152.694708,61.923525,91.778550,-154.294035,11012.586008,269.386053,14225.227566,-172.751743,-6349.426160,-514.861355,5.829309,False,False,False,False,False,True,False,2-circle,-1.000000,251.510756,100.000000,100.000000,0.000000,0.000000,-153.085383,-59.283974,22.159789,2,0,0,0.0000,0.0000,0.0000,0.5000,"Pursue",0.066492
325,A0100,adaptive_eagle_v9,UNKNOWN,4960.160029,148.648582,63.626537,86.132978,-150.355722,11037.359342,266.969101,14192.611372,-163.080969,-6405.782665,-488.196547,8.631673,False,False,False,False,False,True,False,1-circle,-1.000000,238.670141,100.000000,100.000000,0.000000,0.000000,-161.399799,-67.968742,22.577352,1,8,4,0.0000,0.0000,0.0000,0.5000,"SmartHighYoYo",0.052277
325,B0100,L7_rush_level_max,UNKNOWN,4960.160029,148.648582,63.626537,86.132978,-150.355722,11037.359342,266.969101,14192.611372,-163.080969,-6405.782665,-488.196547,8.631673,False,False,False,False,False,True,False,1-circle,-1.000000,238.670141,100.000000,100.000000,0.000000,0.000000,-161.399799,-67.968742,22.577352,2,0,0,0.0000,0.0000,0.0000,0.5000,"Pursue",0.069676
326,A0100,adaptive_eagle_v9,UNKNOWN,5119.742425,144.611958,65.433297,80.344475,-146.278597,11063.352418,264.533882,14161.304316,-156.535280,-6463.240546,-459.442646,14.644675,False,False,False,False,False,True,False,1-circle,-1.000000,225.558085,100.000000,100.000000,0.000000,0.000000,-169.571491,-76.473197,22.390616,1,8,4,0.0000,0.0000,0.0000,0.5000,"SmartHighYoYo",0.056567
326,B0100,L7_rush_level_max,UNKNOWN,5119.742425,144.611958,65.433297,80.344475,-146.278597,11063.352418,264.533882,14161.304316,-156.535280,-6463.240546,-459.442646,14.644675,False,False,False,False,False,True,False,1-circle,-1.000000,225.558085,100.000000,100.000000,0.000000,0.000000,-169.571491,-76.473197,22.390616,2,0,0,0.0000,0.0000,0.0000,0.5000,"Pursue",0.072779
327,A0100,adaptive_eagle_v9,UNKNOWN,5269.342949,140.608187,67.303584,74.493053,-142.114475,11089.807571,262.117551,14131.422710,-149.408032,-6522.288574,-429.127299,39.024437,False,False,False,False,False,True,False,1-circle,-1.000000,212.047637,100.000000,100.000000,0.000000,0.000000,-177.591819,-84.796901,21.593874,1,8,4,0.0000,0.0000,0.0000,0.5000,"SmartHighYoYo",0.059818
327,B0100,L7_rush_level_max,UNKNOWN,5269.342949,140.608187,67.303584,74.493053,-142.114475,11089.807571,262.117551,14131.422710,-149.408032,-6522.288574,-429.127299,39.024437,False,False,False,False,False,True,False,1-circle,-1.000000,212.047637,100.000000,100.000000,0.000000,0.000000,-177.591819,-84.796901,21.593874,2,0,0,0.0000,0.0000,0.0000,0.5000,"Pursue",0.075456
328,A0100,adaptive_eagle_v9,UNKNOWN,5408.514421,136.670871,69.199950,68.661933,-137.933821,11115.953164,259.639844,14100.337408,-155.426510,-6586.788515,-397.726473,205.416398,False,False,False,False,False,True,False,1-circle,-1.000000,197.986954,100.000000,100.000000,0.000000,0.000000,174.593896,-92.892267,20.202513,1,8,4,0.0000,0.0000,0.0000,0.5000,"SmartHighYoYo",0.075800
328,B0100,L7_rush_level_max,UNKNOWN,5408.514421,136.670871,69.199950,68.661933,-137.933821,11115.953164,259.639844,14100.337408,-155.426510,-6586.788515,-397.726473,205.416398,False,False,False,False,False,True,False,1-circle,-1.000000,197.986954,100.000000,100.000000,0.000000,0.000000,174.593896,-92.892267,20.202513,2,0,0,0.0000,0.0000,0.0000,0.5000,"Pursue",0.077703
329,A0100,adaptive_eagle_v9,UNKNOWN,5536.584670,132.827551,71.521118,62.495009,-133.805541,11141.021549,257.230211,14070.268642,-150.343830,-6616.945451,-362.074186,207.230203,False,False,False,False,False,True,False,1-circle,-1.000000,183.197317,100.000000,100.000000,0.000000,0.000000,166.976347,-100.774736,18.287226,1,8,4,0.0000,0.0000,0.0000,0.5000,"SmartHighYoYo",0.086498
329,B0100,L7_rush_level_max,UNKNOWN,5536.584670,132.827551,71.521118,62.495009,-133.805541,11141.021549,257.230211,14070.268642,-150.343830,-6616.945451,-362.074186,207.230203,False,False,False,False,False,True,False,1-circle,-1.000000,183.197317,100.000000,100.000000,0.000000,0.000000,166.976347,-100.774736,18.287226,2,0,0,0.0000,0.0000,0.0000,0.5000,"Pursue",0.079440
330,A0100,adaptive_eagle_v9,UNKNOWN,5652.001385,129.107863,74.087373,56.120221,-129.796235,11164.276453,254.929639,14041.361632,-144.535051,-6629.978815,-324.060179,208.996109,False,False,False,False,False,True,False,1-circle,-1.000000,168.133185,100.000000,100.000000,0.000000,0.000000,159.518942,-108.478296,15.921175,4,8,3,0.0000,0.0000,0.0000,0.5000,"SmartHighYoYo",0.089244
330,B0100,L7_rush_level_max,UNKNOWN,5652.001385,129.107863,74.087373,56.120221,-129.796235,11164.276453,254.929639,14041.361632,-144.535051,-6629.978815,-324.060179,208.996109,False,False,False,False,False,True,False,1-circle,-1.000000,168.133185,100.000000,100.000000,0.000000,0.000000,159.518942,-108.478296,15.921175,2,0,0,0.0000,0.0000,0.0000,0.5000,"Pursue",0.071954
331,A0100,adaptive_eagle_v9,UNKNOWN,5754.895019,125.905403,76.645084,50.180040,-126.358006,11185.106067,253.198558,14023.250646,-90.554927,-6632.379832,-288.042089,210.335710,False,False,False,False,False,True,False,1-circle,-1.000000,154.183731,100.000000,100.000000,0.000000,0.000000,156.852878,-111.359100,13.386450,1,8,4,0.0000,0.0000,0.0000,0.5000,"SmartHighYoYo",0.090902
331,B0100,L7_rush_level_max,UNKNOWN,5754.895019,125.905403,76.645084,50.180040,-126.358006,11185.106067,253.198558,14023.250646,-90.554927,-6632.379832,-288.042089,210.335710,False,False,False,False,False,True,False,1-circle,-1.000000,154.183731,100.000000,100.000000,0.000000,0.000000,156.852878,-111.359100,13.386450,2,0,0,0.0000,0.0000,0.0000,0.5000,"Pursue",0.060039
332,A0100,adaptive_eagle_v9,UNKNOWN,5846.285892,123.362629,79.156322,44.949091,-123.672818,11203.651346,252.340597,14022.594448,-3.280992,-6611.825861,-255.364024,210.980740,False,False,False,False,False,True,False,1-circle,-1.000000,142.238632,100.000000,100.000000,0.000000,0.000000,162.634278,-105.755231,11.158602,1,8,4,0.0000,0.0000,0.0000,0.5000,"SmartHighYoYo",0.078160
332,B0100,L7_rush_level_max,UNKNOWN,5846.285892,123.362629,79.156322,44.949091,-123.672818,11203.651346,252.340597,14022.594448,-3.280992,-6611.825861,-255.364024,210.980740,False,False,False,False,False,True,False,1-circle,-1.000000,142.238632,100.000000,100.000000,0.000000,0.000000,162.634278,-105.755231,11.158602,2,0,0,0.0000,0.0000,0.0000,0.5000,"Pursue",0.060722
333,A0100,adaptive_eagle_v9,UNKNOWN,5927.370645,120.921563,81.233507,40.266742,-121.133420,11220.390535,251.648771,14023.897800,6.516759,-6620.845497,-226.704927,211.498467,False,False,False,False,False,True,False,1-circle,-1.000000,132.726228,100.000000,100.000000,0.000000,0.000000,170.957019,-97.572078,9.546113,1,8,4,0.0000,0.0000,0.0000,0.5000,"SmartHighYoYo",0.078773
333,B0100,L7_rush_level_max,UNKNOWN,5927.370645,120.921563,81.233507,40.266742,-121.133420,11220.390535,251.648771,14023.897800,6.516759,-6620.845497,-226.704927,211.498467,False,False,False,False,False,True,False,1-circle,-1.000000,132.726228,100.000000,100.000000,0.000000,0.000000,170.957019,-97.572078,9.546113,2,0,0,0.0000,0.0000,0.0000,0.5000,"Pursue",0.067397
334,A0100,adaptive_eagle_v9,UNKNOWN,5998.951488,118.349585,83.243046,35.581607,-118.490265,11235.582560,250.834761,14020.982110,-14.578448,-6643.176153,-197.698718,212.125470,False,False,False,False,False,True,False,1-circle,-1.000000,125.262927,100.000000,100.000000,0.000000,0.000000,178.965021,-89.673204,8.709448,1,8,4,0.0000,0.0000,0.0000,0.5000,"SmartHighYoYo",0.086917
334,B0100,L7_rush_level_max,UNKNOWN,5998.951488,118.349585,83.243046,35.581607,-118.490265,11235.582560,250.834761,14020.982110,-14.578448,-6643.176153,-197.698718,212.125470,False,False,False,False,False,True,False,1-circle,-1.000000,125.262927,100.000000,100.000000,0.000000,0.000000,178.965021,-89.673204,8.709448,2,0,0,0.0000,0.0000,0.0000,0.5000,"Pursue",0.083530
335,A0100,adaptive_eagle_v9,UNKNOWN,6060.289832,115.335294,85.367170,30.420810,-115.424350,11249.566950,249.583537,14007.247335,-68.673878,-6672.195070,-165.168429,54.336386,False,False,False,False,False,True,False,1-circle,-1.000000,119.067491,100.000000,100.000000,0.000000,0.000000,-177.356005,-86.083353,8.414161,1,8,4,0.0000,0.0000,0.0000,0.5000,"SmartHighYoYo",0.093209
335,B0100,L7_rush_level_max,UNKNOWN,6060.289832,115.335294,85.367170,30.420810,-115.424350,11249.566950,249.583537,14007.247335,-68.673878,-6672.195070,-165.168429,54.336386,False,False,False,False,False,True,False,1-circle,-1.000000,119.067491,100.000000,100.000000,0.000000,0.000000,-177.356005,-86.083353,8.414161,2,0,0,0.0000,0.0000,0.0000,0.5000,"Pursue",0.113246
336,A0100,adaptive_eagle_v9,UNKNOWN,6109.789241,111.494192,87.543246,24.458161,-111.536633,11262.587535,247.526255,13974.992941,-161.271969,-6724.167727,-127.690889,214.827372,False,False,False,False,False,True,False,1-circle,-1.000000,113.269708,100.000000,100.000000,0.000000,0.000000,178.845740,-89.961031,8.226486,1,8,4,0.0000,0.0000,0.0000,0.5000,"SmartHighYoYo",0.117289
336,B0100,L7_rush_level_max,UNKNOWN,6109.789241,111.494192,87.543246,24.458161,-111.536633,11262.587535,247.526255,13974.992941,-161.271969,-6724.167727,-127.690889,214.827372,False,False,False,False,False,True,False,1-circle,-1.000000,113.269708,100.000000,100.000000,0.000000,0.000000,178.845740,-89.961031,8.226486,2,0,0,0.0000,0.0000,0.0000,0.5000,"Pursue",0.111428
337,A0100,adaptive_eagle_v9,DBFM,6145.798427,107.373640,90.151472,17.825258,-107.373209,11274.433757,245.263678,13937.478909,-187.570161,-6748.268692,-84.915892,216.738616,False,False,False,False,False,True,False,1-circle,-1.000000,107.424675,100.000000,100.000000,0.000000,0.000000,171.287996,-97.593723,7.752389,1,7,4,0.0000,0.0000,0.0000,0.5000,"SmartHighYoYo",0.116103
337,B0100,L7_rush_level_max,DBFM,6145.798427,107.373640,90.151472,17.825258,-107.373209,11274.433757,245.263678,13937.478909,-187.570161,-6748.268692,-84.915892,216.738616,False,False,False,False,False,True,False,1-circle,-1.000000,107.424675,100.000000,100.000000,0.000000,0.000000,171.287996,-97.593723,7.752389,2,0,0,0.0000,0.0000,0.0000,0.5000,"Pursue",-0.407835
338,A0100,adaptive_eagle_v9,DBFM,6167.629810,103.900538,92.605316,11.947770,-103.873560,11284.552568,243.734029,13914.483801,-114.975537,-6764.713197,-46.790478,218.044083,False,False,False,False,False,True,False,1-circle,-1.000000,102.089560,100.000000,100.000000,0.000000,0.000000,167.085184,-101.861818,6.879832,1,7,4,0.0000,0.0000,0.0000,0.5000,"SmartHighYoYo",0.107060
338,B0100,L7_rush_level_max,DBFM,6167.629810,103.900538,92.605316,11.947770,-103.873560,11284.552568,243.734029,13914.483801,-114.975537,-6764.713197,-46.790478,218.044083,False,False,False,False,False,True,False,1-circle,-1.000000,102.089560,100.000000,100.000000,0.000000,0.000000,167.085184,-101.861818,6.879832,2,0,0,0.0000,0.0000,0.0000,0.5000,"Pursue",-0.368820
339,A0100,adaptive_eagle_v9,DBFM,6178.058297,101.293574,94.754984,7.417117,-101.258018,11292.881314,243.155198,13910.336012,-20.738945,-6782.316759,-15.686594,218.527724,False,False,False,False,False,True,False,1-circle,-1.000000,97.231923,100.000000,100.000000,0.000000,0.000000,171.467474,-97.536702,5.826920,4,7,3,0.0000,0.0000,0.0000,0.5000,"SmartHighYoYo",0.136002
339,B0100,L7_rush_level_max,DBFM,6178.058297,101.293574,94.754984,7.417117,-101.258018,11292.881314,243.155198,13910.336012,-20.738945,-6782.316759,-15.686594,218.527724,False,False,False,False,False,True,False,1-circle,-1.000000,97.231923,100.000000,100.000000,0.000000,0.000000,171.467474,-97.536702,5.826920,2,0,0,0.0000,0.0000,0.0000,0.5000,"Pursue",-0.472458
340,A0100,adaptive_eagle_v9,DBFM,6177.969684,98.993755,97.347699,3.853455,-98.957893,11299.751350,242.907604,13911.878281,7.711346,-6755.507390,17.474869,218.724519,False,False,False,False,False,True,False,1-circle,-1.000000,91.954834,100.000000,100.000000,0.000000,0.000000,179.037344,-90.025672,4.974228,1,7,4,0.0000,0.0000,0.0000,0.5000,"SmartHighYoYo",0.155021
340,B0100,L7_rush_level_max,DBFM,6177.969684,98.993755,97.347699,3.853455,-98.957893,11299.751350,242.907604,13911.878281,7.711346,-6755.507390,17.474869,218.724519,False,False,False,False,False,True,False,1-circle,-1.000000,91.954834,100.000000,100.000000,0.000000,0.000000,179.037344,-90.025672,4.974228,2,0,0,0.0000,0.0000,0.0000,0.5000,"Pursue",-0.507451
341,A0100,adaptive_eagle_v9,DBFM,6166.060511,96.576824,100.139948,4.941613,-96.543799,11305.421623,242.530772,13909.450272,-12.140045,-6719.660652,52.686848,28.958946,False,False,False,False,False,True,False,1-circle,-1.000000,86.018669,100.000000,100.000000,0.000000,0.000000,-173.352862,-82.478905,4.637248,1,7,4,0.0000,0.0000,0.0000,0.5000,"SmartHighYoYo",0.137379
341,B0100,L7_rush_level_max,DBFM,6166.060511,96.576824,100.139948,4.941613,-96.543799,11305.421623,242.530772,13909.450272,-12.140045,-6719.660652,52.686848,28.958946,False,False,False,False,False,True,False,1-circle,-1.000000,86.018669,100.000000,100.000000,0.000000,0.000000,-173.352862,-82.478905,4.637248,2,0,0,0.0000,0.0000,0.0000,0.5000,"Pursue",-0.389499
342,A0100,adaptive_eagle_v9,DBFM,6142.536336,93.749036,102.477866,9.367186,-93.718253,11310.234481,241.715407,13896.783579,-63.333468,-6737.815867,86.139713,19.664916,False,False,False,False,False,True,False,1-circle,-1.000000,79.919337,100.000000,100.000000,0.000000,0.000000,-169.774017,-78.962636,4.704222,1,7,4,0.0000,0.0000,0.0000,0.5000,"SmartHighYoYo",0.135704
342,B0100,L7_rush_level_max,DBFM,6142.536336,93.749036,102.477866,9.367186,-93.718253,11310.234481,241.715407,13896.783579,-63.333468,-6737.815867,86.139713,19.664916,False,False,False,False,False,True,False,1-circle,-1.000000,79.919337,100.000000,100.000000,0.000000,0.000000,-169.774017,-78.962636,4.704222,2,0,0,0.0000,0.0000,0.0000,0.5000,"Pursue",-0.316852
343,A0100,adaptive_eagle_v9,DBFM,6107.451688,90.106171,104.664515,15.011233,-90.076344,11314.578245,240.103198,13866.738532,-150.225232,-6796.038590,122.250042,29.806457,False,False,False,False,False,True,False,1-circle,-1.000000,73.333059,100.000000,100.000000,0.000000,0.000000,-173.364990,-82.619472,4.819699,1,7,4,0.0000,0.0000,0.0000,0.5000,"SmartHighYoYo",-0.665151
343,B0100,L7_rush_level_max,DBFM,6107.451688,90.106171,104.664515,15.011233,-90.076344,11314.578245,240.103198,13866.738532,-150.225232,-6796.038590,122.250042,29.806457,False,False,False,False,False,True,False,1-circle,-1.000000,73.333059,100.000000,100.000000,0.000000,0.000000,-173.364990,-82.619472,4.819699,2,0,0,0.0000,0.0000,0.0000,0.5000,"Pursue",-0.392447
344,A0100,adaptive_eagle_v9,DBFM,6059.373031,86.091320,107.314789,21.571294,-86.065922,11318.420547,238.214740,13830.592258,-180.731370,-6825.890892,163.251375,222.903265,False,False,True,False,False,True,False,1-circle,-1.000000,65.855897,100.000000,100.000000,0.000000,0.000000,179.422374,-89.905642,4.658505,1,7,4,0.0000,0.0000,0.0000,0.5000,"SmartHighYoYo",-0.526659
344,B0100,L7_rush_level_max,DBFM,6059.373031,86.091320,107.314789,21.571294,-86.065922,11318.420547,238.214740,13830.592258,-180.731370,-6825.890892,163.251375,222.903265,False,False,True,False,False,True,False,1-circle,-1.000000,65.855897,100.000000,100.000000,0.000000,0.000000,179.422374,-89.905642,4.658505,2,0,0,0.0000,0.0000,0.0000,0.5000,"Pursue",-0.450904
345,A0100,adaptive_eagle_v9,DBFM,5997.516534,82.669544,110.135609,27.680543,-82.654417,11321.229934,237.002393,13807.896296,-113.479811,-6822.480388,201.963876,224.016576,False,False,True,False,False,True,False,1-circle,-1.000000,58.236178,100.000000,100.000000,0.000000,0.000000,175.434555,-93.967483,4.146266,1,7,4,0.0000,0.0000,0.0000,0.5000,"SmartHighYoYo",-0.365068
345,B0100,L7_rush_level_max,DBFM,5997.516534,82.669544,110.135609,27.680543,-82.654417,11321.229934,237.002393,13807.896296,-113.479811,-6822.480388,201.963876,224.016576,False,False,True,False,False,True,False,1-circle,-1.000000,58.236178,100.000000,100.000000,0.000000,0.000000,175.434555,-93.967483,4.146266,2,0,0,0.0000,0.0000,0.0000,0.5000,"Pursue",-0.387057
346,A0100,adaptive_eagle_v9,DBFM,5923.898825,80.129554,112.477379,32.470289,-80.123480,11322.773252,236.692846,13802.948221,-24.740378,-6832.484572,232.494123,224.299903,False,False,True,False,False,True,False,1-circle,-1.000000,51.564073,100.000000,100.000000,0.000000,0.000000,179.766276,-89.699729,3.491397,1,7,4,0.0000,0.0000,0.0000,0.5000,"SmartHighYoYo",-0.295037
346,B0100,L7_rush_level_max,DBFM,5923.898825,80.129554,112.477379,32.470289,-80.123480,11322.773252,236.692846,13802.948221,-24.740378,-6832.484572,232.494123,224.299903,False,False,True,False,False,True,False,1-circle,-1.000000,51.564073,100.000000,100.000000,0.000000,0.000000,179.766276,-89.699729,3.491397,2,0,0,0.0000,0.0000,0.0000,0.5000,"Pursue",-0.377608
347,A0100,adaptive_eagle_v9,DBFM,5840.783214,77.928753,114.692742,36.844650,-77.928459,11323.224079,236.704941,13803.652534,3.521568,-6846.960141,260.219608,28.487513,False,False,True,False,False,True,False,1-circle,-1.000000,45.668123,100.000000,100.000000,0.000000,0.000000,-172.652966,-82.175043,3.020624,1,7,4,0.0000,0.0000,0.0000,0.5000,"SmartHighYoYo",-0.401462
347,B0100,L7_rush_level_max,DBFM,5840.783214,77.928753,114.692742,36.844650,-77.928459,11323.224079,236.704941,13803.652534,3.521568,-6846.960141,260.219608,28.487513,False,False,True,False,False,True,False,1-circle,-1.000000,45.668123,100.000000,100.000000,0.000000,0.000000,-172.652966,-82.175043,3.020624,2,0,0,0.0000,0.0000,0.0000,0.5000,"Pursue",-0.359037
348,A0100,adaptive_eagle_v9,DBFM,5747.947248,75.181710,116.972760,41.867514,-75.183506,11322.894509,236.146743,13791.638056,-60.072389,-6874.639400,290.430457,17.320603,False,False,True,False,False,True,False,1-circle,-1.000000,39.815664,100.000000,100.000000,0.000000,0.000000,-167.656748,-77.234813,2.896786,4,7,3,0.0000,0.0000,0.0000,0.5000,"SmartHighYoYo",-0.531313
348,B0100,L7_rush_level_max,DBFM,5747.947248,75.181710,116.972760,41.867514,-75.183506,11322.894509,236.146743,13791.638056,-60.072389,-6874.639400,290.430457,17.320603,False,False,True,False,False,True,False,1-circle,-1.000000,39.815664,100.000000,100.000000,0.000000,0.000000,-167.656748,-77.234813,2.896786,2,0,0,0.0000,0.0000,0.0000,0.5000,"Pursue",-0.403942
349,A0100,adaptive_eagle_v9,DBFM,5644.075228,71.635651,119.686106,48.143913,-71.637472,11322.245549,234.800565,13762.922697,-143.576795,-6891.131704,326.258221,20.109014,False,False,True,False,False,True,False,1-circle,-1.000000,33.016562,100.000000,100.000000,0.000000,0.000000,-169.252272,-78.897139,2.927104,1,7,4,0.0000,0.0000,0.0000,0.5000,"SmartHighYoYo",-0.550861
349,B0100,L7_rush_level_max,DBFM,5644.075228,71.635651,119.686106,48.143913,-71.637472,11322.245549,234.800565,13762.922697,-143.576795,-6891.131704,326.258221,20.109014,False,False,True,False,False,True,False,1-circle,-1.000000,33.016562,100.000000,100.000000,0.000000,0.000000,-169.252272,-78.897139,2.927104,2,0,0,0.0000,0.0000,0.0000,0.5000,"Pursue",-0.420770
350,A0100,adaptive_eagle_v9,DBFM,5527.694280,67.895017,122.567272,54.757036,-67.896500,11321.390340,233.324841,13731.484532,-157.190825,-6898.133541,362.802740,41.089307,False,False,True,False,False,True,False,1-circle,-1.000000,25.387785,100.000000,100.000000,0.000000,0.000000,-174.757960,-84.480021,2.837906,4,7,3,0.0000,0.0000,0.0000,0.5000,"SmartHighYoYo",-0.454660
350,B0100,L7_rush_level_max,DBFM,5527.694280,67.895017,122.567272,54.757036,-67.896500,11321.390340,233.324841,13731.484532,-157.190825,-6898.133541,362.802740,41.089307,False,False,True,False,False,True,False,1-circle,-1.000000,25.387785,100.000000,100.000000,0.000000,0.000000,-174.757960,-84.480021,2.837906,2,0,0,0.0000,0.0000,0.0000,0.5000,"Pursue",-0.418949
351,A0100,adaptive_eagle_v9,DBFM,5399.544176,64.590668,125.337939,60.791320,-64.589159,11319.921513,232.350378,13709.926595,-107.789689,-6897.035732,395.665674,94.385539,False,False,True,False,False,True,False,1-circle,-1.000000,18.332616,100.000000,100.000000,0.000000,0.000000,-177.785764,-87.580924,2.548791,1,7,4,0.0000,0.0000,0.0000,0.5000,"SmartHighYoYo",-0.304790
351,B0100,L7_rush_level_max,DBFM,5399.544176,64.590668,125.337939,60.791320,-64.589159,11319.921513,232.350378,13709.926595,-107.789689,-6897.035732,395.665674,94.385539,False,False,True,False,False,True,False,1-circle,-1.000000,18.332616,100.000000,100.000000,0.000000,0.000000,-177.785764,-87.580924,2.548791,2,0,0,0.0000,0.0000,0.0000,0.5000,"Pursue",-0.365713
352,A0100,adaptive_eagle_v9,DBFM,5261.413975,62.129537,127.626165,65.510431,-62.120543,11317.569966,232.202308,13704.529860,-26.983674,-6907.529439,421.548772,33.232897,False,False,True,False,False,True,False,1-circle,-1.000000,13.058496,100.000000,100.000000,0.000000,0.000000,-173.302956,-83.153649,2.219117,4,7,3,0.0000,0.0000,0.0000,0.5000,"SmartHighYoYo",-0.286074
352,B0100,L7_rush_level_max,DBFM,5261.413975,62.129537,127.626165,65.510431,-62.120543,11317.569966,232.202308,13704.529860,-26.983674,-6907.529439,421.548772,33.232897,False,False,True,False,False,True,False,1-circle,-1.000000,13.058496,100.000000,100.000000,0.000000,0.000000,-173.302956,-83.153649,2.219117,2,0,0,0.0000,0.0000,0.0000,0.5000,"Pursue",-0.417274
353,A0100,adaptive_eagle_v9,DBFM,5114.836983,59.576576,130.143457,70.568221,-59.558543,11314.455357,231.945150,13696.131194,-41.993329,-6900.971698,448.219453,19.616725,False,False,True,False,False,True,False,1-circle,-1.000000,9.473317,100.000000,100.000000,0.000000,0.000000,-168.601211,-78.490100,1.971281,1,7,4,0.0000,0.0000,0.0000,0.5000,"SmartHighYoYo",-0.478135
353,B0100,L7_rush_level_max,DBFM,5114.836983,59.576576,130.143457,70.568221,-59.558543,11314.455357,231.945150,13696.131194,-41.993329,-6900.971698,448.219453,19.616725,False,False,True,False,False,True,False,1-circle,-1.000000,9.473317,100.000000,100.000000,0.000000,0.000000,-168.601211,-78.490100,1.971281,2,1,1,0.0000,0.0000,0.0000,0.5000,"Pursue",-0.303968
354,A0100,adaptive_eagle_v9,DBFM,4958.795049,56.247679,132.538345,76.291989,-56.222187,11310.947007,230.936309,13671.949796,-120.906990,-6917.597370,475.878379,20.701664,False,False,True,False,False,True,False,1-circle,-1.000000,7.898177,100.000000,100.000000,0.000000,0.000000,-169.127286,-79.031986,1.809696,4,7,3,0.0000,0.0000,0.0000,0.5000,"SmartHighYoYo",-0.497408
354,B0100,L7_rush_level_max,DBFM,4958.795049,56.247679,132.538345,76.291989,-56.222187,11310.947007,230.936309,13671.949796,-120.906990,-6917.597370,475.878379,20.701664,False,False,True,False,False,True,False,1-circle,-1.000000,7.898177,100.000000,100.000000,0.000000,0.000000,-169.127286,-79.031986,1.809696,2,1,1,0.0000,0.0000,0.0000,0.5000,"Pursue",-0.295601
355,A0100,adaptive_eagle_v9,DBFM,4793.628417,52.770748,135.022150,82.265249,-52.734564,11307.169833,229.835768,13645.723239,-131.132786,-6926.207666,503.199588,33.341591,False,False,True,False,False,True,False,1-circle,-1.000000,8.059857,100.000000,100.000000,0.000000,0.000000,-173.206459,-83.106117,1.595946,2,8,3,0.0000,0.0000,0.0000,0.5000,"LeadPursuit",-0.431406
355,B0100,L7_rush_level_max,DBFM,4793.628417,52.770748,135.022150,82.265249,-52.734564,11307.169833,229.835768,13645.723239,-131.132786,-6926.207666,503.199588,33.341591,False,False,True,False,False,True,False,1-circle,-1.000000,8.059857,100.000000,100.000000,0.000000,0.000000,-173.206459,-83.106117,1.595946,2,1,1,0.0000,0.0000,0.0000,0.5000,"Pursue",-0.275433
356,A0100,adaptive_eagle_v9,DBFM,4619.518596,49.617235,137.364355,87.797572,-49.561306,11302.840773,229.102658,13626.499347,-96.119460,-6925.607902,527.504953,46.261164,False,False,True,False,False,True,False,1-circle,-1.000000,10.896815,100.000000,100.000000,0.000000,0.000000,-175.144341,-85.003917,1.290242,2,8,3,0.0000,0.0000,0.0000,0.5000,"LeadPursuit",-0.266928
356,B0100,L7_rush_level_max,DBFM,4619.518596,49.617235,137.364355,87.797572,-49.561306,11302.840773,229.102658,13626.499347,-96.119460,-6925.607902,527.504953,46.261164,False,False,True,False,False,True,False,1-circle,-1.000000,10.896815,100.000000,100.000000,0.000000,0.000000,-175.144341,-85.003917,1.290242,2,1,1,0.0000,0.0000,0.0000,0.5000,"Pursue",-0.296719
357,A0100,adaptive_eagle_v9,DBFM,4437.986584,47.181241,139.494485,92.408304,-47.102824,11297.763334,229.062786,13620.613174,-29.430865,-6924.459688,547.911604,23.119143,False,False,True,False,False,True,False,2-circle,-1.000000,16.206998,100.000000,100.000000,0.000000,0.000000,-170.292328,-80.075455,1.038695,2,8,3,0.0000,0.0000,0.0000,0.5000,"LeadPursuit",-0.252226
357,B0100,L7_rush_level_max,DBFM,4437.986584,47.181241,139.494485,92.408304,-47.102824,11297.763334,229.062786,13620.613174,-29.430865,-6924.459688,547.911604,23.119143,False,False,True,False,False,True,False,2-circle,-1.000000,16.206998,100.000000,100.000000,0.000000,0.000000,-170.292328,-80.075455,1.038695,2,1,1,0.0000,0.0000,0.0000,0.5000,"Pursue",-0.311519
358,A0100,adaptive_eagle_v9,HABFM,4249.724443,44.658900,141.737928,97.204966,-44.565525,11292.049976,228.914975,13611.902966,-43.551037,-6918.407828,568.153349,15.381862,False,False,True,False,False,True,False,2-circle,-1.000000,23.466787,100.000000,100.000000,0.000000,0.000000,-165.582893,-75.255718,0.921931,2,7,3,0.0000,0.0000,0.0000,0.5000,"LeadPursuit",-0.410736
358,B0100,L7_rush_level_max,HABFM,4249.724443,44.658900,141.737928,97.204966,-44.565525,11292.049976,228.914975,13611.902966,-43.551037,-6918.407828,568.153349,15.381862,False,False,True,False,False,True,False,2-circle,-1.000000,23.466787,100.000000,100.000000,0.000000,0.000000,-165.582893,-75.255718,0.921931,2,1,1,0.0000,0.0000,0.0000,0.5000,"Pursue",-0.206314
359,A0100,adaptive_eagle_v9,HABFM,4054.452373,41.488334,144.038230,102.679966,-41.390252,11286.108970,228.145836,13590.399054,-107.519563,-6927.570156,589.182961,15.927725,False,False,True,False,False,True,False,2-circle,-1.000000,31.739300,100.000000,100.000000,0.000000,0.000000,-166.156190,-75.693403,0.902949,2,7,3,0.0000,0.0000,0.0000,0.5000,"LeadPursuit",-0.437453
359,B0100,L7_rush_level_max,HABFM,4054.452373,41.488334,144.038230,102.679966,-41.390252,11286.108970,228.145836,13590.399054,-107.519563,-6927.570156,589.182961,15.927725,False,False,True,False,False,True,False,2-circle,-1.000000,31.739300,100.000000,100.000000,0.000000,0.000000,-166.156190,-75.693403,0.902949,2,1,1,0.0000,0.0000,0.0000,0.5000,"Pursue",-0.150915
360,A0100,adaptive_eagle_v9,HABFM,3852.212104,38.182583,146.357861,108.295944,-38.076036,11280.079030,227.288790,13567.089181,-116.549363,-6940.311963,609.328651,22.402272,False,False,True,False,False,True,False,2-circle,-1.000000,40.287725,100.000000,100.000000,0.000000,0.000000,-170.301652,-79.684737,0.838110,2,7,3,0.0000,0.0000,0.0000,0.5000,"LeadPursuit",-0.329537
360,B0100,L7_rush_level_max,HABFM,3852.212104,38.182583,146.357861,108.295944,-38.076036,11280.079030,227.288790,13567.089181,-116.549363,-6940.311963,609.328651,22.402272,False,False,True,False,False,True,False,2-circle,-1.000000,40.287725,100.000000,100.000000,0.000000,0.000000,-170.301652,-79.684737,0.838110,2,1,1,0.0000,0.0000,0.0000,0.5000,"Pursue",-0.170363
361,A0100,adaptive_eagle_v9,HABFM,3643.479509,35.163319,148.668775,113.612466,-35.032343,11273.702803,226.758249,13550.048670,-85.202558,-6946.653893,627.600575,27.465404,False,False,True,False,False,True,False,2-circle,-1.000000,48.731711,100.000000,100.000000,0.000000,0.000000,-172.323159,-81.535891,0.687134,2,7,3,0.0000,0.0000,0.0000,0.5000,"LeadPursuit",0.037395
361,B0100,L7_rush_level_max,HABFM,3643.479509,35.163319,148.668775,113.612466,-35.032343,11273.702803,226.758249,13550.048670,-85.202558,-6946.653893,627.600575,27.465404,False,False,True,False,False,True,False,2-circle,-1.000000,48.731711,100.000000,100.000000,0.000000,0.000000,-172.323159,-81.535891,0.687134,2,1,1,0.0000,0.0000,0.0000,0.5000,"Pursue",-0.448195
362,A0100,adaptive_eagle_v9,HABFM,3428.841893,32.700225,151.394128,118.774821,-32.541715,11266.773932,226.746664,13542.887206,-35.807318,-6906.539552,644.670673,17.173925,False,False,True,False,False,True,False,2-circle,-1.000000,56.654166,100.000000,100.000000,0.000000,0.000000,-167.582014,-76.611460,0.591339,2,7,3,0.0000,0.0000,0.0000,0.5000,"LeadPursuit",0.214415
362,B0100,L7_rush_level_max,HABFM,3428.841893,32.700225,151.394128,118.774821,-32.541715,11266.773932,226.746664,13542.887206,-35.807318,-6906.539552,644.670673,17.173925,False,False,True,False,False,True,False,2-circle,-1.000000,56.654166,100.000000,100.000000,0.000000,0.000000,-167.582014,-76.611460,0.591339,2,1,1,0.0000,0.0000,0.0000,0.5000,"Pursue",-0.547438
363,A0100,adaptive_eagle_v9,HABFM,3208.598186,30.217917,154.336476,124.175960,-30.047356,11259.391331,226.651657,13533.597608,-46.447987,-6853.230434,660.740765,12.411063,False,False,True,False,False,True,False,2-circle,-1.000000,64.070317,100.000000,100.000000,0.000000,0.000000,-162.931774,-71.760974,0.619466,2,6,2,0.0000,0.0000,0.0000,0.5000,"LeadPursuit",-0.037157
363,B0100,L7_rush_level_max,HABFM,3208.598186,30.217917,154.336476,124.175960,-30.047356,11259.391331,226.651657,13533.597608,-46.447987,-6853.230434,660.740765,12.411063,False,False,True,False,False,True,False,2-circle,-1.000000,64.070317,100.000000,100.000000,0.000000,0.000000,-162.931774,-71.760974,0.619466,2,1,1,0.0000,0.0000,0.0000,0.5000,"Pursue",-0.193011
364,A0100,adaptive_eagle_v9,DBFM,2983.197973,27.279840,156.799396,129.556840,-27.116880,11251.945671,226.087692,13514.848458,-93.745750,-6852.792944,674.995551,12.708562,False,False,True,False,False,True,False,2-circle,-1.000000,71.358115,100.000000,100.000000,0.000000,0.000000,-163.517780,-72.117623,0.737368,2,6,2,0.0000,0.0000,0.0000,0.5000,"LeadPursuit",-0.083279
364,B0100,L7_rush_level_max,DBFM,2983.197973,27.279840,156.799396,129.556840,-27.116880,11251.945671,226.087692,13514.848458,-93.745750,-6852.792944,674.995551,12.708562,False,False,True,False,False,True,False,2-circle,-1.000000,71.358115,100.000000,100.000000,0.000000,0.000000,-163.517780,-72.117623,0.737368,2,2,1,0.0000,0.0000,0.0000,0.5000,"Pursue",-0.006382
365,A0100,adaptive_eagle_v9,DBFM,2753.264116,24.192582,159.072492,134.896175,-24.035854,11244.591247,225.410009,13493.948570,-104.499445,-6872.561655,687.753331,16.547322,False,False,True,False,False,True,False,2-circle,-1.000000,78.316421,100.000000,100.000000,0.000000,0.000000,-167.703577,-76.041284,0.827735,2,6,2,0.0000,0.0000,0.0000,0.5000,"LeadPursuit",0.195589
365,B0100,L7_rush_level_max,DBFM,2753.264116,24.192582,159.072492,134.896175,-24.035854,11244.591247,225.410009,13493.948570,-104.499445,-6872.561655,687.753331,16.547322,False,False,True,False,False,True,False,2-circle,-1.000000,78.316421,100.000000,100.000000,0.000000,0.000000,-167.703577,-76.041284,0.827735,2,2,1,0.0000,0.0000,0.0000,0.5000,"Pursue",-0.094802
366,A0100,adaptive_eagle_v9,DBFM,2519.264003,21.359343,161.340072,139.982592,-21.190060,11237.097618,225.011439,13478.507352,-77.206088,-6883.702741,698.903304,19.128835,False,False,True,False,False,True,False,2-circle,-1.000000,84.720740,100.000000,100.000000,0.000000,0.000000,-169.805317,-77.843224,0.859109,2,6,2,0.0000,0.0000,0.0000,0.5000,"LeadPursuit",1.002732
366,B0100,L7_rush_level_max,DBFM,2519.264003,21.359343,161.340072,139.982592,-21.190060,11237.097618,225.011439,13478.507352,-77.206088,-6883.702741,698.903304,19.128835,False,False,True,False,False,True,False,2-circle,-1.000000,84.720740,100.000000,100.000000,0.000000,0.000000,-169.805317,-77.843224,0.859109,2,2,1,0.0000,0.0000,0.0000,0.5000,"Pursue",-0.626440
367,A0100,adaptive_eagle_v9,DBFM,2281.718025,18.958945,163.974627,145.024502,-18.781760,11229.257266,224.993020,13470.300056,-41.036481,-6851.578877,708.585333,13.368958,False,False,True,True,False,True,False,2-circle,-1.000000,90.228341,100.000000,100.000000,0.000000,0.000000,-165.169723,-72.865993,0.949237,2,5,2,0.0000,0.0000,0.0000,0.5000,"LeadPursuit",1.786386
367,B0100,L7_rush_level_max,DBFM,2281.718025,18.958945,163.974627,145.024502,-18.781760,11229.257266,224.993020,13470.300056,-41.036481,-6851.578877,708.585333,13.368958,False,False,True,True,False,True,False,2-circle,-1.000000,90.228341,100.000000,100.000000,0.000000,0.000000,-165.169723,-72.865993,0.949237,2,2,1,0.0000,0.0000,0.0000,0.5000,"Pursue",-1.002784
368,A0100,adaptive_eagle_v9,DBFM,2041.093698,16.585631,166.792592,150.281306,-16.435271,11221.188459,224.893646,13460.252058,-50.239987,-6807.159251,716.708942,10.166439,False,False,True,True,False,True,False,2-circle,-1.000000,94.897353,100.000000,100.000000,0.000000,0.000000,-160.626271,-67.921052,1.160314,2,6,2,0.0000,0.0000,0.0000,0.5000,"LeadPursuit",1.801369
368,B0100,L7_rush_level_max,DBFM,2041.093698,16.585631,166.792592,150.281306,-16.435271,11221.188459,224.893646,13460.252058,-50.239987,-6807.159251,716.708942,10.166439,False,False,True,True,False,True,False,2-circle,-1.000000,94.897353,100.000000,100.000000,0.000000,0.000000,-160.626271,-67.921052,1.160314,2,2,1,0.0000,0.0000,0.0000,0.5000,"Pursue",-0.648171
369,A0100,adaptive_eagle_v9,DBFM,1798.211486,13.865133,169.048713,155.427901,-13.781199,11213.276768,224.372862,13441.982415,-91.348217,-6730.869652,721.278890,10.290854,False,True,True,True,False,True,False,2-circle,-1.000000,99.150553,99.630146,100.000000,0.000000,0.369854,-161.320014,-68.115112,1.466753,2,6,2,0.0000,0.0000,0.0000,0.5000,"LeadPursuit",2.585001
369,B0100,L7_rush_level_max,DBFM,1798.211486,13.865133,169.048713,155.427901,-13.781199,11213.276768,224.372862,13441.982415,-91.348217,-6730.869652,721.278890,10.290854,False,True,True,True,False,True,False,2-circle,-1.000000,99.150553,99.630146,100.000000,0.000000,0.369854,-161.320014,-68.115112,1.466753,2,3,1,0.0000,0.0000,0.0000,0.5000,"Pursue",-1.006102
370,A0100,adaptive_eagle_v9,DBFM,1554.029308,11.231975,170.841860,160.275217,-11.215033,11205.683007,223.885500,13424.717182,-86.326162,-6653.369322,723.846364,10.388803,False,True,True,True,False,True,False,2-circle,-1.000000,102.804450,98.624201,100.000000,0.000000,1.375799,-162.099062,-68.257704,1.921984,2,6,1,0.0000,0.0000,0.0000,0.5000,"LeadPursuit",4.358632
370,B0100,L7_rush_level_max,DBFM,1554.029308,11.231975,170.841860,160.275217,-11.215033,11205.683007,223.885500,13424.717182,-86.326162,-6653.369322,723.846364,10.388803,False,True,True,True,False,True,False,2-circle,-1.000000,102.804450,98.624201,100.000000,0.000000,1.375799,-162.099062,-68.257704,1.921984,2,3,0,0.0000,0.0000,0.0000,0.5000,"Pursue",-2.394578
371,A0100,adaptive_eagle_v9,DBFM,1309.055299,9.182460,171.943900,164.511458,-9.212278,11198.260663,223.777491,13415.154309,-47.814368,-6565.769478,724.618309,8.274385,False,True,True,True,False,True,False,2-circle,-1.000000,105.599678,96.809611,100.000000,0.000000,3.190389,-158.068858,-63.388792,2.594544,2,5,1,0.0000,0.0000,0.0000,0.5000,"LeadPursuit",4.750172
371,B0100,L7_rush_level_max,DBFM,1309.055299,9.182460,171.943900,164.511458,-9.212278,11198.260663,223.777491,13415.154309,-47.814368,-6565.769478,724.618309,8.274385,False,True,True,True,False,True,False,2-circle,-1.000000,105.599678,96.809611,100.000000,0.000000,3.190389,-158.068858,-63.388792,2.594544,2,3,0,0.0000,0.0000,0.0000,0.5000,"Pursue",-3.014260
372,A0100,adaptive_eagle_v9,DBFM,1063.757579,7.548628,171.642337,168.367036,-7.469675,11191.079658,223.598627,13404.430816,-53.617465,-6484.813048,723.093069,6.980871,False,True,True,True,False,True,False,2-circle,-1.000000,106.949356,94.192785,100.000000,0.000000,5.807215,-155.102678,-59.273856,3.404736,2,4,1,0.0000,0.0000,0.0000,0.5000,"LeadPursuit",-2.536178
372,B0100,L7_rush_level_max,DBFM,1063.757579,7.548628,171.642337,168.367036,-7.469675,11191.079658,223.598627,13404.430816,-53.617465,-6484.813048,723.093069,6.980871,False,True,True,True,False,True,False,2-circle,-1.000000,106.949356,94.192785,100.000000,0.000000,5.807215,-155.102678,-59.273856,3.404736,2,3,0,0.0000,0.0000,0.0000,0.5000,"Pursue",1.749252
373,A0100,adaptive_eagle_v9,DBFM,818.800560,6.729595,169.403651,171.938179,-5.804358,11184.570480,222.994385,13385.975304,-92.277558,-6388.089168,717.099513,7.320141,False,True,True,True,False,True,False,2-circle,-1.000000,105.916584,91.529038,100.000000,0.000000,8.470962,-157.882974,-60.386234,4.237388,2,8,1,0.0000,0.0000,0.0000,0.5000,"SmartGunAttack",-9.179577
373,B0100,L7_rush_level_max,DBFM,818.800560,6.729595,169.403651,171.938179,-5.804358,11184.570480,222.994385,13385.975304,-92.277558,-6388.089168,717.099513,7.320141,False,True,True,True,False,True,False,2-circle,-1.000000,105.916584,91.529038,100.000000,0.000000,8.470962,-157.882974,-60.386234,4.237388,2,2,0,0.0000,0.0000,0.0000,0.5000,"GunAttack",5.320186
374,A0100,adaptive_eagle_v9,DBFM,575.392117,8.384172,164.921819,173.018248,-5.009732,11178.986320,222.227413,13365.274057,-103.506237,-6289.623746,704.232729,8.756404,False,True,True,True,False,True,False,2-circle,-1.000000,102.519648,90.487159,100.000000,0.000000,9.512841,-164.838962,-64.507076,4.885785,2,4,1,0.0000,0.0000,0.0000,0.5000,"LeadPursuit",-6.211901
374,B0100,L7_rush_level_max,DBFM,575.392117,8.384172,164.921819,173.018248,-5.009732,11178.986320,222.227413,13365.274057,-103.506237,-6289.623746,704.232729,8.756404,False,True,True,True,False,True,False,2-circle,-1.000000,102.519648,90.487159,100.000000,0.000000,9.512841,-164.838962,-64.507076,4.885785,2,2,0,0.0000,0.0000,0.0000,0.5000,"GunAttack",3.213349
375,A0100,adaptive_eagle_v9,DBFM,335.308576,15.215024,155.360484,170.080729,-7.465676,11174.134683,221.526150,13346.646061,-93.139980,-6246.297086,669.440829,11.322789,False,False,True,True,False,True,False,2-circle,-1.000000,98.167675,90.487159,100.000000,0.000000,9.512841,-176.731637,-69.699185,5.251455,2,2,2,0.0000,0.0000,0.0000,0.5000,"LeadPursuit",1.845438
375,B0100,L7_rush_level_max,DBFM,335.308576,15.215024,155.360484,170.080729,-7.465676,11174.134683,221.526150,13346.646061,-93.139980,-6246.297086,669.440829,11.322789,False,False,True,True,False,True,False,2-circle,-1.000000,98.167675,90.487159,100.000000,0.000000,9.512841,-176.731637,-69.699185,5.251455,2,2,0,0.0000,0.0000,0.0000,0.5000,"GunAttack",4.337047
376,A0100,adaptive_eagle_v9,DBFM,114.346497,47.970659,119.734822,165.415803,-33.748601,11169.689453,220.899433,13329.925766,-83.601473,-6186.986073,401.106312,15.479572,False,False,True,False,False,True,False,2-circle,-1.000000,95.365221,90.487159,100.000000,0.000000,9.512841,145.042450,-74.817546,5.333497,2,0,2,0.0000,0.0000,0.0000,0.5000,"LeadPursuit",4.550230
376,B0100,L7_rush_level_max,DBFM,114.346497,47.970659,119.734822,165.415803,-33.748601,11169.689453,220.899433,13329.925766,-83.601473,-6186.986073,401.106312,15.479572,False,False,True,False,False,True,False,2-circle,-1.000000,95.365221,90.487159,100.000000,0.000000,9.512841,145.042450,-74.817546,5.333497,2,1,1,0.0000,0.0000,0.0000,0.5000,"Pursue",3.102377
377,A0100,adaptive_eagle_v9,HABFM,174.224505,131.414367,34.445704,161.043780,-141.765132,11165.342096,220.344568,13314.739674,-75.930461,-6149.679550,-547.987457,21.930749,False,False,False,False,False,True,False,2-circle,-1.000000,96.731219,90.487159,100.000000,0.000000,9.512841,42.091793,-79.129895,5.016253,2,0,2,0.0000,0.0000,0.0000,0.5000,"LeadPursuit",-0.358539
377,B0100,L7_rush_level_max,HABFM,174.224505,131.414367,34.445704,161.043780,-141.765132,11165.342096,220.344568,13314.739674,-75.930461,-6149.679550,-547.987457,21.930749,False,False,False,False,False,True,False,2-circle,-1.000000,96.731219,90.487159,100.000000,0.000000,9.512841,42.091793,-79.129895,5.016253,2,0,0,0.0000,0.0000,0.0000,0.5000,"Pursue",-0.323696
378,A0100,adaptive_eagle_v9,HABFM,401.310494,149.091224,17.325298,157.306116,-154.413596,11160.805720,219.851247,13300.589668,-70.750028,-6111.469856,-656.722020,32.831844,False,False,False,False,False,True,False,2-circle,-1.000000,104.419250,90.487159,100.000000,0.000000,9.512841,22.066802,-82.674096,4.302098,2,0,2,0.0000,0.0000,0.0000,0.5000,"LeadPursuit",-0.091997
378,B0100,L7_rush_level_max,HABFM,401.310494,149.091224,17.325298,157.306116,-154.413596,11160.805720,219.851247,13300.589668,-70.750028,-6111.469856,-656.722020,32.831844,False,False,False,False,False,True,False,2-circle,-1.000000,104.419250,90.487159,100.000000,0.000000,9.512841,22.066802,-82.674096,4.302098,2,0,0,0.0000,0.0000,0.0000,0.5000,"Pursue",-0.049346
379,A0100,adaptive_eagle_v9,HABFM,633.741271,152.315555,16.096803,154.456682,-156.113540,11155.822268,219.412356,13287.071403,-67.591329,-6064.543374,-665.144426,57.849858,False,False,False,False,False,True,False,2-circle,-1.000000,119.826144,90.487159,100.000000,0.000000,9.512841,14.918815,-85.818356,3.311056,2,8,2,0.0000,0.0000,0.0000,0.5000,"LeadPursuit",-0.022439
379,B0100,L7_rush_level_max,HABFM,633.741271,152.315555,16.096803,154.456682,-156.113540,11155.822268,219.412356,13287.071403,-67.591329,-6064.543374,-665.144426,57.849858,False,False,False,False,False,True,False,2-circle,-1.000000,119.826144,90.487159,100.000000,0.000000,9.512841,14.918815,-85.818356,3.311056,2,0,0,0.0000,0.0000,0.0000,0.5000,"Pursue",-0.005652
380,A0100,adaptive_eagle_v9,HABFM,865.358064,152.606114,17.099557,152.511640,-156.004590,11150.150882,219.195215,13277.183728,-49.438372,-6041.025246,-663.071431,51.849275,False,False,False,False,False,True,False,2-circle,-1.000000,142.719113,90.487159,100.000000,0.000000,9.512841,14.040305,-85.331497,2.242045,2,8,2,0.0000,0.0000,0.0000,0.5000,"LeadPursuit",0.012280
380,B0100,L7_rush_level_max,HABFM,865.358064,152.606114,17.099557,152.511640,-156.004590,11150.150882,219.195215,13277.183728,-49.438372,-6041.025246,-663.071431,51.849275,False,False,False,False,False,True,False,2-circle,-1.000000,142.719113,90.487159,100.000000,0.000000,9.512841,14.040305,-85.331497,2.242045,2,0,0,0.0000,0.0000,0.0000,0.5000,"Pursue",0.004631
381,A0100,adaptive_eagle_v9,HABFM,1096.237204,152.211106,17.518082,150.621333,-155.513388,11143.717818,219.286191,13272.516662,-23.335328,-6080.005680,-662.945657,21.326109,False,False,False,False,False,True,False,2-circle,-1.000000,170.051780,90.487159,100.000000,0.000000,9.512841,20.044380,-78.773930,1.473779,2,8,2,0.0000,0.0000,0.0000,0.5000,"LeadPursuit",0.017846
381,B0100,L7_rush_level_max,HABFM,1096.237204,152.211106,17.518082,150.621333,-155.513388,11143.717818,219.286191,13272.516662,-23.335328,-6080.005680,-662.945657,21.326109,False,False,False,False,False,True,False,2-circle,-1.000000,170.051780,90.487159,100.000000,0.000000,9.512841,20.044380,-78.773930,1.473779,2,0,0,0.0000,0.0000,0.0000,0.5000,"Pursue",0.014341
382,A0100,adaptive_eagle_v9,HABFM,1327.296706,151.384739,17.020866,148.403594,-154.530656,11136.727667,219.263794,13265.091688,-37.124873,-6197.042726,-665.704210,13.511162,False,False,False,False,False,True,False,2-circle,-1.000000,197.853433,90.487159,100.000000,0.000000,9.512841,25.876552,-72.601935,1.085249,2,8,2,0.0000,0.0000,0.0000,0.5000,"LeadPursuit",0.013992
382,B0100,L7_rush_level_max,HABFM,1327.296706,151.384739,17.020866,148.403594,-154.530656,11136.727667,219.263794,13265.091688,-37.124873,-6197.042726,-665.704210,13.511162,False,False,False,False,False,True,False,2-circle,-1.000000,197.853433,90.487159,100.000000,0.000000,9.512841,25.876552,-72.601935,1.085249,2,0,0,0.0000,0.0000,0.0000,0.5000,"Pursue",0.026023
383,A0100,adaptive_eagle_v9,HABFM,1558.519957,150.060548,16.404855,145.857165,-152.909470,11129.558788,218.828916,13249.488574,-78.015571,-6320.222847,-666.966676,12.725178,False,False,False,False,False,True,False,2-circle,-1.000000,223.838510,90.487159,100.000000,0.000000,9.512841,26.612297,-71.562308,0.991344,2,8,2,0.0000,0.0000,0.0000,0.5000,"LeadPursuit",0.014981
383,B0100,L7_rush_level_max,HABFM,1558.519957,150.060548,16.404855,145.857165,-152.909470,11129.558788,218.828916,13249.488574,-78.015571,-6320.222847,-666.966676,12.725178,False,False,False,False,False,True,False,2-circle,-1.000000,223.838510,90.487159,100.000000,0.000000,9.512841,26.612297,-71.562308,0.991344,2,0,0,0.0000,0.0000,0.0000,0.5000,"Pursue",0.031904
384,A0100,adaptive_eagle_v9,HABFM,1789.061248,148.426170,16.864382,142.743867,-150.991557,11122.435632,218.252070,13231.203627,-91.424733,-6419.736526,-664.084322,15.180719,False,False,False,False,False,True,False,2-circle,-1.000000,248.805237,90.487159,100.000000,0.000000,9.512841,23.575077,-74.346114,1.003855,2,8,2,0.0000,0.0000,0.0000,0.5000,"LeadPursuit",0.025555
384,B0100,L7_rush_level_max,HABFM,1789.061248,148.426170,16.864382,142.743867,-150.991557,11122.435632,218.252070,13231.203627,-91.424733,-6419.736526,-664.084322,15.180719,False,False,False,False,False,True,False,2-circle,-1.000000,248.805237,90.487159,100.000000,0.000000,9.512841,23.575077,-74.346114,1.003855,2,0,0,0.0000,0.0000,0.0000,0.5000,"Pursue",0.034611
385,A0100,adaptive_eagle_v9,HABFM,2017.504192,146.556788,18.530157,138.759673,-148.959541,11115.240966,217.753318,13214.382020,-84.108034,-6372.455687,-654.172674,22.138597,False,False,False,False,False,True,False,2-circle,-1.000000,275.537007,90.487159,100.000000,0.000000,9.512841,18.685284,-79.098039,0.894820,1,3,4,0.0000,0.0000,0.0000,0.5000,"HeadOnBreak",0.032231
385,B0100,L7_rush_level_max,HABFM,2017.504192,146.556788,18.530157,138.759673,-148.959541,11115.240966,217.753318,13214.382020,-84.108034,-6372.455687,-654.172674,22.138597,False,False,False,False,False,True,False,2-circle,-1.000000,275.537007,90.487159,100.000000,0.000000,9.512841,18.685284,-79.098039,0.894820,2,0,0,0.0000,0.0000,0.0000,0.5000,"Pursue",0.037556
386,A0100,adaptive_eagle_v9,HABFM,2242.404732,144.447405,20.475428,134.346521,-146.803065,11107.706127,217.346157,13199.004449,-76.887855,-6326.500898,-642.519451,43.016233,False,False,False,False,False,True,False,2-circle,-1.000000,304.818936,90.487159,100.000000,0.000000,9.512841,13.421695,-84.327976,0.499633,1,3,4,0.0000,0.0000,0.0000,0.5000,"HeadOnBreak",0.028007
386,B0100,L7_rush_level_max,HABFM,2242.404732,144.447405,20.475428,134.346521,-146.803065,11107.706127,217.346157,13199.004449,-76.887855,-6326.500898,-642.519451,43.016233,False,False,False,False,False,True,False,2-circle,-1.000000,304.818936,90.487159,100.000000,0.000000,9.512841,13.421695,-84.327976,0.499633,2,0,0,0.0000,0.0000,0.0000,0.5000,"Pursue",0.036339
387,A0100,adaptive_eagle_v9,HABFM,2463.713158,142.340196,22.273097,130.457048,-144.757885,11099.510973,217.206155,13188.115967,-54.442410,-6301.442172,-631.510317,57.566837,False,False,False,False,False,True,False,2-circle,-1.000000,336.688218,90.487159,100.000000,0.000000,9.512841,12.040090,-85.752306,-0.104254,1,3,4,0.0000,0.0000,0.0000,0.5000,"HeadOnBreak",0.015364
387,B0100,L7_rush_level_max,HABFM,2463.713158,142.340196,22.273097,130.457048,-144.757885,11099.510973,217.206155,13188.115967,-54.442410,-6301.442172,-631.510317,57.566837,False,False,False,False,False,True,False,2-circle,-1.000000,336.688218,90.487159,100.000000,0.000000,9.512841,12.040090,-85.752306,-0.104254,3,0,0,0.0000,0.0000,0.0000,0.5000,"Pursue",0.031570
388,A0100,adaptive_eagle_v9,HABFM,2682.184428,140.518690,23.302649,127.768717,-143.024697,11090.516102,217.412561,13183.092490,-25.117384,-6284.409206,-623.863763,24.470058,False,False,False,False,False,True,False,2-circle,-1.000000,370.868761,90.487159,100.000000,0.000000,9.512841,17.788197,-80.096619,-0.649815,1,3,4,0.0000,0.0000,0.0000,0.5000,"HeadOnBreak",0.004410
388,B0100,L7_rush_level_max,HABFM,2682.184428,140.518690,23.302649,127.768717,-143.024697,11090.516102,217.412561,13183.092490,-25.117384,-6284.409206,-623.863763,24.470058,False,False,False,False,False,True,False,2-circle,-1.000000,370.868761,90.487159,100.000000,0.000000,9.512841,17.788197,-80.096619,-0.649815,3,0,0,0.0000,0.0000,0.0000,0.5000,"Pursue",0.030470
389,A0100,adaptive_eagle_v9,HABFM,2898.832546,138.848344,23.515609,125.886087,-141.399873,11080.856941,217.694782,13178.869574,-21.114584,-6258.604531,-618.931153,13.024697,False,False,False,False,False,True,False,2-circle,-1.000000,406.094893,90.487159,100.000000,0.000000,9.512841,26.129442,-71.859381,-0.892965,1,2,4,0.0000,0.0000,0.0000,0.5000,"HeadOnBreak",0.001613
389,B0100,L7_rush_level_max,HABFM,2898.832546,138.848344,23.515609,125.886087,-141.399873,11080.856941,217.694782,13178.869574,-21.114584,-6258.604531,-618.931153,13.024697,False,False,False,False,False,True,False,2-circle,-1.000000,406.094893,90.487159,100.000000,0.000000,9.512841,26.129442,-71.859381,-0.892965,3,0,0,0.0000,0.0000,0.0000,0.5000,"Pursue",0.031444
390,A0100,adaptive_eagle_v9,HABFM,3113.905939,137.256186,23.531166,124.165568,-139.775687,11070.828516,217.899583,13172.790506,-30.395338,-6185.896544,-613.532686,8.674889,False,False,False,False,False,True,False,2-circle,-1.000000,441.094929,90.487159,100.000000,0.000000,9.512841,34.254608,-63.824148,-0.661431,1,2,4,0.0000,0.0000,0.0000,0.5000,"HeadOnBreak",-0.000876
390,B0100,L7_rush_level_max,HABFM,3113.905939,137.256186,23.531166,124.165568,-139.775687,11070.828516,217.899583,13172.790506,-30.395338,-6185.896544,-613.532686,8.674889,False,False,False,False,False,True,False,2-circle,-1.000000,441.094929,90.487159,100.000000,0.000000,9.512841,34.254608,-63.824148,-0.661431,3,0,0,0.0000,0.0000,0.0000,0.5000,"Pursue",0.034572
391,A0100,adaptive_eagle_v9,HABFM,3326.959589,135.670095,23.315385,122.480383,-138.054158,11060.795630,217.894642,13162.662283,-50.641115,-6068.222103,-607.423101,7.241039,False,False,False,False,False,True,False,2-circle,-1.000000,475.483381,90.487159,100.000000,0.000000,9.512841,38.649077,-59.503078,-0.052944,1,1,4,0.0000,0.0000,0.0000,0.5000,"HeadOnBreak",-0.001980
391,B0100,L7_rush_level_max,HABFM,3326.959589,135.670095,23.315385,122.480383,-138.054158,11060.795630,217.894642,13162.662283,-50.641115,-6068.222103,-607.423101,7.241039,False,False,False,False,False,True,False,2-circle,-1.000000,475.483381,90.487159,100.000000,0.000000,9.512841,38.649077,-59.503078,-0.052944,3,0,0,0.0000,0.0000,0.0000,0.5000,"Pursue",0.042560
392,A0100,adaptive_eagle_v9,HABFM,3537.645833,133.856411,22.834601,120.527256,-136.011142,11051.219016,217.584858,13147.113417,-77.744328,-5947.931155,-600.726863,7.919815,False,False,False,False,False,True,False,2-circle,-1.000000,508.027435,90.487159,100.000000,0.000000,9.512841,36.532767,-61.660734,0.657240,1,1,4,0.0000,0.0000,0.0000,0.5000,"HeadOnBreak",-0.002741
392,B0100,L7_rush_level_max,HABFM,3537.645833,133.856411,22.834601,120.527256,-136.011142,11051.219016,217.584858,13147.113417,-77.744328,-5947.931155,-600.726863,7.919815,False,False,False,False,False,True,False,2-circle,-1.000000,508.027435,90.487159,100.000000,0.000000,9.512841,36.532767,-61.660734,0.657240,3,0,0,0.0000,0.0000,0.0000,0.5000,"Pursue",0.047584
393,A0100,adaptive_eagle_v9,HABFM,3745.549312,131.854699,22.343235,118.475599,-133.791870,11042.299546,217.030173,13127.521520,-97.959485,-5832.311127,-592.943326,10.342495,False,False,False,False,False,True,False,2-circle,-1.000000,538.205028,90.487159,100.000000,0.000000,9.512841,30.695494,-67.505972,1.228064,1,0,4,0.0000,0.0000,0.0000,0.5000,"HeadOnBreak",-0.013373
393,B0100,L7_rush_level_max,HABFM,3745.549312,131.854699,22.343235,118.475599,-133.791870,11042.299546,217.030173,13127.521520,-97.959485,-5832.311127,-592.943326,10.342495,False,False,False,False,False,True,False,2-circle,-1.000000,538.205028,90.487159,100.000000,0.000000,9.512841,30.695494,-67.505972,1.228064,3,0,0,0.0000,0.0000,0.0000,0.5000,"Pursue",0.047918
394,A0100,adaptive_eagle_v9,HABFM,3950.620417,129.797554,22.009363,117.213156,-131.602996,11033.790985,216.553388,13109.861136,-88.301922,-5749.578307,-585.119214,15.323940,False,False,False,False,False,True,False,2-circle,-1.000000,567.644186,90.487159,100.000000,0.000000,9.512841,23.853688,-74.351178,1.468380,1,0,4,0.0000,0.0000,0.0000,0.5000,"HeadOnBreak",-0.029424
394,B0100,L7_rush_level_max,HABFM,3950.620417,129.797554,22.009363,117.213156,-131.602996,11033.790985,216.553388,13109.861136,-88.301922,-5749.578307,-585.119214,15.323940,False,False,False,False,False,True,False,2-circle,-1.000000,567.644186,90.487159,100.000000,0.000000,9.512841,23.853688,-74.351178,1.468380,3,0,0,0.0000,0.0000,0.0000,0.5000,"Pursue",0.042591
395,A0100,adaptive_eagle_v9,HABFM,4153.573357,127.909174,21.462145,117.431245,-129.685174,11025.273189,216.350241,13097.450068,-62.055338,-5676.237244,-578.926440,18.838447,False,False,False,False,False,True,False,2-circle,-1.000000,599.056835,90.487159,100.000000,0.000000,9.512841,21.089912,-77.150435,1.418382,1,0,4,0.0000,0.0000,0.0000,0.5000,"HeadOnBreak",-0.039553
395,B0100,L7_rush_level_max,HABFM,4153.573357,127.909174,21.462145,117.431245,-129.685174,11025.273189,216.350241,13097.450068,-62.055338,-5676.237244,-578.926440,18.838447,False,False,False,False,False,True,False,2-circle,-1.000000,599.056835,90.487159,100.000000,0.000000,9.512841,21.089912,-77.150435,1.418382,3,0,0,0.0000,0.0000,0.0000,0.5000,"Pursue",0.032325
396,A0100,adaptive_eagle_v9,HABFM,4355.212035,126.464960,20.375039,118.941551,-128.253270,11016.460440,216.501572,13091.537197,-29.564358,-5562.204906,-575.184469,13.361340,False,False,False,False,False,True,False,2-circle,-1.000000,632.847142,90.487159,100.000000,0.000000,9.512841,26.126938,-72.181037,1.326900,1,0,4,0.0000,0.0000,0.0000,0.5000,"HeadOnBreak",-0.041049
396,B0100,L7_rush_level_max,HABFM,4355.212035,126.464960,20.375039,118.941551,-128.253270,11016.460440,216.501572,13091.537197,-29.564358,-5562.204906,-575.184469,13.361340,False,False,False,False,False,True,False,2-circle,-1.000000,632.847142,90.487159,100.000000,0.000000,9.512841,26.126938,-72.181037,1.326900,3,0,0,0.0000,0.0000,0.0000,0.5000,"Pursue",0.027355
397,A0100,adaptive_eagle_v9,HABFM,4556.097428,125.293623,18.633232,120.759276,-127.072242,11007.394849,216.730513,13086.862545,-23.373260,-5441.251890,-573.755440,8.852513,False,False,False,False,False,True,False,2-circle,-1.000000,666.753233,90.487159,100.000000,0.000000,9.512841,34.234818,-64.140383,1.433042,1,8,4,0.0000,0.0000,0.0000,0.5000,"HeadOnBreak",-0.027390
397,B0100,L7_rush_level_max,HABFM,4556.097428,125.293623,18.633232,120.759276,-127.072242,11007.394849,216.730513,13086.862545,-23.373260,-5441.251890,-573.755440,8.852513,False,False,False,False,False,True,False,2-circle,-1.000000,666.753233,90.487159,100.000000,0.000000,9.512841,34.234818,-64.140383,1.433042,4,0,0,0.0000,0.0000,0.0000,0.5000,"Pursue",0.026193
398,A0100,adaptive_eagle_v9,HABFM,4756.422502,124.271207,16.751868,121.722405,-125.982201,10998.359000,216.866291,13080.433014,-32.147652,-5377.328625,-573.864027,6.397896,False,False,False,False,False,True,False,2-circle,-1.000000,697.817122,90.487159,100.000000,0.000000,9.512841,42.242607,-56.164429,1.926560,1,8,4,0.0000,0.0000,0.0000,0.5000,"HeadOnBreak",-0.006889
398,B0100,L7_rush_level_max,HABFM,4756.422502,124.271207,16.751868,121.722405,-125.982201,10998.359000,216.866291,13080.433014,-32.147652,-5377.328625,-573.864027,6.397896,False,False,False,False,False,True,False,2-circle,-1.000000,697.817122,90.487159,100.000000,0.000000,9.512841,42.242607,-56.164429,1.926560,4,0,0,0.0000,0.0000,0.0000,0.5000,"Pursue",0.028594
399,A0100,adaptive_eagle_v9,HABFM,4956.345332,123.282308,15.759057,121.266287,-124.845619,10989.712087,216.866538,13071.790835,-43.210896,-5415.959865,-573.959614,5.475701,False,False,False,False,False,True,False,2-circle,-1.000000,725.668220,90.487159,100.000000,0.000000,9.512841,46.475876,-51.927042,2.741125,1,8,4,0.0000,0.0000,0.0000,0.5000,"HeadOnBreak",0.002132
399,B0100,L7_rush_level_max,HABFM,4956.345332,123.282308,15.759057,121.266287,-124.845619,10989.712087,216.866538,13071.790835,-43.210896,-5415.959865,-573.959614,5.475701,False,False,False,False,False,True,False,2-circle,-1.000000,725.668220,90.487159,100.000000,0.000000,9.512841,46.475876,-51.927042,2.741125,4,0,0,0.0000,0.0000,0.0000,0.5000,"Pursue",0.037780
400,A0100,adaptive_eagle_v9,HABFM,5155.786695,122.052128,15.332631,119.726429,-123.396877,10981.955253,216.486942,13056.751583,-75.196263,-5528.323028,-573.071243,5.964122,False,False,False,False,False,True,False,2-circle,-1.000000,751.223204,90.487159,100.000000,0.000000,9.512841,44.150100,-54.226583,3.634450,1,0,4,0.0000,0.0000,0.0000,0.5000,"HeadOnBreak",-0.002952
400,B0100,L7_rush_level_max,HABFM,5155.786695,122.052128,15.332631,119.726429,-123.396877,10981.955253,216.486942,13056.751583,-75.196263,-5528.323028,-573.071243,5.964122,False,False,False,False,False,True,False,2-circle,-1.000000,751.223204,90.487159,100.000000,0.000000,9.512841,44.150100,-54.226583,3.634450,4,0,0,0.0000,0.0000,0.0000,0.5000,"Pursue",0.044474
401,A0100,adaptive_eagle_v9,HABFM,5354.287739,120.589117,14.978876,118.338665,-121.725438,10975.336391,215.921890,13039.316013,-87.177850,-5618.539374,-570.276041,7.547011,False,False,False,False,False,True,False,2-circle,-1.000000,774.911122,90.487159,100.000000,0.000000,9.512841,38.059124,-60.276795,4.396460,1,0,4,0.0000,0.0000,0.0000,0.5000,"HeadOnBreak",-0.010940
401,B0100,L7_rush_level_max,HABFM,5354.287739,120.589117,14.978876,118.338665,-121.725438,10975.336391,215.921890,13039.316013,-87.177850,-5618.539374,-570.276041,7.547011,False,False,False,False,False,True,False,2-circle,-1.000000,774.911122,90.487159,100.000000,0.000000,9.512841,38.059124,-60.276795,4.396460,4,0,0,0.0000,0.0000,0.0000,0.5000,"Pursue",0.040799
402,A0100,adaptive_eagle_v9,HABFM,5551.371350,119.190043,14.768902,117.724377,-120.201803,10969.563175,215.594800,13027.294275,-60.108687,-5642.016147,-566.030282,8.835197,False,False,False,False,False,True,False,2-circle,-1.000000,797.547655,90.487159,100.000000,0.000000,9.512841,34.325070,-63.966437,4.991318,1,0,4,0.0000,0.0000,0.0000,0.5000,"HeadOnBreak",-0.019247
402,B0100,L7_rush_level_max,HABFM,5551.371350,119.190043,14.768902,117.724377,-120.201803,10969.563175,215.594800,13027.294275,-60.108687,-5642.016147,-566.030282,8.835197,False,False,False,False,False,True,False,2-circle,-1.000000,797.547655,90.487159,100.000000,0.000000,9.512841,34.325070,-63.966437,4.991318,4,0,0,0.0000,0.0000,0.0000,0.5000,"Pursue",0.030055
403,A0100,adaptive_eagle_v9,HABFM,5746.849566,118.156073,14.568241,118.920533,-119.094346,10964.212858,215.623814,13022.497839,-23.982179,-5578.582257,-561.465380,7.581785,False,False,False,False,False,True,False,2-circle,-1.000000,820.110757,90.487159,100.000000,0.000000,9.512841,37.902179,-60.352354,5.557411,1,0,4,0.0000,0.0000,0.0000,0.5000,"HeadOnBreak",0.020126
403,B0100,L7_rush_level_max,HABFM,5746.849566,118.156073,14.568241,118.920533,-119.094346,10964.212858,215.623814,13022.497839,-23.982179,-5578.582257,-561.465380,7.581785,False,False,False,False,False,True,False,2-circle,-1.000000,820.110757,90.487159,100.000000,0.000000,9.512841,37.902179,-60.352354,5.557411,4,0,0,0.0000,0.0000,0.0000,0.5000,"Pursue",0.029152
404,A0100,adaptive_eagle_v9,HABFM,5940.640149,117.222711,13.954050,120.532443,-118.061277,10959.244162,215.566640,13016.437751,-30.300442,-5491.766782,-557.362935,6.371302,False,False,False,False,False,True,False,2-circle,-1.000000,841.508919,90.487159,100.000000,0.000000,9.512841,42.334259,-55.880553,6.136003,1,8,4,0.0000,0.0000,0.0000,0.5000,"HeadOnBreak",0.027060
404,B0100,L7_rush_level_max,HABFM,5940.640149,117.222711,13.954050,120.532443,-118.061277,10959.244162,215.566640,13016.437751,-30.300442,-5491.766782,-557.362935,6.371302,False,False,False,False,False,True,False,2-circle,-1.000000,841.508919,90.487159,100.000000,0.000000,9.512841,42.334259,-55.880553,6.136003,4,0,0,0.0000,0.0000,0.0000,0.5000,"Pursue",0.038783
405,A0100,adaptive_eagle_v9,HABFM,6132.575286,116.055331,12.968909,120.859518,-116.738622,10955.073094,215.088645,13003.153602,-66.420747,-5478.926447,-554.129778,6.386759,False,False,False,False,False,True,False,2-circle,-1.000000,858.981828,90.487159,100.000000,0.000000,9.512841,42.262035,-55.885016,6.723682,1,8,4,0.0000,0.0000,0.0000,0.5000,"HeadOnBreak",0.010868
405,B0100,L7_rush_level_max,HABFM,6132.575286,116.055331,12.968909,120.859518,-116.738622,10955.073094,215.088645,13003.153602,-66.420747,-5478.926447,-554.129778,6.386759,False,False,False,False,False,True,False,2-circle,-1.000000,858.981828,90.487159,100.000000,0.000000,9.512841,42.262035,-55.885016,6.723682,4,0,0,0.0000,0.0000,0.0000,0.5000,"Pursue",0.044207
406,A0100,adaptive_eagle_v9,HABFM,6322.884102,114.735726,12.267297,119.833547,-115.263190,10951.983359,214.437483,12987.681876,-77.358630,-5563.465050,-551.732267,7.282854,False,False,False,False,False,True,False,2-circle,-1.000000,872.452979,90.487159,100.000000,0.000000,9.512841,38.842138,-59.209727,7.275734,1,8,4,0.0000,0.0000,0.0000,0.5000,"HeadOnBreak",0.000668
406,B0100,L7_rush_level_max,HABFM,6322.884102,114.735726,12.267297,119.833547,-115.263190,10951.983359,214.437483,12987.681876,-77.358630,-5563.465050,-551.732267,7.282854,False,False,False,False,False,True,False,2-circle,-1.000000,872.452979,90.487159,100.000000,0.000000,9.512841,38.842138,-59.209727,7.275734,4,0,0,0.0000,0.0000,0.0000,0.5000,"Pursue",0.045746
407,A0100,adaptive_eagle_v9,HABFM,6512.138780,113.341793,11.716179,118.106168,-113.750858,10949.837227,213.826928,12973.960004,-68.609358,-5708.534593,-550.151578,8.996007,False,False,False,False,False,True,False,2-circle,-1.000000,883.543384,90.487159,100.000000,0.000000,9.512841,33.761444,-64.182873,7.687215,1,0,4,0.0000,0.0000,0.0000,0.5000,"HeadOnBreak",0.003471
407,B0100,L7_rush_level_max,HABFM,6512.138780,113.341793,11.716179,118.106168,-113.750858,10949.837227,213.826928,12973.960004,-68.609358,-5708.534593,-550.151578,8.996007,False,False,False,False,False,True,False,2-circle,-1.000000,883.543384,90.487159,100.000000,0.000000,9.512841,33.761444,-64.182873,7.687215,4,0,0,0.0000,0.0000,0.0000,0.5000,"Pursue",0.041767
408,A0100,adaptive_eagle_v9,HABFM,6700.426906,112.032686,11.441596,116.960947,-112.373566,10948.304893,213.435799,12965.029443,-44.652805,-5813.611508,-547.639138,9.852824,False,False,False,False,False,True,False,2-circle,-1.000000,893.207779,90.487159,100.000000,0.000000,9.512841,31.703924,-66.129334,7.987082,1,0,4,0.0000,0.0000,0.0000,0.5000,"HeadOnBreak",0.007944
408,B0100,L7_rush_level_max,HABFM,6700.426906,112.032686,11.441596,116.960947,-112.373566,10948.304893,213.435799,12965.029443,-44.652805,-5813.611508,-547.639138,9.852824,False,False,False,False,False,True,False,2-circle,-1.000000,893.207779,90.487159,100.000000,0.000000,9.512841,31.703924,-66.129334,7.987082,3,0,0,0.0000,0.0000,0.0000,0.5000,"Pursue",0.042897
409,A0100,adaptive_eagle_v9,HABFM,6887.444389,110.729772,11.626749,116.442345,-110.999113,10947.161144,213.015725,12955.955075,-45.371839,-5864.540662,-543.028262,8.992997,False,False,False,False,False,True,False,2-circle,-1.000000,902.029442,90.487159,100.000000,0.000000,9.512841,33.634484,-64.089988,8.231895,1,0,4,0.0000,0.0000,0.0000,0.5000,"HeadOnBreak",0.024205
409,B0100,L7_rush_level_max,HABFM,6887.444389,110.729772,11.626749,116.442345,-110.999113,10947.161144,213.015725,12955.955075,-45.371839,-5864.540662,-543.028262,8.992997,False,False,False,False,False,True,False,2-circle,-1.000000,902.029442,90.487159,100.000000,0.000000,9.512841,33.634484,-64.089988,8.231895,3,0,0,0.0000,0.0000,0.0000,0.5000,"Pursue",0.049528
410,A0100,adaptive_eagle_v9,HABFM,7072.000948,109.272168,12.488198,117.043101,-109.459836,10946.611031,212.393321,12943.683249,-61.359128,-5844.577393,-534.690066,9.142724,False,False,False,False,False,True,False,2-circle,-1.000000,910.006970,90.487159,100.000000,0.000000,9.512841,33.224529,-64.395252,8.392624,1,0,4,0.0000,0.0000,0.0000,0.5000,"HeadOnBreak",0.031020
410,B0100,L7_rush_level_max,HABFM,7072.000948,109.272168,12.488198,117.043101,-109.459836,10946.611031,212.393321,12943.683249,-61.359128,-5844.577393,-534.690066,9.142724,False,False,False,False,False,True,False,2-circle,-1.000000,910.006970,90.487159,100.000000,0.000000,9.512841,33.224529,-64.395252,8.392624,3,0,0,0.0000,0.0000,0.0000,0.5000,"Pursue",0.049434
411,A0100,adaptive_eagle_v9,HABFM,7253.285513,107.834761,13.213287,117.721193,-107.955341,10946.646159,211.783210,12932.261471,-57.108893,-5826.707961,-526.582919,10.223487,False,False,False,False,False,True,False,2-circle,-1.000000,915.775480,90.487159,100.000000,0.000000,9.512841,30.766392,-66.742889,8.525280,1,8,4,0.0000,0.0000,0.0000,0.5000,"HeadOnBreak",0.020841
411,B0100,L7_rush_level_max,HABFM,7253.285513,107.834761,13.213287,117.721193,-107.955341,10946.646159,211.783210,12932.261471,-57.108893,-5826.707961,-526.582919,10.223487,False,False,False,False,False,True,False,2-circle,-1.000000,915.775480,90.487159,100.000000,0.000000,9.512841,30.766392,-66.742889,8.525280,3,0,0,0.0000,0.0000,0.0000,0.5000,"Pursue",0.050021
412,A0100,adaptive_eagle_v9,HABFM,7431.688770,106.382435,13.714196,117.595469,-106.455795,10947.120417,211.099628,12919.938287,-61.615917,-5873.846193,-520.171256,12.341803,False,False,False,False,False,True,False,2-circle,-1.000000,918.735560,90.487159,100.000000,0.000000,9.512841,27.041881,-70.345765,8.560370,1,0,4,0.0000,0.0000,0.0000,0.5000,"HeadOnBreak",0.012296
412,B0100,L7_rush_level_max,HABFM,7431.688770,106.382435,13.714196,117.595469,-106.455795,10947.120417,211.099628,12919.938287,-61.615917,-5873.846193,-520.171256,12.341803,False,False,False,False,False,True,False,2-circle,-1.000000,918.735560,90.487159,100.000000,0.000000,9.512841,27.041881,-70.345765,8.560370,3,0,0,0.0000,0.0000,0.0000,0.5000,"Pursue",0.051430
413,A0100,adaptive_eagle_v9,HABFM,7607.791503,104.886863,14.177110,116.960923,-104.934617,10947.825019,210.443848,12908.404827,-57.667304,-5949.125875,-514.261720,15.870890,False,False,False,False,False,True,False,2-circle,-1.000000,920.092720,90.487159,100.000000,0.000000,9.512841,22.830712,-74.432891,8.412644,1,0,4,0.0000,0.0000,0.0000,0.5000,"HeadOnBreak",0.017257
413,B0100,L7_rush_level_max,HABFM,7607.791503,104.886863,14.177110,116.960923,-104.934617,10947.825019,210.443848,12908.404827,-57.667304,-5949.125875,-514.261720,15.870890,False,False,False,False,False,True,False,2-circle,-1.000000,920.092720,90.487159,100.000000,0.000000,9.512841,22.830712,-74.432891,8.412644,3,0,0,0.0000,0.0000,0.0000,0.5000,"Pursue",0.052832
414,A0100,adaptive_eagle_v9,HABFM,7781.518697,103.350656,15.213585,116.776639,-103.394149,10948.525128,209.831603,12897.713688,-53.455693,-5997.030463,-506.319901,21.733166,False,False,False,False,False,True,False,2-circle,-1.000000,920.873519,90.487159,100.000000,0.000000,9.512841,18.676523,-78.468481,8.029435,1,0,4,0.0000,0.0000,0.0000,0.5000,"HeadOnBreak",0.034463
414,B0100,L7_rush_level_max,HABFM,7781.518697,103.350656,15.213585,116.776639,-103.394149,10948.525128,209.831603,12897.713688,-53.455693,-5997.030463,-506.319901,21.733166,False,False,False,False,False,True,False,2-circle,-1.000000,920.873519,90.487159,100.000000,0.000000,9.512841,18.676523,-78.468481,8.029435,3,0,0,0.0000,0.0000,0.0000,0.5000,"Pursue",0.053506
415,A0100,adaptive_eagle_v9,HABFM,7951.723232,101.799123,17.206344,117.706168,-101.858246,10948.981757,209.268220,12887.717506,-49.980912,-5962.732086,-494.042853,32.510950,False,False,False,False,False,True,False,2-circle,-1.000000,921.431880,90.487159,100.000000,0.000000,9.512841,14.822752,-82.213087,7.393373,1,8,4,0.0000,0.0000,0.0000,0.5000,"HeadOnBreak",0.033130
415,B0100,L7_rush_level_max,HABFM,7951.723232,101.799123,17.206344,117.706168,-101.858246,10948.981757,209.268220,12887.717506,-49.980912,-5962.732086,-494.042853,32.510950,False,False,False,False,False,True,False,2-circle,-1.000000,921.431880,90.487159,100.000000,0.000000,9.512841,14.822752,-82.213087,7.393373,3,0,0,0.0000,0.0000,0.0000,0.5000,"Pursue",0.046416
416,A0100,adaptive_eagle_v9,HABFM,8117.626246,100.442245,18.721222,118.411285,-100.537356,10948.947098,208.917266,12881.185570,-32.659678,-5951.183870,-483.980791,33.663056,False,False,False,False,False,True,False,2-circle,-1.000000,920.504939,90.487159,100.000000,0.000000,9.512841,14.463039,-82.464134,6.653922,1,8,4,0.0000,0.0000,0.0000,0.5000,"HeadOnBreak",0.012141
416,B0100,L7_rush_level_max,HABFM,8117.626246,100.442245,18.721222,118.411285,-100.537356,10948.947098,208.917266,12881.185570,-32.659678,-5951.183870,-483.980791,33.663056,False,False,False,False,False,True,False,2-circle,-1.000000,920.504939,90.487159,100.000000,0.000000,9.512841,14.463039,-82.464134,6.653922,3,0,0,0.0000,0.0000,0.0000,0.5000,"Pursue",0.034070
417,A0100,adaptive_eagle_v9,HABFM,8281.017722,99.448586,19.141320,118.092206,-99.578490,10948.311567,208.864749,12879.578732,-8.034188,-6032.264926,-480.447279,18.697486,False,False,False,False,False,True,False,2-circle,-1.000000,917.952500,90.487159,100.000000,0.000000,9.512841,20.215503,-76.599870,6.080560,1,8,4,0.0000,0.0000,0.0000,0.5000,"HeadOnBreak",-0.002376
417,B0100,L7_rush_level_max,HABFM,8281.017722,99.448586,19.141320,118.092206,-99.578490,10948.311567,208.864749,12879.578732,-8.034188,-6032.264926,-480.447279,18.697486,False,False,False,False,False,True,False,2-circle,-1.000000,917.952500,90.487159,100.000000,0.000000,9.512841,20.215503,-76.599870,6.080560,3,0,0,0.0000,0.0000,0.0000,0.5000,"Pursue",0.038200
418,A0100,adaptive_eagle_v9,HABFM,8443.825119,98.410090,18.809059,116.818635,-98.551310,10947.223513,208.712176,12875.670173,-19.542795,-6187.045911,-480.282322,12.692755,False,False,False,False,False,True,False,2-circle,-1.000000,914.679602,90.487159,100.000000,0.000000,9.512841,26.055818,-70.648683,5.776379,1,0,4,0.0000,0.0000,0.0000,0.5000,"HeadOnBreak",0.000172
418,B0100,L7_rush_level_max,HABFM,8443.825119,98.410090,18.809059,116.818635,-98.551310,10947.223513,208.712176,12875.670173,-19.542795,-6187.045911,-480.282322,12.692755,False,False,False,False,False,True,False,2-circle,-1.000000,914.679602,90.487159,100.000000,0.000000,9.512841,26.055818,-70.648683,5.776379,3,0,0,0.0000,0.0000,0.0000,0.5000,"Pursue",0.056072
419,A0100,adaptive_eagle_v9,HABFM,8606.077189,96.991175,18.804604,115.426544,-97.114778,10946.037379,208.171538,12864.506270,-55.819514,-6324.105521,-476.920714,11.785806,False,False,False,False,False,True,False,2-circle,-1.000000,910.962331,90.487159,100.000000,0.000000,9.512841,27.362972,-69.233055,5.711601,1,0,4,0.0000,0.0000,0.0000,0.5000,"HeadOnBreak",0.006648
419,B0100,L7_rush_level_max,HABFM,8606.077189,96.991175,18.804604,115.426544,-97.114778,10946.037379,208.171538,12864.506270,-55.819514,-6324.105521,-476.920714,11.785806,False,False,False,False,False,True,False,2-circle,-1.000000,910.962331,90.487159,100.000000,0.000000,9.512841,27.362972,-69.233055,5.711601,3,0,0,0.0000,0.0000,0.0000,0.5000,"Pursue",0.064739
420,A0100,adaptive_eagle_v9,HABFM,8766.538119,95.408108,19.447914,114.459441,-95.509160,10944.988764,207.490551,12850.926482,-67.898940,-6401.025097,-469.658822,13.330244,False,False,False,False,False,True,False,2-circle,-1.000000,907.313584,90.487159,100.000000,0.000000,9.512841,25.085607,-71.408973,5.764303,1,0,4,0.0000,0.0000,0.0000,0.5000,"HeadOnBreak",0.025043
420,B0100,L7_rush_level_max,HABFM,8766.538119,95.408108,19.447914,114.459441,-95.509160,10944.988764,207.490551,12850.926482,-67.898940,-6401.025097,-469.658822,13.330244,False,False,False,False,False,True,False,2-circle,-1.000000,907.313584,90.487159,100.000000,0.000000,9.512841,25.085607,-71.408973,5.764303,3,0,0,0.0000,0.0000,0.0000,0.5000,"Pursue",0.065232
421,A0100,adaptive_eagle_v9,HABFM,8923.711912,93.835217,21.351960,114.775295,-93.928407,10943.997730,206.873660,12838.619197,-61.536426,-6403.621080,-457.114302,17.528053,False,False,False,False,False,True,False,2-circle,-1.000000,904.726214,90.487159,100.000000,0.000000,9.512841,20.798290,-75.610292,5.748791,1,0,4,0.0000,0.0000,0.0000,0.5000,"HeadOnBreak",0.035232
421,B0100,L7_rush_level_max,HABFM,8923.711912,93.835217,21.351960,114.775295,-93.928407,10943.997730,206.873660,12838.619197,-61.536426,-6403.621080,-457.114302,17.528053,False,False,False,False,False,True,False,2-circle,-1.000000,904.726214,90.487159,100.000000,0.000000,9.512841,20.798290,-75.610292,5.748791,3,0,0,0.0000,0.0000,0.0000,0.5000,"Pursue",0.065383
422,A0100,adaptive_eagle_v9,HABFM,9076.238541,92.271323,23.397333,115.408567,-92.375019,10942.843587,206.332108,12827.558586,-55.303057,-6387.346032,-443.332560,26.812751,False,False,False,False,False,True,False,2-circle,-1.000000,902.423171,90.487159,100.000000,0.000000,9.512841,15.879228,-80.454452,5.509095,1,8,4,0.0000,0.0000,0.0000,0.5000,"HeadOnBreak",0.027411
422,B0100,L7_rush_level_max,HABFM,9076.238541,92.271323,23.397333,115.408567,-92.375019,10942.843587,206.332108,12827.558586,-55.303057,-6387.346032,-443.332560,26.812751,False,False,False,False,False,True,False,2-circle,-1.000000,902.423171,90.487159,100.000000,0.000000,9.512841,15.879228,-80.454452,5.509095,3,0,0,0.0000,0.0000,0.0000,0.5000,"Pursue",0.056736
423,A0100,adaptive_eagle_v9,HABFM,9224.445874,90.908888,24.630765,115.457426,-91.043311,10941.245398,206.031785,12820.477870,-35.403580,-6421.421076,-433.911507,31.950265,False,False,False,False,False,True,False,2-circle,-1.000000,898.170479,90.487159,100.000000,0.000000,9.512841,14.297726,-81.955830,5.096559,1,8,4,0.0000,0.0000,0.0000,0.5000,"HeadOnBreak",0.006663
423,B0100,L7_rush_level_max,HABFM,9224.445874,90.908888,24.630765,115.457426,-91.043311,10941.245398,206.031785,12820.477870,-35.403580,-6421.421076,-433.911507,31.950265,False,False,False,False,False,True,False,2-circle,-1.000000,898.170479,90.487159,100.000000,0.000000,9.512841,14.297726,-81.955830,5.096559,3,0,0,0.0000,0.0000,0.0000,0.5000,"Pursue",0.041347
424,A0100,adaptive_eagle_v9,HABFM,9370.499504,89.918809,24.784458,114.681501,-90.084766,10939.044360,206.057456,12818.745150,-8.663601,-6539.144247,-431.622663,19.431011,False,False,True,False,False,True,False,2-circle,-1.000000,892.015237,90.487159,100.000000,0.000000,9.512841,19.247399,-76.918761,4.727021,1,8,4,0.0000,0.0000,0.0000,0.5000,"HeadOnBreak",-0.163659
424,B0100,L7_rush_level_max,HABFM,9370.499504,89.918809,24.784458,114.681501,-90.084766,10939.044360,206.057456,12818.745150,-8.663601,-6539.144247,-431.622663,19.431011,False,False,True,False,False,True,False,2-circle,-1.000000,892.015237,90.487159,100.000000,0.000000,9.512841,19.247399,-76.918761,4.727021,3,0,0,0.0000,0.0000,0.0000,0.5000,"Pursue",0.045904
425,A0100,adaptive_eagle_v9,HABFM,9516.417201,88.884157,24.375431,113.253584,-89.063072,10936.356353,206.003014,12815.064022,-18.405638,-6719.442799,-432.366659,13.372846,False,False,True,False,False,True,False,2-circle,-1.000000,885.028651,90.487159,100.000000,0.000000,9.512841,24.738055,-71.338695,4.501759,1,0,4,0.0000,0.0000,0.0000,0.5000,"HeadOnBreak",-0.296595
425,B0100,L7_rush_level_max,HABFM,9516.417201,88.884157,24.375431,113.253584,-89.063072,10936.356353,206.003014,12815.064022,-18.405638,-6719.442799,-432.366659,13.372846,False,False,True,False,False,True,False,2-circle,-1.000000,885.028651,90.487159,100.000000,0.000000,9.512841,24.738055,-71.338695,4.501759,3,0,0,0.0000,0.0000,0.0000,0.5000,"Pursue",0.067208
426,A0100,adaptive_eagle_v9,HABFM,9661.756993,87.465192,24.712136,112.176207,-87.634113,10933.508888,205.573765,12804.395375,-53.343235,-6851.320516,-427.648775,12.401159,False,False,True,False,False,True,False,2-circle,-1.000000,877.378752,90.487159,100.000000,0.000000,9.512841,26.036639,-69.949995,4.438121,1,0,4,0.0000,0.0000,0.0000,0.5000,"HeadOnBreak",-0.315988
426,B0100,L7_rush_level_max,HABFM,9661.756993,87.465192,24.712136,112.176207,-87.634113,10933.508888,205.573765,12804.395375,-53.343235,-6851.320516,-427.648775,12.401159,False,False,True,False,False,True,False,2-circle,-1.000000,877.378752,90.487159,100.000000,0.000000,9.512841,26.036639,-69.949995,4.438121,3,0,0,0.0000,0.0000,0.0000,0.5000,"Pursue",0.077316
427,A0100,adaptive_eagle_v9,HABFM,9804.412783,85.891535,26.123753,112.014843,-86.046123,10930.724930,205.008972,12791.345403,-65.249860,-6920.404671,-416.962492,13.910439,False,False,True,False,False,True,False,2-circle,-1.000000,869.422628,90.487159,100.000000,0.000000,9.512841,23.969619,-71.930518,4.461526,1,0,4,0.0000,0.0000,0.0000,0.5000,"HeadOnBreak",-0.288346
427,B0100,L7_rush_level_max,HABFM,9804.412783,85.891535,26.123753,112.014843,-86.046123,10930.724930,205.008972,12791.345403,-65.249860,-6920.404671,-416.962492,13.910439,False,False,True,False,False,True,False,2-circle,-1.000000,869.422628,90.487159,100.000000,0.000000,9.512841,23.969619,-71.930518,4.461526,3,0,0,0.0000,0.0000,0.0000,0.5000,"Pursue",0.077629
428,A0100,adaptive_eagle_v9,HABFM,9942.411077,84.343048,28.488869,112.829477,-84.494156,10927.934310,204.508016,12779.472740,-59.363312,-6901.390967,-400.568873,18.046553,False,False,True,False,False,True,False,2-circle,-1.000000,861.386723,90.487159,100.000000,0.000000,9.512841,19.970214,-75.850326,4.415938,1,8,4,0.0000,0.0000,0.0000,0.5000,"HeadOnBreak",-0.245140
428,B0100,L7_rush_level_max,HABFM,9942.411077,84.343048,28.488869,112.829477,-84.494156,10927.934310,204.508016,12779.472740,-59.363312,-6901.390967,-400.568873,18.046553,False,False,True,False,False,True,False,2-circle,-1.000000,861.386723,90.487159,100.000000,0.000000,9.512841,19.970214,-75.850326,4.415938,3,0,0,0.0000,0.0000,0.0000,0.5000,"Pursue",0.067787
429,A0100,adaptive_eagle_v9,HABFM,10074.976219,82.999402,30.185348,113.139864,-83.163412,10924.908442,204.238992,12771.578779,-39.469808,-6924.043137,-388.135195,20.321700,False,False,True,False,False,True,False,2-circle,-1.000000,851.743160,90.487159,100.000000,0.000000,9.512841,18.373712,-77.364254,4.291190,1,8,4,0.0000,0.0000,0.0000,0.5000,"HeadOnBreak",-0.186394
429,B0100,L7_rush_level_max,HABFM,10074.976219,82.999402,30.185348,113.139864,-83.163412,10924.908442,204.238992,12771.578779,-39.469808,-6924.043137,-388.135195,20.321700,False,False,True,False,False,True,False,2-circle,-1.000000,851.743160,90.487159,100.000000,0.000000,9.512841,18.373712,-77.364254,4.291190,3,0,0,0.0000,0.0000,0.0000,0.5000,"Pursue",0.048797
430,A0100,adaptive_eagle_v9,HABFM,10204.744850,82.041387,30.600118,112.537800,-82.221174,10921.466608,204.300365,12769.246960,-11.659095,-7039.846436,-384.505727,14.719282,False,False,True,False,False,True,False,2-circle,-1.000000,840.324645,90.487159,100.000000,0.000000,9.512841,22.842457,-72.806192,4.228061,1,8,4,0.0000,0.0000,0.0000,0.5000,"HeadOnBreak",-0.212589
430,B0100,L7_rush_level_max,HABFM,10204.744850,82.041387,30.600118,112.537800,-82.221174,10921.466608,204.300365,12769.246960,-11.659095,-7039.846436,-384.505727,14.719282,False,False,True,False,False,True,False,2-circle,-1.000000,840.324645,90.487159,100.000000,0.000000,9.512841,22.842457,-72.806192,4.228061,3,0,0,0.0000,0.0000,0.0000,0.5000,"Pursue",0.052682
431,A0100,adaptive_eagle_v9,HABFM,10334.173958,81.061401,30.262908,111.183698,-81.242511,10917.691858,204.292381,12765.327786,-19.595867,-7226.993743,-385.389027,11.158460,False,False,True,False,False,True,False,2-circle,-1.000000,828.009126,90.487159,100.000000,0.000000,9.512841,27.762290,-67.793885,4.266401,1,0,4,0.0000,0.0000,0.0000,0.5000,"HeadOnBreak",-0.291303
431,B0100,L7_rush_level_max,HABFM,10334.173958,81.061401,30.262908,111.183698,-81.242511,10917.691858,204.292381,12765.327786,-19.595867,-7226.993743,-385.389027,11.158460,False,False,True,False,False,True,False,2-circle,-1.000000,828.009126,90.487159,100.000000,0.000000,9.512841,27.762290,-67.793885,4.266401,3,0,0,0.0000,0.0000,0.0000,0.5000,"Pursue",0.076957
432,A0100,adaptive_eagle_v9,HABFM,10463.211822,79.709368,30.557773,110.118348,-79.873249,10913.919558,203.913397,12754.706728,-53.105292,-7370.115758,-381.005463,10.708698,False,False,True,False,False,True,False,2-circle,-1.000000,815.028760,90.487159,100.000000,0.000000,9.512841,28.543981,-66.917847,4.396877,1,0,4,0.0000,0.0000,0.0000,0.5000,"HeadOnBreak",-0.310950
432,B0100,L7_rush_level_max,HABFM,10463.211822,79.709368,30.557773,110.118348,-79.873249,10913.919558,203.913397,12754.706728,-53.105292,-7370.115758,-381.005463,10.708698,False,False,True,False,False,True,False,2-circle,-1.000000,815.028760,90.487159,100.000000,0.000000,9.512841,28.543981,-66.917847,4.396877,3,0,0,0.0000,0.0000,0.0000,0.5000,"Pursue",0.089012
433,A0100,adaptive_eagle_v9,HABFM,10589.615536,78.199293,31.915746,109.994866,-78.343486,10910.376056,203.394499,12741.806645,-64.500414,-7448.148746,-369.906316,12.074197,False,False,True,False,False,True,False,2-circle,-1.000000,802.116036,90.487159,100.000000,0.000000,9.512841,26.126204,-69.246017,4.556693,1,0,4,0.0000,0.0000,0.0000,0.5000,"HeadOnBreak",-0.284696
433,B0100,L7_rush_level_max,HABFM,10589.615536,78.199293,31.915746,109.994866,-78.343486,10910.376056,203.394499,12741.806645,-64.500414,-7448.148746,-369.906316,12.074197,False,False,True,False,False,True,False,2-circle,-1.000000,802.116036,90.487159,100.000000,0.000000,9.512841,26.126204,-69.246017,4.556693,3,0,0,0.0000,0.0000,0.0000,0.5000,"Pursue",0.090046
434,A0100,adaptive_eagle_v9,HABFM,10711.129351,76.705155,34.261971,110.841005,-76.839449,10906.979094,202.932700,12730.102740,-58.519524,-7435.379293,-352.234211,15.314774,False,False,True,False,False,True,False,2-circle,-1.000000,789.775545,90.487159,100.000000,0.000000,9.512841,21.962743,-73.329712,4.614994,1,0,4,0.0000,0.0000,0.0000,0.5000,"HeadOnBreak",-0.282755
434,B0100,L7_rush_level_max,HABFM,10711.129351,76.705155,34.261971,110.841005,-76.839449,10906.979094,202.932700,12730.102740,-58.519524,-7435.379293,-352.234211,15.314774,False,False,True,False,False,True,False,2-circle,-1.000000,789.775545,90.487159,100.000000,0.000000,9.512841,21.962743,-73.329712,4.614994,3,0,0,0.0000,0.0000,0.0000,0.5000,"Pursue",0.091398
435,A0100,adaptive_eagle_v9,HABFM,10826.684060,75.216822,36.180464,111.179672,-75.352227,10903.519509,202.537933,12719.556979,-52.728805,-7459.760315,-336.863224,21.464621,False,False,True,False,False,True,False,2-circle,-1.000000,776.394945,90.487159,100.000000,0.000000,9.512841,17.295570,-77.916685,4.450721,1,8,4,0.0000,0.0000,0.0000,0.5000,"HeadOnBreak",-0.253409
435,B0100,L7_rush_level_max,HABFM,10826.684060,75.216822,36.180464,111.179672,-75.352227,10903.519509,202.537933,12719.556979,-52.728805,-7459.760315,-336.863224,21.464621,False,False,True,False,False,True,False,2-circle,-1.000000,776.394945,90.487159,100.000000,0.000000,9.512841,17.295570,-77.916685,4.450721,3,0,0,0.0000,0.0000,0.0000,0.5000,"Pursue",0.080519
436,A0100,adaptive_eagle_v9,HABFM,10937.940220,73.919578,37.209116,110.795418,-74.067565,10899.732211,202.370836,12712.774390,-33.912946,-7557.272215,-327.871171,24.161257,False,False,True,False,False,True,False,2-circle,-1.000000,761.202482,90.487159,100.000000,0.000000,9.512841,15.902048,-79.222680,4.127435,1,8,4,0.0000,0.0000,0.0000,0.5000,"HeadOnBreak",-0.191542
436,B0100,L7_rush_level_max,HABFM,10937.940220,73.919578,37.209116,110.795418,-74.067565,10899.732211,202.370836,12712.774390,-33.912946,-7557.272215,-327.871171,24.161257,False,False,True,False,False,True,False,2-circle,-1.000000,761.202482,90.487159,100.000000,0.000000,9.512841,15.902048,-79.222680,4.127435,3,0,0,0.0000,0.0000,0.0000,0.5000,"Pursue",0.058518
437,A0100,adaptive_eagle_v9,HABFM,11047.442445,72.990547,37.395090,109.971156,-73.150950,10895.449870,202.516650,12711.105702,-8.343440,-7721.806563,-325.907490,16.218591,False,False,True,False,False,True,False,2-circle,-1.000000,745.155670,90.487159,100.000000,0.000000,9.512841,20.856169,-74.178026,3.856363,1,0,4,0.0000,0.0000,0.0000,0.5000,"HeadOnBreak",-0.198186
437,B0100,L7_rush_level_max,HABFM,11047.442445,72.990547,37.395090,109.971156,-73.150950,10895.449870,202.516650,12711.105702,-8.343440,-7721.806563,-325.907490,16.218591,False,False,True,False,False,True,False,2-circle,-1.000000,745.155670,90.487159,100.000000,0.000000,9.512841,20.856169,-74.178026,3.856363,3,0,0,0.0000,0.0000,0.0000,0.5000,"Pursue",0.063962
438,A0100,adaptive_eagle_v9,HABFM,11156.012278,72.027618,38.045014,109.639282,-72.189055,10890.772655,202.580940,12707.581440,-17.621314,-7837.061499,-320.415899,11.701759,False,False,True,False,False,True,False,2-circle,-1.000000,729.046816,90.487159,100.000000,0.000000,9.512841,26.384072,-68.561253,3.725783,1,0,4,0.0000,0.0000,0.0000,0.5000,"HeadOnBreak",-0.272245
438,B0100,L7_rush_level_max,HABFM,11156.012278,72.027618,38.045014,109.639282,-72.189055,10890.772655,202.580940,12707.581440,-17.621314,-7837.061499,-320.415899,11.701759,False,False,True,False,False,True,False,2-circle,-1.000000,729.046816,90.487159,100.000000,0.000000,9.512841,26.384072,-68.561253,3.725783,3,0,0,0.0000,0.0000,0.0000,0.5000,"Pursue",0.093303
439,A0100,adaptive_eagle_v9,HABFM,11261.628473,70.699952,39.530845,109.867188,-70.849270,10886.043695,202.273295,12697.338555,-51.214421,-7897.853063,-307.853427,10.845827,False,False,True,False,False,True,False,2-circle,-1.000000,713.757421,90.487159,100.000000,0.000000,9.512841,27.858456,-67.006885,3.746725,1,0,4,0.0000,0.0000,0.0000,0.5000,"HeadOnBreak",-0.286456
439,B0100,L7_rush_level_max,HABFM,11261.628473,70.699952,39.530845,109.867188,-70.849270,10886.043695,202.273295,12697.338555,-51.214421,-7897.853063,-307.853427,10.845827,False,False,True,False,False,True,False,2-circle,-1.000000,713.757421,90.487159,100.000000,0.000000,9.512841,27.858456,-67.006885,3.746725,3,0,0,0.0000,0.0000,0.0000,0.5000,"Pursue",0.107370
440,A0100,adaptive_eagle_v9,HABFM,11361.687690,69.230844,41.967542,110.875620,-69.365797,10881.510675,201.824498,12684.776780,-62.808876,-7873.184869,-287.585184,11.878830,False,False,True,False,False,True,False,2-circle,-1.000000,699.686812,90.487159,100.000000,0.000000,9.512841,26.020328,-68.778255,3.856376,1,0,4,0.0000,0.0000,0.0000,0.5000,"LeadPursuit",-0.283858
440,B0100,L7_rush_level_max,HABFM,11361.687690,69.230844,41.967542,110.875620,-69.365797,10881.510675,201.824498,12684.776780,-62.808876,-7873.184869,-287.585184,11.878830,False,False,True,False,False,True,False,2-circle,-1.000000,699.686812,90.487159,100.000000,0.000000,9.512841,26.020328,-68.778255,3.856376,3,0,0,0.0000,0.0000,0.0000,0.5000,"Pursue",0.108669
441,A0100,adaptive_eagle_v9,HABFM,11454.979156,67.786128,44.010392,111.399105,-67.912303,10877.119761,201.428272,12673.312405,-57.321877,-7889.082914,-269.920952,14.668786,False,False,True,False,False,True,False,2-circle,-1.000000,685.090963,90.487159,100.000000,0.000000,9.512841,22.222721,-72.510964,3.914322,1,0,4,0.0000,0.0000,0.0000,0.5000,"LeadPursuit",-0.295441
441,B0100,L7_rush_level_max,HABFM,11454.979156,67.786128,44.010392,111.399105,-67.912303,10877.119761,201.428272,12673.312405,-57.321877,-7889.082914,-269.920952,14.668786,False,False,True,False,False,True,False,2-circle,-1.000000,685.090963,90.487159,100.000000,0.000000,9.512841,22.222721,-72.510964,3.914322,3,0,0,0.0000,0.0000,0.0000,0.5000,"Pursue",0.111356
442,A0100,adaptive_eagle_v9,HABFM,11543.157676,66.342626,45.372956,111.221482,-66.466263,10872.684639,201.093945,12662.919645,-51.963796,-7977.579966,-257.258971,19.954197,False,False,True,False,False,True,False,2-circle,-1.000000,668.903809,90.487159,100.000000,0.000000,9.512841,17.724676,-76.937078,3.785237,1,0,4,0.0000,0.0000,0.0000,0.5000,"LeadPursuit",-0.248094
442,B0100,L7_rush_level_max,HABFM,11543.157676,66.342626,45.372956,111.221482,-66.466263,10872.684639,201.093945,12662.919645,-51.963796,-7977.579966,-257.258971,19.954197,False,False,True,False,False,True,False,2-circle,-1.000000,668.903809,90.487159,100.000000,0.000000,9.512841,17.724676,-76.937078,3.785237,3,0,0,0.0000,0.0000,0.0000,0.5000,"Pursue",0.098264
443,A0100,adaptive_eagle_v9,HABFM,11627.146177,65.090538,46.798181,111.290524,-65.217903,10867.953376,200.981961,12656.195067,-33.622894,-8060.958453,-244.617415,22.267739,False,False,True,False,False,True,False,2-circle,-1.000000,651.672687,90.487159,100.000000,0.000000,9.512841,16.338223,-78.247374,3.515629,1,0,4,0.0000,0.0000,0.0000,0.5000,"LeadPursuit",-0.159003
443,B0100,L7_rush_level_max,HABFM,11627.146177,65.090538,46.798181,111.290524,-65.217903,10867.953376,200.981961,12656.195067,-33.622894,-8060.958453,-244.617415,22.267739,False,False,True,False,False,True,False,2-circle,-1.000000,651.672687,90.487159,100.000000,0.000000,9.512841,16.338223,-78.247374,3.515629,3,0,0,0.0000,0.0000,0.0000,0.5000,"Pursue",0.069826
444,A0100,adaptive_eagle_v9,HABFM,11706.756218,64.217081,48.414847,111.957711,-64.347308,10862.755848,201.180202,12654.526997,-8.340347,-8118.034393,-231.465509,15.437938,False,False,True,False,False,True,False,2-circle,-1.000000,634.229004,90.487159,100.000000,0.000000,9.512841,21.200842,-73.310194,3.300790,1,0,4,0.0000,0.0000,0.0000,0.5000,"LeadPursuit",-0.170189
444,B0100,L7_rush_level_max,HABFM,11706.756218,64.217081,48.414847,111.957711,-64.347308,10862.755848,201.180202,12654.526997,-8.340347,-8118.034393,-231.465509,15.437938,False,False,True,False,False,True,False,2-circle,-1.000000,634.229004,90.487159,100.000000,0.000000,9.512841,21.200842,-73.310194,3.300790,3,0,0,0.0000,0.0000,0.0000,0.5000,"Pursue",0.075373
445,A0100,adaptive_eagle_v9,HABFM,11781.899078,63.320448,50.056078,112.706966,-63.446897,10857.184692,201.298402,12651.061895,-17.325513,-8160.373229,-217.582313,11.324938,False,False,True,False,False,True,False,2-circle,-1.000000,617.390203,90.487159,100.000000,0.000000,9.512841,26.664232,-67.779663,3.216535,1,0,4,0.0000,0.0000,0.0000,0.5000,"LeadPursuit",-0.255099
445,B0100,L7_rush_level_max,HABFM,11781.899078,63.320448,50.056078,112.706966,-63.446897,10857.184692,201.298402,12651.061895,-17.325513,-8160.373229,-217.582313,11.324938,False,False,True,False,False,True,False,2-circle,-1.000000,617.390203,90.487159,100.000000,0.000000,9.512841,26.664232,-67.779663,3.216535,3,0,0,0.0000,0.0000,0.0000,0.5000,"Pursue",0.111766
446,A0100,adaptive_eagle_v9,HABFM,11851.908033,62.060205,52.019343,113.511940,-62.176319,10851.583975,201.046655,12640.977097,-50.423989,-8169.123075,-199.504350,10.525296,False,False,True,False,False,True,False,2-circle,-1.000000,601.912176,90.487159,100.000000,0.000000,9.512841,28.145312,-66.244555,3.270016,1,0,4,0.0000,0.0000,0.0000,0.5000,"LeadPursuit",-0.272168
446,B0100,L7_rush_level_max,HABFM,11851.908033,62.060205,52.019343,113.511940,-62.176319,10851.583975,201.046655,12640.977097,-50.423989,-8169.123075,-199.504350,10.525296,False,False,True,False,False,True,False,2-circle,-1.000000,601.912176,90.487159,100.000000,0.000000,9.512841,28.145312,-66.244555,3.270016,3,0,0,0.0000,0.0000,0.0000,0.5000,"Pursue",0.129676
447,A0100,adaptive_eagle_v9,HABFM,11914.681440,60.656499,54.747282,114.905231,-60.761712,10846.205163,200.652541,12628.589627,-61.937349,-8113.027604,-174.385492,11.478760,False,False,True,False,False,True,False,2-circle,-1.000000,588.044423,90.487159,100.000000,0.000000,9.512841,26.369589,-67.982432,3.404325,1,0,4,0.0000,0.0000,0.0000,0.5000,"LeadPursuit",-0.271525
447,B0100,L7_rush_level_max,HABFM,11914.681440,60.656499,54.747282,114.905231,-60.761712,10846.205163,200.652541,12628.589627,-61.937349,-8113.027604,-174.385492,11.478760,False,False,True,False,False,True,False,2-circle,-1.000000,588.044423,90.487159,100.000000,0.000000,9.512841,26.369589,-67.982432,3.404325,3,0,0,0.0000,0.0000,0.0000,0.5000,"Pursue",0.131755
448,A0100,adaptive_eagle_v9,HABFM,11969.033010,59.276287,57.110689,115.826646,-59.373355,10840.998220,200.307956,12617.266077,-56.617750,-8094.744516,-152.042775,14.023364,False,False,True,False,False,True,False,2-circle,-1.000000,574.044433,90.487159,100.000000,0.000000,9.512841,22.663488,-71.654722,3.487096,1,0,4,0.0000,0.0000,0.0000,0.5000,"LeadPursuit",-0.243285
448,B0100,L7_rush_level_max,HABFM,11969.033010,59.276287,57.110689,115.826646,-59.373355,10840.998220,200.307956,12617.266077,-56.617750,-8094.744516,-152.042775,14.023364,False,False,True,False,False,True,False,2-circle,-1.000000,574.044433,90.487159,100.000000,0.000000,9.512841,22.663488,-71.654722,3.487096,3,1,1,0.0000,0.0000,0.0000,0.5000,"Pursue",0.116053
449,A0100,adaptive_eagle_v9,HABFM,12017.073343,58.088379,58.664097,116.101416,-58.180569,10835.749410,200.176740,12609.690869,-37.876041,-8155.325708,-136.958447,15.291910,False,False,True,False,False,True,False,2-circle,-1.000000,558.821155,90.487159,100.000000,0.000000,9.512841,21.204287,-73.074517,3.512551,1,0,4,0.0000,0.0000,0.0000,0.5000,"LeadPursuit",-0.155081
449,B0100,L7_rush_level_max,HABFM,12017.073343,58.088379,58.664097,116.101416,-58.180569,10835.749410,200.176740,12609.690869,-37.876041,-8155.325708,-136.958447,15.291910,False,False,True,False,False,True,False,2-circle,-1.000000,558.821155,90.487159,100.000000,0.000000,9.512841,21.204287,-73.074517,3.512551,3,1,1,0.0000,0.0000,0.0000,0.5000,"Pursue",0.080205
450,A0100,adaptive_eagle_v9,HABFM,12060.605079,57.285413,60.069776,116.630275,-57.373115,10830.254815,200.359759,12607.441536,-11.246666,-8225.030576,-124.127762,11.898608,False,False,True,False,False,True,False,2-circle,-1.000000,542.963844,90.487159,100.000000,0.000000,9.512841,25.581290,-68.655809,3.619546,1,0,4,0.0000,0.0000,0.0000,0.5000,"SmartHighYoYo",-0.158537
450,B0100,L7_rush_level_max,HABFM,12060.605079,57.285413,60.069776,116.630275,-57.373115,10830.254815,200.359759,12607.441536,-11.246666,-8225.030576,-124.127762,11.898608,False,False,True,False,False,True,False,2-circle,-1.000000,542.963844,90.487159,100.000000,0.000000,9.512841,25.581290,-68.655809,3.619546,3,1,1,0.0000,0.0000,0.0000,0.5000,"Pursue",0.084732
451,A0100,adaptive_eagle_v9,HABFM,12099.593941,56.476975,61.616819,117.372046,-56.558080,10824.569716,200.470304,12603.718048,-18.617439,-8273.315455,-109.797606,9.421679,False,False,True,False,False,True,False,2-circle,-1.000000,527.224786,90.487159,100.000000,0.000000,9.512841,30.455017,-63.743863,3.831381,1,0,4,0.0000,0.0000,0.0000,0.5000,"SmartHighYoYo",-0.241860
451,B0100,L7_rush_level_max,HABFM,12099.593941,56.476975,61.616819,117.372046,-56.558080,10824.569716,200.470304,12603.718048,-18.617439,-8273.315455,-109.797606,9.421679,False,False,True,False,False,True,False,2-circle,-1.000000,527.224786,90.487159,100.000000,0.000000,9.512841,30.455017,-63.743863,3.831381,3,1,1,0.0000,0.0000,0.0000,0.5000,"Pursue",0.127744
452,A0100,adaptive_eagle_v9,HABFM,12133.178824,55.316606,63.560730,118.257154,-55.389484,10819.049914,200.210777,12593.594677,-50.616856,-8285.058347,-90.761719,9.047633,False,False,True,False,False,True,False,2-circle,-1.000000,512.290226,90.487159,100.000000,0.000000,9.512841,31.390052,-62.779912,4.115559,1,0,4,0.0000,0.0000,0.0000,0.5000,"SmartHighYoYo",-0.258637
452,B0100,L7_rush_level_max,HABFM,12133.178824,55.316606,63.560730,118.257154,-55.389484,10819.049914,200.210777,12593.594677,-50.616856,-8285.058347,-90.761719,9.047633,False,False,True,False,False,True,False,2-circle,-1.000000,512.290226,90.487159,100.000000,0.000000,9.512841,31.390052,-62.779912,4.115559,3,1,1,0.0000,0.0000,0.0000,0.5000,"Pursue",0.149895
453,A0100,adaptive_eagle_v9,HABFM,12159.101404,54.008850,66.258554,119.708751,-54.073831,10813.952616,199.803116,12581.278238,-61.582196,-8233.608222,-64.515472,9.955015,False,False,True,False,False,True,False,2-circle,-1.000000,498.244621,90.487159,100.000000,0.000000,9.512841,29.253908,-64.898360,4.420556,1,0,4,0.0000,0.0000,0.0000,0.5000,"SmartHighYoYo",-0.266276
453,B0100,L7_rush_level_max,HABFM,12159.101404,54.008850,66.258554,119.708751,-54.073831,10813.952616,199.803116,12581.278238,-61.582196,-8233.608222,-64.515472,9.955015,False,False,True,False,False,True,False,2-circle,-1.000000,498.244621,90.487159,100.000000,0.000000,9.512841,29.253908,-64.898360,4.420556,3,1,1,0.0000,0.0000,0.0000,0.5000,"Pursue",0.153753
454,A0100,adaptive_eagle_v9,HABFM,12176.395791,52.713196,68.482435,120.569588,-52.771408,10809.214605,199.438337,12570.092924,-55.926567,-8226.867834,-42.291056,12.001727,False,False,True,False,False,True,False,2-circle,-1.000000,483.213063,90.487159,100.000000,0.000000,9.512841,25.402042,-68.728538,4.638865,1,0,4,0.0000,0.0000,0.0000,0.5000,"SmartHighYoYo",-0.291554
454,B0100,L7_rush_level_max,HABFM,12176.395791,52.713196,68.482435,120.569588,-52.771408,10809.214605,199.438337,12570.092924,-55.926567,-8226.867834,-42.291056,12.001727,False,False,True,False,False,True,False,2-circle,-1.000000,483.213063,90.487159,100.000000,0.000000,9.512841,25.402042,-68.728538,4.638865,2,1,1,0.0000,0.0000,0.0000,0.5000,"Pursue",0.159608
455,A0100,adaptive_eagle_v9,HABFM,12187.398391,51.411739,69.922780,120.624745,-51.463999,10804.648496,199.125364,12560.004556,-50.441843,-8302.753448,-26.951297,15.352570,False,False,True,False,False,True,False,2-circle,-1.000000,466.183323,90.487159,100.000000,0.000000,9.512841,21.047257,-73.047003,4.652747,1,0,4,0.0000,0.0000,0.0000,0.5000,"SmartHighYoYo",-0.295907
455,B0100,L7_rush_level_max,HABFM,12187.398391,51.411739,69.922780,120.624745,-51.463999,10804.648496,199.125364,12560.004556,-50.441843,-8302.753448,-26.951297,15.352570,False,False,True,False,False,True,False,2-circle,-1.000000,466.183323,90.487159,100.000000,0.000000,9.512841,21.047257,-73.047003,4.652747,2,1,1,0.0000,0.0000,0.0000,0.5000,"Pursue",0.165960
456,A0100,adaptive_eagle_v9,HABFM,12193.461723,50.102560,71.316323,120.625289,-50.148610,10800.034883,198.869230,12550.878046,-45.632548,-8388.385453,-11.929688,20.453085,False,False,True,False,False,True,False,2-circle,-1.000000,447.801550,90.487159,100.000000,0.000000,9.512841,16.952096,-77.094960,4.394403,1,0,4,0.0000,0.0000,0.0000,0.5000,"SmartHighYoYo",-0.292227
456,B0100,L7_rush_level_max,HABFM,12193.461723,50.102560,71.316323,120.625289,-50.148610,10800.034883,198.869230,12550.878046,-45.632548,-8388.385453,-11.929688,20.453085,False,False,True,False,False,True,False,2-circle,-1.000000,447.801550,90.487159,100.000000,0.000000,9.512841,16.952096,-77.094960,4.394403,2,1,1,0.0000,0.0000,0.0000,0.5000,"Pursue",0.172269
457,A0100,adaptive_eagle_v9,HABFM,12194.120761,48.789979,72.892480,120.814081,-48.827259,10795.154770,198.669599,12542.484589,-41.967288,-8455.816120,4.867153,28.392791,False,False,True,False,False,True,False,2-circle,-1.000000,429.025323,90.487159,100.000000,0.000000,9.512841,13.378898,-80.617902,3.870861,1,0,4,0.0000,0.0000,0.0000,0.5000,"SmartHighYoYo",-0.292665
457,B0100,L7_rush_level_max,HABFM,12194.120761,48.789979,72.892480,120.814081,-48.827259,10795.154770,198.669599,12542.484589,-41.967288,-8455.816120,4.867153,28.392791,False,False,True,False,False,True,False,2-circle,-1.000000,429.025323,90.487159,100.000000,0.000000,9.512841,13.378898,-80.617902,3.870861,2,1,1,0.0000,0.0000,0.0000,0.5000,"Pursue",0.178457
458,A0100,adaptive_eagle_v9,HABFM,12189.053764,47.479041,74.496499,121.056108,-47.501833,10789.809196,198.523971,12534.578306,-39.531412,-8505.862198,22.104083,42.173131,False,False,True,False,False,True,False,2-circle,-1.000000,411.012778,90.487159,100.000000,0.000000,9.512841,10.306606,-83.647510,3.110386,4,0,3,0.0000,0.0000,0.0000,0.5000,"SmartHighYoYo",-0.242928
458,B0100,L7_rush_level_max,HABFM,12189.053764,47.479041,74.496499,121.056108,-47.501833,10789.809196,198.523971,12534.578306,-39.531412,-8505.862198,22.104083,42.173131,False,False,True,False,False,True,False,2-circle,-1.000000,411.012778,90.487159,100.000000,0.000000,9.512841,10.306606,-83.647510,3.110386,2,1,1,0.0000,0.0000,0.0000,0.5000,"Pursue",0.155843
459,A0100,adaptive_eagle_v9,HABFM,12178.387606,46.366534,76.018703,121.441282,-46.365867,10783.804979,198.579831,12529.556105,-25.111006,-8548.914658,38.270003,40.675102,False,False,True,False,False,True,False,2-circle,-1.000000,395.031249,90.487159,100.000000,0.000000,9.512841,10.515228,-83.416794,2.270298,1,0,4,0.0000,0.0000,0.0000,0.5000,"SmartHighYoYo",-0.140606
459,B0100,L7_rush_level_max,HABFM,12178.387606,46.366534,76.018703,121.441282,-46.365867,10783.804979,198.579831,12529.556105,-25.111006,-8548.914658,38.270003,40.675102,False,False,True,False,False,True,False,2-circle,-1.000000,395.031249,90.487159,100.000000,0.000000,9.512841,10.515228,-83.416794,2.270298,2,1,1,0.0000,0.0000,0.0000,0.5000,"Pursue",0.108550
460,A0100,adaptive_eagle_v9,HABFM,12162.353743,45.607895,77.774763,122.486928,-45.579359,10777.067236,198.919647,12528.798251,-3.789273,-8535.516487,55.939409,21.198585,False,False,True,False,False,True,False,2-circle,-1.000000,382.402210,90.487159,100.000000,0.000000,9.512841,16.412982,-77.533190,1.610362,1,0,4,0.0000,0.0000,0.0000,0.5000,"SmartHighYoYo",-0.129277
460,B0100,L7_rush_level_max,HABFM,12162.353743,45.607895,77.774763,122.486928,-45.579359,10777.067236,198.919647,12528.798251,-3.789273,-8535.516487,55.939409,21.198585,False,False,True,False,False,True,False,2-circle,-1.000000,382.402210,90.487159,100.000000,0.000000,9.512841,16.412982,-77.533190,1.610362,2,1,1,0.0000,0.0000,0.0000,0.5000,"Pursue",0.123629
461,A0100,adaptive_eagle_v9,OBFM,12139.248813,44.784248,80.406155,124.377381,-44.732435,10769.740182,199.170627,12525.894345,-14.519529,-8440.564322,81.673615,13.877487,False,False,True,False,False,True,False,2-circle,-1.000000,374.006686,90.487159,100.000000,0.000000,9.512841,22.651769,-71.358783,1.225545,1,0,4,0.0000,0.0000,0.0000,0.5000,"SmartHighYoYo",-0.239050
461,B0100,L7_rush_level_max,OBFM,12139.248813,44.784248,80.406155,124.377381,-44.732435,10769.740182,199.170627,12525.894345,-14.519529,-8440.564322,81.673615,13.877487,False,False,True,False,False,True,False,2-circle,-1.000000,374.006686,90.487159,100.000000,0.000000,9.512841,22.651769,-71.358783,1.225545,2,1,1,0.0000,0.0000,0.0000,0.5000,"Pursue",0.195539
462,A0100,adaptive_eagle_v9,OBFM,12106.844593,43.557494,83.157466,125.874994,-43.491846,10762.160352,199.057966,12516.328347,-47.829990,-8363.357240,109.200061,12.353262,False,False,True,False,False,True,False,2-circle,-1.000000,368.064059,90.487159,100.000000,0.000000,9.512841,24.879191,-69.232422,1.090359,1,0,4,0.0000,0.0000,0.0000,0.5000,"SmartHighYoYo",-0.315620
462,B0100,L7_rush_level_max,OBFM,12106.844593,43.557494,83.157466,125.874994,-43.491846,10762.160352,199.057966,12516.328347,-47.829990,-8363.357240,109.200061,12.353262,False,False,True,False,False,True,False,2-circle,-1.000000,368.064059,90.487159,100.000000,0.000000,9.512841,24.879191,-69.232422,1.090359,2,1,1,0.0000,0.0000,0.0000,0.5000,"Pursue",0.233637
463,A0100,adaptive_eagle_v9,OBFM,12066.021998,42.172161,85.197238,126.375406,-42.095147,10754.580506,198.809515,12504.372349,-59.779989,-8357.602319,130.602020,13.232184,False,False,True,False,False,True,False,2-circle,-1.000000,360.847934,90.487159,100.000000,0.000000,9.512841,23.729610,-70.480238,1.109919,1,0,4,0.0000,0.0000,0.0000,0.5000,"SmartHighYoYo",-0.339057
463,B0100,L7_rush_level_max,OBFM,12066.021998,42.172161,85.197238,126.375406,-42.095147,10754.580506,198.809515,12504.372349,-59.779989,-8357.602319,130.602020,13.232184,False,False,True,False,False,True,False,2-circle,-1.000000,360.847934,90.487159,100.000000,0.000000,9.512841,23.729610,-70.480238,1.109919,2,1,1,0.0000,0.0000,0.0000,0.5000,"Pursue",0.240606
464,A0100,adaptive_eagle_v9,OBFM,12019.018082,40.817214,86.587283,126.237300,-40.721684,10746.977722,198.614333,12493.335525,-55.184124,-8424.085762,146.116274,16.145172,False,False,True,False,False,True,False,2-circle,-1.000000,351.074948,90.487159,100.000000,0.000000,9.512841,20.505922,-73.782343,1.121783,1,0,4,0.0000,0.0000,0.0000,0.5000,"SmartHighYoYo",-0.334364
464,B0100,L7_rush_level_max,OBFM,12019.018082,40.817214,86.587283,126.237300,-40.721684,10746.977722,198.614333,12493.335525,-55.184124,-8424.085762,146.116274,16.145172,False,False,True,False,False,True,False,2-circle,-1.000000,351.074948,90.487159,100.000000,0.000000,9.512841,20.505922,-73.782343,1.121783,2,1,1,0.0000,0.0000,0.0000,0.5000,"Pursue",0.248593
465,A0100,adaptive_eagle_v9,OBFM,11966.759377,39.482922,88.061126,126.181052,-39.356036,10739.198449,198.480914,12483.210813,-50.623556,-8488.375172,162.337660,21.875201,False,False,True,False,False,True,False,2-circle,-1.000000,339.264895,90.487159,100.000000,0.000000,9.512841,16.475286,-77.874853,0.976506,1,0,4,0.0000,0.0000,0.0000,0.5000,"SmartHighYoYo",-0.262999
465,B0100,L7_rush_level_max,OBFM,11966.759377,39.482922,88.061126,126.181052,-39.356036,10739.198449,198.480914,12483.210813,-50.623556,-8488.375172,162.337660,21.875201,False,False,True,False,False,True,False,2-circle,-1.000000,339.264895,90.487159,100.000000,0.000000,9.512841,16.475286,-77.874853,0.976506,2,1,1,0.0000,0.0000,0.0000,0.5000,"Pursue",0.193218
466,A0100,adaptive_eagle_v9,OBFM,11908.754663,38.366629,89.706645,126.483148,-38.189641,10731.020290,198.567352,12476.552014,-33.293996,-8536.798465,179.688463,24.159109,False,False,True,False,False,True,False,2-circle,-1.000000,326.239729,90.487159,100.000000,0.000000,9.512841,15.408828,-78.995012,0.707663,1,0,4,0.0000,0.0000,0.0000,0.5000,"SmartHighYoYo",-0.146542
466,B0100,L7_rush_level_max,OBFM,11908.754663,38.366629,89.706645,126.483148,-38.189641,10731.020290,198.567352,12476.552014,-33.293996,-8536.798465,179.688463,24.159109,False,False,True,False,False,True,False,2-circle,-1.000000,326.239729,90.487159,100.000000,0.000000,9.512841,15.408828,-78.995012,0.707663,2,1,1,0.0000,0.0000,0.0000,0.5000,"Pursue",-0.211739
467,A0100,adaptive_eagle_v9,OBFM,11844.903850,37.628858,91.409866,127.255611,-37.396703,10722.295646,198.961893,12474.770784,-8.906151,-8572.223383,196.873797,16.367528,False,False,True,False,False,True,False,2-circle,-1.000000,313.006470,90.487159,100.000000,0.000000,9.512841,20.450507,-74.011890,0.498226,4,1,3,0.0000,0.0000,0.0000,0.5000,"SmartHighYoYo",-0.172042
467,B0100,L7_rush_level_max,OBFM,11844.903850,37.628858,91.409866,127.255611,-37.396703,10722.295646,198.961893,12474.770784,-8.906151,-8572.223383,196.873797,16.367528,False,False,True,False,False,True,False,2-circle,-1.000000,313.006470,90.487159,100.000000,0.000000,9.512841,20.450507,-74.011890,0.498226,2,1,1,0.0000,0.0000,0.0000,0.5000,"Pursue",-0.178676
468,A0100,adaptive_eagle_v9,OBFM,11775.355855,36.837340,93.065245,128.060238,-36.563653,10713.124721,199.278930,12471.189291,-17.907467,-8607.186598,213.699968,11.819344,False,False,True,False,False,True,False,2-circle,-1.000000,300.453837,90.487159,100.000000,0.000000,9.512841,26.153790,-68.386192,0.416682,1,1,4,0.0000,0.0000,0.0000,0.5000,"SmartHighYoYo",-0.295387
468,B0100,L7_rush_level_max,OBFM,11775.355855,36.837340,93.065245,128.060238,-36.563653,10713.124721,199.278930,12471.189291,-17.907467,-8607.186598,213.699968,11.819344,False,False,True,False,False,True,False,2-circle,-1.000000,300.453837,90.487159,100.000000,0.000000,9.512841,26.153790,-68.386192,0.416682,2,1,1,0.0000,0.0000,0.0000,0.5000,"Pursue",-0.142421
469,A0100,adaptive_eagle_v9,OBFM,11699.814339,35.639891,95.040851,128.961130,-35.347336,10703.849054,199.230127,12461.052645,-50.683229,-8602.877210,233.863463,10.835698,False,False,True,False,False,True,False,2-circle,-1.000000,289.481965,90.487159,100.000000,0.000000,9.512841,28.034584,-66.619274,0.470477,1,1,4,0.0000,0.0000,0.0000,0.5000,"SmartHighYoYo",-0.309128
469,B0100,L7_rush_level_max,OBFM,11699.814339,35.639891,95.040851,128.961130,-35.347336,10703.849054,199.230127,12461.052645,-50.683229,-8602.877210,233.863463,10.835698,False,False,True,False,False,True,False,2-circle,-1.000000,289.481965,90.487159,100.000000,0.000000,9.512841,28.034584,-66.619274,0.470477,2,1,1,0.0000,0.0000,0.0000,0.5000,"Pursue",-0.278883
470,A0100,adaptive_eagle_v9,OBFM,11616.258492,34.276666,97.898810,130.553834,-33.974151,10694.728788,199.039305,12448.567909,-62.423679,-8521.914947,261.575899,11.620185,False,False,True,False,False,True,False,2-circle,-1.000000,280.488748,90.487159,100.000000,0.000000,9.512841,26.795579,-68.021489,0.600091,1,1,4,0.0000,0.0000,0.0000,0.5000,"SmartHighYoYo",-0.310660
470,B0100,L7_rush_level_max,OBFM,11616.258492,34.276666,97.898810,130.553834,-33.974151,10694.728788,199.039305,12448.567909,-62.423679,-8521.914947,261.575899,11.620185,False,False,True,False,False,True,False,2-circle,-1.000000,280.488748,90.487159,100.000000,0.000000,9.512841,26.795579,-68.021489,0.600091,2,1,1,0.0000,0.0000,0.0000,0.5000,"Pursue",-0.237748
471,A0100,adaptive_eagle_v9,HABFM,11523.244511,32.935931,100.571818,131.786159,-32.612175,10685.734484,198.895437,12437.039113,-57.643980,-8473.382317,287.335864,13.887989,False,False,True,False,False,True,False,2-circle,-1.000000,271.839441,90.487159,100.000000,0.000000,9.512841,23.682801,-71.326053,0.677522,2,0,4,0.0000,0.0000,0.0000,0.5000,"LeadPursuit",-0.350203
471,B0100,L7_rush_level_max,HABFM,11523.244511,32.935931,100.571818,131.786159,-32.612175,10685.734484,198.895437,12437.039113,-57.643980,-8473.382317,287.335864,13.887989,False,False,True,False,False,True,False,2-circle,-1.000000,271.839441,90.487159,100.000000,0.000000,9.512841,23.682801,-71.326053,0.677522,2,1,1,0.0000,0.0000,0.0000,0.5000,"Pursue",-0.068365
472,A0100,adaptive_eagle_v9,HABFM,11422.659994,31.612132,102.515853,132.266870,-31.245417,10676.705826,198.806601,12426.446384,-52.963645,-8495.620110,306.817253,18.010044,False,False,True,False,False,True,False,2-circle,-1.000000,262.314212,90.487159,100.000000,0.000000,9.512841,19.826116,-75.384389,0.598813,2,0,4,0.0000,0.0000,0.0000,0.5000,"LeadPursuit",-0.361352
472,B0100,L7_rush_level_max,HABFM,11422.659994,31.612132,102.515853,132.266870,-31.245417,10676.705826,198.806601,12426.446384,-52.963645,-8495.620110,306.817253,18.010044,False,False,True,False,False,True,False,2-circle,-1.000000,262.314212,90.487159,100.000000,0.000000,9.512841,19.826116,-75.384389,0.598813,2,1,1,0.0000,0.0000,0.0000,0.5000,"Pursue",-0.004065
473,A0100,adaptive_eagle_v9,HABFM,11316.001853,30.313374,104.225720,132.534763,-29.875039,10667.442432,198.779030,12416.697714,-48.743352,-8538.462046,324.220909,25.056907,False,False,True,False,False,True,False,2-circle,-1.000000,252.573288,90.487159,100.000000,0.000000,9.512841,16.056636,-79.381142,0.291879,2,0,4,0.0000,0.0000,0.0000,0.5000,"LeadPursuit",-0.281340
473,B0100,L7_rush_level_max,HABFM,11316.001853,30.313374,104.225720,132.534763,-29.875039,10667.442432,198.779030,12416.697714,-48.743352,-8538.462046,324.220909,25.056907,False,False,True,False,False,True,False,2-circle,-1.000000,252.573288,90.487159,100.000000,0.000000,9.512841,16.056636,-79.381142,0.291879,2,2,1,0.0000,0.0000,0.0000,0.5000,"Pursue",-0.053986
474,A0100,adaptive_eagle_v9,HABFM,11203.520929,29.240329,105.937248,133.017513,-28.696319,10657.717936,198.965022,12410.248196,-32.247586,-8567.545105,341.185772,26.600414,False,False,True,False,False,True,False,2-circle,-1.000000,243.766154,90.487159,100.000000,0.000000,9.512841,15.731146,-79.992096,-0.154751,2,0,4,0.0000,0.0000,0.0000,0.5000,"LeadPursuit",-0.125611
474,B0100,L7_rush_level_max,HABFM,11203.520929,29.240329,105.937248,133.017513,-28.696319,10657.717936,198.965022,12410.248196,-32.247586,-8567.545105,341.185772,26.600414,False,False,True,False,False,True,False,2-circle,-1.000000,243.766154,90.487159,100.000000,0.000000,9.512841,15.731146,-79.992096,-0.154751,2,2,3,0.0000,0.0000,0.0000,0.5000,"Pursue",-0.224395
475,A0100,adaptive_eagle_v9,HABFM,11085.234761,28.528116,107.967748,134.238695,-27.877671,10647.404680,199.446529,12408.427662,-9.102670,-8549.152529,359.997119,16.884828,False,False,True,False,False,True,False,2-circle,-1.000000,237.114451,90.487159,100.000000,0.000000,9.512841,21.617725,-74.496558,-0.514439,2,0,4,0.0000,0.0000,0.0000,0.5000,"LeadPursuit",-0.025918
475,B0100,L7_rush_level_max,HABFM,11085.234761,28.528116,107.967748,134.238695,-27.877671,10647.404680,199.446529,12408.427662,-9.102670,-8549.152529,359.997119,16.884828,False,False,True,False,False,True,False,2-circle,-1.000000,237.114451,90.487159,100.000000,0.000000,9.512841,21.617725,-74.496558,-0.514439,2,2,3,0.0000,0.0000,0.0000,0.5000,"Pursue",-0.426987
476,A0100,adaptive_eagle_v9,HABFM,10959.751810,27.924793,110.750734,136.294480,-27.191829,10636.581965,199.998436,12407.364609,-5.315270,-8454.768804,384.043420,10.733508,False,False,True,False,False,True,False,2-circle,-1.000000,233.015579,90.487159,100.000000,0.000000,9.512841,30.172872,-66.479434,-0.608059,2,0,4,0.0000,0.0000,0.0000,0.5000,"LeadPursuit",-0.154222
476,B0100,L7_rush_level_max,HABFM,10959.751810,27.924793,110.750734,136.294480,-27.191829,10636.581965,199.998436,12407.364609,-5.315270,-8454.768804,384.043420,10.733508,False,False,True,False,False,True,False,2-circle,-1.000000,233.015579,90.487159,100.000000,0.000000,9.512841,30.172872,-66.479434,-0.608059,2,2,3,0.0000,0.0000,0.0000,0.5000,"Pursue",-0.263088
477,A0100,adaptive_eagle_v9,HABFM,10826.293883,27.052126,113.202288,137.702318,-26.292637,10625.551222,200.291295,12401.523601,-29.205036,-8405.810318,405.414190,8.203075,False,False,True,False,False,True,False,2-circle,-1.000000,229.284259,90.487159,100.000000,0.000000,9.512841,36.942509,-60.370079,-0.368350,2,0,4,0.0000,0.0000,0.0000,0.5000,"LeadPursuit",-0.382051
477,B0100,L7_rush_level_max,HABFM,10826.293883,27.052126,113.202288,137.702318,-26.292637,10625.551222,200.291295,12401.523601,-29.205036,-8405.810318,405.414190,8.203075,False,False,True,False,False,True,False,2-circle,-1.000000,229.284259,90.487159,100.000000,0.000000,9.512841,36.942509,-60.370079,-0.368350,2,2,3,0.0000,0.0000,0.0000,0.5000,"Pursue",0.068765
478,A0100,adaptive_eagle_v9,HABFM,10686.535598,25.799219,114.897105,138.160611,-25.067365,10614.770321,200.228256,12389.624946,-59.493277,-8443.456876,421.380719,7.953349,False,False,True,False,False,True,False,2-circle,-1.000000,224.102050,90.487159,100.000000,0.000000,9.512841,38.481306,-59.591019,0.089054,2,0,4,0.0000,0.0000,0.0000,0.5000,"LeadPursuit",-0.475559
478,B0100,L7_rush_level_max,HABFM,10686.535598,25.799219,114.897105,138.160611,-25.067365,10614.770321,200.228256,12389.624946,-59.493277,-8443.456876,421.380719,7.953349,False,False,True,False,False,True,False,2-circle,-1.000000,224.102050,90.487159,100.000000,0.000000,9.512841,38.481306,-59.591019,0.089054,2,2,3,0.0000,0.0000,0.0000,0.5000,"Pursue",0.200154
479,A0100,adaptive_eagle_v9,HABFM,10541.737609,24.405312,116.433102,138.421084,-23.708410,10604.519785,200.034133,12375.934608,-68.451690,-8500.434788,436.104823,9.011389,False,False,True,False,False,True,False,2-circle,-1.000000,217.617711,90.487159,100.000000,0.000000,9.512841,36.384398,-62.589849,0.603373,2,0,4,0.0000,0.0000,0.0000,0.5000,"LeadPursuit",-0.471432
479,B0100,L7_rush_level_max,HABFM,10541.737609,24.405312,116.433102,138.421084,-23.708410,10604.519785,200.034133,12375.934608,-68.451690,-8500.434788,436.104823,9.011389,False,False,True,False,False,True,False,2-circle,-1.000000,217.617711,90.487159,100.000000,0.000000,9.512841,36.384398,-62.589849,0.603373,2,2,3,0.0000,0.0000,0.0000,0.5000,"Pursue",0.205421
480,A0100,adaptive_eagle_v9,HABFM,10391.844149,23.038946,118.083515,138.821435,-22.345813,10594.713901,199.884208,12363.474383,-62.301126,-8544.522452,451.346961,11.222390,False,False,True,False,False,True,False,2-circle,-1.000000,210.766328,90.487159,100.000000,0.000000,9.512841,32.745092,-67.374683,0.995977,2,0,4,0.0000,0.0000,0.0000,0.5000,"LeadPursuit",-0.434585
480,B0100,L7_rush_level_max,HABFM,10391.844149,23.038946,118.083515,138.821435,-22.345813,10594.713901,199.884208,12363.474383,-62.301126,-8544.522452,451.346961,11.222390,False,False,True,False,False,True,False,2-circle,-1.000000,210.766328,90.487159,100.000000,0.000000,9.512841,32.745092,-67.374683,0.995977,2,2,3,0.0000,0.0000,0.0000,0.5000,"Pursue",0.137117
481,A0100,adaptive_eagle_v9,HABFM,10236.562268,21.695982,120.145864,139.621267,-20.963009,10585.131075,199.790954,12352.241539,-56.164218,-8543.667216,468.982875,14.750626,False,False,True,False,False,True,False,2-circle,-1.000000,204.822105,90.487159,100.000000,0.000000,9.512841,29.299270,-72.396773,1.129006,2,0,4,0.0000,0.0000,0.0000,0.5000,"LeadPursuit",-0.333546
481,B0100,L7_rush_level_max,HABFM,10236.562268,21.695982,120.145864,139.621267,-20.963009,10585.131075,199.790954,12352.241539,-56.164218,-8543.667216,468.982875,14.750626,False,False,True,False,False,True,False,2-circle,-1.000000,204.822105,90.487159,100.000000,0.000000,9.512841,29.299270,-72.396773,1.129006,2,2,3,0.0000,0.0000,0.0000,0.5000,"Pursue",0.066627
482,A0100,adaptive_eagle_v9,HABFM,10075.186889,20.576701,122.145717,140.424764,-19.750198,10575.490072,199.913526,12344.769459,-37.360400,-8535.916012,485.605953,16.184636,False,False,True,False,False,True,False,2-circle,-1.000000,200.398881,90.487159,100.000000,0.000000,9.512841,30.106241,-73.878839,1.071145,2,0,4,0.0000,0.0000,0.0000,0.5000,"LeadPursuit",-0.187344
482,B0100,L7_rush_level_max,HABFM,10075.186889,20.576701,122.145717,140.424764,-19.750198,10575.490072,199.913526,12344.769459,-37.360400,-8535.916012,485.605953,16.184636,False,False,True,False,False,True,False,2-circle,-1.000000,200.398881,90.487159,100.000000,0.000000,9.512841,30.106241,-73.878839,1.071145,2,2,3,0.0000,0.0000,0.0000,0.5000,"Pursue",-0.021948
483,A0100,adaptive_eagle_v9,HABFM,9908.927862,19.826922,123.798283,141.254202,-18.902137,10565.579180,200.335233,12342.330845,-12.193069,-8548.651980,499.468307,12.042804,False,False,True,False,False,True,False,2-circle,-1.000000,197.385182,90.487159,100.000000,0.000000,9.512841,38.696083,-68.809141,1.040353,2,0,4,0.0000,0.0000,0.0000,0.5000,"LeadPursuit",-0.187471
483,B0100,L7_rush_level_max,HABFM,9908.927862,19.826922,123.798283,141.254202,-18.902137,10565.579180,200.335233,12342.330845,-12.193069,-8548.651980,499.468307,12.042804,False,False,True,False,False,True,False,2-circle,-1.000000,197.385182,90.487159,100.000000,0.000000,9.512841,38.696083,-68.809141,1.040353,2,2,3,0.0000,0.0000,0.0000,0.5000,"Pursue",-0.066182
484,A0100,adaptive_eagle_v9,HABFM,9737.708893,18.990740,125.906733,142.634834,-18.019898,10555.470986,200.662555,12338.033346,-21.487497,-8513.608257,515.715506,9.134388,False,False,True,False,False,True,False,2-circle,-1.000000,196.660838,90.487159,100.000000,0.000000,9.512841,50.498317,-62.960884,1.125799,2,0,3,0.0000,0.0000,0.0000,0.5000,"LeadPursuit",-0.330282
484,B0100,L7_rush_level_max,HABFM,9737.708893,18.990740,125.906733,142.634834,-18.019898,10555.470986,200.662555,12338.033346,-21.487497,-8513.608257,515.715506,9.134388,False,False,True,False,False,True,False,2-circle,-1.000000,196.660838,90.487159,100.000000,0.000000,9.512841,50.498317,-62.960884,1.125799,2,2,3,0.0000,0.0000,0.0000,0.5000,"Pursue",0.008256
485,A0100,adaptive_eagle_v9,HABFM,9560.298619,17.704409,128.876780,144.513932,-16.759374,10545.553356,200.604362,12327.081971,-54.756875,-8409.906905,536.456587,8.428475,False,False,True,False,False,True,False,2-circle,-1.000000,198.401568,90.487159,100.000000,0.000000,9.512841,63.430710,-61.040997,1.349911,2,0,3,0.0000,0.0000,0.0000,0.5000,"LeadPursuit",-0.478904
485,B0100,L7_rush_level_max,HABFM,9560.298619,17.704409,128.876780,144.513932,-16.759374,10545.553356,200.604362,12327.081971,-54.756875,-8409.906905,536.456587,8.428475,False,False,True,False,False,True,False,2-circle,-1.000000,198.401568,90.487159,100.000000,0.000000,9.512841,63.430710,-61.040997,1.349911,2,2,3,0.0000,0.0000,0.0000,0.5000,"Pursue",0.251320
486,A0100,adaptive_eagle_v9,HABFM,9375.955226,16.224378,131.587875,145.809437,-15.327260,10536.132048,200.387784,12313.815958,-66.330066,-8352.097485,555.055977,8.947641,False,False,True,False,False,True,False,2-circle,-1.000000,200.394860,90.487159,100.000000,0.000000,9.512841,83.539097,-62.440045,1.674243,2,0,3,0.0000,0.0000,0.0000,0.5000,"LeadPursuit",-0.589728
486,B0100,L7_rush_level_max,HABFM,9375.955226,16.224378,131.587875,145.809437,-15.327260,10536.132048,200.387784,12313.815958,-66.330066,-8352.097485,555.055977,8.947641,False,False,True,False,False,True,False,2-circle,-1.000000,200.394860,90.487159,100.000000,0.000000,9.512841,83.539097,-62.440045,1.674243,2,2,3,0.0000,0.0000,0.0000,0.5000,"Pursue",0.513636
487,A0100,adaptive_eagle_v9,HABFM,9186.109628,14.768222,133.581479,146.372745,-13.886424,10527.183116,200.204343,12301.613838,-61.010599,-8365.334396,569.302790,10.420879,False,False,True,False,False,True,False,2-circle,-1.000000,201.126269,90.487159,100.000000,0.000000,9.512841,116.722078,-65.839844,1.976708,2,0,3,0.0000,0.0000,0.0000,0.5000,"LeadPursuit",-0.466561
487,B0100,L7_rush_level_max,HABFM,9186.109628,14.768222,133.581479,146.372745,-13.886424,10527.183116,200.204343,12301.613838,-61.010599,-8365.334396,569.302790,10.420879,False,False,True,False,False,True,False,2-circle,-1.000000,201.126269,90.487159,100.000000,0.000000,9.512841,116.722078,-65.839844,1.976708,2,3,3,0.0000,0.0000,0.0000,0.5000,"Pursue",0.415979
488,A0100,adaptive_eagle_v9,HABFM,8991.646510,13.535832,135.552448,147.072115,-12.606687,10518.503555,200.218395,12293.183371,-42.152338,-8379.396495,582.947572,11.028708,False,False,True,False,False,True,False,2-circle,-1.000000,201.191012,90.487159,100.000000,0.000000,9.512841,148.685623,-67.028613,2.244894,2,0,3,0.0000,0.0000,0.0000,0.5000,"LeadPursuit",-0.185841
488,B0100,L7_rush_level_max,HABFM,8991.646510,13.535832,135.552448,147.072115,-12.606687,10518.503555,200.218395,12293.183371,-42.152338,-8379.396495,582.947572,11.028708,False,False,True,False,False,True,False,2-circle,-1.000000,201.191012,90.487159,100.000000,0.000000,9.512841,148.685623,-67.028613,2.244894,2,3,3,0.0000,0.0000,0.0000,0.5000,"Pursue",0.086167
489,A0100,adaptive_eagle_v9,HABFM,8792.522697,12.677836,137.702215,148.340519,-11.689341,10509.859407,200.533554,12290.130584,-15.263931,-8363.481343,596.766355,8.939461,False,False,True,False,False,True,False,2-circle,-1.000000,201.772146,90.487159,100.000000,0.000000,9.512841,170.951660,-62.426123,2.593810,2,0,3,0.0000,0.0000,0.0000,0.5000,"LeadPursuit",0.015039
489,B0100,L7_rush_level_max,HABFM,8792.522697,12.677836,137.702215,148.340519,-11.689341,10509.859407,200.533554,12290.130584,-15.263931,-8363.481343,596.766355,8.939461,False,False,True,False,False,True,False,2-circle,-1.000000,201.772146,90.487159,100.000000,0.000000,9.512841,170.951660,-62.426123,2.593810,2,3,3,0.0000,0.0000,0.0000,0.5000,"Pursue",-0.163639
490,A0100,adaptive_eagle_v9,HABFM,8588.675152,11.970619,140.291648,150.312087,-10.961921,10501.211815,200.952886,12288.936163,-5.972109,-8297.756492,611.655047,6.734493,False,False,True,False,False,True,False,2-circle,-1.000000,204.084993,90.487159,100.000000,0.000000,9.512841,-173.000750,-55.322822,3.114889,2,1,3,0.0000,0.0000,0.0000,0.5000,"LeadPursuit",-0.007814
490,B0100,L7_rush_level_max,HABFM,8588.675152,11.970619,140.291648,150.312087,-10.961921,10501.211815,200.952886,12288.936163,-5.972109,-8297.756492,611.655047,6.734493,False,False,True,False,False,True,False,2-circle,-1.000000,204.084993,90.487159,100.000000,0.000000,9.512841,-173.000750,-55.322822,3.114889,2,3,3,0.0000,0.0000,0.0000,0.5000,"Pursue",-0.103719
491,A0100,adaptive_eagle_v9,HABFM,8379.437193,10.974723,143.708913,152.945547,-10.063932,10492.831901,201.104177,12283.249096,-28.435333,-8173.619783,628.706095,5.573782,False,False,True,False,False,True,False,2-circle,-1.000000,208.260235,90.487159,100.000000,0.000000,9.512841,-162.928559,-50.124617,3.822947,2,1,3,0.0000,0.0000,0.0000,0.5000,"LeadPursuit",-0.425410
491,B0100,L7_rush_level_max,HABFM,8379.437193,10.974723,143.708913,152.945547,-10.063932,10492.831901,201.104177,12283.249096,-28.435333,-8173.619783,628.706095,5.573782,False,False,True,False,False,True,False,2-circle,-1.000000,208.260235,90.487159,100.000000,0.000000,9.512841,-162.928559,-50.124617,3.822947,2,3,3,0.0000,0.0000,0.0000,0.5000,"Pursue",0.591130
492,A0100,adaptive_eagle_v9,HABFM,8164.721916,9.556666,146.738244,154.801918,-8.844890,10485.218281,200.876171,12271.577933,-58.355812,-8098.836916,642.878623,5.611074,False,False,True,False,False,True,False,2-circle,-1.000000,211.669830,90.487159,100.000000,0.000000,9.512841,-160.061335,-50.277629,4.610060,2,1,3,0.0000,0.0000,0.0000,0.5000,"LeadPursuit",-0.912331
492,B0100,L7_rush_level_max,HABFM,8164.721916,9.556666,146.738244,154.801918,-8.844890,10485.218281,200.876171,12271.577933,-58.355812,-8098.836916,642.878623,5.611074,False,False,True,False,False,True,False,2-circle,-1.000000,211.669830,90.487159,100.000000,0.000000,9.512841,-160.061335,-50.277629,4.610060,2,3,2,0.0000,0.0000,0.0000,0.5000,"Pursue",1.405159
493,A0100,adaptive_eagle_v9,HABFM,7945.811975,7.930669,148.962014,155.717195,-7.419633,10478.688801,200.463372,12257.714090,-69.319217,-8108.596047,653.572692,6.451829,False,False,True,False,False,True,False,2-circle,-1.000000,212.573263,90.487159,100.000000,0.000000,9.512841,-161.691540,-54.089962,5.366647,2,1,3,0.0000,0.0000,0.0000,0.5000,"LeadPursuit",-1.054016
493,B0100,L7_rush_level_max,HABFM,7945.811975,7.930669,148.962014,155.717195,-7.419633,10478.688801,200.463372,12257.714090,-69.319217,-8108.596047,653.572692,6.451829,False,False,True,False,False,True,False,2-circle,-1.000000,212.573263,90.487159,100.000000,0.000000,9.512841,-161.691540,-54.089962,5.366647,2,3,2,0.0000,0.0000,0.0000,0.5000,"Pursue",1.746232
494,A0100,adaptive_eagle_v9,HABFM,7723.445515,6.306948,151.105966,156.501479,-5.926544,10473.138550,200.079336,12245.354060,-61.800148,-8132.639499,663.409890,7.948402,False,False,True,False,False,True,False,2-circle,-1.000000,211.593749,90.487159,100.000000,0.000000,9.512841,-165.433957,-59.503369,5.977283,2,1,3,0.0000,0.0000,0.0000,0.5000,"LeadPursuit",-1.038853
494,B0100,L7_rush_level_max,HABFM,7723.445515,6.306948,151.105966,156.501479,-5.926544,10473.138550,200.079336,12245.354060,-61.800148,-8132.639499,663.409890,7.948402,False,False,True,False,False,True,False,2-circle,-1.000000,211.593749,90.487159,100.000000,0.000000,9.512841,-165.433957,-59.503369,5.977283,2,3,2,0.0000,0.0000,0.0000,0.5000,"Pursue",1.878740
495,A0100,adaptive_eagle_v9,HABFM,7497.757788,4.671843,153.475578,157.410310,-4.341602,10468.299228,199.739135,12234.493155,-54.304527,-8135.721588,672.971477,10.085431,False,False,True,False,False,True,False,2-circle,-1.000000,209.925948,90.487159,100.000000,0.000000,9.512841,-169.735886,-65.062287,6.399618,2,2,3,0.0000,0.0000,0.0000,0.5000,"LeadPursuit",-0.571982
495,B0100,L7_rush_level_max,HABFM,7497.757788,4.671843,153.475578,157.410310,-4.341602,10468.299228,199.739135,12234.493155,-54.304527,-8135.721588,672.971477,10.085431,False,False,True,False,False,True,False,2-circle,-1.000000,209.925948,90.487159,100.000000,0.000000,9.512841,-169.735886,-65.062287,6.399618,2,4,2,0.0000,0.0000,0.0000,0.5000,"Pursue",1.296543
496,A0100,adaptive_eagle_v9,HABFM,7268.971305,3.249302,155.899001,158.448619,-2.863572,10463.850545,199.603055,12227.638721,-34.272171,-8125.777178,681.804780,11.032379,False,False,True,False,False,True,False,2-circle,-1.000000,208.945873,90.487159,100.000000,0.000000,9.512841,-170.751434,-66.955631,6.725703,2,2,3,0.0000,0.0000,0.0000,0.5000,"LeadPursuit",0.436287
496,B0100,L7_rush_level_max,HABFM,7268.971305,3.249302,155.899001,158.448619,-2.863572,10463.850545,199.603055,12227.638721,-34.272171,-8125.777178,681.804780,11.032379,False,False,True,False,False,True,False,2-circle,-1.000000,208.945873,90.487159,100.000000,0.000000,9.512841,-170.751434,-66.955631,6.725703,2,4,2,0.0000,0.0000,0.0000,0.5000,"Pursue",0.013545
497,A0100,adaptive_eagle_v9,HABFM,7037.332487,2.213743,158.730316,160.203614,-1.696964,10459.521394,199.751049,12225.926033,-8.563441,-8066.306794,690.364617,8.825295,False,False,True,False,False,True,False,2-circle,-1.000000,210.133032,90.487159,100.000000,0.000000,9.512841,-165.309789,-62.013030,7.092991,2,2,3,0.0000,0.0000,0.0000,0.5000,"LeadPursuit",1.827385
497,B0100,L7_rush_level_max,HABFM,7037.332487,2.213743,158.730316,160.203614,-1.696964,10459.521394,199.751049,12225.926033,-8.563441,-8066.306794,690.364617,8.825295,False,False,True,False,False,True,False,2-circle,-1.000000,210.133032,90.487159,100.000000,0.000000,9.512841,-165.309789,-62.013030,7.092991,2,4,2,0.0000,0.0000,0.0000,0.5000,"Pursue",-1.440971
498,A0100,adaptive_eagle_v9,HABFM,6802.879382,1.498609,162.439651,163.053212,-0.778655,10455.246901,200.088044,12227.616680,8.453235,-7935.163688,698.774519,6.259989,False,False,True,False,False,True,False,2-circle,-1.000000,214.183977,90.487159,100.000000,0.000000,9.512841,-156.382381,-53.203920,7.661677,2,3,3,0.0000,0.0000,0.0000,0.5000,"LeadPursuit",2.457240
498,B0100,L7_rush_level_max,HABFM,6802.879382,1.498609,162.439651,163.053212,-0.778655,10455.246901,200.088044,12227.616680,8.453235,-7935.163688,698.774519,6.259989,False,False,True,False,False,True,False,2-circle,-1.000000,214.183977,90.487159,100.000000,0.000000,9.512841,-156.382381,-53.203920,7.661677,2,4,2,0.0000,0.0000,0.0000,0.5000,"Pursue",-1.724446
499,A0100,adaptive_eagle_v9,HABFM,6565.896440,0.933450,165.940723,165.666134,0.136158,10451.154477,200.287651,12227.062235,-2.772223,-7836.944382,705.170684,4.327998,False,False,True,False,False,True,False,2-circle,1.000000,219.102148,90.487159,100.000000,0.000000,9.512841,-146.079812,-42.773979,8.558116,2,3,3,0.0000,0.0000,0.0000,0.5000,"LeadPursuit",2.537317
499,B0100,L7_rush_level_max,HABFM,6565.896440,0.933450,165.940723,165.666134,0.136158,10451.154477,200.287651,12227.062235,-2.772223,-7836.944382,705.170684,4.327998,False,False,True,False,False,True,False,2-circle,1.000000,219.102148,90.487159,100.000000,0.000000,9.512841,-146.079812,-42.773979,8.558116,2,4,2,0.0000,0.0000,0.0000,0.5000,"Pursue",-1.588557
500,A0100,adaptive_eagle_v9,HABFM,6327.015169,1.045971,168.610896,167.590708,0.962215,10447.522425,200.393100,12225.300667,-8.807838,-7820.315059,710.026459,3.067866,False,False,True,False,False,True,False,2-circle,1.000000,223.101172,90.487159,100.000000,0.000000,9.512841,-136.806490,-33.268986,9.736951,2,4,3,0.0000,0.0000,0.0000,0.5000,"LeadPursuit",2.558938
500,B0100,L7_rush_level_max,HABFM,6327.015169,1.045971,168.610896,167.590708,0.962215,10447.522425,200.393100,12225.300667,-8.807838,-7820.315059,710.026459,3.067866,False,False,True,False,False,True,False,2-circle,1.000000,223.101172,90.487159,100.000000,0.000000,9.512841,-136.806490,-33.268986,9.736951,2,4,2,0.0000,0.0000,0.0000,0.5000,"Pursue",-1.564432
501,A0100,adaptive_eagle_v9,HABFM,6086.575351,1.649697,170.696489,169.114045,1.643034,10444.489308,200.504771,12224.249460,-5.256035,-7857.406636,714.245346,2.241144,False,False,True,False,False,True,False,2-circle,1.000000,226.405179,90.487159,100.000000,0.000000,9.512841,-129.479077,-25.619583,11.135323,2,4,3,0.0000,0.0000,0.0000,0.5000,"LeadPursuit",3.049385
501,B0100,L7_rush_level_max,HABFM,6086.575351,1.649697,170.696489,169.114045,1.643034,10444.489308,200.504771,12224.249460,-5.256035,-7857.406636,714.245346,2.241144,False,False,True,False,False,True,False,2-circle,1.000000,226.405179,90.487159,100.000000,0.000000,9.512841,-129.479077,-25.619583,11.135323,2,4,2,0.0000,0.0000,0.0000,0.5000,"Pursue",-1.952795
502,A0100,adaptive_eagle_v9,HABFM,5844.935843,2.310282,172.940883,170.870472,2.190331,10442.102380,200.554624,12222.747674,-7.508932,-7856.164158,716.996377,1.683119,False,False,True,False,False,True,False,2-circle,1.000000,230.118979,90.487159,100.000000,0.000000,9.512841,-124.139318,-19.809748,12.340103,2,4,3,0.0000,0.0000,0.0000,0.5000,"LeadPursuit",1.959902
502,B0100,L7_rush_level_max,HABFM,5844.935843,2.310282,172.940883,170.870472,2.190331,10442.102380,200.554624,12222.747674,-7.508932,-7856.164158,716.996377,1.683119,False,False,True,False,False,True,False,2-circle,1.000000,230.118979,90.487159,100.000000,0.000000,9.512841,-124.139318,-19.809748,12.340103,2,4,2,0.0000,0.0000,0.0000,0.5000,"Pursue",-1.497189
503,A0100,adaptive_eagle_v9,HABFM,5602.628783,2.837021,174.742568,172.161306,2.585386,10440.225283,200.756903,12224.464306,8.583158,-7848.685358,718.840603,1.290199,False,False,True,False,False,True,False,2-circle,1.000000,235.983652,90.487159,100.000000,0.000000,9.512841,-120.511574,-15.450318,11.838246,2,4,3,0.0000,0.0000,0.0000,0.5000,"LeadPursuit",0.034341
503,B0100,L7_rush_level_max,HABFM,5602.628783,2.837021,174.742568,172.161306,2.585386,10440.225283,200.756903,12224.464306,8.583158,-7848.685358,718.840603,1.290199,False,False,True,False,False,True,False,2-circle,1.000000,235.983652,90.487159,100.000000,0.000000,9.512841,-120.511574,-15.450318,11.838246,2,4,2,0.0000,0.0000,0.0000,0.5000,"Pursue",-0.305535
504,A0100,adaptive_eagle_v9,HABFM,5359.722264,3.286729,175.666934,172.581900,2.882372,10438.653133,201.226645,12231.251637,33.936655,-7881.000944,721.130507,1.045921,False,False,True,False,False,True,False,2-circle,1.000000,244.328320,90.487159,100.000000,0.000000,9.512841,-118.721543,-12.657179,9.939308,2,4,3,0.0000,0.0000,0.0000,0.5000,"LeadPursuit",0.784992
504,B0100,L7_rush_level_max,HABFM,5359.722264,3.286729,175.666934,172.581900,2.882372,10438.653133,201.226645,12231.251637,33.936655,-7881.000944,721.130507,1.045921,False,False,True,False,False,True,False,2-circle,1.000000,244.328320,90.487159,100.000000,0.000000,9.512841,-118.721543,-12.657179,9.939308,2,4,2,0.0000,0.0000,0.0000,0.5000,"Pursue",-1.043283
505,A0100,adaptive_eagle_v9,HABFM,5115.855606,3.557488,175.964417,172.708438,3.074533,10437.258751,201.956918,12242.891941,58.201524,-7982.423416,725.040229,0.904081,False,False,True,False,False,True,False,2-circle,1.000000,253.983392,90.487159,100.000000,0.000000,9.512841,-118.283711,-11.023863,7.301145,2,4,3,0.0000,0.0000,0.0000,0.5000,"LeadPursuit",1.788483
505,B0100,L7_rush_level_max,HABFM,5115.855606,3.557488,175.964417,172.708438,3.074533,10437.258751,201.956918,12242.891941,58.201524,-7982.423416,725.040229,0.904081,False,False,True,False,False,True,False,2-circle,1.000000,253.983392,90.487159,100.000000,0.000000,9.512841,-118.283711,-11.023863,7.301145,2,4,2,0.0000,0.0000,0.0000,0.5000,"Pursue",-2.003290
506,A0100,adaptive_eagle_v9,HABFM,4870.592051,3.569359,175.998302,172.934138,3.150638,10435.588542,202.934852,12258.750858,79.294582,-8052.231566,728.509370,0.738348,False,False,True,True,False,True,False,2-circle,1.000000,262.694488,90.487159,100.000000,0.000000,9.512841,-117.579193,-9.082375,4.292394,2,4,3,0.0000,0.0000,0.0000,0.5000,"LeadPursuit",2.695855
506,B0100,L7_rush_level_max,HABFM,4870.592051,3.569359,175.998302,172.934138,3.150638,10435.588542,202.934852,12258.750858,79.294582,-8052.231566,728.509370,0.738348,False,False,True,True,False,True,False,2-circle,1.000000,262.694488,90.487159,100.000000,0.000000,9.512841,-117.579193,-9.082375,4.292394,2,4,2,0.0000,0.0000,0.0000,0.5000,"Pursue",-2.860192
507,A0100,adaptive_eagle_v9,HABFM,4624.353180,3.396698,175.837194,173.188197,3.143697,10433.207014,204.079369,12276.991956,91.205492,-8053.096581,730.583551,0.516660,False,False,True,True,False,True,False,2-circle,1.000000,270.310263,90.487159,100.000000,0.000000,9.512841,-116.190607,-6.417736,1.136231,2,4,3,0.0000,0.0000,0.0000,0.5000,"LeadPursuit",4.727816
507,B0100,L7_rush_level_max,HABFM,4624.353180,3.396698,175.837194,173.188197,3.143697,10433.207014,204.079369,12276.991956,91.205492,-8053.096581,730.583551,0.516660,False,False,True,True,False,True,False,2-circle,1.000000,270.310263,90.487159,100.000000,0.000000,9.512841,-116.190607,-6.417736,1.136231,2,4,2,0.0000,0.0000,0.0000,0.5000,"Pursue",-4.423848
508,A0100,adaptive_eagle_v9,HABFM,4377.373194,3.154546,175.130572,173.039141,3.092341,10429.719278,205.294935,12295.534048,92.710459,-8027.066465,731.746956,0.247017,False,False,True,True,False,True,False,2-circle,1.000000,275.790482,90.487159,100.000000,0.000000,9.512841,-114.129999,-3.096215,-2.081072,2,4,3,0.0000,0.0000,0.0000,0.5000,"LeadPursuit",5.288314
508,B0100,L7_rush_level_max,HABFM,4377.373194,3.154546,175.130572,173.039141,3.092341,10429.719278,205.294935,12295.534048,92.710459,-8027.066465,731.746956,0.247017,False,False,True,True,False,True,False,2-circle,1.000000,275.790482,90.487159,100.000000,0.000000,9.512841,-114.129999,-3.096215,-2.081072,2,4,2,0.0000,0.0000,0.0000,0.5000,"Pursue",-5.061636
509,A0100,adaptive_eagle_v9,HABFM,4130.081513,3.052219,174.089432,171.998954,3.043148,10424.703152,206.647353,12315.181695,98.238235,-7929.325333,731.048731,0.100479,False,False,True,True,False,True,False,2-circle,1.000000,278.572126,90.487159,100.000000,0.000000,9.512841,-110.986993,1.268586,-4.954143,2,4,3,0.0000,0.0000,0.0000,0.5000,"LeadPursuit",3.268561
509,B0100,L7_rush_level_max,HABFM,4130.081513,3.052219,174.089432,171.998954,3.043148,10424.703152,206.647353,12315.181695,98.238235,-7929.325333,731.048731,0.100479,False,False,True,True,False,True,False,2-circle,1.000000,278.572126,90.487159,100.000000,0.000000,9.512841,-110.986993,1.268586,-4.954143,2,4,2,0.0000,0.0000,0.0000,0.5000,"Pursue",-3.401042
510,A0100,adaptive_eagle_v9,HABFM,3883.091909,3.181503,173.290963,170.871179,2.999682,10417.984759,207.784103,12329.319242,70.687734,-7810.013765,729.488673,0.557248,False,False,True,True,False,True,False,2-circle,1.000000,280.087010,90.487159,100.000000,0.000000,9.512841,-106.497326,7.038581,-5.497712,2,4,3,0.0000,0.0000,0.0000,0.5000,"LeadPursuit",1.107947
510,B0100,L7_rush_level_max,HABFM,3883.091909,3.181503,173.290963,170.871179,2.999682,10417.984759,207.784103,12329.319242,70.687734,-7810.013765,729.488673,0.557248,False,False,True,True,False,True,False,2-circle,1.000000,280.087010,90.487159,100.000000,0.000000,9.512841,-106.497326,7.038581,-5.497712,2,4,2,0.0000,0.0000,0.0000,0.5000,"Pursue",-1.243679
511,A0100,adaptive_eagle_v9,HABFM,3636.137443,3.057069,172.784082,170.515015,2.846490,10410.181997,208.794172,12340.144203,54.124805,-7794.463477,730.353529,0.869085,False,False,True,True,False,True,False,2-circle,1.000000,281.334936,90.487159,100.000000,0.000000,9.512841,-104.000378,10.949411,-2.796065,2,4,3,0.0000,0.0000,0.0000,0.5000,"LeadPursuit",-0.416408
511,B0100,L7_rush_level_max,HABFM,3636.137443,3.057069,172.784082,170.515015,2.846490,10410.181997,208.794172,12340.144203,54.124805,-7794.463477,730.353529,0.869085,False,False,True,True,False,True,False,2-circle,1.000000,281.334936,90.487159,100.000000,0.000000,9.512841,-104.000378,10.949411,-2.796065,2,4,2,0.0000,0.0000,0.0000,0.5000,"Pursue",0.535415
512,A0100,adaptive_eagle_v9,HABFM,3388.564573,2.537065,172.365343,171.119901,2.535939,10402.514145,209.478656,12345.150960,25.033785,-7837.523739,732.121367,0.746446,False,False,True,True,False,True,False,2-circle,1.000000,281.895504,90.487159,100.000000,0.000000,9.512841,-107.014202,9.463249,1.565263,2,4,3,0.0000,0.0000,0.0000,0.5000,"LeadPursuit",-3.085752
512,B0100,L7_rush_level_max,HABFM,3388.564573,2.537065,172.365343,171.119901,2.535939,10402.514145,209.478656,12345.150960,25.033785,-7837.523739,732.121367,0.746446,False,False,True,True,False,True,False,2-circle,1.000000,281.895504,90.487159,100.000000,0.000000,9.512841,-107.014202,9.463249,1.565263,2,4,2,0.0000,0.0000,0.0000,0.5000,"Pursue",3.052562
513,A0100,adaptive_eagle_v9,OBFM,3140.148884,2.623568,172.390852,172.714586,2.211061,10396.238040,209.599567,12341.118079,-20.164406,-7896.045459,733.617513,0.316071,False,False,True,True,False,True,False,2-circle,1.000000,281.155091,90.487159,100.000000,0.000000,9.512841,-114.037336,4.039122,5.825662,2,3,2,0.0000,0.0000,0.0000,0.5000,"LeadPursuit",-5.050048
513,B0100,L7_rush_level_max,OBFM,3140.148884,2.623568,172.390852,172.714586,2.211061,10396.238040,209.599567,12341.118079,-20.164406,-7896.045459,733.617513,0.316071,False,False,True,True,False,True,False,2-circle,1.000000,281.155091,90.487159,100.000000,0.000000,9.512841,-114.037336,4.039122,5.825662,2,4,1,0.0000,0.0000,0.0000,0.5000,"Pursue",4.412187
514,A0100,adaptive_eagle_v9,DBFM,2891.245300,3.801692,172.949239,174.603702,2.065091,10391.929157,209.568133,12336.225901,-24.460890,-7905.819676,734.075396,0.027001,True,True,True,True,False,True,False,2-circle,1.000000,280.286688,90.371940,99.938827,0.061173,9.628060,-120.211922,-0.345541,9.356817,2,4,2,0.0000,0.0000,0.0000,0.5000,"LeadPursuit",-4.638450
514,B0100,L7_rush_level_max,DBFM,2891.245300,3.801692,172.949239,174.603702,2.065091,10391.929157,209.568133,12336.225901,-24.460890,-7905.819676,734.075396,0.027001,True,True,True,True,False,True,False,2-circle,1.000000,280.286688,90.371940,99.938827,0.061173,9.628060,-120.211922,-0.345541,9.356817,2,4,1,0.0000,0.0000,0.0000,0.5000,"Pursue",3.731790
515,A0100,adaptive_eagle_v9,DBFM,2642.196003,5.227693,173.551350,176.065588,1.962715,10389.395611,209.588384,12334.068133,-10.788837,-7917.601823,734.514412,0.046142,True,True,True,True,False,True,False,2-circle,1.000000,281.084598,90.039118,99.684874,0.315126,9.960882,-121.489379,0.590528,12.250092,2,4,2,0.0000,0.0000,0.0000,0.5000,"LeadPursuit",-4.607135
515,B0100,L7_rush_level_max,DBFM,2642.196003,5.227693,173.551350,176.065588,1.962715,10389.395611,209.588384,12334.068133,-10.788837,-7917.601823,734.514412,0.046142,True,True,True,True,False,True,False,2-circle,1.000000,281.084598,90.039118,99.684874,0.315126,9.960882,-121.489379,0.590528,12.250092,2,4,1,0.0000,0.0000,0.0000,0.5000,"Pursue",3.767180
516,A0100,adaptive_eagle_v9,DBFM,2392.929176,7.033147,174.118028,176.536364,1.812379,10388.481309,209.354286,12328.812089,-26.280223,-7927.833533,734.095370,0.145217,True,True,True,True,False,True,False,2-circle,1.000000,283.229650,89.639784,99.187314,0.812686,10.360216,-122.907775,1.855812,14.648461,2,4,2,0.0000,0.0000,0.0000,0.5000,"LeadPursuit",-3.991034
516,B0100,L7_rush_level_max,DBFM,2392.929176,7.033147,174.118028,176.536364,1.812379,10388.481309,209.354286,12328.812089,-26.280223,-7927.833533,734.095370,0.145217,True,True,True,True,False,True,False,2-circle,1.000000,283.229650,89.639784,99.187314,0.812686,10.360216,-122.907775,1.855812,14.648461,2,4,1,0.0000,0.0000,0.0000,0.5000,"Pursue",3.838289
517,A0100,adaptive_eagle_v9,DBFM,2143.839199,9.565789,174.039897,175.370874,1.690293,10389.756047,208.588592,12315.919616,-64.462364,-7978.168789,732.393257,0.038509,True,True,True,True,False,True,False,2-circle,1.000000,286.479022,89.287162,98.356598,1.643402,10.712838,-128.470682,-0.490518,16.618047,2,4,2,0.0000,0.0000,0.0000,0.5000,"LeadPursuit",-1.942134
517,B0100,L7_rush_level_max,DBFM,2143.839199,9.565789,174.039897,175.370874,1.690293,10389.756047,208.588592,12315.919616,-64.462364,-7978.168789,732.393257,0.038509,True,True,True,True,False,True,False,2-circle,1.000000,286.479022,89.287162,98.356598,1.643402,10.712838,-128.470682,-0.490518,16.618047,2,4,1,0.0000,0.0000,0.0000,0.5000,"Pursue",2.153808
518,A0100,adaptive_eagle_v9,DBFM,1894.655746,12.187791,172.670566,174.368845,1.698444,10393.583427,207.727389,12303.874665,-60.224752,-8081.690190,729.857576,0.162715,True,True,True,True,False,True,False,2-circle,1.000000,287.598652,88.943789,97.175546,2.824454,11.056211,-133.536009,-2.063435,17.926688,2,4,2,0.0000,0.0000,0.0000,0.5000,"LeadPursuit",-0.303569
518,B0100,L7_rush_level_max,DBFM,1894.655746,12.187791,172.670566,174.368845,1.698444,10393.583427,207.727389,12303.874665,-60.224752,-8081.690190,729.857576,0.162715,True,True,True,True,False,True,False,2-circle,1.000000,287.598652,88.943789,97.175546,2.824454,11.056211,-133.536009,-2.063435,17.926688,2,4,1,0.0000,0.0000,0.0000,0.5000,"Pursue",0.064877
519,A0100,adaptive_eagle_v9,DBFM,1645.274915,14.434470,170.653301,174.205479,1.658645,10399.275605,207.133222,12298.654378,-26.101439,-8150.833728,725.662627,0.029395,True,True,True,True,False,True,False,2-circle,1.000000,284.987840,88.598562,95.748499,4.251501,11.401438,-135.510972,-0.371905,17.024286,2,4,2,0.0000,0.0000,0.0000,0.5000,"LeadPursuit",0.485211
519,B0100,L7_rush_level_max,DBFM,1645.274915,14.434470,170.653301,174.205479,1.658645,10399.275605,207.133222,12298.654378,-26.101439,-8150.833728,725.662627,0.029395,True,True,True,True,False,True,False,2-circle,1.000000,284.987840,88.598562,95.748499,4.251501,11.401438,-135.510972,-0.371905,17.024286,2,4,1,0.0000,0.0000,0.0000,0.5000,"Pursue",-1.389668
520,A0100,adaptive_eagle_v9,DBFM,1395.862371,16.485656,168.390233,174.446505,1.600292,10406.173074,206.994092,12303.001110,21.733663,-8162.351688,719.695171,0.015225,True,True,True,True,False,True,False,2-circle,1.000000,278.420555,88.350972,94.264451,5.735549,11.649028,-138.854076,0.192521,14.496455,2,4,1,0.0000,0.0000,0.0000,0.5000,"LeadPursuit",1.257045
520,B0100,L7_rush_level_max,DBFM,1395.862371,16.485656,168.390233,174.446505,1.600292,10406.173074,206.994092,12303.001110,21.733663,-8162.351688,719.695171,0.015225,True,True,True,True,False,True,False,2-circle,1.000000,278.420555,88.350972,94.264451,5.735549,11.649028,-138.854076,0.192521,14.496455,2,4,0,0.0000,0.0000,0.0000,0.5000,"Pursue",-2.977190
521,A0100,adaptive_eagle_v9,DBFM,1146.454220,18.354551,165.664013,175.178860,1.552172,10413.512054,207.359719,12317.046975,70.229322,-8182.806293,712.895746,0.078033,True,False,True,True,False,True,False,2-circle,1.000000,269.205020,88.350972,93.135222,6.864778,11.649028,-142.476674,0.988457,11.337616,2,4,1,0.0000,0.0000,0.0000,0.5000,"LeadPursuit",1.019908
521,B0100,L7_rush_level_max,DBFM,1146.454220,18.354551,165.664013,175.178860,1.552172,10413.512054,207.359719,12317.046975,70.229322,-8182.806293,712.895746,0.078033,True,False,True,True,False,True,False,2-circle,1.000000,269.205020,88.350972,93.135222,6.864778,11.649028,-142.476674,0.988457,11.337616,2,4,0,0.0000,0.0000,0.0000,0.5000,"Pursue",-3.173895
522,A0100,adaptive_eagle_v9,DBFM,896.569208,20.612776,162.354859,176.049982,1.462522,10420.343437,208.090581,12337.320438,101.367316,-8196.574504,703.056422,0.272628,True,False,True,True,False,True,False,2-circle,1.000000,258.479374,88.350972,93.028777,6.971223,11.649028,-145.242061,3.461928,8.031034,2,4,1,0.0000,0.0000,0.0000,0.5000,"LeadPursuit",0.205806
522,B0100,L7_rush_level_max,DBFM,896.569208,20.612776,162.354859,176.049982,1.462522,10420.343437,208.090581,12337.320438,101.367316,-8196.574504,703.056422,0.272628,True,False,True,True,False,True,False,2-circle,1.000000,258.479374,88.350972,93.028777,6.971223,11.649028,-145.242061,3.461928,8.031034,3,5,0,0.0000,0.0000,0.0000,0.5000,"GunAttack",-2.034166
523,A0100,adaptive_eagle_v9,DBFM,646.239807,24.574273,158.027292,176.312280,1.345150,10426.075798,209.023327,12360.276650,114.781063,-8159.161065,684.338475,0.590673,False,False,True,True,False,True,False,2-circle,1.000000,248.980671,88.350972,93.028777,6.971223,11.649028,-147.778040,7.500535,4.718999,2,4,2,0.0000,0.0000,0.0000,0.5000,"LeadPursuit",0.952060
523,B0100,L7_rush_level_max,DBFM,646.239807,24.574273,158.027292,176.312280,1.345150,10426.075798,209.023327,12360.276650,114.781063,-8159.161065,684.338475,0.590673,False,False,True,True,False,True,False,2-circle,1.000000,248.980671,88.350972,93.028777,6.971223,11.649028,-147.778040,7.500535,4.718999,3,5,0,0.0000,0.0000,0.0000,0.5000,"GunAttack",-0.596602
524,A0100,adaptive_eagle_v9,DBFM,395.624254,33.960458,148.286792,176.507985,1.118243,10430.224192,209.967384,12381.936195,108.297720,-8126.117387,627.222892,1.039502,False,False,True,True,False,True,False,2-circle,1.000000,243.686522,88.350972,93.028777,6.971223,11.649028,-150.439581,13.102658,1.823826,2,4,2,0.0000,0.0000,0.0000,0.5000,"LeadPursuit",3.721473
524,B0100,L7_rush_level_max,DBFM,395.624254,33.960458,148.286792,176.507985,1.118243,10430.224192,209.967384,12381.936195,108.297720,-8126.117387,627.222892,1.039502,False,False,True,True,False,True,False,2-circle,1.000000,243.686522,88.350972,93.028777,6.971223,11.649028,-150.439581,13.102658,1.823826,2,4,1,0.0000,0.0000,0.0000,0.5000,"Pursue",2.992563
525,A0100,adaptive_eagle_v9,DBFM,144.813810,60.677556,121.664670,176.444238,-0.165534,10432.916268,210.486366,12394.288401,61.761031,-8086.996377,381.616730,1.357963,False,False,True,True,False,True,False,2-circle,-1.000000,242.277419,88.350972,93.028777,6.971223,11.649028,-156.136085,16.952211,1.358581,2,4,2,0.0000,0.0000,0.0000,0.5000,"LeadPursuit",4.309007
525,B0100,L7_rush_level_max,DBFM,144.813810,60.677556,121.664670,176.444238,-0.165534,10432.916268,210.486366,12394.288401,61.761031,-8086.996377,381.616730,1.357963,False,False,True,True,False,True,False,2-circle,-1.000000,242.277419,88.350972,93.028777,6.971223,11.649028,-156.136085,16.952211,1.358581,2,4,0,0.0000,0.0000,0.0000,0.5000,"Pursue",3.575511
526,A0100,adaptive_eagle_v9,HABFM,106.200107,115.064258,67.910337,176.120803,-175.688009,10435.073583,210.726543,12400.924341,33.179701,-8059.148948,-291.177071,1.240505,False,False,False,False,False,True,False,2-circle,-1.000000,243.618112,88.350972,93.028777,6.971223,11.649028,-167.438953,15.577215,4.053441,2,0,2,0.0000,0.0000,0.0000,0.5000,"LeadPursuit",-0.742188
526,B0100,L7_rush_level_max,HABFM,106.200107,115.064258,67.910337,176.120803,-175.688009,10435.073583,210.726543,12400.924341,33.179701,-8059.148948,-291.177071,1.240505,False,False,False,False,False,True,False,2-circle,-1.000000,243.618112,88.350972,93.028777,6.971223,11.649028,-167.438953,15.577215,4.053441,2,0,0,0.0000,0.0000,0.0000,0.5000,"Pursue",-0.750361
527,A0100,adaptive_eagle_v9,HABFM,356.675874,147.729196,36.649029,175.116065,-177.902760,10437.877770,210.811629,12405.316374,21.960165,-7991.758707,-605.863425,0.805838,False,False,False,False,False,True,False,2-circle,-1.000000,246.015577,88.350972,93.028777,6.971223,11.649028,177.817419,10.269148,8.241659,2,0,2,0.0000,0.0000,0.0000,0.5000,"LeadPursuit",-0.212517
527,B0100,L7_rush_level_max,HABFM,356.675874,147.729196,36.649029,175.116065,-177.902760,10437.877770,210.811629,12405.316374,21.960165,-7991.758707,-605.863425,0.805838,False,False,False,False,False,True,False,2-circle,-1.000000,246.015577,88.350972,93.028777,6.971223,11.649028,177.817419,10.269148,8.241659,2,0,0,0.0000,0.0000,0.0000,0.5000,"Pursue",-0.198453
528,A0100,adaptive_eagle_v9,HABFM,606.306395,161.218483,24.778630,173.758005,-178.473636,10442.150677,210.659045,12406.742259,7.129424,-7852.686168,-680.095094,0.191489,False,False,False,False,False,True,False,2-circle,-1.000000,248.576266,88.350972,93.028777,6.971223,11.649028,161.445531,2.463574,12.381777,2,0,2,0.0000,0.0000,0.0000,0.5000,"LeadPursuit",-0.099129
528,B0100,L7_rush_level_max,HABFM,606.306395,161.218483,24.778630,173.758005,-178.473636,10442.150677,210.659045,12406.742259,7.129424,-7852.686168,-680.095094,0.191489,False,False,False,False,False,True,False,2-circle,-1.000000,248.576266,88.350972,93.028777,6.971223,11.649028,161.445531,2.463574,12.381777,2,0,0,0.0000,0.0000,0.0000,0.5000,"Pursue",-0.073571
529,A0100,adaptive_eagle_v9,HABFM,854.815480,168.573097,19.575522,171.769446,-178.693526,10448.296549,210.247734,12405.223909,-7.591747,-7797.242441,-703.386399,0.472431,False,False,False,False,False,True,False,2-circle,-1.000000,250.496558,88.350972,93.028777,6.971223,11.649028,145.152452,-6.047995,15.855169,2,0,2,0.0000,0.0000,0.0000,0.5000,"LeadPursuit",-0.061341
529,B0100,L7_rush_level_max,HABFM,854.815480,168.573097,19.575522,171.769446,-178.693526,10448.296549,210.247734,12405.223909,-7.591747,-7797.242441,-703.386399,0.472431,False,False,False,False,False,True,False,2-circle,-1.000000,250.496558,88.350972,93.028777,6.971223,11.649028,145.152452,-6.047995,15.855169,2,0,0,0.0000,0.0000,0.0000,0.5000,"Pursue",-0.028288
530,A0100,adaptive_eagle_v9,HABFM,1102.248767,173.441748,17.912175,168.642681,-178.778682,10456.557480,209.568549,12400.861935,-21.809873,-7755.038028,-709.271841,1.121986,False,False,False,False,False,True,False,2-circle,-1.000000,253.848411,88.350972,93.028777,6.971223,11.649028,129.872704,-14.082228,18.627122,2,0,2,0.0000,0.0000,0.0000,0.5000,"LeadPursuit",-0.013446
530,B0100,L7_rush_level_max,HABFM,1102.248767,173.441748,17.912175,168.642681,-178.778682,10456.557480,209.568549,12400.861935,-21.809873,-7755.038028,-709.271841,1.121986,False,False,False,False,False,True,False,2-circle,-1.000000,253.848411,88.350972,93.028777,6.971223,11.649028,129.872704,-14.082228,18.627122,2,0,0,0.0000,0.0000,0.0000,0.5000,"Pursue",-0.008431
531,A0100,adaptive_eagle_v9,HABFM,1347.990275,177.010744,17.191390,165.789719,-178.827976,10467.027317,208.704257,12395.327637,-27.671488,-7699.466640,-709.861107,1.732271,False,False,False,False,False,True,False,2-circle,-1.000000,258.354294,88.350972,93.028777,6.971223,11.649028,115.945532,-21.095669,20.841743,2,0,2,0.0000,0.0000,0.0000,0.5000,"LeadPursuit",0.015138
531,B0100,L7_rush_level_max,HABFM,1347.990275,177.010744,17.191390,165.789719,-178.827976,10467.027317,208.704257,12395.327637,-27.671488,-7699.466640,-709.861107,1.732271,False,False,False,False,False,True,False,2-circle,-1.000000,258.354294,88.350972,93.028777,6.971223,11.649028,115.945532,-21.095669,20.841743,2,0,0,0.0000,0.0000,0.0000,0.5000,"Pursue",-0.000462
532,A0100,adaptive_eagle_v9,HABFM,1591.872047,178.778763,16.471753,163.813105,-178.794261,10479.631274,207.734257,12390.048825,-26.394062,-7683.467458,-710.038831,2.295894,False,False,False,False,False,True,False,2-circle,-1.000000,261.149322,88.350972,93.028777,6.971223,11.649028,103.469153,-26.978261,22.621698,2,0,2,0.0000,0.0000,0.0000,0.5000,"LeadPursuit",0.016814
532,B0100,L7_rush_level_max,HABFM,1591.872047,178.778763,16.471753,163.813105,-178.794261,10479.631274,207.734257,12390.048825,-26.394062,-7683.467458,-710.038831,2.295894,False,False,False,False,False,True,False,2-circle,-1.000000,261.149322,88.350972,93.028777,6.971223,11.649028,103.469153,-26.978261,22.621698,2,0,0,0.0000,0.0000,0.0000,0.5000,"Pursue",0.003125
533,A0100,adaptive_eagle_v9,HABFM,1834.308541,176.787742,16.090411,162.170112,-178.617820,10494.222420,206.678501,12385.270902,-23.889613,-7723.214091,-709.787285,2.835125,False,False,False,False,False,True,False,2-circle,-1.000000,260.971411,88.350972,93.028777,6.971223,11.649028,92.382731,-32.029435,24.072487,2,0,2,0.0000,0.0000,0.0000,0.5000,"LeadPursuit",0.021290
533,B0100,L7_rush_level_max,HABFM,1834.308541,176.787742,16.090411,162.170112,-178.617820,10494.222420,206.678501,12385.270902,-23.889613,-7723.214091,-709.787285,2.835125,False,False,False,False,False,True,False,2-circle,-1.000000,260.971411,88.350972,93.028777,6.971223,11.649028,92.382731,-32.029435,24.072487,2,0,0,0.0000,0.0000,0.0000,0.5000,"Pursue",0.005217
534,A0100,adaptive_eagle_v9,HABFM,2075.291191,174.510323,16.445275,160.374547,-178.298724,10510.638893,205.547951,12381.055560,-21.076713,-7754.649381,-707.025811,3.379037,False,False,False,False,False,True,False,2-circle,-1.000000,258.345883,88.350972,93.028777,6.971223,11.649028,82.536483,-36.566172,25.262103,1,0,4,0.0000,0.0000,0.0000,0.5000,"HeadOnBreak",0.030853
534,B0100,L7_rush_level_max,HABFM,2075.291191,174.510323,16.445275,160.374547,-178.298724,10510.638893,205.547951,12381.055560,-21.076713,-7754.649381,-707.025811,3.379037,False,False,False,False,False,True,False,2-circle,-1.000000,258.345883,88.350972,93.028777,6.971223,11.649028,82.536483,-36.566172,25.262103,2,0,0,0.0000,0.0000,0.0000,0.5000,"Pursue",0.006623
535,A0100,adaptive_eagle_v9,HABFM,2314.114122,172.434506,17.748619,158.188952,-177.875876,10528.713026,204.352333,12377.433525,-18.110171,-7734.411065,-700.319226,3.958834,False,False,False,False,False,True,False,2-circle,-1.000000,254.262962,88.350972,93.028777,6.971223,11.649028,73.716848,-40.835512,26.236341,1,0,4,0.0000,0.0000,0.0000,0.5000,"HeadOnBreak",0.043683
535,B0100,L7_rush_level_max,HABFM,2314.114122,172.434506,17.748619,158.188952,-177.875876,10528.713026,204.352333,12377.433525,-18.110171,-7734.411065,-700.319226,3.958834,False,False,False,False,False,True,False,2-circle,-1.000000,254.262962,88.350972,93.028777,6.971223,11.649028,73.716848,-40.835512,26.236341,2,0,0,0.0000,0.0000,0.0000,0.5000,"Pursue",0.007215
536,A0100,adaptive_eagle_v9,HABFM,2549.541652,170.567798,19.677976,156.066286,-177.398154,10548.271970,203.102048,12374.439705,-14.969103,-7650.229064,-689.957998,4.606947,False,False,False,False,False,True,False,2-circle,-1.000000,248.789404,88.350972,93.028777,6.971223,11.649028,65.656540,-44.998753,27.023643,1,0,4,0.0000,0.0000,0.0000,0.5000,"HeadOnBreak",0.037979
536,B0100,L7_rush_level_max,HABFM,2549.541652,170.567798,19.677976,156.066286,-177.398154,10548.271970,203.102048,12374.439705,-14.969103,-7650.229064,-689.957998,4.606947,False,False,False,False,False,True,False,2-circle,-1.000000,248.789404,88.350972,93.028777,6.971223,11.649028,65.656540,-44.998753,27.023643,2,0,0,0.0000,0.0000,0.0000,0.5000,"Pursue",0.006529
537,A0100,adaptive_eagle_v9,HABFM,2781.069903,168.848854,21.068047,154.978814,-176.872414,10569.136594,201.808092,12372.109540,-11.650827,-7609.374003,-681.468966,5.358619,False,False,False,False,False,True,False,2-circle,-1.000000,239.826734,88.350972,93.028777,6.971223,11.649028,58.061932,-49.141979,27.638508,1,8,4,0.0000,0.0000,0.0000,0.5000,"HeadOnBreak",0.022297
537,B0100,L7_rush_level_max,HABFM,2781.069903,168.848854,21.068047,154.978814,-176.872414,10569.136594,201.808092,12372.109540,-11.650827,-7609.374003,-681.468966,5.358619,False,False,False,False,False,True,False,2-circle,-1.000000,239.826734,88.350972,93.028777,6.971223,11.649028,58.061932,-49.141979,27.638508,2,0,0,0.0000,0.0000,0.0000,0.5000,"Pursue",0.005427
538,A0100,adaptive_eagle_v9,HABFM,3009.868540,167.243453,21.840504,154.502838,-176.250087,10591.121083,200.481575,12370.469467,-8.200363,-7657.171305,-676.398504,6.256106,False,False,False,False,False,True,False,2-circle,-1.000000,226.691822,88.350972,93.028777,6.971223,11.649028,50.865893,-53.296747,28.085392,1,0,4,0.0000,0.0000,0.0000,0.5000,"HeadOnBreak",0.012561
538,B0100,L7_rush_level_max,HABFM,3009.868540,167.243453,21.840504,154.502838,-176.250087,10591.121083,200.481575,12370.469467,-8.200363,-7657.171305,-676.398504,6.256106,False,False,False,False,False,True,False,2-circle,-1.000000,226.691822,88.350972,93.028777,6.971223,11.649028,50.865893,-53.296747,28.085392,2,0,0,0.0000,0.0000,0.0000,0.5000,"Pursue",0.004710
539,A0100,adaptive_eagle_v9,HABFM,3237.098090,165.763878,22.328287,154.218063,-175.498830,10614.033662,199.133380,12369.531054,-4.692064,-7748.955607,-672.992931,7.356122,False,False,False,False,False,True,False,2-circle,-1.000000,210.929564,88.350972,93.028777,6.971223,11.649028,44.119593,-57.461436,28.362786,1,0,4,0.0000,0.0000,0.0000,0.5000,"HeadOnBreak",0.022570
539,B0100,L7_rush_level_max,HABFM,3237.098090,165.763878,22.328287,154.218063,-175.498830,10614.033662,199.133380,12369.531054,-4.692064,-7748.955607,-672.992931,7.356122,False,False,False,False,False,True,False,2-circle,-1.000000,210.929564,88.350972,93.028777,6.971223,11.649028,44.119593,-57.461436,28.362786,2,0,0,0.0000,0.0000,0.0000,0.5000,"Pursue",0.004276
540,A0100,adaptive_eagle_v9,HABFM,3462.745427,164.412712,23.539356,153.569102,-174.623894,10637.680364,197.761859,12369.079226,-2.259141,-7804.544292,-666.307182,8.752915,False,False,False,False,False,True,False,2-circle,-1.000000,193.637290,88.350972,93.028777,6.971223,11.649028,37.774932,-61.644741,28.495210,1,0,4,0.0000,0.0000,0.0000,0.5000,"HeadOnBreak",0.042432
540,B0100,L7_rush_level_max,HABFM,3462.745427,164.412712,23.539356,153.569102,-174.623894,10637.680364,197.761859,12369.079226,-2.259141,-7804.544292,-666.307182,8.752915,False,False,False,False,False,True,False,2-circle,-1.000000,193.637290,88.350972,93.028777,6.971223,11.649028,37.774932,-61.644741,28.495210,2,0,0,0.0000,0.0000,0.0000,0.5000,"Pursue",0.003590
541,A0100,adaptive_eagle_v9,HABFM,3685.025151,163.193273,25.858724,152.662213,-173.680941,10661.869868,196.380500,12369.165701,0.432373,-7779.865287,-653.733280,10.592674,False,False,False,False,False,True,False,2-circle,-1.000000,174.728180,88.350972,93.028777,6.971223,11.649028,31.750422,-65.824914,28.484258,1,8,4,0.0000,0.0000,0.0000,0.5000,"HeadOnBreak",0.031381
541,B0100,L7_rush_level_max,HABFM,3685.025151,163.193273,25.858724,152.662213,-173.680941,10661.869868,196.380500,12369.165701,0.432373,-7779.865287,-653.733280,10.592674,False,False,False,False,False,True,False,2-circle,-1.000000,174.728180,88.350972,93.028777,6.971223,11.649028,31.750422,-65.824914,28.484258,2,0,0,0.0000,0.0000,0.0000,0.5000,"Pursue",0.002317
542,A0100,adaptive_eagle_v9,HABFM,3903.156307,162.075729,27.435033,152.847924,-172.690181,10686.409466,194.995141,12369.702155,2.682271,-7797.237051,-644.253937,13.093650,False,False,False,False,False,True,False,2-circle,-1.000000,152.209034,88.350972,93.028777,6.971223,11.649028,25.994703,-69.919038,28.290094,1,8,4,0.0000,0.0000,0.0000,0.5000,"HeadOnBreak",0.006793
542,B0100,L7_rush_level_max,HABFM,3903.156307,162.075729,27.435033,152.847924,-172.690181,10686.409466,194.995141,12369.702155,2.682271,-7797.237051,-644.253937,13.093650,False,False,False,False,False,True,False,2-circle,-1.000000,152.209034,88.350972,93.028777,6.971223,11.649028,25.994703,-69.919038,28.290094,2,0,0,0.0000,0.0000,0.0000,0.5000,"Pursue",0.001250
543,A0100,adaptive_eagle_v9,HABFM,4119.357510,161.050787,27.728625,153.790991,-171.623231,10711.097062,193.518244,12368.987731,-3.572120,-7937.134740,-641.969177,16.675050,False,False,False,False,False,True,False,2-circle,-1.000000,126.384350,88.350972,93.028777,6.971223,11.649028,20.554702,-73.874571,27.903062,1,8,4,0.0000,0.0000,0.0000,0.5000,"HeadOnBreak",-0.007457
543,B0100,L7_rush_level_max,HABFM,4119.357510,161.050787,27.728625,153.790991,-171.623231,10711.097062,193.518244,12368.987731,-3.572120,-7937.134740,-641.969177,16.675050,False,False,False,False,False,True,False,2-circle,-1.000000,126.384350,88.350972,93.028777,6.971223,11.649028,20.554702,-73.874571,27.903062,2,0,0,0.0000,0.0000,0.0000,0.5000,"Pursue",0.000938
544,A0100,adaptive_eagle_v9,HABFM,4335.787134,160.115745,27.278343,155.141395,-170.460840,10735.729242,192.052169,12368.595030,-1.963507,-8155.016996,-644.250421,22.209715,False,False,False,False,False,True,False,2-circle,-1.000000,99.074504,88.350972,93.028777,6.971223,11.649028,15.485108,-77.667626,27.327545,1,0,4,0.0000,0.0000,0.0000,0.5000,"HeadOnBreak",-0.001689
544,B0100,L7_rush_level_max,HABFM,4335.787134,160.115745,27.278343,155.141395,-170.460840,10735.729242,192.052169,12368.595030,-1.963507,-8155.016996,-644.250421,22.209715,False,False,False,False,False,True,False,2-circle,-1.000000,99.074504,88.350972,93.028777,6.971223,11.649028,15.485108,-77.667626,27.327545,2,0,0,0.0000,0.0000,0.0000,0.5000,"Pursue",0.000990
545,A0100,adaptive_eagle_v9,HABFM,4552.944366,159.268339,27.200219,156.262195,-169.217395,10760.118108,190.615199,12368.640508,0.227391,-8340.109550,-644.506579,31.938474,False,False,False,False,False,True,False,2-circle,-1.000000,71.244097,88.350972,93.028777,6.971223,11.649028,10.775745,-81.295072,26.572830,1,0,4,0.0000,0.0000,0.0000,0.5000,"HeadOnBreak",0.009047
545,B0100,L7_rush_level_max,HABFM,4552.944366,159.268339,27.200219,156.262195,-169.217395,10760.118108,190.615199,12368.640508,0.227391,-8340.109550,-644.506579,31.938474,False,False,False,False,False,True,False,2-circle,-1.000000,71.244097,88.350972,93.028777,6.971223,11.649028,10.775745,-81.295072,26.572830,2,0,0,0.0000,0.0000,0.0000,0.5000,"Pursue",0.001188
546,A0100,adaptive_eagle_v9,HABFM,4769.855353,158.510500,27.771769,156.937995,-167.926050,10784.081765,189.217569,12369.102601,2.310467,-8461.696727,-641.047771,53.724394,False,False,False,False,False,True,False,2-circle,-1.000000,43.555486,88.350972,93.028777,6.971223,11.649028,6.398960,-84.763236,25.645934,1,0,4,0.0000,0.0000,0.0000,0.5000,"HeadOnBreak",0.031314
546,B0100,L7_rush_level_max,HABFM,4769.855353,158.510500,27.771769,156.937995,-167.926050,10784.081765,189.217569,12369.102601,2.310467,-8461.696727,-641.047771,53.724394,False,False,False,False,False,True,False,2-circle,-1.000000,43.555486,88.350972,93.028777,6.971223,11.649028,6.398960,-84.763236,25.645934,2,0,0,0.0000,0.0000,0.0000,0.5000,"Pursue",0.001278
547,A0100,adaptive_eagle_v9,HABFM,4984.553157,157.850410,29.621890,157.058333,-166.631781,10807.444324,187.868788,12369.948992,4.231952,-8503.350279,-630.810331,148.565597,False,False,False,False,False,True,False,2-circle,-1.000000,16.365399,88.350972,93.028777,6.971223,11.649028,2.313595,-88.088872,24.552618,1,8,4,0.0000,0.0000,0.0000,0.5000,"HeadOnBreak",0.022015
547,B0100,L7_rush_level_max,HABFM,4984.553157,157.850410,29.621890,157.058333,-166.631781,10807.444324,187.868788,12369.948992,4.231952,-8503.350279,-630.810331,148.565597,False,False,False,False,False,True,False,2-circle,-1.000000,16.365399,88.350972,93.028777,6.971223,11.649028,2.313595,-88.088872,24.552618,2,0,0,0.0000,0.0000,0.0000,0.5000,"Pursue",0.001082
548,A0100,adaptive_eagle_v9,HABFM,5196.069056,157.272150,30.917857,158.087961,-165.358598,10830.035198,186.577775,12371.138942,5.949752,-8583.922480,-623.536954,285.852741,False,False,False,False,False,False,False,2-circle,-1.000000,-11.852786,88.350972,93.028777,6.971223,11.649028,-1.570886,-91.301289,23.301125,1,8,4,0.0000,0.0000,0.0000,0.5000,"HeadOnBreak",-0.000345
548,B0100,L7_rush_level_max,HABFM,5196.069056,157.272150,30.917857,158.087961,-165.358598,10830.035198,186.577775,12371.138942,5.949752,-8583.922480,-623.536954,285.852741,False,False,False,False,False,False,False,2-circle,-1.000000,-11.852786,88.350972,93.028777,6.971223,11.649028,-1.570886,-91.301289,23.301125,2,0,0,0.0000,0.0000,0.0000,0.5000,"Pursue",0.001290
549,A0100,adaptive_eagle_v9,HABFM,5406.603895,156.750135,30.962374,159.852279,-164.087255,10851.688389,185.353059,12372.626615,7.438363,-8758.565102,-623.661876,287.629013,False,False,False,False,False,False,False,2-circle,-1.000000,-41.188662,88.350972,93.028777,6.971223,11.649028,-5.304753,-94.434986,21.901142,1,8,4,0.0000,0.0000,0.0000,0.5000,"HeadOnBreak",-0.011020
549,B0100,L7_rush_level_max,HABFM,5406.603895,156.750135,30.962374,159.852279,-164.087255,10851.688389,185.353059,12372.626615,7.438363,-8758.565102,-623.661876,287.629013,False,False,False,False,False,False,False,2-circle,-1.000000,-41.188662,88.350972,93.028777,6.971223,11.649028,-5.304753,-94.434986,21.901142,2,0,0,0.0000,0.0000,0.0000,0.5000,"Pursue",0.002046
550,A0100,adaptive_eagle_v9,HABFM,5618.187469,156.270149,30.407041,161.965396,-162.807155,10872.241639,184.202933,12374.363410,8.683976,-8993.711429,-627.778330,289.317687,False,False,False,False,False,False,False,2-circle,-1.000000,-70.530883,88.350972,93.028777,6.971223,11.649028,-8.910266,-97.522374,20.362282,1,0,4,0.0000,0.0000,0.0000,0.5000,"HeadOnBreak",0.001979
550,B0100,L7_rush_level_max,HABFM,5618.187469,156.270149,30.407041,161.965396,-162.807155,10872.241639,184.202933,12374.363410,8.683976,-8993.711429,-627.778330,289.317687,False,False,False,False,False,False,False,2-circle,-1.000000,-70.530883,88.350972,93.028777,6.971223,11.649028,-8.910266,-97.522374,20.362282,2,0,0,0.0000,0.0000,0.0000,0.5000,"Pursue",0.003018
551,A0100,adaptive_eagle_v9,HABFM,5830.759436,155.826945,30.578208,163.501618,-161.531412,10891.535727,183.135525,12376.299126,9.678579,-9162.468541,-627.556283,290.902951,False,False,False,False,False,False,False,2-circle,-1.000000,-99.219518,88.350972,93.028777,6.971223,11.649028,-12.414090,-100.588587,18.692683,1,0,4,0.0000,0.0000,0.0000,0.5000,"HeadOnBreak",0.021598
551,B0100,L7_rush_level_max,HABFM,5830.759436,155.826945,30.578208,163.501618,-161.531412,10891.535727,183.135525,12376.299126,9.678579,-9162.468541,-627.556283,290.902951,False,False,False,False,False,False,False,2-circle,-1.000000,-99.219518,88.350972,93.028777,6.971223,11.649028,-12.414090,-100.588587,18.692683,2,0,0,0.0000,0.0000,0.0000,0.5000,"Pursue",0.003925
552,A0100,adaptive_eagle_v9,HABFM,6042.362211,155.433116,31.811051,164.032256,-160.293098,10909.414008,182.158810,12378.382297,10.415858,-9256.406271,-621.273737,292.368833,False,False,False,False,False,False,False,2-circle,-1.000000,-126.077803,88.350972,93.028777,6.971223,11.649028,-15.824315,-103.649377,16.898138,1,0,4,0.0000,0.0000,0.0000,0.5000,"HeadOnBreak",0.040180
552,B0100,L7_rush_level_max,HABFM,6042.362211,155.433116,31.811051,164.032256,-160.293098,10909.414008,182.158810,12378.382297,10.415858,-9256.406271,-621.273737,292.368833,False,False,False,False,False,False,False,2-circle,-1.000000,-126.077803,88.350972,93.028777,6.971223,11.649028,-15.824315,-103.649377,16.898138,2,0,0,0.0000,0.0000,0.0000,0.5000,"Pursue",0.002288
553,A0100,adaptive_eagle_v9,HABFM,6250.726045,155.228348,34.051613,163.862387,-159.307445,10925.733244,181.411283,12382.669832,21.437673,-9251.339419,-608.699272,293.489612,False,False,False,False,False,False,False,2-circle,-1.000000,-150.627504,88.350972,93.028777,6.971223,11.649028,-16.736090,-104.293867,15.093510,1,8,4,0.0000,0.0000,0.0000,0.5000,"HeadOnBreak",0.026411
553,B0100,L7_rush_level_max,HABFM,6250.726045,155.228348,34.051613,163.862387,-159.307445,10925.733244,181.411283,12382.669832,21.437673,-9251.339419,-608.699272,293.489612,False,False,False,False,False,False,False,2-circle,-1.000000,-150.627504,88.350972,93.028777,6.971223,11.649028,-16.736090,-104.293867,15.093510,2,0,0,0.0000,0.0000,0.0000,0.5000,"Pursue",-0.000244
554,A0100,adaptive_eagle_v9,HABFM,6455.370639,155.211869,35.565192,164.219122,-158.683418,10940.523066,180.974749,12390.456368,38.932682,-9305.305584,-601.084392,294.124770,False,False,False,False,False,False,False,2-circle,-1.000000,-174.967357,88.350972,93.028777,6.971223,11.649028,-12.832778,-100.160103,13.485090,1,8,4,0.0000,0.0000,0.0000,0.5000,"HeadOnBreak",0.001621
554,B0100,L7_rush_level_max,HABFM,6455.370639,155.211869,35.565192,164.219122,-158.683418,10940.523066,180.974749,12390.456368,38.932682,-9305.305584,-601.084392,294.124770,False,False,False,False,False,False,False,2-circle,-1.000000,-174.967357,88.350972,93.028777,6.971223,11.649028,-12.832778,-100.160103,13.485090,2,0,0,0.0000,0.0000,0.0000,0.5000,"Pursue",-0.000079
555,A0100,adaptive_eagle_v9,HABFM,6659.151014,155.207999,35.733305,165.254174,-158.192973,10953.939937,180.689440,12399.305157,44.243943,-9463.310954,-602.287160,294.524680,False,False,False,False,False,False,False,2-circle,-1.000000,-199.793754,88.350972,93.028777,6.971223,11.649028,-6.575904,-93.693490,12.183365,1,8,4,0.0000,0.0000,0.0000,0.5000,"HeadOnBreak",-0.010198
555,B0100,L7_rush_level_max,HABFM,6659.151014,155.207999,35.733305,165.254174,-158.192973,10953.939937,180.689440,12399.305157,44.243943,-9463.310954,-602.287160,294.524680,False,False,False,False,False,False,False,2-circle,-1.000000,-199.793754,88.350972,93.028777,6.971223,11.649028,-6.575904,-93.693490,12.183365,2,0,0,0.0000,0.0000,0.0000,0.5000,"Pursue",0.006489
556,A0100,adaptive_eagle_v9,HABFM,6864.266614,154.836863,35.254917,166.923107,-157.393485,10966.129849,180.239275,12404.302163,24.985031,-9690.918388,-607.242050,178.526978,False,False,False,False,False,False,False,2-circle,-1.000000,-224.414398,88.350972,93.028777,6.971223,11.649028,-1.411828,-88.346766,11.242512,1,0,4,0.0000,0.0000,0.0000,0.5000,"HeadOnBreak",0.004452
556,B0100,L7_rush_level_max,HABFM,6864.266614,154.836863,35.254917,166.923107,-157.393485,10966.129849,180.239275,12404.302163,24.985031,-9690.918388,-607.242050,178.526978,False,False,False,False,False,False,False,2-circle,-1.000000,-224.414398,88.350972,93.028777,6.971223,11.649028,-1.411828,-88.346766,11.242512,2,0,0,0.0000,0.0000,0.0000,0.5000,"Pursue",0.014483
557,A0100,adaptive_eagle_v9,HABFM,7070.295897,154.016797,35.533104,168.118717,-156.184256,10977.232285,179.549766,12404.422119,0.599782,-9854.672679,-606.069154,102.429635,False,False,False,False,False,False,False,2-circle,-1.000000,-248.499694,88.350972,93.028777,6.971223,11.649028,-0.329736,-87.109716,10.574017,1,0,4,0.0000,0.0000,0.0000,0.5000,"HeadOnBreak",0.025085
557,B0100,L7_rush_level_max,HABFM,7070.295897,154.016797,35.533104,168.118717,-156.184256,10977.232285,179.549766,12404.422119,0.599782,-9854.672679,-606.069154,102.429635,False,False,False,False,False,False,False,2-circle,-1.000000,-248.499694,88.350972,93.028777,6.971223,11.649028,-0.329736,-87.109716,10.574017,2,0,0,0.0000,0.0000,0.0000,0.5000,"Pursue",0.018526
558,A0100,adaptive_eagle_v9,HABFM,7274.700191,152.995821,36.847599,168.311121,-154.803224,10987.313008,178.788233,12402.422097,-10.000112,-9939.561524,-597.515170,297.477025,False,False,False,False,False,False,False,2-circle,-1.000000,-271.224448,88.350972,93.028777,6.971223,11.649028,-2.365365,-89.024687,10.040152,1,0,4,0.0000,0.0000,0.0000,0.5000,"HeadOnBreak",0.042693
558,B0100,L7_rush_level_max,HABFM,7274.700191,152.995821,36.847599,168.311121,-154.803224,10987.313008,178.788233,12402.422097,-10.000112,-9939.561524,-597.515170,297.477025,False,False,False,False,False,False,False,2-circle,-1.000000,-271.224448,88.350972,93.028777,6.971223,11.649028,-2.365365,-89.024687,10.040152,2,0,0,0.0000,0.0000,0.0000,0.5000,"Pursue",0.018304
559,A0100,adaptive_eagle_v9,HABFM,7474.942498,152.033249,39.088283,167.711910,-153.498368,10996.316727,178.132978,12401.072150,-6.749738,-9934.502552,-582.220234,298.520596,False,False,False,False,False,False,False,2-circle,-1.000000,-292.520984,88.350972,93.028777,6.971223,11.649028,-6.178308,-92.747328,9.453156,1,8,4,0.0000,0.0000,0.0000,0.5000,"HeadOnBreak",0.025810
559,B0100,L7_rush_level_max,HABFM,7474.942498,152.033249,39.088283,167.711910,-153.498368,10996.316727,178.132978,12401.072150,-6.749738,-9934.502552,-582.220234,298.520596,False,False,False,False,False,False,False,2-circle,-1.000000,-292.520984,88.350972,93.028777,6.971223,11.649028,-6.178308,-92.747328,9.453156,2,0,0,0.0000,0.0000,0.0000,0.5000,"Pursue",0.014908
560,A0100,adaptive_eagle_v9,HABFM,7670.685054,151.302725,40.516402,167.721359,-152.453066,11004.109830,177.721103,12402.376665,6.522578,-10000.224410,-572.981081,299.170740,False,False,False,False,False,False,False,2-circle,-1.000000,-314.530065,88.350972,93.028777,6.971223,11.649028,-8.265174,-94.745865,8.762157,2,6,4,0.0000,0.0000,0.0000,0.5000,"ExtensionBreak",-0.000153
560,B0100,L7_rush_level_max,HABFM,7670.685054,151.302725,40.516402,167.721359,-152.453066,11004.109830,177.721103,12402.376665,6.522578,-10000.224410,-572.981081,299.170740,False,False,False,False,False,False,False,2-circle,-1.000000,-314.530065,88.350972,93.028777,6.971223,11.649028,-8.265174,-94.745865,8.762157,2,0,0,0.0000,0.0000,0.0000,0.5000,"Pursue",0.009757
561,A0100,adaptive_eagle_v9,HABFM,7865.262931,150.874804,40.604842,168.402828,-151.777705,11010.655783,177.638794,12407.627743,26.255386,-10167.786368,-574.035395,299.278182,False,False,False,False,False,False,False,2-circle,-1.000000,-337.488516,88.350972,93.028777,6.971223,11.649028,-5.319080,-91.710503,8.052604,2,6,4,0.0000,0.0000,0.0000,0.5000,"ExtensionBreak",-0.011883
561,B0100,L7_rush_level_max,HABFM,7865.262931,150.874804,40.604842,168.402828,-151.777705,11010.655783,177.638794,12407.627743,26.255386,-10167.786368,-574.035395,299.278182,False,False,False,False,False,False,False,2-circle,-1.000000,-337.488516,88.350972,93.028777,6.971223,11.649028,-5.319080,-91.710503,8.052604,2,0,0,0.0000,0.0000,0.0000,0.5000,"Pursue",0.007614
562,A0100,adaptive_eagle_v9,HABFM,8061.349980,150.567871,40.079113,169.350096,-151.279339,11016.053226,177.738524,12414.594200,34.832288,-10398.195920,-580.169455,71.153208,False,False,False,False,False,False,False,2-circle,-1.000000,-360.457944,88.350972,93.028777,6.971223,11.649028,0.507444,-85.803670,7.420016,2,6,4,0.0000,0.0000,0.0000,0.5000,"ExtensionBreak",-0.005569
562,B0100,L7_rush_level_max,HABFM,8061.349980,150.567871,40.079113,169.350096,-151.279339,11016.053226,177.738524,12414.594200,34.832288,-10398.195920,-580.169455,71.153208,False,False,False,False,False,False,False,2-circle,-1.000000,-360.457944,88.350972,93.028777,6.971223,11.649028,0.507444,-85.803670,7.420016,2,0,0,0.0000,0.0000,0.0000,0.5000,"Pursue",0.013107
563,A0100,adaptive_eagle_v9,HABFM,8259.117150,149.932576,39.858758,170.165806,-150.500816,11020.456734,177.673510,12417.974772,16.902860,-10609.340777,-583.358206,31.381386,False,False,False,False,False,False,False,2-circle,-1.000000,-383.260912,88.350972,93.028777,6.971223,11.649028,5.688429,-80.552078,6.955320,1,0,4,0.0000,0.0000,0.0000,0.5000,"HeadOnBreak",0.000638
563,B0100,L7_rush_level_max,HABFM,8259.117150,149.932576,39.858758,170.165806,-150.500816,11020.456734,177.673510,12417.974772,16.902860,-10609.340777,-583.358206,31.381386,False,False,False,False,False,False,False,2-circle,-1.000000,-383.260912,88.350972,93.028777,6.971223,11.649028,5.688429,-80.552078,6.955320,2,0,0,0.0000,0.0000,0.0000,0.5000,"Pursue",0.020362
564,A0100,adaptive_eagle_v9,HABFM,8457.440313,148.874882,39.915067,171.039003,-149.336272,11024.067223,177.359498,12416.649802,-6.624851,-10780.505678,-583.102432,27.078317,False,False,False,False,False,False,False,2-circle,-1.000000,-405.646671,88.350972,93.028777,6.971223,11.649028,7.114499,-79.066259,6.633051,1,0,4,0.0000,0.0000,0.0000,0.5000,"HeadOnBreak",0.010974
564,B0100,L7_rush_level_max,HABFM,8457.440313,148.874882,39.915067,171.039003,-149.336272,11024.067223,177.359498,12416.649802,-6.624851,-10780.505678,-583.102432,27.078317,False,False,False,False,False,False,False,2-circle,-1.000000,-405.646671,88.350972,93.028777,6.971223,11.649028,7.114499,-79.066259,6.633051,2,0,0,0.0000,0.0000,0.0000,0.5000,"Pursue",0.024485
565,A0100,adaptive_eagle_v9,HABFM,8655.074870,147.599035,40.438157,171.667031,-147.970254,11027.016457,176.938609,12412.997452,-18.261747,-10880.637413,-578.281586,31.495784,False,False,False,False,False,False,False,2-circle,-1.000000,-426.952477,88.350972,93.028777,6.971223,11.649028,5.587770,-80.548647,6.384109,2,6,4,0.0000,0.0000,0.0000,0.5000,"ExtensionBreak",0.020282
565,B0100,L7_rush_level_max,HABFM,8655.074870,147.599035,40.438157,171.667031,-147.970254,11027.016457,176.938609,12412.997452,-18.261747,-10880.637413,-578.281586,31.495784,False,False,False,False,False,False,False,2-circle,-1.000000,-426.952477,88.350972,93.028777,6.971223,11.649028,5.587770,-80.548647,6.384109,2,0,0,0.0000,0.0000,0.0000,0.5000,"Pursue",0.024374
566,A0100,adaptive_eagle_v9,HABFM,8850.135363,146.366297,41.418031,171.759558,-146.647814,11029.277331,176.598991,12409.942891,-15.272808,-10972.730063,-570.636331,48.253836,False,False,False,False,False,False,False,2-circle,-1.000000,-446.599232,88.350972,93.028777,6.971223,11.649028,2.323317,-83.787244,6.077511,2,6,4,0.0000,0.0000,0.0000,0.5000,"ExtensionBreak",-0.001859
566,B0100,L7_rush_level_max,HABFM,8850.135363,146.366297,41.418031,171.759558,-146.647814,11029.277331,176.598991,12409.942891,-15.272808,-10972.730063,-570.636331,48.253836,False,False,False,False,False,False,False,2-circle,-1.000000,-446.599232,88.350972,93.028777,6.971223,11.649028,2.323317,-83.787244,6.077511,2,0,0,0.0000,0.0000,0.0000,0.5000,"Pursue",0.024523
567,A0100,adaptive_eagle_v9,HABFM,9043.898380,145.167442,41.334904,172.544991,-145.358735,11030.730517,176.349511,12407.497933,-12.224788,-11149.412069,-570.900910,129.253951,False,False,False,False,False,False,False,2-circle,-1.000000,-465.091936,88.350972,93.028777,6.971223,11.649028,-1.572584,-87.669557,5.591472,2,6,4,0.0000,0.0000,0.0000,0.5000,"ExtensionBreak",-0.010218
567,B0100,L7_rush_level_max,HABFM,9043.898380,145.167442,41.334904,172.544991,-145.358735,11030.730517,176.349511,12407.497933,-12.224788,-11149.412069,-570.900910,129.253951,False,False,False,False,False,False,False,2-circle,-1.000000,-465.091936,88.350972,93.028777,6.971223,11.649028,-1.572584,-87.669557,5.591472,2,0,0,0.0000,0.0000,0.0000,0.5000,"Pursue",0.021558
568,A0100,adaptive_eagle_v9,HABFM,9238.315290,144.167963,40.843737,173.090623,-144.273676,11031.217610,176.321316,12407.544821,0.234440,-11330.241398,-574.385189,301.400169,False,False,False,False,False,False,False,2-circle,-1.000000,-482.555909,88.350972,93.028777,6.971223,11.649028,-3.023725,-89.117176,4.950090,2,6,4,0.0000,0.0000,0.0000,0.5000,"ExtensionBreak",-0.021356
568,B0100,L7_rush_level_max,HABFM,9238.315290,144.167963,40.843737,173.090623,-144.273676,11031.217610,176.321316,12407.544821,0.234440,-11330.241398,-574.385189,301.400169,False,False,False,False,False,False,False,2-circle,-1.000000,-482.555909,88.350972,93.028777,6.971223,11.649028,-3.023725,-89.117176,4.950090,2,0,0,0.0000,0.0000,0.0000,0.5000,"Pursue",0.015781
569,A0100,adaptive_eagle_v9,HABFM,9434.678012,143.481856,39.882742,172.806693,-143.523013,11030.670668,176.593535,12411.250919,18.530491,-11523.499803,-581.927573,64.120872,False,False,False,False,False,False,False,2-circle,-1.000000,-499.813766,88.350972,93.028777,6.971223,11.649028,0.775878,-85.316626,4.301257,1,0,4,0.0000,0.0000,0.0000,0.5000,"HeadOnBreak",-0.021045
569,B0100,L7_rush_level_max,HABFM,9434.678012,143.481856,39.882742,172.806693,-143.523013,11030.670668,176.593535,12411.250919,18.530491,-11523.499803,-581.927573,64.120872,False,False,False,False,False,False,False,2-circle,-1.000000,-499.813766,88.350972,93.028777,6.971223,11.649028,0.775878,-85.316626,4.301257,1,0,0,0.0000,0.0000,0.0000,0.5000,"Pursue",0.017614
570,A0100,adaptive_eagle_v9,HABFM,9633.656728,142.685629,38.989401,171.663542,-142.684536,11029.183273,176.844404,12413.688832,12.189564,-11675.497906,-588.017637,30.959209,False,False,False,False,False,False,False,2-circle,-1.000000,-518.660712,88.350972,93.028777,6.971223,11.649028,5.697035,-80.383202,3.698819,1,0,4,0.0000,0.0000,0.0000,0.5000,"HeadOnBreak",-0.015507
570,B0100,L7_rush_level_max,HABFM,9633.656728,142.685629,38.989401,171.663542,-142.684536,11029.183273,176.844404,12413.688832,12.189564,-11675.497906,-588.017637,30.959209,False,False,False,False,False,False,False,2-circle,-1.000000,-518.660712,88.350972,93.028777,6.971223,11.649028,5.697035,-80.383202,3.698819,1,0,0,0.0000,0.0000,0.0000,0.5000,"Pursue",0.025817
571,A0100,adaptive_eagle_v9,HABFM,9834.051998,141.451930,38.303668,170.553629,-141.423917,11026.939237,176.826602,12411.166069,-12.613818,-11710.192766,-589.525756,24.897314,False,False,False,False,False,False,False,2-circle,-1.000000,-539.121496,88.350972,93.028777,6.971223,11.649028,7.956523,-78.100635,3.182603,1,0,4,0.0000,0.0000,0.0000,0.5000,"HeadOnBreak",0.009816
571,B0100,L7_rush_level_max,HABFM,9834.051998,141.451930,38.303668,170.553629,-141.423917,11026.939237,176.826602,12411.166069,-12.613818,-11710.192766,-589.525756,24.897314,False,False,False,False,False,False,False,2-circle,-1.000000,-539.121496,88.350972,93.028777,6.971223,11.649028,7.956523,-78.100635,3.182603,1,0,0,0.0000,0.0000,0.0000,0.5000,"Pursue",0.029569
572,A0100,adaptive_eagle_v9,HABFM,10033.777058,140.038599,38.696586,170.578339,-139.990617,11024.085938,176.719496,12406.636391,-22.648388,-11705.824289,-583.426230,25.246444,False,False,False,False,False,False,False,2-circle,-1.000000,-558.550505,88.350972,93.028777,6.971223,11.649028,7.789475,-78.253236,2.766294,1,0,4,0.0000,0.0000,0.0000,0.5000,"HeadOnBreak",0.036336
572,B0100,L7_rush_level_max,HABFM,10033.777058,140.038599,38.696586,170.578339,-139.990617,11024.085938,176.719496,12406.636391,-22.648388,-11705.824289,-583.426230,25.246444,False,False,False,False,False,False,False,2-circle,-1.000000,-558.550505,88.350972,93.028777,6.971223,11.649028,7.789475,-78.253236,2.766294,1,0,0,0.0000,0.0000,0.0000,0.5000,"Pursue",0.029430
573,A0100,adaptive_eagle_v9,HABFM,10229.696778,138.663415,40.426237,170.745291,-138.598259,11020.632179,176.675578,12402.495530,-20.704303,-11682.873155,-569.042919,30.232107,False,False,False,False,False,False,False,2-circle,-1.000000,-574.845641,88.350972,93.028777,6.971223,11.649028,5.904461,-80.145978,2.374012,1,0,4,0.0000,0.0000,0.0000,0.5000,"SmartHighYoYo",0.033752
573,B0100,L7_rush_level_max,HABFM,10229.696778,138.663415,40.426237,170.745291,-138.598259,11020.632179,176.675578,12402.495530,-20.704303,-11682.873155,-569.042919,30.232107,False,False,False,False,False,False,False,2-circle,-1.000000,-574.845641,88.350972,93.028777,6.971223,11.649028,5.904461,-80.145978,2.374012,1,0,0,0.0000,0.0000,0.0000,0.5000,"Pursue",0.029548
574,A0100,adaptive_eagle_v9,HABFM,10420.574248,137.320777,42.128423,169.985269,-137.241248,11016.506490,176.698855,12398.733994,-18.807683,-11699.418920,-555.185114,42.567718,False,False,False,False,False,False,False,2-circle,-1.000000,-590.150781,88.350972,93.028777,6.971223,11.649028,3.096076,-82.967729,1.905363,1,0,4,0.0000,0.0000,0.0000,0.5000,"SmartHighYoYo",0.025645
574,B0100,L7_rush_level_max,HABFM,10420.574248,137.320777,42.128423,169.985269,-137.241248,11016.506490,176.698855,12398.733994,-18.807683,-11699.418920,-555.185114,42.567718,False,False,False,False,False,False,False,2-circle,-1.000000,-590.150781,88.350972,93.028777,6.971223,11.649028,3.096076,-82.967729,1.905363,1,0,0,0.0000,0.0000,0.0000,0.5000,"Pursue",0.029966
575,A0100,adaptive_eagle_v9,HABFM,10607.439374,135.999961,43.406653,169.065861,-135.910107,11011.599196,176.793556,12395.308689,-17.126524,-11774.554364,-544.674481,75.842982,False,False,False,False,False,False,False,2-circle,-1.000000,-605.588022,88.350972,93.028777,6.971223,11.649028,0.033835,-86.041241,1.278702,1,0,4,0.0000,0.0000,0.0000,0.5000,"SmartHighYoYo",0.028790
575,B0100,L7_rush_level_max,HABFM,10607.439374,135.999961,43.406653,169.065861,-135.910107,11011.599196,176.793556,12395.308689,-17.126524,-11774.554364,-544.674481,75.842982,False,False,False,False,False,False,False,2-circle,-1.000000,-605.588022,88.350972,93.028777,6.971223,11.649028,0.033835,-86.041241,1.278702,1,0,0,0.0000,0.0000,0.0000,0.5000,"Pursue",0.030503
576,A0100,adaptive_eagle_v9,HABFM,10790.647838,134.695206,44.765510,168.341745,-134.601354,11005.785072,176.962003,12392.132583,-15.880530,-11830.055602,-533.144966,281.240422,False,False,False,False,False,False,False,2-circle,-1.000000,-620.501540,88.350972,93.028777,6.971223,11.649028,-2.843278,-88.931765,0.449914,1,0,4,0.0000,0.0000,0.0000,0.5000,"SmartHighYoYo",0.039154
576,B0100,L7_rush_level_max,HABFM,10790.647838,134.695206,44.765510,168.341745,-134.601354,11005.785072,176.962003,12392.132583,-15.880530,-11830.055602,-533.144966,281.240422,False,False,False,False,False,False,False,2-circle,-1.000000,-620.501540,88.350972,93.028777,6.971223,11.649028,-2.843278,-88.931765,0.449914,1,0,0,0.0000,0.0000,0.0000,0.5000,"Pursue",0.031050
577,A0100,adaptive_eagle_v9,HABFM,10969.383590,133.403758,46.526469,167.857917,-133.315042,10998.938660,177.204301,12389.085172,-15.237054,-11825.608603,-517.799059,300.059429,False,False,False,False,False,False,False,2-circle,-1.000000,-633.721581,88.350972,93.028777,6.971223,11.649028,-5.357479,-91.468213,-0.593634,1,0,4,0.0000,0.0000,0.0000,0.5000,"SmartHighYoYo",0.039511
577,B0100,L7_rush_level_max,HABFM,10969.383590,133.403758,46.526469,167.857917,-133.315042,10998.938660,177.204301,12389.085172,-15.237054,-11825.608603,-517.799059,300.059429,False,False,False,False,False,False,False,2-circle,-1.000000,-633.721581,88.350972,93.028777,6.971223,11.649028,-5.357479,-91.468213,-0.593634,1,0,0,0.0000,0.0000,0.0000,0.5000,"Pursue",0.027542
578,A0100,adaptive_eagle_v9,HABFM,11142.451696,132.304473,48.298145,167.022709,-132.233466,10990.936016,177.645997,12388.021281,-5.319457,-11821.118213,-502.710672,299.356456,False,False,False,False,False,False,False,2-circle,-1.000000,-645.050039,88.350972,93.028777,6.971223,11.649028,-5.187694,-91.329602,-1.734955,4,0,3,0.0000,0.0000,0.0000,0.5000,"SmartHighYoYo",0.031790
578,B0100,L7_rush_level_max,HABFM,11142.451696,132.304473,48.298145,167.022709,-132.233466,10990.936016,177.645997,12388.021281,-5.319457,-11821.118213,-502.710672,299.356456,False,False,False,False,False,False,False,2-circle,-1.000000,-645.050039,88.350972,93.028777,6.971223,11.649028,-5.187694,-91.329602,-1.734955,1,0,0,0.0000,0.0000,0.0000,0.5000,"Pursue",0.020406
579,A0100,adaptive_eagle_v9,HABFM,11311.266510,131.527079,49.675085,166.309012,-131.483966,10981.760930,178.363929,12390.161262,10.699905,-11854.774657,-491.788514,80.075747,False,False,False,False,False,False,False,2-circle,-1.000000,-654.910724,88.350972,93.028777,6.971223,11.649028,-0.101789,-86.280833,-2.761378,1,0,4,0.0000,0.0000,0.0000,0.5000,"SmartHighYoYo",0.041714
579,B0100,L7_rush_level_max,HABFM,11311.266510,131.527079,49.675085,166.309012,-131.483966,10981.760930,178.363929,12390.161262,10.699905,-11854.774657,-491.788514,80.075747,False,False,False,False,False,False,False,2-circle,-1.000000,-654.910724,88.350972,93.028777,6.971223,11.649028,-0.101789,-86.280833,-2.761378,1,0,0,0.0000,0.0000,0.0000,0.5000,"Pursue",0.021846
580,A0100,adaptive_eagle_v9,HABFM,11475.854088,130.668734,51.404532,165.982963,-130.653950,10971.538721,179.040475,12390.643619,2.411785,-11829.506092,-476.967610,30.976393,False,False,False,False,False,False,False,2-circle,-1.000000,-662.615232,88.350972,93.028777,6.971223,11.649028,5.730588,-80.494944,-3.587392,1,0,4,0.0000,0.0000,0.0000,0.5000,"SmartHighYoYo",0.057477
580,B0100,L7_rush_level_max,HABFM,11475.854088,130.668734,51.404532,165.982963,-130.653950,10971.538721,179.040475,12390.643619,2.411785,-11829.506092,-476.967610,30.976393,False,False,False,False,False,False,False,2-circle,-1.000000,-662.615232,88.350972,93.028777,6.971223,11.649028,5.730588,-80.494944,-3.587392,1,0,0,0.0000,0.0000,0.0000,0.5000,"Pursue",0.030609
581,A0100,adaptive_eagle_v9,HABFM,11633.907299,129.414538,53.810321,165.258183,-129.418062,10960.475259,179.432772,12385.805793,-24.189127,-11749.061477,-454.579406,23.776485,False,False,False,False,False,False,False,2-circle,-1.000000,-668.354948,88.350972,93.028777,6.971223,11.649028,8.560636,-77.718396,-4.199574,1,0,4,0.0000,0.0000,0.0000,0.5000,"SmartHighYoYo",0.042880
581,B0100,L7_rush_level_max,HABFM,11633.907299,129.414538,53.810321,165.258183,-129.418062,10960.475259,179.432772,12385.805793,-24.189127,-11749.061477,-454.579406,23.776485,False,False,False,False,False,False,False,2-circle,-1.000000,-668.354948,88.350972,93.028777,6.971223,11.649028,8.560636,-77.718396,-4.199574,1,0,0,0.0000,0.0000,0.0000,0.5000,"Pursue",0.034469
582,A0100,adaptive_eagle_v9,HABFM,11784.813316,128.011217,55.663153,163.920075,-128.024834,10948.743090,179.727100,12378.753482,-35.261558,-11750.158515,-436.402281,23.692355,False,False,False,False,False,False,False,2-circle,-1.000000,-674.843967,88.350972,93.028777,6.971223,11.649028,8.630699,-77.693371,-4.629958,1,0,4,0.0000,0.0000,0.0000,0.5000,"SmartHighYoYo",0.029735
582,B0100,L7_rush_level_max,HABFM,11784.813316,128.011217,55.663153,163.920075,-128.024834,10948.743090,179.727100,12378.753482,-35.261558,-11750.158515,-436.402281,23.692355,False,False,False,False,False,False,False,2-circle,-1.000000,-674.843967,88.350972,93.028777,6.971223,11.649028,8.630699,-77.693371,-4.629958,1,0,0,0.0000,0.0000,0.0000,0.5000,"Pursue",0.034573
583,A0100,adaptive_eagle_v9,HABFM,11930.711214,126.641494,56.945566,162.713312,-126.664136,10936.367077,180.080426,12372.005515,-33.739832,-11819.075483,-423.260614,28.125933,False,False,False,False,False,False,False,2-circle,-1.000000,-683.236269,88.350972,93.028777,6.971223,11.649028,6.750513,-79.604947,-4.995116,1,0,4,0.0000,0.0000,0.0000,0.5000,"SmartHighYoYo",0.034967
583,B0100,L7_rush_level_max,HABFM,11930.711214,126.641494,56.945566,162.713312,-126.664136,10936.367077,180.080426,12372.005515,-33.739832,-11819.075483,-423.260614,28.125933,False,False,False,False,False,False,False,2-circle,-1.000000,-683.236269,88.350972,93.028777,6.971223,11.649028,6.750513,-79.604947,-4.995116,1,0,0,0.0000,0.0000,0.0000,0.5000,"Pursue",0.035160
584,A0100,adaptive_eagle_v9,HABFM,12072.085066,125.290721,58.386172,161.568934,-125.324267,10923.281560,180.497476,12365.577312,-32.141015,-11873.510550,-408.488199,39.217381,False,False,False,False,False,False,False,2-circle,-1.000000,-693.030702,88.350972,93.028777,6.971223,11.649028,3.856181,-82.520521,-5.424363,1,0,4,0.0000,0.0000,0.0000,0.5000,"SmartHighYoYo",0.039991
584,B0100,L7_rush_level_max,HABFM,12072.085066,125.290721,58.386172,161.568934,-125.324267,10923.281560,180.497476,12365.577312,-32.141015,-11873.510550,-408.488199,39.217381,False,False,False,False,False,False,False,2-circle,-1.000000,-693.030702,88.350972,93.028777,6.971223,11.649028,3.856181,-82.520521,-5.424363,1,0,0,0.0000,0.0000,0.0000,0.5000,"Pursue",0.035910
585,A0100,adaptive_eagle_v9,HABFM,12208.215485,123.954415,59.953228,160.564367,-124.002897,10909.376646,180.983230,12359.445848,-30.657321,-11909.966859,-392.268836,67.984255,False,False,False,False,False,False,False,2-circle,-1.000000,-703.419108,88.350972,93.028777,6.971223,11.649028,0.712740,-85.679544,-6.015777,1,0,4,0.0000,0.0000,0.0000,0.5000,"SmartHighYoYo",0.041698
585,B0100,L7_rush_level_max,HABFM,12208.215485,123.954415,59.953228,160.564367,-124.002897,10909.376646,180.983230,12359.445848,-30.657321,-11909.966859,-392.268836,67.984255,False,False,False,False,False,False,False,2-circle,-1.000000,-703.419108,88.350972,93.028777,6.971223,11.649028,0.712740,-85.679544,-6.015777,1,0,0,0.0000,0.0000,0.0000,0.5000,"Pursue",0.031958
586,A0100,adaptive_eagle_v9,HABFM,12338.853253,122.813747,61.503486,159.752017,-122.887585,10894.512300,181.672142,12355.641880,-19.019840,-11933.510899,-376.525810,76.487940,False,False,False,False,False,False,False,2-circle,-1.000000,-713.282083,88.350972,93.028777,6.971223,11.649028,0.236133,-86.171880,-6.712320,1,0,4,0.0000,0.0000,0.0000,0.5000,"SmartHighYoYo",0.051714
586,B0100,L7_rush_level_max,HABFM,12338.853253,122.813747,61.503486,159.752017,-122.887585,10894.512300,181.672142,12355.641880,-19.019840,-11933.510899,-376.525810,76.487940,False,False,False,False,False,False,False,2-circle,-1.000000,-713.282083,88.350972,93.028777,6.971223,11.649028,0.236133,-86.171880,-6.712320,1,0,0,0.0000,0.0000,0.0000,0.5000,"Pursue",0.023220
587,A0100,adaptive_eagle_v9,HABFM,12463.975982,122.018983,63.333476,159.156914,-122.125222,10878.630408,182.645906,12355.465298,-0.882912,-11899.774595,-358.923178,33.429374,False,False,False,False,False,False,False,2-circle,-1.000000,-721.410101,88.350972,93.028777,6.971223,11.649028,5.090926,-81.338844,-7.338510,4,0,3,0.0000,0.0000,0.0000,0.5000,"SmartHighYoYo",0.051394
587,B0100,L7_rush_level_max,HABFM,12463.975982,122.018983,63.333476,159.156914,-122.125222,10878.630408,182.645906,12355.465298,-0.882912,-11899.774595,-358.923178,33.429374,False,False,False,False,False,False,False,2-circle,-1.000000,-721.410101,88.350972,93.028777,6.971223,11.649028,5.090926,-81.338844,-7.338510,1,0,0,0.0000,0.0000,0.0000,0.5000,"Pursue",0.024391
588,A0100,adaptive_eagle_v9,HABFM,12582.685497,121.166146,65.124654,158.502743,-121.292199,10861.841499,183.569713,12353.653560,-9.058688,-11880.741136,-341.299137,19.795740,False,False,False,False,False,False,False,2-circle,-1.000000,-727.731322,88.350972,93.028777,6.971223,11.649028,10.817769,-75.639537,-7.831569,1,0,4,0.0000,0.0000,0.0000,0.5000,"SmartHighYoYo",0.040108
588,B0100,L7_rush_level_max,HABFM,12582.685497,121.166146,65.124654,158.502743,-121.292199,10861.841499,183.569713,12353.653560,-9.058688,-11880.741136,-341.299137,19.795740,False,False,False,False,False,False,False,2-circle,-1.000000,-727.731322,88.350972,93.028777,6.971223,11.649028,10.817769,-75.639537,-7.831569,1,0,0,0.0000,0.0000,0.0000,0.5000,"Pursue",0.034405
589,A0100,adaptive_eagle_v9,HABFM,12696.038097,119.926882,66.467286,158.354524,-120.044239,10844.394349,184.185205,12346.227005,-37.132774,-11911.046990,-326.250404,16.586519,False,False,False,False,False,False,False,2-circle,-1.000000,-732.851882,88.350972,93.028777,6.971223,11.649028,13.429769,-73.057898,-8.171571,1,0,4,0.0000,0.0000,0.0000,0.5000,"SmartHighYoYo",0.052098
589,B0100,L7_rush_level_max,HABFM,12696.038097,119.926882,66.467286,158.354524,-120.044239,10844.394349,184.185205,12346.227005,-37.132774,-11911.046990,-326.250404,16.586519,False,False,False,False,False,False,False,2-circle,-1.000000,-732.851882,88.350972,93.028777,6.971223,11.649028,13.429769,-73.057898,-8.171571,1,0,0,0.0000,0.0000,0.0000,0.5000,"Pursue",0.038842
590,A0100,adaptive_eagle_v9,HABFM,12803.665602,118.536996,68.133438,158.573761,-118.632677,10826.498825,184.684425,12336.483707,-48.716492,-11885.168241,-307.102436,16.773432,False,False,False,False,False,False,False,2-circle,-1.000000,-736.052431,88.350972,93.028777,6.971223,11.649028,13.249867,-73.274128,-8.377647,1,0,4,0.0000,0.0000,0.0000,0.5000,"SmartHighYoYo",0.074066
590,B0100,L7_rush_level_max,HABFM,12803.665602,118.536996,68.133438,158.573761,-118.632677,10826.498825,184.684425,12336.483707,-48.716492,-11885.168241,-307.102436,16.773432,False,False,False,False,False,False,False,2-circle,-1.000000,-736.052431,88.350972,93.028777,6.971223,11.649028,13.249867,-73.274128,-8.377647,1,0,0,0.0000,0.0000,0.0000,0.5000,"Pursue",0.038899
591,A0100,adaptive_eagle_v9,HABFM,12903.425576,117.176562,70.500600,158.170069,-117.253060,10808.179405,185.231396,12327.121640,-46.810333,-11792.746304,-281.120643,19.292928,False,False,False,False,False,False,False,2-circle,-1.000000,-737.109457,88.350972,93.028777,6.971223,11.649028,11.171385,-75.395129,-8.552329,1,0,4,0.0000,0.0000,0.0000,0.5000,"SmartHighYoYo",0.056812
591,B0100,L7_rush_level_max,HABFM,12903.425576,117.176562,70.500600,158.170069,-117.253060,10808.179405,185.231396,12327.121640,-46.810333,-11792.746304,-281.120643,19.292928,False,False,False,False,False,False,False,2-circle,-1.000000,-737.109457,88.350972,93.028777,6.971223,11.649028,11.171385,-75.395129,-8.552329,1,0,0,0.0000,0.0000,0.0000,0.5000,"Pursue",0.039701
592,A0100,adaptive_eagle_v9,HABFM,12994.928118,115.830500,72.346599,157.072479,-115.889771,10789.360592,185.831287,12318.157255,-44.821927,-11770.590492,-260.117876,24.514769,False,False,False,False,False,False,False,2-circle,-1.000000,-738.415807,88.350972,93.028777,6.971223,11.649028,8.159876,-78.444007,-8.813885,1,0,4,0.0000,0.0000,0.0000,0.5000,"SmartHighYoYo",0.039273
592,B0100,L7_rush_level_max,HABFM,12994.928118,115.830500,72.346599,157.072479,-115.889771,10789.360592,185.831287,12318.157255,-44.821927,-11770.590492,-260.117876,24.514769,False,False,False,False,False,False,False,2-circle,-1.000000,-738.415807,88.350972,93.028777,6.971223,11.649028,8.159876,-78.444007,-8.813885,1,0,0,0.0000,0.0000,0.0000,0.5000,"Pursue",0.035437
593,A0100,adaptive_eagle_v9,HABFM,13080.608487,114.677681,73.607324,156.033433,-114.729563,10769.900947,186.627789,12311.831028,-31.631136,-11819.989643,-245.422728,25.915796,False,False,False,False,False,False,False,2-circle,-1.000000,-741.076187,88.350972,93.028777,6.971223,11.649028,7.536637,-79.095249,-9.139062,1,0,4,0.0000,0.0000,0.0000,0.5000,"SmartHighYoYo",0.045278
593,B0100,L7_rush_level_max,HABFM,13080.608487,114.677681,73.607324,156.033433,-114.729563,10769.900947,186.627789,12311.831028,-31.631136,-11819.989643,-245.422728,25.915796,False,False,False,False,False,False,False,2-circle,-1.000000,-741.076187,88.350972,93.028777,6.971223,11.649028,7.536637,-79.095249,-9.139062,1,0,0,0.0000,0.0000,0.0000,0.5000,"Pursue",0.025249
594,A0100,adaptive_eagle_v9,HABFM,13161.480976,113.887527,74.996075,155.044232,-113.941543,10749.696207,187.711667,12309.588428,-11.212998,-11850.900364,-230.685935,17.708463,False,False,False,False,False,False,False,2-circle,-1.000000,-744.495733,88.350972,93.028777,6.971223,11.649028,12.318276,-74.335495,-9.380579,1,0,4,0.0000,0.0000,0.0000,0.5000,"SmartHighYoYo",0.051071
594,B0100,L7_rush_level_max,HABFM,13161.480976,113.887527,74.996075,155.044232,-113.941543,10749.696207,187.711667,12309.588428,-11.212998,-11850.900364,-230.685935,17.708463,False,False,False,False,False,False,False,2-circle,-1.000000,-744.495733,88.350972,93.028777,6.971223,11.649028,12.318276,-74.335495,-9.380579,1,0,0,0.0000,0.0000,0.0000,0.5000,"Pursue",0.026071
595,A0100,adaptive_eagle_v9,HABFM,13237.174645,113.061876,76.485674,154.469134,-113.102578,10728.835380,188.733462,12305.756146,-19.161414,-11860.103870,-214.565174,12.758167,False,False,False,False,False,False,False,2-circle,-1.000000,-747.924370,88.350972,93.028777,6.971223,11.649028,17.842343,-68.830622,-9.504955,1,0,4,0.0000,0.0000,0.0000,0.5000,"SmartHighYoYo",0.052518
595,B0100,L7_rush_level_max,HABFM,13237.174645,113.061876,76.485674,154.469134,-113.102578,10728.835380,188.733462,12305.756146,-19.161414,-11860.103870,-214.565174,12.758167,False,False,False,False,False,False,False,2-circle,-1.000000,-747.924370,88.350972,93.028777,6.971223,11.649028,17.842343,-68.830622,-9.504955,1,0,0,0.0000,0.0000,0.0000,0.5000,"Pursue",0.037007
596,A0100,adaptive_eagle_v9,HABFM,13307.115639,111.867138,77.937105,154.576942,-111.862174,10707.624540,189.419071,12296.023028,-48.665590,-11867.741345,-197.129890,11.449208,False,False,False,False,False,False,False,2-circle,-1.000000,-750.605394,88.350972,93.028777,6.971223,11.649028,19.966511,-66.726221,-9.516008,4,0,3,0.0000,0.0000,0.0000,0.5000,"SmartHighYoYo",0.050515
596,B0100,L7_rush_level_max,HABFM,13307.115639,111.867138,77.937105,154.576942,-111.862174,10707.624540,189.419071,12296.023028,-48.665590,-11867.741345,-197.129890,11.449208,False,False,False,False,False,False,False,2-circle,-1.000000,-750.605394,88.350972,93.028777,6.971223,11.649028,19.966511,-66.726221,-9.516008,1,0,0,0.0000,0.0000,0.0000,0.5000,"Pursue",0.042039
597,A0100,adaptive_eagle_v9,HABFM,13371.094984,110.524557,79.252126,155.213198,-110.463302,10686.317029,189.967615,12283.928610,-60.472086,-11878.239394,-180.232600,11.877448,False,False,False,False,False,False,False,2-circle,-1.000000,-751.623540,88.350972,93.028777,6.971223,11.649028,19.185296,-67.531699,-9.441401,1,0,4,0.0000,0.0000,0.0000,0.5000,"SmartHighYoYo",0.060331
597,B0100,L7_rush_level_max,HABFM,13371.094984,110.524557,79.252126,155.213198,-110.463302,10686.317029,189.967615,12283.928610,-60.472086,-11878.239394,-180.232600,11.877448,False,False,False,False,False,False,False,2-circle,-1.000000,-751.623540,88.350972,93.028777,6.971223,11.649028,19.185296,-67.531699,-9.441401,1,0,0,0.0000,0.0000,0.0000,0.5000,"Pursue",0.042402
598,A0100,adaptive_eagle_v9,HABFM,13429.114513,109.201115,80.742402,156.119906,-109.090406,10664.924235,190.551724,12272.375522,-57.765443,-11834.171764,-161.453662,13.595625,False,False,False,False,False,False,False,2-circle,-1.000000,-749.656952,88.350972,93.028777,6.971223,11.649028,16.566481,-70.184874,-9.378032,1,0,4,0.0000,0.0000,0.0000,0.5000,"SmartHighYoYo",0.095183
598,B0100,L7_rush_level_max,HABFM,13429.114513,109.201115,80.742402,156.119906,-109.090406,10664.924235,190.551724,12272.375522,-57.765443,-11834.171764,-161.453662,13.595625,False,False,False,False,False,False,False,2-circle,-1.000000,-749.656952,88.350972,93.028777,6.971223,11.649028,16.566481,-70.184874,-9.378032,1,0,0,0.0000,0.0000,0.0000,0.5000,"Pursue",0.043518
599,A0100,adaptive_eagle_v9,HABFM,13479.179896,107.876680,83.088523,156.454253,-107.724089,10643.345315,191.177887,12261.378309,-54.986062,-11704.721584,-134.285801,16.615092,False,False,False,False,False,False,False,2-circle,-1.000000,-743.751989,88.350972,93.028777,6.971223,11.649028,13.181453,-73.617766,-9.435345,1,0,4,0.0000,0.0000,0.0000,0.5000,"SmartHighYoYo",0.083619
599,B0100,L7_rush_level_max,HABFM,13479.179896,107.876680,83.088523,156.454253,-107.724089,10643.345315,191.177887,12261.378309,-54.986062,-11704.721584,-134.285801,16.615092,False,False,False,False,False,False,False,2-circle,-1.000000,-743.751989,88.350972,93.028777,6.971223,11.649028,13.181453,-73.617766,-9.435345,1,0,0,0.0000,0.0000,0.0000,0.5000,"Pursue",0.045026
600,A0100,adaptive_eagle_v9,HABFM,13519.974103,106.547528,85.148512,155.961162,-106.356814,10621.438169,191.851398,12250.891753,-52.432783,-11636.355261,-109.941419,21.182694,False,False,False,False,False,False,False,2-circle,-1.000000,-735.839083,88.350972,93.028777,6.971223,11.649028,9.797171,-77.054669,-9.690711,1,0,4,0.0000,0.0000,0.0000,0.5000,"SmartHighYoYo",0.056266
600,B0100,L7_rush_level_max,HABFM,13519.974103,106.547528,85.148512,155.961162,-106.356814,10621.438169,191.851398,12250.891753,-52.432783,-11636.355261,-109.941419,21.182694,False,False,False,False,False,False,False,2-circle,-1.000000,-735.839083,88.350972,93.028777,6.971223,11.649028,9.797171,-77.054669,-9.690711,1,0,0,0.0000,0.0000,0.0000,0.5000,"Pursue",0.040123
601,A0100,adaptive_eagle_v9,HABFM,13553.880648,105.403944,86.491268,155.531011,-105.185018,10599.024408,192.718504,12243.240480,-38.256366,-11639.610005,-93.194095,21.627773,False,False,False,False,False,False,False,2-circle,-1.000000,-727.453673,88.350972,93.028777,6.971223,11.649028,9.540361,-77.362921,-10.055843,1,0,4,0.0000,0.0000,0.0000,0.5000,"SmartHighYoYo",0.073312
601,B0100,L7_rush_level_max,HABFM,13553.880648,105.403944,86.491268,155.531011,-105.185018,10599.024408,192.718504,12243.240480,-38.256366,-11639.610005,-93.194095,21.627773,False,False,False,False,False,False,False,2-circle,-1.000000,-727.453673,88.350972,93.028777,6.971223,11.649028,9.540361,-77.362921,-10.055843,1,0,0,0.0000,0.0000,0.0000,0.5000,"Pursue",0.028168
602,A0100,adaptive_eagle_v9,HABFM,13582.119739,104.616152,88.171962,154.934039,-104.383787,10575.984478,193.864950,12239.821007,-17.097362,-11596.089078,-74.537389,14.708381,False,False,False,False,False,False,False,2-circle,-1.000000,-718.075706,88.350972,93.028777,6.971223,11.649028,15.108646,-71.847490,-10.321403,1,0,4,0.0000,0.0000,0.0000,0.5000,"SmartHighYoYo",0.073005
602,B0100,L7_rush_level_max,HABFM,13582.119739,104.616152,88.171962,154.934039,-104.383787,10575.984478,193.864950,12239.821007,-17.097362,-11596.089078,-74.537389,14.708381,False,False,False,False,False,False,False,2-circle,-1.000000,-718.075706,88.350972,93.028777,6.971223,11.649028,15.108646,-71.847490,-10.321403,1,0,0,0.0000,0.0000,0.0000,0.5000,"Pursue",0.029445
603,A0100,adaptive_eagle_v9,HABFM,13603.647661,103.782937,89.824138,154.251289,-103.528051,10552.418864,194.923714,12234.478598,-26.712044,-11562.234215,-55.904427,10.642039,False,False,False,False,False,False,False,2-circle,-1.000000,-708.083133,88.350972,93.028777,6.971223,11.649028,21.277678,-65.730975,-10.415120,1,0,4,0.0000,0.0000,0.0000,0.5000,"SmartHighYoYo",0.060360
603,B0100,L7_rush_level_max,HABFM,13603.647661,103.782937,89.824138,154.251289,-103.528051,10552.418864,194.923714,12234.478598,-26.712044,-11562.234215,-55.904427,10.642039,False,False,False,False,False,False,False,2-circle,-1.000000,-708.083133,88.350972,93.028777,6.971223,11.649028,21.277678,-65.730975,-10.415120,1,0,0,0.0000,0.0000,0.0000,0.5000,"Pursue",-0.105593
604,A0100,adaptive_eagle_v9,DBFM,13619.443485,102.577225,91.144389,154.213581,-102.273032,10528.686550,195.614162,12222.683591,-58.975038,-11573.887200,-38.824754,9.557772,False,False,False,False,False,False,False,2-circle,-1.000000,-698.387616,88.350972,93.028777,6.971223,11.649028,23.642544,-63.414788,-10.340262,1,1,4,0.0000,0.0000,0.0000,0.5000,"SmartHighYoYo",0.074147
604,B0100,L7_rush_level_max,DBFM,13619.443485,102.577225,91.144389,154.213581,-102.273032,10528.686550,195.614162,12222.683591,-58.975038,-11573.887200,-38.824754,9.557772,False,False,False,False,False,False,False,2-circle,-1.000000,-698.387616,88.350972,93.028777,6.971223,11.649028,23.642544,-63.414788,-10.340262,1,0,0,0.0000,0.0000,0.0000,0.5000,"Pursue",-0.284968
605,A0100,adaptive_eagle_v9,DBFM,13628.965969,101.224382,92.685327,154.506464,-100.863152,10505.085170,196.150594,12208.385818,-71.488863,-11559.139586,-18.980108,9.938556,False,False,False,False,False,False,False,2-circle,-1.000000,-688.590772,88.350972,93.028777,6.971223,11.649028,22.751128,-64.352727,-10.146978,4,1,3,0.0000,0.0000,0.0000,0.5000,"SmartHighYoYo",0.083653
605,B0100,L7_rush_level_max,DBFM,13628.965969,101.224382,92.685327,154.506464,-100.863152,10505.085170,196.150594,12208.385818,-71.488863,-11559.139586,-18.980108,9.938556,False,False,False,False,False,False,False,2-circle,-1.000000,-688.590772,88.350972,93.028777,6.971223,11.649028,22.751128,-64.352727,-10.146978,1,0,0,0.0000,0.0000,0.0000,0.5000,"Pursue",-0.314532
606,A0100,adaptive_eagle_v9,DBFM,13631.508348,99.888963,94.327753,155.011857,-99.475701,10481.626277,196.716314,12194.766113,-68.098528,-11527.681655,1.769250,11.392765,False,False,False,False,False,False,False,2-circle,-1.000000,-677.507420,88.350972,93.028777,6.971223,11.649028,19.828547,-67.324612,-9.954336,1,1,4,0.0000,0.0000,0.0000,0.5000,"SmartHighYoYo",0.099686
606,B0100,L7_rush_level_max,DBFM,13631.508348,99.888963,94.327753,155.011857,-99.475701,10481.626277,196.716314,12194.766113,-68.098528,-11527.681655,1.769250,11.392765,False,False,False,False,False,False,False,2-circle,-1.000000,-677.507420,88.350972,93.028777,6.971223,11.649028,19.828547,-67.324612,-9.954336,1,0,0,0.0000,0.0000,0.0000,0.5000,"Pursue",-0.366608
607,A0100,adaptive_eagle_v9,DBFM,13626.743021,98.548095,96.179714,155.631157,-98.087026,10458.191318,197.319035,12181.845049,-64.605320,-11442.053779,24.408565,13.880743,False,False,False,False,False,False,False,2-circle,-1.000000,-663.559305,88.350972,93.028777,6.971223,11.649028,16.092673,-71.119232,-9.888780,1,1,4,0.0000,0.0000,0.0000,0.5000,"SmartHighYoYo",0.142479
607,B0100,L7_rush_level_max,DBFM,13626.743021,98.548095,96.179714,155.631157,-98.087026,10458.191318,197.319035,12181.845049,-64.605320,-11442.053779,24.408565,13.880743,False,False,False,False,False,False,False,2-circle,-1.000000,-663.559305,88.350972,93.028777,6.971223,11.649028,16.092673,-71.119232,-9.888780,1,0,0,0.0000,0.0000,0.0000,0.5000,"Pursue",-0.516269
608,A0100,adaptive_eagle_v9,DBFM,13613.057580,97.194054,98.771412,155.402452,-96.687085,10434.615315,197.965156,12169.575739,-61.346547,-11284.772795,53.725409,17.517785,False,False,False,False,False,False,False,2-circle,-1.000000,-646.260291,88.350972,93.028777,6.971223,11.649028,12.403074,-74.878897,-10.036124,1,1,4,0.0000,0.0000,0.0000,0.5000,"SmartHighYoYo",0.126545
608,B0100,L7_rush_level_max,DBFM,13613.057580,97.194054,98.771412,155.402452,-96.687085,10434.615315,197.965156,12169.575739,-61.346547,-11284.772795,53.725409,17.517785,False,False,False,False,False,False,False,2-circle,-1.000000,-646.260291,88.350972,93.028777,6.971223,11.649028,12.403074,-74.878897,-10.036124,1,0,0,0.0000,0.0000,0.0000,0.5000,"Pursue",-0.433549
609,A0100,adaptive_eagle_v9,DBFM,13589.697360,96.021991,101.032683,154.345882,-95.475033,10410.692982,198.808516,12160.467248,-45.542455,-11185.860930,79.134482,17.947016,False,False,False,False,False,False,False,2-circle,-1.000000,-627.963795,88.350972,93.028777,6.971223,11.649028,12.074765,-75.278800,-10.302983,1,1,4,0.0000,0.0000,0.0000,0.5000,"SmartHighYoYo",0.099276
609,B0100,L7_rush_level_max,DBFM,13589.697360,96.021991,101.032683,154.345882,-95.475033,10410.692982,198.808516,12160.467248,-45.542455,-11185.860930,79.134482,17.947016,False,False,False,False,False,False,False,2-circle,-1.000000,-627.963795,88.350972,93.028777,6.971223,11.649028,12.074765,-75.278800,-10.302983,1,0,0,0.0000,0.0000,0.0000,0.5000,"Pursue",-0.313048
610,A0100,adaptive_eagle_v9,DBFM,13558.857548,94.821351,102.735361,153.704816,-94.230732,10386.340504,199.618075,12150.394135,-50.365564,-11159.605115,99.653304,14.403532,False,False,False,False,False,False,False,2-circle,-1.000000,-610.248125,88.350972,93.028777,6.971223,11.649028,15.486210,-71.934484,-10.571098,1,1,4,0.0000,0.0000,0.0000,0.5000,"SmartHighYoYo",0.111857
610,B0100,L7_rush_level_max,DBFM,13558.857548,94.821351,102.735361,153.704816,-94.230732,10386.340504,199.618075,12150.394135,-50.365564,-11159.605115,99.653304,14.403532,False,False,False,False,False,False,False,2-circle,-1.000000,-610.248125,88.350972,93.028777,6.971223,11.649028,15.486210,-71.934484,-10.571098,1,0,0,0.0000,0.0000,0.0000,0.5000,"Pursue",-0.334665
611,A0100,adaptive_eagle_v9,DBFM,13520.877245,93.411483,104.548574,153.432008,-92.766324,10361.773890,200.236898,12136.781737,-68.061994,-11125.266205,121.927899,13.248943,False,False,False,False,False,False,False,2-circle,-1.000000,-592.816043,88.350972,93.028777,6.971223,11.649028,16.961296,-70.523537,-10.835444,1,1,4,0.0000,0.0000,0.0000,0.5000,"SmartHighYoYo",0.149790
611,B0100,L7_rush_level_max,DBFM,13520.877245,93.411483,104.548574,153.432008,-92.766324,10361.773890,200.236898,12136.781737,-68.061994,-11125.266205,121.927899,13.248943,False,False,False,False,False,False,False,2-circle,-1.000000,-592.816043,88.350972,93.028777,6.971223,11.649028,16.961296,-70.523537,-10.835444,1,0,0,0.0000,0.0000,0.0000,0.5000,"Pursue",-0.445127
612,A0100,adaptive_eagle_v9,DBFM,13474.870904,92.008585,106.836739,153.045055,-91.309022,10337.072131,200.862845,12123.194772,-67.934821,-11029.264559,147.997146,13.609279,False,False,False,False,False,False,False,2-circle,-1.000000,-574.741743,88.350972,93.028777,6.971223,11.649028,16.500259,-71.049656,-11.030072,1,1,4,0.0000,0.0000,0.0000,0.5000,"SmartHighYoYo",0.006983
612,B0100,L7_rush_level_max,DBFM,13474.870904,92.008585,106.836739,153.045055,-91.309022,10337.072131,200.862845,12123.194772,-67.934821,-11029.264559,147.997146,13.609279,False,False,False,False,False,False,False,2-circle,-1.000000,-574.741743,88.350972,93.028777,6.971223,11.649028,16.500259,-71.049656,-11.030072,1,0,0,0.0000,0.0000,0.0000,0.5000,"Pursue",-0.570822
613,A0100,adaptive_eagle_v9,DBFM,13419.084495,90.598145,109.735838,151.740828,-89.840855,10312.210236,201.505732,12109.784610,-67.050813,-10875.010750,178.779176,15.231999,False,False,False,False,False,False,False,2-circle,-1.000000,-556.403339,88.350972,93.028777,6.971223,11.649028,14.624447,-72.989805,-11.214026,1,1,4,0.0000,0.0000,0.0000,0.5000,"SmartHighYoYo",-0.149478
613,B0100,L7_rush_level_max,DBFM,13419.084495,90.598145,109.735838,151.740828,-89.840855,10312.210236,201.505732,12109.784610,-67.050813,-10875.010750,178.779176,15.231999,False,False,False,False,False,False,False,2-circle,-1.000000,-556.403339,88.350972,93.028777,6.971223,11.649028,14.624447,-72.989805,-11.214026,1,0,0,0.0000,0.0000,0.0000,0.5000,"Pursue",-0.382928
614,A0100,adaptive_eagle_v9,DBFM,13353.927538,89.178384,111.849359,150.270654,-88.352894,10287.101089,202.174475,12096.626578,-65.790157,-10806.117491,202.797343,18.225058,False,False,True,False,False,False,False,2-circle,-1.000000,-540.670566,88.350972,93.028777,6.971223,11.649028,11.968274,-75.697498,-11.476897,4,1,3,0.0000,0.0000,0.0000,0.5000,"SmartHighYoYo",-0.159239
614,B0100,L7_rush_level_max,DBFM,13353.927538,89.178384,111.849359,150.270654,-88.352894,10287.101089,202.174475,12096.626578,-65.790157,-10806.117491,202.797343,18.225058,False,False,True,False,False,False,False,2-circle,-1.000000,-540.670566,88.350972,93.028777,6.971223,11.649028,11.968274,-75.697498,-11.476897,1,0,0,0.0000,0.0000,0.0000,0.5000,"Pursue",-0.236249
615,A0100,adaptive_eagle_v9,DBFM,13282.005978,87.954488,113.253183,149.118832,-87.056150,10261.588643,203.034636,12086.544322,-50.411282,-10816.660011,220.319096,18.068186,False,False,True,False,False,False,False,2-circle,-1.000000,-528.445477,88.350972,93.028777,6.971223,11.649028,12.069756,-75.631146,-11.758153,1,1,4,0.0000,0.0000,0.0000,0.5000,"SmartHighYoYo",-0.071514
615,B0100,L7_rush_level_max,DBFM,13282.005978,87.954488,113.253183,149.118832,-87.056150,10261.588643,203.034636,12086.544322,-50.411282,-10816.660011,220.319096,18.068186,False,False,True,False,False,False,False,2-circle,-1.000000,-528.445477,88.350972,93.028777,6.971223,11.649028,12.069756,-75.631146,-11.758153,1,0,0,0.0000,0.0000,0.0000,0.5000,"Pursue",-0.275234
616,A0100,adaptive_eagle_v9,DBFM,13204.567528,87.099840,114.727960,147.830155,-86.143233,10235.556300,204.185244,12081.254831,-26.447455,-10819.167216,236.851703,12.493099,False,False,True,False,False,False,False,2-circle,-1.000000,-518.920143,88.350972,93.028777,6.971223,11.649028,17.955743,-69.767372,-11.876959,1,1,4,0.0000,0.0000,0.0000,0.5000,"SmartHighYoYo",-0.065315
616,B0100,L7_rush_level_max,DBFM,13204.567528,87.099840,114.727960,147.830155,-86.143233,10235.556300,204.185244,12081.254831,-26.447455,-10819.167216,236.851703,12.493099,False,False,True,False,False,False,False,2-circle,-1.000000,-518.920143,88.350972,93.028777,6.971223,11.649028,17.955743,-69.767372,-11.876959,1,0,0,0.0000,0.0000,0.0000,0.5000,"Pursue",-0.306957
617,A0100,adaptive_eagle_v9,DBFM,13121.525121,86.191056,116.324289,146.827428,-85.180346,10209.120980,205.231662,12073.785827,-37.345021,-10819.006334,254.478633,9.297683,False,False,True,False,False,False,False,2-circle,-1.000000,-511.601768,88.350972,93.028777,6.971223,11.649028,23.975023,-63.759298,-11.790343,1,1,4,0.0000,0.0000,0.0000,0.5000,"SmartHighYoYo",-0.124011
617,B0100,L7_rush_level_max,DBFM,13121.525121,86.191056,116.324289,146.827428,-85.180346,10209.120980,205.231662,12073.785827,-37.345021,-10819.006334,254.478633,9.297683,False,False,True,False,False,False,False,2-circle,-1.000000,-511.601768,88.350972,93.028777,6.971223,11.649028,23.975023,-63.759298,-11.790343,1,0,0,0.0000,0.0000,0.0000,0.5000,"Pursue",-0.340035
618,A0100,adaptive_eagle_v9,DBFM,13032.113018,84.878021,118.114484,146.412584,-83.805465,10182.685736,205.872119,12059.006681,-73.895729,-10814.907018,275.080982,8.657234,False,False,True,False,False,False,False,2-circle,-1.000000,-506.012040,88.350972,93.028777,6.971223,11.649028,25.569934,-62.166340,-11.538484,1,1,4,0.0000,0.0000,0.0000,0.5000,"SmartHighYoYo",-0.133443
618,B0100,L7_rush_level_max,DBFM,13032.113018,84.878021,118.114484,146.412584,-83.805465,10182.685736,205.872119,12059.006681,-73.895729,-10814.907018,275.080982,8.657234,False,False,True,False,False,False,False,2-circle,-1.000000,-506.012040,88.350972,93.028777,6.971223,11.649028,25.569934,-62.166340,-11.538484,1,0,0,0.0000,0.0000,0.0000,0.5000,"Pursue",-0.382490
619,A0100,adaptive_eagle_v9,DBFM,12935.391418,83.396338,120.075770,146.369522,-82.260051,10156.560577,206.344078,12041.494270,-87.562057,-10801.900196,297.397186,9.369307,False,False,True,False,False,False,False,2-circle,-1.000000,-501.327720,88.350972,93.028777,6.971223,11.649028,23.696104,-64.036195,-11.210563,1,1,4,0.0000,0.0000,0.0000,0.5000,"SmartHighYoYo",-0.076403
619,B0100,L7_rush_level_max,DBFM,12935.391418,83.396338,120.075770,146.369522,-82.260051,10156.560577,206.344078,12041.494270,-87.562057,-10801.900196,297.397186,9.369307,False,False,True,False,False,False,False,2-circle,-1.000000,-501.327720,88.350972,93.028777,6.971223,11.649028,23.696104,-64.036195,-11.210563,1,0,0,0.0000,0.0000,0.0000,0.5000,"Pursue",-0.499085
620,A0100,adaptive_eagle_v9,DBFM,12830.832328,81.926873,122.465706,146.256797,-80.722909,10130.718338,206.850963,12024.924096,-82.850867,-10737.643262,322.203672,11.167348,False,False,True,False,False,False,False,2-circle,-1.000000,-496.144147,88.350972,93.028777,6.971223,11.649028,19.910057,-67.818525,-10.947458,3,0,4,0.0000,0.0000,0.0000,0.5000,"LeadPursuit",-0.080193
620,B0100,L7_rush_level_max,DBFM,12830.832328,81.926873,122.465706,146.256797,-80.722909,10130.718338,206.850963,12024.924096,-82.850867,-10737.643262,322.203672,11.167348,False,False,True,False,False,False,False,2-circle,-1.000000,-496.144147,88.350972,93.028777,6.971223,11.649028,19.910057,-67.818525,-10.947458,1,0,0,0.0000,0.0000,0.0000,0.5000,"Pursue",-0.467844
621,A0100,adaptive_eagle_v9,DBFM,12717.719379,80.453107,124.709643,145.973314,-79.169585,10104.988366,207.403239,12009.322383,-78.008568,-10687.644576,345.537634,14.124512,False,False,True,False,False,False,False,2-circle,-1.000000,-489.984463,88.350972,93.028777,6.971223,11.649028,15.556623,-72.170678,-10.877329,3,0,4,0.0000,0.0000,0.0000,0.5000,"LeadPursuit",-0.091326
621,B0100,L7_rush_level_max,DBFM,12717.719379,80.453107,124.709643,145.973314,-79.169585,10104.988366,207.403239,12009.322383,-78.008568,-10687.644576,345.537634,14.124512,False,False,True,False,False,False,False,2-circle,-1.000000,-489.984463,88.350972,93.028777,6.971223,11.649028,15.556623,-72.170678,-10.877329,2,0,0,0.0000,0.0000,0.0000,0.5000,"Pursue",-0.338547
622,A0100,adaptive_eagle_v9,DBFM,12597.729907,79.183132,126.343527,145.925450,-77.811496,10079.124246,208.171765,11997.597321,-58.625307,-10686.519586,363.671010,14.903137,False,False,True,False,False,False,False,2-circle,-1.000000,-482.957050,88.350972,93.028777,6.971223,11.649028,14.628716,-73.099630,-10.938201,3,0,4,0.0000,0.0000,0.0000,0.5000,"LeadPursuit",-0.008325
622,B0100,L7_rush_level_max,DBFM,12597.729907,79.183132,126.343527,145.925450,-77.811496,10079.124246,208.171765,11997.597321,-58.625307,-10686.519586,363.671010,14.903137,False,False,True,False,False,False,False,2-circle,-1.000000,-482.957050,88.350972,93.028777,6.971223,11.649028,14.628716,-73.099630,-10.938201,2,0,0,0.0000,0.0000,0.0000,0.5000,"Pursue",-0.348371
623,A0100,adaptive_eagle_v9,DBFM,12471.967414,78.288201,127.866945,145.935565,-76.849384,10052.933964,209.248351,11991.301589,-31.478660,-10672.598747,379.240445,10.826279,False,False,True,False,False,False,False,2-circle,-1.000000,-473.989708,88.350972,93.028777,6.971223,11.649028,20.338054,-67.399095,-10.913832,3,0,4,0.0000,0.0000,0.0000,0.5000,"LeadPursuit",0.071629
623,B0100,L7_rush_level_max,DBFM,12471.967414,78.288201,127.866945,145.935565,-76.849384,10052.933964,209.248351,11991.301589,-31.478660,-10672.598747,379.240445,10.826279,False,False,True,False,False,False,False,2-circle,-1.000000,-473.989708,88.350972,93.028777,6.971223,11.649028,20.338054,-67.399095,-10.913832,2,0,0,0.0000,0.0000,0.0000,0.5000,"Pursue",-0.435827
624,A0100,adaptive_eagle_v9,DBFM,12340.978234,77.537069,129.616905,146.033948,-76.058856,10026.459837,210.393079,11986.093791,-26.038989,-10608.884101,395.077396,7.502801,False,False,True,False,False,False,False,2-circle,-1.000000,-461.801839,88.350972,93.028777,6.971223,11.649028,28.626297,-59.134125,-10.634919,3,0,4,0.0000,0.0000,0.0000,0.5000,"LeadPursuit",0.150661
624,B0100,L7_rush_level_max,DBFM,12340.978234,77.537069,129.616905,146.033948,-76.058856,10026.459837,210.393079,11986.093791,-26.038989,-10608.884101,395.077396,7.502801,False,False,True,False,False,False,False,2-circle,-1.000000,-461.801839,88.350972,93.028777,6.971223,11.649028,28.626297,-59.134125,-10.634919,2,0,0,0.0000,0.0000,0.0000,0.5000,"Pursue",-0.639416
625,A0100,adaptive_eagle_v9,DBFM,12203.688650,76.558315,132.145308,145.719900,-75.075150,10000.039614,211.238943,11975.462259,-53.157661,-10476.101779,415.868735,5.971983,False,False,True,False,False,False,False,2-circle,-1.000000,-445.928920,88.350972,93.028777,6.971223,11.649028,34.605193,-53.195947,-10.058066,3,0,4,0.0000,0.0000,0.0000,0.5000,"LeadPursuit",0.035776
625,B0100,L7_rush_level_max,DBFM,12203.688650,76.558315,132.145308,145.719900,-75.075150,10000.039614,211.238943,11975.462259,-53.157661,-10476.101779,415.868735,5.971983,False,False,True,False,False,False,False,2-circle,-1.000000,-445.928920,88.350972,93.028777,6.971223,11.649028,34.605193,-53.195947,-10.058066,2,0,0,0.0000,0.0000,0.0000,0.5000,"Pursue",-0.504348
626,A0100,adaptive_eagle_v9,DBFM,12059.308043,75.217123,134.276391,145.487438,-73.754618,9974.215844,211.672294,11957.751868,-88.551956,-10417.096561,435.531511,5.962534,False,False,True,False,False,False,False,2-circle,-1.000000,-429.060761,88.350972,93.028777,6.971223,11.649028,34.649278,-53.197497,-9.322685,3,0,4,0.0000,0.0000,0.0000,0.5000,"LeadPursuit",-0.089922
626,B0100,L7_rush_level_max,DBFM,12059.308043,75.217123,134.276391,145.487438,-73.754618,9974.215844,211.672294,11957.751868,-88.551956,-10417.096561,435.531511,5.962534,False,False,True,False,False,False,False,2-circle,-1.000000,-429.060761,88.350972,93.028777,6.971223,11.649028,34.649278,-53.197497,-9.322685,2,0,0,0.0000,0.0000,0.0000,0.5000,"Pursue",-0.309679
627,A0100,adaptive_eagle_v9,DBFM,11908.924387,73.710662,135.716053,145.903110,-72.271413,9949.323259,211.931846,11937.726665,-100.126013,-10438.776019,451.921176,6.904960,False,False,True,False,False,False,False,2-circle,-1.000000,-413.182689,88.350972,93.028777,6.971223,11.649028,30.730303,-57.157406,-8.592104,3,0,4,0.0000,0.0000,0.0000,0.5000,"LeadPursuit",-0.076311
627,B0100,L7_rush_level_max,DBFM,11908.924387,73.710662,135.716053,145.903110,-72.271413,9949.323259,211.931846,11937.726665,-100.126013,-10438.776019,451.921176,6.904960,False,False,True,False,False,False,False,2-circle,-1.000000,-413.182689,88.350972,93.028777,6.971223,11.649028,30.730303,-57.157406,-8.592104,2,0,0,0.0000,0.0000,0.0000,0.5000,"Pursue",-0.325185
628,A0100,adaptive_eagle_v9,DBFM,11753.154042,72.201365,137.167985,146.387532,-70.767830,9925.249373,212.227626,11919.206833,-92.599160,-10454.387686,468.079294,8.648484,False,False,True,False,False,False,False,2-circle,-1.000000,-397.748732,88.350972,93.028777,6.971223,11.649028,25.168388,-62.758317,-8.027235,3,0,4,0.0000,0.0000,0.0000,0.5000,"LeadPursuit",-0.054825
628,B0100,L7_rush_level_max,DBFM,11753.154042,72.201365,137.167985,146.387532,-70.767830,9925.249373,212.227626,11919.206833,-92.599160,-10454.387686,468.079294,8.648484,False,False,True,False,False,False,False,2-circle,-1.000000,-397.748732,88.350972,93.028777,6.971223,11.649028,25.168388,-62.758317,-8.027235,2,0,0,0.0000,0.0000,0.0000,0.5000,"Pursue",-0.353167
629,A0100,adaptive_eagle_v9,DBFM,11591.917778,70.681304,138.663161,146.942567,-69.229290,9901.722552,212.575107,11902.214786,-84.960235,-10450.229106,484.024860,11.196662,False,False,True,False,False,False,False,2-circle,-1.000000,-381.446649,88.350972,93.028777,6.971223,11.649028,19.632526,-68.338229,-7.750064,3,0,4,0.0000,0.0000,0.0000,0.5000,"LeadPursuit",0.070176
629,B0100,L7_rush_level_max,DBFM,11591.917778,70.681304,138.663161,146.942567,-69.229290,9901.722552,212.575107,11902.214786,-84.960235,-10450.229106,484.024860,11.196662,False,False,True,False,False,False,False,2-circle,-1.000000,-381.446649,88.350972,93.028777,6.971223,11.649028,19.632526,-68.338229,-7.750064,2,0,0,0.0000,0.0000,0.0000,0.5000,"Pursue",-0.481194
630,A0100,adaptive_eagle_v9,DBFM,11425.292045,69.357695,140.461464,147.162993,-67.866444,9878.407737,213.149460,11889.724773,-62.450067,-10388.665089,499.984113,12.042249,False,False,True,False,False,False,False,2-circle,-1.000000,-362.712978,88.350972,93.028777,6.971223,11.649028,18.254197,-69.774643,-7.671334,3,1,4,0.0000,0.0000,0.0000,0.5000,"LeadPursuit",0.205201
630,B0100,L7_rush_level_max,DBFM,11425.292045,69.357695,140.461464,147.162993,-67.866444,9878.407737,213.149460,11889.724773,-62.450067,-10388.665089,499.984113,12.042249,False,False,True,False,False,False,False,2-circle,-1.000000,-362.712978,88.350972,93.028777,6.971223,11.649028,18.254197,-69.774643,-7.671334,2,0,0,0.0000,0.0000,0.0000,0.5000,"Pursue",-0.559764
631,A0100,adaptive_eagle_v9,DBFM,11253.253433,68.399753,142.378430,146.789768,-66.885408,9855.042213,214.033827,11883.083970,-33.204014,-10310.728784,514.742262,9.048884,False,False,True,False,False,False,False,2-circle,-1.000000,-340.839156,88.350972,93.028777,6.971223,11.649028,24.140374,-63.965678,-7.536150,3,1,4,0.0000,0.0000,0.0000,0.5000,"LeadPursuit",0.160161
631,B0100,L7_rush_level_max,DBFM,11253.253433,68.399753,142.378430,146.789768,-66.885408,9855.042213,214.033827,11883.083970,-33.204014,-10310.728784,514.742262,9.048884,False,False,True,False,False,False,False,2-circle,-1.000000,-340.839156,88.350972,93.028777,6.971223,11.649028,24.140374,-63.965678,-7.536150,2,0,0,0.0000,0.0000,0.0000,0.5000,"Pursue",-0.476456
632,A0100,adaptive_eagle_v9,DBFM,11076.600580,67.375969,143.978024,146.798623,-65.875060,9831.705227,214.786482,11874.035369,-45.243007,-10262.865293,527.972119,6.980413,False,False,True,False,False,False,False,2-circle,-1.000000,-316.346116,88.350972,93.028777,6.971223,11.649028,30.463031,-57.737953,-7.235919,2,1,4,0.0000,0.0000,0.0000,0.5000,"LeadPursuit",0.190658
632,B0100,L7_rush_level_max,DBFM,11076.600580,67.375969,143.978024,146.798623,-65.875060,9831.705227,214.786482,11874.035369,-45.243007,-10262.865293,527.972119,6.980413,False,False,True,False,False,False,False,2-circle,-1.000000,-316.346116,88.350972,93.028777,6.971223,11.649028,30.463031,-57.737953,-7.235919,2,0,0,0.0000,0.0000,0.0000,0.5000,"Pursue",-0.586339
633,A0100,adaptive_eagle_v9,DBFM,10895.235427,65.932385,145.895053,147.089324,-64.484701,9808.879141,215.087037,11856.929040,-85.531645,-10155.335589,542.794533,6.592340,False,False,True,False,False,False,False,2-circle,-1.000000,-288.598437,88.350972,93.028777,6.971223,11.649028,32.050274,-56.268528,-6.778683,2,1,4,0.0000,0.0000,0.0000,0.5000,"LeadPursuit",0.442438
633,B0100,L7_rush_level_max,DBFM,10895.235427,65.932385,145.895053,147.089324,-64.484701,9808.879141,215.087037,11856.929040,-85.531645,-10155.335589,542.794533,6.592340,False,False,True,False,False,False,False,2-circle,-1.000000,-288.598437,88.350972,93.028777,6.971223,11.649028,32.050274,-56.268528,-6.778683,2,0,0,0.0000,0.0000,0.0000,0.5000,"Pursue",-0.909896
634,A0100,adaptive_eagle_v9,DBFM,10708.313775,64.295028,148.682563,146.514619,-62.916528,9786.931233,215.196393,11837.064225,-99.324075,-9974.531376,560.570718,7.194481,False,False,True,False,False,False,False,2-circle,-1.000000,-257.288909,88.350972,93.028777,6.971223,11.649028,29.918284,-58.545020,-6.249330,2,1,4,0.0000,0.0000,0.0000,0.5000,"LeadPursuit",0.458369
634,B0100,L7_rush_level_max,DBFM,10708.313775,64.295028,148.682563,146.514619,-62.916528,9786.931233,215.196393,11837.064225,-99.324075,-9974.531376,560.570718,7.194481,False,False,True,False,False,False,False,2-circle,-1.000000,-257.288909,88.350972,93.028777,6.971223,11.649028,29.918284,-58.545020,-6.249330,2,0,0,0.0000,0.0000,0.0000,0.5000,"Pursue",-0.859190
635,A0100,adaptive_eagle_v9,DBFM,10515.469975,62.640035,151.274019,145.742356,-61.315735,9765.806987,215.334386,11818.570079,-92.470731,-9857.329480,577.460613,8.582556,False,False,True,False,False,False,False,2-circle,-1.000000,-224.988085,88.350972,93.028777,6.971223,11.649028,25.761756,-62.859296,-5.789172,2,1,4,0.0000,0.0000,0.0000,0.5000,"LeadPursuit",0.338541
635,B0100,L7_rush_level_max,DBFM,10515.469975,62.640035,151.274019,145.742356,-61.315735,9765.806987,215.334386,11818.570079,-92.470731,-9857.329480,577.460613,8.582556,False,False,True,False,False,False,False,2-circle,-1.000000,-224.988085,88.350972,93.028777,6.971223,11.649028,25.761756,-62.859296,-5.789172,2,0,0,0.0000,0.0000,0.0000,0.5000,"Pursue",-0.666560
636,A0100,adaptive_eagle_v9,DBFM,10317.393972,60.963398,153.276470,145.486907,-59.666267,9745.284331,215.512208,11801.439140,-85.654693,-9816.803104,592.397075,10.749224,False,False,True,False,False,False,False,2-circle,-1.000000,-193.424883,88.350972,93.028777,6.971223,11.649028,21.031220,-67.751150,-5.531941,2,2,4,0.0000,0.0000,0.0000,0.5000,"LeadPursuit",0.496097
636,B0100,L7_rush_level_max,DBFM,10317.393972,60.963398,153.276470,145.486907,-59.666267,9745.284331,215.512208,11801.439140,-85.654693,-9816.803104,592.397075,10.749224,False,False,True,False,False,False,False,2-circle,-1.000000,-193.424883,88.350972,93.028777,6.971223,11.649028,21.031220,-67.751150,-5.531941,2,1,0,0.0000,0.0000,0.0000,0.5000,"Pursue",-0.760804
637,A0100,adaptive_eagle_v9,DBFM,10114.557273,59.472556,155.331536,145.012192,-58.171640,9725.045515,215.912010,11788.836254,-63.014432,-9761.082210,606.106591,11.466877,False,False,True,False,False,False,False,2-circle,-1.000000,-161.926807,88.350972,93.028777,6.971223,11.649028,19.903820,-69.048249,-5.349554,2,2,4,0.0000,0.0000,0.0000,0.5000,"LeadPursuit",0.934088
637,B0100,L7_rush_level_max,DBFM,10114.557273,59.472556,155.331536,145.012192,-58.171640,9725.045515,215.912010,11788.836254,-63.014432,-9761.082210,606.106591,11.466877,False,False,True,False,False,False,False,2-circle,-1.000000,-161.926807,88.350972,93.028777,6.971223,11.649028,19.903820,-69.048249,-5.349554,2,1,1,0.0000,0.0000,0.0000,0.5000,"Pursue",-1.089913
638,A0100,adaptive_eagle_v9,DBFM,9907.436543,58.345247,157.842283,143.747502,-57.053922,9704.839096,216.625465,11782.291458,-32.723980,-9640.262211,618.450251,8.699646,False,False,True,False,False,False,False,2-circle,-1.000000,-129.274106,88.350972,93.028777,6.971223,11.649028,25.850754,-63.288451,-5.049101,2,2,4,0.0000,0.0000,0.0000,0.5000,"LeadPursuit",1.607815
638,B0100,L7_rush_level_max,DBFM,9907.436543,58.345247,157.842283,143.747502,-57.053922,9704.839096,216.625465,11782.291458,-32.723980,-9640.262211,618.450251,8.699646,False,False,True,False,False,False,False,2-circle,-1.000000,-129.274106,88.350972,93.028777,6.971223,11.649028,25.850754,-63.288451,-5.049101,2,1,1,0.0000,0.0000,0.0000,0.5000,"Pursue",-1.623315
639,A0100,adaptive_eagle_v9,DBFM,9696.214028,57.125952,161.148446,141.707012,-55.882780,9684.758727,217.202457,11773.292617,-44.994201,-9463.502071,631.236091,6.759246,False,False,True,False,False,False,False,2-circle,-1.000000,-95.943126,88.350972,93.028777,6.971223,11.649028,32.210643,-57.131575,-4.634874,2,2,3,0.0000,0.0000,0.0000,0.5000,"LeadPursuit",1.547736
639,B0100,L7_rush_level_max,DBFM,9696.214028,57.125952,161.148446,141.707012,-55.882780,9684.758727,217.202457,11773.292617,-44.994201,-9463.502071,631.236091,6.759246,False,False,True,False,False,False,False,2-circle,-1.000000,-95.943126,88.350972,93.028777,6.971223,11.649028,32.210643,-57.131575,-4.634874,2,1,1,0.0000,0.0000,0.0000,0.5000,"Pursue",-1.468834
640,A0100,adaptive_eagle_v9,DBFM,9480.789255,55.461387,163.922263,140.569401,-54.303693,9665.293432,217.317905,11756.048119,-86.222494,-9377.518316,643.795592,6.448456,False,False,True,False,False,False,False,2-circle,-1.000000,-65.427966,88.350972,93.028777,6.971223,11.649028,33.640944,-55.896878,-4.050038,2,3,3,0.0000,0.0000,0.0000,0.5000,"LeadPursuit",1.380403
640,B0100,L7_rush_level_max,DBFM,9480.789255,55.461387,163.922263,140.569401,-54.303693,9665.293432,217.317905,11756.048119,-86.222494,-9377.518316,643.795592,6.448456,False,False,True,False,False,False,False,2-circle,-1.000000,-65.427966,88.350972,93.028777,6.971223,11.649028,33.640944,-55.896878,-4.050038,2,1,1,0.0000,0.0000,0.0000,0.5000,"Pursue",-1.238690
641,A0100,adaptive_eagle_v9,DBFM,9261.341618,53.614457,166.060613,140.212685,-52.547675,9646.812986,217.240712,11736.082632,-99.827434,-9371.304419,655.662482,7.106558,False,False,True,False,False,False,False,2-circle,-1.000000,-39.331833,88.350972,93.028777,6.971223,11.649028,31.297142,-58.416358,-3.361368,2,3,3,0.0000,0.0000,0.0000,0.5000,"LeadPursuit",2.037725
641,B0100,L7_rush_level_max,DBFM,9261.341618,53.614457,166.060613,140.212685,-52.547675,9646.812986,217.240712,11736.082632,-99.827434,-9371.304419,655.662482,7.106558,False,False,True,False,False,False,False,2-circle,-1.000000,-39.331833,88.350972,93.028777,6.971223,11.649028,31.297142,-58.416358,-3.361368,2,1,1,0.0000,0.0000,0.0000,0.5000,"Pursue",-1.634473
642,A0100,adaptive_eagle_v9,DBFM,9038.091343,51.765572,168.394601,139.644320,-50.764719,9629.256411,217.196580,11717.677276,-92.026777,-9353.778754,666.757191,8.482060,False,False,True,False,False,False,False,2-circle,-1.000000,-17.204330,88.350972,93.028777,6.971223,11.649028,27.134891,-62.735775,-2.751938,2,4,3,0.0000,0.0000,0.0000,0.5000,"LeadPursuit",2.481451
642,B0100,L7_rush_level_max,DBFM,9038.091343,51.765572,168.394601,139.644320,-50.764719,9629.256411,217.196580,11717.677276,-92.026777,-9353.778754,666.757191,8.482060,False,False,True,False,False,False,False,2-circle,-1.000000,-17.204330,88.350972,93.028777,6.971223,11.649028,27.134891,-62.735775,-2.751938,2,1,1,0.0000,0.0000,0.0000,0.5000,"Pursue",-1.837657
643,A0100,adaptive_eagle_v9,DBFM,8811.275858,49.891301,170.554499,139.298837,-48.924622,9612.397261,217.195584,11700.798980,-84.391484,-9357.121042,677.098501,10.487103,False,False,True,False,False,True,False,2-circle,-1.000000,1.821667,88.350972,93.028777,6.971223,11.649028,22.646614,-67.367530,-2.355291,2,4,3,0.0000,0.0000,0.0000,0.5000,"LeadPursuit",3.658748
643,B0100,L7_rush_level_max,DBFM,8811.275858,49.891301,170.554499,139.298837,-48.924622,9612.397261,217.195584,11700.798980,-84.391484,-9357.121042,677.098501,10.487103,False,False,True,False,False,True,False,2-circle,-1.000000,1.821667,88.350972,93.028777,6.971223,11.649028,22.646614,-67.367530,-2.355291,2,1,1,0.0000,0.0000,0.0000,0.5000,"Pursue",-2.534717
644,A0100,adaptive_eagle_v9,DBFM,8581.154063,47.986045,172.868532,138.973455,-47.022875,9595.977349,217.240234,11685.237789,-77.805954,-9341.865250,686.449867,13.083448,False,False,True,False,False,True,False,2-circle,-1.000000,19.605634,88.350972,93.028777,6.971223,11.649028,18.637087,-71.520255,-2.235525,2,4,3,0.0000,0.0000,0.0000,0.5000,"LeadPursuit",3.482047
644,B0100,L7_rush_level_max,DBFM,8581.154063,47.986045,172.868532,138.973455,-47.022875,9595.977349,217.240234,11685.237789,-77.805954,-9341.865250,686.449867,13.083448,False,False,True,False,False,True,False,2-circle,-1.000000,19.605634,88.350972,93.028777,6.971223,11.649028,18.637087,-71.520255,-2.235525,2,1,1,0.0000,0.0000,0.0000,0.5000,"Pursue",-2.371364
645,A0100,adaptive_eagle_v9,DBFM,8348.144529,46.250795,174.627763,139.098526,-45.266305,9579.720163,217.499560,11673.971606,-56.330911,-9337.474885,694.328885,13.049570,False,False,True,False,False,True,False,2-circle,-1.000000,38.560003,88.350972,93.028777,6.971223,11.649028,18.828364,-71.491724,-2.307663,2,4,3,0.0000,0.0000,0.0000,0.5000,"LeadPursuit",0.674489
645,B0100,L7_rush_level_max,DBFM,8348.144529,46.250795,174.627763,139.098526,-45.266305,9579.720163,217.499560,11673.971606,-56.330911,-9337.474885,694.328885,13.049570,False,False,True,False,False,True,False,2-circle,-1.000000,38.560003,88.350972,93.028777,6.971223,11.649028,18.828364,-71.491724,-2.307663,2,1,1,0.0000,0.0000,0.0000,0.5000,"Pursue",-0.496903
646,A0100,adaptive_eagle_v9,HABFM,8112.698207,44.861371,175.203733,139.931195,-43.869775,9563.437180,218.052845,11668.357081,-28.072625,-9391.520212,701.411720,9.225834,False,False,True,False,False,True,False,2-circle,-1.000000,59.794641,88.350972,93.028777,6.971223,11.649028,25.801108,-64.712777,-2.299071,2,4,3,0.0000,0.0000,0.0000,0.5000,"LeadPursuit",-0.978356
646,B0100,L7_rush_level_max,HABFM,8112.698207,44.861371,175.203733,139.931195,-43.869775,9563.437180,218.052845,11668.357081,-28.072625,-9391.520212,701.411720,9.225834,False,False,True,False,False,True,False,2-circle,-1.000000,59.794641,88.350972,93.028777,6.971223,11.649028,25.801108,-64.712777,-2.299071,2,1,1,0.0000,0.0000,0.0000,0.5000,"Pursue",0.617255
647,A0100,adaptive_eagle_v9,HABFM,7874.921627,43.391532,175.133554,141.474239,-42.442344,9547.259969,218.446067,11659.778461,-42.893103,-9484.678602,708.763570,6.993573,False,False,True,False,False,True,False,2-circle,-1.000000,82.124699,88.350972,93.028777,6.971223,11.649028,32.623889,-58.107745,-2.040439,2,4,3,0.0000,0.0000,0.0000,0.5000,"LeadPursuit",-1.061525
647,B0100,L7_rush_level_max,HABFM,7874.921627,43.391532,175.133554,141.474239,-42.442344,9547.259969,218.446067,11659.778461,-42.893103,-9484.678602,708.763570,6.993573,False,False,True,False,False,True,False,2-circle,-1.000000,82.124699,88.350972,93.028777,6.971223,11.649028,32.623889,-58.107745,-2.040439,2,1,1,0.0000,0.0000,0.0000,0.5000,"Pursue",0.669338
648,A0100,adaptive_eagle_v9,HABFM,7634.720993,41.517914,174.975399,143.491717,-40.663956,9531.699209,218.375228,11642.847800,-84.653303,-9545.262225,715.752481,6.638351,False,False,True,False,False,True,False,2-circle,-1.000000,103.584786,88.350972,93.028777,6.971223,11.649028,34.219579,-56.738418,-1.522068,2,4,3,0.0000,0.0000,0.0000,0.5000,"LeadPursuit",-0.471466
648,B0100,L7_rush_level_max,HABFM,7634.720993,41.517914,174.975399,143.491717,-40.663956,9531.699209,218.375228,11642.847800,-84.653303,-9545.262225,715.752481,6.638351,False,False,True,False,False,True,False,2-circle,-1.000000,103.584786,88.350972,93.028777,6.971223,11.649028,34.219579,-56.738418,-1.522068,2,1,1,0.0000,0.0000,0.0000,0.5000,"Pursue",0.285221
649,A0100,adaptive_eagle_v9,HABFM,7392.384236,39.508038,174.833934,145.468402,-38.759153,9517.120172,218.125470,11623.442434,-97.026833,-9556.341392,721.566922,7.351658,False,False,True,False,False,True,False,2-circle,-1.000000,122.448524,88.350972,93.028777,6.971223,11.649028,31.848564,-59.328824,-0.859802,2,4,3,0.0000,0.0000,0.0000,0.5000,"LeadPursuit",-0.108359
649,B0100,L7_rush_level_max,HABFM,7392.384236,39.508038,174.833934,145.468402,-38.759153,9517.120172,218.125470,11623.442434,-97.026833,-9556.341392,721.566922,7.351658,False,False,True,False,False,True,False,2-circle,-1.000000,122.448524,88.350972,93.028777,6.971223,11.649028,31.848564,-59.328824,-0.859802,2,1,1,0.0000,0.0000,0.0000,0.5000,"Pursue",0.058777
650,A0100,adaptive_eagle_v9,HABFM,7148.170983,37.532340,174.541743,147.140134,-36.859436,9503.448526,217.911903,11605.648211,-88.971114,-9559.881128,726.709786,8.879540,False,False,True,False,False,True,False,2-circle,-1.000000,137.074058,88.350972,93.028777,6.971223,11.649028,27.551294,-63.821107,-0.270815,2,4,3,0.0000,0.0000,0.0000,0.5000,"LeadPursuit",-1.182552
650,B0100,L7_rush_level_max,HABFM,7148.170983,37.532340,174.541743,147.140134,-36.859436,9503.448526,217.911903,11605.648211,-88.971114,-9559.881128,726.709786,8.879540,False,False,True,False,False,True,False,2-circle,-1.000000,137.074058,88.350972,93.028777,6.971223,11.649028,27.551294,-63.821107,-0.270815,2,1,1,0.0000,0.0000,0.0000,0.5000,"Pursue",0.797311
651,A0100,adaptive_eagle_v9,HABFM,6902.354016,35.575661,174.006518,149.070214,-34.941884,9490.443275,217.746175,11589.446610,-81.008004,-9526.741804,730.519429,11.180664,False,False,True,False,False,True,False,2-circle,-1.000000,147.506820,88.350972,93.028777,6.971223,11.649028,22.885552,-68.654685,0.093941,2,4,3,0.0000,0.0000,0.0000,0.5000,"LeadPursuit",-1.712809
651,B0100,L7_rush_level_max,HABFM,6902.354016,35.575661,174.006518,149.070214,-34.941884,9490.443275,217.746175,11589.446610,-81.008004,-9526.741804,730.519429,11.180664,False,False,True,False,False,True,False,2-circle,-1.000000,147.506820,88.350972,93.028777,6.971223,11.649028,22.885552,-68.654685,0.093941,2,1,1,0.0000,0.0000,0.0000,0.5000,"Pursue",1.169360
652,A0100,adaptive_eagle_v9,HABFM,6655.349696,33.640080,173.580589,151.338488,-33.014223,9477.836769,217.631352,11574.626979,-74.098154,-9486.144367,733.990344,14.229276,False,False,True,False,False,True,False,2-circle,-1.000000,156.574041,88.350972,93.028777,6.971223,11.649028,18.789441,-72.918557,0.115987,2,4,3,0.0000,0.0000,0.0000,0.5000,"LeadPursuit",-1.670728
652,B0100,L7_rush_level_max,HABFM,6655.349696,33.640080,173.580589,151.338488,-33.014223,9477.836769,217.631352,11574.626979,-74.098154,-9486.144367,733.990344,14.229276,False,False,True,False,False,True,False,2-circle,-1.000000,156.574041,88.350972,93.028777,6.971223,11.649028,18.789441,-72.918557,0.115987,2,1,1,0.0000,0.0000,0.0000,0.5000,"Pursue",1.160492
653,A0100,adaptive_eagle_v9,HABFM,6407.052815,31.720537,173.258971,153.626289,-31.072528,9465.367650,217.561455,11560.811212,-69.078834,-9499.331147,738.485543,18.181355,False,False,True,False,False,True,False,2-circle,-1.000000,166.205257,88.350972,93.028777,6.971223,11.649028,15.426527,-76.471102,-0.225101,2,4,3,0.0000,0.0000,0.0000,0.5000,"LeadPursuit",-1.734633
653,B0100,L7_rush_level_max,HABFM,6407.052815,31.720537,173.258971,153.626289,-31.072528,9465.367650,217.561455,11560.811212,-69.078834,-9499.331147,738.485543,18.181355,False,False,True,False,False,True,False,2-circle,-1.000000,166.205257,88.350972,93.028777,6.971223,11.649028,15.426527,-76.471102,-0.225101,2,1,1,0.0000,0.0000,0.0000,0.5000,"Pursue",1.214567
654,A0100,adaptive_eagle_v9,HABFM,6157.206799,30.026868,172.956991,155.762707,-29.329164,9452.765318,217.705564,11550.985759,-49.127270,-9524.768081,742.858688,17.744099,False,False,True,False,False,True,False,2-circle,-1.000000,176.987656,88.350972,93.028777,6.971223,11.649028,15.962742,-76.156626,-0.686961,2,4,3,0.0000,0.0000,0.0000,0.5000,"LeadPursuit",-1.573977
654,B0100,L7_rush_level_max,HABFM,6157.206799,30.026868,172.956991,155.762707,-29.329164,9452.765318,217.705564,11550.985759,-49.127270,-9524.768081,742.858688,17.744099,False,False,True,False,False,True,False,2-circle,-1.000000,176.987656,88.350972,93.028777,6.971223,11.649028,15.962742,-76.156626,-0.686961,2,2,1,0.0000,0.0000,0.0000,0.5000,"Pursue",1.106088
655,A0100,adaptive_eagle_v9,HABFM,5906.023079,28.708403,172.465942,157.441232,-27.977246,9439.878108,218.148481,11546.644812,-21.704735,-9575.155374,747.030676,11.702106,False,False,True,False,False,True,False,2-circle,-1.000000,189.209974,88.350972,93.028777,6.971223,11.649028,22.836336,-69.545414,-0.900837,2,4,3,0.0000,0.0000,0.0000,0.5000,"LeadPursuit",-1.749131
655,B0100,L7_rush_level_max,HABFM,5906.023079,28.708403,172.465942,157.441232,-27.977246,9439.878108,218.148481,11546.644812,-21.704735,-9575.155374,747.030676,11.702106,False,False,True,False,False,True,False,2-circle,-1.000000,189.209974,88.350972,93.028777,6.971223,11.649028,22.836336,-69.545414,-0.900837,2,2,2,0.0000,0.0000,0.0000,0.5000,"Pursue",1.232013
656,A0100,adaptive_eagle_v9,HABFM,5653.569143,27.498575,171.971193,159.214203,-26.783713,9426.829338,218.606211,11542.446365,-20.992235,-9596.361374,750.250259,7.816812,False,False,True,False,False,True,False,2-circle,-1.000000,202.104554,88.350972,93.028777,6.971223,11.649028,31.813121,-60.868153,-0.701676,2,4,3,0.0000,0.0000,0.0000,0.5000,"LeadPursuit",-1.733800
656,B0100,L7_rush_level_max,HABFM,5653.569143,27.498575,171.971193,159.214203,-26.783713,9426.829338,218.606211,11542.446365,-20.992235,-9596.361374,750.250259,7.816812,False,False,True,False,False,True,False,2-circle,-1.000000,202.104554,88.350972,93.028777,6.971223,11.649028,31.813121,-60.868153,-0.701676,2,2,2,0.0000,0.0000,0.0000,0.5000,"Pursue",1.260569
657,A0100,adaptive_eagle_v9,HABFM,5400.166914,26.069170,171.374242,161.185258,-25.449753,9414.020246,218.747676,11532.376271,-50.350469,-9636.704818,753.554503,6.206960,False,False,True,False,False,True,False,2-circle,-1.000000,216.092408,88.350972,93.028777,6.971223,11.649028,38.081641,-54.948258,-0.114754,2,4,3,0.0000,0.0000,0.0000,0.5000,"LeadPursuit",-1.938281
657,B0100,L7_rush_level_max,HABFM,5400.166914,26.069170,171.374242,161.185258,-25.449753,9414.020246,218.747676,11532.376271,-50.350469,-9636.704818,753.554503,6.206960,False,False,True,False,False,True,False,2-circle,-1.000000,216.092408,88.350972,93.028777,6.971223,11.649028,38.081641,-54.948258,-0.114754,2,2,2,0.0000,0.0000,0.0000,0.5000,"Pursue",1.466377
658,A0100,adaptive_eagle_v9,HABFM,5145.596020,24.301851,170.778296,163.630307,-23.839616,9402.016696,218.459603,11514.796989,-87.896410,-9678.812315,756.635019,6.303240,False,False,True,False,False,True,False,2-circle,-1.000000,229.681505,88.350972,93.028777,6.971223,11.649028,38.092125,-55.322052,0.712741,2,4,3,0.0000,0.0000,0.0000,0.5000,"LeadPursuit",-1.812216
658,B0100,L7_rush_level_max,HABFM,5145.596020,24.301851,170.778296,163.630307,-23.839616,9402.016696,218.459603,11514.796989,-87.896410,-9678.812315,756.635019,6.303240,False,False,True,False,False,True,False,2-circle,-1.000000,229.681505,88.350972,93.028777,6.971223,11.649028,38.092125,-55.322052,0.712741,2,2,2,0.0000,0.0000,0.0000,0.5000,"Pursue",1.440205
659,A0100,adaptive_eagle_v9,HABFM,4890.071490,22.450074,170.047773,166.042210,-22.137960,9391.118892,218.035870,11495.711076,-95.429563,-9741.614811,759.569098,7.441195,False,False,True,False,False,True,False,2-circle,-1.000000,243.045576,88.350972,93.028777,6.971223,11.649028,34.267926,-59.575057,1.537003,2,4,3,0.0000,0.0000,0.0000,0.5000,"LeadPursuit",-1.732587
659,B0100,L7_rush_level_max,HABFM,4890.071490,22.450074,170.047773,166.042210,-22.137960,9391.118892,218.035870,11495.711076,-95.429563,-9741.614811,759.569098,7.441195,False,False,True,False,False,True,False,2-circle,-1.000000,243.045576,88.350972,93.028777,6.971223,11.649028,34.267926,-59.575057,1.537003,2,2,2,0.0000,0.0000,0.0000,0.5000,"Pursue",1.430366
660,A0100,adaptive_eagle_v9,HABFM,4633.528617,20.659556,169.241704,168.303141,-20.455092,9381.152281,217.664123,11478.574000,-85.685382,-9809.285804,762.084833,9.494089,False,False,True,False,False,True,False,2-circle,-1.000000,254.910757,88.350972,93.028777,6.971223,11.649028,29.059997,-65.243627,2.168230,2,4,3,0.0000,0.0000,0.0000,0.5000,"LeadPursuit",-1.731261
660,B0100,L7_rush_level_max,HABFM,4633.528617,20.659556,169.241704,168.303141,-20.455092,9381.152281,217.664123,11478.574000,-85.685382,-9809.285804,762.084833,9.494089,False,False,True,False,False,True,False,2-circle,-1.000000,254.910757,88.350972,93.028777,6.971223,11.649028,29.059997,-65.243627,2.168230,2,2,2,0.0000,0.0000,0.0000,0.5000,"Pursue",1.470032
661,A0100,adaptive_eagle_v9,HABFM,4376.101822,18.924353,168.367510,170.411340,-18.790159,9371.803218,217.358555,11463.340129,-76.169353,-9886.219252,764.315492,12.529981,False,False,True,True,False,True,False,2-circle,-1.000000,265.676755,88.350972,93.028777,6.971223,11.649028,24.096892,-70.712703,2.483238,2,4,3,0.0000,0.0000,0.0000,0.5000,"LeadPursuit",-1.697306
661,B0100,L7_rush_level_max,HABFM,4376.101822,18.924353,168.367510,170.411340,-18.790159,9371.803218,217.358555,11463.340129,-76.169353,-9886.219252,764.315492,12.529981,False,False,True,True,False,True,False,2-circle,-1.000000,265.676755,88.350972,93.028777,6.971223,11.649028,24.096892,-70.712703,2.483238,2,2,2,0.0000,0.0000,0.0000,0.5000,"Pursue",1.476088
662,A0100,adaptive_eagle_v9,HABFM,4117.922083,17.248497,167.434810,172.222645,-17.158185,9362.750420,217.119049,11449.680571,-68.297788,-9964.966546,766.119360,16.745448,False,False,True,True,False,True,False,2-circle,-1.000000,275.820927,88.350972,93.028777,6.971223,11.649028,20.070705,-75.309244,2.439475,2,4,3,0.0000,0.0000,0.0000,0.5000,"LeadPursuit",-1.515593
662,B0100,L7_rush_level_max,HABFM,4117.922083,17.248497,167.434810,172.222645,-17.158185,9362.750420,217.119049,11449.680571,-68.297788,-9964.966546,766.119360,16.745448,False,False,True,True,False,True,False,2-circle,-1.000000,275.820927,88.350972,93.028777,6.971223,11.649028,20.070705,-75.309244,2.439475,2,2,2,0.0000,0.0000,0.0000,0.5000,"Pursue",1.316041
663,A0100,adaptive_eagle_v9,HABFM,3859.161123,15.845452,166.427812,173.350854,-15.782620,9353.683916,217.109906,11440.438320,-46.211259,-10040.096347,767.363106,17.009396,False,False,True,True,False,True,False,2-circle,-1.000000,285.793805,88.350972,93.028777,6.971223,11.649028,20.514221,-75.525114,2.149522,2,3,3,0.0000,0.0000,0.0000,0.5000,"LeadPursuit",-1.338292
663,B0100,L7_rush_level_max,HABFM,3859.161123,15.845452,166.427812,173.350854,-15.782620,9353.683916,217.109906,11440.438320,-46.211259,-10040.096347,767.363106,17.009396,False,False,True,True,False,True,False,2-circle,-1.000000,285.793805,88.350972,93.028777,6.971223,11.649028,20.514221,-75.525114,2.149522,2,2,2,0.0000,0.0000,0.0000,0.5000,"Pursue",1.120926
664,A0100,adaptive_eagle_v9,HABFM,3600.135055,14.891991,165.489919,174.147208,-14.867795,9344.426593,217.402686,11436.812897,-18.127115,-10061.454060,767.362734,11.366911,False,False,True,True,False,True,False,2-circle,-1.000000,296.289492,88.350972,93.028777,6.971223,11.649028,27.925192,-68.901742,1.922600,2,3,3,0.0000,0.0000,0.0000,0.5000,"LeadPursuit",-1.086161
664,B0100,L7_rush_level_max,HABFM,3600.135055,14.891991,165.489919,174.147208,-14.867795,9344.426593,217.402686,11436.812897,-18.127115,-10061.454060,767.362734,11.366911,False,False,True,True,False,True,False,2-circle,-1.000000,296.289492,88.350972,93.028777,6.971223,11.649028,27.925192,-68.901742,1.922600,2,3,2,0.0000,0.0000,0.0000,0.5000,"Pursue",0.914609
665,A0100,adaptive_eagle_v9,HABFM,3341.401499,14.135263,164.863506,174.955714,-14.168733,9335.072084,217.701856,11433.221052,-17.959223,-10016.826512,766.453488,7.652219,False,False,True,True,False,True,False,2-circle,-1.000000,308.917510,88.350972,93.028777,6.971223,11.649028,37.605445,-60.211794,2.098535,2,3,3,0.0000,0.0000,0.0000,0.5000,"LeadPursuit",-0.741857
665,B0100,L7_rush_level_max,HABFM,3341.401499,14.135263,164.863506,174.955714,-14.168733,9335.072084,217.701856,11433.221052,-17.959223,-10016.826512,766.453488,7.652219,False,False,True,True,False,True,False,2-circle,-1.000000,308.917510,88.350972,93.028777,6.971223,11.649028,37.605445,-60.211794,2.098535,2,3,2,0.0000,0.0000,0.0000,0.5000,"Pursue",0.637462
666,A0100,adaptive_eagle_v9,OBFM,3082.998208,13.557076,164.403291,175.458928,-13.632551,9325.939465,217.908283,11428.069299,-25.758764,-9969.848635,765.526358,5.619552,False,False,True,True,False,True,False,2-circle,-1.000000,323.174171,88.350972,93.028777,6.971223,11.649028,46.968272,-52.086269,2.805505,2,3,2,0.0000,0.0000,0.0000,0.5000,"LeadPursuit",-0.437135
666,B0100,L7_rush_level_max,OBFM,3082.998208,13.557076,164.403291,175.458928,-13.632551,9325.939465,217.908283,11428.069299,-25.758764,-9969.848635,765.526358,5.619552,False,False,True,True,False,True,False,2-circle,-1.000000,323.174171,88.350972,93.028777,6.971223,11.649028,46.968272,-52.086269,2.805505,2,3,1,0.0000,0.0000,0.0000,0.5000,"Pursue",0.403585
667,A0100,adaptive_eagle_v9,DBFM,2824.810760,13.151058,164.299902,176.057246,-13.158735,9317.408870,217.871647,11418.831921,-46.186893,-9906.981284,764.599672,4.821577,False,False,True,True,False,True,False,2-circle,-1.000000,337.798020,88.350972,93.028777,6.971223,11.649028,52.816619,-47.759516,3.857628,1,3,2,0.0000,0.0000,0.0000,0.5000,"LeadPursuit",0.380038
667,B0100,L7_rush_level_max,DBFM,2824.810760,13.151058,164.299902,176.057246,-13.158735,9317.408870,217.871647,11418.831921,-46.186893,-9906.981284,764.599672,4.821577,False,False,True,True,False,True,False,2-circle,-1.000000,337.798020,88.350972,93.028777,6.971223,11.649028,52.816619,-47.759516,3.857628,2,3,1,0.0000,0.0000,0.0000,0.5000,"Pursue",-0.226374
668,A0100,adaptive_eagle_v9,DBFM,2566.180501,12.792107,165.446366,177.180782,-12.445380,9310.028099,217.403144,11402.423221,-82.043499,-9842.087926,765.956345,5.209305,False,False,True,True,False,True,False,2-circle,-1.000000,351.677380,88.350972,93.028777,6.971223,11.649028,52.531497,-49.891449,4.997613,1,2,2,0.0000,0.0000,0.0000,0.5000,"LeadPursuit",0.978300
668,B0100,L7_rush_level_max,DBFM,2566.180501,12.792107,165.446366,177.180782,-12.445380,9310.028099,217.403144,11402.423221,-82.043499,-9842.087926,765.956345,5.209305,False,False,True,True,False,True,False,2-circle,-1.000000,351.677380,88.350972,93.028777,6.971223,11.649028,52.531497,-49.891449,4.997613,2,3,1,0.0000,0.0000,0.0000,0.5000,"Pursue",-0.668775
669,A0100,adaptive_eagle_v9,DBFM,2306.406377,12.608942,165.913313,177.039372,-11.504979,9304.092386,216.738379,11383.711025,-93.560981,-9779.488188,765.058147,6.422240,False,False,True,True,False,True,False,2-circle,-1.000000,362.038197,88.350972,93.028777,6.971223,11.649028,48.998287,-55.574001,6.037273,1,2,2,0.0000,0.0000,0.0000,0.5000,"LeadPursuit",1.114046
669,B0100,L7_rush_level_max,DBFM,2306.406377,12.608942,165.913313,177.039372,-11.504979,9304.092386,216.738379,11383.711025,-93.560981,-9779.488188,765.058147,6.422240,False,False,True,True,False,True,False,2-circle,-1.000000,362.038197,88.350972,93.028777,6.971223,11.649028,48.998287,-55.574001,6.037273,2,3,1,0.0000,0.0000,0.0000,0.5000,"Pursue",-0.791273
670,A0100,adaptive_eagle_v9,DBFM,2045.794717,12.703279,164.668748,175.822793,-10.508550,9299.386191,216.132606,11367.396203,-81.574108,-9778.916830,761.061883,8.321656,False,False,True,True,False,True,False,2-circle,-1.000000,365.840919,88.350972,93.028777,6.971223,11.649028,44.933215,-62.056392,6.821143,1,4,2,0.0000,0.0000,0.0000,0.5000,"LeadPursuit",0.987207
670,B0100,L7_rush_level_max,DBFM,2045.794717,12.703279,164.668748,175.822793,-10.508550,9299.386191,216.132606,11367.396203,-81.574108,-9778.916830,761.061883,8.321656,False,False,True,True,False,True,False,2-circle,-1.000000,365.840919,88.350972,93.028777,6.971223,11.649028,44.933215,-62.056392,6.821143,2,3,1,0.0000,0.0000,0.0000,0.5000,"Pursue",-0.774872
671,A0100,adaptive_eagle_v9,DBFM,1784.570953,13.087506,162.666159,174.534586,-9.519888,9295.542914,215.598588,11353.346330,-70.249367,-9832.322559,755.529974,10.830800,False,False,True,True,False,True,False,2-circle,-1.000000,362.887803,88.350972,93.028777,6.971223,11.649028,41.995096,-67.775918,7.260915,1,4,2,0.0000,0.0000,0.0000,0.5000,"LeadPursuit",0.903592
671,B0100,L7_rush_level_max,DBFM,1784.570953,13.087506,162.666159,174.534586,-9.519888,9295.542914,215.598588,11353.346330,-70.249367,-9832.322559,755.529974,10.830800,False,False,True,True,False,True,False,2-circle,-1.000000,362.887803,88.350972,93.028777,6.971223,11.649028,41.995096,-67.775918,7.260915,2,3,1,0.0000,0.0000,0.0000,0.5000,"Pursue",-0.845274
672,A0100,adaptive_eagle_v9,DBFM,1522.834158,13.829556,160.394587,173.341919,-8.583936,9292.219575,215.128444,11341.058093,-61.441186,-9908.012496,748.565247,13.894990,False,False,True,True,False,True,False,2-circle,-1.000000,354.229212,88.350972,93.028777,6.971223,11.649028,40.831775,-72.297697,7.332126,1,4,1,0.0000,0.0000,0.0000,0.5000,"LeadPursuit",0.732673
672,B0100,L7_rush_level_max,DBFM,1522.834158,13.829556,160.394587,173.341919,-8.583936,9292.219575,215.128444,11341.058093,-61.441186,-9908.012496,748.565247,13.894990,False,False,True,True,False,True,False,2-circle,-1.000000,354.229212,88.350972,93.028777,6.971223,11.649028,40.831775,-72.297697,7.332126,2,3,0,0.0000,0.0000,0.0000,0.5000,"Pursue",-0.874364
673,A0100,adaptive_eagle_v9,DBFM,1260.596476,15.109341,158.061293,172.455195,-7.724280,9289.129657,214.705638,11329.922659,-55.677168,-9961.594982,739.490855,17.596757,False,False,True,True,False,True,False,2-circle,-1.000000,341.467059,88.350972,93.028777,6.971223,11.649028,41.619890,-75.826751,7.068923,1,4,2,0.0000,0.0000,0.0000,0.5000,"LeadPursuit",-0.604792
673,B0100,L7_rush_level_max,DBFM,1260.596476,15.109341,158.061293,172.455195,-7.724280,9289.129657,214.705638,11329.922659,-55.677168,-9961.594982,739.490855,17.596757,False,False,True,True,False,True,False,2-circle,-1.000000,341.467059,88.350972,93.028777,6.971223,11.649028,41.619890,-75.826751,7.068923,2,3,0,0.0000,0.0000,0.0000,0.5000,"Pursue",0.003335
674,A0100,adaptive_eagle_v9,DBFM,997.839900,17.365056,155.240152,172.159800,-6.975384,9286.048072,214.316425,11319.448779,-52.369402,-10030.887416,726.636987,22.109599,False,False,True,True,False,True,False,2-circle,-1.000000,326.811189,88.350972,93.028777,6.971223,11.649028,44.819852,-78.614840,6.480509,2,4,2,0.0000,0.0000,0.0000,0.5000,"LeadPursuit",-1.475228
674,B0100,L7_rush_level_max,DBFM,997.839900,17.365056,155.240152,172.159800,-6.975384,9286.048072,214.316425,11319.448779,-52.369402,-10030.887416,726.636987,22.109599,False,False,True,True,False,True,False,2-circle,-1.000000,326.811189,88.350972,93.028777,6.971223,11.649028,44.819852,-78.614840,6.480509,2,3,0,0.0000,0.0000,0.0000,0.5000,"Pursue",0.893750
675,A0100,adaptive_eagle_v9,DBFM,734.730740,21.646947,149.969892,171.587337,-6.747971,9282.786676,213.953723,11309.310685,-50.690466,-10176.873831,699.369197,27.957633,False,False,True,False,False,True,False,2-circle,-1.000000,311.864445,88.350972,93.028777,6.971223,11.649028,51.658471,-80.936529,5.573081,2,3,2,0.0000,0.0000,0.0000,0.5000,"LeadPursuit",-0.822559
675,B0100,L7_rush_level_max,DBFM,734.730740,21.646947,149.969892,171.587337,-6.747971,9282.786676,213.953723,11309.310685,-50.690466,-10176.873831,699.369197,27.957633,False,False,True,False,False,True,False,2-circle,-1.000000,311.864445,88.350972,93.028777,6.971223,11.649028,51.658471,-80.936529,5.573081,3,2,0,0.0000,0.0000,0.0000,0.5000,"GunAttack",1.581607
676,A0100,adaptive_eagle_v9,DBFM,472.617102,30.479137,140.134617,170.547441,-8.654359,9279.142438,213.790305,11302.571909,-33.693882,-10242.702324,629.843531,25.080503,False,False,True,False,False,True,False,2-circle,-1.000000,296.178574,88.350972,93.028777,6.971223,11.649028,67.833072,-79.909062,4.577620,2,2,2,0.0000,0.0000,0.0000,0.5000,"LeadPursuit",1.412073
676,B0100,L7_rush_level_max,DBFM,472.617102,30.479137,140.134617,170.547441,-8.654359,9279.142438,213.790305,11302.571909,-33.693882,-10242.702324,629.843531,25.080503,False,False,True,False,False,True,False,2-circle,-1.000000,296.178574,88.350972,93.028777,6.971223,11.649028,67.833072,-79.909062,4.577620,2,3,1,0.0000,0.0000,0.0000,0.5000,"Pursue",3.911574
677,A0100,adaptive_eagle_v9,DBFM,216.370629,52.142643,119.849019,171.860753,-19.373937,9275.011755,213.925968,11301.010028,-7.809406,-10212.719928,421.517170,15.030104,False,False,True,False,False,True,False,2-circle,-1.000000,283.268282,88.350972,93.028777,6.971223,11.649028,98.492991,-73.469240,3.930309,2,1,2,0.0000,0.0000,0.0000,0.5000,"LeadPursuit",3.826723
677,B0100,L7_rush_level_max,DBFM,216.370629,52.142643,119.849019,171.860753,-19.373937,9275.011755,213.925968,11301.010028,-7.809406,-10212.719928,421.517170,15.030104,False,False,True,False,False,True,False,2-circle,-1.000000,283.268282,88.350972,93.028777,6.971223,11.649028,98.492991,-73.469240,3.930309,2,2,1,0.0000,0.0000,0.0000,0.5000,"Pursue",5.876788
678,A0100,adaptive_eagle_v9,HABFM,98.328961,98.534368,75.434256,173.926972,-126.772854,9270.543009,213.943495,11296.873280,-20.683740,-10111.306668,-172.839662,10.929085,False,False,False,False,False,True,False,2-circle,-1.000000,277.304884,88.350972,93.028777,6.971223,11.649028,131.518112,-67.796598,3.789448,2,0,2,0.0000,0.0000,0.0000,0.5000,"LeadPursuit",-1.029341
678,B0100,L7_rush_level_max,HABFM,98.328961,98.534368,75.434256,173.926972,-126.772854,9270.543009,213.943495,11296.873280,-20.683740,-10111.306668,-172.839662,10.929085,False,False,False,False,False,True,False,2-circle,-1.000000,277.304884,88.350972,93.028777,6.971223,11.649028,131.518112,-67.796598,3.789448,2,0,0,0.0000,0.0000,0.0000,0.5000,"Pursue",-0.943678
679,A0100,adaptive_eagle_v9,HABFM,333.640163,135.043060,39.812034,174.850884,-163.867798,9266.144202,213.532588,11284.698273,-60.875035,-10052.225757,-588.705519,10.569949,False,False,False,False,False,True,False,2-circle,-1.000000,274.946437,88.350972,93.028777,6.971223,11.649028,151.885048,-67.078360,3.964968,2,0,2,0.0000,0.0000,0.0000,0.5000,"LeadPursuit",-0.278646
679,B0100,L7_rush_level_max,HABFM,333.640163,135.043060,39.812034,174.850884,-163.867798,9266.144202,213.532588,11284.698273,-60.875035,-10052.225757,-588.705519,10.569949,False,False,False,False,False,True,False,2-circle,-1.000000,274.946437,88.350972,93.028777,6.971223,11.649028,151.885048,-67.078360,3.964968,2,0,0,0.0000,0.0000,0.0000,0.5000,"Pursue",-0.266844
680,A0100,adaptive_eagle_v9,HABFM,592.146654,150.476523,24.301172,174.657059,-168.666805,9262.080355,212.962787,11269.875968,-74.111526,-10055.454999,-705.113366,12.131219,False,False,False,False,False,True,False,2-circle,-1.000000,271.971781,88.350972,93.028777,6.971223,11.649028,161.195342,-69.723829,4.164560,2,0,2,0.0000,0.0000,0.0000,0.5000,"LeadPursuit",-0.108953
680,B0100,L7_rush_level_max,HABFM,592.146654,150.476523,24.301172,174.657059,-168.666805,9262.080355,212.962787,11269.875968,-74.111526,-10055.454999,-705.113366,12.131219,False,False,False,False,False,True,False,2-circle,-1.000000,271.971781,88.350972,93.028777,6.971223,11.649028,161.195342,-69.723829,4.164560,2,0,0,0.0000,0.0000,0.0000,0.5000,"Pursue",-0.105210
681,A0100,adaptive_eagle_v9,HABFM,852.725709,157.589759,16.941894,174.176832,-169.811742,9258.246997,212.457930,11256.534402,-66.707830,-10107.475468,-742.951082,15.756098,False,False,False,False,False,True,False,2-circle,-1.000000,266.885230,88.350972,93.028777,6.971223,11.649028,164.446150,-74.085540,4.211886,2,0,2,0.0000,0.0000,0.0000,0.5000,"LeadPursuit",-0.051190
681,B0100,L7_rush_level_max,HABFM,852.725709,157.589759,16.941894,174.176832,-169.811742,9258.246997,212.457930,11256.534402,-66.707830,-10107.475468,-742.951082,15.756098,False,False,False,False,False,True,False,2-circle,-1.000000,266.885230,88.350972,93.028777,6.971223,11.649028,164.446150,-74.085540,4.211886,2,0,0,0.0000,0.0000,0.0000,0.5000,"Pursue",-0.049587
682,A0100,adaptive_eagle_v9,HABFM,1113.525897,161.159199,13.543446,173.732104,-169.852957,9254.395815,212.029089,11244.624378,-59.550119,-10132.928723,-756.422495,23.017872,False,False,False,False,False,True,False,2-circle,-1.000000,260.272608,88.350972,93.028777,6.971223,11.649028,164.730206,-78.933868,4.001532,2,0,2,0.0000,0.0000,0.0000,0.5000,"LeadPursuit",-0.025888
682,B0100,L7_rush_level_max,HABFM,1113.525897,161.159199,13.543446,173.732104,-169.852957,9254.395815,212.029089,11244.624378,-59.550119,-10132.928723,-756.422495,23.017872,False,False,False,False,False,True,False,2-circle,-1.000000,260.272608,88.350972,93.028777,6.971223,11.649028,164.730206,-78.933868,4.001532,2,0,0,0.0000,0.0000,0.0000,0.5000,"Pursue",-0.023683
683,A0100,adaptive_eagle_v9,HABFM,1373.691512,162.877860,12.500549,173.386609,-169.458332,9250.243483,211.682400,11233.968915,-53.277317,-10135.921205,-760.241513,39.991613,False,False,False,False,False,True,False,2-circle,-1.000000,253.253421,88.350972,93.028777,6.971223,11.649028,163.652115,-83.566609,3.492680,2,0,2,0.0000,0.0000,0.0000,0.5000,"LeadPursuit",-0.013337
683,B0100,L7_rush_level_max,HABFM,1373.691512,162.877860,12.500549,173.386609,-169.458332,9250.243483,211.682400,11233.968915,-53.277317,-10135.921205,-760.241513,39.991613,False,False,False,False,False,True,False,2-circle,-1.000000,253.253421,88.350972,93.028777,6.971223,11.649028,163.652115,-83.566609,3.492680,2,0,0,0.0000,0.0000,0.0000,0.5000,"Pursue",-0.008862
684,A0100,adaptive_eagle_v9,HABFM,1632.861401,163.500391,12.782556,173.202541,-168.854006,9245.513749,211.418355,11224.293403,-48.377558,-10126.918083,-759.672756,113.550732,False,False,False,False,False,True,False,2-circle,-1.000000,247.251581,88.350972,93.028777,6.971223,11.649028,161.945970,-87.722868,2.680494,2,0,2,0.0000,0.0000,0.0000,0.5000,"LeadPursuit",-0.001419
684,B0100,L7_rush_level_max,HABFM,1632.861401,163.500391,12.782556,173.202541,-168.854006,9245.513749,211.418355,11224.293403,-48.377558,-10126.918083,-759.672756,113.550732,False,False,False,False,False,True,False,2-circle,-1.000000,247.251581,88.350972,93.028777,6.971223,11.649028,161.945970,-87.722868,2.680494,2,0,0,0.0000,0.0000,0.0000,0.5000,"Pursue",-0.002286
685,A0100,adaptive_eagle_v9,HABFM,1890.732515,163.575903,14.058325,173.096546,-168.343319,9239.943555,211.403531,11218.445722,-29.238407,-10064.516710,-755.581248,138.464561,False,False,False,False,False,True,False,2-circle,-1.000000,243.856330,88.350972,93.028777,6.971223,11.649028,163.116291,-88.131983,1.711745,2,0,2,0.0000,0.0000,0.0000,0.5000,"LeadPursuit",0.020185
685,B0100,L7_rush_level_max,HABFM,1890.732515,163.575903,14.058325,173.096546,-168.343319,9239.943555,211.403531,11218.445722,-29.238407,-10064.516710,-755.581248,138.464561,False,False,False,False,False,True,False,2-circle,-1.000000,243.856330,88.350972,93.028777,6.971223,11.649028,163.116291,-88.131983,1.711745,2,0,0,0.0000,0.0000,0.0000,0.5000,"Pursue",-0.001471
686,A0100,adaptive_eagle_v9,HABFM,2146.371715,163.637046,16.106962,172.019079,-168.154200,9233.458492,211.716060,11217.814833,-3.154445,-9926.676028,-748.303053,32.479901,False,False,False,False,False,True,False,2-circle,-1.000000,243.298988,88.350972,93.028777,6.971223,11.649028,170.030474,-82.095081,0.868049,1,3,4,0.0000,0.0000,0.0000,0.5000,"HeadOnBreak",0.023396
686,B0100,L7_rush_level_max,HABFM,2146.371715,163.637046,16.106962,172.019079,-168.154200,9233.458492,211.716060,11217.814833,-3.154445,-9926.676028,-748.303053,32.479901,False,False,False,False,False,True,False,2-circle,-1.000000,243.298988,88.350972,93.028777,6.971223,11.649028,170.030474,-82.095081,0.868049,2,0,0,0.0000,0.0000,0.0000,0.5000,"Pursue",0.003006
687,A0100,adaptive_eagle_v9,HABFM,2399.459663,163.608292,17.494525,170.346588,-167.842685,9226.239003,211.922105,11214.459629,-16.776016,-9865.246927,-743.549891,17.888441,False,False,False,False,False,True,False,2-circle,-1.000000,242.578334,88.350972,93.028777,6.971223,11.649028,176.769590,-75.861805,0.292280,1,3,4,0.0000,0.0000,0.0000,0.5000,"HeadOnBreak",0.016388
687,B0100,L7_rush_level_max,HABFM,2399.459663,163.608292,17.494525,170.346588,-167.842685,9226.239003,211.922105,11214.459629,-16.776016,-9865.246927,-743.549891,17.888441,False,False,False,False,False,True,False,2-circle,-1.000000,242.578334,88.350972,93.028777,6.971223,11.649028,176.769590,-75.861805,0.292280,2,0,0,0.0000,0.0000,0.0000,0.5000,"Pursue",0.011468
688,A0100,adaptive_eagle_v9,HABFM,2650.824400,163.257587,18.480370,169.456035,-167.024241,9218.612002,211.718873,11203.021078,-57.192758,-9889.147777,-740.348237,15.937142,False,False,False,False,False,True,False,2-circle,-1.000000,239.974776,88.350972,93.028777,6.971223,11.649028,178.780209,-74.196718,-0.009128,1,3,4,0.0000,0.0000,0.0000,0.5000,"HeadOnBreak",0.018292
688,B0100,L7_rush_level_max,HABFM,2650.824400,163.257587,18.480370,169.456035,-167.024241,9218.612002,211.718873,11203.021078,-57.192758,-9889.147777,-740.348237,15.937142,False,False,False,False,False,True,False,2-circle,-1.000000,239.974776,88.350972,93.028777,6.971223,11.649028,178.780209,-74.196718,-0.009128,2,0,0,0.0000,0.0000,0.0000,0.5000,"Pursue",0.015279
689,A0100,adaptive_eagle_v9,HABFM,2900.540569,162.668648,19.765583,168.844115,-165.984036,9210.793234,211.377231,11188.803153,-71.089623,-9907.995906,-735.399456,18.298454,False,False,False,False,False,True,False,2-circle,-1.000000,235.889810,88.350972,93.028777,6.971223,11.649028,177.031756,-76.129269,-0.164879,1,3,4,0.0000,0.0000,0.0000,0.5000,"HeadOnBreak",0.026391
689,B0100,L7_rush_level_max,HABFM,2900.540569,162.668648,19.765583,168.844115,-165.984036,9210.793234,211.377231,11188.803153,-71.089623,-9907.995906,-735.399456,18.298454,False,False,False,False,False,True,False,2-circle,-1.000000,235.889810,88.350972,93.028777,6.971223,11.649028,177.031756,-76.129269,-0.164879,2,0,0,0.0000,0.0000,0.0000,0.5000,"Pursue",0.015659
690,A0100,adaptive_eagle_v9,HABFM,3147.905908,161.937761,21.643906,167.987449,-164.958853,9202.712049,211.116654,11175.848174,-64.774893,-9871.376000,-726.994648,25.927268,False,False,False,False,False,True,False,2-circle,-1.000000,231.264299,88.350972,93.028777,6.971223,11.649028,173.001522,-80.101013,-0.379704,1,3,4,0.0000,0.0000,0.0000,0.5000,"HeadOnBreak",0.038979
690,B0100,L7_rush_level_max,HABFM,3147.905908,161.937761,21.643906,167.987449,-164.958853,9202.712049,211.116654,11175.848174,-64.774893,-9871.376000,-726.994648,25.927268,False,False,False,False,False,True,False,2-circle,-1.000000,231.264299,88.350972,93.028777,6.971223,11.649028,173.001522,-80.101013,-0.379704,2,0,0,0.0000,0.0000,0.0000,0.5000,"Pursue",0.012890
691,A0100,adaptive_eagle_v9,HABFM,3391.579591,161.263075,24.016668,165.952859,-164.178121,9194.137309,211.119888,11167.333881,-42.571468,-9775.512462,-715.500270,30.274608,False,False,False,False,False,True,False,2-circle,-1.000000,225.620899,88.350972,93.028777,6.971223,11.649028,171.279237,-81.499072,-0.678216,1,3,4,0.0000,0.0000,0.0000,0.5000,"HeadOnBreak",0.029283
691,B0100,L7_rush_level_max,HABFM,3391.579591,161.263075,24.016668,165.952859,-164.178121,9194.137309,211.119888,11167.333881,-42.571468,-9775.512462,-715.500270,30.274608,False,False,False,False,False,True,False,2-circle,-1.000000,225.620899,88.350972,93.028777,6.971223,11.649028,171.279237,-81.499072,-0.678216,2,0,0,0.0000,0.0000,0.0000,0.5000,"Pursue",0.007713
692,A0100,adaptive_eagle_v9,HABFM,3631.748527,160.924142,25.573324,163.640086,-163.794510,9184.921153,211.487618,11164.997566,-11.681573,-9756.464452,-708.938849,18.882163,False,False,False,False,False,True,False,2-circle,-1.000000,216.222191,88.350972,93.028777,6.971223,11.649028,175.834470,-76.543917,-0.907671,1,2,4,0.0000,0.0000,0.0000,0.5000,"HeadOnBreak",0.020904
692,B0100,L7_rush_level_max,HABFM,3631.748527,160.924142,25.573324,163.640086,-163.794510,9184.921153,211.487618,11164.997566,-11.681573,-9756.464452,-708.938849,18.882163,False,False,False,False,False,True,False,2-circle,-1.000000,216.222191,88.350972,93.028777,6.971223,11.649028,175.834470,-76.543917,-0.907671,2,0,0,0.0000,0.0000,0.0000,0.5000,"Pursue",0.009148
693,A0100,adaptive_eagle_v9,HABFM,3870.024348,160.602264,26.745375,161.943634,-163.309549,9175.187417,211.776228,11160.671809,-21.628785,-9813.251286,-704.891046,13.351238,False,False,False,False,False,True,False,2-circle,-1.000000,202.261120,88.350972,93.028777,6.971223,11.649028,-179.311676,-71.325742,-1.006655,1,2,4,0.0000,0.0000,0.0000,0.5000,"HeadOnBreak",0.025847
693,B0100,L7_rush_level_max,HABFM,3870.024348,160.602264,26.745375,161.943634,-163.309549,9175.187417,211.776228,11160.671809,-21.628785,-9813.251286,-704.891046,13.351238,False,False,False,False,False,True,False,2-circle,-1.000000,202.261120,88.350972,93.028777,6.971223,11.649028,-179.311676,-71.325742,-1.006655,2,0,0,0.0000,0.0000,0.0000,0.5000,"Pursue",0.015520
694,A0100,adaptive_eagle_v9,HABFM,4106.272794,159.975925,28.321794,160.568849,-162.356811,9165.273694,211.658683,11148.554628,-60.585906,-9867.682255,-697.655945,12.827025,False,False,False,False,False,True,False,2-circle,-1.000000,183.865916,88.350972,93.028777,6.971223,11.649028,-178.944382,-70.605952,-0.984017,1,3,4,0.0000,0.0000,0.0000,0.5000,"HeadOnBreak",0.029570
694,B0100,L7_rush_level_max,HABFM,4106.272794,159.975925,28.321794,160.568849,-162.356811,9165.273694,211.658683,11148.554628,-60.585906,-9867.682255,-697.655945,12.827025,False,False,False,False,False,True,False,2-circle,-1.000000,183.865916,88.350972,93.028777,6.971223,11.649028,-178.944382,-70.605952,-0.984017,2,0,0,0.0000,0.0000,0.0000,0.5000,"Pursue",0.018495
695,A0100,adaptive_eagle_v9,HABFM,4339.480083,159.161969,30.202059,159.348238,-161.212721,9155.391722,211.396363,11133.759738,-73.974448,-9913.833484,-687.874623,14.987687,False,False,False,False,False,True,False,2-circle,-1.000000,161.280846,88.350972,93.028777,6.971223,11.649028,178.019847,-73.211288,-0.932192,1,3,4,0.0000,0.0000,0.0000,0.5000,"HeadOnBreak",0.030672
695,B0100,L7_rush_level_max,HABFM,4339.480083,159.161969,30.202059,159.348238,-161.212721,9155.391722,211.396363,11133.759738,-73.974448,-9913.833484,-687.874623,14.987687,False,False,False,False,False,True,False,2-circle,-1.000000,161.280846,88.350972,93.028777,6.971223,11.649028,178.019847,-73.211288,-0.932192,2,0,0,0.0000,0.0000,0.0000,0.5000,"Pursue",0.018955
696,A0100,adaptive_eagle_v9,HABFM,4569.149835,158.273072,32.189546,158.225852,-160.090076,9145.440787,211.209265,11120.308409,-67.256649,-9954.325801,-676.847593,20.472228,False,False,False,False,False,True,False,2-circle,-1.000000,135.596344,88.350972,93.028777,6.971223,11.649028,172.935120,-77.532323,-1.010644,1,3,4,0.0000,0.0000,0.0000,0.5000,"HeadOnBreak",0.029653
696,B0100,L7_rush_level_max,HABFM,4569.149835,158.273072,32.189546,158.225852,-160.090076,9145.440787,211.209265,11120.308409,-67.256649,-9954.325801,-676.847593,20.472228,False,False,False,False,False,True,False,2-circle,-1.000000,135.596344,88.350972,93.028777,6.971223,11.649028,172.935120,-77.532323,-1.010644,2,0,0,0.0000,0.0000,0.0000,0.5000,"Pursue",0.016585
697,A0100,adaptive_eagle_v9,HABFM,4795.167327,157.487077,34.114841,157.169522,-159.193535,9135.163357,211.280817,11111.369266,-44.695712,-9988.570878,-665.951328,23.308719,False,False,False,False,False,True,False,2-circle,-1.000000,108.358803,88.350972,93.028777,6.971223,11.649028,169.662710,-79.012107,-1.208873,1,4,4,0.0000,0.0000,0.0000,0.5000,"HeadOnBreak",0.020561
697,B0100,L7_rush_level_max,HABFM,4795.167327,157.487077,34.114841,157.169522,-159.193535,9135.163357,211.280817,11111.369266,-44.695712,-9988.570878,-665.951328,23.308719,False,False,False,False,False,True,False,2-circle,-1.000000,108.358803,88.350972,93.028777,6.971223,11.649028,169.662710,-79.012107,-1.208873,2,0,0,0.0000,0.0000,0.0000,0.5000,"Pursue",0.010705
698,A0100,adaptive_eagle_v9,HABFM,5018.193109,157.049853,35.509143,156.525517,-158.700448,9124.381501,211.709992,11108.624109,-13.725788,-10050.242871,-658.973470,15.723807,False,False,False,False,False,True,False,2-circle,-1.000000,81.178103,88.350972,93.028777,6.971223,11.649028,169.349907,-73.971193,-1.349787,1,4,4,0.0000,0.0000,0.0000,0.5000,"HeadOnBreak",0.008182
698,B0100,L7_rush_level_max,HABFM,5018.193109,157.049853,35.509143,156.525517,-158.700448,9124.381501,211.709992,11108.624109,-13.725788,-10050.242871,-658.973470,15.723807,False,False,False,False,False,True,False,2-circle,-1.000000,81.178103,88.350972,93.028777,6.971223,11.649028,169.349907,-73.971193,-1.349787,2,0,0,0.0000,0.0000,0.0000,0.5000,"Pursue",0.010728
699,A0100,adaptive_eagle_v9,HABFM,5239.678352,156.602217,36.196448,156.853275,-158.144112,9113.205458,212.051542,11103.855556,-23.842761,-10138.920203,-655.980957,11.523815,False,False,False,False,False,True,False,2-circle,-1.000000,55.723566,88.350972,93.028777,6.971223,11.649028,144.043164,-68.622854,-1.360821,1,4,4,0.0000,0.0000,0.0000,0.5000,"HeadOnBreak",-0.010960
699,B0100,L7_rush_level_max,HABFM,5239.678352,156.602217,36.196448,156.853275,-158.144112,9113.205458,212.051542,11103.855556,-23.842761,-10138.920203,-655.980957,11.523815,False,False,False,False,False,True,False,2-circle,-1.000000,55.723566,88.350972,93.028777,6.971223,11.649028,144.043164,-68.622854,-1.360821,2,0,0,0.0000,0.0000,0.0000,0.5000,"Pursue",0.016369
700,A0100,adaptive_eagle_v9,HABFM,5461.342945,155.786467,35.806392,158.169318,-157.132757,9101.999896,211.977707,11091.263967,-62.957949,-10295.353279,-658.844178,11.056800,False,False,False,False,False,True,False,2-circle,-1.000000,32.369490,88.350972,93.028777,6.971223,11.649028,40.493618,-67.795793,-1.248248,1,1,4,0.0000,0.0000,0.0000,0.5000,"HeadOnBreak",-0.018176
700,B0100,L7_rush_level_max,HABFM,5461.342945,155.786467,35.806392,158.169318,-157.132757,9101.999896,211.977707,11091.263967,-62.957949,-10295.353279,-658.844178,11.056800,False,False,False,False,False,True,False,2-circle,-1.000000,32.369490,88.350972,93.028777,6.971223,11.649028,40.493618,-67.795793,-1.248248,2,0,0,0.0000,0.0000,0.0000,0.5000,"Pursue",0.019738
701,A0100,adaptive_eagle_v9,HABFM,5684.400394,154.739824,34.990264,159.787235,-155.896405,9091.005338,211.750058,11075.999045,-76.324609,-10415.805922,-662.755432,12.653163,False,False,False,False,False,True,False,2-circle,-1.000000,10.246879,88.350972,93.028777,6.971223,11.649028,22.123864,-70.347362,-1.100512,1,0,4,0.0000,0.0000,0.0000,0.5000,"HeadOnBreak",-0.017301
701,B0100,L7_rush_level_max,HABFM,5684.400394,154.739824,34.990264,159.787235,-155.896405,9091.005338,211.750058,11075.999045,-76.324609,-10415.805922,-662.755432,12.653163,False,False,False,False,False,True,False,2-circle,-1.000000,10.246879,88.350972,93.028777,6.971223,11.649028,22.123864,-70.347362,-1.100512,2,0,0,0.0000,0.0000,0.0000,0.5000,"Pursue",0.020981
702,A0100,adaptive_eagle_v9,HABFM,5908.597535,153.592775,34.167932,161.936420,-154.629331,9080.127160,211.588940,11062.101295,-69.488748,-10427.067786,-664.643792,16.488680,False,False,False,False,False,False,False,2-circle,-1.000000,-9.091534,88.350972,93.028777,6.971223,11.649028,13.976442,-74.661077,-1.072009,1,0,4,0.0000,0.0000,0.0000,0.5000,"HeadOnBreak",-0.002717
702,B0100,L7_rush_level_max,HABFM,5908.597535,153.592775,34.167932,161.936420,-154.629331,9080.127160,211.588940,11062.101295,-69.488748,-10427.067786,-664.643792,16.488680,False,False,False,False,False,False,False,2-circle,-1.000000,-9.091534,88.350972,93.028777,6.971223,11.649028,13.976442,-74.661077,-1.072009,2,0,0,0.0000,0.0000,0.0000,0.5000,"Pursue",0.022167
703,A0100,adaptive_eagle_v9,HABFM,6132.696057,152.342363,34.047368,164.573061,-153.337160,9069.132175,211.504927,11049.532713,-62.842909,-10371.370970,-661.543372,24.262720,False,False,False,False,False,False,False,2-circle,-1.000000,-21.376947,88.350972,93.028777,6.971223,11.649028,8.270835,-79.434885,-1.293201,1,0,4,0.0000,0.0000,0.0000,0.5000,"HeadOnBreak",0.019917
703,B0100,L7_rush_level_max,HABFM,6132.696057,152.342363,34.047368,164.573061,-153.337160,9069.132175,211.504927,11049.532713,-62.842909,-10371.370970,-661.543372,24.262720,False,False,False,False,False,False,False,2-circle,-1.000000,-21.376947,88.350972,93.028777,6.971223,11.649028,8.270835,-79.434885,-1.293201,2,0,0,0.0000,0.0000,0.0000,0.5000,"Pursue",0.019571
704,A0100,adaptive_eagle_v9,HABFM,6354.604873,151.215211,35.097663,166.137146,-152.255126,9057.727916,211.675611,11041.326095,-41.033090,-10277.353748,-652.194589,27.483344,False,False,False,False,False,False,False,2-circle,-1.000000,-24.903212,88.350972,93.028777,6.971223,11.649028,7.287676,-80.655456,-1.670933,1,0,4,0.0000,0.0000,0.0000,0.5000,"HeadOnBreak",0.035492
704,B0100,L7_rush_level_max,HABFM,6354.604873,151.215211,35.097663,166.137146,-152.255126,9057.727916,211.675611,11041.326095,-41.033090,-10277.353748,-652.194589,27.483344,False,False,False,False,False,False,False,2-circle,-1.000000,-24.903212,88.350972,93.028777,6.971223,11.649028,7.287676,-80.655456,-1.670933,2,0,0,0.0000,0.0000,0.0000,0.5000,"Pursue",0.012864
705,A0100,adaptive_eagle_v9,HABFM,6572.708892,150.456587,36.953924,166.103934,-151.572301,9045.750830,212.187721,11038.958519,-11.837880,-10182.739061,-639.492541,16.997503,False,False,False,False,False,False,False,2-circle,-1.000000,-22.181690,88.350972,93.028777,6.971223,11.649028,13.395045,-75.132045,-1.961040,1,0,4,0.0000,0.0000,0.0000,0.5000,"HeadOnBreak",0.033591
705,B0100,L7_rush_level_max,HABFM,6572.708892,150.456587,36.953924,166.103934,-151.572301,9045.750830,212.187721,11038.958519,-11.837880,-10182.739061,-639.492541,16.997503,False,False,False,False,False,False,False,2-circle,-1.000000,-22.181690,88.350972,93.028777,6.971223,11.649028,13.395045,-75.132045,-1.961040,2,0,0,0.0000,0.0000,0.0000,0.5000,"Pursue",0.012775
706,A0100,adaptive_eagle_v9,HABFM,6786.569679,149.696198,38.680962,165.436319,-150.836464,9033.337314,212.594389,11034.192490,-23.830148,-10146.531266,-627.962500,11.869051,False,False,False,False,False,False,False,2-circle,-1.000000,-17.133394,88.350972,93.028777,6.971223,11.649028,19.841127,-69.216189,-2.086157,1,0,4,0.0000,0.0000,0.0000,0.5000,"HeadOnBreak",0.026129
706,B0100,L7_rush_level_max,HABFM,6786.569679,149.696198,38.680962,165.436319,-150.836464,9033.337314,212.594389,11034.192490,-23.830148,-10146.531266,-627.962500,11.869051,False,False,False,False,False,False,False,2-circle,-1.000000,-17.133394,88.350972,93.028777,6.971223,11.649028,19.841127,-69.216189,-2.086157,2,0,0,0.0000,0.0000,0.0000,0.5000,"Pursue",0.018930
707,A0100,adaptive_eagle_v9,HABFM,6996.952504,148.595679,39.997196,165.400629,-149.676548,9020.869246,212.575677,11021.372211,-64.101394,-10170.656755,-618.156885,11.040019,False,False,False,False,False,False,False,2-circle,-1.000000,-12.017522,88.350972,93.028777,6.971223,11.649028,21.642467,-67.796996,-2.051655,1,0,4,0.0000,0.0000,0.0000,0.5000,"HeadOnBreak",0.038827
707,B0100,L7_rush_level_max,HABFM,6996.952504,148.595679,39.997196,165.400629,-149.676548,9020.869246,212.575677,11021.372211,-64.101394,-10170.656755,-618.156885,11.040019,False,False,False,False,False,False,False,2-circle,-1.000000,-12.017522,88.350972,93.028777,6.971223,11.649028,21.642467,-67.796996,-2.051655,2,0,0,0.0000,0.0000,0.0000,0.5000,"Pursue",0.021931
708,A0100,adaptive_eagle_v9,HABFM,7203.309875,147.346777,41.913398,165.199384,-148.351723,9008.610111,212.398959,11005.788347,-77.919319,-10135.955024,-602.837355,12.326571,False,False,False,False,False,False,False,2-circle,-1.000000,-6.803563,88.350972,93.028777,6.971223,11.649028,19.824915,-69.901321,-1.935605,2,6,4,0.0000,0.0000,0.0000,0.5000,"ExtensionBreak",0.031503
708,B0100,L7_rush_level_max,HABFM,7203.309875,147.346777,41.913398,165.199384,-148.351723,9008.610111,212.398959,11005.788347,-77.919319,-10135.955024,-602.837355,12.326571,False,False,False,False,False,False,False,2-circle,-1.000000,-6.803563,88.350972,93.028777,6.971223,11.649028,19.824915,-69.901321,-1.935605,2,0,0,0.0000,0.0000,0.0000,0.5000,"Pursue",0.022380
709,A0100,adaptive_eagle_v9,HABFM,7404.336731,146.098296,43.432477,164.844807,-147.060668,8996.488045,212.285438,10991.531989,-71.281791,-10141.271402,-590.262936,15.701691,False,False,False,False,False,False,False,2-circle,-1.000000,-2.043340,88.350972,93.028777,6.971223,11.649028,15.966455,-73.961635,-1.899914,2,6,4,0.0000,0.0000,0.0000,0.5000,"ExtensionBreak",-0.001975
709,B0100,L7_rush_level_max,HABFM,7404.336731,146.098296,43.432477,164.844807,-147.060668,8996.488045,212.285438,10991.531989,-71.281791,-10141.271402,-590.262936,15.701691,False,False,False,False,False,False,False,2-circle,-1.000000,-2.043340,88.350972,93.028777,6.971223,11.649028,15.966455,-73.961635,-1.899914,2,0,0,0.0000,0.0000,0.0000,0.5000,"Pursue",0.023587
710,A0100,adaptive_eagle_v9,HABFM,7603.384119,144.809815,43.333920,165.513749,-145.767802,8984.284353,212.245283,10978.573627,-64.791811,-10287.725437,-590.006741,22.483007,False,False,False,False,False,True,False,2-circle,-1.000000,1.957524,88.350972,93.028777,6.971223,11.649028,11.417078,-78.643922,-2.088232,2,6,4,0.0000,0.0000,0.0000,0.5000,"ExtensionBreak",-0.012798
710,B0100,L7_rush_level_max,HABFM,7603.384119,144.809815,43.333920,165.513749,-145.767802,8984.284353,212.245283,10978.573627,-64.791811,-10287.725437,-590.006741,22.483007,False,False,False,False,False,True,False,2-circle,-1.000000,1.957524,88.350972,93.028777,6.971223,11.649028,11.417078,-78.643922,-2.088232,2,0,0,0.0000,0.0000,0.0000,0.5000,"Pursue",0.021260
711,A0100,adaptive_eagle_v9,HABFM,7803.060037,143.665553,42.713985,166.146399,-144.669546,8971.711392,212.458335,10970.006415,-42.836061,-10446.363258,-593.880874,25.205559,False,False,False,False,False,True,False,2-circle,-1.000000,5.950415,88.350972,93.028777,6.971223,11.649028,10.314452,-79.851529,-2.419449,2,6,4,0.0000,0.0000,0.0000,0.5000,"ExtensionBreak",-0.029015
711,B0100,L7_rush_level_max,HABFM,7803.060037,143.665553,42.713985,166.146399,-144.669546,8971.711392,212.458335,10970.006415,-42.836061,-10446.363258,-593.880874,25.205559,False,False,False,False,False,True,False,2-circle,-1.000000,5.950415,88.350972,93.028777,6.971223,11.649028,10.314452,-79.851529,-2.419449,2,0,0,0.0000,0.0000,0.0000,0.5000,"Pursue",0.014850
712,A0100,adaptive_eagle_v9,HABFM,8005.209239,142.872461,41.292714,166.438739,-143.932660,8958.600925,213.013687,10967.356409,-13.250026,-10616.830666,-604.257514,16.037086,False,False,False,False,False,True,False,2-circle,-1.000000,9.727778,88.350972,93.028777,6.971223,11.649028,15.922728,-74.322504,-2.658147,2,6,4,0.0000,0.0000,0.0000,0.5000,"ExtensionBreak",-0.034570
712,B0100,L7_rush_level_max,HABFM,8005.209239,142.872461,41.292714,166.438739,-143.932660,8958.600925,213.013687,10967.356409,-13.250026,-10616.830666,-604.257514,16.037086,False,False,False,False,False,True,False,2-circle,-1.000000,9.727778,88.350972,93.028777,6.971223,11.649028,15.922728,-74.322504,-2.658147,2,0,0,0.0000,0.0000,0.0000,0.5000,"Pursue",0.016182
713,A0100,adaptive_eagle_v9,HABFM,8211.338168,142.027836,39.562443,166.016026,-143.090092,8945.084768,213.461501,10962.295054,-25.306777,-10803.584200,-616.289497,11.383917,False,False,False,False,False,True,False,2-circle,-1.000000,11.424809,88.350972,93.028777,6.971223,11.649028,21.798822,-68.463699,-2.717560,1,0,4,0.0000,0.0000,0.0000,0.5000,"HeadOnBreak",-0.028607
713,B0100,L7_rush_level_max,HABFM,8211.338168,142.027836,39.562443,166.016026,-143.090092,8945.084768,213.461501,10962.295054,-25.306777,-10803.584200,-616.289497,11.383917,False,False,False,False,False,True,False,2-circle,-1.000000,11.424809,88.350972,93.028777,6.971223,11.649028,21.798822,-68.463699,-2.717560,2,0,0,0.0000,0.0000,0.0000,0.5000,"Pursue",0.024361
714,A0100,adaptive_eagle_v9,HABFM,8420.914973,140.792575,38.104553,165.146168,-141.777108,8931.555826,213.478424,10949.085974,-66.045402,-10947.897613,-624.060670,10.652491,False,False,False,False,False,True,False,2-circle,-1.000000,9.142386,88.350972,93.028777,6.971223,11.649028,23.062486,-67.130390,-2.620513,1,0,4,0.0000,0.0000,0.0000,0.5000,"HeadOnBreak",-0.021852
714,B0100,L7_rush_level_max,HABFM,8420.914973,140.792575,38.104553,165.146168,-141.777108,8931.555826,213.478424,10949.085974,-66.045402,-10947.897613,-624.060670,10.652491,False,False,False,False,False,True,False,2-circle,-1.000000,9.142386,88.350972,93.028777,6.971223,11.649028,23.062486,-67.130390,-2.620513,2,0,0,0.0000,0.0000,0.0000,0.5000,"Pursue",0.028883
715,A0100,adaptive_eagle_v9,HABFM,8632.285331,139.363212,36.983162,164.384944,-140.252072,8918.286149,213.333765,10933.082957,-80.015085,-10969.707115,-626.799332,11.878373,False,False,False,False,False,True,False,2-circle,-1.000000,3.345360,88.350972,93.028777,6.971223,11.649028,20.801391,-69.263810,-2.468744,1,0,4,0.0000,0.0000,0.0000,0.5000,"HeadOnBreak",0.010719
715,B0100,L7_rush_level_max,HABFM,8632.285331,139.363212,36.983162,164.384944,-140.252072,8918.286149,213.333765,10933.082957,-80.015085,-10969.707115,-626.799332,11.878373,False,False,False,False,False,True,False,2-circle,-1.000000,3.345360,88.350972,93.028777,6.971223,11.649028,20.801391,-69.263810,-2.468744,2,0,0,0.0000,0.0000,0.0000,0.5000,"Pursue",0.030086
716,A0100,adaptive_eagle_v9,HABFM,8842.955268,137.901368,37.554282,164.707582,-138.724939,8905.201772,213.250827,10918.432294,-73.253314,-10942.932904,-618.676149,15.016763,False,False,False,False,False,False,False,2-circle,-1.000000,-2.699804,88.350972,93.028777,6.971223,11.649028,16.631560,-73.319588,-2.407200,1,0,4,0.0000,0.0000,0.0000,0.5000,"HeadOnBreak",0.037136
716,B0100,L7_rush_level_max,HABFM,8842.955268,137.901368,37.554282,164.707582,-138.724939,8905.201772,213.250827,10918.432294,-73.253314,-10942.932904,-618.676149,15.016763,False,False,False,False,False,False,False,2-circle,-1.000000,-2.699804,88.350972,93.028777,6.971223,11.649028,16.631560,-73.319588,-2.407200,2,0,0,0.0000,0.0000,0.0000,0.5000,"Pursue",0.031059
717,A0100,adaptive_eagle_v9,HABFM,9049.092648,136.416842,39.463459,164.747982,-137.212343,8892.079541,213.239818,10905.102206,-66.650439,-10898.424421,-602.084045,21.195272,False,False,False,False,False,False,False,2-circle,-1.000000,-7.326039,88.350972,93.028777,6.971223,11.649028,11.865044,-78.011469,-2.554989,1,8,4,0.0000,0.0000,0.0000,0.5000,"HeadOnBreak",0.023646
717,B0100,L7_rush_level_max,HABFM,9049.092648,136.416842,39.463459,164.747982,-137.212343,8892.079541,213.239818,10905.102206,-66.650439,-10898.424421,-602.084045,21.195272,False,False,False,False,False,False,False,2-circle,-1.000000,-7.326039,88.350972,93.028777,6.971223,11.649028,11.865044,-78.011469,-2.554989,2,0,0,0.0000,0.0000,0.0000,0.5000,"Pursue",0.027719
718,A0100,adaptive_eagle_v9,HABFM,9250.253536,135.122109,40.661251,163.753865,-135.928626,8878.631335,213.482026,10896.229579,-44.363134,-10927.463588,-591.426402,23.532592,False,False,False,False,False,False,False,2-circle,-1.000000,-12.944381,88.350972,93.028777,6.971223,11.649028,10.613767,-79.182332,-2.839027,2,6,4,0.0000,0.0000,0.0000,0.5000,"ExtensionBreak",-0.002155
718,B0100,L7_rush_level_max,HABFM,9250.253536,135.122109,40.661251,163.753865,-135.928626,8878.631335,213.482026,10896.229579,-44.363134,-10927.463588,-591.426402,23.532592,False,False,False,False,False,False,False,2-circle,-1.000000,-12.944381,88.350972,93.028777,6.971223,11.649028,10.613767,-79.182332,-2.839027,2,0,0,0.0000,0.0000,0.0000,0.5000,"Pursue",0.019984
719,A0100,adaptive_eagle_v9,HABFM,9449.777125,134.211653,40.569710,162.823877,-135.036574,8864.686930,214.065919,10893.336886,-14.463464,-11054.500582,-591.742410,15.178635,False,False,False,False,False,False,False,2-circle,-1.000000,-19.847566,88.350972,93.028777,6.971223,11.649028,16.169620,-73.537247,-3.045137,2,6,4,0.0000,0.0000,0.0000,0.5000,"ExtensionBreak",-0.011568
719,B0100,L7_rush_level_max,HABFM,9449.777125,134.211653,40.569710,162.823877,-135.036574,8864.686930,214.065919,10893.336886,-14.463464,-11054.500582,-591.742410,15.178635,False,False,False,False,False,False,False,2-circle,-1.000000,-19.847566,88.350972,93.028777,6.971223,11.649028,16.169620,-73.537247,-3.045137,2,0,0,0.0000,0.0000,0.0000,0.5000,"Pursue",0.021068
720,A0100,adaptive_eagle_v9,HABFM,9650.341448,133.263839,40.008710,162.028862,-134.068507,8850.377883,214.537497,10887.975747,-26.805698,-11239.499045,-595.592030,10.859717,False,False,False,False,False,False,False,2-circle,-1.000000,-27.408169,88.350972,93.028777,6.971223,11.649028,22.021596,-67.597650,-3.071536,2,6,4,0.0000,0.0000,0.0000,0.5000,"ExtensionBreak",-0.010793
720,B0100,L7_rush_level_max,HABFM,9650.341448,133.263839,40.008710,162.028862,-134.068507,8850.377883,214.537497,10887.975747,-26.805698,-11239.499045,-595.592030,10.859717,False,False,False,False,False,False,False,2-circle,-1.000000,-27.408169,88.350972,93.028777,6.971223,11.649028,22.021596,-67.597650,-3.071536,2,0,0,0.0000,0.0000,0.0000,0.5000,"Pursue",0.029904
721,A0100,adaptive_eagle_v9,HABFM,9851.848195,131.930144,39.482466,161.355186,-132.660020,8836.110032,214.571260,10874.349290,-68.132283,-11425.903304,-597.451233,10.177472,False,False,False,False,False,False,False,2-circle,-1.000000,-35.567217,88.350972,93.028777,6.971223,11.649028,23.277457,-66.256451,-2.938823,1,0,4,0.0000,0.0000,0.0000,0.5000,"HeadOnBreak",-0.008916
721,B0100,L7_rush_level_max,HABFM,9851.848195,131.930144,39.482466,161.355186,-132.660020,8836.110032,214.571260,10874.349290,-68.132283,-11425.903304,-597.451233,10.177472,False,False,False,False,False,False,False,2-circle,-1.000000,-35.567217,88.350972,93.028777,6.971223,11.649028,23.277457,-66.256451,-2.938823,2,0,0,0.0000,0.0000,0.0000,0.5000,"Pursue",0.034505
722,A0100,adaptive_eagle_v9,HABFM,10053.658049,130.417722,39.043615,160.785080,-131.065371,8822.165721,214.439493,10857.902393,-82.234485,-11577.773171,-597.368845,11.334220,False,False,False,False,False,False,False,2-circle,-1.000000,-43.839598,88.350972,93.028777,6.971223,11.649028,21.025824,-68.430825,-2.750906,1,0,4,0.0000,0.0000,0.0000,0.5000,"HeadOnBreak",-0.001311
722,B0100,L7_rush_level_max,HABFM,10053.658049,130.417722,39.043615,160.785080,-131.065371,8822.165721,214.439493,10857.902393,-82.234485,-11577.773171,-597.368845,11.334220,False,False,False,False,False,False,False,2-circle,-1.000000,-43.839598,88.350972,93.028777,6.971223,11.649028,21.025824,-68.430825,-2.750906,2,0,0,0.0000,0.0000,0.0000,0.5000,"Pursue",0.035623
723,A0100,adaptive_eagle_v9,HABFM,10255.008722,128.887136,38.976141,160.667947,-129.477888,8808.469700,214.367804,10842.845482,-75.284556,-11637.040353,-593.459268,14.256739,False,False,False,False,False,False,False,2-circle,-1.000000,-50.860059,88.350972,93.028777,6.971223,11.649028,16.857586,-72.544794,-2.654017,1,0,4,0.0000,0.0000,0.0000,0.5000,"HeadOnBreak",0.024257
723,B0100,L7_rush_level_max,HABFM,10255.008722,128.887136,38.976141,160.667947,-129.477888,8808.469700,214.367804,10842.845482,-75.284556,-11637.040353,-593.459268,14.256739,False,False,False,False,False,False,False,2-circle,-1.000000,-50.860059,88.350972,93.028777,6.971223,11.649028,16.857586,-72.544794,-2.654017,2,0,0,0.0000,0.0000,0.0000,0.5000,"Pursue",0.036905
724,A0100,adaptive_eagle_v9,HABFM,10453.387988,127.328919,40.180669,161.510208,-127.893163,8794.793967,214.366568,10829.146280,-68.496010,-11597.363311,-579.958974,19.883599,False,False,False,False,False,False,False,2-circle,-1.000000,-53.799204,88.350972,93.028777,6.971223,11.649028,12.107275,-77.292163,-2.768206,1,0,4,0.0000,0.0000,0.0000,0.5000,"SmartHighYoYo",0.035600
724,B0100,L7_rush_level_max,HABFM,10453.387988,127.328919,40.180669,161.510208,-127.893163,8794.793967,214.366568,10829.146280,-68.496010,-11597.363311,-579.958974,19.883599,False,False,False,False,False,False,False,2-circle,-1.000000,-53.799204,88.350972,93.028777,6.971223,11.649028,12.107275,-77.292163,-2.768206,2,0,0,0.0000,0.0000,0.0000,0.5000,"Pursue",0.032898
725,A0100,adaptive_eagle_v9,HABFM,10646.427928,125.965490,41.932734,161.853730,-126.536681,8780.843832,214.618856,10819.987426,-45.794272,-11542.026605,-563.340513,21.966483,False,False,False,False,False,False,False,2-circle,-1.000000,-53.431988,88.350972,93.028777,6.971223,11.649028,10.958339,-78.473959,-3.019634,1,0,4,0.0000,0.0000,0.0000,0.5000,"SmartHighYoYo",0.029551
725,B0100,L7_rush_level_max,HABFM,10646.427928,125.965490,41.932734,161.853730,-126.536681,8780.843832,214.618856,10819.987426,-45.794272,-11542.026605,-563.340513,21.966483,False,False,False,False,False,False,False,2-circle,-1.000000,-53.431988,88.350972,93.028777,6.971223,11.649028,10.958339,-78.473959,-3.019634,2,0,0,0.0000,0.0000,0.0000,0.5000,"Pursue",0.023599
726,A0100,adaptive_eagle_v9,HABFM,10834.387092,125.004605,43.367518,161.516012,-125.590460,8766.440839,215.213372,10816.897342,-15.450418,-11535.972818,-550.893844,14.419726,False,False,False,False,False,False,False,2-circle,-1.000000,-53.084768,88.350972,93.028777,6.971223,11.649028,16.678811,-72.783401,-3.191924,1,0,4,0.0000,0.0000,0.0000,0.5000,"SmartHighYoYo",0.023227
726,B0100,L7_rush_level_max,HABFM,10834.387092,125.004605,43.367518,161.516012,-125.590460,8766.440839,215.213372,10816.897342,-15.450418,-11535.972818,-550.893844,14.419726,False,False,False,False,False,False,False,2-circle,-1.000000,-53.084768,88.350972,93.028777,6.971223,11.649028,16.678811,-72.783401,-3.191924,2,0,0,0.0000,0.0000,0.0000,0.5000,"Pursue",0.024530
727,A0100,adaptive_eagle_v9,HABFM,11018.883601,124.021447,44.478753,161.076589,-124.592805,8751.715084,215.691546,10811.293380,-28.019812,-11603.425439,-541.201723,10.419356,False,False,False,False,False,False,False,2-circle,-1.000000,-54.283884,88.350972,93.028777,6.971223,11.649028,22.645225,-66.829496,-3.182491,4,0,3,0.0000,0.0000,0.0000,0.5000,"SmartHighYoYo",0.029246
727,B0100,L7_rush_level_max,HABFM,11018.883601,124.021447,44.478753,161.076589,-124.592805,8751.715084,215.691546,10811.293380,-28.019812,-11603.425439,-541.201723,10.419356,False,False,False,False,False,False,False,2-circle,-1.000000,-54.283884,88.350972,93.028777,6.971223,11.649028,22.645225,-66.829496,-3.182491,2,0,0,0.0000,0.0000,0.0000,0.5000,"Pursue",0.034481
728,A0100,adaptive_eagle_v9,HABFM,11199.468100,122.663768,45.851931,160.905270,-123.178897,8737.083002,215.725154,10797.303173,-69.951033,-11654.870818,-527.387404,9.803249,False,False,False,False,False,False,False,2-circle,-1.000000,-57.158405,88.350972,93.028777,6.971223,11.649028,23.932483,-65.538346,-3.014675,1,0,4,0.0000,0.0000,0.0000,0.5000,"SmartHighYoYo",0.033076
728,B0100,L7_rush_level_max,HABFM,11199.468100,122.663768,45.851931,160.905270,-123.178897,8737.083002,215.725154,10797.303173,-69.951033,-11654.870818,-527.387404,9.803249,False,False,False,False,False,False,False,2-circle,-1.000000,-57.158405,88.350972,93.028777,6.971223,11.649028,23.932483,-65.538346,-3.014675,2,0,0,0.0000,0.0000,0.0000,0.5000,"Pursue",0.039353
729,A0100,adaptive_eagle_v9,HABFM,11374.896540,121.149401,47.370090,161.028138,-121.602008,8722.833691,215.589747,10780.468337,-84.174180,-11688.370062,-511.199180,10.932609,False,False,False,False,False,False,False,2-circle,-1.000000,-61.172123,88.350972,93.028777,6.971223,11.649028,21.665752,-67.791543,-2.795172,1,0,4,0.0000,0.0000,0.0000,0.5000,"SmartHighYoYo",0.033149
729,B0100,L7_rush_level_max,HABFM,11374.896540,121.149401,47.370090,161.028138,-121.602008,8722.833691,215.589747,10780.468337,-84.174180,-11688.370062,-511.199180,10.932609,False,False,False,False,False,False,False,2-circle,-1.000000,-61.172123,88.350972,93.028777,6.971223,11.649028,21.665752,-67.791543,-2.795172,2,0,0,0.0000,0.0000,0.0000,0.5000,"Pursue",0.040093
730,A0100,adaptive_eagle_v9,HABFM,11544.811619,119.643920,48.854673,161.310813,-120.051677,8708.887911,215.513566,10765.068646,-76.998459,-11705.747382,-494.766995,13.730154,False,False,False,False,False,False,False,2-circle,-1.000000,-65.246554,88.350972,93.028777,6.971223,11.649028,17.462126,-71.982300,-2.670829,1,0,4,0.0000,0.0000,0.0000,0.5000,"SmartHighYoYo",0.040700
730,B0100,L7_rush_level_max,HABFM,11544.811619,119.643920,48.854673,161.310813,-120.051677,8708.887911,215.513566,10765.068646,-76.998459,-11705.747382,-494.766995,13.730154,False,False,False,False,False,False,False,2-circle,-1.000000,-65.246554,88.350972,93.028777,6.971223,11.649028,17.462126,-71.982300,-2.670829,2,0,0,0.0000,0.0000,0.0000,0.5000,"Pursue",0.041350
731,A0100,adaptive_eagle_v9,HABFM,11708.848234,118.127554,50.628519,161.881110,-118.510152,8695.011059,215.507191,10751.070148,-69.992490,-11673.057187,-475.187973,19.031938,False,False,False,False,False,False,False,2-circle,-1.000000,-67.983102,88.350972,93.028777,6.971223,11.649028,12.652224,-76.791326,-2.761477,1,0,4,0.0000,0.0000,0.0000,0.5000,"SmartHighYoYo",0.055354
731,B0100,L7_rush_level_max,HABFM,11708.848234,118.127554,50.628519,161.881110,-118.510152,8695.011059,215.507191,10751.070148,-69.992490,-11673.057187,-475.187973,19.031938,False,False,False,False,False,False,False,2-circle,-1.000000,-67.983102,88.350972,93.028777,6.971223,11.649028,12.652224,-76.791326,-2.761477,2,0,0,0.0000,0.0000,0.0000,0.5000,"Pursue",0.036594
732,A0100,adaptive_eagle_v9,HABFM,11865.248555,116.816210,52.978220,162.261479,-117.196392,8680.901225,215.755387,10741.698888,-46.856297,-11580.163413,-450.969173,20.968210,False,False,False,False,False,False,False,2-circle,-1.000000,-69.256262,88.350972,93.028777,6.971223,11.649028,11.469549,-77.984691,-2.991390,1,0,4,0.0000,0.0000,0.0000,0.5000,"SmartHighYoYo",0.041157
732,B0100,L7_rush_level_max,HABFM,11865.248555,116.816210,52.978220,162.261479,-117.196392,8680.901225,215.755387,10741.698888,-46.856297,-11580.163413,-450.969173,20.968210,False,False,False,False,False,False,False,2-circle,-1.000000,-69.256262,88.350972,93.028777,6.971223,11.649028,11.469549,-77.984691,-2.991390,2,0,0,0.0000,0.0000,0.0000,0.5000,"Pursue",0.025823
733,A0100,adaptive_eagle_v9,HABFM,12014.486700,115.911046,54.687251,161.717855,-116.294180,8666.373128,216.346817,10738.484431,-16.072287,-11557.589623,-434.015795,13.907441,False,False,False,False,False,False,False,2-circle,-1.000000,-71.818202,88.350972,93.028777,6.971223,11.649028,17.203753,-72.250540,-3.141159,1,0,4,0.0000,0.0000,0.0000,0.5000,"SmartHighYoYo",0.029669
733,B0100,L7_rush_level_max,HABFM,12014.486700,115.911046,54.687251,161.717855,-116.294180,8666.373128,216.346817,10738.484431,-16.072287,-11557.589623,-434.015795,13.907441,False,False,False,False,False,False,False,2-circle,-1.000000,-71.818202,88.350972,93.028777,6.971223,11.649028,17.203753,-72.250540,-3.141159,2,0,0,0.0000,0.0000,0.0000,0.5000,"Pursue",0.027098
734,A0100,adaptive_eagle_v9,HABFM,12159.074182,114.976997,55.898508,161.131437,-115.341777,8651.556392,216.818293,10732.708860,-28.877855,-11616.814905,-421.501337,10.114338,False,False,False,False,False,False,False,2-circle,-1.000000,-76.861982,88.350972,93.028777,6.971223,11.649028,23.151112,-66.284957,-3.106539,1,0,4,0.0000,0.0000,0.0000,0.5000,"SmartHighYoYo",0.035196
734,B0100,L7_rush_level_max,HABFM,12159.074182,114.976997,55.898508,161.131437,-115.341777,8651.556392,216.818293,10732.708860,-28.877855,-11616.814905,-421.501337,10.114338,False,False,False,False,False,False,False,2-circle,-1.000000,-76.861982,88.350972,93.028777,6.971223,11.649028,23.151112,-66.284957,-3.106539,2,0,0,0.0000,0.0000,0.0000,0.5000,"Pursue",0.038936
735,A0100,adaptive_eagle_v9,HABFM,12298.887699,113.656126,57.305240,160.869661,-113.972429,8636.876003,216.839092,10718.427783,-71.405384,-11670.271261,-405.198896,9.548370,False,False,False,False,False,False,False,2-circle,-1.000000,-84.222761,88.350972,93.028777,6.971223,11.649028,24.358751,-65.043777,-2.913180,1,0,4,0.0000,0.0000,0.0000,0.5000,"SmartHighYoYo",0.038974
735,B0100,L7_rush_level_max,HABFM,12298.887699,113.656126,57.305240,160.869661,-113.972429,8636.876003,216.839092,10718.427783,-71.405384,-11670.271261,-405.198896,9.548370,False,False,False,False,False,False,False,2-circle,-1.000000,-84.222761,88.350972,93.028777,6.971223,11.649028,24.358751,-65.043777,-2.913180,2,0,0,0.0000,0.0000,0.0000,0.5000,"Pursue",0.044753
736,A0100,adaptive_eagle_v9,HABFM,12432.770800,112.173256,58.825219,160.910578,-112.436806,8622.625658,216.688160,10701.280689,-85.735471,-11713.887661,-386.784135,10.670963,False,False,False,False,False,False,False,2-circle,-1.000000,-93.352117,88.350972,93.028777,6.971223,11.649028,21.984975,-67.373853,-2.670959,4,0,3,0.0000,0.0000,0.0000,0.5000,"SmartHighYoYo",0.039503
736,B0100,L7_rush_level_max,HABFM,12432.770800,112.173256,58.825219,160.910578,-112.436806,8622.625658,216.688160,10701.280689,-85.735471,-11713.887661,-386.784135,10.670963,False,False,False,False,False,False,False,2-circle,-1.000000,-93.352117,88.350972,93.028777,6.971223,11.649028,21.984975,-67.373853,-2.670959,2,0,0,0.0000,0.0000,0.0000,0.5000,"Pursue",0.045634
737,A0100,adaptive_eagle_v9,HABFM,12560.410532,110.700672,60.324693,161.161990,-110.923671,8608.721562,216.596344,10685.615421,-78.326339,-11749.513155,-368.256144,13.409380,False,False,False,False,False,False,False,2-circle,-1.000000,-103.055215,88.350972,93.028777,6.971223,11.649028,17.674109,-71.639679,-2.528010,1,0,4,0.0000,0.0000,0.0000,0.5000,"SmartHighYoYo",0.048795
737,B0100,L7_rush_level_max,HABFM,12560.410532,110.700672,60.324693,161.161990,-110.923671,8608.721562,216.596344,10685.615421,-78.326339,-11749.513155,-368.256144,13.409380,False,False,False,False,False,False,False,2-circle,-1.000000,-103.055215,88.350972,93.028777,6.971223,11.649028,17.674109,-71.639679,-2.528010,2,0,0,0.0000,0.0000,0.0000,0.5000,"Pursue",0.047090
738,A0100,adaptive_eagle_v9,HABFM,12681.468888,109.220242,62.119329,161.692240,-109.415362,8594.922314,216.574415,10671.395651,-71.098848,-11735.836960,-346.438085,18.557733,False,False,False,False,False,False,False,2-circle,-1.000000,-111.828770,88.350972,93.028777,6.971223,11.649028,12.766748,-76.510401,-2.604304,1,0,4,0.0000,0.0000,0.0000,0.5000,"SmartHighYoYo",0.049052
738,B0100,L7_rush_level_max,HABFM,12681.468888,109.220242,62.119329,161.692240,-109.415362,8594.922314,216.574415,10671.395651,-71.098848,-11735.836960,-346.438085,18.557733,False,False,False,False,False,False,False,2-circle,-1.000000,-111.828770,88.350972,93.028777,6.971223,11.649028,12.766748,-76.510401,-2.604304,2,0,0,0.0000,0.0000,0.0000,0.5000,"Pursue",0.041573
739,A0100,adaptive_eagle_v9,HABFM,12794.818586,107.947833,63.876315,161.853815,-108.129530,8580.919000,216.808730,10661.887888,-47.538815,-11719.187920,-325.646472,20.433825,False,False,False,False,False,False,False,2-circle,-1.000000,-119.291385,88.350972,93.028777,6.971223,11.649028,11.530698,-77.719757,-2.822386,1,0,4,0.0000,0.0000,0.0000,0.5000,"SmartHighYoYo",0.037454
739,B0100,L7_rush_level_max,HABFM,12794.818586,107.947833,63.876315,161.853815,-108.129530,8580.919000,216.808730,10661.887888,-47.538815,-11719.187920,-325.646472,20.433825,False,False,False,False,False,False,False,2-circle,-1.000000,-119.291385,88.350972,93.028777,6.971223,11.649028,11.530698,-77.719757,-2.822386,2,0,0,0.0000,0.0000,0.0000,0.5000,"Pursue",0.029090
740,A0100,adaptive_eagle_v9,HABFM,12902.415496,107.077502,65.181899,162.096331,-107.251899,8566.521163,217.387797,10658.620874,-16.335070,-11740.566115,-310.818641,13.616732,False,False,False,False,False,False,False,2-circle,-1.000000,-125.744411,88.350972,93.028777,6.971223,11.649028,17.279684,-71.951371,-2.959869,1,0,4,0.0000,0.0000,0.0000,0.5000,"SmartHighYoYo",0.049290
740,B0100,L7_rush_level_max,HABFM,12902.415496,107.077502,65.181899,162.096331,-107.251899,8566.521163,217.387797,10658.620874,-16.335070,-11740.566115,-310.818641,13.616732,False,False,False,False,False,False,False,2-circle,-1.000000,-125.744411,88.350972,93.028777,6.971223,11.649028,17.279684,-71.951371,-2.959869,2,0,0,0.0000,0.0000,0.0000,0.5000,"Pursue",0.030609
741,A0100,adaptive_eagle_v9,HABFM,13004.627147,106.168255,66.848856,162.980561,-106.325775,8551.858750,217.843979,10652.748099,-29.363876,-11707.013412,-291.877782,9.938284,False,False,False,False,False,False,False,2-circle,-1.000000,-130.305643,88.350972,93.028777,6.971223,11.649028,23.243201,-65.980395,-2.910416,1,0,4,0.0000,0.0000,0.0000,0.5000,"SmartHighYoYo",0.069679
741,B0100,L7_rush_level_max,HABFM,13004.627147,106.168255,66.848856,162.980561,-106.325775,8551.858750,217.843979,10652.748099,-29.363876,-11707.013412,-291.877782,9.938284,False,False,False,False,False,False,False,2-circle,-1.000000,-130.305643,88.350972,93.028777,6.971223,11.649028,23.243201,-65.980395,-2.910416,2,0,0,0.0000,0.0000,0.0000,0.5000,"Pursue",0.044530
742,A0100,adaptive_eagle_v9,HABFM,13098.831481,104.860332,69.142748,163.691415,-104.984867,8537.362769,217.844321,10638.258720,-72.446895,-11625.036023,-264.755814,9.408587,False,False,False,False,False,False,False,2-circle,-1.000000,-133.411911,88.350972,93.028777,6.971223,11.649028,24.436863,-64.787606,-2.701404,1,0,4,0.0000,0.0000,0.0000,0.5000,"SmartHighYoYo",0.052283
742,B0100,L7_rush_level_max,HABFM,13098.831481,104.860332,69.142748,163.691415,-104.984867,8537.362769,217.844321,10638.258720,-72.446895,-11625.036023,-264.755814,9.408587,False,False,False,False,False,False,False,2-circle,-1.000000,-133.411911,88.350972,93.028777,6.971223,11.649028,24.436863,-64.787606,-2.701404,2,0,0,0.0000,0.0000,0.0000,0.5000,"Pursue",0.051476
743,A0100,adaptive_eagle_v9,HABFM,13184.469572,103.387190,70.827663,163.343653,-103.476048,8523.329176,217.671063,10620.884648,-86.870361,-11623.674368,-242.836519,10.542406,False,False,False,False,False,False,False,2-circle,-1.000000,-138.278700,88.350972,93.028777,6.971223,11.649028,22.026879,-67.187857,-2.445881,1,0,4,0.0000,0.0000,0.0000,0.5000,"SmartHighYoYo",0.037364
743,B0100,L7_rush_level_max,HABFM,13184.469572,103.387190,70.827663,163.343653,-103.476048,8523.329176,217.671063,10620.884648,-86.870361,-11623.674368,-242.836519,10.542406,False,False,False,False,False,False,False,2-circle,-1.000000,-138.278700,88.350972,93.028777,6.971223,11.649028,22.026879,-67.187857,-2.445881,2,0,0,0.0000,0.0000,0.0000,0.5000,"Pursue",0.052654
744,A0100,adaptive_eagle_v9,HABFM,13263.826010,101.926802,72.010437,162.786508,-101.985238,8509.669444,217.557498,10605.036774,-79.239367,-11700.545834,-226.006231,13.278351,False,False,False,False,False,False,False,2-circle,-1.000000,-145.960078,88.350972,93.028777,6.971223,11.649028,17.668238,-71.521082,-2.293655,1,0,4,0.0000,0.0000,0.0000,0.5000,"SmartHighYoYo",0.044521
744,B0100,L7_rush_level_max,HABFM,13263.826010,101.926802,72.010437,162.786508,-101.985238,8509.669444,217.557498,10605.036774,-79.239367,-11700.545834,-226.006231,13.278351,False,False,False,False,False,False,False,2-circle,-1.000000,-145.960078,88.350972,93.028777,6.971223,11.649028,17.668238,-71.521082,-2.293655,2,0,0,0.0000,0.0000,0.0000,0.5000,"Pursue",0.054499
745,A0100,adaptive_eagle_v9,HABFM,13337.263579,100.462406,73.383655,162.333322,-100.494631,8496.135736,217.514555,10590.675959,-71.804076,-11758.283924,-207.103199,18.416473,False,False,False,False,False,False,False,2-circle,-1.000000,-155.598349,88.350972,93.028777,6.971223,11.649028,12.706187,-76.447657,-2.365023,4,0,3,0.0000,0.0000,0.0000,0.5000,"SmartHighYoYo",0.049095
745,B0100,L7_rush_level_max,HABFM,13337.263579,100.462406,73.383655,162.333322,-100.494631,8496.135736,217.514555,10590.675959,-71.804076,-11758.283924,-207.103199,18.416473,False,False,False,False,False,False,False,2-circle,-1.000000,-155.598349,88.350972,93.028777,6.971223,11.649028,12.706187,-76.447657,-2.365023,2,0,0,0.0000,0.0000,0.0000,0.5000,"Pursue",0.048092
746,A0100,adaptive_eagle_v9,HABFM,13404.207519,99.211092,74.853602,162.077324,-99.222725,8482.412913,217.730012,10581.104635,-47.856620,-11795.998425,-187.987463,20.299485,False,False,False,False,False,False,False,2-circle,-1.000000,-166.001921,88.350972,93.028777,6.971223,11.649028,11.441418,-77.673731,-2.580948,1,0,4,0.0000,0.0000,0.0000,0.5000,"SmartHighYoYo",0.050423
746,B0100,L7_rush_level_max,HABFM,13404.207519,99.211092,74.853602,162.077324,-99.222725,8482.412913,217.730012,10581.104635,-47.856620,-11795.998425,-187.987463,20.299485,False,False,False,False,False,False,False,2-circle,-1.000000,-166.001921,88.350972,93.028777,6.971223,11.649028,11.441418,-77.673731,-2.580948,2,0,0,0.0000,0.0000,0.0000,0.5000,"Pursue",0.033472
747,A0100,adaptive_eagle_v9,HABFM,13464.948141,98.363450,76.313799,162.312798,-98.359266,8468.307315,218.292132,10577.849546,-16.275445,-11814.585399,-170.537606,13.522918,False,False,False,False,False,False,False,2-circle,-1.000000,-175.751173,88.350972,93.028777,6.971223,11.649028,17.201404,-71.879360,-2.716208,1,0,4,0.0000,0.0000,0.0000,0.5000,"SmartHighYoYo",0.062321
747,B0100,L7_rush_level_max,HABFM,13464.948141,98.363450,76.313799,162.312798,-98.359266,8468.307315,218.292132,10577.849546,-16.275445,-11814.585399,-170.537606,13.522918,False,False,False,False,False,False,False,2-circle,-1.000000,-175.751173,88.350972,93.028777,6.971223,11.649028,17.201404,-71.879360,-2.716208,2,0,0,0.0000,0.0000,0.0000,0.5000,"Pursue",0.035538
748,A0100,adaptive_eagle_v9,HABFM,13519.577284,97.469654,78.055167,163.122297,-97.446806,8453.950020,218.729175,10571.947748,-29.508991,-11782.081697,-149.790564,9.878853,False,False,False,False,False,False,False,2-circle,-1.000000,-183.721121,88.350972,93.028777,6.971223,11.649028,23.148985,-65.907154,-2.662074,1,0,4,0.0000,0.0000,0.0000,0.5000,"SmartHighYoYo",0.086325
748,B0100,L7_rush_level_max,HABFM,13519.577284,97.469654,78.055167,163.122297,-97.446806,8453.950020,218.729175,10571.947748,-29.508991,-11782.081697,-149.790564,9.878853,False,False,False,False,False,False,False,2-circle,-1.000000,-183.721121,88.350972,93.028777,6.971223,11.649028,23.148985,-65.907154,-2.662074,2,0,0,0.0000,0.0000,0.0000,0.5000,"Pursue",0.052428
749,A0100,adaptive_eagle_v9,HABFM,13565.623877,96.164046,80.394662,163.701123,-96.115866,8439.775528,218.706258,10557.329455,-73.091463,-11702.647764,-121.097286,9.372553,False,False,False,False,False,False,False,2-circle,-1.000000,-190.373394,88.350972,93.028777,6.971223,11.649028,24.280917,-64.757254,-2.447059,1,0,4,0.0000,0.0000,0.0000,0.5000,"SmartHighYoYo",0.064096
749,B0100,L7_rush_level_max,HABFM,13565.623877,96.164046,80.394662,163.701123,-96.115866,8439.775528,218.706258,10557.329455,-73.091463,-11702.647764,-121.097286,9.372553,False,False,False,False,False,False,False,2-circle,-1.000000,-190.373394,88.350972,93.028777,6.971223,11.649028,24.280917,-64.757254,-2.447059,2,0,0,0.0000,0.0000,0.0000,0.5000,"Pursue",0.060934
750,A0100,adaptive_eagle_v9,HABFM,13602.665211,94.687641,82.095670,163.300813,-94.613070,8426.079958,218.508688,10539.809794,-87.598308,-11705.971125,-98.076981,10.532324,False,False,False,False,False,False,False,2-circle,-1.000000,-198.910060,88.350972,93.028777,6.971223,11.649028,21.793873,-67.216606,-2.187271,1,0,4,0.0000,0.0000,0.0000,0.5000,"SmartHighYoYo",0.045583
750,B0100,L7_rush_level_max,HABFM,13602.665211,94.687641,82.095670,163.300813,-94.613070,8426.079958,218.508688,10539.809794,-87.598308,-11705.971125,-98.076981,10.532324,False,False,False,False,False,False,False,2-circle,-1.000000,-198.910060,88.350972,93.028777,6.971223,11.649028,21.793873,-67.216606,-2.187271,2,0,0,0.0000,0.0000,0.0000,0.5000,"Pursue",0.062380
751,A0100,adaptive_eagle_v9,HABFM,13633.097567,93.227093,83.284082,162.771962,-93.126736,8412.770291,218.371956,10523.855620,-79.770869,-11788.863436,-80.289573,13.313572,False,False,False,False,False,False,False,2-circle,-1.000000,-210.335024,88.350972,93.028777,6.971223,11.649028,17.363118,-71.605531,-2.034487,1,0,4,0.0000,0.0000,0.0000,0.5000,"SmartHighYoYo",0.054397
751,B0100,L7_rush_level_max,HABFM,13633.097567,93.227093,83.284082,162.771962,-93.126736,8412.770291,218.371956,10523.855620,-79.770869,-11788.863436,-80.289573,13.313572,False,False,False,False,False,False,False,2-circle,-1.000000,-210.335024,88.350972,93.028777,6.971223,11.649028,17.363118,-71.605531,-2.034487,2,0,0,0.0000,0.0000,0.0000,0.5000,"Pursue",0.064565
752,A0100,adaptive_eagle_v9,HABFM,13657.319236,91.767718,84.660018,162.327132,-91.639722,8399.593063,218.307113,10509.424848,-72.153860,-11853.508291,-60.538638,18.562664,False,False,False,False,False,False,False,2-circle,-1.000000,-223.735957,88.350972,93.028777,6.971223,11.649028,12.339007,-76.578600,-2.109477,1,0,4,0.0000,0.0000,0.0000,0.5000,"SmartHighYoYo",0.060814
752,B0100,L7_rush_level_max,HABFM,13657.319236,91.767718,84.660018,162.327132,-91.639722,8399.593063,218.307113,10509.424848,-72.153860,-11853.508291,-60.538638,18.562664,False,False,False,False,False,False,False,2-circle,-1.000000,-223.735957,88.350972,93.028777,6.971223,11.649028,12.339007,-76.578600,-2.109477,2,0,0,0.0000,0.0000,0.0000,0.5000,"Pursue",0.056891
753,A0100,adaptive_eagle_v9,HABFM,13674.759439,90.528385,86.145679,162.053031,-90.371231,8386.228044,218.503161,10499.850956,-47.869461,-11896.862003,-40.551834,20.507415,False,False,False,False,False,False,False,2-circle,-1.000000,-237.850254,88.350972,93.028777,6.971223,11.649028,11.043957,-77.819600,-2.331814,1,0,4,0.0000,0.0000,0.0000,0.5000,"SmartHighYoYo",-0.077377
753,B0100,L7_rush_level_max,HABFM,13674.759439,90.528385,86.145679,162.053031,-90.371231,8386.228044,218.503161,10499.850956,-47.869461,-11896.862003,-40.551834,20.507415,False,False,False,False,False,False,False,2-circle,-1.000000,-237.850254,88.350972,93.028777,6.971223,11.649028,11.043957,-77.819600,-2.331814,2,0,0,0.0000,0.0000,0.0000,0.5000,"Pursue",0.039572
754,A0100,adaptive_eagle_v9,HABFM,13685.756400,89.693727,87.606338,162.207534,-89.511271,8372.480372,219.048070,10496.658440,-15.962580,-11916.973111,-22.475658,13.597236,False,False,True,False,False,False,False,2-circle,-1.000000,-251.304290,88.350972,93.028777,6.971223,11.649028,16.807247,-72.005727,-2.473666,4,0,3,0.0000,0.0000,0.0000,0.5000,"SmartHighYoYo",-0.132808
754,B0100,L7_rush_level_max,HABFM,13685.756400,89.693727,87.606338,162.207534,-89.511271,8372.480372,219.048070,10496.658440,-15.962580,-11916.973111,-22.475658,13.597236,False,False,True,False,False,False,False,2-circle,-1.000000,-251.304290,88.350972,93.028777,6.971223,11.649028,16.807247,-72.005727,-2.473666,2,0,0,0.0000,0.0000,0.0000,0.5000,"Pursue",0.042370
755,A0100,adaptive_eagle_v9,HABFM,13690.864563,88.805067,88.946799,162.926696,-88.601152,8358.483009,219.466399,10490.782161,-29.381391,-11940.252112,-5.314974,9.918988,False,False,True,False,False,False,False,2-circle,-1.000000,-262.941361,88.350972,93.028777,6.971223,11.649028,22.736637,-66.034412,-2.423734,1,0,4,0.0000,0.0000,0.0000,0.5000,"SmartHighYoYo",-0.207255
755,B0100,L7_rush_level_max,HABFM,13690.864563,88.805067,88.946799,162.926696,-88.601152,8358.483009,219.466399,10490.782161,-29.381391,-11940.252112,-5.314974,9.918988,False,False,True,False,False,False,False,2-circle,-1.000000,-262.941361,88.350972,93.028777,6.971223,11.649028,22.736637,-66.034412,-2.423734,2,0,0,0.0000,0.0000,0.0000,0.5000,"Pursue",0.008032
756,A0100,adaptive_eagle_v9,DBFM,13689.700947,87.492487,90.502034,164.332221,-87.270617,8344.671697,219.421630,10476.100994,-73.405836,-11916.393678,15.823419,9.424715,False,False,True,False,False,False,False,2-circle,-1.000000,-271.756562,88.350972,93.028777,6.971223,11.649028,23.822143,-64.919860,-2.211144,1,1,4,0.0000,0.0000,0.0000,0.5000,"SmartHighYoYo",-0.200565
756,B0100,L7_rush_level_max,DBFM,13689.700947,87.492487,90.502034,164.332221,-87.270617,8344.671697,219.421630,10476.100994,-73.405836,-11916.393678,15.823419,9.424715,False,False,True,False,False,False,False,2-circle,-1.000000,-271.756562,88.350972,93.028777,6.971223,11.649028,23.822143,-64.919860,-2.211144,2,0,0,0.0000,0.0000,0.0000,0.5000,"Pursue",-0.445429
757,A0100,adaptive_eagle_v9,DBFM,13679.697323,86.002270,92.917753,165.591098,-85.766074,8331.341032,219.201853,10458.502701,-87.991467,-11813.217653,46.115615,10.622416,False,False,True,False,False,False,False,2-circle,-1.000000,-277.397282,88.350972,93.028777,6.971223,11.649028,21.301186,-67.425539,-1.954890,1,1,4,0.0000,0.0000,0.0000,0.5000,"SmartHighYoYo",-0.205968
757,B0100,L7_rush_level_max,DBFM,13679.697323,86.002270,92.917753,165.591098,-85.766074,8331.341032,219.201853,10458.502701,-87.991467,-11813.217653,46.115615,10.622416,False,False,True,False,False,False,False,2-circle,-1.000000,-277.397282,88.350972,93.028777,6.971223,11.649028,21.301186,-67.425539,-1.954890,2,0,0,0.0000,0.0000,0.0000,0.5000,"Pursue",-0.389331
758,A0100,adaptive_eagle_v9,DBFM,13659.511115,84.527233,95.113242,165.679346,-84.274514,8318.394035,219.044489,10442.502644,-80.000286,-11765.980407,74.018585,13.489091,False,False,True,False,False,False,False,2-circle,-1.000000,-282.394079,88.350972,93.028777,6.971223,11.649028,16.856119,-71.856997,-1.808915,1,1,4,0.0000,0.0000,0.0000,0.5000,"SmartHighYoYo",-0.228811
758,B0100,L7_rush_level_max,DBFM,13659.511115,84.527233,95.113242,165.679346,-84.274514,8318.394035,219.044489,10442.502644,-80.000286,-11765.980407,74.018585,13.489091,False,False,True,False,False,False,False,2-circle,-1.000000,-282.394079,88.350972,93.028777,6.971223,11.649028,16.856119,-71.856997,-1.808915,2,0,0,0.0000,0.0000,0.0000,0.5000,"Pursue",-0.281577
759,A0100,adaptive_eagle_v9,DBFM,13630.895813,83.056529,96.809915,165.575977,-82.779960,8305.572655,218.960667,10428.055914,-72.233648,-11785.479269,97.004298,18.953806,False,False,True,False,False,False,False,2-circle,-1.000000,-288.064066,88.350972,93.028777,6.971223,11.649028,11.829556,-76.865733,-1.894566,1,1,4,0.0000,0.0000,0.0000,0.5000,"SmartHighYoYo",-0.173253
759,B0100,L7_rush_level_max,DBFM,13630.895813,83.056529,96.809915,165.575977,-82.779960,8305.572655,218.960667,10428.055914,-72.233648,-11785.479269,97.004298,18.953806,False,False,True,False,False,False,False,2-circle,-1.000000,-288.064066,88.350972,93.028777,6.971223,11.649028,11.829556,-76.865733,-1.894566,2,0,0,0.0000,0.0000,0.0000,0.5000,"Pursue",-0.318528
760,A0100,adaptive_eagle_v9,DBFM,13594.534772,81.811296,98.615667,165.612272,-81.503425,8292.552846,219.140438,10418.522739,-47.665878,-11779.035321,120.007253,21.006613,False,False,True,False,False,False,False,2-circle,-1.000000,-293.269640,88.350972,93.028777,6.971223,11.649028,10.560449,-78.117994,-2.130207,1,1,4,0.0000,0.0000,0.0000,0.5000,"SmartHighYoYo",-0.058143
760,B0100,L7_rush_level_max,DBFM,13594.534772,81.811296,98.615667,165.612272,-81.503425,8292.552846,219.140438,10418.522739,-47.665878,-11779.035321,120.007253,21.006613,False,False,True,False,False,False,False,2-circle,-1.000000,-293.269640,88.350972,93.028777,6.971223,11.649028,10.560449,-78.117994,-2.130207,2,0,0,0.0000,0.0000,0.0000,0.5000,"Pursue",-0.435070
761,A0100,adaptive_eagle_v9,DBFM,13550.205130,80.967562,100.843710,165.901968,-80.633001,8279.140370,219.671451,10415.425883,-15.484278,-11696.959941,145.111919,13.809385,False,False,True,False,False,False,False,2-circle,-1.000000,-296.486951,88.350972,93.028777,6.971223,11.649028,16.380795,-72.288513,-2.285640,1,1,4,0.0000,0.0000,0.0000,0.5000,"SmartHighYoYo",-0.029769
761,B0100,L7_rush_level_max,DBFM,13550.205130,80.967562,100.843710,165.901968,-80.633001,8279.140370,219.671451,10415.425883,-15.484278,-11696.959941,145.111919,13.809385,False,False,True,False,False,False,False,2-circle,-1.000000,-296.486951,88.350972,93.028777,6.971223,11.649028,16.380795,-72.288513,-2.285640,2,0,0,0.0000,0.0000,0.0000,0.5000,"Pursue",-0.556139
762,A0100,adaptive_eagle_v9,DBFM,13496.313915,80.054352,103.666486,165.484474,-79.702950,8265.470720,220.074945,10409.611338,-29.072725,-11560.287389,175.643400,10.039107,False,False,True,False,False,False,False,2-circle,-1.000000,-298.153697,88.350972,93.028777,6.971223,11.649028,22.347454,-66.318150,-2.246916,1,1,4,0.0000,0.0000,0.0000,0.5000,"SmartHighYoYo",-0.162400
762,B0100,L7_rush_level_max,DBFM,13496.313915,80.054352,103.666486,165.484474,-79.702950,8265.470720,220.074945,10409.611338,-29.072725,-11560.287389,175.643400,10.039107,False,False,True,False,False,False,False,2-circle,-1.000000,-298.153697,88.350972,93.028777,6.971223,11.649028,22.347454,-66.318150,-2.246916,2,0,0,0.0000,0.0000,0.0000,0.5000,"Pursue",-0.365390
763,A0100,adaptive_eagle_v9,DBFM,13432.804547,78.701021,105.759212,164.545100,-78.340151,8251.979123,220.013002,10394.912902,-73.492181,-11528.588574,201.025190,9.547174,False,False,True,False,False,False,False,2-circle,-1.000000,-302.102473,88.350972,93.028777,6.971223,11.649028,23.419269,-65.230855,-2.043356,4,1,3,0.0000,0.0000,0.0000,0.5000,"SmartHighYoYo",-0.240114
763,B0100,L7_rush_level_max,DBFM,13432.804547,78.701021,105.759212,164.545100,-78.340151,8251.979123,220.013002,10394.912902,-73.492181,-11528.588574,201.025190,9.547174,False,False,True,False,False,False,False,2-circle,-1.000000,-302.102473,88.350972,93.028777,6.971223,11.649028,23.419269,-65.230855,-2.043356,2,0,0,0.0000,0.0000,0.0000,0.5000,"Pursue",-0.211961
764,A0100,adaptive_eagle_v9,DBFM,13361.791284,77.170105,107.200191,163.997439,-76.799360,8238.957474,219.776220,10377.281218,-88.158421,-11585.346222,221.220981,10.792298,False,False,True,False,False,False,False,2-circle,-1.000000,-309.886181,88.350972,93.028777,6.971223,11.649028,20.845642,-67.770538,-1.796677,1,1,4,0.0000,0.0000,0.0000,0.5000,"SmartHighYoYo",-0.230690
764,B0100,L7_rush_level_max,DBFM,13361.791284,77.170105,107.200191,163.997439,-76.799360,8238.957474,219.776220,10377.281218,-88.158421,-11585.346222,221.220981,10.792298,False,False,True,False,False,False,False,2-circle,-1.000000,-309.886181,88.350972,93.028777,6.971223,11.649028,20.845642,-67.770538,-1.796677,2,0,0,0.0000,0.0000,0.0000,0.5000,"Pursue",-0.227375
765,A0100,adaptive_eagle_v9,DBFM,13284.070808,75.663073,108.708507,163.538876,-75.273345,8226.305511,219.603715,10361.273776,-80.037210,-11637.836147,241.805721,13.777514,False,False,True,False,False,False,False,2-circle,-1.000000,-320.570441,88.350972,93.028777,6.971223,11.649028,16.335977,-72.231994,-1.663106,1,1,4,0.0000,0.0000,0.0000,0.5000,"SmartHighYoYo",-0.212141
765,B0100,L7_rush_level_max,DBFM,13284.070808,75.663073,108.708507,163.538876,-75.273345,8226.305511,219.603715,10361.273776,-80.037210,-11637.836147,241.805721,13.777514,False,False,True,False,False,False,False,2-circle,-1.000000,-320.570441,88.350972,93.028777,6.971223,11.649028,16.335977,-72.231994,-1.663106,2,0,0,0.0000,0.0000,0.0000,0.5000,"Pursue",-0.278672
766,A0100,adaptive_eagle_v9,DBFM,13199.203940,74.167179,110.445181,163.104452,-73.744074,8213.761669,219.506656,10346.843152,-72.153120,-11670.591223,264.192531,19.548742,False,False,True,False,False,False,False,2-circle,-1.000000,-333.060955,88.350972,93.028777,6.971223,11.649028,11.244333,-77.265844,-1.764625,1,1,4,0.0000,0.0000,0.0000,0.5000,"SmartHighYoYo",-0.142664
766,B0100,L7_rush_level_max,DBFM,13199.203940,74.167179,110.445181,163.104452,-73.744074,8213.761669,219.506656,10346.843152,-72.153120,-11670.591223,264.192531,19.548742,False,False,True,False,False,False,False,2-circle,-1.000000,-333.060955,88.350972,93.028777,6.971223,11.649028,11.244333,-77.265844,-1.764625,2,0,0,0.0000,0.0000,0.0000,0.5000,"Pursue",-0.346429
767,A0100,adaptive_eagle_v9,DBFM,13106.555665,72.903056,112.400176,162.725206,-72.431180,8200.999304,219.676001,10337.373315,-47.349184,-11676.286034,287.323838,21.749045,False,False,True,False,False,False,False,2-circle,-1.000000,-345.875571,88.350972,93.028777,6.971223,11.649028,9.924639,-78.524507,-2.018531,1,1,4,0.0000,0.0000,0.0000,0.5000,"SmartHighYoYo",-0.044432
767,B0100,L7_rush_level_max,DBFM,13106.555665,72.903056,112.400176,162.725206,-72.431180,8200.999304,219.676001,10337.373315,-47.349184,-11676.286034,287.323838,21.749045,False,False,True,False,False,False,False,2-circle,-1.000000,-345.875571,88.350972,93.028777,6.971223,11.649028,9.924639,-78.524507,-2.018531,2,0,0,0.0000,0.0000,0.0000,0.5000,"Pursue",-0.385897
768,A0100,adaptive_eagle_v9,DBFM,13006.341599,72.039931,114.369160,162.623754,-71.522755,8187.826296,220.199076,10334.386353,-14.934809,-11660.568634,308.676079,14.127889,False,False,True,False,False,False,False,2-circle,-1.000000,-357.403889,88.350972,93.028777,6.971223,11.649028,15.711623,-72.680316,-2.192462,1,1,4,0.0000,0.0000,0.0000,0.5000,"SmartHighYoYo",-0.020827
768,B0100,L7_rush_level_max,DBFM,13006.341599,72.039931,114.369160,162.623754,-71.522755,8187.826296,220.199076,10334.386353,-14.934809,-11660.568634,308.676079,14.127889,False,False,True,False,False,False,False,2-circle,-1.000000,-357.403889,88.350972,93.028777,6.971223,11.649028,15.711623,-72.680316,-2.192462,2,0,0,0.0000,0.0000,0.0000,0.5000,"Pursue",-0.466612
769,A0100,adaptive_eagle_v9,DBFM,12898.752572,71.099268,116.655785,162.969131,-70.553983,8174.381213,220.594080,10328.649375,-28.684888,-11587.501738,332.274257,10.218197,False,False,True,False,False,False,False,2-circle,-1.000000,-366.189568,88.350972,93.028777,6.971223,11.649028,21.635942,-66.709084,-2.169792,3,0,4,0.0000,0.0000,0.0000,0.5000,"LeadPursuit",-0.121348
769,B0100,L7_rush_level_max,DBFM,12898.752572,71.099268,116.655785,162.969131,-70.553983,8174.381213,220.594080,10328.649375,-28.684888,-11587.501738,332.274257,10.218197,False,False,True,False,False,False,False,2-circle,-1.000000,-366.189568,88.350972,93.028777,6.971223,11.649028,21.635942,-66.709084,-2.169792,2,0,0,0.0000,0.0000,0.0000,0.5000,"Pursue",-0.404499
770,A0100,adaptive_eagle_v9,DBFM,12782.636469,69.701558,118.798743,163.428894,-69.147515,8161.097605,220.521837,10313.954991,-73.471922,-11550.624716,356.074222,9.720782,False,False,True,False,False,False,False,2-circle,-1.000000,-372.349522,88.350972,93.028777,6.971223,11.649028,22.666051,-65.641653,-1.979772,3,0,4,0.0000,0.0000,0.0000,0.5000,"LeadPursuit",-0.215854
770,B0100,L7_rush_level_max,DBFM,12782.636469,69.701558,118.798743,163.428894,-69.147515,8161.097605,220.521837,10313.954991,-73.471922,-11550.624716,356.074222,9.720782,False,False,True,False,False,False,False,2-circle,-1.000000,-372.349522,88.350972,93.028777,6.971223,11.649028,22.666051,-65.641653,-1.979772,2,0,0,0.0000,0.0000,0.0000,0.5000,"Pursue",-0.236769
771,A0100,adaptive_eagle_v9,DBFM,12659.433777,68.119565,120.269040,164.345532,-67.561083,8148.264010,220.275255,10296.309549,-88.227208,-11580.812606,375.047639,11.020505,False,False,True,False,False,False,False,2-circle,-1.000000,-376.972912,88.350972,93.028777,6.971223,11.649028,20.070136,-68.205127,-1.746729,3,0,4,0.0000,0.0000,0.0000,0.5000,"LeadPursuit",-0.178241
771,B0100,L7_rush_level_max,DBFM,12659.433777,68.119565,120.269040,164.345532,-67.561083,8148.264010,220.275255,10296.309549,-88.227208,-11580.812606,375.047639,11.020505,False,False,True,False,False,False,False,2-circle,-1.000000,-376.972912,88.350972,93.028777,6.971223,11.649028,20.070136,-68.205127,-1.746729,2,0,0,0.0000,0.0000,0.0000,0.5000,"Pursue",-0.310431
772,A0100,adaptive_eagle_v9,DBFM,12529.705420,66.562625,122.007972,165.316981,-65.988926,8135.777564,220.094975,10280.308485,-80.005324,-11557.409435,395.402721,14.150569,False,False,True,False,False,False,False,2-circle,-1.000000,-378.997014,88.350972,93.028777,6.971223,11.649028,15.566448,-72.686253,-1.629248,3,0,4,0.0000,0.0000,0.0000,0.5000,"LeadPursuit",-0.172831
772,B0100,L7_rush_level_max,DBFM,12529.705420,66.562625,122.007972,165.316981,-65.988926,8135.777564,220.094975,10280.308485,-80.005324,-11557.409435,395.402721,14.150569,False,False,True,False,False,False,False,2-circle,-1.000000,-378.997014,88.350972,93.028777,6.971223,11.649028,15.566448,-72.686253,-1.629248,2,0,0,0.0000,0.0000,0.0000,0.5000,"Pursue",-0.308791
773,A0100,adaptive_eagle_v9,DBFM,12392.715009,65.017114,123.748257,165.835653,-64.410023,8123.374133,219.992177,10265.902263,-72.031107,-11538.103704,415.472642,20.306150,False,False,True,False,False,False,False,2-circle,-1.000000,-377.854111,88.350972,93.028777,6.971223,11.649028,10.506438,-77.736280,-1.749969,3,0,4,0.0000,0.0000,0.0000,0.5000,"LeadPursuit",-0.166315
773,B0100,L7_rush_level_max,DBFM,12392.715009,65.017114,123.748257,165.835653,-64.410023,8123.374133,219.992177,10265.902263,-72.031107,-11538.103704,415.472642,20.306150,False,False,True,False,False,False,False,2-circle,-1.000000,-377.854111,88.350972,93.028777,6.971223,11.649028,10.506438,-77.736280,-1.749969,2,0,0,0.0000,0.0000,0.0000,0.5000,"Pursue",-0.210435
774,A0100,adaptive_eagle_v9,DBFM,12249.748665,63.711729,125.000644,166.333622,-63.051018,8110.725468,220.158646,10256.497341,-47.024612,-11557.194674,431.015405,22.686633,False,False,True,False,False,False,False,2-circle,-1.000000,-374.031605,88.350972,93.028777,6.971223,11.649028,9.247624,-78.995929,-2.025199,3,0,4,0.0000,0.0000,0.0000,0.5000,"LeadPursuit",-0.026704
774,B0100,L7_rush_level_max,DBFM,12249.748665,63.711729,125.000644,166.333622,-63.051018,8110.725468,220.158646,10256.497341,-47.024612,-11557.194674,431.015405,22.686633,False,False,True,False,False,False,False,2-circle,-1.000000,-374.031605,88.350972,93.028777,6.971223,11.649028,9.247624,-78.995929,-2.025199,2,0,0,0.0000,0.0000,0.0000,0.5000,"Pursue",-0.335597
775,A0100,adaptive_eagle_v9,DBFM,12101.551603,62.806524,126.566977,166.707435,-62.099780,8097.642657,220.681390,10253.616462,-14.404396,-11504.437562,446.776888,14.520453,False,False,True,False,False,False,False,2-circle,-1.000000,-366.355456,88.350972,93.028777,6.971223,11.649028,15.126374,-73.134857,-2.220518,3,0,4,0.0000,0.0000,0.0000,0.5000,"LeadPursuit",0.055602
775,B0100,L7_rush_level_max,DBFM,12101.551603,62.806524,126.566977,166.707435,-62.099780,8097.642657,220.681390,10253.616462,-14.404396,-11504.437562,446.776888,14.520453,False,False,True,False,False,False,False,2-circle,-1.000000,-366.355456,88.350972,93.028777,6.971223,11.649028,15.126374,-73.134857,-2.220518,2,0,0,0.0000,0.0000,0.0000,0.5000,"Pursue",-0.521672
776,A0100,adaptive_eagle_v9,DBFM,11947.089127,61.806711,128.884621,166.361467,-61.080608,8084.267785,221.075691,10247.952809,-28.318264,-11380.467882,467.382386,10.434794,False,False,True,False,False,False,False,2-circle,-1.000000,-354.577689,88.350972,93.028777,6.971223,11.649028,21.138019,-67.159373,-2.216605,3,0,4,0.0000,0.0000,0.0000,0.5000,"LeadPursuit",-0.078835
776,B0100,L7_rush_level_max,DBFM,11947.089127,61.806711,128.884621,166.361467,-61.080608,8084.267785,221.075691,10247.952809,-28.318264,-11380.467882,467.382386,10.434794,False,False,True,False,False,False,False,2-circle,-1.000000,-354.577689,88.350972,93.028777,6.971223,11.649028,21.138019,-67.159373,-2.216605,2,0,0,0.0000,0.0000,0.0000,0.5000,"Pursue",-0.398452
777,A0100,adaptive_eagle_v9,DBFM,11785.540869,60.333471,130.926797,165.970912,-59.613495,8071.029764,221.001296,10233.258817,-73.469962,-11338.061391,487.716094,9.940161,False,False,True,False,False,False,False,2-circle,-1.000000,-342.091477,88.350972,93.028777,6.971223,11.649028,22.200301,-66.135918,-2.025799,3,0,4,0.0000,0.0000,0.0000,0.5000,"LeadPursuit",-0.181291
777,B0100,L7_rush_level_max,DBFM,11785.540869,60.333471,130.926797,165.970912,-59.613495,8071.029764,221.001296,10233.258817,-73.469962,-11338.061391,487.716094,9.940161,False,False,True,False,False,False,False,2-circle,-1.000000,-342.091477,88.350972,93.028777,6.971223,11.649028,22.200301,-66.135918,-2.025799,2,1,0,0.0000,0.0000,0.0000,0.5000,"Pursue",-0.250573
778,A0100,adaptive_eagle_v9,DBFM,11617.604009,58.672936,132.469287,166.116942,-57.961835,8058.213430,220.753547,10215.597365,-88.307258,-11365.395974,505.375020,11.322560,False,False,True,False,False,False,False,2-circle,-1.000000,-330.784829,88.350972,93.028777,6.971223,11.649028,19.618960,-68.749810,-1.772515,3,0,4,0.0000,0.0000,0.0000,0.5000,"LeadPursuit",-0.160728
778,B0100,L7_rush_level_max,DBFM,11617.604009,58.672936,132.469287,166.116942,-57.961835,8058.213430,220.753547,10215.597365,-88.307258,-11365.395974,505.375020,11.322560,False,False,True,False,False,False,False,2-circle,-1.000000,-330.784829,88.350972,93.028777,6.971223,11.649028,19.618960,-68.749810,-1.772515,2,1,1,0.0000,0.0000,0.0000,0.5000,"Pursue",-0.269605
779,A0100,adaptive_eagle_v9,DBFM,11443.850665,57.044009,134.050356,166.301923,-56.323523,8045.716555,220.574788,10199.607937,-79.947139,-11377.936965,522.668793,14.613149,False,False,True,False,False,False,False,2-circle,-1.000000,-319.975166,88.350972,93.028777,6.971223,11.649028,15.182328,-73.216072,-1.636410,2,0,4,0.0000,0.0000,0.0000,0.5000,"LeadPursuit",-0.023510
779,B0100,L7_rush_level_max,DBFM,11443.850665,57.044009,134.050356,166.301923,-56.323523,8045.716555,220.574788,10199.607937,-79.947139,-11377.936965,522.668793,14.613149,False,False,True,False,False,False,False,2-circle,-1.000000,-319.975166,88.350972,93.028777,6.971223,11.649028,15.182328,-73.216072,-1.636410,2,1,1,0.0000,0.0000,0.0000,0.5000,"Pursue",-0.422660
780,A0100,adaptive_eagle_v9,DBFM,11264.139030,55.654261,136.055217,165.990108,-54.898622,8033.246326,220.664077,10188.881866,-53.630359,-11330.524739,540.985935,15.981915,False,False,True,False,False,False,False,2-circle,-1.000000,-308.405764,88.350972,93.028777,6.971223,11.649028,13.846083,-74.585373,-1.609390,2,0,4,0.0000,0.0000,0.0000,0.5000,"LeadPursuit",0.108359
780,B0100,L7_rush_level_max,DBFM,11264.139030,55.654261,136.055217,165.990108,-54.898622,8033.246326,220.664077,10188.881866,-53.630359,-11330.524739,540.985935,15.981915,False,False,True,False,False,False,False,2-circle,-1.000000,-308.405764,88.350972,93.028777,6.971223,11.649028,13.846083,-74.585373,-1.609390,2,1,1,0.0000,0.0000,0.0000,0.5000,"Pursue",-0.491700
781,A0100,adaptive_eagle_v9,DBFM,11078.249813,54.674092,138.125397,165.028457,-53.886423,8020.577181,221.122566,10185.179853,-18.510062,-11278.452924,557.990368,11.507426,False,False,True,False,False,False,False,2-circle,-1.000000,-296.250031,88.350972,93.028777,6.971223,11.649028,19.384914,-69.082392,-1.504764,2,0,4,0.0000,0.0000,0.0000,0.5000,"LeadPursuit",0.086632
781,B0100,L7_rush_level_max,DBFM,11078.249813,54.674092,138.125397,165.028457,-53.886423,8020.577181,221.122566,10185.179853,-18.510062,-11278.452924,557.990368,11.507426,False,False,True,False,False,False,False,2-circle,-1.000000,-296.250031,88.350972,93.028777,6.971223,11.649028,19.384914,-69.082392,-1.504764,2,1,1,0.0000,0.0000,0.0000,0.5000,"Pursue",-0.445604
782,A0100,adaptive_eagle_v9,DBFM,10887.021192,53.624201,140.001410,164.430054,-52.833912,8007.817261,221.462382,10179.078070,-30.508916,-11258.632549,573.806380,8.838969,False,False,True,False,False,False,False,2-circle,-1.000000,-284.228321,88.350972,93.028777,6.971223,11.649028,24.927249,-63.575309,-1.246295,2,1,4,0.0000,0.0000,0.0000,0.5000,"LeadPursuit",0.035544
782,B0100,L7_rush_level_max,DBFM,10887.021192,53.624201,140.001410,164.430054,-52.833912,8007.817261,221.462382,10179.078070,-30.508916,-11258.632549,573.806380,8.838969,False,False,True,False,False,False,False,2-circle,-1.000000,-284.228321,88.350972,93.028777,6.971223,11.649028,24.927249,-63.575309,-1.246295,2,1,1,0.0000,0.0000,0.0000,0.5000,"Pursue",-0.463512
783,A0100,adaptive_eagle_v9,DBFM,10690.188583,52.111085,142.028237,164.392625,-51.352443,7995.410853,221.330812,10164.092546,-74.927617,-11223.730039,590.880541,8.659787,False,False,True,False,False,False,False,2-circle,-1.000000,-271.834991,88.350972,93.028777,6.971223,11.649028,25.453055,-63.086926,-0.863437,2,1,4,0.0000,0.0000,0.0000,0.5000,"LeadPursuit",0.115437
783,B0100,L7_rush_level_max,DBFM,10690.188583,52.111085,142.028237,164.392625,-51.352443,7995.410853,221.330812,10164.092546,-74.927617,-11223.730039,590.880541,8.659787,False,False,True,False,False,False,False,2-circle,-1.000000,-271.834991,88.350972,93.028777,6.971223,11.649028,25.453055,-63.086926,-0.863437,2,1,1,0.0000,0.0000,0.0000,0.5000,"Pursue",-0.595059
784,A0100,adaptive_eagle_v9,DBFM,10487.421909,50.394845,144.444777,164.284626,-49.673198,7983.647191,221.019700,10146.236375,-89.280855,-11136.345450,609.111486,9.961863,False,False,True,False,False,False,False,2-circle,-1.000000,-258.000725,88.350972,93.028777,6.971223,11.649028,22.429177,-66.156492,-0.469769,2,1,4,0.0000,0.0000,0.0000,0.5000,"LeadPursuit",0.359265
784,B0100,L7_rush_level_max,DBFM,10487.421909,50.394845,144.444777,164.284626,-49.673198,7983.647191,221.019700,10146.236375,-89.280855,-11136.345450,609.111486,9.961863,False,False,True,False,False,False,False,2-circle,-1.000000,-258.000725,88.350972,93.028777,6.971223,11.649028,22.429177,-66.156492,-0.469769,2,1,1,0.0000,0.0000,0.0000,0.5000,"Pursue",-0.870424
785,A0100,adaptive_eagle_v9,DBFM,10278.090676,48.675104,147.599916,163.116739,-47.968550,7972.401132,220.772826,10130.161906,-80.372345,-10985.121601,629.159512,12.754615,False,False,True,False,False,False,False,2-circle,-1.000000,-242.771690,88.350972,93.028777,6.971223,11.649028,17.706600,-70.933397,-0.224990,2,1,4,0.0000,0.0000,0.0000,0.5000,"LeadPursuit",0.259766
785,B0100,L7_rush_level_max,DBFM,10278.090676,48.675104,147.599916,163.116739,-47.968550,7972.401132,220.772826,10130.161906,-80.372345,-10985.121601,629.159512,12.754615,False,False,True,False,False,False,False,2-circle,-1.000000,-242.771690,88.350972,93.028777,6.971223,11.649028,17.706600,-70.933397,-0.224990,2,1,1,0.0000,0.0000,0.0000,0.5000,"Pursue",-0.669621
786,A0100,adaptive_eagle_v9,DBFM,10062.454434,46.946686,150.149870,162.101297,-46.221707,7961.391691,220.601342,10115.801702,-71.801023,-10917.449658,646.170161,17.753518,False,False,True,False,False,False,False,2-circle,-1.000000,-229.238832,88.350972,93.028777,6.971223,11.649028,12.643594,-76.042476,-0.256736,2,1,4,0.0000,0.0000,0.0000,0.5000,"LeadPursuit",0.211071
786,B0100,L7_rush_level_max,DBFM,10062.454434,46.946686,150.149870,162.101297,-46.221707,7961.391691,220.601342,10115.801702,-71.801023,-10917.449658,646.170161,17.753518,False,False,True,False,False,False,False,2-circle,-1.000000,-229.238832,88.350972,93.028777,6.971223,11.649028,12.643594,-76.042476,-0.256736,2,1,1,0.0000,0.0000,0.0000,0.5000,"Pursue",-0.518964
787,A0100,adaptive_eagle_v9,DBFM,9841.680717,45.446588,152.132086,161.333273,-44.665089,7950.278973,220.695850,10106.535334,-46.331841,-10916.730263,660.287674,19.405396,False,False,True,False,False,False,False,2-circle,-1.000000,-218.427222,88.350972,93.028777,6.971223,11.649028,11.524656,-77.192907,-0.471268,2,1,3,0.0000,0.0000,0.0000,0.5000,"LeadPursuit",0.480343
787,B0100,L7_rush_level_max,DBFM,9841.680717,45.446588,152.132086,161.333273,-44.665089,7950.278973,220.695850,10106.535334,-46.331841,-10916.730263,660.287674,19.405396,False,False,True,False,False,False,False,2-circle,-1.000000,-218.427222,88.350972,93.028777,6.971223,11.649028,11.524656,-77.192907,-0.471268,2,1,1,0.0000,0.0000,0.0000,0.5000,"Pursue",-0.716167
788,A0100,adaptive_eagle_v9,HABFM,9616.377283,44.332433,154.337781,160.092037,-43.495171,7938.856995,221.141348,10103.827391,-13.539715,-10890.898148,673.423510,12.954578,False,False,True,False,False,False,False,2-circle,-1.000000,-209.463722,88.350972,93.028777,6.971223,11.649028,17.511705,-71.227111,-0.605353,2,2,3,0.0000,0.0000,0.0000,0.5000,"LeadPursuit",0.649923
788,B0100,L7_rush_level_max,HABFM,9616.377283,44.332433,154.337781,160.092037,-43.495171,7938.856995,221.141348,10103.827391,-13.539715,-10890.898148,673.423510,12.954578,False,False,True,False,False,False,False,2-circle,-1.000000,-209.463722,88.350972,93.028777,6.971223,11.649028,17.511705,-71.227111,-0.605353,2,1,1,0.0000,0.0000,0.0000,0.5000,"Pursue",-0.850009
789,A0100,adaptive_eagle_v9,HABFM,9386.735191,43.107024,156.718301,159.008413,-42.247882,7927.260325,221.451434,10098.306462,-27.604641,-10852.997021,686.340819,9.527588,False,False,True,False,False,False,False,2-circle,-1.000000,-201.525043,88.350972,93.028777,6.971223,11.649028,23.532113,-65.222119,-0.533617,2,2,3,0.0000,0.0000,0.0000,0.5000,"LeadPursuit",0.709962
789,B0100,L7_rush_level_max,HABFM,9386.735191,43.107024,156.718301,159.008413,-42.247882,7927.260325,221.451434,10098.306462,-27.604641,-10852.997021,686.340819,9.527588,False,False,True,False,False,False,False,2-circle,-1.000000,-201.525043,88.350972,93.028777,6.971223,11.649028,23.532113,-65.222119,-0.533617,2,1,1,0.0000,0.0000,0.0000,0.5000,"Pursue",-0.887649
790,A0100,adaptive_eagle_v9,HABFM,9152.697406,41.383916,159.139077,158.584983,-40.544402,7915.937043,221.285229,10083.725539,-72.904616,-10820.103924,699.341200,9.119745,False,False,True,False,False,False,False,2-circle,-1.000000,-193.799461,88.350972,93.028777,6.971223,11.649028,24.534209,-64.234359,-0.274046,2,2,3,0.0000,0.0000,0.0000,0.5000,"LeadPursuit",1.146126
790,B0100,L7_rush_level_max,HABFM,9152.697406,41.383916,159.139077,158.584983,-40.544402,7915.937043,221.285229,10083.725539,-72.904616,-10820.103924,699.341200,9.119745,False,False,True,False,False,False,False,2-circle,-1.000000,-193.799461,88.350972,93.028777,6.971223,11.649028,24.534209,-64.234359,-0.274046,2,1,1,0.0000,0.0000,0.0000,0.5000,"Pursue",-1.200915
791,A0100,adaptive_eagle_v9,HABFM,8914.316557,39.438076,161.943921,158.115105,-38.625529,7905.186275,220.940002,10066.216116,-87.547115,-10742.851261,711.905964,10.353605,False,False,True,False,False,False,False,2-circle,-1.000000,-185.178095,88.350972,93.028777,6.971223,11.649028,21.857444,-66.931641,0.047354,2,2,3,0.0000,0.0000,0.0000,0.5000,"LeadPursuit",2.148330
791,B0100,L7_rush_level_max,HABFM,8914.316557,39.438076,161.943921,158.115105,-38.625529,7905.186275,220.940002,10066.216116,-87.547115,-10742.851261,711.905964,10.353605,False,False,True,False,False,False,False,2-circle,-1.000000,-185.178095,88.350972,93.028777,6.971223,11.649028,21.857444,-66.931641,0.047354,2,1,1,0.0000,0.0000,0.0000,0.5000,"Pursue",-1.866357
792,A0100,adaptive_eagle_v9,HABFM,8671.789447,37.473414,165.489160,156.696815,-36.659980,7894.900509,220.659521,10050.447025,-78.845457,-10600.647394,723.599430,13.200317,False,False,True,False,False,False,False,2-circle,-1.000000,-175.659298,88.350972,93.028777,6.971223,11.649028,17.312205,-71.504318,0.253113,2,3,3,0.0000,0.0000,0.0000,0.5000,"LeadPursuit",2.090251
792,B0100,L7_rush_level_max,HABFM,8671.789447,37.473414,165.489160,156.696815,-36.659980,7894.900509,220.659521,10050.447025,-78.845457,-10600.647394,723.599430,13.200317,False,False,True,False,False,False,False,2-circle,-1.000000,-175.659298,88.350972,93.028777,6.971223,11.649028,17.312205,-71.504318,0.253113,2,1,1,0.0000,0.0000,0.0000,0.5000,"Pursue",-1.607964
793,A0100,adaptive_eagle_v9,HABFM,8425.658687,35.486626,168.346354,155.620454,-34.626271,7884.811024,220.454746,10036.358644,-70.441906,-10543.651896,733.505982,18.483402,False,False,True,False,False,False,False,2-circle,-1.000000,-168.194831,88.350972,93.028777,6.971223,11.649028,12.281091,-76.550097,0.200407,2,4,3,0.0000,0.0000,0.0000,0.5000,"LeadPursuit",1.951615
793,B0100,L7_rush_level_max,HABFM,8425.658687,35.486626,168.346354,155.620454,-34.626271,7884.811024,220.454746,10036.358644,-70.441906,-10543.651896,733.505982,18.483402,False,False,True,False,False,False,False,2-circle,-1.000000,-168.194831,88.350972,93.028777,6.971223,11.649028,12.281091,-76.550097,0.200407,2,1,1,0.0000,0.0000,0.0000,0.5000,"Pursue",-1.365053
794,A0100,adaptive_eagle_v9,HABFM,8176.448775,33.721162,170.539886,154.926893,-32.758059,7874.584014,220.517570,10027.358093,-45.002751,-10562.926536,742.172539,20.319932,False,False,True,False,False,False,False,2-circle,-1.000000,-163.579793,88.350972,93.028777,6.971223,11.649028,11.097493,-77.728693,-0.028270,2,4,3,0.0000,0.0000,0.0000,0.5000,"LeadPursuit",2.821814
794,B0100,L7_rush_level_max,HABFM,8176.448775,33.721162,170.539886,154.926893,-32.758059,7874.584014,220.517570,10027.358093,-45.002751,-10562.926536,742.172539,20.319932,False,False,True,False,False,False,False,2-circle,-1.000000,-163.579793,88.350972,93.028777,6.971223,11.649028,11.097493,-77.728693,-0.028270,2,1,1,0.0000,0.0000,0.0000,0.5000,"Pursue",-1.868555
795,A0100,adaptive_eagle_v9,HABFM,7924.529346,32.324375,172.735519,154.124643,-31.254568,7864.018528,220.934570,10024.942106,-12.079936,-10585.535754,749.573690,13.443156,False,False,True,False,False,False,False,2-circle,-1.000000,-160.131886,88.350972,93.028777,6.971223,11.649028,16.982575,-71.829479,-0.177376,2,4,3,0.0000,0.0000,0.0000,0.5000,"LeadPursuit",3.690185
795,B0100,L7_rush_level_max,HABFM,7924.529346,32.324375,172.735519,154.124643,-31.254568,7864.018528,220.934570,10024.942106,-12.079936,-10585.535754,749.573690,13.443156,False,False,True,False,False,False,False,2-circle,-1.000000,-160.131886,88.350972,93.028777,6.971223,11.649028,16.982575,-71.829479,-0.177376,2,1,1,0.0000,0.0000,0.0000,0.5000,"Pursue",-2.371000
796,A0100,adaptive_eagle_v9,HABFM,7670.251230,30.784146,174.747380,153.979571,-29.651154,7853.250164,221.218861,10019.738530,-26.017883,-10619.204875,756.287520,9.847708,False,False,True,False,False,False,False,2-circle,-1.000000,-155.791931,88.350972,93.028777,6.971223,11.649028,22.914428,-65.889288,-0.124861,2,4,3,0.0000,0.0000,0.0000,0.5000,"LeadPursuit",1.742211
796,B0100,L7_rush_level_max,HABFM,7670.251230,30.784146,174.747380,153.979571,-29.651154,7853.250164,221.218861,10019.738530,-26.017883,-10619.204875,756.287520,9.847708,False,False,True,False,False,False,False,2-circle,-1.000000,-155.791931,88.350972,93.028777,6.971223,11.649028,22.914428,-65.889288,-0.124861,2,2,1,0.0000,0.0000,0.0000,0.5000,"Pursue",-1.031107
797,A0100,adaptive_eagle_v9,HABFM,7413.624728,28.728429,175.571421,155.452379,-27.587149,7842.718240,221.028927,10005.487999,-71.252654,-10723.694501,763.305220,9.437256,False,False,True,False,False,False,False,2-circle,-1.000000,-149.856474,88.350972,93.028777,6.971223,11.649028,23.862567,-64.944778,0.112119,2,4,3,0.0000,0.0000,0.0000,0.5000,"LeadPursuit",-0.796013
797,B0100,L7_rush_level_max,HABFM,7413.624728,28.728429,175.571421,155.452379,-27.587149,7842.718240,221.028927,10005.487999,-71.252654,-10723.694501,763.305220,9.437256,False,False,True,False,False,False,False,2-circle,-1.000000,-149.856474,88.350972,93.028777,6.971223,11.649028,23.862567,-64.944778,0.112119,2,2,2,0.0000,0.0000,0.0000,0.5000,"Pursue",0.737768
798,A0100,adaptive_eagle_v9,HABFM,7154.629736,26.477782,175.598374,157.671347,-25.332733,7832.713044,220.662301,9988.313879,-85.870597,-10860.869247,770.177693,10.754212,False,False,True,False,False,False,False,2-circle,-1.000000,-143.477578,88.350972,93.028777,6.971223,11.649028,21.155904,-67.658787,0.408073,2,4,3,0.0000,0.0000,0.0000,0.5000,"LeadPursuit",-1.527578
798,B0100,L7_rush_level_max,HABFM,7154.629736,26.477782,175.598374,157.671347,-25.332733,7832.713044,220.662301,9988.313879,-85.870597,-10860.869247,770.177693,10.754212,False,False,True,False,False,False,False,2-circle,-1.000000,-143.477578,88.350972,93.028777,6.971223,11.649028,21.155904,-67.658787,0.408073,2,2,2,0.0000,0.0000,0.0000,0.5000,"Pursue",1.301099
799,A0100,adaptive_eagle_v9,HABFM,6893.499056,24.287863,175.419350,159.962820,-23.088504,7823.124720,220.362909,9972.880139,-77.168704,-10964.227336,775.819357,13.811820,False,False,True,False,False,False,False,2-circle,-1.000000,-137.739489,88.350972,93.028777,6.971223,11.649028,16.585861,-72.231019,0.585179,2,4,3,0.0000,0.0000,0.0000,0.5000,"LeadPursuit",-1.162317
799,B0100,L7_rush_level_max,HABFM,6893.499056,24.287863,175.419350,159.962820,-23.088504,7823.124720,220.362909,9972.880139,-77.168704,-10964.227336,775.819357,13.811820,False,False,True,False,False,False,False,2-circle,-1.000000,-137.739489,88.350972,93.028777,6.971223,11.649028,16.585861,-72.231019,0.585179,2,2,2,0.0000,0.0000,0.0000,0.5000,"Pursue",1.095055
800,A0100,adaptive_eagle_v9,HABFM,6630.760509,22.389251,175.166249,162.161459,-21.059931,7813.649535,220.330873,9962.779939,-50.500998,-10997.523686,779.559503,15.148855,False,False,True,False,False,False,False,2-circle,-1.000000,-131.854769,88.350972,93.028777,6.971223,11.649028,15.112268,-73.708132,0.651039,2,4,3,0.0000,0.0000,0.0000,0.5000,"LeadPursuit",-1.514338
800,B0100,L7_rush_level_max,HABFM,6630.760509,22.389251,175.166249,162.161459,-21.059931,7813.649535,220.330873,9962.779939,-50.500998,-10997.523686,779.559503,15.148855,False,False,True,False,False,False,False,2-circle,-1.000000,-131.854769,88.350972,93.028777,6.971223,11.649028,15.112268,-73.708132,0.651039,2,2,2,0.0000,0.0000,0.0000,0.5000,"Pursue",1.317304
801,A0100,adaptive_eagle_v9,HABFM,6366.897431,20.925598,174.876414,163.807341,-19.461359,7804.046509,220.668111,9959.760861,-15.095393,-11030.409513,782.919429,11.121194,False,False,True,False,False,False,False,2-circle,-1.000000,-124.867184,88.350972,93.028777,6.971223,11.649028,20.515559,-68.318860,0.790089,2,4,3,0.0000,0.0000,0.0000,0.5000,"LeadPursuit",-1.527672
801,B0100,L7_rush_level_max,HABFM,6366.897431,20.925598,174.876414,163.807341,-19.461359,7804.046509,220.668111,9959.760861,-15.095393,-11030.409513,782.919429,11.121194,False,False,True,False,False,False,False,2-circle,-1.000000,-124.867184,88.350972,93.028777,6.971223,11.649028,20.515559,-68.318860,0.790089,2,2,2,0.0000,0.0000,0.0000,0.5000,"Pursue",1.401980
802,A0100,adaptive_eagle_v9,HABFM,6101.908591,19.384114,174.570570,165.576899,-17.845132,7794.412692,220.885703,9954.380462,-26.901990,-11057.980954,785.917028,8.638232,False,False,True,False,False,False,False,2-circle,-1.000000,-118.203654,88.350972,93.028777,6.971223,11.649028,25.932360,-62.914067,1.075423,2,4,3,0.0000,0.0000,0.0000,0.5000,"LeadPursuit",-2.170699
802,B0100,L7_rush_level_max,HABFM,6101.908591,19.384114,174.570570,165.576899,-17.845132,7794.412692,220.885703,9954.380462,-26.901990,-11057.980954,785.917028,8.638232,False,False,True,False,False,False,False,2-circle,-1.000000,-118.203654,88.350972,93.028777,6.971223,11.649028,25.932360,-62.914067,1.075423,2,2,2,0.0000,0.0000,0.0000,0.5000,"Pursue",2.063339
803,A0100,adaptive_eagle_v9,HABFM,5835.935814,17.366693,174.242715,167.671254,-15.823137,7785.191408,220.630469,9940.170375,-71.050436,-11114.240815,789.177129,8.496539,False,False,True,False,False,False,False,2-circle,-1.000000,-111.741137,88.350972,93.028777,6.971223,11.649028,26.359487,-62.497973,1.477290,2,4,3,0.0000,0.0000,0.0000,0.5000,"LeadPursuit",-2.740050
803,B0100,L7_rush_level_max,HABFM,5835.935814,17.366693,174.242715,167.671254,-15.823137,7785.191408,220.630469,9940.170375,-71.050436,-11114.240815,789.177129,8.496539,False,False,True,False,False,False,False,2-circle,-1.000000,-111.741137,88.350972,93.028777,6.971223,11.649028,26.359487,-62.497973,1.477290,2,2,2,0.0000,0.0000,0.0000,0.5000,"Pursue",2.695341
804,A0100,adaptive_eagle_v9,HABFM,5568.760427,15.193330,173.858985,169.635381,-13.625831,7776.669564,220.194862,9923.147458,-85.114584,-11229.533546,793.104787,9.781134,False,False,True,False,False,False,False,2-circle,-1.000000,-107.349349,88.350972,93.028777,6.971223,11.649028,23.226462,-65.620819,1.886279,2,4,3,0.0000,0.0000,0.0000,0.5000,"LeadPursuit",-2.229553
804,B0100,L7_rush_level_max,HABFM,5568.760427,15.193330,173.858985,169.635381,-13.625831,7776.669564,220.194862,9923.147458,-85.114584,-11229.533546,793.104787,9.781134,False,False,True,False,False,False,False,2-circle,-1.000000,-107.349349,88.350972,93.028777,6.971223,11.649028,23.226462,-65.620819,1.886279,2,3,2,0.0000,0.0000,0.0000,0.5000,"Pursue",2.470275
805,A0100,adaptive_eagle_v9,HABFM,5300.424097,13.353955,173.481052,171.441640,-11.650001,7768.669642,220.014882,9911.640054,-57.537021,-11300.909250,795.818693,10.402381,False,False,True,False,False,False,False,2-circle,-1.000000,-104.339762,88.350972,93.028777,6.971223,11.649028,21.919218,-66.901107,2.290902,2,4,3,0.0000,0.0000,0.0000,0.5000,"LeadPursuit",-2.202523
805,B0100,L7_rush_level_max,HABFM,5300.424097,13.353955,173.481052,171.441640,-11.650001,7768.669642,220.014882,9911.640054,-57.537021,-11300.909250,795.818693,10.402381,False,False,True,False,False,False,False,2-circle,-1.000000,-104.339762,88.350972,93.028777,6.971223,11.649028,21.919218,-66.901107,2.290902,2,3,2,0.0000,0.0000,0.0000,0.5000,"Pursue",2.396381
806,A0100,adaptive_eagle_v9,HABFM,5031.314848,11.993627,173.064944,172.446046,-10.125496,7760.908783,220.211955,9907.719939,-19.600575,-11362.965252,798.197834,8.333441,False,False,True,False,False,False,False,2-circle,-1.000000,-101.193365,88.350972,93.028777,6.971223,11.649028,26.804591,-61.987371,2.804269,2,4,3,0.0000,0.0000,0.0000,0.5000,"LeadPursuit",-1.929592
806,B0100,L7_rush_level_max,HABFM,5031.314848,11.993627,173.064944,172.446046,-10.125496,7760.908783,220.211955,9907.719939,-19.600575,-11362.965252,798.197834,8.333441,False,False,True,False,False,False,False,2-circle,-1.000000,-101.193365,88.350972,93.028777,6.971223,11.649028,26.804591,-61.987371,2.804269,2,3,2,0.0000,0.0000,0.0000,0.5000,"Pursue",2.235077
807,A0100,adaptive_eagle_v9,HABFM,4761.417729,10.852483,172.685641,173.236448,-8.859614,7753.347935,220.533525,9906.433539,-6.432002,-11408.413102,800.129353,6.282805,False,False,True,True,False,False,False,2-circle,-1.000000,-98.783907,88.350972,93.028777,6.971223,11.649028,33.922711,-54.828145,3.522481,2,4,3,0.0000,0.0000,0.0000,0.5000,"LeadPursuit",-2.581024
807,B0100,L7_rush_level_max,HABFM,4761.417729,10.852483,172.685641,173.236448,-8.859614,7753.347935,220.533525,9906.433539,-6.432002,-11408.413102,800.129353,6.282805,False,False,True,True,False,False,False,2-circle,-1.000000,-98.783907,88.350972,93.028777,6.971223,11.649028,33.922711,-54.828145,3.522481,2,3,2,0.0000,0.0000,0.0000,0.5000,"Pursue",3.100137
808,A0100,adaptive_eagle_v9,HABFM,4490.953406,9.437191,172.260714,173.784319,-7.471237,7746.303360,220.530659,9899.332990,-35.502743,-11472.831666,801.936933,5.334715,False,False,True,True,False,False,False,2-circle,-1.000000,-96.704228,88.350972,93.028777,6.971223,11.649028,38.393546,-50.306595,4.439842,2,4,3,0.0000,0.0000,0.0000,0.5000,"LeadPursuit",-3.767260
808,B0100,L7_rush_level_max,HABFM,4490.953406,9.437191,172.260714,173.784319,-7.471237,7746.303360,220.530659,9899.332990,-35.502743,-11472.831666,801.936933,5.334715,False,False,True,True,False,False,False,2-circle,-1.000000,-96.704228,88.350972,93.028777,6.971223,11.649028,38.393546,-50.306595,4.439842,2,3,2,0.0000,0.0000,0.0000,0.5000,"Pursue",4.784053
809,A0100,adaptive_eagle_v9,HABFM,4219.851897,7.616884,171.781918,173.744543,-5.768126,7740.324317,220.064044,9884.252520,-75.402351,-11590.090856,803.992696,5.697796,False,False,True,True,False,False,False,2-circle,-1.000000,-96.992681,88.350972,93.028777,6.971223,11.649028,36.521282,-52.087379,5.459367,2,4,3,0.0000,0.0000,0.0000,0.5000,"LeadPursuit",-4.895663
809,B0100,L7_rush_level_max,HABFM,4219.851897,7.616884,171.781918,173.744543,-5.768126,7740.324317,220.064044,9884.252520,-75.402351,-11590.090856,803.992696,5.697796,False,False,True,True,False,False,False,2-circle,-1.000000,-96.992681,88.350972,93.028777,6.971223,11.649028,36.521282,-52.087379,5.459367,2,3,2,0.0000,0.0000,0.0000,0.5000,"Pursue",6.609736
810,A0100,adaptive_eagle_v9,HABFM,3948.250490,5.708032,171.318186,173.215953,-3.872373,7735.709170,219.384817,9866.423342,-89.145891,-11680.289397,804.905038,6.993591,False,False,True,True,False,False,False,2-circle,-1.000000,-99.384460,88.350972,93.028777,6.971223,11.649028,30.949344,-57.522460,6.438685,2,4,3,0.0000,0.0000,0.0000,0.5000,"LeadPursuit",-6.710944
810,B0100,L7_rush_level_max,HABFM,3948.250490,5.708032,171.318186,173.215953,-3.872373,7735.709170,219.384817,9866.423342,-89.145891,-11680.289397,804.905038,6.993591,False,False,True,True,False,False,False,2-circle,-1.000000,-99.384460,88.350972,93.028777,6.971223,11.649028,30.949344,-57.522460,6.438685,2,4,2,0.0000,0.0000,0.0000,0.5000,"Pursue",8.093244
811,A0100,adaptive_eagle_v9,HABFM,3676.425465,4.348003,170.811219,171.782019,-2.160280,7732.191989,218.961912,9854.699389,-58.619764,-11778.970100,805.823382,7.828682,False,False,True,True,False,False,False,2-circle,-1.000000,-102.624562,88.350972,93.028777,6.971223,11.649028,27.971885,-60.328104,7.311501,2,4,3,0.0000,0.0000,0.0000,0.5000,"LeadPursuit",-9.485854
811,B0100,L7_rush_level_max,HABFM,3676.425465,4.348003,170.811219,171.782019,-2.160280,7732.191989,218.961912,9854.699389,-58.619764,-11778.970100,805.823382,7.828682,False,False,True,True,False,False,False,2-circle,-1.000000,-102.624562,88.350972,93.028777,6.971223,11.649028,27.971885,-60.328104,7.311501,2,4,2,0.0000,0.0000,0.0000,0.5000,"Pursue",8.052523
812,A0100,adaptive_eagle_v9,HABFM,3404.273109,3.686873,170.283185,170.426900,-0.901506,7729.350727,218.911272,9850.876482,-19.114536,-11858.858751,806.549030,6.574080,False,False,True,True,False,False,False,2-circle,-1.000000,-106.604840,88.350972,93.028777,6.971223,11.649028,32.249258,-55.837076,8.203955,2,4,3,0.0000,0.0000,0.0000,0.5000,"LeadPursuit",-5.155049
812,B0100,L7_rush_level_max,HABFM,3404.273109,3.686873,170.283185,170.426900,-0.901506,7729.350727,218.911272,9850.876482,-19.114536,-11858.858751,806.549030,6.574080,False,False,True,True,False,False,False,2-circle,-1.000000,-106.604840,88.350972,93.028777,6.971223,11.649028,32.249258,-55.837076,8.203955,2,4,2,0.0000,0.0000,0.0000,0.5000,"Pursue",2.853687
813,A0100,adaptive_eagle_v9,OBFM,3131.899140,3.477236,169.685705,169.168845,-0.074070,7727.017213,219.114605,9852.485900,8.047091,-11940.753847,807.390710,4.851159,False,False,True,True,False,False,False,2-circle,-1.000000,-110.764904,88.350972,93.028777,6.971223,11.649028,40.409259,-47.421110,9.258289,2,2,2,0.0000,0.0000,0.0000,0.5000,"LeadPursuit",8.289989
813,B0100,L7_rush_level_max,OBFM,3131.899140,3.477236,169.685705,169.168845,-0.074070,7727.017213,219.114605,9852.485900,8.047091,-11940.753847,807.390710,4.851159,False,False,True,True,False,False,False,2-circle,-1.000000,-110.764904,88.350972,93.028777,6.971223,11.649028,40.409259,-47.421110,9.258289,2,4,1,0.0000,0.0000,0.0000,0.5000,"Pursue",-5.268858
814,A0100,adaptive_eagle_v9,DBFM,2859.312836,3.292908,169.034593,168.142057,0.541555,7725.273985,219.226988,9852.923516,2.188080,-11997.528879,807.403895,3.409659,True,True,True,True,False,False,False,2-circle,1.000000,-115.944195,88.345512,92.786624,7.213376,11.654488,50.075036,-37.426222,10.588987,2,2,2,0.0000,0.0000,0.0000,0.5000,"LeadPursuit",4.988072
814,B0100,L7_rush_level_max,DBFM,2859.312836,3.292908,169.034593,168.142057,0.541555,7725.273985,219.226988,9852.923516,2.188080,-11997.528879,807.403895,3.409659,True,True,True,True,False,False,False,2-circle,1.000000,-115.944195,88.345512,92.786624,7.213376,11.654488,50.075036,-37.426222,10.588987,2,4,1,0.0000,0.0000,0.0000,0.5000,"Pursue",-5.271810
815,A0100,adaptive_eagle_v9,DBFM,2586.961727,3.040490,168.566703,167.726576,0.872727,7724.413129,219.240814,9852.331038,-2.962388,-11971.727822,805.991059,2.407701,True,True,True,True,False,False,False,2-circle,1.000000,-120.196724,88.340467,92.141231,7.858769,11.659533,58.733953,-28.387893,12.149735,2,2,2,0.0000,0.0000,0.0000,0.5000,"LeadPursuit",4.230690
815,B0100,L7_rush_level_max,DBFM,2586.961727,3.040490,168.566703,167.726576,0.872727,7724.413129,219.240814,9852.331038,-2.962388,-11971.727822,805.991059,2.407701,True,True,True,True,False,False,False,2-circle,1.000000,-120.196724,88.340467,92.141231,7.858769,11.659533,58.733953,-28.387893,12.149735,2,4,1,0.0000,0.0000,0.0000,0.5000,"Pursue",-4.930717
816,A0100,adaptive_eagle_v9,DBFM,2314.853575,2.697099,168.725159,168.257319,0.903219,7724.567345,219.227427,9852.225395,-0.528217,-11902.798814,804.986707,1.716029,True,True,True,True,False,False,False,2-circle,1.000000,-121.964022,88.248064,91.187124,8.812876,11.751936,65.652313,-21.064290,13.863878,2,2,2,0.0000,0.0000,0.0000,0.5000,"LeadPursuit",6.023961
816,B0100,L7_rush_level_max,DBFM,2314.853575,2.697099,168.725159,168.257319,0.903219,7724.567345,219.227427,9852.225395,-0.528217,-11902.798814,804.986707,1.716029,True,True,True,True,False,False,False,2-circle,1.000000,-121.964022,88.248064,91.187124,8.812876,11.751936,65.652313,-21.064290,13.863878,2,4,1,0.0000,0.0000,0.0000,0.5000,"Pursue",-6.282614
817,A0100,adaptive_eagle_v9,DBFM,2042.584179,2.124699,169.963137,169.971210,0.804154,7725.892410,218.908677,9847.367867,-24.287641,-11817.803035,805.250754,1.340076,True,True,True,True,False,False,False,2-circle,1.000000,-120.285287,87.773884,90.048931,9.951069,12.226116,69.590164,-16.717325,15.197718,2,2,2,0.0000,0.0000,0.0000,0.5000,"LeadPursuit",6.770710
817,B0100,L7_rush_level_max,DBFM,2042.584179,2.124699,169.963137,169.971210,0.804154,7725.892410,218.908677,9847.367867,-24.287641,-11817.803035,805.250754,1.340076,True,True,True,True,False,False,False,2-circle,1.000000,-120.285287,87.773884,90.048931,9.951069,12.226116,69.590164,-16.717325,15.197718,2,4,1,0.0000,0.0000,0.0000,0.5000,"Pursue",-6.205800
818,A0100,adaptive_eagle_v9,DBFM,1769.942197,1.790320,171.812755,172.217916,0.657858,7728.490977,218.731526,9846.534228,-4.168196,-11728.575690,806.245155,1.234278,True,True,True,True,False,False,False,2-circle,1.000000,-117.414382,86.665463,88.814914,11.185086,13.334537,70.366078,-15.451901,14.376140,2,2,2,0.0000,0.0000,0.0000,0.5000,"LeadPursuit",4.646596
818,B0100,L7_rush_level_max,DBFM,1769.942197,1.790320,171.812755,172.217916,0.657858,7728.490977,218.731526,9846.534228,-4.168196,-11728.575690,806.245155,1.234278,True,True,True,True,False,False,False,2-circle,1.000000,-117.414382,86.665463,88.814914,11.185086,13.334537,70.366078,-15.451901,14.376140,2,4,1,0.0000,0.0000,0.0000,0.5000,"Pursue",-4.328782
819,A0100,adaptive_eagle_v9,DBFM,1496.739777,2.090058,173.603167,174.696006,0.506995,7731.828338,219.089925,9856.818236,51.420041,-11686.721898,808.222144,1.158732,True,True,True,True,False,False,False,2-circle,1.000000,-116.775321,84.993823,87.544269,12.455731,15.006177,70.492014,-14.570795,12.078184,2,3,1,0.0000,0.0000,0.0000,0.5000,"LeadPursuit",-0.060445
819,B0100,L7_rush_level_max,DBFM,1496.739777,2.090058,173.603167,174.696006,0.506995,7731.828338,219.089925,9856.818236,51.420041,-11686.721898,808.222144,1.158732,True,True,True,True,False,False,False,2-circle,1.000000,-116.775321,84.993823,87.544269,12.455731,15.006177,70.492014,-14.570795,12.078184,2,4,0,0.0000,0.0000,0.0000,0.5000,"Pursue",-1.112896
820,A0100,adaptive_eagle_v9,DBFM,1222.782782,3.235375,174.339891,177.067439,0.411182,7735.334523,219.811963,9874.353841,87.678026,-11687.661160,809.892806,1.009027,True,True,True,True,False,False,False,2-circle,1.000000,-119.216944,83.178419,86.345144,13.654856,16.821581,71.026154,-12.795118,9.168828,2,4,1,0.0000,0.0000,0.0000,0.5000,"LeadPursuit",-3.189507
820,B0100,L7_rush_level_max,DBFM,1222.782782,3.235375,174.339891,177.067439,0.411182,7735.334523,219.811963,9874.353841,87.678026,-11687.661160,809.892806,1.009027,True,True,True,True,False,False,False,2-circle,1.000000,-119.216944,83.178419,86.345144,13.654856,16.821581,71.026154,-12.795118,9.168828,2,4,0,0.0000,0.0000,0.0000,0.5000,"Pursue",0.744012
821,A0100,adaptive_eagle_v9,DBFM,948.160659,5.512682,173.067318,178.516741,0.542244,7738.494704,220.755983,9895.926239,107.861988,-11695.810739,809.349842,0.780728,True,True,True,True,False,False,False,2-circle,1.000000,-123.602541,81.850290,85.454002,14.545998,18.149710,71.755756,-10.008355,6.030610,2,4,1,0.0000,0.0000,0.0000,0.5000,"LeadPursuit",-3.334513
821,B0100,L7_rush_level_max,DBFM,948.160659,5.512682,173.067318,178.516741,0.542244,7738.494704,220.755983,9895.926239,107.861988,-11695.810739,809.349842,0.780728,True,True,True,True,False,False,False,2-circle,1.000000,-123.602541,81.850290,85.454002,14.545998,18.149710,71.755756,-10.008355,6.030610,2,4,0,0.0000,0.0000,0.0000,0.5000,"Pursue",0.483303
822,A0100,adaptive_eagle_v9,DBFM,673.365876,9.635457,168.613897,176.504969,1.371987,7740.821240,221.809372,9918.891296,114.825288,-11647.803426,800.632055,0.501175,False,False,True,True,False,False,False,2-circle,1.000000,-127.704901,81.850290,85.454002,14.545998,18.149710,71.690537,-6.493821,2.814261,2,0,1,0.0000,0.0000,0.0000,0.5000,"SmartGunAttack",-2.296227
822,B0100,L7_rush_level_max,DBFM,673.365876,9.635457,168.613897,176.504969,1.371987,7740.821240,221.809372,9918.891296,114.825288,-11647.803426,800.632055,0.501175,False,False,True,True,False,False,False,2-circle,1.000000,-127.704901,81.850290,85.454002,14.545998,18.149710,71.690537,-6.493821,2.814261,2,5,0,0.0000,0.0000,0.0000,0.5000,"GunAttack",-0.114034
823,A0100,adaptive_eagle_v9,DBFM,400.202771,18.410720,158.659275,173.587765,4.590870,7741.736102,223.169136,9946.592568,138.506358,-11443.224594,761.941789,0.089104,False,False,True,True,False,False,False,2-circle,1.000000,-128.263477,81.850290,85.454002,14.545998,18.149710,69.798214,-1.166411,-0.425842,2,5,2,0.0000,0.0000,0.0000,0.5000,"LeadPursuit",2.257742
823,B0100,L7_rush_level_max,DBFM,400.202771,18.410720,158.659275,173.587765,4.590870,7741.736102,223.169136,9946.592568,138.506358,-11443.224594,761.941789,0.089104,False,False,True,True,False,False,False,2-circle,1.000000,-128.263477,81.850290,85.454002,14.545998,18.149710,69.798214,-1.166411,-0.425842,2,6,0,0.0000,0.0000,0.0000,0.5000,"GunAttack",1.870787
824,A0100,adaptive_eagle_v9,DBFM,139.060313,48.771929,127.444833,171.135727,24.572900,7740.331391,224.848248,9978.491096,159.492642,-11237.304996,506.545958,0.581080,False,False,True,True,False,False,False,2-circle,1.000000,-123.139865,81.850290,85.454002,14.545998,18.149710,56.079881,7.618975,-3.622678,2,8,2,0.0000,0.0000,0.0000,0.5000,"LeadPursuit",5.786077
824,B0100,L7_rush_level_max,DBFM,139.060313,48.771929,127.444833,171.135727,24.572900,7740.331391,224.848248,9978.491096,159.492642,-11237.304996,506.545958,0.581080,False,False,True,True,False,False,False,2-circle,1.000000,-123.139865,81.850290,85.454002,14.545998,18.149710,56.079881,7.618975,-3.622678,2,6,1,0.0000,0.0000,0.0000,0.5000,"Pursue",3.975711
825,A0100,adaptive_eagle_v9,HABFM,170.244500,138.286387,38.384013,170.610423,149.033974,7736.207528,226.506699,10007.505744,145.073238,-11292.596645,-630.134840,1.507125,False,False,False,False,False,False,False,2-circle,1.000000,-114.073234,81.850290,85.454002,14.545998,18.149710,-19.463315,19.262372,-6.242561,2,8,2,0.0000,0.0000,0.0000,0.5000,"LeadPursuit",-0.436234
825,B0100,L7_rush_level_max,HABFM,170.244500,138.286387,38.384013,170.610423,149.033974,7736.207528,226.506699,10007.505744,145.073238,-11292.596645,-630.134840,1.507125,False,False,False,False,False,False,False,2-circle,1.000000,-114.073234,81.850290,85.454002,14.545998,18.149710,-19.463315,19.262372,-6.242561,2,8,0,0.0000,0.0000,0.0000,0.5000,"Pursue",-0.444755
826,A0100,adaptive_eagle_v9,HABFM,435.655018,162.618025,14.842504,170.134172,164.571128,7729.596436,227.991173,10030.763376,116.288161,-11381.042536,-789.767508,2.774518,False,False,False,False,False,False,False,2-circle,1.000000,-104.473166,81.850290,85.454002,14.545998,18.149710,-39.149135,32.920809,-6.186161,2,8,2,0.0000,0.0000,0.0000,0.5000,"LeadPursuit",-0.109534
826,B0100,L7_rush_level_max,HABFM,435.655018,162.618025,14.842504,170.134172,164.571128,7729.596436,227.991173,10030.763376,116.288161,-11381.042536,-789.767508,2.774518,False,False,False,False,False,False,False,2-circle,1.000000,-104.473166,81.850290,85.454002,14.545998,18.149710,-39.149135,32.920809,-6.186161,2,8,0,0.0000,0.0000,0.0000,0.5000,"Pursue",-0.094327
827,A0100,adaptive_eagle_v9,HABFM,709.868589,168.150519,9.488717,169.011113,168.229764,7721.294100,229.743984,10057.980082,136.083531,-11462.613077,-811.562955,4.588788,False,False,False,False,False,False,False,2-circle,1.000000,-97.617996,81.850290,85.454002,14.545998,18.149710,-32.867660,47.171816,-3.451148,2,8,2,0.0000,0.0000,0.0000,0.5000,"LeadPursuit",-0.038852
827,B0100,L7_rush_level_max,HABFM,709.868589,168.150519,9.488717,169.011113,168.229764,7721.294100,229.743984,10057.980082,136.083531,-11462.613077,-811.562955,4.588788,False,False,False,False,False,False,False,2-circle,1.000000,-97.617996,81.850290,85.454002,14.545998,18.149710,-32.867660,47.171816,-3.451148,2,8,0,0.0000,0.0000,0.0000,0.5000,"Pursue",-0.034176
828,A0100,adaptive_eagle_v9,HABFM,986.804957,169.223058,6.754744,168.353919,169.193406,7712.161917,231.189523,10078.345061,101.824894,-11583.941880,-821.061294,6.770977,False,False,False,False,False,False,False,2-circle,1.000000,-92.743593,81.850290,85.454002,14.545998,18.149710,-25.288361,58.020097,-0.582712,2,8,2,0.0000,0.0000,0.0000,0.5000,"LeadPursuit",-0.003424
828,B0100,L7_rush_level_max,HABFM,986.804957,169.223058,6.754744,168.353919,169.193406,7712.161917,231.189523,10078.345061,101.824894,-11583.941880,-821.061294,6.770977,False,False,False,False,False,False,False,2-circle,1.000000,-92.743593,81.850290,85.454002,14.545998,18.149710,-25.288361,58.020097,-0.582712,2,8,0,0.0000,0.0000,0.0000,0.5000,"Pursue",-0.013330
829,A0100,adaptive_eagle_v9,HABFM,1265.269036,168.754366,4.070656,168.811645,168.921256,7702.940566,232.020656,10086.167292,39.111156,-11661.412736,-826.118720,8.284566,False,False,False,False,False,False,False,2-circle,1.000000,-85.391502,81.850290,85.454002,14.545998,18.149710,-22.207922,63.043698,1.238325,2,8,2,0.0000,0.0000,0.0000,0.5000,"LeadPursuit",0.006389
829,B0100,L7_rush_level_max,HABFM,1265.269036,168.754366,4.070656,168.811645,168.921256,7702.940566,232.020656,10086.167292,39.111156,-11661.412736,-826.118720,8.284566,False,False,False,False,False,False,False,2-circle,1.000000,-85.391502,81.850290,85.454002,14.545998,18.149710,-22.207922,63.043698,1.238325,2,8,0,0.0000,0.0000,0.0000,0.5000,"Pursue",-0.004870
830,A0100,adaptive_eagle_v9,HABFM,1543.880767,167.977450,2.761403,169.729989,168.388633,7693.790298,232.731881,10091.650274,27.414910,-11541.253650,-825.132414,9.116029,False,False,False,False,False,False,False,2-circle,1.000000,-73.543816,81.850290,85.454002,14.545998,18.149710,-21.426456,65.257759,2.129346,2,8,2,0.0000,0.0000,0.0000,0.5000,"LeadPursuit",0.013133
830,B0100,L7_rush_level_max,HABFM,1543.880767,167.977450,2.761403,169.729989,168.388633,7693.790298,232.731881,10091.650274,27.414910,-11541.253650,-825.132414,9.116029,False,False,False,False,False,False,False,2-circle,1.000000,-73.543816,81.850290,85.454002,14.545998,18.149710,-21.426456,65.257759,2.129346,2,8,0,0.0000,0.0000,0.0000,0.5000,"Pursue",-0.000409
831,A0100,adaptive_eagle_v9,HABFM,1821.756851,167.132689,4.059055,171.053783,167.776764,7684.672329,233.309364,10094.446787,13.982563,-11464.705338,-823.193978,9.485249,False,False,False,False,False,False,False,2-circle,1.000000,-58.132398,81.850290,85.454002,14.545998,18.149710,-21.642586,66.160484,2.502817,2,8,2,0.0000,0.0000,0.0000,0.5000,"LeadPursuit",0.018214
831,B0100,L7_rush_level_max,HABFM,1821.756851,167.132689,4.059055,171.053783,167.776764,7684.672329,233.309364,10094.446787,13.982563,-11464.705338,-823.193978,9.485249,False,False,False,False,False,False,False,2-circle,1.000000,-58.132398,81.850290,85.454002,14.545998,18.149710,-21.642586,66.160484,2.502817,2,8,0,0.0000,0.0000,0.0000,0.5000,"Pursue",0.002049
832,A0100,adaptive_eagle_v9,HABFM,2098.690660,166.315415,6.203377,172.483345,167.158787,7675.586795,233.780382,10095.101054,3.271336,-11375.816431,-819.725510,9.619998,False,False,False,False,False,False,False,2-circle,1.000000,-40.257611,81.850290,85.454002,14.545998,18.149710,-22.197671,66.496952,2.633546,1,8,4,0.0000,0.0000,0.0000,0.5000,"HeadOnBreak",0.019487
832,B0100,L7_rush_level_max,HABFM,2098.690660,166.315415,6.203377,172.483345,167.158787,7675.586795,233.780382,10095.101054,3.271336,-11375.816431,-819.725510,9.619998,False,False,False,False,False,False,False,2-circle,1.000000,-40.257611,81.850290,85.454002,14.545998,18.149710,-22.197671,66.496952,2.633546,2,8,0,0.0000,0.0000,0.0000,0.5000,"Pursue",0.003815
833,A0100,adaptive_eagle_v9,HABFM,2374.497932,165.543628,8.228236,173.705847,166.541284,7666.548593,234.171657,10094.168641,-4.662064,-11300.793172,-815.806741,9.674381,False,False,False,False,False,False,False,2-circle,1.000000,-21.368610,81.850290,85.454002,14.545998,18.149710,-22.748237,66.646637,2.662323,1,0,4,0.0000,0.0000,0.0000,0.5000,"HeadOnBreak",0.025552
833,B0100,L7_rush_level_max,HABFM,2374.497932,165.543628,8.228236,173.705847,166.541284,7666.548593,234.171657,10094.168641,-4.662064,-11300.793172,-815.806741,9.674381,False,False,False,False,False,False,False,2-circle,1.000000,-21.368610,81.850290,85.454002,14.545998,18.149710,-22.748237,66.646637,2.662323,2,8,0,0.0000,0.0000,0.0000,0.5000,"Pursue",0.005070
834,A0100,adaptive_eagle_v9,HABFM,2648.924674,164.828304,10.423198,174.969075,165.932821,7657.573497,234.506385,10092.138650,-10.149954,-11190.295786,-810.118877,9.726506,False,False,False,False,False,False,False,2-circle,1.000000,-2.889242,81.850290,85.454002,14.545998,18.149710,-23.142415,66.785122,2.653614,1,0,4,0.0000,0.0000,0.0000,0.5000,"HeadOnBreak",-199.963803
834,B0100,L7_rush_level_max,HABFM,2648.924674,164.828304,10.423198,174.969075,165.932821,7657.573497,234.506385,10092.138650,-10.149954,-11190.295786,-810.118877,9.726506,False,False,False,False,False,False,False,2-circle,1.000000,-2.889242,81.850290,85.454002,14.545998,18.149710,-23.142415,66.785122,2.653614,2,8,0,0.0000,0.0000,0.0000,0.5000,"Pursue",0.005420
