step,agent_id,tree_name,bfm_situation,distance_ft,ata_deg,aa_deg,hca_deg,relative_bearing_deg,ego_altitude_ft,ego_vc_kts,specific_energy_ft,ps_fts,energy_diff_ft,closure_rate_kts,turn_rate_degs,in_wez,enm_in_wez,in_39_line,overshoot_risk,energy_advantage,alt_advantage,spd_advantage,tc_type,side_flag,alt_gap_ft,ego_health,enm_health,ego_damage_dealt,enm_damage_dealt,tau_deg,roll_deg,pitch_deg,action_alt,action_hdg,action_vel,aileron,elevator,rudder,throttle,active_node,reward
0,A0100,adaptive_eagle_v6h_e1c,HABFM,3297.631970,90.000000,90.000000,180.000000,-90.000000,15000.000480,386.782661,21622.867763,0.000000,0.000000,-0.000000,0.000000,False,False,False,False,True,True,True,2-circle,-1.000000,0.000000,100.000000,100.000000,0.000000,0.000000,90.000000,-0.000000,0.000000,2,0,3,0.0000,0.0000,0.0000,0.5000,"LeadPursuit",-0.238352
0,B0100,defensive,HABFM,3297.631970,90.000000,90.000000,180.000000,-90.000000,15000.000480,386.782661,21622.867763,0.000000,0.000000,-0.000000,0.000000,False,False,False,False,True,True,True,2-circle,-1.000000,0.000000,100.000000,100.000000,0.000000,0.000000,90.000000,-0.000000,0.000000,2,0,3,0.0000,0.0000,0.0000,0.5000,"LeadPursuit",-0.238352
1,A0100,adaptive_eagle_v6h_e1c,HABFM,3313.135949,95.508165,84.491832,179.200243,-95.508300,15000.271004,387.161443,21636.116378,66.243076,-0.002895,-91.078739,0.214497,False,False,False,False,False,True,False,2-circle,-1.000000,0.000001,100.000000,100.000000,0.000000,0.000000,84.676959,-5.323041,0.884041,2,0,3,0.0000,0.0000,0.0000,0.5000,"LeadPursuit",-0.191869
1,B0100,defensive,HABFM,3313.135949,95.508165,84.491832,179.200243,-95.508300,15000.271004,387.161443,21636.116378,66.243076,-0.002895,-91.078739,0.214497,False,False,False,False,False,True,False,2-circle,-1.000000,0.000001,100.000000,100.000000,0.000000,0.000000,84.676959,-5.323041,0.884041,2,0,3,0.0000,0.0000,0.0000,0.5000,"LeadPursuit",-0.191868
2,A0100,adaptive_eagle_v6h_e1c,HABFM,3357.903973,100.417304,79.582647,175.622633,-100.424994,15003.619675,386.218175,21607.169702,-144.733378,-0.005699,-171.179528,0.896164,False,False,False,False,False,True,False,2-circle,-1.000000,0.000012,100.000000,100.000000,0.000000,0.000000,68.774359,-21.225642,6.541938,2,0,3,0.0000,0.0000,0.0000,0.5000,"LeadPursuit",-0.136122
2,B0100,defensive,HABFM,3357.903973,100.417304,79.582647,175.622633,-100.424994,15003.619675,386.218175,21607.169702,-144.733378,-0.005699,-171.179528,0.896164,False,False,False,False,False,True,False,2-circle,-1.000000,0.000012,100.000000,100.000000,0.000000,0.000000,68.774359,-21.225642,6.541938,2,0,3,0.0000,0.0000,0.0000,0.5000,"LeadPursuit",-0.136118
3,A0100,adaptive_eagle_v6h_e1c,HABFM,3426.414481,104.194566,75.805256,171.429517,-104.235197,15012.705996,384.826105,21568.738646,-192.155282,-0.007179,-231.379942,2.091030,False,False,False,False,False,True,False,2-circle,-1.000000,0.000106,100.000000,100.000000,0.000000,0.000000,47.910491,-42.089511,11.036261,2,0,3,0.0000,0.0000,0.0000,0.5000,"LeadPursuit",-0.092518
3,B0100,defensive,HABFM,3426.414481,104.194566,75.805256,171.429517,-104.235197,15012.705996,384.826105,21568.738646,-192.155282,-0.007179,-231.379942,2.091030,False,False,False,False,False,True,False,2-circle,-1.000000,0.000106,100.000000,100.000000,0.000000,0.000000,47.910491,-42.089511,11.036261,2,0,3,0.0000,0.0000,0.0000,0.5000,"LeadPursuit",-0.092511
4,A0100,adaptive_eagle_v6h_e1c,HABFM,3512.035537,106.916782,73.082826,168.400265,-107.006464,15026.854298,382.939999,21518.779707,-249.794696,-0.007902,-273.338078,4.863555,False,False,False,False,False,True,False,2-circle,-1.000000,0.000423,100.000000,100.000000,0.000000,0.000000,25.554159,-64.445849,13.130524,2,0,3,0.0000,0.0000,0.0000,0.5000,"LeadPursuit",-0.067064
4,B0100,defensive,HABFM,3512.035537,106.916782,73.082826,168.400265,-107.006464,15026.854298,382.939999,21518.779707,-249.794696,-0.007902,-273.338078,4.863555,False,False,False,False,False,True,False,2-circle,-1.000000,0.000423,100.000000,100.000000,0.000000,0.000000,25.554159,-64.445849,13.130524,2,0,3,0.0000,0.0000,0.0000,0.5000,"LeadPursuit",-0.067056
5,A0100,adaptive_eagle_v6h_e1c,HABFM,3609.694135,108.974634,71.024698,167.233036,-109.097573,15043.878105,381.121814,21474.303041,-222.383329,-0.006245,-304.125467,51.182937,False,False,False,False,False,True,False,2-circle,-1.000000,0.001143,100.000000,100.000000,0.000000,0.000000,2.612590,-87.387430,13.301779,2,0,3,0.0000,0.0000,0.0000,0.5000,"LeadPursuit",-0.067112
5,B0100,defensive,HABFM,3609.694135,108.974634,71.024698,167.233036,-109.097573,15043.878105,381.121814,21474.303041,-222.383329,-0.006245,-304.125467,51.182937,False,False,False,False,False,True,False,2-circle,-1.000000,0.001143,100.000000,100.000000,0.000000,0.000000,2.612590,-87.387430,13.301779,2,0,3,0.0000,0.0000,0.0000,0.5000,"LeadPursuit",-0.067103
6,A0100,adaptive_eagle_v6h_e1c,HABFM,3717.577665,111.109594,68.889433,167.826857,-111.235030,15061.106609,380.295904,21463.691626,-53.057073,-0.001159,-336.252309,134.042873,False,False,False,False,False,True,False,2-circle,-1.000000,0.002459,100.000000,100.000000,0.000000,0.000000,-12.043079,-102.043123,11.973938,2,6,4,0.0000,0.0000,0.0000,0.5000,"ExtensionBreak",-0.077017
6,B0100,defensive,HABFM,3717.577665,111.109594,68.889433,167.826857,-111.235030,15061.106609,380.295904,21463.691626,-53.057073,-0.001159,-336.252309,134.042873,False,False,False,False,False,True,False,2-circle,-1.000000,0.002459,100.000000,100.000000,0.000000,0.000000,-12.043079,-102.043123,11.973938,2,0,3,0.0000,0.0000,0.0000,0.5000,"LeadPursuit",-0.071481
7,A0100,adaptive_eagle_v6h_e1c,HABFM,3837.234317,113.471918,66.340230,168.769767,-113.591305,15077.145191,380.320744,21480.566646,84.375099,-5.518992,-373.422108,134.004644,False,False,False,False,False,True,False,2-circle,-1.000000,0.009480,100.000000,100.000000,0.000000,0.000000,-10.081792,-100.081965,10.043617,2,6,4,0.0000,0.0000,0.0000,0.5000,"ExtensionBreak",-0.089273
7,B0100,defensive,HABFM,3837.234317,113.471918,66.340230,168.769767,-113.591305,15077.145191,380.320744,21480.566646,84.375099,-5.518992,-373.422108,134.004644,False,False,False,False,False,True,False,2-circle,-1.000000,0.009480,100.000000,100.000000,0.000000,0.000000,-10.081792,-100.081965,10.043617,2,0,3,0.0000,0.0000,0.0000,0.5000,"LeadPursuit",-0.054048
8,A0100,adaptive_eagle_v6h_e1c,HABFM,3969.682841,115.322657,63.245390,169.353560,-115.432789,15091.899488,379.888000,21480.757107,0.952307,-92.090303,-410.566028,134.122545,False,False,False,False,False,True,False,2-circle,-1.000000,0.357775,100.000000,100.000000,0.000000,0.000000,-2.883956,-92.890627,8.593338,2,6,4,0.0000,0.0000,0.0000,0.5000,"ExtensionBreak",-0.083074
8,B0100,defensive,HABFM,3969.682841,115.322657,63.245390,169.353560,-115.432789,15091.899488,379.888000,21480.757107,0.952307,-92.090303,-410.566028,134.122545,False,False,False,False,False,True,False,2-circle,-1.000000,0.357775,100.000000,100.000000,0.000000,0.000000,-2.883956,-92.890627,8.593338,2,0,3,0.0000,0.0000,0.0000,0.5000,"LeadPursuit",-0.037042
9,A0100,adaptive_eagle_v6h_e1c,HABFM,4113.663836,116.625922,60.221250,169.261022,-116.731978,15105.710531,378.830368,21459.043702,-108.567024,-204.091863,-442.163295,24.753613,False,False,False,False,False,True,False,2-circle,-1.000000,1.278743,100.000000,100.000000,0.000000,0.000000,5.440480,-84.583968,7.975375,2,6,4,0.0000,0.0000,0.0000,0.5000,"ExtensionBreak",-0.087876
9,B0100,defensive,HABFM,4113.663836,116.625922,60.221250,169.261022,-116.731978,15105.710531,378.830368,21459.043702,-108.567024,-204.091863,-442.163295,24.753613,False,False,False,False,False,True,False,2-circle,-1.000000,1.278743,100.000000,100.000000,0.000000,0.000000,5.440480,-84.583968,7.975375,2,0,3,0.0000,0.0000,0.0000,0.5000,"LeadPursuit",-0.018395
10,A0100,adaptive_eagle_v6h_e1c,HABFM,4267.910126,117.284745,56.856961,168.226281,-117.395741,15119.315520,377.053822,21413.199789,-229.219568,-381.409001,-470.836150,17.597684,False,False,False,False,False,True,False,2-circle,-1.000000,2.244187,100.000000,100.000000,0.000000,0.000000,7.672797,-82.371368,7.730117,2,6,4,0.0000,0.0000,0.0000,0.5000,"ExtensionBreak",-0.089966
10,B0100,defensive,HABFM,4267.910126,117.284745,56.856961,168.226281,-117.395741,15119.315520,377.053822,21413.199789,-229.219568,-381.409001,-470.836150,17.597684,False,False,False,False,False,True,False,2-circle,-1.000000,2.244187,100.000000,100.000000,0.000000,0.000000,7.672797,-82.371368,7.730117,2,0,3,0.0000,0.0000,0.0000,0.5000,"LeadPursuit",0.005661
11,A0100,adaptive_eagle_v6h_e1c,HABFM,4430.938845,117.082188,53.219738,166.334742,-117.187658,15132.948138,374.356048,21337.090646,-380.545715,-618.294299,-494.154362,135.933164,False,False,False,False,False,True,False,2-circle,-1.000000,2.444641,100.000000,100.000000,0.000000,0.000000,-2.353797,-92.403518,7.279279,2,6,4,0.0000,0.0000,0.0000,0.5000,"ExtensionBreak",-0.084996
11,B0100,defensive,HABFM,4430.938845,117.082188,53.219738,166.334742,-117.187658,15132.948138,374.356048,21337.090646,-380.545715,-618.294299,-494.154362,135.933164,False,False,False,False,False,True,False,2-circle,-1.000000,2.444641,100.000000,100.000000,0.000000,0.000000,-2.353797,-92.403518,7.279279,2,0,3,0.0000,0.0000,0.0000,0.5000,"LeadPursuit",0.002183
12,A0100,adaptive_eagle_v6h_e1c,HABFM,4601.643001,117.001850,49.589325,164.403211,-117.081500,15145.413880,372.324913,21282.415696,-273.374747,-835.070170,-517.950085,136.616495,False,False,False,False,False,True,False,2-circle,-1.000000,1.805146,100.000000,100.000000,0.000000,0.000000,-9.350640,-99.388748,6.527259,2,6,4,0.0000,0.0000,0.0000,0.5000,"ExtensionBreak",-0.073566
12,B0100,defensive,HABFM,4601.643001,117.001850,49.589325,164.403211,-117.081500,15145.413880,372.324913,21282.415696,-273.374747,-835.070170,-517.950085,136.616495,False,False,False,False,False,True,False,2-circle,-1.000000,1.805146,100.000000,100.000000,0.000000,0.000000,-9.350640,-99.388748,6.527259,2,0,3,0.0000,0.0000,0.0000,0.5000,"LeadPursuit",-0.013037
13,A0100,adaptive_eagle_v6h_e1c,HABFM,4780.780579,117.464489,46.282560,162.722066,-117.527630,15156.122254,371.581508,21268.641576,-68.870601,-991.894352,-543.338920,136.856702,False,False,False,False,False,False,False,2-circle,-1.000000,-0.494000,100.000000,100.000000,0.000000,0.000000,-3.037777,-93.026908,5.657277,2,6,4,0.0000,0.0000,0.0000,0.5000,"ExtensionBreak",-0.059963
13,B0100,defensive,HABFM,4780.780579,117.464489,46.282560,162.722066,-117.527630,15156.122254,371.581508,21268.641576,-68.870601,-991.894352,-543.338920,136.856702,False,False,False,False,False,False,False,2-circle,-1.000000,-0.494000,100.000000,100.000000,0.000000,0.000000,-3.037777,-93.026908,5.657277,2,0,3,0.0000,0.0000,0.0000,0.5000,"LeadPursuit",-0.011798
14,A0100,adaptive_eagle_v6h_e1c,HABFM,4967.960772,117.882141,43.469335,160.957887,-117.940218,15165.633046,371.094836,21262.151323,-32.451265,-1133.447135,-564.679072,25.613110,False,False,False,False,False,False,False,2-circle,-1.000000,-5.875931,100.000000,100.000000,0.000000,0.000000,5.198969,-84.665721,5.256385,2,6,4,0.0000,0.0000,0.0000,0.5000,"ExtensionBreak",-0.058437
14,B0100,defensive,HABFM,4967.960772,117.882141,43.469335,160.957887,-117.940218,15165.633046,371.094836,21262.151323,-32.451265,-1133.447135,-564.679072,25.613110,False,False,False,False,False,False,False,2-circle,-1.000000,-5.875931,100.000000,100.000000,0.000000,0.000000,5.198969,-84.665721,5.256385,2,0,3,0.0000,0.0000,0.0000,0.5000,"LeadPursuit",0.005109
15,A0100,adaptive_eagle_v6h_e1c,HABFM,5161.434077,117.685972,40.620766,158.095998,-117.748265,15174.687937,369.935095,21233.160225,-144.955490,-1309.334289,-580.831443,18.328378,False,False,False,False,False,False,False,2-circle,-1.000000,-13.931577,100.000000,100.000000,0.000000,0.000000,7.117633,-82.544915,5.173208,2,6,4,0.0000,0.0000,0.0000,0.5000,"ExtensionBreak",-0.072332
15,B0100,defensive,HABFM,5161.434077,117.685972,40.620766,158.095998,-117.748265,15174.687937,369.935095,21233.160225,-144.955490,-1309.334289,-580.831443,18.328378,False,False,False,False,False,False,False,2-circle,-1.000000,-13.931577,100.000000,100.000000,0.000000,0.000000,7.117633,-82.544915,5.173208,2,0,3,0.0000,0.0000,0.0000,0.5000,"LeadPursuit",0.029410
16,A0100,adaptive_eagle_v6h_e1c,HABFM,5359.800404,116.624223,36.927095,153.363970,-116.683216,15183.544350,367.819401,21172.916829,-301.216983,-1503.329967,-593.505404,138.139045,False,False,False,False,False,False,False,2-circle,-1.000000,-21.929006,100.000000,100.000000,0.000000,0.000000,-3.109876,-92.548259,4.849603,1,3,4,0.0000,0.0000,0.0000,0.5000,"HeadOnBreak",-0.078055
16,B0100,defensive,HABFM,5359.800404,116.624223,36.927095,153.363970,-116.683216,15183.544350,367.819401,21172.916829,-301.216983,-1503.329967,-593.505404,138.139045,False,False,False,False,False,False,False,2-circle,-1.000000,-21.929006,100.000000,100.000000,0.000000,0.000000,-3.109876,-92.548259,4.849603,2,0,3,0.0000,0.0000,0.0000,0.5000,"LeadPursuit",0.027472
17,A0100,adaptive_eagle_v6h_e1c,HABFM,5562.251999,115.658532,32.722781,148.235434,-115.697890,15191.091162,366.295068,21130.923678,-209.965755,-1586.715932,-606.521502,138.673103,False,False,False,False,False,False,False,2-circle,-1.000000,-27.323343,100.000000,100.000000,0.000000,0.000000,-10.189945,-99.446539,4.197385,1,3,4,0.0000,0.0000,0.0000,0.5000,"HeadOnBreak",-0.069709
17,B0100,defensive,HABFM,5562.251999,115.658532,32.722781,148.235434,-115.697890,15191.091162,366.295068,21130.923678,-209.965755,-1586.715932,-606.521502,138.673103,False,False,False,False,False,False,False,2-circle,-1.000000,-27.323343,100.000000,100.000000,0.000000,0.000000,-10.189945,-99.446539,4.197385,2,0,3,0.0000,0.0000,0.0000,0.5000,"LeadPursuit",0.011612
18,A0100,adaptive_eagle_v6h_e1c,HABFM,5769.464544,115.259742,28.761871,143.882543,-115.284958,15196.789234,366.021152,21127.741459,-15.911092,-1608.177328,-620.987923,138.761077,False,False,False,False,False,False,False,2-circle,-1.000000,-29.566905,100.000000,100.000000,0.000000,0.000000,-3.846023,-92.987786,3.411622,1,3,4,0.0000,0.0000,0.0000,0.5000,"HeadOnBreak",-0.051236
18,B0100,defensive,HABFM,5769.464544,115.259742,28.761871,143.882543,-115.284958,15196.789234,366.021152,21127.741459,-15.911092,-1608.177328,-620.987923,138.761077,False,False,False,False,False,False,False,2-circle,-1.000000,-29.566905,100.000000,100.000000,0.000000,0.000000,-3.846023,-92.987786,3.411622,2,0,3,0.0000,0.0000,0.0000,0.5000,"LeadPursuit",0.011993
19,A0100,adaptive_eagle_v6h_e1c,HABFM,5980.912798,114.849407,25.721044,140.429744,-114.867163,15201.210335,365.967017,21130.408299,13.334200,-1643.232762,-630.624771,25.175799,False,False,False,False,False,False,False,2-circle,-1.000000,-29.429793,100.000000,100.000000,0.000000,0.000000,4.579888,-84.504236,3.068333,1,3,4,0.0000,0.0000,0.0000,0.5000,"HeadOnBreak",-0.035725
19,B0100,defensive,HABFM,5980.912798,114.849407,25.721044,140.429744,-114.867163,15201.210335,365.967017,21130.408299,13.334200,-1643.232762,-630.624771,25.175799,False,False,False,False,False,False,False,2-circle,-1.000000,-29.429793,100.000000,100.000000,0.000000,0.000000,4.579888,-84.504236,3.068333,2,0,3,0.0000,0.0000,0.0000,0.5000,"LeadPursuit",0.016777
20,A0100,adaptive_eagle_v6h_e1c,HABFM,6194.639369,114.275301,23.538194,137.691345,-114.291066,15205.071964,365.790939,21128.565854,-9.212228,-1686.149584,-634.987309,10.107922,False,False,False,False,False,False,False,2-circle,-1.000000,-28.476142,100.000000,100.000000,0.000000,0.000000,12.524835,-76.518440,3.385905,1,2,4,0.0000,0.0000,0.0000,0.5000,"HeadOnBreak",-0.029047
20,B0100,defensive,HABFM,6194.639369,114.275301,23.538194,137.691345,-114.291066,15205.071964,365.790939,21128.565854,-9.212228,-1686.149584,-634.987309,10.107922,False,False,False,False,False,False,False,2-circle,-1.000000,-28.476142,100.000000,100.000000,0.000000,0.000000,12.524835,-76.518440,3.385905,2,0,3,0.0000,0.0000,0.0000,0.5000,"LeadPursuit",0.030102
21,A0100,adaptive_eagle_v6h_e1c,HABFM,6408.911830,113.253696,21.721523,134.868118,-113.272878,15209.186144,364.991844,21106.827772,-108.690410,-1709.692856,-632.981881,9.149935,False,False,False,False,False,False,False,2-circle,-1.000000,-28.350007,100.000000,100.000000,0.000000,0.000000,13.824765,-75.137592,3.905650,1,2,4,0.0000,0.0000,0.0000,0.5000,"HeadOnBreak",-0.023730
21,B0100,defensive,HABFM,6408.911830,113.253696,21.721523,134.868118,-113.272878,15209.186144,364.991844,21106.827772,-108.690410,-1709.692856,-632.981881,9.149935,False,False,False,False,False,False,False,2-circle,-1.000000,-28.350007,100.000000,100.000000,0.000000,0.000000,13.824765,-75.137592,3.905650,2,0,3,0.0000,0.0000,0.0000,0.5000,"LeadPursuit",0.055684
22,A0100,adaptive_eagle_v6h_e1c,HABFM,6620.989915,111.409905,20.211650,131.553177,-111.431146,15213.994540,363.123642,21051.416801,-277.054853,-1737.453944,-622.130639,34.689559,False,False,False,False,False,False,False,2-circle,-1.000000,-29.664616,100.000000,100.000000,0.000000,0.000000,2.826786,-85.976632,4.080363,1,1,4,0.0000,0.0000,0.0000,0.5000,"HeadOnBreak",-0.020696
22,B0100,defensive,HABFM,6620.989915,111.409905,20.211650,131.553177,-111.431146,15213.994540,363.123642,21051.416801,-277.054853,-1737.453944,-622.130639,34.689559,False,False,False,False,False,False,False,2-circle,-1.000000,-29.664616,100.000000,100.000000,0.000000,0.000000,2.826786,-85.976632,4.080363,2,0,0,0.0000,0.0000,0.0000,0.5000,"Pursue",0.055229
23,A0100,adaptive_eagle_v6h_e1c,HABFM,6828.886197,109.640786,18.877251,128.499320,-109.655408,15218.483261,361.644745,21008.454090,-214.813556,-1727.863707,-610.670476,140.321739,False,False,False,False,False,False,False,2-circle,-1.000000,-32.131894,100.000000,100.000000,0.000000,0.000000,-4.993817,-93.544030,3.864590,1,1,4,0.0000,0.0000,0.0000,0.5000,"HeadOnBreak",-0.018602
23,B0100,defensive,HABFM,6828.886197,109.640786,18.877251,128.499320,-109.655408,15218.483261,361.644745,21008.454090,-214.813556,-1727.863707,-610.670476,140.321739,False,False,False,False,False,False,False,2-circle,-1.000000,-32.131894,100.000000,100.000000,0.000000,0.000000,-4.993817,-93.544030,3.864590,2,0,0,0.0000,0.0000,0.0000,0.5000,"Pursue",0.033720
24,A0100,adaptive_eagle_v6h_e1c,HABFM,7033.998071,108.587811,17.650903,126.231192,-108.597591,15221.880101,361.419956,21004.655366,-18.993620,-1700.351251,-605.243420,52.107686,False,False,False,False,False,False,False,2-circle,-1.000000,-34.464227,100.000000,100.000000,0.000000,0.000000,0.921010,-87.307321,3.485565,1,0,4,0.0000,0.0000,0.0000,0.5000,"HeadOnBreak",-0.014037
24,B0100,defensive,HABFM,7033.998071,108.587811,17.650903,126.231192,-108.597591,15221.880101,361.419956,21004.655366,-18.993620,-1700.351251,-605.243420,52.107686,False,False,False,False,False,False,False,2-circle,-1.000000,-34.464227,100.000000,100.000000,0.000000,0.000000,0.921010,-87.307321,3.485565,2,0,0,0.0000,0.0000,0.0000,0.5000,"Pursue",0.029000
25,A0100,adaptive_eagle_v6h_e1c,HABFM,7237.447869,107.695939,16.699460,124.376340,-107.704026,15224.591267,359.865875,20957.742397,-234.564846,-1732.378527,-599.572506,12.477731,False,False,False,False,False,False,False,2-circle,-1.000000,-35.885595,100.000000,100.000000,0.000000,0.000000,9.003500,-78.844080,3.495773,1,0,4,0.0000,0.0000,0.0000,0.5000,"HeadOnBreak",-0.003264
25,B0100,defensive,HABFM,7237.447869,107.695939,16.699460,124.376340,-107.704026,15224.591267,359.865875,20957.742397,-234.564846,-1732.378527,-599.572506,12.477731,False,False,False,False,False,False,False,2-circle,-1.000000,-35.885595,100.000000,100.000000,0.000000,0.000000,9.003500,-78.844080,3.495773,2,0,0,0.0000,0.0000,0.0000,0.5000,"Pursue",0.044205
26,A0100,adaptive_eagle_v6h_e1c,HABFM,7438.282951,106.359368,16.439614,122.656036,-106.368797,15227.349946,357.384031,20881.695486,-380.234554,-1819.020205,-588.885203,10.408439,False,False,False,False,False,False,False,2-circle,-1.000000,-35.170882,100.000000,100.000000,0.000000,0.000000,10.839860,-76.614163,3.791091,1,0,4,0.0000,0.0000,0.0000,0.5000,"HeadOnBreak",0.012025
26,B0100,defensive,HABFM,7438.282951,106.359368,16.439614,122.656036,-106.368797,15227.349946,357.384031,20881.695486,-380.234554,-1819.020205,-588.885203,10.408439,False,False,False,False,False,False,False,2-circle,-1.000000,-35.170882,100.000000,100.000000,0.000000,0.000000,10.839860,-76.614163,3.791091,2,0,0,0.0000,0.0000,0.0000,0.5000,"Pursue",0.071791
27,A0100,adaptive_eagle_v6h_e1c,HABFM,7633.995923,104.256380,17.211847,120.969370,-104.265579,15230.615516,353.889273,20774.917230,-533.891281,-1921.833687,-569.212288,37.060044,False,False,False,False,False,False,False,2-circle,-1.000000,-30.561838,100.000000,100.000000,0.000000,0.000000,1.041568,-86.140475,3.851681,1,0,4,0.0000,0.0000,0.0000,0.5000,"HeadOnBreak",0.024751
27,B0100,defensive,HABFM,7633.995923,104.256380,17.211847,120.969370,-104.265579,15230.615516,353.889273,20774.917230,-533.891281,-1921.833687,-569.212288,37.060044,False,False,False,False,False,False,False,2-circle,-1.000000,-30.561838,100.000000,100.000000,0.000000,0.000000,1.041568,-86.140475,3.851681,2,0,0,0.0000,0.0000,0.0000,0.5000,"Pursue",0.068370
28,A0100,adaptive_eagle_v6h_e1c,HABFM,7822.372434,102.329750,18.863463,120.307921,-102.333927,15233.508990,350.746916,20679.786684,-475.652726,-1964.663203,-547.824737,144.458526,False,False,False,False,False,False,False,2-circle,-1.000000,-20.817350,100.000000,100.000000,0.000000,0.000000,-5.180884,-92.488892,3.603598,1,0,4,0.0000,0.0000,0.0000,0.5000,"HeadOnBreak",0.027491
28,B0100,defensive,HABFM,7822.372434,102.329750,18.863463,120.307921,-102.333927,15233.508990,350.746916,20679.786684,-475.652726,-1964.663203,-547.824737,144.458526,False,False,False,False,False,False,False,2-circle,-1.000000,-20.817350,100.000000,100.000000,0.000000,0.000000,-5.180884,-92.488892,3.603598,2,0,0,0.0000,0.0000,0.0000,0.5000,"Pursue",0.041832
29,A0100,adaptive_eagle_v6h_e1c,HABFM,8004.424830,101.184121,20.701966,120.876930,-101.185226,15235.381065,348.812472,20621.749658,-290.185130,-1951.358900,-531.772912,34.533734,False,False,False,False,False,False,False,2-circle,-1.000000,-7.045276,100.000000,100.000000,0.000000,0.000000,2.619216,-85.801886,3.252873,1,0,4,0.0000,0.0000,0.0000,0.5000,"HeadOnBreak",0.023191
29,B0100,defensive,HABFM,8004.424830,101.184121,20.701966,120.876930,-101.185226,15235.381065,348.812472,20621.749658,-290.185130,-1951.358900,-531.772912,34.533734,False,False,False,False,False,False,False,2-circle,-1.000000,-7.045276,100.000000,100.000000,0.000000,0.000000,2.619216,-85.801886,3.252873,2,0,0,0.0000,0.0000,0.0000,0.5000,"Pursue",0.035309
30,A0100,adaptive_eagle_v6h_e1c,HABFM,8181.614651,100.234297,22.230111,121.650328,-100.234221,15236.658434,347.104892,20570.419140,-256.652590,-1943.350721,-518.186222,11.172974,False,False,False,False,False,True,False,2-circle,-1.000000,7.390180,100.000000,100.000000,0.000000,0.000000,19.919862,-77.159448,3.314020,1,8,4,0.0000,0.0000,0.0000,0.5000,"HeadOnBreak",0.009208
30,B0100,defensive,HABFM,8181.614651,100.234297,22.230111,121.650328,-100.234221,15236.658434,347.104892,20570.419140,-256.652590,-1943.350721,-518.186222,11.172974,False,False,False,False,False,True,False,2-circle,-1.000000,7.390180,100.000000,100.000000,0.000000,0.000000,19.919862,-77.159448,3.314020,2,0,0,0.0000,0.0000,0.0000,0.5000,"Pursue",0.050444
31,A0100,adaptive_eagle_v6h_e1c,HABFM,8354.494202,98.905628,22.831634,121.205819,-98.904704,15238.085740,344.832583,20502.240491,-340.893247,-2022.047584,-505.800105,9.350013,False,False,False,False,False,True,False,2-circle,-1.000000,19.058254,100.000000,100.000000,0.000000,0.000000,-172.203198,-74.672013,3.692729,1,3,4,0.0000,0.0000,0.0000,0.5000,"HeadOnBreak",-0.005774
31,B0100,defensive,HABFM,8354.494202,98.905628,22.831634,121.205819,-98.904704,15238.085740,344.832583,20502.240491,-340.893247,-2022.047584,-505.800105,9.350013,False,False,False,False,False,True,False,2-circle,-1.000000,19.058254,100.000000,100.000000,0.000000,0.000000,-172.203198,-74.672013,3.692729,2,0,0,0.0000,0.0000,0.0000,0.5000,"Pursue",0.081924
32,A0100,adaptive_eagle_v6h_e1c,HABFM,8523.120762,96.815663,22.477312,118.902292,-96.813585,15240.204255,341.563158,20405.011278,-486.146065,-2238.088973,-492.808321,22.670063,False,False,False,False,False,True,False,2-circle,-1.000000,27.300612,100.000000,100.000000,0.000000,0.000000,-177.924227,-83.491779,3.879038,1,3,4,0.0000,0.0000,0.0000,0.5000,"HeadOnBreak",-0.007401
32,B0100,defensive,HABFM,8523.120762,96.815663,22.477312,118.902292,-96.813585,15240.204255,341.563158,20405.011278,-486.146065,-2238.088973,-492.808321,22.670063,False,False,False,False,False,True,False,2-circle,-1.000000,27.300612,100.000000,100.000000,0.000000,0.000000,-177.924227,-83.491779,3.879038,2,0,0,0.0000,0.0000,0.0000,0.5000,"Pursue",0.079495
33,A0100,adaptive_eagle_v6h_e1c,HABFM,8687.528677,94.861783,22.010958,116.610719,-94.859442,15242.296886,338.616999,20318.389885,-433.106964,-2454.007690,-481.685231,149.396698,False,False,False,False,False,True,False,2-circle,-1.000000,33.814270,100.000000,100.000000,0.000000,0.000000,177.236835,-89.322072,3.762051,1,3,4,0.0000,0.0000,0.0000,0.5000,"HeadOnBreak",0.005082
33,B0100,defensive,HABFM,8687.528677,94.861783,22.010958,116.610719,-94.859442,15242.296886,338.616999,20318.389885,-433.106964,-2454.007690,-481.685231,149.396698,False,False,False,False,False,True,False,2-circle,-1.000000,33.814270,100.000000,100.000000,0.000000,0.000000,177.236835,-89.322072,3.762051,2,0,0,0.0000,0.0000,0.0000,0.5000,"Pursue",0.049368
34,A0100,adaptive_eagle_v6h_e1c,HABFM,8848.686899,93.683799,22.316681,115.877763,-93.681929,15243.698971,336.846794,20266.857614,-257.661356,-2580.852177,-473.174600,20.555074,False,False,False,False,False,True,False,2-circle,-1.000000,38.819988,100.000000,100.000000,0.000000,0.000000,-175.599819,-82.733835,3.562360,1,3,4,0.0000,0.0000,0.0000,0.5000,"HeadOnBreak",0.015241
34,B0100,defensive,HABFM,8848.686899,93.683799,22.316681,115.877763,-93.681929,15243.698971,336.846794,20266.857614,-257.661356,-2580.852177,-473.174600,20.555074,False,False,False,False,False,True,False,2-circle,-1.000000,38.819988,100.000000,100.000000,0.000000,0.000000,-175.599819,-82.733835,3.562360,2,0,0,0.0000,0.0000,0.0000,0.5000,"Pursue",0.057580
35,A0100,adaptive_eagle_v6h_e1c,HABFM,9006.565365,92.345607,23.248708,115.555854,-92.343564,15244.783933,334.807804,20207.314580,-297.715169,-2679.555923,-460.583218,13.596283,False,False,False,False,False,True,False,2-circle,-1.000000,41.411379,100.000000,100.000000,0.000000,0.000000,-171.415462,-79.027363,3.518004,1,3,4,0.0000,0.0000,0.0000,0.5000,"HeadOnBreak",0.026167
35,B0100,defensive,HABFM,9006.565365,92.345607,23.248708,115.555854,-92.343564,15244.783933,334.807804,20207.314580,-297.715169,-2679.555923,-460.583218,13.596283,False,False,False,False,False,True,False,2-circle,-1.000000,41.411379,100.000000,100.000000,0.000000,0.000000,-171.415462,-79.027363,3.518004,2,0,0,0.0000,0.0000,0.0000,0.5000,"Pursue",0.093793
36,A0100,adaptive_eagle_v6h_e1c,HABFM,9158.689429,90.240122,24.839867,115.077125,-90.237859,15246.009248,331.731778,20117.772918,-447.708312,-2773.295166,-439.039815,34.238326,False,False,False,False,False,True,False,2-circle,-1.000000,41.254941,100.000000,100.000000,0.000000,0.000000,-177.502591,-85.558334,3.425244,1,4,4,0.0000,0.0000,0.0000,0.5000,"HeadOnBreak",-0.329704
36,B0100,defensive,HABFM,9158.689429,90.240122,24.839867,115.077125,-90.237859,15246.009248,331.731778,20117.772918,-447.708312,-2773.295166,-439.039815,34.238326,False,False,False,False,False,True,False,2-circle,-1.000000,41.254941,100.000000,100.000000,0.000000,0.000000,-177.502591,-85.558334,3.425244,2,0,0,0.0000,0.0000,0.0000,0.5000,"Pursue",0.088894
37,A0100,adaptive_eagle_v6h_e1c,HABFM,9303.208987,88.321913,26.437180,114.744231,-88.321145,15246.868188,329.049957,20040.180586,-387.961659,-2857.833066,-418.868206,153.556622,False,False,True,False,False,True,False,2-circle,-1.000000,38.579417,100.000000,100.000000,0.000000,0.000000,178.947882,-89.519957,3.156278,1,3,4,0.0000,0.0000,0.0000,0.5000,"HeadOnBreak",-0.215523
37,B0100,defensive,HABFM,9303.208987,88.321913,26.437180,114.744231,-88.321145,15246.868188,329.049957,20040.180586,-387.961659,-2857.833066,-418.868206,153.556622,False,False,True,False,False,True,False,2-circle,-1.000000,38.579417,100.000000,100.000000,0.000000,0.000000,178.947882,-89.519957,3.156278,2,0,0,0.0000,0.0000,0.0000,0.5000,"Pursue",0.054041
38,A0100,adaptive_eagle_v6h_e1c,HABFM,9442.216833,87.191796,27.850094,114.977103,-87.192129,15246.934829,327.487874,19994.845135,-226.677254,-2914.998556,-405.220059,20.521500,False,False,True,False,False,True,False,2-circle,-1.000000,34.129866,100.000000,100.000000,0.000000,0.000000,-173.693256,-82.524910,2.901462,1,4,4,0.0000,0.0000,0.0000,0.5000,"HeadOnBreak",-0.256864
38,B0100,defensive,HABFM,9442.216833,87.191796,27.850094,114.977103,-87.192129,15246.934829,327.487874,19994.845135,-226.677254,-2914.998556,-405.220059,20.521500,False,False,True,False,False,True,False,2-circle,-1.000000,34.129866,100.000000,100.000000,0.000000,0.000000,-173.693256,-82.524910,2.901462,2,0,0,0.0000,0.0000,0.0000,0.5000,"Pursue",0.063328
39,A0100,adaptive_eagle_v6h_e1c,HABFM,9576.858804,85.903499,28.839213,114.639179,-85.903825,15246.623365,325.652057,19941.451618,-266.967584,-3008.318742,-392.517553,13.472769,False,False,True,False,False,True,False,2-circle,-1.000000,28.235705,100.000000,100.000000,0.000000,0.000000,-169.485826,-78.638192,2.876353,1,4,4,0.0000,0.0000,0.0000,0.5000,"HeadOnBreak",-0.439478
39,B0100,defensive,HABFM,9576.858804,85.903499,28.839213,114.639179,-85.903825,15246.623365,325.652057,19941.451618,-266.967584,-3008.318742,-392.517553,13.472769,False,False,True,False,False,True,False,2-circle,-1.000000,28.235705,100.000000,100.000000,0.000000,0.000000,-169.485826,-78.638192,2.876353,2,0,0,0.0000,0.0000,0.0000,0.5000,"Pursue",0.105801
40,A0100,adaptive_eagle_v6h_e1c,HABFM,9707.131426,83.828199,28.987242,112.699735,-83.828354,15246.423595,322.786653,19858.995977,-412.278207,-3207.485476,-379.181934,29.303258,False,False,True,False,False,True,False,2-circle,-1.000000,21.412945,100.000000,100.000000,0.000000,0.000000,-175.248800,-84.676753,2.836237,1,5,4,0.0000,0.0000,0.0000,0.5000,"HeadOnBreak",-0.420681
40,B0100,defensive,HABFM,9707.131426,83.828199,28.987242,112.699735,-83.828354,15246.423595,322.786653,19858.995977,-412.278207,-3207.485476,-379.181934,29.303258,False,False,True,False,False,True,False,2-circle,-1.000000,21.412945,100.000000,100.000000,0.000000,0.000000,-175.248800,-84.676753,2.836237,2,0,0,0.0000,0.0000,0.0000,0.5000,"Pursue",0.102291
41,A0100,adaptive_eagle_v6h_e1c,HABFM,9833.524670,81.906762,28.382087,110.138301,-81.907141,15245.918992,320.286355,19787.310371,-358.428030,-3440.194443,-371.211323,94.634735,False,False,True,False,False,True,False,2-circle,-1.000000,14.535338,100.000000,100.000000,0.000000,0.000000,-178.684900,-88.334953,2.619797,1,6,4,0.0000,0.0000,0.0000,0.5000,"HeadOnBreak",-0.266655
41,B0100,defensive,HABFM,9833.524670,81.906762,28.382087,110.138301,-81.907141,15245.918992,320.286355,19787.310371,-358.428030,-3440.194443,-371.211323,94.634735,False,False,True,False,False,True,False,2-circle,-1.000000,14.535338,100.000000,100.000000,0.000000,0.000000,-178.684900,-88.334953,2.619797,2,0,0,0.0000,0.0000,0.0000,0.5000,"Pursue",0.063776
42,A0100,adaptive_eagle_v6h_e1c,HABFM,9958.595185,80.749950,27.281351,107.778643,-80.749834,15244.697067,318.879987,19746.293795,-205.082878,-3640.485321,-370.671510,18.424153,False,False,True,False,False,True,False,2-circle,-1.000000,7.272757,100.000000,100.000000,0.000000,0.000000,-171.631670,-81.472206,2.420536,1,6,4,0.0000,0.0000,0.0000,0.5000,"HeadOnBreak",-0.304093
42,B0100,defensive,HABFM,9958.595185,80.749950,27.281351,107.778643,-80.749834,15244.697067,318.879987,19746.293795,-205.082878,-3640.485321,-370.671510,18.424153,False,False,True,False,False,True,False,2-circle,-1.000000,7.272757,100.000000,100.000000,0.000000,0.000000,-171.631670,-81.472206,2.420536,2,0,0,0.0000,0.0000,0.0000,0.5000,"Pursue",0.075363
43,A0100,adaptive_eagle_v6h_e1c,HABFM,10083.622895,79.422180,26.188786,105.129794,-79.421318,15243.130169,317.231979,19698.317610,-239.880928,-3844.386392,-368.789343,12.556562,False,False,True,False,False,False,False,2-circle,-1.000000,-2.424105,100.000000,100.000000,0.000000,0.000000,-167.482430,-77.531265,2.461643,1,7,4,0.0000,0.0000,0.0000,0.5000,"HeadOnBreak",-0.473714
43,B0100,defensive,HABFM,10083.622895,79.422180,26.188786,105.129794,-79.421318,15243.130169,317.231979,19698.317610,-239.880928,-3844.386392,-368.789343,12.556562,False,False,True,False,False,False,False,2-circle,-1.000000,-2.424105,100.000000,100.000000,0.000000,0.000000,-167.482430,-77.531265,2.461643,2,0,0,0.0000,0.0000,0.0000,0.5000,"Pursue",0.126719
44,A0100,adaptive_eagle_v6h_e1c,HABFM,10206.836303,77.277366,25.602194,101.985262,-77.275731,15241.734780,314.562060,19622.245416,-380.360967,-4095.842784,-359.878014,23.430991,False,False,True,False,False,False,False,2-circle,-1.000000,-16.696002,100.000000,100.000000,0.000000,0.000000,-172.875730,-83.187158,2.501608,1,8,4,0.0000,0.0000,0.0000,0.5000,"HeadOnBreak",-0.442155
44,B0100,defensive,HABFM,10206.836303,77.277366,25.602194,101.985262,-77.275731,15241.734780,314.562060,19622.245416,-380.360967,-4095.842784,-359.878014,23.430991,False,False,True,False,False,False,False,2-circle,-1.000000,-16.696002,100.000000,100.000000,0.000000,0.000000,-172.875730,-83.187158,2.501608,2,0,0,0.0000,0.0000,0.0000,0.5000,"Pursue",0.125702
45,A0100,adaptive_eagle_v6h_e1c,HABFM,10326.571752,75.254685,25.574032,99.351338,-75.250132,15240.181007,312.209602,19555.417171,-334.141225,-4338.555533,-349.915170,47.493423,False,False,True,False,False,False,False,2-circle,-1.000000,-36.046616,100.000000,100.000000,0.000000,0.000000,-175.975634,-86.602314,2.361879,1,8,4,0.0000,0.0000,0.0000,0.5000,"HeadOnBreak",-0.283825
45,B0100,defensive,HABFM,10326.571752,75.254685,25.574032,99.351338,-75.250132,15240.181007,312.209602,19555.417171,-334.141225,-4338.555533,-349.915170,47.493423,False,False,True,False,False,False,False,2-circle,-1.000000,-36.046616,100.000000,100.000000,0.000000,0.000000,-175.975634,-86.602314,2.361879,2,0,0,0.0000,0.0000,0.0000,0.5000,"Pursue",0.080745
46,A0100,adaptive_eagle_v6h_e1c,HABFM,10444.075007,74.009707,25.052093,97.181365,-74.000643,15238.048123,310.928044,19517.930646,-187.432625,-4565.955734,-347.274523,15.854006,False,False,True,False,False,False,False,2-circle,-1.000000,-58.760902,100.000000,100.000000,0.000000,0.000000,-168.918305,-79.875573,2.240983,1,8,4,0.0000,0.0000,0.0000,0.5000,"HeadOnBreak",-0.344708
46,B0100,defensive,HABFM,10444.075007,74.009707,25.052093,97.181365,-74.000643,15238.048123,310.928044,19517.930646,-187.432625,-4565.955734,-347.274523,15.854006,False,False,True,False,False,False,False,2-circle,-1.000000,-58.760902,100.000000,100.000000,0.000000,0.000000,-168.918305,-79.875573,2.240983,2,0,0,0.0000,0.0000,0.0000,0.5000,"Pursue",0.093381
47,A0100,adaptive_eagle_v6h_e1c,HABFM,10561.823780,72.613524,22.878846,93.517807,-72.601873,15235.656015,309.434420,19474.518227,-217.062098,-4761.559895,-348.818262,11.322322,False,False,True,False,False,False,False,2-circle,-1.000000,-82.151077,100.000000,100.000000,0.000000,0.000000,-164.638198,-75.898498,2.367810,1,8,4,0.0000,0.0000,0.0000,0.5000,"HeadOnBreak",-0.546310
47,B0100,defensive,HABFM,10561.823780,72.613524,22.878846,93.517807,-72.601873,15235.656015,309.434420,19474.518227,-217.062098,-4761.559895,-348.818262,11.322322,False,False,True,False,False,False,False,2-circle,-1.000000,-82.151077,100.000000,100.000000,0.000000,0.000000,-164.638198,-75.898498,2.367810,2,0,0,0.0000,0.0000,0.0000,0.5000,"Pursue",0.156569
48,A0100,adaptive_eagle_v6h_e1c,UNKNOWN,10679.467664,70.371995,19.851543,88.206005,-70.359721,15233.554937,306.929422,19404.064302,-352.269622,-4920.300140,-345.991466,18.548749,False,False,True,False,False,False,False,1-circle,-1.000000,-104.621752,100.000000,100.000000,0.000000,0.000000,-169.694484,-81.214236,2.503987,1,8,4,0.0000,0.0000,0.0000,0.5000,"HeadOnBreak",-0.626751
48,B0100,defensive,UNKNOWN,10679.467664,70.371995,19.851543,88.206005,-70.359721,15233.554937,306.929422,19404.064302,-352.269622,-4920.300140,-345.991466,18.548749,False,False,True,False,False,False,False,1-circle,-1.000000,-104.621752,100.000000,100.000000,0.000000,0.000000,-169.694484,-81.214236,2.503987,2,0,0,0.0000,0.0000,0.0000,0.5000,"Pursue",0.191086
49,A0100,adaptive_eagle_v6h_e1c,UNKNOWN,10795.558704,67.808492,16.705656,82.297931,-67.789574,15231.506069,304.234810,19329.108933,-374.776849,-5060.332441,-340.187045,165.647267,False,False,True,False,False,False,False,1-circle,-1.000000,-125.670423,100.000000,100.000000,0.000000,0.000000,-179.159852,-90.897841,2.186365,1,8,4,0.0000,0.0000,0.0000,0.5000,"HeadOnBreak",-0.527221
49,B0100,defensive,UNKNOWN,10795.558704,67.808492,16.705656,82.297931,-67.789574,15231.506069,304.234810,19329.108933,-374.776849,-5060.332441,-340.187045,165.647267,False,False,True,False,False,False,False,1-circle,-1.000000,-125.670423,100.000000,100.000000,0.000000,0.000000,-179.159852,-90.897841,2.186365,2,0,0,0.0000,0.0000,0.0000,0.5000,"Pursue",0.166963
50,A0100,adaptive_eagle_v6h_e1c,UNKNOWN,10909.772674,65.719409,13.674256,76.703303,-65.681123,15228.470514,302.343228,19275.278038,-269.154472,-5152.899883,-335.405042,166.655892,False,False,True,False,False,False,False,1-circle,-1.000000,-144.529691,100.000000,100.000000,0.000000,0.000000,176.953859,-94.958661,1.383963,1,8,4,0.0000,0.0000,0.0000,0.5000,"HeadOnBreak",-0.373838
50,B0100,defensive,UNKNOWN,10909.772674,65.719409,13.674256,76.703303,-65.681123,15228.470514,302.343228,19275.278038,-269.154472,-5152.899883,-335.405042,166.655892,False,False,True,False,False,False,False,1-circle,-1.000000,-144.529691,100.000000,100.000000,0.000000,0.000000,176.953859,-94.958661,1.383963,2,0,0,0.0000,0.0000,0.0000,0.5000,"Pursue",0.119905
51,A0100,adaptive_eagle_v6h_e1c,UNKNOWN,11022.708483,64.298165,11.013505,71.760150,-64.237771,15224.090064,301.425304,19246.362403,-144.578175,-5199.892867,-332.297630,72.509688,False,False,True,False,False,False,False,1-circle,-1.000000,-161.353969,100.000000,100.000000,0.000000,0.000000,-175.643890,-87.695702,0.541533,1,8,4,0.0000,0.0000,0.0000,0.5000,"HeadOnBreak",-0.357343
51,B0100,defensive,UNKNOWN,11022.708483,64.298165,11.013505,71.760150,-64.237771,15224.090064,301.425304,19246.362403,-144.578175,-5199.892867,-332.297630,72.509688,False,False,True,False,False,False,False,1-circle,-1.000000,-161.353969,100.000000,100.000000,0.000000,0.000000,-175.643890,-87.695702,0.541533,2,0,0,0.0000,0.0000,0.0000,0.5000,"Pursue",0.119806
52,A0100,adaptive_eagle_v6h_e1c,UNKNOWN,11134.381328,62.929258,8.879527,66.597659,-62.850876,15218.770751,300.623732,19219.678917,-133.417430,-5210.826638,-327.144846,14.396994,False,False,True,False,False,False,False,1-circle,-1.000000,-177.105915,100.000000,100.000000,0.000000,0.000000,-166.341215,-78.513815,0.249370,1,8,4,0.0000,0.0000,0.0000,0.5000,"HeadOnBreak",-0.457117
52,B0100,defensive,UNKNOWN,11134.381328,62.929258,8.879527,66.597659,-62.850876,15218.770751,300.623732,19219.678917,-133.417430,-5210.826638,-327.144846,14.396994,False,False,True,False,False,False,False,1-circle,-1.000000,-177.105915,100.000000,100.000000,0.000000,0.000000,-166.341215,-78.513815,0.249370,2,0,0,0.0000,0.0000,0.0000,0.5000,"Pursue",0.168750
53,A0100,adaptive_eagle_v6h_e1c,UNKNOWN,11243.619973,61.071788,7.837154,60.924406,-60.986821,15213.135021,299.234908,19177.161708,-212.586044,-5228.021627,-317.410588,10.710789,False,False,True,False,False,False,False,1-circle,-1.000000,-192.176645,100.000000,100.000000,0.000000,0.000000,-162.373574,-74.656630,0.496763,1,8,4,0.0000,0.0000,0.0000,0.5000,"HeadOnBreak",-0.638782
53,B0100,defensive,UNKNOWN,11243.619973,61.071788,7.837154,60.924406,-60.986821,15213.135021,299.234908,19177.161708,-212.586044,-5228.021627,-317.410588,10.710789,False,False,True,False,False,False,False,1-circle,-1.000000,-192.176645,100.000000,100.000000,0.000000,0.000000,-162.373574,-74.656630,0.496763,2,0,0,0.0000,0.0000,0.0000,0.5000,"Pursue",0.260826
54,A0100,adaptive_eagle_v6h_e1c,UNKNOWN,11348.716172,58.379271,8.249072,54.960306,-58.292457,15207.808577,296.905280,19110.353392,-334.041582,-5317.688435,-302.918509,17.397286,False,False,True,False,False,False,False,1-circle,-1.000000,-206.579088,100.000000,100.000000,0.000000,0.000000,-167.954013,-80.339633,0.769600,1,8,4,0.0000,0.0000,0.0000,0.5000,"HeadOnBreak",-0.611374
54,B0100,defensive,UNKNOWN,11348.716172,58.379271,8.249072,54.960306,-58.292457,15207.808577,296.905280,19110.353392,-334.041582,-5317.688435,-302.918509,17.397286,False,False,True,False,False,False,False,1-circle,-1.000000,-206.579088,100.000000,100.000000,0.000000,0.000000,-167.954013,-80.339633,0.769600,2,1,1,0.0000,0.0000,0.0000,0.5000,"Pursue",0.272257
55,A0100,adaptive_eagle_v6h_e1c,UNKNOWN,11448.702944,55.800981,9.810053,49.258393,-55.696525,15202.544361,294.898992,19052.525775,-289.138087,-5406.700236,-288.122559,29.094681,False,False,True,False,False,False,False,1-circle,-1.000000,-220.283823,100.000000,100.000000,0.000000,0.000000,-171.668315,-84.149751,0.813351,1,8,4,0.0000,0.0000,0.0000,0.5000,"HeadOnBreak",-0.426142
55,B0100,defensive,UNKNOWN,11448.702944,55.800981,9.810053,49.258393,-55.696525,15202.544361,294.898992,19052.525775,-289.138087,-5406.700236,-288.122559,29.094681,False,False,True,False,False,False,False,1-circle,-1.000000,-220.283823,100.000000,100.000000,0.000000,0.000000,-171.668315,-84.149751,0.813351,2,1,1,0.0000,0.0000,0.0000,0.5000,"Pursue",0.207296
56,A0100,adaptive_eagle_v6h_e1c,UNKNOWN,11544.039028,53.978223,12.137623,44.273531,-53.853209,15196.848177,293.923049,19021.389411,-155.681818,-5448.624933,-275.198267,14.242166,False,False,True,False,False,False,False,1-circle,-1.000000,-233.247605,100.000000,100.000000,0.000000,0.000000,-165.569065,-78.139882,0.822831,1,8,4,0.0000,0.0000,0.0000,0.5000,"HeadOnBreak",-0.458138
56,B0100,defensive,UNKNOWN,11544.039028,53.978223,12.137623,44.273531,-53.853209,15196.848177,293.923049,19021.389411,-155.681818,-5448.624933,-275.198267,14.242166,False,False,True,False,False,False,False,1-circle,-1.000000,-233.247605,100.000000,100.000000,0.000000,0.000000,-165.569065,-78.139882,0.822831,2,1,1,0.0000,0.0000,0.0000,0.5000,"Pursue",0.235531
57,A0100,adaptive_eagle_v6h_e1c,UNKNOWN,11634.746430,52.021422,15.105037,38.891131,-51.887453,15190.917719,292.809081,18986.523876,-174.327675,-5465.401709,-259.089311,10.538470,False,False,True,False,False,False,False,1-circle,-1.000000,-246.231436,100.000000,100.000000,0.000000,0.000000,-161.435839,-74.098701,1.030397,1,8,4,0.0000,0.0000,0.0000,0.5000,"HeadOnBreak",-0.694425
57,B0100,defensive,UNKNOWN,11634.746430,52.021422,15.105037,38.891131,-51.887453,15190.917719,292.809081,18986.523876,-174.327675,-5465.401709,-259.089311,10.538470,False,False,True,False,False,False,False,1-circle,-1.000000,-246.231436,100.000000,100.000000,0.000000,0.000000,-161.435839,-74.098701,1.030397,2,1,1,0.0000,0.0000,0.0000,0.5000,"Pursue",0.367154
58,A0100,adaptive_eagle_v6h_e1c,UNKNOWN,11719.037141,49.198827,18.236905,32.596293,-49.064409,15185.312017,290.716383,18926.857878,-298.329988,-5504.676828,-237.861628,14.949706,False,False,True,False,False,False,False,1-circle,-1.000000,-259.598833,100.000000,100.000000,0.000000,0.000000,-165.803596,-78.566833,1.255303,1,8,4,0.0000,0.0000,0.0000,0.5000,"HeadOnBreak",-0.722691
58,B0100,defensive,UNKNOWN,11719.037141,49.198827,18.236905,32.596293,-49.064409,15185.312017,290.716383,18926.857878,-298.329988,-5504.676828,-237.861628,14.949706,False,False,True,False,False,False,False,1-circle,-1.000000,-259.598833,100.000000,100.000000,0.000000,0.000000,-165.803596,-78.566833,1.255303,2,1,1,0.0000,0.0000,0.0000,0.5000,"Pursue",0.405578
59,A0100,adaptive_eagle_v6h_e1c,UNKNOWN,11796.022526,46.394019,21.148639,26.492183,-46.241445,15179.940105,288.802904,18872.394755,-272.315617,-5545.377278,-216.844715,20.044848,False,False,True,False,False,False,False,1-circle,-1.000000,-272.448005,100.000000,100.000000,0.000000,0.000000,-168.504385,-81.367745,1.338711,1,8,4,0.0000,0.0000,0.0000,0.5000,"HeadOnBreak",-0.541097
59,B0100,defensive,UNKNOWN,11796.022526,46.394019,21.148639,26.492183,-46.241445,15179.940105,288.802904,18872.394755,-272.315617,-5545.377278,-216.844715,20.044848,False,False,True,False,False,False,False,1-circle,-1.000000,-272.448005,100.000000,100.000000,0.000000,0.000000,-168.504385,-81.367745,1.338711,2,1,1,0.0000,0.0000,0.0000,0.5000,"Pursue",0.324911
60,A0100,adaptive_eagle_v6h_e1c,OBFM,11866.547151,44.349521,23.645605,21.611085,-44.175466,15174.369038,287.883296,18843.346041,-145.243568,-5578.398869,-199.982253,11.562062,False,False,True,False,False,False,False,1-circle,-1.000000,-283.529075,100.000000,100.000000,0.000000,0.000000,-162.259748,-75.209802,1.461868,1,8,4,0.0000,0.0000,0.0000,0.5000,"HeadOnBreak",-0.589559
60,B0100,defensive,OBFM,11866.547151,44.349521,23.645605,21.611085,-44.175466,15174.369038,287.883296,18843.346041,-145.243568,-5578.398869,-199.982253,11.562062,False,False,True,False,False,False,False,1-circle,-1.000000,-283.529075,100.000000,100.000000,0.000000,0.000000,-162.259748,-75.209802,1.461868,2,1,1,0.0000,0.0000,0.0000,0.5000,"Pursue",0.370015
61,A0100,adaptive_eagle_v6h_e1c,OBFM,11931.539140,42.189349,26.091989,16.822841,-42.011618,15168.756846,286.823922,18810.780791,-162.826250,-5624.061785,-182.662338,8.966389,False,False,True,False,False,False,False,1-circle,-1.000000,-293.188282,100.000000,100.000000,0.000000,0.000000,-158.107480,-71.134249,1.798059,1,8,4,0.0000,0.0000,0.0000,0.5000,"HeadOnBreak",-0.867628
61,B0100,defensive,OBFM,11931.539140,42.189349,26.091989,16.822841,-42.011618,15168.756846,286.823922,18810.780791,-162.826250,-5624.061785,-182.662338,8.966389,False,False,True,False,False,False,False,1-circle,-1.000000,-293.188282,100.000000,100.000000,0.000000,0.000000,-158.107480,-71.134249,1.798059,2,1,1,0.0000,0.0000,0.0000,0.5000,"Pursue",0.569624
62,A0100,adaptive_eagle_v6h_e1c,OBFM,11990.023366,39.181514,28.681206,11.226452,-39.016404,15163.717458,284.796015,18754.423679,-281.785563,-5696.248225,-161.746449,11.828931,False,False,True,False,False,False,False,1-circle,-1.000000,-302.334591,100.000000,100.000000,0.000000,0.000000,-162.277166,-75.381550,2.148928,1,8,4,0.0000,0.0000,0.0000,0.5000,"HeadOnBreak",-1.046897
62,B0100,defensive,OBFM,11990.023366,39.181514,28.681206,11.226452,-39.016404,15163.717458,284.796015,18754.423679,-281.785563,-5696.248225,-161.746449,11.828931,False,False,True,False,False,False,False,1-circle,-1.000000,-302.334591,100.000000,100.000000,0.000000,0.000000,-162.277166,-75.381550,2.148928,2,1,1,0.0000,0.0000,0.0000,0.5000,"Pursue",0.739262
63,A0100,adaptive_eagle_v6h_e1c,OBFM,12041.138988,35.805519,31.334895,5.456813,-35.630416,15159.279690,282.490681,18692.089925,-311.668767,-5776.205414,-139.485739,28.691852,False,False,True,False,False,False,False,1-circle,-1.000000,-311.518077,100.000000,100.000000,0.000000,0.000000,-170.623941,-83.813889,2.142436,1,8,4,0.0000,0.0000,0.0000,0.5000,"HeadOnBreak",-0.967104
63,B0100,defensive,OBFM,12041.138988,35.805519,31.334895,5.456813,-35.630416,15159.279690,282.490681,18692.089925,-311.668767,-5776.205414,-139.485739,28.691852,False,False,True,False,False,False,False,1-circle,-1.000000,-311.518077,100.000000,100.000000,0.000000,0.000000,-170.623941,-83.813889,2.142436,2,1,1,0.0000,0.0000,0.0000,0.5000,"Pursue",0.748479
64,A0100,adaptive_eagle_v6h_e1c,OBFM,12084.635253,32.899999,34.316093,2.450571,-32.667979,15154.609079,280.893098,18647.573757,-222.580839,-5800.006766,-116.207450,74.892677,False,False,True,False,False,False,False,1-circle,-1.000000,-320.445536,100.000000,100.000000,0.000000,0.000000,-174.327699,-87.608905,1.755485,1,8,4,0.0000,0.0000,0.0000,0.5000,"HeadOnBreak",-0.767688
64,B0100,defensive,OBFM,12084.635253,32.899999,34.316093,2.450571,-32.667979,15154.609079,280.893098,18647.573757,-222.580839,-5800.006766,-116.207450,74.892677,False,False,True,False,False,False,False,1-circle,-1.000000,-320.445536,100.000000,100.000000,0.000000,0.000000,-174.327699,-87.608905,1.755485,2,1,1,0.0000,0.0000,0.0000,0.5000,"Pursue",0.647522
65,A0100,adaptive_eagle_v6h_e1c,OBFM,12120.191809,30.709080,37.347922,6.677092,-30.411515,15149.230173,280.203956,18625.076636,-112.485608,-5774.262622,-93.461371,20.173069,False,False,True,False,False,False,False,1-circle,-1.000000,-328.389964,100.000000,100.000000,0.000000,0.000000,-167.795480,-81.166632,1.338590,3,8,4,0.0000,0.0000,0.0000,0.5000,"LeadPursuit",-0.763881
65,B0100,defensive,OBFM,12120.191809,30.709080,37.347922,6.677092,-30.411515,15149.230173,280.203956,18625.076636,-112.485608,-5774.262622,-93.461371,20.173069,False,False,True,False,False,False,False,1-circle,-1.000000,-328.389964,100.000000,100.000000,0.000000,0.000000,-167.795480,-81.166632,1.338590,2,1,1,0.0000,0.0000,0.0000,0.5000,"Pursue",0.681295
66,A0100,adaptive_eagle_v6h_e1c,OBFM,12148.317878,28.645700,40.104464,11.475403,-28.297794,15143.337610,279.670976,18605.973731,-95.514524,-5750.662515,-72.076007,9.902919,False,False,True,False,False,False,False,1-circle,-1.000000,-334.736529,100.000000,100.000000,0.000000,0.000000,-158.948554,-72.401735,1.347093,3,8,4,0.0000,0.0000,0.0000,0.5000,"LeadPursuit",-1.011853
66,B0100,defensive,OBFM,12148.317878,28.645700,40.104464,11.475403,-28.297794,15143.337610,279.670976,18605.973731,-95.514524,-5750.662515,-72.076007,9.902919,False,False,True,False,False,False,False,1-circle,-1.000000,-334.736529,100.000000,100.000000,0.000000,0.000000,-158.948554,-72.401735,1.347093,2,2,3,0.0000,0.0000,0.0000,0.5000,"Pursue",0.944295
67,A0100,adaptive_eagle_v6h_e1c,OBFM,12169.281158,26.096822,42.590029,16.592370,-25.744041,15137.481383,278.554609,18572.528945,-167.223928,-5751.438582,-51.294560,7.919515,False,False,True,False,False,False,False,1-circle,-1.000000,-339.051870,100.000000,100.000000,0.000000,0.000000,-154.764533,-68.287525,1.844357,3,8,4,0.0000,0.0000,0.0000,0.5000,"LeadPursuit",-1.488662
67,B0100,defensive,OBFM,12169.281158,26.096822,42.590029,16.592370,-25.744041,15137.481383,278.554609,18572.528945,-167.223928,-5751.438582,-51.294560,7.919515,False,False,True,False,False,False,False,1-circle,-1.000000,-339.051870,100.000000,100.000000,0.000000,0.000000,-154.764533,-68.287525,1.844357,2,2,3,0.0000,0.0000,0.0000,0.5000,"Pursue",1.479767
68,A0100,adaptive_eagle_v6h_e1c,OBFM,12183.503501,22.737040,44.585744,22.015364,-22.411592,15132.407580,276.536143,18517.853348,-273.377986,-5813.545545,-33.101259,10.317425,False,False,True,False,False,False,False,1-circle,-1.000000,-341.337219,100.000000,100.000000,0.000000,0.000000,-159.308411,-72.889398,2.414144,3,8,4,0.0000,0.0000,0.0000,0.5000,"LeadPursuit",-1.874744
68,B0100,defensive,OBFM,12183.503501,22.737040,44.585744,22.015364,-22.411592,15132.407580,276.536143,18517.853348,-273.377986,-5813.545545,-33.101259,10.317425,False,False,True,False,False,False,False,1-circle,-1.000000,-341.337219,100.000000,100.000000,0.000000,0.000000,-159.308411,-72.889398,2.414144,2,2,3,0.0000,0.0000,0.0000,0.5000,"Pursue",2.052617
69,A0100,adaptive_eagle_v6h_e1c,OBFM,12191.850090,19.107672,46.498488,27.656994,-18.761216,15128.160260,274.332097,18459.855786,-289.987808,-5884.154260,-15.962131,21.615509,False,False,True,False,False,False,False,1-circle,-1.000000,-341.932997,100.000000,100.000000,0.000000,0.000000,-167.945225,-81.576053,2.616821,3,8,4,0.0000,0.0000,0.0000,0.5000,"LeadPursuit",-1.942700
69,B0100,defensive,OBFM,12191.850090,19.107672,46.498488,27.656994,-18.761216,15128.160260,274.332097,18459.855786,-289.987808,-5884.154260,-15.962131,21.615509,False,False,True,False,False,False,False,1-circle,-1.000000,-341.932997,100.000000,100.000000,0.000000,0.000000,-167.945225,-81.576053,2.616821,2,2,3,0.0000,0.0000,0.0000,0.5000,"Pursue",2.359565
70,A0100,adaptive_eagle_v6h_e1c,OBFM,12194.306591,15.998731,48.550010,33.023195,-15.527995,15123.893893,272.811699,18418.762032,-205.468773,-5913.440343,1.192857,42.385224,False,False,True,False,False,False,False,1-circle,-1.000000,-340.122347,100.000000,100.000000,0.000000,0.000000,-171.992563,-85.657377,2.419027,3,8,4,0.0000,0.0000,0.0000,0.5000,"LeadPursuit",-1.761872
70,B0100,defensive,OBFM,12194.306591,15.998731,48.550010,33.023195,-15.527995,15123.893893,272.811699,18418.762032,-205.468773,-5913.440343,1.192857,42.385224,False,False,True,False,False,False,False,1-circle,-1.000000,-340.122347,100.000000,100.000000,0.000000,0.000000,-171.992563,-85.657377,2.419027,2,2,3,0.0000,0.0000,0.0000,0.5000,"Pursue",2.336765
71,A0100,adaptive_eagle_v6h_e1c,OBFM,12190.920923,13.651212,50.675172,37.730262,-13.016684,15119.079230,272.178491,18398.670040,-100.459961,-5903.492533,18.279427,17.490705,False,False,True,False,False,False,False,1-circle,-1.000000,-335.773993,100.000000,100.000000,0.000000,0.000000,-165.869019,-79.549186,2.157120,3,8,4,0.0000,0.0000,0.0000,0.5000,"LeadPursuit",-1.961649
71,B0100,defensive,OBFM,12190.920923,13.651212,50.675172,37.730262,-13.016684,15119.079230,272.178491,18398.670040,-100.459961,-5903.492533,18.279427,17.490705,False,False,True,False,False,False,False,1-circle,-1.000000,-335.773993,100.000000,100.000000,0.000000,0.000000,-165.869019,-79.549186,2.157120,2,3,3,0.0000,0.0000,0.0000,0.5000,"Pursue",2.778096
72,A0100,adaptive_eagle_v6h_e1c,OBFM,12181.699382,11.460093,52.837777,42.285046,-10.661887,15113.851829,271.694661,18381.793267,-84.383865,-5885.914352,35.440998,9.272407,False,False,True,False,False,False,False,1-circle,-1.000000,-329.569689,100.000000,100.000000,0.000000,0.000000,-157.100444,-70.783328,2.257422,3,8,4,0.0000,0.0000,0.0000,0.5000,"LeadPursuit",-2.981187
72,B0100,defensive,OBFM,12181.699382,11.460093,52.837777,42.285046,-10.661887,15113.851829,271.694661,18381.793267,-84.383865,-5885.914352,35.440998,9.272407,False,False,True,False,False,False,False,1-circle,-1.000000,-329.569689,100.000000,100.000000,0.000000,0.000000,-157.100444,-70.783328,2.257422,2,3,3,0.0000,0.0000,0.0000,0.5000,"Pursue",4.457554
73,A0100,adaptive_eagle_v6h_e1c,OBFM,12166.396967,8.792891,55.333084,47.570956,-7.873557,15108.746762,270.628897,18351.100483,-153.463920,-5860.003239,54.939361,7.408235,False,False,True,False,False,False,False,1-circle,-1.000000,-322.552933,100.000000,100.000000,0.000000,0.000000,-152.663295,-66.347661,2.847566,2,8,4,0.0000,0.0000,0.0000,0.5000,"LeadPursuit",-5.865125
73,B0100,defensive,OBFM,12166.396967,8.792891,55.333084,47.570956,-7.873557,15108.746762,270.628897,18351.100483,-153.463920,-5860.003239,54.939361,7.408235,False,False,True,False,False,False,False,1-circle,-1.000000,-322.552933,100.000000,100.000000,0.000000,0.000000,-152.663295,-66.347661,2.847566,2,3,3,0.0000,0.0000,0.0000,0.5000,"Pursue",8.841886
74,A0100,adaptive_eagle_v6h_e1c,OBFM,12144.472308,5.454028,57.704796,53.470116,-4.334235,15104.551813,268.688168,18300.569279,-252.656016,-5869.321240,72.535138,9.097407,False,False,True,False,False,False,False,1-circle,-1.000000,-315.295296,100.000000,100.000000,0.000000,0.000000,-156.550292,-70.242573,3.562616,2,8,4,0.0000,0.0000,0.0000,0.5000,"LeadPursuit",-15.434990
74,B0100,defensive,OBFM,12144.472308,5.454028,57.704796,53.470116,-4.334235,15104.551813,268.688168,18300.569279,-252.656016,-5869.321240,72.535138,9.097407,False,False,True,False,False,False,False,1-circle,-1.000000,-315.295296,100.000000,100.000000,0.000000,0.000000,-156.550292,-70.242573,3.562616,2,4,3,0.0000,0.0000,0.0000,0.5000,"Pursue",16.078666
75,A0100,adaptive_eagle_v6h_e1c,OBFM,12117.551584,3.088148,59.678169,58.890707,-0.874424,15101.344123,266.983219,18256.929881,-218.196992,-5903.777726,86.049684,10.809255,False,False,True,False,False,False,False,1-circle,-1.000000,-308.276716,100.000000,100.000000,0.000000,0.000000,-159.368115,-73.080656,4.197013,2,8,4,0.0000,0.0000,0.0000,0.5000,"LeadPursuit",7.139818
75,B0100,defensive,OBFM,12117.551584,3.088148,59.678169,58.890707,-0.874424,15101.344123,266.983219,18256.929881,-218.196992,-5903.777726,86.049684,10.809255,False,False,True,False,False,False,False,1-circle,-1.000000,-308.276716,100.000000,100.000000,0.000000,0.000000,-159.368115,-73.080656,4.197013,2,4,3,0.0000,0.0000,0.0000,0.5000,"Pursue",-5.648678
76,A0100,adaptive_eagle_v6h_e1c,OBFM,12085.989606,3.341345,61.675131,63.576957,1.828284,15098.550015,266.177808,18235.125522,-109.021794,-5904.237049,100.004730,7.673881,False,False,True,False,False,False,False,1-circle,1.000000,-301.492506,100.000000,100.000000,0.000000,0.000000,-152.998891,-66.744021,4.917696,2,8,4,0.0000,0.0000,0.0000,0.5000,"LeadPursuit",7.320550
76,B0100,defensive,OBFM,12085.989606,3.341345,61.675131,63.576957,1.828284,15098.550015,266.177808,18235.125522,-109.021794,-5904.237049,100.004730,7.673881,False,False,True,False,False,False,False,1-circle,1.000000,-301.492506,100.000000,100.000000,0.000000,0.000000,-152.998891,-66.744021,4.917696,2,4,3,0.0000,0.0000,0.0000,0.5000,"Pursue",-8.804951
77,A0100,adaptive_eagle_v6h_e1c,OBFM,12049.322349,4.724997,64.008872,67.932786,3.865016,15095.954456,266.077885,18230.175461,-24.750307,-5851.877177,117.433066,4.724601,False,False,True,False,False,False,False,1-circle,1.000000,-295.313029,100.000000,100.000000,0.000000,0.000000,-141.277811,-55.072972,6.050451,2,8,4,0.0000,0.0000,0.0000,0.5000,"LeadPursuit",3.741913
77,B0100,defensive,OBFM,12049.322349,4.724997,64.008872,67.932786,3.865016,15095.954456,266.077885,18230.175461,-24.750307,-5851.877177,117.433066,4.724601,False,False,True,False,False,False,False,1-circle,1.000000,-295.313029,100.000000,100.000000,0.000000,0.000000,-141.277811,-55.072972,6.050451,2,4,3,0.0000,0.0000,0.0000,0.5000,"Pursue",-5.343638
78,A0100,adaptive_eagle_v6h_e1c,OBFM,12006.250855,6.187961,66.486522,72.159073,5.618468,15093.448613,266.199623,18230.538256,1.813976,-5775.629569,136.422156,3.018100,False,False,True,False,False,False,False,1-circle,1.000000,-289.513813,100.000000,100.000000,0.000000,0.000000,-128.602108,-42.463465,7.723999,1,8,4,0.0000,0.0000,0.0000,0.5000,"SmartLowYoYo",2.621971
78,B0100,defensive,OBFM,12006.250855,6.187961,66.486522,72.159073,5.618468,15093.448613,266.199623,18230.538256,1.813976,-5775.629569,136.422156,3.018100,False,False,True,False,False,False,False,1-circle,1.000000,-289.513813,100.000000,100.000000,0.000000,0.000000,-128.602108,-42.463465,7.723999,2,5,3,0.0000,0.0000,0.0000,0.5000,"Pursue",-3.862395
79,A0100,adaptive_eagle_v6h_e1c,OBFM,11957.427077,7.643328,68.460851,75.784953,7.271616,15091.306823,266.058463,18225.070288,-27.339838,-5745.434209,150.868039,2.086667,False,False,True,False,False,False,False,1-circle,1.000000,-283.747327,100.000000,100.000000,0.000000,0.000000,-118.368136,-32.308425,9.265526,1,8,4,0.0000,0.0000,0.0000,0.5000,"SmartLowYoYo",1.782863
79,B0100,defensive,OBFM,11957.427077,7.643328,68.460851,75.784953,7.271616,15091.306823,266.058463,18225.070288,-27.339838,-5745.434209,150.868039,2.086667,False,False,True,False,False,False,False,1-circle,1.000000,-283.747327,100.000000,100.000000,0.000000,0.000000,-118.368136,-32.308425,9.265526,2,5,3,0.0000,0.0000,0.0000,0.5000,"Pursue",-2.585925
80,A0100,adaptive_eagle_v6h_e1c,OBFM,11904.179639,8.950430,70.241288,78.939711,8.647234,15089.427195,266.268384,18228.137718,15.337150,-5718.423935,164.165349,1.561004,False,False,True,False,False,False,False,1-circle,1.000000,-278.021812,100.000000,100.000000,0.000000,0.000000,-111.301220,-25.333970,8.512596,1,8,4,0.0000,0.0000,0.0000,0.5000,"SmartLowYoYo",1.280735
80,B0100,defensive,OBFM,11904.179639,8.950430,70.241288,78.939711,8.647234,15089.427195,266.268384,18228.137718,15.337150,-5718.423935,164.165349,1.561004,False,False,True,False,False,False,False,1-circle,1.000000,-278.021812,100.000000,100.000000,0.000000,0.000000,-111.301220,-25.333970,8.512596,2,5,3,0.0000,0.0000,0.0000,0.5000,"Pursue",-1.794058
81,A0100,adaptive_eagle_v6h_e1c,OBFM,11846.153841,10.115692,72.076384,81.901081,9.772899,15087.271382,267.190065,18247.748633,98.054571,-5661.830746,178.888444,1.167767,False,False,True,False,False,False,False,1-circle,1.000000,-272.209678,100.000000,100.000000,0.000000,0.000000,-105.423824,-19.562323,6.361041,1,8,4,0.0000,0.0000,0.0000,0.5000,"SmartLowYoYo",1.018570
81,B0100,defensive,OBFM,11846.153841,10.115692,72.076384,81.901081,9.772899,15087.271382,267.190065,18247.748633,98.054571,-5661.830746,178.888444,1.167767,False,False,True,False,False,False,False,1-circle,1.000000,-272.209678,100.000000,100.000000,0.000000,0.000000,-105.423824,-19.562323,6.361041,2,5,3,0.0000,0.0000,0.0000,0.5000,"Pursue",-1.376741
82,A0100,adaptive_eagle_v6h_e1c,OBFM,11783.038192,11.218964,73.900853,84.668751,10.720785,15084.081065,268.621466,18278.511887,153.816273,-5588.423335,194.167836,0.730984,False,False,True,False,False,False,False,1-circle,1.000000,-266.123464,100.000000,100.000000,0.000000,0.000000,-98.346595,-12.603015,3.677766,1,8,4,0.0000,0.0000,0.0000,0.5000,"SmartLowYoYo",0.980197
82,B0100,defensive,OBFM,11783.038192,11.218964,73.900853,84.668751,10.720785,15084.081065,268.621466,18278.511887,153.816273,-5588.423335,194.167836,0.730984,False,False,True,False,False,False,False,1-circle,1.000000,-266.123464,100.000000,100.000000,0.000000,0.000000,-98.346595,-12.603015,3.677766,2,5,3,0.0000,0.0000,0.0000,0.5000,"Pursue",-1.271659
83,A0100,adaptive_eagle_v6h_e1c,OBFM,11714.385169,12.401269,76.061123,87.687277,11.603483,15079.072196,270.420988,18316.446008,189.670606,-5474.576428,212.636192,0.168382,False,False,True,False,False,False,False,1-circle,1.000000,-259.571074,100.000000,100.000000,0.000000,0.000000,-88.581859,-2.967195,0.710446,1,8,4,0.0000,0.0000,0.0000,0.5000,"SmartLowYoYo",1.124426
83,B0100,defensive,OBFM,11714.385169,12.401269,76.061123,87.687277,11.603483,15079.072196,270.420988,18316.446008,189.670606,-5474.576428,212.636192,0.168382,False,False,True,False,False,False,False,1-circle,1.000000,-259.571074,100.000000,100.000000,0.000000,0.000000,-88.581859,-2.967195,0.710446,2,5,3,0.0000,0.0000,0.0000,0.5000,"Pursue",-1.417345
84,A0100,adaptive_eagle_v6h_e1c,OBFM,11638.988328,13.844299,78.403661,90.974947,12.583464,15071.497951,272.423948,18357.006663,202.803271,-5336.686988,232.462457,0.560812,False,False,True,False,False,False,False,2-circle,1.000000,-251.789641,100.000000,100.000000,0.000000,0.000000,-75.622949,9.862872,-2.492273,3,8,3,0.0000,0.0000,0.0000,0.5000,"SmartLowYoYo",1.256545
84,B0100,defensive,OBFM,11638.988328,13.844299,78.403661,90.974947,12.583464,15071.497951,272.423948,18357.006663,202.803271,-5336.686988,232.462457,0.560812,False,False,True,False,False,False,False,2-circle,1.000000,-251.789641,100.000000,100.000000,0.000000,0.000000,-75.622949,9.862872,-2.492273,2,5,3,0.0000,0.0000,0.0000,0.5000,"Pursue",-1.537362
85,A0100,adaptive_eagle_v6h_e1c,OBFM,11557.197633,15.525618,80.595325,94.331970,13.773068,15060.881477,274.358332,18393.214249,181.037934,-5207.859067,250.352651,1.529614,False,False,True,False,False,False,False,2-circle,1.000000,-241.505268,100.000000,100.000000,0.000000,0.000000,-59.861325,25.519810,-5.173795,3,8,3,0.0000,0.0000,0.0000,0.5000,"SmartLowYoYo",1.082696
85,B0100,defensive,OBFM,11557.197633,15.525618,80.595325,94.331970,13.773068,15060.881477,274.358332,18393.214249,181.037934,-5207.859067,250.352651,1.529614,False,False,True,False,False,False,False,2-circle,1.000000,-241.505268,100.000000,100.000000,0.000000,0.000000,-59.861325,25.519810,-5.173795,2,5,3,0.0000,0.0000,0.0000,0.5000,"Pursue",-1.255460
86,A0100,adaptive_eagle_v6h_e1c,OBFM,11469.618986,17.002555,82.637149,97.589164,14.973913,15047.735864,275.894775,18417.496176,121.409635,-5095.057267,266.586551,2.866674,False,False,True,False,False,False,False,2-circle,1.000000,-228.241204,100.000000,100.000000,0.000000,0.000000,-43.347662,41.968037,-4.355011,3,8,3,0.0000,0.0000,0.0000,0.5000,"SmartLowYoYo",0.427611
86,B0100,defensive,OBFM,11469.618986,17.002555,82.637149,97.589164,14.973913,15047.735864,275.894775,18417.496176,121.409635,-5095.057267,266.586551,2.866674,False,False,True,False,False,False,False,2-circle,1.000000,-228.241204,100.000000,100.000000,0.000000,0.000000,-43.347662,41.968037,-4.355011,2,5,3,0.0000,0.0000,0.0000,0.5000,"Pursue",-0.441499
87,A0100,adaptive_eagle_v6h_e1c,OBFM,11376.887277,17.499133,84.213623,99.735640,15.496242,15033.342062,277.122693,18433.164521,78.341724,-5021.618059,280.116625,4.290572,False,False,True,False,False,False,False,2-circle,1.000000,-212.461914,100.000000,100.000000,0.000000,0.000000,-31.785437,53.504808,-1.072794,3,8,3,0.0000,0.0000,0.0000,0.5000,"SmartLowYoYo",-0.097874
87,B0100,defensive,OBFM,11376.887277,17.499133,84.213623,99.735640,15.496242,15033.342062,277.122693,18433.164521,78.341724,-5021.618059,280.116625,4.290572,False,False,True,False,False,False,False,2-circle,1.000000,-212.461914,100.000000,100.000000,0.000000,0.000000,-31.785437,53.504808,-1.072794,2,6,3,0.0000,0.0000,0.0000,0.5000,"Pursue",0.192072
88,A0100,adaptive_eagle_v6h_e1c,OBFM,11279.833786,17.164847,85.680447,101.060009,15.311598,15019.242456,277.578342,18430.254186,-14.551677,-4983.536556,293.333158,5.065241,False,False,True,False,False,False,False,2-circle,1.000000,-195.858662,100.000000,100.000000,0.000000,0.000000,-27.317613,57.961050,1.139066,3,8,3,0.0000,0.0000,0.0000,0.5000,"SmartLowYoYo",-0.128115
88,B0100,defensive,OBFM,11279.833786,17.164847,85.680447,101.060009,15.311598,15019.242456,277.578342,18430.254186,-14.551677,-4983.536556,293.333158,5.065241,False,False,True,False,False,False,False,2-circle,1.000000,-195.858662,100.000000,100.000000,0.000000,0.000000,-27.317613,57.961050,1.139066,2,6,3,0.0000,0.0000,0.0000,0.5000,"Pursue",0.239448
89,A0100,adaptive_eagle_v6h_e1c,OBFM,11178.100418,16.784400,87.281072,102.420816,15.048532,15005.663525,277.926365,18425.233954,-25.101160,-4938.711431,307.635875,5.472846,False,False,True,False,False,False,False,2-circle,1.000000,-178.874268,100.000000,100.000000,0.000000,0.000000,-25.329665,59.945542,2.227965,1,8,4,0.0000,0.0000,0.0000,0.5000,"SmartHighYoYo",-0.196850
89,B0100,defensive,OBFM,11178.100418,16.784400,87.281072,102.420816,15.048532,15005.663525,277.926365,18425.233954,-25.101160,-4938.711431,307.635875,5.472846,False,False,True,False,False,False,False,2-circle,1.000000,-178.874268,100.000000,100.000000,0.000000,0.000000,-25.329665,59.945542,2.227965,2,6,3,0.0000,0.0000,0.0000,0.5000,"Pursue",0.331566
90,A0100,adaptive_eagle_v6h_e1c,OBFM,11071.506934,16.304024,88.927821,103.697184,14.677505,14992.588367,278.053214,18415.280969,-49.764924,-4900.622764,322.219649,5.716415,False,False,True,False,False,False,False,2-circle,1.000000,-161.927101,100.000000,100.000000,0.000000,0.000000,-24.250440,61.021158,2.824188,1,8,4,0.0000,0.0000,0.0000,0.5000,"SmartHighYoYo",-0.262417
90,B0100,defensive,OBFM,11071.506934,16.304024,88.927821,103.697184,14.677505,14992.588367,278.053214,18415.280969,-49.764924,-4900.622764,322.219649,5.716415,False,False,True,False,False,False,False,2-circle,1.000000,-161.927101,100.000000,100.000000,0.000000,0.000000,-24.250440,61.021158,2.824188,2,5,3,0.0000,0.0000,0.0000,0.5000,"Pursue",0.289211
91,A0100,adaptive_eagle_v6h_e1c,OBFM,10960.012056,15.737808,90.588661,104.876697,14.217028,14980.057572,278.009805,18401.681575,-67.996971,-4870.788235,336.825600,5.888194,False,False,True,False,False,False,False,2-circle,1.000000,-145.572669,100.000000,100.000000,0.000000,0.000000,-23.524877,61.726357,3.203867,4,7,3,0.0000,0.0000,0.0000,0.5000,"SmartHighYoYo",-0.302525
91,B0100,defensive,OBFM,10960.012056,15.737808,90.588661,104.876697,14.217028,14980.057572,278.009805,18401.681575,-67.996971,-4870.788235,336.825600,5.888194,False,False,True,False,False,False,False,2-circle,1.000000,-145.572669,100.000000,100.000000,0.000000,0.000000,-23.524877,61.726357,3.203867,2,5,3,0.0000,0.0000,0.0000,0.5000,"Pursue",0.076648
92,A0100,adaptive_eagle_v6h_e1c,OBFM,10843.304748,15.107474,92.611785,106.339200,13.688054,14968.107413,277.839858,18385.549422,-80.660763,-4819.780566,354.296757,6.039997,False,False,True,False,False,False,False,2-circle,1.000000,-130.338731,100.000000,100.000000,0.000000,0.000000,-22.877548,62.312278,3.475818,1,7,4,0.0000,0.0000,0.0000,0.5000,"SmartHighYoYo",-0.354021
92,B0100,defensive,OBFM,10843.304748,15.107474,92.611785,106.339200,13.688054,14968.107413,277.839858,18385.549422,-80.660763,-4819.780566,354.296757,6.039997,False,False,True,False,False,False,False,2-circle,1.000000,-130.338731,100.000000,100.000000,0.000000,0.000000,-22.877548,62.312278,3.475818,2,5,3,0.0000,0.0000,0.0000,0.5000,"Pursue",0.165263
93,A0100,adaptive_eagle_v6h_e1c,OBFM,10720.483190,14.430771,94.573791,107.702230,13.107164,14956.757828,277.578349,18367.769721,-88.898505,-4777.605668,371.096880,6.200057,False,False,True,False,False,False,False,2-circle,1.000000,-116.129004,100.000000,100.000000,0.000000,0.000000,-22.176499,62.899079,3.687833,4,7,3,0.0000,0.0000,0.0000,0.5000,"SmartHighYoYo",-0.395979
93,B0100,defensive,OBFM,10720.483190,14.430771,94.573791,107.702230,13.107164,14956.757828,277.578349,18367.769721,-88.898505,-4777.605668,371.096880,6.200057,False,False,True,False,False,False,False,2-circle,1.000000,-116.129004,100.000000,100.000000,0.000000,0.000000,-22.176499,62.899079,3.687833,2,5,3,0.0000,0.0000,0.0000,0.5000,"Pursue",0.238115
94,A0100,adaptive_eagle_v6h_e1c,OBFM,10592.434772,13.725188,96.518949,109.012451,12.490143,14946.010184,277.253000,18349.030695,-93.695130,-4741.784585,387.579678,6.380077,False,False,True,False,False,False,False,2-circle,1.000000,-102.988715,100.000000,100.000000,0.000000,0.000000,-21.352325,63.528836,3.861413,1,7,4,0.0000,0.0000,0.0000,0.5000,"SmartHighYoYo",-0.434776
94,B0100,defensive,OBFM,10592.434772,13.725188,96.518949,109.012451,12.490143,14946.010184,277.253000,18349.030695,-93.695130,-4741.784585,387.579678,6.380077,False,False,True,False,False,False,False,2-circle,1.000000,-102.988715,100.000000,100.000000,0.000000,0.000000,-21.352325,63.528836,3.861413,2,5,3,0.0000,0.0000,0.0000,0.5000,"Pursue",0.312750
95,A0100,adaptive_eagle_v6h_e1c,OBFM,10458.580682,13.001588,98.420488,110.266147,11.846814,14935.848942,276.884792,18329.836627,-95.970341,-4710.545129,403.519069,6.582173,False,False,True,False,False,False,False,2-circle,1.000000,-90.605901,100.000000,100.000000,0.000000,0.000000,-20.378159,64.202679,4.005803,4,7,3,0.0000,0.0000,0.0000,0.5000,"SmartHighYoYo",-0.467353
95,B0100,defensive,OBFM,10458.580682,13.001588,98.420488,110.266147,11.846814,14935.848942,276.884792,18329.836627,-95.970341,-4710.545129,403.519069,6.582173,False,False,True,False,False,False,False,2-circle,1.000000,-90.605901,100.000000,100.000000,0.000000,0.000000,-20.378159,64.202679,4.005803,2,5,3,0.0000,0.0000,0.0000,0.5000,"Pursue",0.374903
96,A0100,adaptive_eagle_v6h_e1c,HABFM,10319.743901,12.270259,100.324979,111.505388,11.186375,14926.245450,276.488570,18310.526510,-96.550585,-4681.811126,419.279821,6.804490,False,False,True,False,False,False,False,2-circle,1.000000,-78.989380,100.000000,100.000000,0.000000,0.000000,-19.192723,64.906928,4.124672,1,7,4,0.0000,0.0000,0.0000,0.5000,"SmartHighYoYo",-0.502312
96,B0100,defensive,HABFM,10319.743901,12.270259,100.324979,111.505388,11.186375,14926.245450,276.488570,18310.526510,-96.550585,-4681.811126,419.279821,6.804490,False,False,True,False,False,False,False,2-circle,1.000000,-78.989380,100.000000,100.000000,0.000000,0.000000,-19.192723,64.906928,4.124672,2,5,3,0.0000,0.0000,0.0000,0.5000,"Pursue",0.447954
97,A0100,adaptive_eagle_v6h_e1c,HABFM,10175.351432,11.534585,102.187769,112.700303,10.512124,14917.162199,276.074232,18291.307674,-96.094182,-4655.468369,434.497437,7.044478,False,False,True,False,False,False,False,2-circle,1.000000,-67.751887,100.000000,100.000000,0.000000,0.000000,-17.687807,65.626885,4.219357,4,7,3,0.0000,0.0000,0.0000,0.5000,"SmartHighYoYo",-0.533881
97,B0100,defensive,HABFM,10175.351432,11.534585,102.187769,112.700303,10.512124,14917.162199,276.074232,18291.307674,-96.094182,-4655.468369,434.497437,7.044478,False,False,True,False,False,False,False,2-circle,1.000000,-67.751887,100.000000,100.000000,0.000000,0.000000,-17.687807,65.626885,4.219357,2,5,3,0.0000,0.0000,0.0000,0.5000,"Pursue",0.510755
98,A0100,adaptive_eagle_v6h_e1c,HABFM,10026.190159,10.799536,104.062909,113.897286,9.828607,14908.556388,275.648160,18272.295100,-95.062869,-4629.456178,449.587235,7.300234,False,False,True,False,False,False,False,2-circle,1.000000,-56.904183,100.000000,100.000000,0.000000,0.000000,-15.478646,66.351628,4.290346,2,8,4,0.0000,0.0000,0.0000,0.5000,"LeadPursuit",-0.557939
98,B0100,defensive,HABFM,10026.190159,10.799536,104.062909,113.897286,9.828607,14908.556388,275.648160,18272.295100,-95.062869,-4629.456178,449.587235,7.300234,False,False,True,False,False,False,False,2-circle,1.000000,-56.904183,100.000000,100.000000,0.000000,0.000000,-15.478646,66.351628,4.290346,2,5,3,0.0000,0.0000,0.0000,0.5000,"Pursue",0.543484
99,A0100,adaptive_eagle_v6h_e1c,HABFM,9871.546316,10.063511,106.111734,115.278611,9.134811,14900.382411,275.214508,18253.545716,-93.746917,-4584.884660,465.681982,7.570771,False,False,True,False,False,False,False,2-circle,1.000000,-45.901649,100.000000,100.000000,0.000000,0.000000,-11.148847,67.074296,4.337887,2,8,4,0.0000,0.0000,0.0000,0.5000,"LeadPursuit",-0.626749
99,B0100,defensive,HABFM,9871.546316,10.063511,106.111734,115.278611,9.134811,14900.382411,275.214508,18253.545716,-93.746917,-4584.884660,465.681982,7.570771,False,False,True,False,False,False,False,2-circle,1.000000,-45.901649,100.000000,100.000000,0.000000,0.000000,-11.148847,67.074296,4.337887,2,5,3,0.0000,0.0000,0.0000,0.5000,"Pursue",0.724991
100,A0100,adaptive_eagle_v6h_e1c,HABFM,9712.064406,9.327021,107.664408,116.160221,8.432586,14892.593403,274.776131,18235.083023,-92.313465,-4573.688752,477.870385,7.855847,False,False,True,False,False,False,False,2-circle,1.000000,-34.065307,100.000000,100.000000,0.000000,0.000000,12.271819,67.790945,4.362197,2,8,3,0.0000,0.0000,0.0000,0.5000,"LeadPursuit",-0.672986
100,B0100,defensive,HABFM,9712.064406,9.327021,107.664408,116.160221,8.432586,14892.593403,274.776131,18235.083023,-92.313465,-4573.688752,477.870385,7.855847,False,False,True,False,False,False,False,2-circle,1.000000,-34.065307,100.000000,100.000000,0.000000,0.000000,12.271819,67.790945,4.362197,2,5,3,0.0000,0.0000,0.0000,0.5000,"Pursue",0.826686
101,A0100,adaptive_eagle_v6h_e1c,HABFM,9548.864161,8.594354,109.085839,116.894752,7.725721,14885.142104,274.335180,18216.912508,-90.852579,-4572.512120,488.945315,8.155725,False,False,True,False,False,False,False,2-circle,1.000000,-21.535837,100.000000,100.000000,0.000000,0.000000,147.942558,68.499370,4.363520,2,8,3,0.0000,0.0000,0.0000,0.5000,"LeadPursuit",-0.704038
101,B0100,defensive,HABFM,9548.864161,8.594354,109.085839,116.894752,7.725721,14885.142104,274.335180,18216.912508,-90.852579,-4572.512120,488.945315,8.155725,False,False,True,False,False,False,False,2-circle,1.000000,-21.535837,100.000000,100.000000,0.000000,0.000000,147.942558,68.499370,4.363520,2,5,3,0.0000,0.0000,0.0000,0.5000,"Pursue",0.874410
102,A0100,adaptive_eagle_v6h_e1c,HABFM,9381.777003,7.866362,110.630452,117.736848,7.013703,14877.981333,273.893430,18199.030369,-89.410691,-4562.677283,500.730431,8.470976,False,False,True,False,False,False,False,2-circle,1.000000,-8.510747,100.000000,100.000000,0.000000,0.000000,157.424977,69.198294,4.342136,2,8,3,0.0000,0.0000,0.0000,0.5000,"LeadPursuit",-0.742029
102,B0100,defensive,HABFM,9381.777003,7.866362,110.630452,117.736848,7.013703,14877.981333,273.893430,18199.030369,-89.410691,-4562.677283,500.730431,8.470976,False,False,True,False,False,False,False,2-circle,1.000000,-8.510747,100.000000,100.000000,0.000000,0.000000,157.424977,69.198294,4.342136,2,5,3,0.0000,0.0000,0.0000,0.5000,"Pursue",0.940577
103,A0100,adaptive_eagle_v6h_e1c,HABFM,9210.709770,7.145188,112.211010,118.597736,6.296231,14871.064245,273.452462,18181.428110,-88.011297,-4552.654915,512.591078,8.802363,False,False,True,False,False,True,False,2-circle,1.000000,4.625175,100.000000,100.000000,0.000000,0.000000,160.505973,69.886905,4.298352,2,8,3,0.0000,0.0000,0.0000,0.5000,"LeadPursuit",-0.779846
103,B0100,defensive,HABFM,9210.709770,7.145188,112.211010,118.597736,6.296231,14871.064245,273.452462,18181.428110,-88.011297,-4552.654915,512.591078,8.802363,False,False,True,False,False,True,False,2-circle,1.000000,4.625175,100.000000,100.000000,0.000000,0.000000,160.505973,69.886905,4.298352,2,5,3,0.0000,0.0000,0.0000,0.5000,"Pursue",1.005180
104,A0100,adaptive_eagle_v6h_e1c,HABFM,9035.668791,6.434480,113.803927,119.454972,5.573318,14864.344471,273.013745,18164.094823,-86.666437,-4544.674323,524.352176,9.150773,False,False,True,False,False,True,False,2-circle,1.000000,17.436073,100.000000,100.000000,0.000000,0.000000,162.302273,70.564614,4.232500,2,8,3,0.0000,0.0000,0.0000,0.5000,"LeadPursuit",-0.781619
104,B0100,defensive,HABFM,9035.668791,6.434480,113.803927,119.454972,5.573318,14864.344471,273.013745,18164.094823,-86.666437,-4544.674323,524.352176,9.150773,False,False,True,False,False,True,False,2-circle,1.000000,17.436073,100.000000,100.000000,0.000000,0.000000,162.302273,70.564614,4.232500,2,5,3,0.0000,0.0000,0.0000,0.5000,"Pursue",0.972062
105,A0100,adaptive_eagle_v6h_e1c,HABFM,8856.426824,5.738478,115.772350,120.676036,4.843682,14857.776206,272.578684,18147.018303,-85.382598,-4510.600806,538.370218,9.517184,False,False,True,False,False,True,False,2-circle,1.000000,29.521644,100.000000,100.000000,0.000000,0.000000,163.597013,71.230946,4.144933,2,8,3,0.0000,0.0000,0.0000,0.5000,"LeadPursuit",-1.643111
105,B0100,defensive,HABFM,8856.426824,5.738478,115.772350,120.676036,4.843682,14857.776206,272.578684,18147.018303,-85.382598,-4510.600806,538.370218,9.517184,False,False,True,False,False,True,False,2-circle,1.000000,29.521644,100.000000,100.000000,0.000000,0.000000,163.597013,71.230946,4.144933,2,4,3,0.0000,0.0000,0.0000,0.5000,"Pursue",2.228572
106,A0100,adaptive_eagle_v6h_e1c,HABFM,8671.857691,4.594750,117.953280,121.672454,3.663353,14851.419842,273.179153,18155.169778,40.757374,-4422.570041,554.833180,7.991472,False,False,True,False,False,True,False,2-circle,1.000000,41.035961,100.000000,100.000000,0.000000,0.000000,160.785092,68.007355,4.179766,2,8,3,0.0000,0.0000,0.0000,0.5000,"LeadPursuit",-3.932263
106,B0100,defensive,HABFM,8671.857691,4.594750,117.953280,121.672454,3.663353,14851.419842,273.179153,18155.169778,40.757374,-4422.570041,554.833180,7.991472,False,False,True,False,False,True,False,2-circle,1.000000,41.035961,100.000000,100.000000,0.000000,0.000000,160.785092,68.007355,4.179766,2,4,3,0.0000,0.0000,0.0000,0.5000,"Pursue",5.353032
107,A0100,adaptive_eagle_v6h_e1c,HABFM,8482.335288,2.715952,119.654363,121.620780,1.914320,14845.995993,273.076177,18147.255676,-39.570507,-4395.931451,567.217160,5.050738,False,False,True,False,False,True,False,2-circle,1.000000,51.922557,100.000000,100.000000,0.000000,0.000000,150.480628,57.408581,4.558049,2,8,3,0.0000,0.0000,0.0000,0.5000,"LeadPursuit",-9.151659
107,B0100,defensive,HABFM,8482.335288,2.715952,119.654363,121.620780,1.914320,14845.995993,273.076177,18147.255676,-39.570507,-4395.931451,567.217160,5.050738,False,False,True,False,False,True,False,2-circle,1.000000,51.922557,100.000000,100.000000,0.000000,0.000000,150.480628,57.408581,4.558049,2,4,3,0.0000,0.0000,0.0000,0.5000,"Pursue",9.473718
108,A0100,adaptive_eagle_v6h_e1c,HABFM,8289.152613,0.415845,121.191971,121.338214,0.132086,14842.838264,272.574157,18131.971094,-76.422914,-4400.343913,577.627655,3.159413,False,False,True,False,False,True,False,2-circle,1.000000,60.796056,100.000000,100.000000,0.000000,0.000000,137.546317,44.323169,5.398611,2,8,3,0.0000,0.0000,0.0000,0.5000,"LeadPursuit",-1.436971
108,B0100,defensive,HABFM,8289.152613,0.415845,121.191971,121.338214,0.132086,14842.838264,272.574157,18131.971094,-76.422914,-4400.343913,577.627655,3.159413,False,False,True,False,False,True,False,2-circle,1.000000,60.796056,100.000000,100.000000,0.000000,0.000000,137.546317,44.323169,5.398611,2,2,3,0.0000,0.0000,0.0000,0.5000,"Pursue",0.786592
109,A0100,adaptive_eagle_v6h_e1c,HABFM,8092.350426,1.659796,122.827593,121.800864,-0.969114,14842.891558,272.424088,18128.403637,-17.837283,-4390.038245,588.398805,2.002830,False,False,True,False,False,True,False,2-circle,-1.000000,66.418620,100.000000,100.000000,0.000000,0.000000,124.963307,31.748849,6.399591,2,8,3,0.0000,0.0000,0.0000,0.5000,"LeadPursuit",8.138853
109,B0100,defensive,HABFM,8092.350426,1.659796,122.827593,121.800864,-0.969114,14842.891558,272.424088,18128.403637,-17.837283,-4390.038245,588.398805,2.002830,False,False,True,False,False,True,False,2-circle,-1.000000,66.418620,100.000000,100.000000,0.000000,0.000000,124.963307,31.748849,6.399591,2,2,3,0.0000,0.0000,0.0000,0.5000,"Pursue",-7.815296
110,A0100,adaptive_eagle_v6h_e1c,HABFM,7891.640722,3.265168,124.848205,123.383759,-1.316168,14846.273595,272.609148,18136.250956,39.236596,-4343.839867,601.281011,1.157596,False,False,True,False,False,True,False,2-circle,-1.000000,68.284091,100.000000,100.000000,0.000000,0.000000,112.751999,19.692459,6.520261,2,8,3,0.0000,0.0000,0.0000,0.5000,"LeadPursuit",4.023335
110,B0100,defensive,HABFM,7891.640722,3.265168,124.848205,123.383759,-1.316168,14846.273595,272.609148,18136.250956,39.236596,-4343.839867,601.281011,1.157596,False,False,True,False,False,True,False,2-circle,-1.000000,68.284091,100.000000,100.000000,0.000000,0.000000,112.751999,19.692459,6.520261,2,2,3,0.0000,0.0000,0.0000,0.5000,"Pursue",-5.321866
111,A0100,adaptive_eagle_v6h_e1c,HABFM,7686.246153,4.490600,127.058142,125.754252,-1.031774,14852.650828,273.005480,18152.201376,79.752101,-4276.497701,614.946074,0.392828,False,False,True,False,False,True,False,2-circle,-1.000000,66.993023,100.000000,100.000000,0.000000,0.000000,99.746198,6.935214,6.233972,2,8,3,0.0000,0.0000,0.0000,0.5000,"LeadPursuit",2.824496
111,B0100,defensive,HABFM,7686.246153,4.490600,127.058142,125.754252,-1.031774,14852.650828,273.005480,18152.201376,79.752101,-4276.497701,614.946074,0.392828,False,False,True,False,False,True,False,2-circle,-1.000000,66.993023,100.000000,100.000000,0.000000,0.000000,99.746198,6.935214,6.233972,2,2,3,0.0000,0.0000,0.0000,0.5000,"Pursue",-4.130317
112,A0100,adaptive_eagle_v6h_e1c,HABFM,7476.878290,5.583924,128.753092,128.086483,-0.226325,14861.554038,272.408021,18146.678595,-27.613908,-4282.055602,624.191210,0.407216,False,False,True,False,False,True,False,2-circle,-1.000000,63.665270,100.000000,100.000000,0.000000,0.000000,85.351024,-7.172437,6.680058,2,8,3,0.0000,0.0000,0.0000,0.5000,"LeadPursuit",3.018804
112,B0100,defensive,HABFM,7476.878290,5.583924,128.753092,128.086483,-0.226325,14861.554038,272.408021,18146.678595,-27.613908,-4282.055602,624.191210,0.407216,False,False,True,False,False,True,False,2-circle,-1.000000,63.665270,100.000000,100.000000,0.000000,0.000000,85.351024,-7.172437,6.680058,2,2,3,0.0000,0.0000,0.0000,0.5000,"Pursue",-4.595099
113,A0100,adaptive_eagle_v6h_e1c,HABFM,7264.696658,7.045993,130.250275,130.693427,1.122828,14873.021694,272.429467,18158.663537,59.924709,-4281.254669,632.552051,1.333365,False,False,True,False,False,True,False,2-circle,1.000000,58.180803,100.000000,100.000000,0.000000,0.000000,69.793105,-22.398877,10.208385,2,8,3,0.0000,0.0000,0.0000,0.5000,"LeadPursuit",3.175553
113,B0100,defensive,HABFM,7264.696658,7.045993,130.250275,130.693427,1.122828,14873.021694,272.429467,18158.663537,59.924709,-4281.254669,632.552051,1.333365,False,False,True,False,False,True,False,2-circle,1.000000,58.180803,100.000000,100.000000,0.000000,0.000000,69.793105,-22.398877,10.208385,2,2,3,0.0000,0.0000,0.0000,0.5000,"Pursue",-4.877559
114,A0100,adaptive_eagle_v6h_e1c,HABFM,7049.713961,9.027263,131.807395,133.966987,3.174888,14887.447169,272.439436,18173.329461,73.329622,-4277.761842,640.291501,2.500158,False,False,True,False,False,True,False,2-circle,1.000000,49.875505,100.000000,100.000000,0.000000,0.000000,54.090901,-37.704054,14.344414,2,8,3,0.0000,0.0000,0.0000,0.5000,"LeadPursuit",3.000760
114,B0100,defensive,HABFM,7049.713961,9.027263,131.807395,133.966987,3.174888,14887.447169,272.439436,18173.329461,73.329622,-4277.761842,640.291501,2.500158,False,False,True,False,False,True,False,2-circle,1.000000,49.875505,100.000000,100.000000,0.000000,0.000000,54.090901,-37.704054,14.344414,2,2,3,0.0000,0.0000,0.0000,0.5000,"Pursue",-4.468698
115,A0100,adaptive_eagle_v6h_e1c,HABFM,6832.372322,11.444447,133.323969,137.852291,5.946009,14904.849752,272.186400,18184.631170,56.508547,-4288.374752,646.392843,4.158859,False,False,True,False,False,True,False,2-circle,1.000000,38.305316,100.000000,100.000000,0.000000,0.000000,39.211876,-52.109844,17.240211,2,8,3,0.0000,0.0000,0.0000,0.5000,"LeadPursuit",2.760759
115,B0100,defensive,HABFM,6832.372322,11.444447,133.323969,137.852291,5.946009,14904.849752,272.186400,18184.631170,56.508547,-4288.374752,646.392843,4.158859,False,False,True,False,False,True,False,2-circle,1.000000,38.305316,100.000000,100.000000,0.000000,0.000000,39.211876,-52.109844,17.240211,2,2,3,0.0000,0.0000,0.0000,0.5000,"Pursue",-3.889257
116,A0100,adaptive_eagle_v6h_e1c,HABFM,6613.100160,14.185130,135.158012,142.582644,9.304514,14924.705876,271.695089,18192.657617,40.132235,-4284.088791,652.296861,6.969177,False,False,True,False,False,True,False,2-circle,1.000000,23.585478,100.000000,100.000000,0.000000,0.000000,25.724318,-65.058203,18.788851,2,8,3,0.0000,0.0000,0.0000,0.5000,"LeadPursuit",2.514986
116,B0100,defensive,HABFM,6613.100160,14.185130,135.158012,142.582644,9.304514,14924.705876,271.695089,18192.657617,40.132235,-4284.088791,652.296861,6.969177,False,False,True,False,False,True,False,2-circle,1.000000,23.585478,100.000000,100.000000,0.000000,0.000000,25.724318,-65.058203,18.788851,2,2,3,0.0000,0.0000,0.0000,0.5000,"Pursue",-3.296196
117,A0100,adaptive_eagle_v6h_e1c,HABFM,6391.929423,17.184243,137.139252,147.736279,13.085677,14946.196646,271.085429,18199.498851,34.206166,-4268.780099,657.011588,13.453524,False,False,True,False,False,True,False,2-circle,1.000000,6.760682,100.000000,100.000000,0.000000,0.000000,13.785972,-76.430333,19.168089,2,8,3,0.0000,0.0000,0.0000,0.5000,"LeadPursuit",2.195210
117,B0100,defensive,HABFM,6391.929423,17.184243,137.139252,147.736279,13.085677,14946.196646,271.085429,18199.498851,34.206166,-4268.780099,657.011588,13.453524,False,False,True,False,False,True,False,2-circle,1.000000,6.760682,100.000000,100.000000,0.000000,0.000000,13.785972,-76.430333,19.168089,2,2,3,0.0000,0.0000,0.0000,0.5000,"Pursue",-2.612287
118,A0100,adaptive_eagle_v6h_e1c,HABFM,6169.862237,20.415772,138.539983,152.520186,17.158337,14968.414035,270.518297,18208.118142,43.096459,-4287.452479,657.585480,51.362912,False,False,True,False,False,False,False,2-circle,1.000000,-10.589301,100.000000,100.000000,0.000000,0.000000,3.296210,-86.376366,18.550270,2,8,3,0.0000,0.0000,0.0000,0.5000,"LeadPursuit",1.968852
118,B0100,defensive,HABFM,6169.862237,20.415772,138.539983,152.520186,17.158337,14968.414035,270.518297,18208.118142,43.096459,-4287.452479,657.585480,51.362912,False,False,True,False,False,False,False,2-circle,1.000000,-10.589301,100.000000,100.000000,0.000000,0.000000,3.296210,-86.376366,18.550270,2,2,3,0.0000,0.0000,0.0000,0.5000,"Pursue",-2.129800
119,A0100,adaptive_eagle_v6h_e1c,HABFM,5948.242159,23.864296,139.661916,157.235145,21.426646,14990.469552,269.948777,18216.546976,42.144170,-4320.655165,655.290433,186.670835,False,False,True,False,False,False,False,2-circle,1.000000,-27.605065,100.000000,100.000000,0.000000,0.000000,-5.921918,-95.095983,17.078019,2,8,3,0.0000,0.0000,0.0000,0.5000,"LeadPursuit",1.804142
119,B0100,defensive,HABFM,5948.242159,23.864296,139.661916,157.235145,21.426646,14990.469552,269.948777,18216.546976,42.144170,-4320.655165,655.290433,186.670835,False,False,True,False,False,False,False,2-circle,1.000000,-27.605065,100.000000,100.000000,0.000000,0.000000,-5.921918,-95.095983,17.078019,2,2,3,0.0000,0.0000,0.0000,0.5000,"Pursue",-1.797053
120,A0100,adaptive_eagle_v6h_e1c,HABFM,5727.939292,27.456219,140.772283,162.029681,25.770061,15011.437912,267.958301,18190.115580,-132.156983,-4398.725122,649.710087,187.960666,False,False,True,False,False,False,False,2-circle,1.000000,-43.624373,100.000000,100.000000,0.000000,0.000000,-14.146459,-102.881837,14.849521,2,7,3,0.0000,0.0000,0.0000,0.5000,"LeadPursuit",1.555731
120,B0100,defensive,HABFM,5727.939292,27.456219,140.772283,162.029681,25.770061,15011.437912,267.958301,18190.115580,-132.156983,-4398.725122,649.710087,187.960666,False,False,True,False,False,False,False,2-circle,1.000000,-43.624373,100.000000,100.000000,0.000000,0.000000,-14.146459,-102.881837,14.849521,2,2,3,0.0000,0.0000,0.0000,0.5000,"Pursue",-1.436025
121,A0100,adaptive_eagle_v6h_e1c,HABFM,5509.812790,30.894697,141.779979,166.407227,29.798675,15030.467114,266.171545,18166.895029,-116.102756,-4470.257768,643.158907,189.134417,False,False,True,False,False,False,False,2-circle,1.000000,-58.205520,100.000000,100.000000,0.000000,0.000000,-16.758600,-105.121338,12.295115,2,7,3,0.0000,0.0000,0.0000,0.5000,"LeadPursuit",1.400542
121,B0100,defensive,HABFM,5509.812790,30.894697,141.779979,166.407227,29.798675,15030.467114,266.171545,18166.895029,-116.102756,-4470.257768,643.158907,189.134417,False,False,True,False,False,False,False,2-circle,1.000000,-58.205520,100.000000,100.000000,0.000000,0.000000,-16.758600,-105.121338,12.295115,2,2,3,0.0000,0.0000,0.0000,0.5000,"Pursue",-1.264260
122,A0100,adaptive_eagle_v6h_e1c,HABFM,5293.721193,34.026908,143.063458,169.849065,33.300485,15047.527577,265.158937,18160.136770,-33.791291,-4487.491478,638.169065,189.788801,False,False,True,False,False,False,False,2-circle,1.000000,-71.717053,100.000000,100.000000,0.000000,0.000000,-10.720144,-98.758457,10.180221,2,7,3,0.0000,0.0000,0.0000,0.5000,"LeadPursuit",1.405714
122,B0100,defensive,HABFM,5293.721193,34.026908,143.063458,169.849065,33.300485,15047.527577,265.158937,18160.136770,-33.791291,-4487.491478,638.169065,189.788801,False,False,True,False,False,False,False,2-circle,1.000000,-71.717053,100.000000,100.000000,0.000000,0.000000,-10.720144,-98.758457,10.180221,2,2,3,0.0000,0.0000,0.0000,0.5000,"Pursue",-1.221725
123,A0100,adaptive_eagle_v6h_e1c,HABFM,5079.313682,37.272669,144.473265,171.235864,36.791280,15063.015554,264.256587,18154.476059,-28.303558,-4482.754737,632.169426,190.375355,False,False,True,False,False,False,False,2-circle,1.000000,-84.348818,100.000000,100.000000,0.000000,0.000000,-2.771405,-90.521128,8.957029,2,7,3,0.0000,0.0000,0.0000,0.5000,"LeadPursuit",1.416483
123,B0100,defensive,HABFM,5079.313682,37.272669,144.473265,171.235864,36.791280,15063.015554,264.256587,18154.476059,-28.303558,-4482.754737,632.169426,190.375355,False,False,True,False,False,False,False,2-circle,1.000000,-84.348818,100.000000,100.000000,0.000000,0.000000,-2.771405,-90.521128,8.957029,2,2,3,0.0000,0.0000,0.0000,0.5000,"Pursue",-1.052804
124,A0100,adaptive_eagle_v6h_e1c,HABFM,4867.846421,41.211751,145.270569,169.684414,40.895682,15077.297322,262.796078,18134.680125,-98.979672,-4531.478389,620.001261,48.976153,False,False,True,False,False,False,False,2-circle,1.000000,-95.778836,100.000000,100.000000,0.000000,0.000000,1.403376,-86.098350,8.491880,2,7,3,0.0000,0.0000,0.0000,0.5000,"LeadPursuit",1.525323
124,B0100,defensive,HABFM,4867.846421,41.211751,145.270569,169.684414,40.895682,15077.297322,262.796078,18134.680125,-98.979672,-4531.478389,620.001261,48.976153,False,False,True,False,False,False,False,2-circle,1.000000,-95.778836,100.000000,100.000000,0.000000,0.000000,1.403376,-86.098350,8.491880,2,2,3,0.0000,0.0000,0.0000,0.5000,"Pursue",-0.970915
125,A0100,adaptive_eagle_v6h_e1c,DBFM,4661.729947,46.106435,145.742486,165.936428,45.919405,15090.674558,260.527070,18095.489756,-195.951841,-4622.327799,601.044391,192.948441,False,False,True,False,False,False,False,2-circle,1.000000,-106.300594,100.000000,100.000000,0.000000,0.000000,-2.072746,-89.358494,8.250451,2,7,3,0.0000,0.0000,0.0000,0.5000,"LeadPursuit",1.506845
125,B0100,defensive,DBFM,4661.729947,46.106435,145.742486,165.936428,45.919405,15090.674558,260.527070,18095.489756,-195.951841,-4622.327799,601.044391,192.948441,False,False,True,False,False,False,False,2-circle,1.000000,-106.300594,100.000000,100.000000,0.000000,0.000000,-2.072746,-89.358494,8.250451,2,2,3,0.0000,0.0000,0.0000,0.5000,"Pursue",-0.856101
126,A0100,adaptive_eagle_v6h_e1c,DBFM,4462.695138,51.374586,146.151845,161.165412,51.301177,15102.967552,258.122759,18052.577949,-214.559037,-4711.690029,578.634187,194.663167,False,False,True,False,False,False,False,2-circle,1.000000,-115.985859,100.000000,100.000000,0.000000,0.000000,-9.601185,-96.699524,7.771791,2,7,3,0.0000,0.0000,0.0000,0.5000,"LeadPursuit",1.387177
126,B0100,defensive,DBFM,4462.695138,51.374586,146.151845,161.165412,51.301177,15102.967552,258.122759,18052.577949,-214.559037,-4711.690029,578.634187,194.663167,False,False,True,False,False,False,False,2-circle,1.000000,-115.985859,100.000000,100.000000,0.000000,0.000000,-9.601185,-96.699524,7.771791,2,2,3,0.0000,0.0000,0.0000,0.5000,"Pursue",-0.775818
127,A0100,adaptive_eagle_v6h_e1c,DBFM,4271.162489,56.271076,146.789611,156.170079,56.280312,15113.605138,256.391723,18023.786524,-143.957125,-4750.230151,557.540451,195.912503,False,False,True,False,False,False,False,2-circle,1.000000,-124.611745,100.000000,100.000000,0.000000,0.000000,-13.557994,-100.499854,6.932617,2,7,3,0.0000,0.0000,0.0000,0.5000,"LeadPursuit",1.218185
127,B0100,defensive,DBFM,4271.162489,56.271076,146.789611,156.170079,56.280312,15113.605138,256.391723,18023.786524,-143.957125,-4750.230151,557.540451,195.912503,False,False,True,False,False,False,False,2-circle,1.000000,-124.611745,100.000000,100.000000,0.000000,0.000000,-13.557994,-100.499854,6.932617,2,2,3,0.0000,0.0000,0.0000,0.5000,"Pursue",-0.672236
128,A0100,adaptive_eagle_v6h_e1c,DBFM,4086.244262,60.578929,147.476361,151.390519,60.630125,15122.505569,255.540239,18013.389464,-51.985298,-4740.737942,538.617948,196.522415,False,False,True,False,False,False,False,2-circle,1.000000,-131.821336,100.000000,100.000000,0.000000,0.000000,-8.470104,-95.289564,5.977139,2,7,3,0.0000,0.0000,0.0000,0.5000,"LeadPursuit",0.998835
128,B0100,defensive,DBFM,4086.244262,60.578929,147.476361,151.390519,60.630125,15122.505569,255.540239,18013.389464,-51.985298,-4740.737942,538.617948,196.522415,False,False,True,False,False,False,False,2-circle,1.000000,-131.821336,100.000000,100.000000,0.000000,0.000000,-8.470104,-95.289564,5.977139,2,2,3,0.0000,0.0000,0.0000,0.5000,"Pursue",-0.387569
129,A0100,adaptive_eagle_v6h_e1c,DBFM,3907.925920,64.840731,147.494811,147.186556,64.911706,15130.018979,254.932843,18007.176482,-31.064914,-4756.088191,517.147760,70.487147,False,False,True,False,False,False,False,2-circle,1.000000,-137.303667,100.000000,100.000000,0.000000,0.000000,-0.472045,-87.207710,5.317172,2,7,3,0.0000,0.0000,0.0000,0.5000,"LeadPursuit",1.027428
129,B0100,defensive,DBFM,3907.925920,64.840731,147.494811,147.186556,64.911706,15130.018979,254.932843,18007.176482,-31.064914,-4756.088191,517.147760,70.487147,False,False,True,False,False,False,False,2-circle,1.000000,-137.303667,100.000000,100.000000,0.000000,0.000000,-0.472045,-87.207710,5.317172,2,2,3,0.0000,0.0000,0.0000,0.5000,"Pursue",-0.267687
130,A0100,adaptive_eagle_v6h_e1c,DBFM,3737.734841,69.782822,147.163132,142.622154,69.865653,15136.509262,253.794828,17988.036957,-95.697624,-4802.525738,490.080536,26.273832,False,False,True,False,False,False,False,2-circle,1.000000,-141.476161,100.000000,100.000000,0.000000,0.000000,4.166685,-82.513795,5.104494,2,7,3,0.0000,0.0000,0.0000,0.5000,"LeadPursuit",1.182232
130,B0100,defensive,DBFM,3737.734841,69.782822,147.163132,142.622154,69.865653,15136.509262,253.794828,17988.036957,-95.697624,-4802.525738,490.080536,26.273832,False,False,True,False,False,False,False,2-circle,1.000000,-141.476161,100.000000,100.000000,0.000000,0.000000,4.166685,-82.513795,5.104494,2,2,3,0.0000,0.0000,0.0000,0.5000,"Pursue",-0.249711
131,A0100,adaptive_eagle_v6h_e1c,DBFM,3577.721327,75.665090,146.754491,137.191430,75.758505,15142.349027,251.885472,17951.132737,-184.521098,-4868.760980,456.725854,42.304043,False,False,True,False,False,False,False,2-circle,1.000000,-144.947709,100.000000,100.000000,0.000000,0.000000,1.339179,-85.300310,5.052793,2,7,3,0.0000,0.0000,0.0000,0.5000,"LeadPursuit",1.193513
131,B0100,defensive,DBFM,3577.721327,75.665090,146.754491,137.191430,75.758505,15142.349027,251.885472,17951.132737,-184.521098,-4868.760980,456.725854,42.304043,False,False,True,False,False,False,False,2-circle,1.000000,-144.947709,100.000000,100.000000,0.000000,0.000000,1.339179,-85.300310,5.052793,2,2,3,0.0000,0.0000,0.0000,0.5000,"Pursue",-0.153823
132,A0100,adaptive_eagle_v6h_e1c,DBFM,3429.660752,81.965004,146.179235,131.541131,82.059172,15147.476348,249.819851,17910.381331,-203.757030,-4941.589794,420.023279,200.834196,False,False,True,False,False,False,False,2-circle,1.000000,-148.040597,100.000000,100.000000,0.000000,0.000000,-5.587143,-92.192591,4.786195,2,7,3,0.0000,0.0000,0.0000,0.5000,"LeadPursuit",1.154298
132,B0100,defensive,DBFM,3429.660752,81.965004,146.179235,131.541131,82.059172,15147.476348,249.819851,17910.381331,-203.757030,-4941.589794,420.023279,200.834196,False,False,True,False,False,False,False,2-circle,1.000000,-148.040597,100.000000,100.000000,0.000000,0.000000,-5.587143,-92.192591,4.786195,2,2,3,0.0000,0.0000,0.0000,0.5000,"Pursue",-0.161682
133,A0100,adaptive_eagle_v6h_e1c,DBFM,3293.771175,87.922795,145.822141,126.028432,87.998680,15151.363723,248.385651,17882.636427,-138.724519,-4966.579340,385.607342,201.953882,False,False,True,False,False,False,False,2-circle,1.000000,-150.588931,100.000000,100.000000,0.000000,0.000000,-9.284797,-95.865728,4.196972,2,7,3,0.0000,0.0000,0.0000,0.5000,"LeadPursuit",0.334376
133,B0100,defensive,DBFM,3293.771175,87.922795,145.822141,126.028432,87.998680,15151.363723,248.385651,17882.636427,-138.724519,-4966.579340,385.607342,201.953882,False,False,True,False,False,False,False,2-circle,1.000000,-150.588931,100.000000,100.000000,0.000000,0.000000,-9.284797,-95.865728,4.196972,2,2,3,0.0000,0.0000,0.0000,0.5000,"Pursue",-0.137635
134,A0100,adaptive_eagle_v6h_e1c,DBFM,3168.756887,93.253303,145.533451,121.022425,93.306484,15153.840924,247.795424,17872.148667,-52.438799,-4944.682999,354.665779,202.415777,False,False,False,False,False,False,False,2-circle,1.000000,-152.157429,100.000000,100.000000,0.000000,0.000000,-4.309066,-90.881686,3.502374,2,7,2,0.0000,0.0000,0.0000,0.5000,"LeadPursuit",-0.224232
134,B0100,defensive,DBFM,3168.756887,93.253303,145.533451,121.022425,93.306484,15153.840924,247.795424,17872.148667,-52.438799,-4944.682999,354.665779,202.415777,False,False,False,False,False,False,False,2-circle,1.000000,-152.157429,100.000000,100.000000,0.000000,0.000000,-4.309066,-90.881686,3.502374,2,2,3,0.0000,0.0000,0.0000,0.5000,"Pursue",0.102033
135,A0100,adaptive_eagle_v6h_e1c,DBFM,3054.189677,98.471501,144.590828,116.755264,98.505639,15155.159568,247.460711,17866.128693,-30.099870,-4947.321921,322.301130,28.335635,False,False,False,False,False,False,False,2-circle,1.000000,-152.322171,100.000000,100.000000,0.000000,0.000000,3.706025,-82.883306,3.062310,2,7,2,0.0000,0.0000,0.0000,0.5000,"LeadPursuit",-0.291541
135,B0100,defensive,DBFM,3054.189677,98.471501,144.590828,116.755264,98.505639,15155.159568,247.460711,17866.128693,-30.099870,-4947.321921,322.301130,28.335635,False,False,False,False,False,False,False,2-circle,1.000000,-152.322171,100.000000,100.000000,0.000000,0.000000,3.706025,-82.883306,3.062310,2,2,3,0.0000,0.0000,0.0000,0.5000,"Pursue",0.204259
136,A0100,adaptive_eagle_v6h_e1c,DBFM,2951.193185,104.309463,143.326354,112.185714,104.337684,15155.686790,246.599002,17847.808492,-91.601007,-4981.076696,285.997841,16.675932,False,False,False,False,False,False,False,2-circle,1.000000,-151.480023,100.000000,100.000000,0.000000,0.000000,8.640776,-77.982792,3.022404,2,7,2,0.0000,0.0000,0.0000,0.5000,"LeadPursuit",-0.281220
136,B0100,defensive,DBFM,2951.193185,104.309463,143.326354,112.185714,104.337684,15155.686790,246.599002,17847.808492,-91.601007,-4981.076696,285.997841,16.675932,False,False,False,False,False,False,False,2-circle,1.000000,-151.480023,100.000000,100.000000,0.000000,0.000000,8.640776,-77.982792,3.022404,2,2,3,0.0000,0.0000,0.0000,0.5000,"Pursue",0.196980
137,A0100,adaptive_eagle_v6h_e1c,DBFM,2861.020365,110.987361,142.054259,106.782608,111.021592,15155.891831,244.978806,17812.754378,-175.270569,-5034.276157,246.491983,20.830382,False,False,False,False,False,False,False,2-circle,1.000000,-150.329288,100.000000,100.000000,0.000000,0.000000,6.392843,-80.267607,3.134246,2,7,2,0.0000,0.0000,0.0000,0.5000,"LeadPursuit",-0.282025
137,B0100,defensive,DBFM,2861.020365,110.987361,142.054259,106.782608,111.021592,15155.891831,244.978806,17812.754378,-175.270569,-5034.276157,246.491983,20.830382,False,False,False,False,False,False,False,2-circle,1.000000,-150.329288,100.000000,100.000000,0.000000,0.000000,6.392843,-80.267607,3.134246,2,2,3,0.0000,0.0000,0.0000,0.5000,"Pursue",0.227089
138,A0100,adaptive_eagle_v6h_e1c,DBFM,2784.322096,117.990391,140.725542,101.132212,118.023512,15155.841836,243.173963,17773.700544,-195.269171,-5095.670848,207.068916,61.150723,False,False,False,False,False,False,False,2-circle,1.000000,-149.311703,100.000000,100.000000,0.000000,0.000000,0.058703,-86.632117,3.069397,2,7,2,0.0000,0.0000,0.0000,0.5000,"LeadPursuit",-0.199059
138,B0100,defensive,DBFM,2784.322096,117.990391,140.725542,101.132212,118.023512,15155.841836,243.173963,17773.700544,-195.269171,-5095.670848,207.068916,61.150723,False,False,False,False,False,False,False,2-circle,1.000000,-149.311703,100.000000,100.000000,0.000000,0.000000,0.058703,-86.632117,3.069397,2,2,3,0.0000,0.0000,0.0000,0.5000,"Pursue",0.143391
139,A0100,adaptive_eagle_v6h_e1c,DBFM,2720.219936,124.539485,139.758573,95.592945,124.552673,15155.050088,241.957185,17746.776204,-134.621699,-5111.878751,172.968890,207.180365,False,False,False,False,False,False,False,2-circle,1.000000,-148.292337,100.000000,100.000000,0.000000,0.000000,-3.350908,-90.068127,2.738599,2,4,4,0.0000,0.0000,0.0000,0.5000,"Accelerate",-0.062005
139,B0100,defensive,DBFM,2720.219936,124.539485,139.758573,95.592945,124.552673,15155.050088,241.957185,17746.776204,-134.621699,-5111.878751,172.968890,207.180365,False,False,False,False,False,False,False,2-circle,1.000000,-148.292337,100.000000,100.000000,0.000000,0.000000,-3.350908,-90.068127,2.738599,2,2,3,0.0000,0.0000,0.0000,0.5000,"Pursue",-0.036191
140,A0100,adaptive_eagle_v6h_e1c,DBFM,2666.311467,130.289950,139.421887,90.194282,130.283022,15153.243907,241.547032,17736.190750,-52.927272,-5054.637992,146.195558,43.386435,False,False,False,False,False,False,False,2-circle,1.000000,-146.667658,100.000000,100.000000,0.000000,0.000000,1.523646,-85.227296,2.336118,2,4,4,0.0000,0.0000,0.0000,0.5000,"Accelerate",-0.063488
140,B0100,defensive,DBFM,2666.311467,130.289950,139.421887,90.194282,130.283022,15153.243907,241.547032,17736.190750,-52.927272,-5054.637992,146.195558,43.386435,False,False,False,False,False,False,False,2-circle,1.000000,-146.667658,100.000000,100.000000,0.000000,0.000000,1.523646,-85.227296,2.336118,2,2,3,0.0000,0.0000,0.0000,0.5000,"Pursue",-0.015081
141,A0100,adaptive_eagle_v6h_e1c,DBFM,2620.751625,135.694336,138.944847,85.234162,135.674403,15150.560904,241.396005,17730.278795,-29.559773,-4980.473557,121.658009,16.142129,False,False,False,False,False,False,False,1-circle,1.000000,-143.002123,100.000000,100.000000,0.000000,0.000000,9.479235,-77.343843,2.164774,2,4,4,0.0000,0.0000,0.0000,0.5000,"Accelerate",-0.192295
141,B0100,defensive,DBFM,2620.751625,135.694336,138.944847,85.234162,135.674403,15150.560904,241.396005,17730.278795,-29.559773,-4980.473557,121.658009,16.142129,False,False,False,False,False,False,False,1-circle,1.000000,-143.002123,100.000000,100.000000,0.000000,0.000000,9.479235,-77.343843,2.164774,2,2,3,0.0000,0.0000,0.0000,0.5000,"Pursue",0.198049
142,A0100,adaptive_eagle_v6h_e1c,DBFM,2583.682149,141.476804,137.661588,80.644064,141.458603,15147.375439,240.720183,17712.668986,-88.049043,-4940.335751,94.511764,11.430901,False,False,False,False,False,False,False,1-circle,1.000000,-135.698760,100.000000,100.000000,0.000000,0.000000,14.611948,-72.359779,2.343984,2,4,4,0.0000,0.0000,0.0000,0.5000,"Accelerate",-0.360821
142,B0100,defensive,DBFM,2583.682149,141.476804,137.661588,80.644064,141.458603,15147.375439,240.720183,17712.668986,-88.049043,-4940.335751,94.511764,11.430901,False,False,False,False,False,False,False,1-circle,1.000000,-135.698760,100.000000,100.000000,0.000000,0.000000,14.611948,-72.359779,2.343984,2,2,3,0.0000,0.0000,0.0000,0.5000,"Pursue",0.493790
143,A0100,adaptive_eagle_v6h_e1c,DBFM,2556.189444,147.881423,135.385643,76.421245,147.875059,15144.264532,239.291719,17679.202856,-167.330652,-4961.730887,64.158575,13.038959,False,False,False,False,False,False,False,1-circle,1.000000,-124.161558,100.000000,100.000000,0.000000,0.000000,12.878821,-74.335748,2.650647,2,4,4,0.0000,0.0000,0.0000,0.5000,"Accelerate",-0.432420
143,B0100,defensive,DBFM,2556.189444,147.881423,135.385643,76.421245,147.875059,15144.264532,239.291719,17679.202856,-167.330652,-4961.730887,64.158575,13.038959,False,False,False,False,False,False,False,1-circle,1.000000,-124.161558,100.000000,100.000000,0.000000,0.000000,12.878821,-74.335748,2.650647,2,2,3,0.0000,0.0000,0.0000,0.5000,"Pursue",0.666014
144,A0100,adaptive_eagle_v6h_e1c,DBFM,2538.943807,154.477767,132.566613,72.639427,154.475190,15141.420037,237.648896,17641.671331,-187.657625,-5025.188200,34.062275,21.683304,False,False,False,False,False,False,False,1-circle,1.000000,-109.590314,100.000000,100.000000,0.000000,0.000000,7.163665,-80.364754,2.803815,2,4,4,0.0000,0.0000,0.0000,0.5000,"Accelerate",-0.428248
144,B0100,defensive,DBFM,2538.943807,154.477767,132.566613,72.639427,154.475190,15141.420037,237.648896,17641.671331,-187.657625,-5025.188200,34.062275,21.683304,False,False,False,False,False,False,False,1-circle,1.000000,-109.590314,100.000000,100.000000,0.000000,0.000000,7.163665,-80.364754,2.803815,2,2,3,0.0000,0.0000,0.0000,0.5000,"Pursue",0.730792
145,A0100,adaptive_eagle_v6h_e1c,DBFM,2531.496986,160.532519,129.562077,69.705397,160.521401,15138.377705,236.554461,17615.653409,-130.089609,-5074.198701,6.200896,33.436577,False,False,False,False,False,False,False,1-circle,1.000000,-92.509661,100.000000,100.000000,0.000000,0.000000,4.214141,-83.688876,2.739671,2,4,4,0.0000,0.0000,0.0000,0.5000,"Accelerate",-0.395723
145,B0100,defensive,DBFM,2531.496986,160.532519,129.562077,69.705397,160.521401,15138.377705,236.554461,17615.653409,-130.089609,-5074.198701,6.200896,33.436577,False,False,False,False,False,False,False,1-circle,1.000000,-92.509661,100.000000,100.000000,0.000000,0.000000,4.214141,-83.688876,2.739671,2,2,3,0.0000,0.0000,0.0000,0.5000,"Pursue",0.743250
146,A0100,adaptive_eagle_v6h_e1c,DBFM,2533.092979,165.717860,126.546802,67.682669,165.721424,15134.746311,236.232150,17605.275917,-51.887460,-5111.776615,-18.999751,19.119884,False,False,False,False,False,False,False,1-circle,1.000000,-74.290384,100.000000,100.000000,0.000000,0.000000,9.269169,-79.038658,2.636136,2,4,4,0.0000,0.0000,0.0000,0.5000,"Accelerate",-0.327286
146,B0100,defensive,DBFM,2533.092979,165.717860,126.546802,67.682669,165.721424,15134.746311,236.232150,17605.275917,-51.887460,-5111.776615,-18.999751,19.119884,False,False,False,False,False,False,False,1-circle,1.000000,-74.290384,100.000000,100.000000,0.000000,0.000000,9.269169,-79.038658,2.636136,2,2,3,0.0000,0.0000,0.0000,0.5000,"Pursue",0.654049
147,A0100,adaptive_eagle_v6h_e1c,DBFM,2542.793717,170.852747,123.831960,65.312092,170.920726,15130.606068,235.795199,17592.004807,-66.355553,-5175.231530,-40.245831,12.979610,False,False,False,False,False,False,False,1-circle,1.000000,-57.398628,100.000000,100.000000,0.000000,0.000000,14.638396,-74.047956,2.624740,2,4,4,0.0000,0.0000,0.0000,0.5000,"Accelerate",-0.265470
147,B0100,defensive,DBFM,2542.793717,170.852747,123.831960,65.312092,170.920726,15130.606068,235.795199,17592.004807,-66.355553,-5175.231530,-40.245831,12.979610,False,False,False,False,False,False,False,1-circle,1.000000,-57.398628,100.000000,100.000000,0.000000,0.000000,14.638396,-74.047956,2.624740,2,2,3,0.0000,0.0000,0.0000,0.5000,"Pursue",0.555274
148,A0100,adaptive_eagle_v6h_e1c,DBFM,2558.922552,176.475178,121.423232,61.903956,176.742136,15126.427367,234.596253,17562.858836,-145.729853,-5320.548444,-56.320047,13.388425,False,False,False,False,False,False,False,1-circle,1.000000,-45.012928,100.000000,100.000000,0.000000,0.000000,14.527961,-74.436695,2.703102,2,4,4,0.0000,0.0000,0.0000,0.5000,"Accelerate",-0.258313
148,B0100,defensive,DBFM,2558.922552,176.475178,121.423232,61.903956,176.742136,15126.427367,234.596253,17562.858836,-145.729853,-5320.548444,-56.320047,13.388425,False,False,False,False,False,False,False,1-circle,1.000000,-45.012928,100.000000,100.000000,0.000000,0.000000,14.527961,-74.436695,2.703102,2,2,3,0.0000,0.0000,0.0000,0.5000,"Pursue",0.634648
149,A0100,adaptive_eagle_v6h_e1c,DBFM,2580.283865,177.010243,118.808393,58.617597,-177.391965,15122.441206,233.246893,17530.925352,-159.667423,-5484.117992,-71.157076,18.507240,False,False,False,False,False,False,False,1-circle,-1.000000,-38.187627,100.000000,100.000000,0.000000,0.000000,10.571940,-78.544993,2.729921,2,4,4,0.0000,0.0000,0.0000,0.5000,"Accelerate",-0.238142
149,B0100,defensive,DBFM,2580.283865,177.010243,118.808393,58.617597,-177.391965,15122.441206,233.246893,17530.925352,-159.667423,-5484.117992,-71.157076,18.507240,False,False,False,False,False,False,False,1-circle,-1.000000,-38.187627,100.000000,100.000000,0.000000,0.000000,10.571940,-78.544993,2.729921,2,0,2,0.0000,0.0000,0.0000,0.5000,"LeadPursuit",0.690018
150,A0100,adaptive_eagle_v6h_e1c,DBFM,2606.520362,171.580701,116.165181,55.596289,-171.757883,15118.362032,232.063010,17502.458907,-142.332224,-5634.064980,-84.362551,37.898301,False,False,False,False,False,False,False,1-circle,-1.000000,-34.855378,100.000000,100.000000,0.000000,0.000000,4.869166,-84.320341,2.484743,2,4,4,0.0000,0.0000,0.0000,0.5000,"Accelerate",-0.211093
150,B0100,defensive,DBFM,2606.520362,171.580701,116.165181,55.596289,-171.757883,15118.362032,232.063010,17502.458907,-142.332224,-5634.064980,-84.362551,37.898301,False,False,False,False,False,False,False,1-circle,-1.000000,-34.855378,100.000000,100.000000,0.000000,0.000000,4.869166,-84.320341,2.484743,2,0,2,0.0000,0.0000,0.0000,0.5000,"LeadPursuit",0.658072
151,A0100,adaptive_eagle_v6h_e1c,DBFM,2636.912913,166.387908,113.621755,52.931844,-166.563037,15113.736132,231.241036,17480.973839,-107.425337,-5745.920265,-95.963871,61.976796,False,False,False,False,False,False,False,1-circle,-1.000000,-33.426973,100.000000,100.000000,0.000000,0.000000,2.710756,-86.507475,1.987457,2,4,4,0.0000,0.0000,0.0000,0.5000,"Accelerate",-0.187307
151,B0100,defensive,DBFM,2636.912913,166.387908,113.621755,52.931844,-166.563037,15113.736132,231.241036,17480.973839,-107.425337,-5745.920265,-95.963871,61.976796,False,False,False,False,False,False,False,1-circle,-1.000000,-33.426973,100.000000,100.000000,0.000000,0.000000,2.710756,-86.507475,1.987457,2,0,2,0.0000,0.0000,0.0000,0.5000,"LeadPursuit",0.613320
152,A0100,adaptive_eagle_v6h_e1c,DBFM,2671.131706,161.981664,111.203584,50.947063,-162.174214,15108.328817,231.078192,17472.233594,-43.701227,-5846.211138,-106.835237,24.086597,False,False,False,False,False,False,False,1-circle,-1.000000,-32.199255,100.000000,100.000000,0.000000,0.000000,8.174046,-81.068406,1.512945,2,4,4,0.0000,0.0000,0.0000,0.5000,"Accelerate",-0.168535
152,B0100,defensive,DBFM,2671.131706,161.981664,111.203584,50.947063,-162.174214,15108.328817,231.078192,17472.233594,-43.701227,-5846.211138,-106.835237,24.086597,False,False,False,False,False,False,False,1-circle,-1.000000,-32.199255,100.000000,100.000000,0.000000,0.000000,8.174046,-81.068406,1.512945,2,0,2,0.0000,0.0000,0.0000,0.5000,"LeadPursuit",0.587349
153,A0100,adaptive_eagle_v6h_e1c,DBFM,2708.975306,157.546443,108.891590,48.785855,-157.724157,15102.283555,232.288268,17491.011049,93.887272,-5938.663591,-116.990716,14.544679,False,False,False,False,False,False,False,1-circle,-1.000000,-32.014907,100.000000,100.000000,0.000000,0.000000,13.760634,-75.481524,1.221881,2,4,4,0.0000,0.0000,0.0000,0.5000,"Accelerate",-0.149015
153,B0100,defensive,DBFM,2708.975306,157.546443,108.891590,48.785855,-157.724157,15102.283555,232.288268,17491.011049,93.887272,-5938.663591,-116.990716,14.544679,False,False,False,False,False,False,False,1-circle,-1.000000,-32.014907,100.000000,100.000000,0.000000,0.000000,13.760634,-75.481524,1.221881,2,0,2,0.0000,0.0000,0.0000,0.5000,"LeadPursuit",0.560019
154,A0100,adaptive_eagle_v6h_e1c,DBFM,2749.373031,152.690290,106.712061,46.082799,-152.831278,15096.043707,231.499503,17468.576276,-112.173864,-6056.382186,-122.024705,14.380126,False,False,False,False,False,False,False,1-circle,-1.000000,-32.491244,100.000000,100.000000,0.000000,0.000000,13.951610,-75.274356,1.114561,2,4,4,0.0000,0.0000,0.0000,0.5000,"Accelerate",-0.135780
154,B0100,defensive,DBFM,2749.373031,152.690290,106.712061,46.082799,-152.831278,15096.043707,231.499503,17468.576276,-112.173864,-6056.382186,-122.024705,14.380126,False,False,False,False,False,False,False,1-circle,-1.000000,-32.491244,100.000000,100.000000,0.000000,0.000000,13.951610,-75.274356,1.114561,2,0,2,0.0000,0.0000,0.0000,0.5000,"LeadPursuit",0.542083
155,A0100,adaptive_eagle_v6h_e1c,DBFM,2791.064065,147.834898,104.611166,43.328550,-147.953435,15089.789378,230.550235,17442.904627,-128.358245,-6158.370693,-124.982786,19.496671,False,False,False,False,False,False,False,1-circle,-1.000000,-32.268078,100.000000,100.000000,0.000000,0.000000,10.240950,-78.985097,1.039005,2,4,4,0.0000,0.0000,0.0000,0.5000,"Accelerate",-0.122068
155,B0100,defensive,DBFM,2791.064065,147.834898,104.611166,43.328550,-147.953435,15089.789378,230.550235,17442.904627,-128.358245,-6158.370693,-124.982786,19.496671,False,False,False,False,False,False,False,1-circle,-1.000000,-32.268078,100.000000,100.000000,0.000000,0.000000,10.240950,-78.985097,1.039005,2,0,2,0.0000,0.0000,0.0000,0.5000,"LeadPursuit",0.517039
156,A0100,adaptive_eagle_v6h_e1c,DBFM,2833.680137,143.084122,102.637365,40.548532,-143.198396,15083.295253,231.170845,17449.096078,30.957255,-6243.680801,-127.237243,40.167051,False,False,False,False,False,False,False,1-circle,-1.000000,-31.534641,100.000000,100.000000,0.000000,0.000000,4.621992,-84.616218,0.751628,2,4,4,0.0000,0.0000,0.0000,0.5000,"Accelerate",-0.108072
156,B0100,defensive,DBFM,2833.680137,143.084122,102.637365,40.548532,-143.198396,15083.295253,231.170845,17449.096078,30.957255,-6243.680801,-127.237243,40.167051,False,False,False,False,False,False,False,1-circle,-1.000000,-31.534641,100.000000,100.000000,0.000000,0.000000,4.621992,-84.616218,0.751628,2,0,2,0.0000,0.0000,0.0000,0.5000,"LeadPursuit",0.481807
157,A0100,adaptive_eagle_v6h_e1c,DBFM,2876.771056,138.683989,100.816590,37.970248,-138.809511,15076.171823,232.209297,17463.275413,70.896675,-6338.995179,-128.333936,68.097990,False,False,False,False,False,False,False,1-circle,-1.000000,-31.341018,100.000000,100.000000,0.000000,0.000000,2.405276,-86.831871,0.256513,2,4,4,0.0000,0.0000,0.0000,0.5000,"Accelerate",-0.098555
157,B0100,defensive,DBFM,2876.771056,138.683989,100.816590,37.970248,-138.809511,15076.171823,232.209297,17463.275413,70.896675,-6338.995179,-128.333936,68.097990,False,False,False,False,False,False,False,1-circle,-1.000000,-31.341018,100.000000,100.000000,0.000000,0.000000,2.405276,-86.831871,0.256513,2,0,2,0.0000,0.0000,0.0000,0.5000,"LeadPursuit",0.452476
158,A0100,adaptive_eagle_v6h_e1c,DBFM,2920.356720,134.906658,99.083903,35.933253,-135.042064,15068.222991,233.786660,17487.867196,122.958916,-6409.266989,-130.322655,24.778315,False,False,False,False,False,False,False,1-circle,-1.000000,-31.499885,100.000000,100.000000,0.000000,0.000000,7.821449,-81.405725,-0.210176,2,4,4,0.0000,0.0000,0.0000,0.5000,"Accelerate",-0.088464
158,B0100,defensive,DBFM,2920.356720,134.906658,99.083903,35.933253,-135.042064,15068.222991,233.786660,17487.867196,122.958916,-6409.266989,-130.322655,24.778315,False,False,False,False,False,False,False,1-circle,-1.000000,-31.499885,100.000000,100.000000,0.000000,0.000000,7.821449,-81.405725,-0.210176,2,0,2,0.0000,0.0000,0.0000,0.5000,"LeadPursuit",0.423491
159,A0100,adaptive_eagle_v6h_e1c,DBFM,2964.630740,131.424953,97.457520,34.110067,-131.560823,15059.559397,235.519583,17515.207352,136.700782,-6444.405415,-131.945135,12.364412,False,False,False,False,False,False,False,1-circle,-1.000000,-31.405191,100.000000,100.000000,0.000000,0.000000,15.960792,-73.262324,-0.382947,2,4,4,0.0000,0.0000,0.0000,0.5000,"Accelerate",-0.083211
159,B0100,defensive,DBFM,2964.630740,131.424953,97.457520,34.110067,-131.560823,15059.559397,235.519583,17515.207352,136.700782,-6444.405415,-131.945135,12.364412,False,False,False,False,False,False,False,1-circle,-1.000000,-31.405191,100.000000,100.000000,0.000000,0.000000,15.960792,-73.262324,-0.382947,2,0,2,0.0000,0.0000,0.0000,0.5000,"LeadPursuit",0.422903
160,A0100,adaptive_eagle_v6h_e1c,DBFM,3009.113601,127.710266,95.866542,32.007349,-127.827258,15050.561998,236.837897,17533.777738,92.851927,-6474.607310,-131.312181,9.162655,False,False,False,False,False,False,False,1-circle,-1.000000,-30.113201,100.000000,100.000000,0.000000,0.000000,21.230777,-68.017890,-0.176053,2,4,4,0.0000,0.0000,0.0000,0.5000,"Accelerate",-0.077325
160,B0100,defensive,DBFM,3009.113601,127.710266,95.866542,32.007349,-127.827258,15050.561998,236.837897,17533.777738,92.851927,-6474.607310,-131.312181,9.162655,False,False,False,False,False,False,False,1-circle,-1.000000,-30.113201,100.000000,100.000000,0.000000,0.000000,21.230777,-68.017890,-0.176053,2,0,2,0.0000,0.0000,0.0000,0.5000,"LeadPursuit",0.419675
161,A0100,adaptive_eagle_v6h_e1c,DBFM,3052.789578,123.765666,94.344206,29.556279,-123.855726,15041.763787,236.325466,17514.245595,-97.660710,-6593.814342,-127.028900,10.005339,False,False,False,False,False,False,False,1-circle,-1.000000,-28.534496,100.000000,100.000000,0.000000,0.000000,19.611120,-69.670389,0.210476,2,8,2,0.0000,0.0000,0.0000,0.5000,"LeadPursuit",-0.070119
161,B0100,defensive,DBFM,3052.789578,123.765666,94.344206,29.556279,-123.855726,15041.763787,236.325466,17514.245595,-97.660710,-6593.814342,-127.028900,10.005339,False,False,False,False,False,False,False,1-circle,-1.000000,-28.534496,100.000000,100.000000,0.000000,0.000000,19.611120,-69.670389,0.210476,2,0,2,0.0000,0.0000,0.0000,0.5000,"LeadPursuit",0.406322
162,A0100,adaptive_eagle_v6h_e1c,DBFM,3094.614592,119.759683,92.928088,26.917688,-119.828376,15033.294263,235.516964,17488.887598,-126.789986,-6767.497033,-120.794080,14.388101,False,False,False,False,False,False,False,1-circle,-1.000000,-28.040377,100.000000,100.000000,0.000000,0.000000,13.782540,-75.504179,0.499078,2,8,2,0.0000,0.0000,0.0000,0.5000,"LeadPursuit",-0.063953
162,B0100,defensive,DBFM,3094.614592,119.759683,92.928088,26.917688,-119.828376,15033.294263,235.516964,17488.887598,-126.789986,-6767.497033,-120.794080,14.388101,False,False,False,False,False,False,False,1-circle,-1.000000,-28.040377,100.000000,100.000000,0.000000,0.000000,13.782540,-75.504179,0.499078,2,0,2,0.0000,0.0000,0.0000,0.5000,"LeadPursuit",0.394864
163,A0100,adaptive_eagle_v6h_e1c,DBFM,3134.297238,115.748521,91.599682,24.216580,-115.802777,15024.830371,236.254815,17495.834068,34.732349,-6908.556145,-114.189585,28.957801,False,False,False,False,False,False,False,1-circle,-1.000000,-29.018231,100.000000,100.000000,0.000000,0.000000,6.552314,-82.701111,0.409807,2,8,2,0.0000,0.0000,0.0000,0.5000,"LeadPursuit",-0.047564
163,B0100,defensive,DBFM,3134.297238,115.748521,91.599682,24.216580,-115.802777,15024.830371,236.254815,17495.834068,34.732349,-6908.556145,-114.189585,28.957801,False,False,False,False,False,False,False,1-circle,-1.000000,-29.018231,100.000000,100.000000,0.000000,0.000000,6.552314,-82.701111,0.409807,2,0,2,0.0000,0.0000,0.0000,0.5000,"LeadPursuit",0.327195
164,A0100,adaptive_eagle_v6h_e1c,DBFM,3171.488771,111.993437,90.579798,21.529162,-112.040837,15015.900880,237.389359,17510.694096,74.300141,-7000.145175,-105.774990,46.775430,False,False,False,False,False,False,False,1-circle,-1.000000,-29.868720,100.000000,100.000000,0.000000,0.000000,3.735086,-85.486773,-0.014403,3,8,3,0.0000,0.0000,0.0000,0.5000,"SmartLowYoYo",-0.012689
164,B0100,defensive,DBFM,3171.488771,111.993437,90.579798,21.529162,-112.040837,15015.900880,237.389359,17510.694096,74.300141,-7000.145175,-105.774990,46.775430,False,False,False,False,False,False,False,1-circle,-1.000000,-29.868720,100.000000,100.000000,0.000000,0.000000,3.735086,-85.486773,-0.014403,2,0,2,0.0000,0.0000,0.0000,0.5000,"LeadPursuit",0.163605
165,A0100,adaptive_eagle_v6h_e1c,DBFM,3205.080812,108.637932,90.291078,18.608852,-108.679999,15006.268133,238.907823,17533.079375,111.926392,-7048.015816,-92.590817,20.228861,False,False,False,False,False,False,False,1-circle,-1.000000,-28.889016,100.000000,100.000000,0.000000,0.000000,9.519034,-79.717682,-0.462466,1,8,4,0.0000,0.0000,0.0000,0.5000,"SmartLowYoYo",0.030726
165,B0100,defensive,DBFM,3205.080812,108.637932,90.291078,18.608852,-108.679999,15006.268133,238.907823,17533.079375,111.926392,-7048.015816,-92.590817,20.228861,False,False,False,False,False,False,False,1-circle,-1.000000,-28.889016,100.000000,100.000000,0.000000,0.000000,9.519034,-79.717682,-0.462466,2,0,2,0.0000,0.0000,0.0000,0.5000,"LeadPursuit",-0.034815
166,A0100,adaptive_eagle_v6h_e1c,DBFM,3233.005175,105.427274,90.938687,15.010697,-105.462821,14996.088983,240.475225,17556.164265,115.424451,-7028.917774,-71.511105,10.668439,False,False,False,False,False,False,False,1-circle,-1.000000,-25.534949,100.000000,100.000000,0.000000,0.000000,18.186944,-71.127348,-0.608825,1,8,4,0.0000,0.0000,0.0000,0.5000,"SmartLowYoYo",0.057705
166,B0100,defensive,DBFM,3233.005175,105.427274,90.938687,15.010697,-105.462821,14996.088983,240.475225,17556.164265,115.424451,-7028.917774,-71.511105,10.668439,False,False,False,False,False,False,False,1-circle,-1.000000,-25.534949,100.000000,100.000000,0.000000,0.000000,18.186944,-71.127348,-0.608825,2,0,2,0.0000,0.0000,0.0000,0.5000,"LeadPursuit",-0.142488
167,A0100,adaptive_eagle_v6h_e1c,DBFM,3252.592339,102.073980,92.148806,10.806171,-102.099474,14985.781358,241.753707,17573.150196,84.929658,-6979.802560,-44.295487,8.050124,False,False,False,False,False,False,False,1-circle,-1.000000,-20.266750,100.000000,100.000000,0.000000,0.000000,23.709078,-65.736195,-0.339593,1,8,4,0.0000,0.0000,0.0000,0.5000,"SmartLowYoYo",0.067600
167,B0100,defensive,DBFM,3252.592339,102.073980,92.148806,10.806171,-102.099474,14985.781358,241.753707,17573.150196,84.929658,-6979.802560,-44.295487,8.050124,False,False,False,False,False,False,False,1-circle,-1.000000,-20.266750,100.000000,100.000000,0.000000,0.000000,23.709078,-65.736195,-0.339593,2,0,2,0.0000,0.0000,0.0000,0.5000,"LeadPursuit",-0.162518
168,A0100,adaptive_eagle_v6h_e1c,DBFM,3262.395267,98.484274,93.535279,6.455910,-98.498819,14975.855755,241.226974,17551.962147,-105.940244,-6983.667805,-13.623020,8.811316,False,False,False,False,False,False,False,1-circle,-1.000000,-14.389376,100.000000,100.000000,0.000000,0.000000,22.025974,-67.571210,0.136026,1,8,4,0.0000,0.0000,0.0000,0.5000,"SmartLowYoYo",0.074305
168,B0100,defensive,DBFM,3262.395267,98.484274,93.535279,6.455910,-98.498819,14975.855755,241.226974,17551.962147,-105.940244,-6983.667805,-13.623020,8.811316,False,False,False,False,False,False,False,1-circle,-1.000000,-14.389376,100.000000,100.000000,0.000000,0.000000,22.025974,-67.571210,0.136026,2,0,2,0.0000,0.0000,0.0000,0.5000,"LeadPursuit",-0.167678
169,A0100,adaptive_eagle_v6h_e1c,DBFM,3261.520174,94.768954,95.017123,3.784659,-94.774515,14966.462223,240.379384,17524.497282,-137.324327,-6996.564554,18.619317,12.496215,False,False,False,False,False,False,False,1-circle,-1.000000,-8.971723,100.000000,100.000000,0.000000,0.000000,16.024592,-73.717521,0.506431,1,8,4,0.0000,0.0000,0.0000,0.5000,"SmartLowYoYo",0.078064
169,B0100,defensive,DBFM,3261.520174,94.768954,95.017123,3.784659,-94.774515,14966.462223,240.379384,17524.497282,-137.324327,-6996.564554,18.619317,12.496215,False,False,False,False,False,False,False,1-circle,-1.000000,-8.971723,100.000000,100.000000,0.000000,0.000000,16.024592,-73.717521,0.506431,2,0,2,0.0000,0.0000,0.0000,0.5000,"LeadPursuit",-0.159587
170,A0100,adaptive_eagle_v6h_e1c,DBFM,3249.688701,90.994668,96.525378,6.432826,-90.991290,14957.260760,241.072852,17530.076423,27.895703,-6961.800580,51.290957,23.502900,False,False,False,False,False,False,False,1-circle,-1.000000,-4.671601,100.000000,100.000000,0.000000,0.000000,8.665841,-81.195705,0.478866,1,8,4,0.0000,0.0000,0.0000,0.5000,"SmartLowYoYo",-0.445354
170,B0100,defensive,DBFM,3249.688701,90.994668,96.525378,6.432826,-90.991290,14957.260760,241.072852,17530.076423,27.895703,-6961.800580,51.290957,23.502900,False,False,False,False,False,False,False,1-circle,-1.000000,-4.671601,100.000000,100.000000,0.000000,0.000000,8.665841,-81.195705,0.478866,2,0,2,0.0000,0.0000,0.0000,0.5000,"LeadPursuit",-0.229084
171,A0100,adaptive_eagle_v6h_e1c,DBFM,3226.658242,87.443243,98.366454,11.253425,-87.427737,14947.742800,242.170828,17544.047811,69.856940,-6887.066694,85.656504,34.604945,False,False,True,False,False,False,False,1-circle,-1.000000,-2.042537,100.000000,100.000000,0.000000,0.000000,5.916860,-84.020456,0.105038,3,8,3,0.0000,0.0000,0.0000,0.5000,"SmartLowYoYo",-0.557013
171,B0100,defensive,DBFM,3226.658242,87.443243,98.366454,11.253425,-87.427737,14947.742800,242.170828,17544.047811,69.856940,-6887.066694,85.656504,34.604945,False,False,True,False,False,False,False,1-circle,-1.000000,-2.042537,100.000000,100.000000,0.000000,0.000000,5.916860,-84.020456,0.105038,2,0,2,0.0000,0.0000,0.0000,0.5000,"LeadPursuit",-0.291295
172,A0100,adaptive_eagle_v6h_e1c,DBFM,3191.804645,84.270144,100.461477,16.329413,-84.237824,14937.644069,243.655873,17565.888945,109.205671,-6783.500608,120.145164,17.003873,False,False,True,False,False,False,False,1-circle,-1.000000,-1.427490,100.000000,100.000000,0.000000,0.000000,11.919968,-78.034464,-0.285438,3,8,3,0.0000,0.0000,0.0000,0.5000,"SmartLowYoYo",-0.533515
172,B0100,defensive,DBFM,3191.804645,84.270144,100.461477,16.329413,-84.237824,14937.644069,243.655873,17565.888945,109.205671,-6783.500608,120.145164,17.003873,False,False,True,False,False,False,False,1-circle,-1.000000,-1.427490,100.000000,100.000000,0.000000,0.000000,11.919968,-78.034464,-0.285438,2,0,2,0.0000,0.0000,0.0000,0.5000,"LeadPursuit",-0.277954
173,A0100,adaptive_eagle_v6h_e1c,DBFM,3145.592814,81.213567,102.511533,21.360772,-81.161419,14927.125943,245.177697,17588.304294,112.076744,-6690.813587,153.590398,9.488900,False,False,True,False,False,False,False,1-circle,-1.000000,-2.491823,100.000000,100.000000,0.000000,0.000000,20.599733,-69.317152,-0.353094,3,7,3,0.0000,0.0000,0.0000,0.5000,"SmartLowYoYo",-0.557588
173,B0100,defensive,DBFM,3145.592814,81.213567,102.511533,21.360772,-81.161419,14927.125943,245.177697,17588.304294,112.076744,-6690.813587,153.590398,9.488900,False,False,True,False,False,False,False,1-circle,-1.000000,-2.491823,100.000000,100.000000,0.000000,0.000000,20.599733,-69.317152,-0.353094,2,0,2,0.0000,0.0000,0.0000,0.5000,"LeadPursuit",-0.257454
174,A0100,adaptive_eagle_v6h_e1c,DBFM,3088.127751,78.049650,104.542920,26.521367,-77.979315,14916.632729,245.003679,17574.034808,-71.347426,-6659.207996,186.888034,7.358340,False,False,True,False,False,False,False,1-circle,-1.000000,-4.833469,100.000000,100.000000,0.000000,0.000000,25.808446,-64.022239,0.017875,3,7,3,0.0000,0.0000,0.0000,0.5000,"SmartLowYoYo",-0.641339
174,B0100,defensive,DBFM,3088.127751,78.049650,104.542920,26.521367,-77.979315,14916.632729,245.003679,17574.034808,-71.347426,-6659.207996,186.888034,7.358340,False,False,True,False,False,False,False,1-circle,-1.000000,-4.833469,100.000000,100.000000,0.000000,0.000000,25.808446,-64.022239,0.017875,2,0,2,0.0000,0.0000,0.0000,0.5000,"LeadPursuit",-0.205175
175,A0100,adaptive_eagle_v6h_e1c,DBFM,3019.334264,74.531653,106.492116,31.975590,-74.447407,14906.695100,244.203812,17546.774188,-136.303104,-6652.597367,220.704965,8.135530,False,False,True,False,False,False,False,1-circle,-1.000000,-8.009079,100.000000,100.000000,0.000000,0.000000,23.557750,-66.145854,0.585311,3,7,3,0.0000,0.0000,0.0000,0.5000,"SmartLowYoYo",-0.698165
175,B0100,defensive,DBFM,3019.334264,74.531653,106.492116,31.975590,-74.447407,14906.695100,244.203812,17546.774188,-136.303104,-6652.597367,220.704965,8.135530,False,False,True,False,False,False,False,1-circle,-1.000000,-8.009079,100.000000,100.000000,0.000000,0.000000,23.557750,-66.145854,0.585311,2,0,2,0.0000,0.0000,0.0000,0.5000,"LeadPursuit",-0.142333
176,A0100,adaptive_eagle_v6h_e1c,DBFM,2939.230090,70.825378,108.288599,37.484208,-70.727174,14897.455777,243.287935,17517.768967,-145.026103,-6652.395439,253.550906,11.507217,False,False,True,False,False,False,False,1-circle,-1.000000,-11.116165,100.000000,100.000000,0.000000,0.000000,16.984967,-72.577417,1.006426,3,7,3,0.0000,0.0000,0.0000,0.5000,"SmartLowYoYo",-0.768823
176,B0100,defensive,DBFM,2939.230090,70.825378,108.288599,37.484208,-70.727174,14897.455777,243.287935,17517.768967,-145.026103,-6652.395439,253.550906,11.507217,False,False,True,False,False,False,False,1-circle,-1.000000,-11.116165,100.000000,100.000000,0.000000,0.000000,16.984967,-72.577417,1.006426,2,0,2,0.0000,0.0000,0.0000,0.5000,"LeadPursuit",-0.005450
177,A0100,adaptive_eagle_v6h_e1c,DBFM,2848.468039,66.998877,109.604808,42.650157,-66.881139,14888.547179,243.923464,17522.568077,23.995550,-6630.176173,283.322921,20.939125,False,False,True,False,False,False,False,1-circle,-1.000000,-12.919166,100.000000,100.000000,0.000000,0.000000,9.216481,-80.238261,1.008587,1,7,4,0.0000,0.0000,0.0000,0.5000,"SmartLowYoYo",-0.761089
177,B0100,defensive,DBFM,2848.468039,66.998877,109.604808,42.650157,-66.881139,14888.547179,243.923464,17522.568077,23.995550,-6630.176173,283.322921,20.939125,False,False,True,False,False,False,False,1-circle,-1.000000,-12.919166,100.000000,100.000000,0.000000,0.000000,9.216481,-80.238261,1.008587,2,0,2,0.0000,0.0000,0.0000,0.5000,"LeadPursuit",0.039777
178,A0100,adaptive_eagle_v6h_e1c,DBFM,2748.119955,63.317723,110.787965,47.556816,-63.169344,14879.433802,244.971484,17536.137518,67.847207,-6596.782298,311.068014,29.439303,False,False,True,False,False,False,False,1-circle,-1.000000,-13.017375,100.000000,100.000000,0.000000,0.000000,6.354290,-83.051467,0.658802,1,7,4,0.0000,0.0000,0.0000,0.5000,"SmartLowYoYo",-0.705900
178,B0100,defensive,DBFM,2748.119955,63.317723,110.787965,47.556816,-63.169344,14879.433802,244.971484,17536.137518,67.847207,-6596.782298,311.068014,29.439303,False,False,True,False,False,False,False,1-circle,-1.000000,-13.017375,100.000000,100.000000,0.000000,0.000000,6.354290,-83.051467,0.658802,2,0,2,0.0000,0.0000,0.0000,0.5000,"LeadPursuit",0.025078
179,A0100,adaptive_eagle_v6h_e1c,DBFM,2638.553652,59.917501,112.051574,52.263036,-59.739301,14869.833992,246.409413,17557.817786,108.401335,-6535.649570,337.783350,15.345026,False,False,True,False,False,False,False,1-circle,-1.000000,-11.291177,100.000000,100.000000,0.000000,0.000000,12.526324,-76.910575,0.300430,2,8,2,0.0000,0.0000,0.0000,0.5000,"LeadPursuit",-0.763965
179,B0100,defensive,DBFM,2638.553652,59.917501,112.051574,52.263036,-59.739301,14869.833992,246.409413,17557.817786,108.401335,-6535.649570,337.783350,15.345026,False,False,True,False,False,False,False,1-circle,-1.000000,-11.291177,100.000000,100.000000,0.000000,0.000000,12.526324,-76.910575,0.300430,2,0,2,0.0000,0.0000,0.0000,0.5000,"LeadPursuit",0.074125
180,A0100,adaptive_eagle_v6h_e1c,DBFM,2520.026331,56.356049,113.307313,57.095721,-56.160117,14859.944644,247.712296,17576.428880,93.055472,-6473.602549,364.562193,10.243000,False,False,True,False,False,False,False,1-circle,-1.000000,-8.360941,100.000000,100.000000,0.000000,0.000000,18.654924,-70.884233,0.168592,2,8,2,0.0000,0.0000,0.0000,0.5000,"LeadPursuit",-0.911708
180,B0100,defensive,DBFM,2520.026331,56.356049,113.307313,57.095721,-56.160117,14859.944644,247.712296,17576.428880,93.055472,-6473.602549,364.562193,10.243000,False,False,True,False,False,False,False,1-circle,-1.000000,-8.360941,100.000000,100.000000,0.000000,0.000000,18.654924,-70.884233,0.168592,2,0,2,0.0000,0.0000,0.0000,0.5000,"LeadPursuit",0.188051
181,A0100,adaptive_eagle_v6h_e1c,DBFM,2392.528772,52.346828,114.477821,62.264213,-52.142731,14850.209409,247.158990,17554.571774,-109.285532,-6472.747263,390.613845,10.395919,False,False,True,False,False,False,False,1-circle,-1.000000,-5.226433,100.000000,100.000000,0.000000,0.000000,18.572328,-71.104526,0.277455,2,8,2,0.0000,0.0000,0.0000,0.5000,"LeadPursuit",-1.025697
181,B0100,defensive,DBFM,2392.528772,52.346828,114.477821,62.264213,-52.142731,14850.209409,247.158990,17554.571774,-109.285532,-6472.747263,390.613845,10.395919,False,False,True,False,False,False,False,1-circle,-1.000000,-5.226433,100.000000,100.000000,0.000000,0.000000,18.572328,-71.104526,0.277455,2,0,2,0.0000,0.0000,0.0000,0.5000,"LeadPursuit",0.252834
182,A0100,adaptive_eagle_v6h_e1c,DBFM,2256.163795,48.018600,115.839552,67.942709,-47.800363,14840.819125,246.252816,17525.387506,-145.921338,-6456.000203,417.745680,13.943645,False,False,True,False,False,False,False,1-circle,-1.000000,-2.630281,100.000000,100.000000,0.000000,0.000000,14.181525,-75.632459,0.394918,2,8,2,0.0000,0.0000,0.0000,0.5000,"LeadPursuit",-1.160413
182,B0100,defensive,DBFM,2256.163795,48.018600,115.839552,67.942709,-47.800363,14840.819125,246.252816,17525.387506,-145.921338,-6456.000203,417.745680,13.943645,False,False,True,False,False,False,False,1-circle,-1.000000,-2.630281,100.000000,100.000000,0.000000,0.000000,14.181525,-75.632459,0.394918,2,0,2,0.0000,0.0000,0.0000,0.5000,"LeadPursuit",0.396628
183,A0100,adaptive_eagle_v6h_e1c,UNKNOWN,2110.420685,43.454159,117.151337,73.839659,-43.201977,14831.514131,246.897856,17530.164954,23.887237,-6373.892163,445.118249,25.343530,False,False,True,False,False,False,False,1-circle,-1.000000,-0.094358,100.000000,100.000000,0.000000,0.000000,7.995022,-81.997150,0.230621,2,8,2,0.0000,0.0000,0.0000,0.5000,"LeadPursuit",-1.322004
183,B0100,defensive,UNKNOWN,2110.420685,43.454159,117.151337,73.839659,-43.201977,14831.514131,246.897856,17530.164954,23.887237,-6373.892163,445.118249,25.343530,False,False,True,False,False,False,False,1-circle,-1.000000,-0.094358,100.000000,100.000000,0.000000,0.000000,7.995022,-81.997150,0.230621,2,0,2,0.0000,0.0000,0.0000,0.5000,"LeadPursuit",0.710376
184,A0100,adaptive_eagle_v6h_e1c,UNKNOWN,1956.364085,38.861250,117.713891,79.052603,-38.545370,14821.839763,247.947228,17543.479100,66.570731,-6315.355518,466.259789,34.511160,False,False,True,False,False,True,False,1-circle,-1.000000,3.486648,100.000000,100.000000,0.000000,0.000000,6.222601,-84.128758,-0.184076,2,8,2,0.0000,0.0000,0.0000,0.5000,"LeadPursuit",-1.459574
184,B0100,defensive,UNKNOWN,1956.364085,38.861250,117.713891,79.052603,-38.545370,14821.839763,247.947228,17543.479100,66.570731,-6315.355518,466.259789,34.511160,False,False,True,False,False,True,False,1-circle,-1.000000,3.486648,100.000000,100.000000,0.000000,0.000000,6.222601,-84.128758,-0.184076,2,1,2,0.0000,0.0000,0.0000,0.5000,"LeadPursuit",0.995698
185,A0100,adaptive_eagle_v6h_e1c,UNKNOWN,1796.403103,34.328842,117.748987,83.679489,-33.939717,14811.575232,247.951066,17533.298834,-50.901326,-6304.830304,480.922650,16.413084,False,False,True,False,False,True,False,1-circle,-1.000000,8.180284,100.000000,100.000000,0.000000,0.000000,13.257412,-77.797537,-0.545780,2,8,2,0.0000,0.0000,0.0000,0.5000,"LeadPursuit",-1.779977
185,B0100,defensive,UNKNOWN,1796.403103,34.328842,117.748987,83.679489,-33.939717,14811.575232,247.951066,17533.298834,-50.901326,-6304.830304,480.922650,16.413084,False,False,True,False,False,True,False,1-circle,-1.000000,8.180284,100.000000,100.000000,0.000000,0.000000,13.257412,-77.797537,-0.545780,2,1,2,0.0000,0.0000,0.0000,0.5000,"LeadPursuit",1.440856
186,A0100,adaptive_eagle_v6h_e1c,UNKNOWN,1632.175873,29.415046,117.371031,88.256150,-28.960088,14800.914204,247.724262,17517.660875,-78.189795,-6296.852287,491.597914,9.314990,False,False,True,False,False,True,False,1-circle,-1.000000,13.388444,100.000000,100.000000,0.000000,0.000000,23.286436,-69.121090,-0.535424,2,8,2,0.0000,0.0000,0.0000,0.5000,"LeadPursuit",-2.416354
186,B0100,defensive,UNKNOWN,1632.175873,29.415046,117.371031,88.256150,-28.960088,14800.914204,247.724262,17517.660875,-78.189795,-6296.852287,491.597914,9.314990,False,False,True,False,False,True,False,1-circle,-1.000000,13.388444,100.000000,100.000000,0.000000,0.000000,23.286436,-69.121090,-0.535424,2,1,2,0.0000,0.0000,0.0000,0.5000,"LeadPursuit",2.265034
187,A0100,adaptive_eagle_v6h_e1c,HABFM,1464.936240,23.641367,116.700023,93.378117,-23.141817,14790.309362,247.209265,17495.772020,-109.444276,-6269.293946,499.302571,7.337348,False,False,True,False,False,True,False,2-circle,-1.000000,18.153412,100.000000,100.000000,0.000000,0.000000,31.298987,-64.112019,-0.097773,2,8,2,0.0000,0.0000,0.0000,0.5000,"LeadPursuit",-3.688765
187,B0100,defensive,HABFM,1464.936240,23.641367,116.700023,93.378117,-23.141817,14790.309362,247.209265,17495.772020,-109.444276,-6269.293946,499.302571,7.337348,False,False,True,False,False,True,False,2-circle,-1.000000,18.153412,100.000000,100.000000,0.000000,0.000000,31.298987,-64.112019,-0.097773,2,2,2,0.0000,0.0000,0.0000,0.5000,"LeadPursuit",4.164530
188,A0100,adaptive_eagle_v6h_e1c,OBFM,1296.049625,16.601047,115.251842,99.032352,-16.040226,14780.282484,246.272472,17465.279436,-152.462922,-6241.412731,499.531432,8.285070,False,False,True,True,False,True,False,2-circle,-1.000000,22.182331,100.000000,100.000000,0.000000,0.000000,42.357967,-66.661599,0.487024,2,8,2,0.0000,0.0000,0.0000,0.5000,"LeadPursuit",-5.953155
188,B0100,defensive,OBFM,1296.049625,16.601047,115.251842,99.032352,-16.040226,14780.282484,246.272472,17465.279436,-152.462922,-6241.412731,499.531432,8.285070,False,False,True,True,False,True,False,2-circle,-1.000000,22.182331,100.000000,100.000000,0.000000,0.000000,42.357967,-66.661599,0.487024,2,3,1,0.0000,0.0000,0.0000,0.5000,"LeadPursuit",8.302078
189,A0100,adaptive_eagle_v6h_e1c,OBFM,1129.811398,8.445769,111.913965,104.187570,-7.555796,14770.904548,245.409278,17437.112460,-140.834881,-6248.532367,481.845489,9.430154,True,False,True,True,False,True,False,2-circle,-1.000000,26.078173,100.000000,99.353293,0.646707,0.000000,178.593951,-69.171780,1.077260,2,8,2,0.0000,0.0000,0.0000,0.5000,"LeadPursuit",-3.543868
189,B0100,defensive,OBFM,1129.811398,8.445769,111.913965,104.187570,-7.555796,14770.904548,245.409278,17437.112460,-140.834881,-6248.532367,481.845489,9.430154,True,False,True,True,False,True,False,2-circle,-1.000000,26.078173,100.000000,99.353293,0.646707,0.000000,178.593951,-69.171780,1.077260,2,2,1,0.0000,0.0000,0.0000,0.5000,"LeadPursuit",5.909381
190,A0100,adaptive_eagle_v6h_e1c,OBFM,973.691206,4.295147,106.314785,109.146887,2.996826,14761.969391,244.565621,17409.877276,-136.175920,-6268.790809,438.512586,9.136104,True,False,True,True,False,True,False,2-circle,1.000000,29.931360,100.000000,97.749699,2.250301,0.000000,-167.313709,-68.493104,1.586145,2,8,2,0.0000,0.0000,0.0000,0.5000,"LeadPursuit",8.738894
190,B0100,defensive,OBFM,973.691206,4.295147,106.314785,109.146887,2.996826,14761.969391,244.565621,17409.877276,-136.175920,-6268.790809,438.512586,9.136104,True,False,True,True,False,True,False,2-circle,1.000000,29.931360,100.000000,97.749699,2.250301,0.000000,-167.313709,-68.493104,1.586145,2,5,1,0.0000,0.0000,0.0000,0.5000,"LeadPursuit",-10.855992
191,A0100,adaptive_eagle_v6h_e1c,OBFM,838.426925,16.692581,97.772212,114.158858,16.560286,14753.564961,243.739904,17383.622984,-131.271458,-6283.777237,355.035407,8.741559,False,False,True,True,False,True,False,2-circle,1.000000,33.277946,100.000000,97.749699,2.250301,0.000000,-163.434507,-67.547085,2.124828,2,8,2,0.0000,0.0000,0.0000,0.5000,"LeadPursuit",6.623407
191,B0100,defensive,OBFM,838.426925,16.692581,97.772212,114.158858,16.560286,14753.564961,243.739904,17383.622984,-131.271458,-6283.777237,355.035407,8.741559,False,False,True,True,False,True,False,2-circle,1.000000,33.277946,100.000000,97.749699,2.250301,0.000000,-163.434507,-67.547085,2.124828,2,5,1,0.0000,0.0000,0.0000,0.5000,"LeadPursuit",-5.085623
192,A0100,adaptive_eagle_v6h_e1c,HABFM,740.374432,33.468947,85.827477,119.126935,33.498192,14745.577577,243.280238,17365.724965,-89.490097,-6258.137763,216.577018,6.454820,False,False,True,False,False,True,False,2-circle,1.000000,35.751631,100.000000,97.749699,2.250301,0.000000,-155.239402,-60.718269,2.965515,2,8,2,0.0000,0.0000,0.0000,0.5000,"LeadPursuit",5.142688
192,B0100,defensive,HABFM,740.374432,33.468947,85.827477,119.126935,33.498192,14745.577577,243.280238,17365.724965,-89.490097,-6258.137763,216.577018,6.454820,False,False,True,False,False,True,False,2-circle,1.000000,35.751631,100.000000,97.749699,2.250301,0.000000,-155.239402,-60.718269,2.965515,2,7,2,0.0000,0.0000,0.0000,0.5000,"LeadPursuit",-3.346496
193,A0100,adaptive_eagle_v6h_e1c,HABFM,698.768592,53.254696,70.721013,123.860107,53.358500,14738.045259,244.708337,17389.044415,116.597252,-6157.071524,22.507118,4.304873,False,False,True,False,False,True,False,2-circle,1.000000,37.557098,100.000000,97.749699,2.250301,0.000000,-143.810821,-50.100798,3.870583,2,8,2,0.0000,0.0000,0.0000,0.5000,"LeadPursuit",4.176252
193,B0100,defensive,HABFM,698.768592,53.254696,70.721013,123.860107,53.358500,14738.045259,244.708337,17389.044415,116.597252,-6157.071524,22.507118,4.304873,False,False,True,False,False,True,False,2-circle,1.000000,37.557098,100.000000,97.749699,2.250301,0.000000,-143.810821,-50.100798,3.870583,2,8,2,0.0000,0.0000,0.0000,0.5000,"LeadPursuit",-1.738398
194,A0100,adaptive_eagle_v6h_e1c,HABFM,727.779128,73.197689,54.444872,127.557090,73.356627,14730.812746,246.636098,17423.744459,173.500220,-6076.600588,-191.478272,2.839292,False,False,True,False,False,True,False,2-circle,1.000000,39.534455,100.000000,97.749699,2.250301,0.000000,-131.696952,-38.478539,3.245883,2,8,2,0.0000,0.0000,0.0000,0.5000,"LeadPursuit",3.200744
194,B0100,defensive,HABFM,727.779128,73.197689,54.444872,127.557090,73.356627,14730.812746,246.636098,17423.744459,173.500220,-6076.600588,-191.478272,2.839292,False,False,True,False,False,True,False,2-circle,1.000000,39.534455,100.000000,97.749699,2.250301,0.000000,-131.696952,-38.478539,3.245883,2,8,2,0.0000,0.0000,0.0000,0.5000,"LeadPursuit",-0.923451
195,A0100,adaptive_eagle_v6h_e1c,HABFM,823.851247,90.122602,40.584046,130.625707,90.332666,14723.541421,249.250353,17473.863920,250.597303,-5986.284833,-366.126663,1.796416,False,False,False,False,False,True,False,2-circle,1.000000,41.921910,100.000000,97.749699,2.250301,0.000000,-119.846162,-26.932176,1.260506,2,8,2,0.0000,0.0000,0.0000,0.5000,"LeadPursuit",-0.188189
195,B0100,defensive,HABFM,823.851247,90.122602,40.584046,130.625707,90.332666,14723.541421,249.250353,17473.863920,250.597303,-5986.284833,-366.126663,1.796416,False,False,False,False,False,True,False,2-circle,1.000000,41.921910,100.000000,97.749699,2.250301,0.000000,-119.846162,-26.932176,1.260506,2,8,2,0.0000,0.0000,0.0000,0.5000,"LeadPursuit",-0.513677
196,A0100,adaptive_eagle_v6h_e1c,HABFM,969.178586,102.961710,30.559971,133.415139,103.234106,14715.661002,252.210448,17531.697014,289.165473,-5877.899452,-484.297134,0.913716,False,False,False,False,False,True,False,2-circle,1.000000,44.934115,100.000000,97.749699,2.250301,0.000000,-107.385537,-14.647639,-0.926701,2,8,2,0.0000,0.0000,0.0000,0.5000,"LeadPursuit",-0.107948
196,B0100,defensive,HABFM,969.178586,102.961710,30.559971,133.415139,103.234106,14715.661002,252.210448,17531.697014,289.165473,-5877.899452,-484.297134,0.913716,False,False,False,False,False,True,False,2-circle,1.000000,44.934115,100.000000,97.749699,2.250301,0.000000,-107.385537,-14.647639,-0.926701,2,8,2,0.0000,0.0000,0.0000,0.5000,"LeadPursuit",-0.310630
197,A0100,adaptive_eagle_v6h_e1c,HABFM,1146.655775,112.492244,24.128257,136.464189,112.832232,14706.817569,255.107041,17587.908402,281.056937,-5740.844628,-559.055140,0.053397,False,False,False,False,False,True,False,2-circle,1.000000,48.466777,100.000000,97.749699,2.250301,0.000000,-93.527052,-0.884774,-0.824547,2,8,2,0.0000,0.0000,0.0000,0.5000,"LeadPursuit",-0.063315
197,B0100,defensive,HABFM,1146.655775,112.492244,24.128257,136.464189,112.832232,14706.817569,255.107041,17587.908402,281.056937,-5740.844628,-559.055140,0.053397,False,False,False,False,False,True,False,2-circle,1.000000,48.466777,100.000000,97.749699,2.250301,0.000000,-93.527052,-0.884774,-0.824547,2,8,2,0.0000,0.0000,0.0000,0.5000,"LeadPursuit",-0.203789
198,A0100,adaptive_eagle_v6h_e1c,HABFM,1344.497303,119.711689,20.132013,139.676059,120.093452,14697.366964,258.083783,17646.086664,290.891309,-5584.919968,-607.995113,0.828590,False,False,False,False,False,True,False,2-circle,1.000000,52.425338,100.000000,97.749699,2.250301,0.000000,-78.978944,13.622220,2.315768,2,8,2,0.0000,0.0000,0.0000,0.5000,"LeadPursuit",-0.044599
198,B0100,defensive,HABFM,1344.497303,119.711689,20.132013,139.676059,120.093452,14697.366964,258.083783,17646.086664,290.891309,-5584.919968,-607.995113,0.828590,False,False,False,False,False,True,False,2-circle,1.000000,52.425338,100.000000,97.749699,2.250301,0.000000,-78.978944,13.622220,2.315768,2,8,2,0.0000,0.0000,0.0000,0.5000,"LeadPursuit",-0.138852
199,A0100,adaptive_eagle_v6h_e1c,HABFM,1556.120006,125.169662,17.229015,142.262756,125.559674,14687.989943,259.333828,17665.343424,96.283801,-5524.174590,-641.945489,1.748962,False,False,False,False,False,True,False,2-circle,1.000000,56.815726,100.000000,97.749699,2.250301,0.000000,-65.403809,27.196764,5.676274,2,8,2,0.0000,0.0000,0.0000,0.5000,"LeadPursuit",-0.028712
199,B0100,defensive,HABFM,1556.120006,125.169662,17.229015,142.262756,125.559674,14687.989943,259.333828,17665.343424,96.283801,-5524.174590,-641.945489,1.748962,False,False,False,False,False,True,False,2-circle,1.000000,56.815726,100.000000,97.749699,2.250301,0.000000,-65.403809,27.196764,5.676274,2,8,2,0.0000,0.0000,0.0000,0.5000,"LeadPursuit",-0.096245
200,A0100,adaptive_eagle_v6h_e1c,HABFM,1777.331918,129.254485,15.298588,144.437807,129.625444,14679.160145,260.042407,17672.805931,37.312537,-5495.481771,-665.160908,2.687180,False,False,False,False,False,True,False,2-circle,1.000000,61.064953,100.000000,97.749699,2.250301,0.000000,-54.244322,38.362077,8.007578,2,8,2,0.0000,0.0000,0.0000,0.5000,"LeadPursuit",-0.015356
200,B0100,defensive,HABFM,1777.331918,129.254485,15.298588,144.437807,129.625444,14679.160145,260.042407,17672.805931,37.312537,-5495.481771,-665.160908,2.687180,False,False,False,False,False,True,False,2-circle,1.000000,61.064953,100.000000,97.749699,2.250301,0.000000,-54.244322,38.362077,8.007578,2,8,2,0.0000,0.0000,0.0000,0.5000,"LeadPursuit",-0.068461
201,A0100,adaptive_eagle_v6h_e1c,HABFM,2004.932466,132.330492,14.228259,146.436562,132.668303,14671.061693,260.513366,17675.560788,13.774285,-5470.199071,-680.717979,3.569369,False,False,False,False,False,True,False,2-circle,1.000000,64.649955,100.000000,97.749699,2.250301,0.000000,-46.116752,46.481307,9.285537,1,8,4,0.0000,0.0000,0.0000,0.5000,"HeadOnBreak",-0.006601
201,B0100,defensive,HABFM,2004.932466,132.330492,14.228259,146.436562,132.668303,14671.061693,260.513366,17675.560788,13.774285,-5470.199071,-680.717979,3.569369,False,False,False,False,False,True,False,2-circle,1.000000,64.649955,100.000000,97.749699,2.250301,0.000000,-46.116752,46.481307,9.285537,2,8,2,0.0000,0.0000,0.0000,0.5000,"LeadPursuit",-0.047125
202,A0100,adaptive_eagle_v6h_e1c,HABFM,2236.760644,134.555223,13.726041,148.120887,134.838739,14663.800121,260.600229,17670.303132,-26.288281,-5460.119784,-690.730948,4.021337,False,False,False,False,False,True,False,2-circle,1.000000,66.956667,100.000000,97.749699,2.250301,0.000000,-42.675792,49.879946,9.801268,1,8,4,0.0000,0.0000,0.0000,0.5000,"HeadOnBreak",0.004403
202,B0100,defensive,HABFM,2236.760644,134.555223,13.726041,148.120887,134.838739,14663.800121,260.600229,17670.303132,-26.288281,-5460.119784,-690.730948,4.021337,False,False,False,False,False,True,False,2-circle,1.000000,66.956667,100.000000,97.749699,2.250301,0.000000,-42.675792,49.879946,9.801268,2,8,2,0.0000,0.0000,0.0000,0.5000,"LeadPursuit",-0.035332
203,A0100,adaptive_eagle_v6h_e1c,HABFM,2471.117511,136.285530,13.997366,150.041581,136.510299,14657.580384,260.517240,17662.168845,-40.671436,-5430.089316,-696.159214,3.918308,False,False,False,False,False,True,False,2-circle,1.000000,67.265571,100.000000,97.749699,2.250301,0.000000,-43.324852,49.134180,9.883242,1,8,4,0.0000,0.0000,0.0000,0.5000,"HeadOnBreak",0.009987
203,B0100,defensive,HABFM,2471.117511,136.285530,13.997366,150.041581,136.510299,14657.580384,260.517240,17662.168845,-40.671436,-5430.089316,-696.159214,3.918308,False,False,False,False,False,True,False,2-circle,1.000000,67.265571,100.000000,97.749699,2.250301,0.000000,-43.324852,49.134180,9.883242,2,8,2,0.0000,0.0000,0.0000,0.5000,"LeadPursuit",-0.027761
204,A0100,adaptive_eagle_v6h_e1c,HABFM,2706.640448,137.683425,14.727812,152.125218,137.851554,14652.354770,260.317148,17652.329610,-49.196174,-5390.402285,-698.697346,3.780620,False,False,False,False,False,True,False,2-circle,1.000000,65.782495,100.000000,97.749699,2.250301,0.000000,-44.228217,48.094066,9.944100,1,8,4,0.0000,0.0000,0.0000,0.5000,"HeadOnBreak",0.005661
204,B0100,defensive,HABFM,2706.640448,137.683425,14.727812,152.125218,137.851554,14652.354770,260.317148,17652.329610,-49.196174,-5390.402285,-698.697346,3.780620,False,False,False,False,False,True,False,2-circle,1.000000,65.782495,100.000000,97.749699,2.250301,0.000000,-44.228217,48.094066,9.944100,2,8,2,0.0000,0.0000,0.0000,0.5000,"LeadPursuit",-0.021287
205,A0100,adaptive_eagle_v6h_e1c,HABFM,2942.911484,138.782769,15.181241,153.690600,138.896945,14648.174977,259.951666,17639.731878,-62.988660,-5394.794474,-701.232281,3.825474,False,False,False,False,False,True,False,2-circle,1.000000,63.167646,100.000000,97.749699,2.250301,0.000000,-43.780254,48.389005,10.280673,1,8,4,0.0000,0.0000,0.0000,0.5000,"HeadOnBreak",0.006299
205,B0100,defensive,HABFM,2942.911484,138.782769,15.181241,153.690600,138.896945,14648.174977,259.951666,17639.731878,-62.988660,-5394.794474,-701.232281,3.825474,False,False,False,False,False,True,False,2-circle,1.000000,63.167646,100.000000,97.749699,2.250301,0.000000,-43.780254,48.389005,10.280673,2,8,2,0.0000,0.0000,0.0000,0.5000,"LeadPursuit",-0.016360
206,A0100,adaptive_eagle_v6h_e1c,HABFM,3179.966781,139.645153,15.658182,155.029521,139.712236,14645.123728,259.446321,17625.060792,-73.355431,-5420.010278,-702.946318,3.965316,False,False,False,False,False,True,False,2-circle,1.000000,59.320795,100.000000,97.749699,2.250301,0.000000,-42.640926,49.352962,10.757430,1,8,4,0.0000,0.0000,0.0000,0.5000,"HeadOnBreak",0.009986
206,B0100,defensive,HABFM,3179.966781,139.645153,15.658182,155.029521,139.712236,14645.123728,259.446321,17625.060792,-73.355431,-5420.010278,-702.946318,3.965316,False,False,False,False,False,True,False,2-circle,1.000000,59.320795,100.000000,97.749699,2.250301,0.000000,-42.640926,49.352962,10.757430,2,8,2,0.0000,0.0000,0.0000,0.5000,"LeadPursuit",-0.012784
207,A0100,adaptive_eagle_v6h_e1c,HABFM,3417.299259,140.326987,16.370050,156.388940,140.358514,14643.219265,258.876396,17610.078670,-74.910609,-5444.580939,-703.218532,4.120357,False,False,False,False,False,True,False,2-circle,1.000000,53.876774,100.000000,97.749699,2.250301,0.000000,-41.408469,50.374506,11.225004,1,8,4,0.0000,0.0000,0.0000,0.5000,"HeadOnBreak",0.017592
207,B0100,defensive,HABFM,3417.299259,140.326987,16.370050,156.388940,140.358514,14643.219265,258.876396,17610.078670,-74.910609,-5444.580939,-703.218532,4.120357,False,False,False,False,False,True,False,2-circle,1.000000,53.876774,100.000000,97.749699,2.250301,0.000000,-41.408469,50.374506,11.225004,2,8,3,0.0000,0.0000,0.0000,0.5000,"LeadPursuit",-0.010197
208,A0100,adaptive_eagle_v6h_e1c,HABFM,3654.355568,140.872254,17.591450,158.094871,140.881002,14642.418949,258.273718,17595.480415,-72.991278,-5443.459328,-700.958956,4.274964,False,False,False,False,False,True,False,2-circle,1.000000,46.420946,100.000000,97.749699,2.250301,0.000000,-40.177953,51.343627,11.660233,1,8,4,0.0000,0.0000,0.0000,0.5000,"HeadOnBreak",0.021017
208,B0100,defensive,HABFM,3654.355568,140.872254,17.591450,158.094871,140.881002,14642.418949,258.273718,17595.480415,-72.991278,-5443.459328,-700.958956,4.274964,False,False,False,False,False,True,False,2-circle,1.000000,46.420946,100.000000,97.749699,2.250301,0.000000,-40.177953,51.343627,11.660233,2,8,3,0.0000,0.0000,0.0000,0.5000,"LeadPursuit",-0.008392
209,A0100,adaptive_eagle_v6h_e1c,HABFM,3890.255060,141.317500,19.045725,160.000787,141.316375,14642.668666,257.643537,17581.336943,-70.717360,-5429.728749,-697.135142,4.430763,False,False,False,False,False,True,False,2-circle,1.000000,37.220258,100.000000,97.749699,2.250301,0.000000,-38.942276,52.273987,12.063956,1,8,4,0.0000,0.0000,0.0000,0.5000,"HeadOnBreak",0.014610
209,B0100,defensive,HABFM,3890.255060,141.317500,19.045725,160.000787,141.316375,14642.668666,257.643537,17581.336943,-70.717360,-5429.728749,-697.135142,4.430763,False,False,False,False,False,True,False,2-circle,1.000000,37.220258,100.000000,97.749699,2.250301,0.000000,-38.942276,52.273987,12.063956,2,8,3,0.0000,0.0000,0.0000,0.5000,"LeadPursuit",-0.006734
210,A0100,adaptive_eagle_v6h_e1c,HABFM,4125.058236,141.669237,20.061549,161.428097,141.670442,14643.915850,256.987310,17567.633403,-68.517697,-5454.913290,-694.762357,4.591178,False,False,False,False,False,True,False,2-circle,1.000000,27.050769,100.000000,97.749699,2.250301,0.000000,-37.698925,53.187750,12.438753,1,8,4,0.0000,0.0000,0.0000,0.5000,"HeadOnBreak",0.013728
210,B0100,defensive,HABFM,4125.058236,141.669237,20.061549,161.428097,141.670442,14643.915850,256.987310,17567.633403,-68.517697,-5454.913290,-694.762357,4.591178,False,False,False,False,False,True,False,2-circle,1.000000,27.050769,100.000000,97.749699,2.250301,0.000000,-37.698925,53.187750,12.438753,2,8,3,0.0000,0.0000,0.0000,0.5000,"LeadPursuit",-0.005047
211,A0100,adaptive_eagle_v6h_e1c,HABFM,4359.211527,141.925837,20.998418,162.659792,141.940343,14646.109447,256.307272,17554.374039,-66.296821,-5495.728483,-692.439802,4.758160,False,False,False,False,False,True,False,2-circle,1.000000,15.940411,100.000000,97.749699,2.250301,0.000000,-36.431878,54.095110,12.786178,1,8,4,0.0000,0.0000,0.0000,0.5000,"HeadOnBreak",0.016432
211,B0100,defensive,HABFM,4359.211527,141.925837,20.998418,162.659792,141.940343,14646.109447,256.307272,17554.374039,-66.296821,-5495.728483,-692.439802,4.758160,False,False,False,False,False,True,False,2-circle,1.000000,15.940411,100.000000,97.749699,2.250301,0.000000,-36.431878,54.095110,12.786178,2,8,3,0.0000,0.0000,0.0000,0.5000,"LeadPursuit",-0.003646
212,A0100,adaptive_eagle_v6h_e1c,HABFM,4592.411866,142.101774,22.092628,163.937043,142.139436,14649.198568,255.606169,17541.574376,-63.998317,-5533.403184,-689.101012,4.932423,False,False,False,False,False,True,False,2-circle,1.000000,3.620942,100.000000,97.749699,2.250301,0.000000,-35.123710,54.997718,13.106992,1,8,4,0.0000,0.0000,0.0000,0.5000,"HeadOnBreak",0.023719
212,B0100,defensive,HABFM,4592.411866,142.101774,22.092628,163.937043,142.139436,14649.198568,255.606169,17541.574376,-63.998317,-5533.403184,-689.101012,4.932423,False,False,False,False,False,True,False,2-circle,1.000000,3.620942,100.000000,97.749699,2.250301,0.000000,-35.123710,54.997718,13.106992,2,8,3,0.0000,0.0000,0.0000,0.5000,"LeadPursuit",-0.002538
213,A0100,adaptive_eagle_v6h_e1c,HABFM,4824.200724,142.211760,23.628993,165.576267,142.281552,14653.131980,254.886596,17529.245684,-61.643460,-5544.206683,-683.273297,5.114155,False,False,False,False,False,False,False,2-circle,1.000000,-10.280642,100.000000,97.749699,2.250301,0.000000,-33.754099,55.894011,13.401560,1,8,4,0.0000,0.0000,0.0000,0.5000,"HeadOnBreak",0.026980
213,B0100,defensive,HABFM,4824.200724,142.211760,23.628993,165.576267,142.281552,14653.131980,254.886596,17529.245684,-61.643460,-5544.206683,-683.273297,5.114155,False,False,False,False,False,False,False,2-circle,1.000000,-10.280642,100.000000,97.749699,2.250301,0.000000,-33.754099,55.894011,13.401560,2,8,3,0.0000,0.0000,0.0000,0.5000,"LeadPursuit",-0.001799
214,A0100,adaptive_eagle_v6h_e1c,HABFM,5053.690699,142.275681,25.332380,167.398470,142.385259,14657.858222,254.150780,17517.390174,-59.277549,-5541.537394,-676.061435,5.303459,False,False,False,False,False,False,False,2-circle,1.000000,-25.448972,100.000000,97.749699,2.250301,0.000000,-32.322387,56.782035,13.670098,1,8,4,0.0000,0.0000,0.0000,0.5000,"HeadOnBreak",0.019567
214,B0100,defensive,HABFM,5053.690699,142.275681,25.332380,167.398470,142.385259,14657.858222,254.150780,17517.390174,-59.277549,-5541.537394,-676.061435,5.303459,False,False,False,False,False,False,False,2-circle,1.000000,-25.448972,100.000000,97.749699,2.250301,0.000000,-32.322387,56.782035,13.670098,2,8,3,0.0000,0.0000,0.0000,0.5000,"LeadPursuit",-0.001047
215,A0100,adaptive_eagle_v6h_e1c,HABFM,5281.076535,142.295004,26.549532,168.716938,142.449998,14663.325881,253.400646,17506.002747,-56.937136,-5576.742133,-670.931106,5.500505,False,False,False,False,False,False,False,2-circle,1.000000,-41.113933,100.000000,97.749699,2.250301,0.000000,-30.841014,57.660318,13.912785,1,8,4,0.0000,0.0000,0.0000,0.5000,"HeadOnBreak",0.018054
215,B0100,defensive,HABFM,5281.076535,142.295004,26.549532,168.716938,142.449998,14663.325881,253.400646,17506.002747,-56.937136,-5576.742133,-670.931106,5.500505,False,False,False,False,False,False,False,2-circle,1.000000,-41.113933,100.000000,97.749699,2.250301,0.000000,-30.841014,57.660318,13.912785,2,8,3,0.0000,0.0000,0.0000,0.5000,"LeadPursuit",-0.000186
216,A0100,adaptive_eagle_v6h_e1c,HABFM,5506.983143,142.265110,27.657330,169.846924,142.469685,14669.483831,252.637937,17495.074123,-54.643119,-5626.309078,-666.144936,5.705548,False,False,False,False,False,False,False,2-circle,1.000000,-57.274425,100.000000,97.749699,2.250301,0.000000,-29.293608,58.527863,14.129819,1,8,4,0.0000,0.0000,0.0000,0.5000,"HeadOnBreak",0.020523
216,B0100,defensive,HABFM,5506.983143,142.265110,27.657330,169.846924,142.469685,14669.483831,252.637937,17495.074123,-54.643119,-5626.309078,-666.144936,5.705548,False,False,False,False,False,False,False,2-circle,1.000000,-57.274425,100.000000,97.749699,2.250301,0.000000,-29.293608,58.527863,14.129819,2,8,3,0.0000,0.0000,0.0000,0.5000,"LeadPursuit",0.000544
217,A0100,adaptive_eagle_v6h_e1c,HABFM,5731.143715,142.193212,28.897568,171.041666,142.450556,14676.281407,251.864308,17484.593125,-52.404991,-5671.617571,-660.413987,5.918896,False,False,False,False,False,False,False,2-circle,1.000000,-74.181630,100.000000,97.749699,2.250301,0.000000,-27.647134,59.383951,14.321434,1,8,4,0.0000,0.0000,0.0000,0.5000,"HeadOnBreak",0.028153
217,B0100,defensive,HABFM,5731.143715,142.193212,28.897568,171.041666,142.450556,14676.281407,251.864308,17484.593125,-52.404991,-5671.617571,-660.413987,5.918896,False,False,False,False,False,False,False,2-circle,1.000000,-74.181630,100.000000,97.749699,2.250301,0.000000,-27.647134,59.383951,14.321434,2,8,3,0.0000,0.0000,0.0000,0.5000,"LeadPursuit",0.001121
218,A0100,adaptive_eagle_v6h_e1c,HABFM,5953.100161,142.087314,30.556950,172.614432,142.399996,14683.668503,251.081376,17474.547832,-50.226464,-5689.053607,-652.020169,6.140884,False,False,False,False,False,False,False,2-circle,1.000000,-92.183623,100.000000,97.749699,2.250301,0.000000,-25.852127,60.227979,14.487898,1,8,4,0.0000,0.0000,0.0000,0.5000,"HeadOnBreak",0.031651
218,B0100,defensive,HABFM,5953.100161,142.087314,30.556950,172.614432,142.399996,14683.668503,251.081376,17474.547832,-50.226464,-5689.053607,-652.020169,6.140884,False,False,False,False,False,False,False,2-circle,1.000000,-92.183623,100.000000,97.749699,2.250301,0.000000,-25.852127,60.227979,14.487898,2,8,3,0.0000,0.0000,0.0000,0.5000,"LeadPursuit",0.001477
219,A0100,adaptive_eagle_v6h_e1c,HABFM,6171.895344,141.960305,32.359797,174.319306,142.329558,14691.595656,250.290734,17464.926002,-48.109153,-5692.006586,-642.286572,6.371859,False,False,False,False,False,False,False,2-circle,1.000000,-110.918410,100.000000,97.749699,2.250301,0.000000,-23.868511,61.059382,14.629512,1,8,4,0.0000,0.0000,0.0000,0.5000,"HeadOnBreak",0.023375
219,B0100,defensive,HABFM,6171.895344,141.960305,32.359797,174.319306,142.329558,14691.595656,250.290734,17464.926002,-48.109153,-5692.006586,-642.286572,6.371859,False,False,False,False,False,False,False,2-circle,1.000000,-110.918410,100.000000,97.749699,2.250301,0.000000,-23.868511,61.059382,14.629512,2,8,3,0.0000,0.0000,0.0000,0.5000,"LeadPursuit",0.001885
220,A0100,adaptive_eagle_v6h_e1c,HABFM,6387.821684,141.812154,33.658132,175.437655,142.237192,14700.014102,249.493952,17455.715150,-46.054257,-5731.795641,-635.161717,6.612167,False,False,False,False,False,False,False,2-circle,1.000000,-129.633025,100.000000,97.749699,2.250301,0.000000,-21.658326,61.877601,14.746610,1,8,4,0.0000,0.0000,0.0000,0.5000,"HeadOnBreak",0.021466
220,B0100,defensive,HABFM,6387.821684,141.812154,33.658132,175.437655,142.237192,14700.014102,249.493952,17455.715150,-46.054257,-5731.795641,-635.161717,6.612167,False,False,False,False,False,False,False,2-circle,1.000000,-129.633025,100.000000,97.749699,2.250301,0.000000,-21.658326,61.877601,14.746610,2,8,3,0.0000,0.0000,0.0000,0.5000,"LeadPursuit",0.002400
221,A0100,adaptive_eagle_v6h_e1c,HABFM,6601.650193,141.638072,34.835587,176.324746,142.117150,14708.875835,248.692570,17446.902534,-44.063078,-5784.877462,-628.578863,6.862152,False,False,False,False,False,False,False,2-circle,1.000000,-148.367163,100.000000,97.749699,2.250301,0.000000,-19.120656,62.682084,14.839552,1,8,4,0.0000,0.0000,0.0000,0.5000,"HeadOnBreak",0.023959
221,B0100,defensive,HABFM,6601.650193,141.638072,34.835587,176.324746,142.117150,14708.875835,248.692570,17446.902534,-44.063078,-5784.877462,-628.578863,6.862152,False,False,False,False,False,False,False,2-circle,1.000000,-148.367163,100.000000,97.749699,2.250301,0.000000,-19.120656,62.682084,14.839552,2,8,0,0.0000,0.0000,0.0000,0.5000,"Pursue",0.002840
222,A0100,adaptive_eagle_v6h_e1c,HABFM,6813.122184,141.442091,36.135578,177.213974,141.973086,14718.133658,247.888102,17438.475127,-42.137039,-5832.726675,-621.053761,7.122155,False,False,False,False,False,False,False,2-circle,1.000000,-167.363553,100.000000,97.749699,2.250301,0.000000,-16.073894,63.472285,14.908725,1,0,4,0.0000,0.0000,0.0000,0.5000,"HeadOnBreak",0.031393
222,B0100,defensive,HABFM,6813.122184,141.442091,36.135578,177.213974,141.973086,14718.133658,247.888102,17438.475127,-42.137039,-5832.726675,-621.053761,7.122155,False,False,False,False,False,False,False,2-circle,1.000000,-167.363553,100.000000,97.749699,2.250301,0.000000,-16.073894,63.472285,14.908725,2,8,0,0.0000,0.0000,0.0000,0.5000,"Pursue",0.003186
223,A0100,adaptive_eagle_v6h_e1c,HABFM,7021.798347,141.228802,37.802941,178.055357,141.809531,14727.741226,247.082027,17430.419610,-40.277582,-5855.790262,-610.947542,7.392506,False,False,False,False,False,False,False,2-circle,1.000000,-186.961325,100.000000,97.749699,2.250301,0.000000,-12.197275,64.247677,14.954540,1,0,4,0.0000,0.0000,0.0000,0.5000,"HeadOnBreak",0.042655
223,B0100,defensive,HABFM,7021.798347,141.228802,37.802941,178.055357,141.809531,14727.741226,247.082027,17430.419610,-40.277582,-5855.790262,-610.947542,7.392506,False,False,False,False,False,False,False,2-circle,1.000000,-186.961325,100.000000,97.749699,2.250301,0.000000,-12.197275,64.247677,14.954540,2,8,0,0.0000,0.0000,0.0000,0.5000,"Pursue",0.003360
224,A0100,adaptive_eagle_v6h_e1c,HABFM,7226.411328,141.008833,39.957138,177.296776,141.635939,14737.653094,246.275790,17422.722394,-38.486079,-5829.469005,-597.060836,7.673528,False,False,False,False,False,False,False,2-circle,1.000000,-206.581496,100.000000,97.749699,2.250301,0.000000,-6.950818,65.007749,14.977430,1,8,4,0.0000,0.0000,0.0000,0.5000,"HeadOnBreak",0.032409
224,B0100,defensive,HABFM,7226.411328,141.008833,39.957138,177.296776,141.635939,14737.653094,246.275790,17422.722394,-38.486079,-5829.469005,-597.060836,7.673528,False,False,False,False,False,False,False,2-circle,1.000000,-206.581496,100.000000,97.749699,2.250301,0.000000,-6.950818,65.007749,14.977430,2,8,0,0.0000,0.0000,0.0000,0.5000,"Pursue",0.003539
225,A0100,adaptive_eagle_v6h_e1c,HABFM,7426.638135,140.786881,41.489926,175.553673,141.453838,14747.824751,245.470801,17415.369638,-36.763782,-5824.379944,-586.539426,7.965527,False,False,False,False,False,False,False,2-circle,1.000000,-224.367758,100.000000,97.749699,2.250301,0.000000,0.640347,65.752015,14.977851,2,2,4,0.0000,0.0000,0.0000,0.5000,"ExtensionBreak",0.025930
225,B0100,defensive,HABFM,7426.638135,140.786881,41.489926,175.553673,141.453838,14747.824751,245.470801,17415.369638,-36.763782,-5824.379944,-586.539426,7.965527,False,False,False,False,False,False,False,2-circle,1.000000,-224.367758,100.000000,97.749699,2.250301,0.000000,0.640347,65.752015,14.977851,2,8,0,0.0000,0.0000,0.0000,0.5000,"Pursue",0.003915
226,A0100,adaptive_eagle_v6h_e1c,HABFM,7623.847672,140.555896,42.627892,173.687187,141.254068,14758.212652,244.668432,17408.347278,-35.111799,-5821.781929,-578.065658,8.268792,False,False,False,False,False,False,False,2-circle,1.000000,-239.270529,100.000000,97.749699,2.250301,0.000000,12.810365,66.480011,14.956276,2,2,4,0.0000,0.0000,0.0000,0.5000,"ExtensionBreak",0.016473
226,B0100,defensive,HABFM,7623.847672,140.555896,42.627892,173.687187,141.254068,14758.212652,244.668432,17408.347278,-35.111799,-5821.781929,-578.065658,8.268792,False,False,False,False,False,False,False,2-circle,1.000000,-239.270529,100.000000,97.749699,2.250301,0.000000,12.810365,66.480011,14.956276,2,8,0,0.0000,0.0000,0.0000,0.5000,"Pursue",0.004393
227,A0100,adaptive_eagle_v6h_e1c,HABFM,7818.227707,140.315410,43.239560,171.708730,141.033201,14768.774251,243.870021,17401.641060,-33.531092,-5799.307627,-572.139048,8.583588,False,False,False,False,False,False,False,2-circle,1.000000,-249.420759,100.000000,97.749699,2.250301,0.000000,34.441299,67.191300,14.913199,2,2,4,0.0000,0.0000,0.0000,0.5000,"ExtensionBreak",-0.008478
227,B0100,defensive,HABFM,7818.227707,140.315410,43.239560,171.708730,141.033201,14768.774251,243.870021,17401.641060,-33.531092,-5799.307627,-572.139048,8.583588,False,False,False,False,False,False,False,2-circle,1.000000,-249.420759,100.000000,97.749699,2.250301,0.000000,34.441299,67.191300,14.913199,2,8,0,0.0000,0.0000,0.0000,0.5000,"Pursue",0.005124
228,A0100,adaptive_eagle_v6h_e1c,HABFM,8011.764972,140.052498,42.694915,170.673443,140.778259,14779.468022,243.076865,17395.236565,-32.022474,-5828.926878,-573.562492,8.910150,False,False,False,False,False,False,False,2-circle,1.000000,-254.896927,100.000000,97.749699,2.250301,0.000000,69.876647,67.885475,14.849128,1,8,4,0.0000,0.0000,0.0000,0.5000,"SmartHighYoYo",-0.021238
228,B0100,defensive,HABFM,8011.764972,140.052498,42.694915,170.673443,140.778259,14779.468022,243.076865,17395.236565,-32.022474,-5828.926878,-573.562492,8.910150,False,False,False,False,False,False,False,2-circle,1.000000,-254.896927,100.000000,97.749699,2.250301,0.000000,69.876647,67.885475,14.849128,2,8,0,0.0000,0.0000,0.0000,0.5000,"Pursue",0.006013
229,A0100,adaptive_eagle_v6h_e1c,HABFM,8206.424808,139.754941,41.607745,170.473374,140.479807,14790.253478,242.290226,17389.119242,-30.586615,-5901.713420,-578.625618,9.248678,False,False,False,False,False,False,False,2-circle,1.000000,-257.565604,100.000000,97.749699,2.250301,0.000000,103.614609,68.562156,14.764587,1,8,4,0.0000,0.0000,0.0000,0.5000,"SmartHighYoYo",-0.020192
229,B0100,defensive,HABFM,8206.424808,139.754941,41.607745,170.473374,140.479807,14790.253478,242.290226,17389.119242,-30.586615,-5901.713420,-578.625618,9.248678,False,False,False,False,False,False,False,2-circle,1.000000,-257.565604,100.000000,97.749699,2.250301,0.000000,103.614609,68.562156,14.764587,2,8,0,0.0000,0.0000,0.0000,0.5000,"Pursue",0.006825
230,A0100,adaptive_eagle_v6h_e1c,HABFM,8402.878947,139.421135,40.642345,170.947255,140.140013,14801.091195,241.511325,17383.274433,-29.224045,-6028.177037,-583.820073,9.599328,False,False,False,False,False,False,False,2-circle,1.000000,-259.850960,100.000000,97.749699,2.250301,0.000000,123.014080,69.220996,14.660113,1,8,4,0.0000,0.0000,0.0000,0.5000,"SmartLowYoYo",-0.014517
230,B0100,defensive,HABFM,8402.878947,139.421135,40.642345,170.947255,140.140013,14801.091195,241.511325,17383.274433,-29.224045,-6028.177037,-583.820073,9.599328,False,False,False,False,False,False,False,2-circle,1.000000,-259.850960,100.000000,97.749699,2.250301,0.000000,123.014080,69.220996,14.660113,2,8,0,0.0000,0.0000,0.0000,0.5000,"Pursue",0.007419
231,A0100,adaptive_eagle_v6h_e1c,HABFM,8600.970651,139.056075,40.049527,172.350556,139.767969,14811.942815,240.741344,17377.687402,-27.935153,-6224.335660,-588.129341,9.962207,False,False,False,False,False,False,False,2-circle,1.000000,-264.513471,100.000000,97.749699,2.250301,0.000000,133.448381,69.861678,14.536254,1,8,4,0.0000,0.0000,0.0000,0.5000,"SmartLowYoYo",-0.016189
231,B0100,defensive,HABFM,8600.970651,139.056075,40.049527,172.350556,139.767969,14811.942815,240.741344,17377.687402,-27.935153,-6224.335660,-588.129341,9.962207,False,False,False,False,False,False,False,2-circle,1.000000,-264.513471,100.000000,97.749699,2.250301,0.000000,133.448381,69.861678,14.536254,2,8,0,0.0000,0.0000,0.0000,0.5000,"Pursue",0.007890
232,A0100,adaptive_eagle_v6h_e1c,HABFM,8800.688615,138.662002,39.402935,173.973395,139.368692,14822.771065,239.981430,17372.343363,-26.720198,-6436.439084,-592.834924,10.337363,False,False,False,False,False,False,False,2-circle,1.000000,-273.689112,100.000000,97.749699,2.250301,0.000000,139.509073,70.483920,14.393569,1,0,4,0.0000,0.0000,0.0000,0.5000,"HeadOnBreak",-0.019245
232,B0100,defensive,HABFM,8800.688615,138.662002,39.402935,173.973395,139.368692,14822.771065,239.981430,17372.343363,-26.720198,-6436.439084,-592.834924,10.337363,False,False,False,False,False,False,False,2-circle,1.000000,-273.689112,100.000000,97.749699,2.250301,0.000000,139.509073,70.483920,14.393569,2,8,0,0.0000,0.0000,0.0000,0.5000,"Pursue",0.008442
233,A0100,adaptive_eagle_v6h_e1c,HABFM,9002.171826,138.236435,38.552027,174.680033,138.939163,14833.539756,239.232686,17367.227501,-25.579307,-6598.147595,-597.498161,10.724775,False,False,False,False,False,False,False,2-circle,1.000000,-287.261661,100.000000,97.749699,2.250301,0.000000,143.354404,71.087472,14.232626,1,0,4,0.0000,0.0000,0.0000,0.5000,"HeadOnBreak",-0.018608
233,B0100,defensive,HABFM,9002.171826,138.236435,38.552027,174.680033,138.939163,14833.539756,239.232686,17367.227501,-25.579307,-6598.147595,-597.498161,10.724775,False,False,False,False,False,False,False,2-circle,1.000000,-287.261661,100.000000,97.749699,2.250301,0.000000,143.354404,71.087472,14.232626,2,8,0,0.0000,0.0000,0.0000,0.5000,"Pursue",0.009390
234,A0100,adaptive_eagle_v6h_e1c,HABFM,9205.169198,137.765777,37.622943,174.030016,138.463174,14844.216499,238.482594,17362.040867,-25.933175,-6707.754180,-601.357490,11.124809,False,False,False,False,False,False,False,2-circle,1.000000,-302.828469,100.000000,97.749699,2.250301,0.000000,146.077398,71.671877,14.053728,1,0,4,0.0000,0.0000,0.0000,0.5000,"HeadOnBreak",-0.024609
234,B0100,defensive,HABFM,9205.169198,137.765777,37.622943,174.030016,138.463174,14844.216499,238.482594,17362.040867,-25.933175,-6707.754180,-601.357490,11.124809,False,False,False,False,False,False,False,2-circle,1.000000,-302.828469,100.000000,97.749699,2.250301,0.000000,146.077398,71.671877,14.053728,2,8,0,0.0000,0.0000,0.0000,0.5000,"Pursue",0.010761
235,A0100,adaptive_eagle_v6h_e1c,HABFM,9409.578554,137.235507,36.284909,172.360307,137.923563,14854.782279,237.720413,17356.538636,-27.511152,-6777.868261,-606.237385,11.538142,False,False,False,False,False,False,False,2-circle,1.000000,-317.634563,100.000000,97.749699,2.250301,0.000000,148.231427,72.237330,13.856624,1,0,4,0.0000,0.0000,0.0000,0.5000,"HeadOnBreak",-0.035799
235,B0100,defensive,HABFM,9409.578554,137.235507,36.284909,172.360307,137.923563,14854.782279,237.720413,17356.538636,-27.511152,-6777.868261,-606.237385,11.538142,False,False,False,False,False,False,False,2-circle,1.000000,-317.634563,100.000000,97.749699,2.250301,0.000000,148.231427,72.237330,13.856624,2,8,0,0.0000,0.0000,0.0000,0.5000,"Pursue",0.012240
236,A0100,adaptive_eagle_v6h_e1c,HABFM,9615.917084,136.643627,34.303110,169.965816,137.317160,14865.219907,236.954914,17350.890052,-28.242918,-6819.723698,-613.271800,11.967916,False,False,False,False,False,False,False,2-circle,1.000000,-330.677239,100.000000,97.749699,2.250301,0.000000,150.045833,72.788617,13.642763,1,0,4,0.0000,0.0000,0.0000,0.5000,"HeadOnBreak",-0.053886
236,B0100,defensive,HABFM,9615.917084,136.643627,34.303110,169.965816,137.317160,14865.219907,236.954914,17350.890052,-28.242918,-6819.723698,-613.271800,11.967916,False,False,False,False,False,False,False,2-circle,1.000000,-330.677239,100.000000,97.749699,2.250301,0.000000,150.045833,72.788617,13.642763,2,8,0,0.0000,0.0000,0.0000,0.5000,"Pursue",0.013963
237,A0100,adaptive_eagle_v6h_e1c,HABFM,9825.213985,135.980327,31.258517,166.498142,136.634006,14875.510363,236.192030,17345.200897,-28.445777,-6846.483138,-624.033354,12.419473,False,False,False,False,False,False,False,2-circle,1.000000,-341.730129,100.000000,97.749699,2.250301,0.000000,151.626709,73.332140,13.413852,1,0,4,0.0000,0.0000,0.0000,0.5000,"HeadOnBreak",-0.061023
237,B0100,defensive,HABFM,9825.213985,135.980327,31.258517,166.498142,136.634006,14875.510363,236.192030,17345.200897,-28.445777,-6846.483138,-624.033354,12.419473,False,False,False,False,False,False,False,2-circle,1.000000,-341.730129,100.000000,97.749699,2.250301,0.000000,151.626709,73.332140,13.413852,2,8,0,0.0000,0.0000,0.0000,0.5000,"Pursue",0.015932
238,A0100,adaptive_eagle_v6h_e1c,HABFM,10038.271694,135.233808,27.778082,162.656764,135.863789,14885.633332,235.435520,17339.528628,-28.361346,-6862.354773,-634.831137,12.898421,False,False,False,False,False,False,False,2-circle,1.000000,-351.986644,100.000000,97.749699,2.250301,0.000000,153.000382,73.872914,13.170929,1,8,4,0.0000,0.0000,0.0000,0.5000,"HeadOnBreak",-0.047346
238,B0100,defensive,HABFM,10038.271694,135.233808,27.778082,162.656764,135.863789,14885.633332,235.435520,17339.528628,-28.361346,-6862.354773,-634.831137,12.898421,False,False,False,False,False,False,False,2-circle,1.000000,-351.986644,100.000000,97.749699,2.250301,0.000000,153.000382,73.872914,13.170929,2,8,0,0.0000,0.0000,0.0000,0.5000,"Pursue",0.017861
239,A0100,adaptive_eagle_v6h_e1c,HABFM,10254.478970,134.404693,25.086430,159.414496,135.009898,14895.567456,234.687790,17333.900637,-28.139952,-6925.541067,-641.921631,13.409773,False,False,False,False,False,False,False,2-circle,1.000000,-363.807066,100.000000,97.749699,2.250301,0.000000,154.163059,74.413752,12.914347,1,8,4,0.0000,0.0000,0.0000,0.5000,"HeadOnBreak",-0.027856
239,B0100,defensive,HABFM,10254.478970,134.404693,25.086430,159.414496,135.009898,14895.567456,234.687790,17333.900637,-28.139952,-6925.541067,-641.921631,13.409773,False,False,False,False,False,False,False,2-circle,1.000000,-363.807066,100.000000,97.749699,2.250301,0.000000,154.163059,74.413752,12.914347,2,8,0,0.0000,0.0000,0.0000,0.5000,"Pursue",0.019470
240,A0100,adaptive_eagle_v6h_e1c,HABFM,10472.555191,133.510447,23.486076,156.991351,134.090447,14905.290462,233.950487,17328.327018,-27.868097,-7070.149620,-645.931298,13.957906,False,False,False,False,False,False,False,2-circle,1.000000,-377.481414,100.000000,97.749699,2.250301,0.000000,155.172746,74.955663,12.644002,1,8,4,0.0000,0.0000,0.0000,0.5000,"HeadOnBreak",-0.016870
240,B0100,defensive,HABFM,10472.555191,133.510447,23.486076,156.991351,134.090447,14905.290462,233.950487,17328.327018,-27.868097,-7070.149620,-645.931298,13.957906,False,False,False,False,False,False,False,2-circle,1.000000,-377.481414,100.000000,97.749699,2.250301,0.000000,155.172746,74.955663,12.644002,2,8,0,0.0000,0.0000,0.0000,0.5000,"Pursue",0.020821
241,A0100,adaptive_eagle_v6h_e1c,HABFM,10691.789425,132.566938,22.502195,155.066403,133.120733,14914.779220,233.224053,17322.791707,-27.676557,-7276.032984,-648.743522,14.547012,False,False,False,False,False,False,False,2-circle,1.000000,-392.092082,100.000000,97.749699,2.250301,0.000000,156.094448,75.498638,12.359552,1,8,4,0.0000,0.0000,0.0000,0.5000,"HeadOnBreak",-0.019779
241,B0100,defensive,HABFM,10691.789425,132.566938,22.502195,155.066403,133.120733,14914.779220,233.224053,17322.791707,-27.676557,-7276.032984,-648.743522,14.547012,False,False,False,False,False,False,False,2-circle,1.000000,-392.092082,100.000000,97.749699,2.250301,0.000000,156.094448,75.498638,12.359552,2,8,0,0.0000,0.0000,0.0000,0.5000,"Pursue",0.022108
242,A0100,adaptive_eagle_v6h_e1c,HABFM,10912.007486,131.579922,21.325881,152.875025,132.106357,14924.009377,232.499858,17317.090616,-28.505452,-7472.354347,-651.640004,15.185986,False,False,False,False,False,False,False,2-circle,1.000000,-407.270414,100.000000,97.749699,2.250301,0.000000,156.959223,76.045720,12.060832,1,8,4,0.0000,0.0000,0.0000,0.5000,"HeadOnBreak",-0.021431
242,B0100,defensive,HABFM,10912.007486,131.579922,21.325881,152.875025,132.106357,14924.009377,232.499858,17317.090616,-28.505452,-7472.354347,-651.640004,15.185986,False,False,False,False,False,False,False,2-circle,1.000000,-407.270414,100.000000,97.749699,2.250301,0.000000,156.959223,76.045720,12.060832,2,8,0,0.0000,0.0000,0.0000,0.5000,"Pursue",0.023507
243,A0100,adaptive_eagle_v6h_e1c,HABFM,11133.199722,130.547063,20.005473,150.477777,131.044911,14932.955228,231.776549,17311.169840,-29.603883,-7653.311777,-654.255879,15.886062,False,False,False,False,False,False,False,2-circle,1.000000,-422.779530,100.000000,97.749699,2.250301,0.000000,157.784433,76.600542,11.747693,1,0,4,0.0000,0.0000,0.0000,0.5000,"HeadOnBreak",-0.023965
243,B0100,defensive,HABFM,11133.199722,130.547063,20.005473,150.477777,131.044911,14932.955228,231.776549,17311.169840,-29.603883,-7653.311777,-654.255879,15.886062,False,False,False,False,False,False,False,2-circle,1.000000,-422.779530,100.000000,97.749699,2.250301,0.000000,157.784433,76.600542,11.747693,2,8,0,0.0000,0.0000,0.0000,0.5000,"Pursue",0.024894
244,A0100,adaptive_eagle_v6h_e1c,HABFM,11355.189850,129.472201,18.433518,147.805438,129.939835,14941.589817,231.059603,17305.114285,-30.277773,-7797.043540,-656.370506,16.653101,False,False,False,False,False,False,False,2-circle,1.000000,-437.937252,100.000000,97.749699,2.250301,0.000000,158.588156,77.160941,11.419455,1,0,4,0.0000,0.0000,0.0000,0.5000,"HeadOnBreak",-0.028246
244,B0100,defensive,HABFM,11355.189850,129.472201,18.433518,147.805438,129.939835,14941.589817,231.059603,17305.114285,-30.277773,-7797.043540,-656.370506,16.653101,False,False,False,False,False,False,False,2-circle,1.000000,-437.937252,100.000000,97.749699,2.250301,0.000000,158.588156,77.160941,11.419455,2,8,0,0.0000,0.0000,0.0000,0.5000,"Pursue",0.025898
245,A0100,adaptive_eagle_v6h_e1c,HABFM,11577.725041,128.375687,16.428625,144.724154,128.810573,14949.879253,230.371894,17299.355420,-28.794326,-7877.521018,-657.824234,17.490264,False,False,False,False,False,False,False,2-circle,1.000000,-451.625746,100.000000,97.749699,2.250301,0.000000,159.389285,77.723298,11.075819,1,0,4,0.0000,0.0000,0.0000,0.5000,"HeadOnBreak",-0.041427
245,B0100,defensive,HABFM,11577.725041,128.375687,16.428625,144.724154,128.810573,14949.879253,230.371894,17299.355420,-28.794326,-7877.521018,-657.824234,17.490264,False,False,False,False,False,False,False,2-circle,1.000000,-451.625746,100.000000,97.749699,2.250301,0.000000,159.389285,77.723298,11.075819,2,8,0,0.0000,0.0000,0.0000,0.5000,"Pursue",0.027177
246,A0100,adaptive_eagle_v6h_e1c,HABFM,11800.666300,127.248728,13.310328,140.520845,127.647893,14957.784754,229.714791,17293.876944,-27.392381,-7878.055258,-659.232887,18.396517,False,False,False,False,False,False,False,2-circle,1.000000,-462.318790,100.000000,97.749699,2.250301,0.000000,160.202324,78.280559,10.716119,1,0,4,0.0000,0.0000,0.0000,0.5000,"HeadOnBreak",-0.044846
246,B0100,defensive,HABFM,11800.666300,127.248728,13.310328,140.520845,127.647893,14957.784754,229.714791,17293.876944,-27.392381,-7878.055258,-659.232887,18.396517,False,False,False,False,False,False,False,2-circle,1.000000,-462.318790,100.000000,97.749699,2.250301,0.000000,160.202324,78.280559,10.716119,2,8,0,0.0000,0.0000,0.0000,0.5000,"Pursue",0.028810
247,A0100,adaptive_eagle_v6h_e1c,HABFM,12023.729219,126.077701,10.017016,136.020966,126.439225,14965.269322,229.086579,17288.601741,-26.376012,-7864.386130,-659.012812,19.365740,False,False,False,False,False,False,False,2-circle,1.000000,-470.380707,100.000000,97.749699,2.250301,0.000000,161.005101,78.824094,10.339290,1,8,4,0.0000,0.0000,0.0000,0.5000,"HeadOnBreak",-0.036037
247,B0100,defensive,HABFM,12023.729219,126.077701,10.017016,136.020966,126.439225,14965.269322,229.086579,17288.601741,-26.376012,-7864.386130,-659.012812,19.365740,False,False,False,False,False,False,False,2-circle,1.000000,-470.380707,100.000000,97.749699,2.250301,0.000000,161.005101,78.824094,10.339290,2,8,0,0.0000,0.0000,0.0000,0.5000,"Pursue",0.030429
248,A0100,adaptive_eagle_v6h_e1c,HABFM,12246.442533,124.863242,7.660444,132.231952,125.187505,14972.297769,228.486323,17283.470869,-25.654360,-7910.151122,-657.281866,20.391418,False,False,False,False,False,False,False,2-circle,1.000000,-478.465401,100.000000,97.749699,2.250301,0.000000,161.750925,79.347505,9.944860,1,8,4,0.0000,0.0000,0.0000,0.5000,"HeadOnBreak",-0.020252
248,B0100,defensive,HABFM,12246.442533,124.863242,7.660444,132.231952,125.187505,14972.297769,228.486323,17283.470869,-25.654360,-7910.151122,-657.281866,20.391418,False,False,False,False,False,False,False,2-circle,1.000000,-478.465401,100.000000,97.749699,2.250301,0.000000,161.750925,79.347505,9.944860,2,8,0,0.0000,0.0000,0.0000,0.5000,"Pursue",0.031746
249,A0100,adaptive_eagle_v6h_e1c,HABFM,12468.557188,123.619546,6.500699,129.526050,123.907843,14978.836575,227.913661,17278.439069,-25.159002,-8046.287428,-655.519082,21.469033,False,False,False,False,False,False,False,2-circle,1.000000,-487.456021,100.000000,97.749699,2.250301,0.000000,162.434302,79.847424,9.533034,1,8,4,0.0000,0.0000,0.0000,0.5000,"HeadOnBreak",-0.011335
249,B0100,defensive,HABFM,12468.557188,123.619546,6.500699,129.526050,123.907843,14978.836575,227.913661,17278.439069,-25.159002,-8046.287428,-655.519082,21.469033,False,False,False,False,False,False,False,2-circle,1.000000,-487.456021,100.000000,97.749699,2.250301,0.000000,162.434302,79.847424,9.533034,2,8,0,0.0000,0.0000,0.0000,0.5000,"Pursue",0.032808
250,A0100,adaptive_eagle_v6h_e1c,HABFM,12690.184971,122.359377,5.924917,127.421517,122.613009,14984.853800,227.368622,17273.470794,-24.841373,-8242.120479,-654.283851,22.596330,False,False,False,False,False,False,False,2-circle,1.000000,-496.841277,100.000000,97.749699,2.250301,0.000000,163.071293,80.322769,9.104482,1,8,4,0.0000,0.0000,0.0000,0.5000,"HeadOnBreak",-0.013037
250,B0100,defensive,HABFM,12690.184971,122.359377,5.924917,127.421517,122.613009,14984.853800,227.368622,17273.470794,-24.841373,-8242.120479,-654.283851,22.596330,False,False,False,False,False,False,False,2-circle,1.000000,-496.841277,100.000000,97.749699,2.250301,0.000000,163.071293,80.322769,9.104482,1,8,0,0.0000,0.0000,0.0000,0.5000,"Pursue",0.033839
251,A0100,adaptive_eagle_v6h_e1c,HABFM,12911.376271,121.085782,5.263834,125.134624,121.306097,14990.318985,226.851494,17268.537346,-24.667241,-8427.089467,-652.733382,23.772534,False,False,False,False,False,False,False,2-circle,1.000000,-506.316206,100.000000,97.749699,2.250301,0.000000,163.669870,80.773716,8.660089,1,0,4,0.0000,0.0000,0.0000,0.5000,"HeadOnBreak",-0.016654
251,B0100,defensive,HABFM,12911.376271,121.085782,5.263834,125.134624,121.306097,14990.318985,226.851494,17268.537346,-24.667241,-8427.089467,-652.733382,23.772534,False,False,False,False,False,False,False,2-circle,1.000000,-506.316206,100.000000,97.749699,2.250301,0.000000,163.669870,80.773716,8.660089,1,8,0,0.0000,0.0000,0.0000,0.5000,"Pursue",0.035031
252,A0100,adaptive_eagle_v6h_e1c,HABFM,13131.856883,119.794551,4.319519,122.434538,119.982867,14995.203065,226.362725,17263.614803,-24.612715,-8560.778883,-650.085055,24.997329,False,False,False,False,False,False,False,2-circle,1.000000,-515.411522,100.000000,97.749699,2.250301,0.000000,164.236698,81.200914,8.200799,1,0,4,0.0000,0.0000,0.0000,0.5000,"HeadOnBreak",-0.014690
252,B0100,defensive,HABFM,13131.856883,119.794551,4.319519,122.434538,119.982867,14995.203065,226.362725,17263.614803,-24.612715,-8560.778883,-650.085055,24.997329,False,False,False,False,False,False,False,2-circle,1.000000,-515.411522,100.000000,97.749699,2.250301,0.000000,164.236698,81.200914,8.200799,1,8,0,0.0000,0.0000,0.0000,0.5000,"Pursue",0.036400
253,A0100,adaptive_eagle_v6h_e1c,HABFM,13351.161227,118.481314,3.256361,119.266942,118.638856,14999.478286,225.902853,17258.682502,-24.661508,-8629.827709,-645.850681,26.270020,False,False,False,False,False,False,False,2-circle,1.000000,-523.283588,100.000000,97.749699,2.250301,0.000000,164.782330,81.605063,7.727523,1,0,4,0.0000,0.0000,0.0000,0.5000,"HeadOnBreak",0.017655
253,B0100,defensive,HABFM,13351.161227,118.481314,3.256361,119.266942,118.638856,14999.478286,225.902853,17258.682502,-24.661508,-8629.827709,-645.850681,26.270020,False,False,False,False,False,False,False,2-circle,1.000000,-523.283588,100.000000,97.749699,2.250301,0.000000,164.782330,81.605063,7.727523,1,8,0,0.0000,0.0000,0.0000,0.5000,"Pursue",0.038114
254,A0100,adaptive_eagle_v6h_e1c,HABFM,13568.553743,117.135957,3.579701,115.000716,117.263963,15003.118143,225.472455,17253.721938,-24.802817,-8625.196596,-639.084043,27.588979,False,False,False,False,False,False,False,2-circle,1.000000,-529.123397,100.000000,97.749699,2.250301,0.000000,165.313545,81.986754,7.241121,1,0,4,0.0000,0.0000,0.0000,0.5000,"HeadOnBreak",0.032485
254,B0100,defensive,HABFM,13568.553743,117.135957,3.579701,115.000716,117.263963,15003.118143,225.472455,17253.721938,-24.802817,-8625.196596,-639.084043,27.588979,False,False,False,False,False,False,False,2-circle,1.000000,-529.123397,100.000000,97.749699,2.250301,0.000000,165.313545,81.986754,7.241121,1,8,0,0.0000,0.0000,0.0000,0.5000,"Pursue",0.040117
255,A0100,adaptive_eagle_v6h_e1c,HABFM,13783.238541,115.750647,6.115166,110.659879,115.850915,15006.097320,225.072114,17248.716018,-25.029600,-8618.594150,-630.358205,28.951352,False,False,False,False,False,False,False,2-circle,1.000000,-534.230388,100.000000,97.749699,2.250301,0.000000,165.811711,82.346457,6.742400,1,8,4,0.0000,0.0000,0.0000,0.5000,"HeadOnBreak",0.025597
255,B0100,defensive,HABFM,13783.238541,115.750647,6.115166,110.659879,115.850915,15006.097320,225.072114,17248.716018,-25.029600,-8618.594150,-630.358205,28.951352,False,False,False,False,False,False,False,2-circle,1.000000,-534.230388,100.000000,97.749699,2.250301,0.000000,165.811711,82.346457,6.742400,1,8,0,0.0000,0.0000,0.0000,0.5000,"Pursue",0.042038
256,A0100,adaptive_eagle_v6h_e1c,HABFM,13995.039387,114.331298,8.404390,107.144081,114.406121,15008.391655,224.702392,17243.648576,-25.337210,-8677.661616,-622.193336,30.352909,False,False,False,False,False,False,False,2-circle,1.000000,-541.124110,100.000000,97.749699,2.250301,0.000000,166.250468,82.684559,6.232124,1,8,4,0.0000,0.0000,0.0000,0.5000,"HeadOnBreak",0.013770
256,B0100,defensive,HABFM,13995.039387,114.331298,8.404390,107.144081,114.406121,15008.391655,224.702392,17243.648576,-25.337210,-8677.661616,-622.193336,30.352909,False,False,False,False,False,False,False,2-circle,1.000000,-541.124110,100.000000,97.749699,2.250301,0.000000,166.250468,82.684559,6.232124,1,8,0,0.0000,0.0000,0.0000,0.5000,"Pursue",0.043653
257,A0100,adaptive_eagle_v6h_e1c,HABFM,14204.587271,112.892011,9.582095,104.645588,112.943382,15009.978104,224.363818,17238.504095,-25.722407,-8822.769720,-616.678337,31.787975,False,False,False,False,False,False,False,2-circle,1.000000,-549.744807,100.000000,97.749699,2.250301,0.000000,166.638291,83.001407,5.711030,1,8,4,0.0000,0.0000,0.0000,0.5000,"HeadOnBreak",0.007522
257,B0100,defensive,HABFM,14204.587271,112.892011,9.582095,104.645588,112.943382,15009.978104,224.363818,17238.504095,-25.722407,-8822.769720,-616.678337,31.787975,False,False,False,False,False,False,False,2-circle,1.000000,-549.744807,100.000000,97.749699,2.250301,0.000000,166.638291,83.001407,5.711030,1,8,0,0.0000,0.0000,0.0000,0.5000,"Pursue",0.045064
258,A0100,adaptive_eagle_v6h_e1c,HABFM,14412.660312,111.442532,10.195784,102.612827,111.472005,15010.834712,224.056885,17233.267555,-26.182702,-9022.896601,-612.946788,33.249383,False,False,False,False,False,False,False,2-circle,1.000000,-558.880745,100.000000,97.749699,2.250301,0.000000,166.994343,83.297342,5.179831,1,8,4,0.0000,0.0000,0.0000,0.5000,"HeadOnBreak",0.009232
258,B0100,defensive,HABFM,14412.660312,111.442532,10.195784,102.612827,111.472005,15010.834712,224.056885,17233.267555,-26.182702,-9022.896601,-612.946788,33.249383,False,False,False,False,False,False,False,2-circle,1.000000,-558.880745,100.000000,97.749699,2.250301,0.000000,166.994343,83.297342,5.179831,1,8,0,0.0000,0.0000,0.0000,0.5000,"Pursue",0.046489
259,A0100,adaptive_eagle_v6h_e1c,HABFM,14619.438896,109.984637,10.924864,100.454688,109.993516,15010.940587,223.782040,17227.924361,-26.715967,-9218.657241,-608.760968,34.728446,False,False,False,False,False,False,False,2-circle,1.000000,-568.244844,100.000000,97.749699,2.250301,0.000000,167.323384,83.572715,4.639228,1,8,4,0.0000,0.0000,0.0000,0.5000,"HeadOnBreak",0.012594
259,B0100,defensive,HABFM,14619.438896,109.984637,10.924864,100.454688,109.993516,15010.940587,223.782040,17227.924361,-26.715967,-9218.657241,-608.760968,34.728446,False,False,False,False,False,False,False,2-circle,1.000000,-568.244844,100.000000,97.749699,2.250301,0.000000,167.323384,83.572715,4.639228,1,8,0,0.0000,0.0000,0.0000,0.5000,"Pursue",0.048058
260,A0100,adaptive_eagle_v6h_e1c,HABFM,14824.631873,108.515924,11.844869,98.044312,108.505275,15010.275878,223.539686,17222.460318,-27.320219,-9392.206683,-603.551414,36.214952,False,False,False,False,False,False,False,2-circle,1.000000,-577.871755,100.000000,97.749699,2.250301,0.000000,167.624992,83.827895,4.089906,1,0,4,0.0000,0.0000,0.0000,0.5000,"HeadOnBreak",0.016079
260,B0100,defensive,HABFM,14824.631873,108.515924,11.844869,98.044312,108.505275,15010.275878,223.539686,17222.460318,-27.320219,-9392.206683,-603.551414,36.214952,False,False,False,False,False,False,False,2-circle,1.000000,-577.871755,100.000000,97.749699,2.250301,0.000000,167.624992,83.827895,4.089906,1,8,0,0.0000,0.0000,0.0000,0.5000,"Pursue",0.049783
261,A0100,adaptive_eagle_v6h_e1c,HABFM,15027.852274,107.034037,12.915989,95.362542,107.004659,15008.821746,223.330185,17216.861613,-27.993522,-9523.321737,-596.900320,37.697199,False,False,False,False,False,False,False,2-circle,1.000000,-587.368153,100.000000,97.749699,2.250301,0.000000,167.903246,84.063269,3.532539,1,0,4,0.0000,0.0000,0.0000,0.5000,"HeadOnBreak",0.022272
261,B0100,defensive,HABFM,15027.852274,107.034037,12.915989,95.362542,107.004659,15008.821746,223.330185,17216.861613,-27.993522,-9523.321737,-596.900320,37.697199,False,False,False,False,False,False,False,2-circle,1.000000,-587.368153,100.000000,97.749699,2.250301,0.000000,167.903246,84.063269,3.532539,1,8,0,0.0000,0.0000,0.0000,0.5000,"Pursue",0.051696
262,A0100,adaptive_eagle_v6h_e1c,HABFM,15228.470956,105.535863,14.309491,92.227802,105.488329,15006.560341,223.153853,17211.114824,-28.733946,-9587.161371,-587.846769,39.162089,False,False,False,False,False,False,False,2-circle,1.000000,-596.052046,100.000000,97.749699,2.250301,0.000000,168.164547,84.279242,2.967788,1,0,4,0.0000,0.0000,0.0000,0.5000,"HeadOnBreak",0.038876
262,B0100,defensive,HABFM,15228.470956,105.535863,14.309491,92.227802,105.488329,15006.560341,223.153853,17211.114824,-28.733946,-9587.161371,-587.846769,39.162089,False,False,False,False,False,False,False,2-circle,1.000000,-596.052046,100.000000,97.749699,2.250301,0.000000,168.164547,84.279242,2.967788,1,8,0,0.0000,0.0000,0.0000,0.5000,"Pursue",0.054023
263,A0100,adaptive_eagle_v6h_e1c,UNKNOWN,15425.198181,104.012233,16.804791,87.969987,103.946916,15003.474778,223.010962,17205.206914,-29.539551,-9583.047077,-574.127577,40.595290,False,False,False,False,False,False,False,1-circle,1.000000,-603.404660,100.000000,97.749699,2.250301,0.000000,168.411320,84.476235,2.396301,1,8,4,0.0000,0.0000,0.0000,0.5000,"HeadOnBreak",0.034030
263,B0100,defensive,UNKNOWN,15425.198181,104.012233,16.804791,87.969987,103.946916,15003.474778,223.010962,17205.206914,-29.539551,-9583.047077,-574.127577,40.595290,False,False,False,False,False,False,False,1-circle,1.000000,-603.404660,100.000000,97.749699,2.250301,0.000000,168.411320,84.476235,2.396301,1,8,0,0.0000,0.0000,0.0000,0.5000,"Pursue",0.056647
264,A0100,adaptive_eagle_v6h_e1c,UNKNOWN,15617.077829,102.459034,19.113700,84.106152,102.375856,14999.549115,222.901745,17199.125236,-30.408388,-9618.587427,-560.667854,41.981498,False,False,False,False,False,False,False,1-circle,1.000000,-610.865616,100.000000,97.749699,2.250301,0.000000,168.628058,84.654682,1.818715,1,8,4,0.0000,0.0000,0.0000,0.5000,"HeadOnBreak",0.017611
264,B0100,defensive,UNKNOWN,15617.077829,102.459034,19.113700,84.106152,102.375856,14999.549115,222.901745,17199.125236,-30.408388,-9618.587427,-560.667854,41.981498,False,False,False,False,False,False,False,1-circle,1.000000,-610.865616,100.000000,97.749699,2.250301,0.000000,168.628058,84.654682,1.818715,1,8,0,0.0000,0.0000,0.0000,0.5000,"Pursue",0.059027
265,A0100,adaptive_eagle_v6h_e1c,UNKNOWN,15805.195060,100.887606,20.316049,81.346698,100.785947,14994.768327,222.826392,17192.857536,-31.338504,-9739.085323,-551.610139,43.304765,False,False,False,False,False,False,False,1-circle,1.000000,-619.150106,100.000000,97.749699,2.250301,0.000000,168.812097,84.815028,1.235652,1,8,4,0.0000,0.0000,0.0000,0.5000,"HeadOnBreak",0.008148
265,B0100,defensive,UNKNOWN,15805.195060,100.887606,20.316049,81.346698,100.785947,14994.768327,222.826392,17192.857536,-31.338504,-9739.085323,-551.610139,43.304765,False,False,False,False,False,False,False,1-circle,1.000000,-619.150106,100.000000,97.749699,2.250301,0.000000,168.812097,84.815028,1.235652,1,8,0,0.0000,0.0000,0.0000,0.5000,"Pursue",0.061191
266,A0100,adaptive_eagle_v6h_e1c,UNKNOWN,15990.872247,99.307161,20.878921,79.197712,99.186021,14989.118282,222.785051,17186.391947,-32.327944,-9921.225387,-545.605433,44.548923,False,False,False,False,False,False,False,1-circle,1.000000,-627.664613,100.000000,97.749699,2.250301,0.000000,168.972979,84.957729,0.647721,1,8,4,0.0000,0.0000,0.0000,0.5000,"HeadOnBreak",0.010351
266,B0100,defensive,UNKNOWN,15990.872247,99.307161,20.878921,79.197712,99.186021,14989.118282,222.785051,17186.391947,-32.327944,-9921.225387,-545.605433,44.548923,False,False,False,False,False,False,False,1-circle,1.000000,-627.664613,100.000000,97.749699,2.250301,0.000000,168.972979,84.957729,0.647721,1,8,0,0.0000,0.0000,0.0000,0.5000,"Pursue",0.063397
267,A0100,adaptive_eagle_v6h_e1c,UNKNOWN,16174.415401,97.719481,21.550128,76.895696,97.577469,14982.585720,222.777832,17179.716995,-33.374758,-10088.014968,-538.792505,45.698071,False,False,False,False,False,False,False,1-circle,1.000000,-636.042218,100.000000,97.749699,2.250301,0.000000,169.115340,85.083250,0.055520,1,0,4,0.0000,0.0000,0.0000,0.5000,"HeadOnBreak",0.013258
267,B0100,defensive,UNKNOWN,16174.415401,97.719481,21.550128,76.895696,97.577469,14982.585720,222.777832,17179.716995,-33.374758,-10088.014968,-538.792505,45.698071,False,False,False,False,False,False,False,1-circle,1.000000,-636.042218,100.000000,97.749699,2.250301,0.000000,169.115340,85.083250,0.055520,1,8,0,0.0000,0.0000,0.0000,0.5000,"Pursue",0.065785
268,A0100,adaptive_eagle_v6h_e1c,UNKNOWN,16355.424723,96.122748,22.344105,74.393774,95.958142,14975.158230,222.804806,17172.821596,-34.476998,-10211.615702,-530.555584,46.737098,False,False,False,False,False,False,False,1-circle,1.000000,-643.729203,100.000000,97.749699,2.250301,0.000000,169.244139,85.192060,-0.540369,1,0,4,0.0000,0.0000,0.0000,0.5000,"HeadOnBreak",-0.065235
268,B0100,defensive,UNKNOWN,16355.424723,96.122748,22.344105,74.393774,95.958142,14975.158230,222.804806,17172.821596,-34.476998,-10211.615702,-530.555584,46.737098,False,False,False,False,False,False,False,1-circle,1.000000,-643.729203,100.000000,97.749699,2.250301,0.000000,169.244139,85.192060,-0.540369,1,8,0,0.0000,0.0000,0.0000,0.5000,"Pursue",-0.018171
269,A0100,adaptive_eagle_v6h_e1c,UNKNOWN,16533.269149,94.514620,23.416515,71.523292,94.325511,14966.824230,222.866005,17165.695049,-35.632731,-10265.203156,-519.779985,47.652228,False,False,False,False,False,False,False,1-circle,1.000000,-649.810942,100.000000,97.749699,2.250301,0.000000,169.367155,85.284636,-1.139376,1,0,4,0.0000,0.0000,0.0000,0.5000,"HeadOnBreak",-0.073918
269,B0100,defensive,UNKNOWN,16533.269149,94.514620,23.416515,71.523292,94.325511,14966.824230,222.866005,17165.695049,-35.632731,-10265.203156,-519.779985,47.652228,False,False,False,False,False,False,False,1-circle,1.000000,-649.810942,100.000000,97.749699,2.250301,0.000000,169.367155,85.284636,-1.139376,1,8,0,0.0000,0.0000,0.0000,0.5000,"Pursue",-0.043108
270,A0100,adaptive_eagle_v6h_e1c,UNKNOWN,16706.387790,92.886951,25.550649,67.551213,92.671398,14957.572940,222.961425,17158.327043,-36.840034,-10247.998383,-503.183571,48.431534,False,False,False,False,False,False,False,1-circle,1.000000,-653.018319,100.000000,97.749699,2.250301,0.000000,169.493225,85.361459,-1.740945,1,0,4,0.0000,0.0000,0.0000,0.5000,"HeadOnBreak",-0.073776
270,B0100,defensive,UNKNOWN,16706.387790,92.886951,25.550649,67.551213,92.671398,14957.572940,222.961425,17158.327043,-36.840034,-10247.998383,-503.183571,48.431534,False,False,False,False,False,False,False,1-circle,1.000000,-653.018319,100.000000,97.749699,2.250301,0.000000,169.493225,85.361459,-1.740945,1,8,0,0.0000,0.0000,0.0000,0.5000,"Pursue",-0.044704
271,A0100,adaptive_eagle_v6h_e1c,UNKNOWN,16873.239357,91.233933,28.081953,63.308536,90.989162,14947.394366,223.091024,17150.707643,-38.096997,-10224.770587,-483.965299,49.065401,False,False,False,False,False,False,False,1-circle,1.000000,-654.451688,100.000000,97.749699,2.250301,0.000000,169.610341,85.423012,-2.344534,1,8,4,0.0000,0.0000,0.0000,0.5000,"HeadOnBreak",-0.296587
271,B0100,defensive,UNKNOWN,16873.239357,91.233933,28.081953,63.308536,90.989162,14947.394366,223.091024,17150.707643,-38.096997,-10224.770587,-483.965299,49.065401,False,False,False,False,False,False,False,1-circle,1.000000,-654.451688,100.000000,97.749699,2.250301,0.000000,169.610341,85.423012,-2.344534,1,8,0,0.0000,0.0000,0.0000,0.5000,"Pursue",-0.045385
272,A0100,adaptive_eagle_v6h_e1c,UNKNOWN,17033.943855,89.560269,29.993460,59.748511,89.281878,14936.279282,223.254726,17142.827297,-39.401733,-10268.398816,-467.881320,49.546886,False,False,True,False,False,False,False,1-circle,1.000000,-656.841620,100.000000,97.749699,2.250301,0.000000,169.695852,85.469780,-2.949614,1,8,4,0.0000,0.0000,0.0000,0.5000,"HeadOnBreak",-0.474706
272,B0100,defensive,UNKNOWN,17033.943855,89.560269,29.993460,59.748511,89.281878,14936.279282,223.254726,17142.827297,-39.401733,-10268.398816,-467.881320,49.546886,False,False,True,False,False,False,False,1-circle,1.000000,-656.841620,100.000000,97.749699,2.250301,0.000000,169.695852,85.469780,-2.949614,1,8,0,0.0000,0.0000,0.0000,0.5000,"Pursue",-0.046952
273,A0100,adaptive_eagle_v6h_e1c,UNKNOWN,17190.375138,87.875809,30.803881,57.259653,87.558579,14924.219201,223.452423,17134.676823,-40.752370,-10395.986096,-458.107558,49.871967,False,False,True,False,False,False,False,1-circle,1.000000,-660.432683,100.000000,97.749699,2.250301,0.000000,169.751531,85.502247,-3.555669,1,8,4,0.0000,0.0000,0.0000,0.5000,"HeadOnBreak",-0.488219
273,B0100,defensive,UNKNOWN,17190.375138,87.875809,30.803881,57.259653,87.558579,14924.219201,223.452423,17134.676823,-40.752370,-10395.986096,-458.107558,49.871967,False,False,True,False,False,False,False,1-circle,1.000000,-660.432683,100.000000,97.749699,2.250301,0.000000,169.751531,85.502247,-3.555669,1,8,0,0.0000,0.0000,0.0000,0.5000,"Pursue",-0.049499
274,A0100,adaptive_eagle_v6h_e1c,UNKNOWN,17344.205437,86.186650,31.121551,55.240309,85.825083,14911.206366,223.683969,17126.247410,-42.147061,-10578.461845,-451.595484,50.039643,False,False,True,False,False,False,False,1-circle,1.000000,-664.261272,100.000000,97.749699,2.250301,0.000000,169.788576,85.520897,-4.162197,1,8,4,0.0000,0.0000,0.0000,0.5000,"HeadOnBreak",-0.490402
274,B0100,defensive,UNKNOWN,17344.205437,86.186650,31.121551,55.240309,85.825083,14911.206366,223.683969,17126.247410,-42.147061,-10578.461845,-451.595484,50.039643,False,False,True,False,False,False,False,1-circle,1.000000,-664.261272,100.000000,97.749699,2.250301,0.000000,169.788576,85.520897,-4.162197,1,8,0,0.0000,0.0000,0.0000,0.5000,"Pursue",-0.051784
275,A0100,adaptive_eagle_v6h_e1c,UNKNOWN,17495.696033,84.493545,31.612681,53.039626,84.081511,14897.233726,223.949190,17117.530614,-43.583983,-10746.406103,-443.892308,50.051898,False,False,True,False,False,False,False,1-circle,1.000000,-668.114161,100.000000,97.749699,2.250301,0.000000,169.809605,85.526213,-4.768711,1,8,4,0.0000,0.0000,0.0000,0.5000,"HeadOnBreak",-0.493314
275,B0100,defensive,UNKNOWN,17495.696033,84.493545,31.612681,53.039626,84.081511,14897.233726,223.949190,17117.530614,-43.583983,-10746.406103,-443.892308,50.051898,False,False,True,False,False,False,False,1-circle,1.000000,-668.114161,100.000000,97.749699,2.250301,0.000000,169.809605,85.526213,-4.768711,1,8,0,0.0000,0.0000,0.0000,0.5000,"Pursue",-0.052996
276,A0100,adaptive_eagle_v6h_e1c,UNKNOWN,17644.367657,82.794978,32.203667,50.719611,82.325628,14882.294918,224.247880,17108.518347,-45.061336,-10896.028597,-435.268245,49.913521,False,False,True,False,False,False,False,1-circle,1.000000,-671.848679,100.000000,97.749699,2.250301,0.000000,169.815759,85.518673,-5.374736,1,0,4,0.0000,0.0000,0.0000,0.5000,"HeadOnBreak",-0.495374
276,B0100,defensive,UNKNOWN,17644.367657,82.794978,32.203667,50.719611,82.325628,14882.294918,224.247880,17108.518347,-45.061336,-10896.028597,-435.268245,49.913521,False,False,True,False,False,False,False,1-circle,1.000000,-671.848679,100.000000,97.749699,2.250301,0.000000,169.815759,85.518673,-5.374736,1,8,0,0.0000,0.0000,0.0000,0.5000,"Pursue",-0.053244
277,A0100,adaptive_eagle_v6h_e1c,UNKNOWN,17789.911989,81.090107,32.901129,48.267318,80.556088,14866.384253,224.579802,17099.202877,-46.577349,-11004.560806,-425.287809,49.631816,False,False,True,False,False,False,False,1-circle,1.000000,-674.919465,100.000000,97.749699,2.250301,0.000000,169.811782,85.498752,-5.979811,1,0,4,0.0000,0.0000,0.0000,0.5000,"HeadOnBreak",-0.492691
277,B0100,defensive,UNKNOWN,17789.911989,81.090107,32.901129,48.267318,80.556088,14866.384253,224.579802,17099.202877,-46.577349,-11004.560806,-425.287809,49.631816,False,False,True,False,False,False,False,1-circle,1.000000,-674.919465,100.000000,97.749699,2.250301,0.000000,169.811782,85.498752,-5.979811,1,8,0,0.0000,0.0000,0.0000,0.5000,"Pursue",-0.052048
278,A0100,adaptive_eagle_v6h_e1c,UNKNOWN,17931.683424,79.377231,33.911152,45.485786,78.770871,14849.496696,224.944691,17089.576821,-48.130278,-11042.905927,-412.339199,49.216212,False,False,True,False,False,False,False,1-circle,1.000000,-676.486191,100.000000,97.749699,2.250301,0.000000,169.804476,85.466920,-6.583486,1,0,4,0.0000,0.0000,0.0000,0.5000,"HeadOnBreak",-0.474959
278,B0100,defensive,UNKNOWN,17931.683424,79.377231,33.911152,45.485786,78.770871,14849.496696,224.944691,17089.576821,-48.130278,-11042.905927,-412.339199,49.216212,False,False,True,False,False,False,False,1-circle,1.000000,-676.486191,100.000000,97.749699,2.250301,0.000000,169.804476,85.466920,-6.583486,1,8,0,0.0000,0.0000,0.0000,0.5000,"Pursue",-0.047457
279,A0100,adaptive_eagle_v6h_e1c,HABFM,18067.709704,77.649357,36.003354,41.648976,76.962755,14831.627853,225.342255,17079.633140,-49.718408,-11012.645106,-391.972693,48.677822,False,False,True,False,False,False,False,1-circle,1.000000,-675.423684,100.000000,97.749699,2.250301,0.000000,169.801213,85.423641,-7.185329,1,0,4,0.0000,0.0000,0.0000,0.5000,"HeadOnBreak",-0.475766
279,B0100,defensive,HABFM,18067.709704,77.649357,36.003354,41.648976,76.962755,14831.627853,225.342255,17079.633140,-49.718408,-11012.645106,-391.972693,48.677822,False,False,True,False,False,False,False,1-circle,1.000000,-675.423684,100.000000,97.749699,2.250301,0.000000,169.801213,85.423641,-7.185329,1,8,0,0.0000,0.0000,0.0000,0.5000,"Pursue",-0.039659
280,A0100,adaptive_eagle_v6h_e1c,HABFM,18196.394116,75.903392,38.179929,37.748312,75.126874,14812.773950,225.772174,17069.365129,-51.340054,-11001.697495,-370.791351,48.028965,False,False,True,False,False,False,False,1-circle,1.000000,-672.978518,100.000000,97.749699,2.250301,0.000000,169.790440,85.369373,-7.784916,1,8,4,0.0000,0.0000,0.0000,0.5000,"HeadOnBreak",-0.488875
280,B0100,defensive,HABFM,18196.394116,75.903392,38.179929,37.748312,75.126874,14812.773950,225.772174,17069.365129,-51.340054,-11001.697495,-370.791351,48.028965,False,False,True,False,False,False,False,1-circle,1.000000,-672.978518,100.000000,97.749699,2.250301,0.000000,169.790440,85.369373,-7.784916,1,8,0,0.0000,0.0000,0.0000,0.5000,"Pursue",-0.031812
281,A0100,adaptive_eagle_v6h_e1c,HABFM,18318.570448,74.144284,39.719733,34.482057,73.266251,14792.931826,226.234103,17058.766416,-52.993561,-11069.063598,-354.163170,47.282708,False,False,True,False,False,False,False,1-circle,1.000000,-670.580392,100.000000,97.749699,2.250301,0.000000,169.761967,85.304566,-8.381840,1,8,4,0.0000,0.0000,0.0000,0.5000,"HeadOnBreak",-0.546865
281,B0100,defensive,HABFM,18318.570448,74.144284,39.719733,34.482057,73.266251,14792.931826,226.234103,17058.766416,-52.993561,-11069.063598,-354.163170,47.282708,False,False,True,False,False,False,False,1-circle,1.000000,-670.580392,100.000000,97.749699,2.250301,0.000000,169.761967,85.304566,-8.381840,1,8,0,0.0000,0.0000,0.0000,0.5000,"Pursue",-0.012513
282,A0100,adaptive_eagle_v6h_e1c,HABFM,18436.139484,72.185816,40.468211,31.831288,71.189781,14772.103874,226.550123,17044.273042,-72.466875,-11195.758598,-342.248865,29.960862,False,False,True,False,False,False,False,1-circle,1.000000,-667.926335,100.000000,97.749699,2.250301,0.000000,167.113168,82.622112,-8.865320,1,0,4,0.0000,0.0000,0.0000,0.5000,"SmartLowYoYo",-0.544076
282,B0100,defensive,HABFM,18436.139484,72.185816,40.468211,31.831288,71.189781,14772.103874,226.550123,17044.273042,-72.466875,-11195.758598,-342.248865,29.960862,False,False,True,False,False,False,False,1-circle,1.000000,-667.926335,100.000000,97.749699,2.250301,0.000000,167.113168,82.622112,-8.865320,1,8,0,0.0000,0.0000,0.0000,0.5000,"Pursue",-0.006373
283,A0100,adaptive_eagle_v6h_e1c,HABFM,18549.524242,70.234992,41.212091,29.240652,69.123663,14750.447846,226.901488,17029.670472,-73.012849,-11285.125762,-329.803584,18.804592,False,False,True,False,False,False,False,1-circle,1.000000,-664.514692,100.000000,97.749699,2.250301,0.000000,162.883326,78.356601,-9.209055,1,0,4,0.0000,0.0000,0.0000,0.5000,"SmartLowYoYo",-0.490600
283,B0100,defensive,HABFM,18549.524242,70.234992,41.212091,29.240652,69.123663,14750.447846,226.901488,17029.670472,-73.012849,-11285.125762,-329.803584,18.804592,False,False,True,False,False,False,False,1-circle,1.000000,-664.514692,100.000000,97.749699,2.250301,0.000000,162.883326,78.356601,-9.209055,1,8,0,0.0000,0.0000,0.0000,0.5000,"Pursue",-0.014627
284,A0100,adaptive_eagle_v6h_e1c,HABFM,18658.592366,68.502250,42.228052,26.711769,67.275848,14728.050051,227.480893,17018.927764,-53.713538,-11300.797844,-315.462879,17.487062,False,False,True,False,False,False,False,1-circle,1.000000,-659.685372,100.000000,97.749699,2.250301,0.000000,162.101901,77.532057,-9.432615,3,0,3,0.0000,0.0000,0.0000,0.5000,"SmartLowYoYo",-0.486691
284,B0100,defensive,HABFM,18658.592366,68.502250,42.228052,26.711769,67.275848,14728.050051,227.480893,17018.927764,-53.713538,-11300.797844,-315.462879,17.487062,False,False,True,False,False,False,False,1-circle,1.000000,-659.685372,100.000000,97.749699,2.250301,0.000000,162.101901,77.532057,-9.432615,1,8,0,0.0000,0.0000,0.0000,0.5000,"Pursue",0.003256
285,A0100,adaptive_eagle_v6h_e1c,HABFM,18761.249808,66.674290,44.304016,23.271102,65.323487,14704.948633,228.003932,17006.373134,-62.773150,-11257.486223,-292.546514,18.607424,False,False,True,False,False,False,False,1-circle,1.000000,-652.361330,100.000000,97.749699,2.250301,0.000000,162.910373,78.282931,-9.581388,3,0,3,0.0000,0.0000,0.0000,0.5000,"SmartLowYoYo",-0.488705
285,B0100,defensive,HABFM,18761.249808,66.674290,44.304016,23.271102,65.323487,14704.948633,228.003932,17006.373134,-62.773150,-11257.486223,-292.546514,18.607424,False,False,True,False,False,False,False,1-circle,1.000000,-652.361330,100.000000,97.749699,2.250301,0.000000,162.910373,78.282931,-9.581388,1,8,0,0.0000,0.0000,0.0000,0.5000,"Pursue",0.020581
286,A0100,adaptive_eagle_v6h_e1c,HABFM,18855.727748,64.817700,46.421765,19.753111,63.328995,14681.159546,228.534297,16993.303278,-65.349278,-11236.047908,-269.095417,20.352947,False,False,True,False,False,False,False,1-circle,1.000000,-643.835142,100.000000,97.749699,2.250301,0.000000,163.971174,79.283457,-9.769569,3,0,3,0.0000,0.0000,0.0000,0.5000,"SmartLowYoYo",-0.491687
286,B0100,defensive,HABFM,18855.727748,64.817700,46.421765,19.753111,63.328995,14681.159546,228.534297,16993.303278,-65.349278,-11236.047908,-269.095417,20.352947,False,False,True,False,False,False,False,1-circle,1.000000,-643.835142,100.000000,97.749699,2.250301,0.000000,163.971174,79.283457,-9.769569,1,8,0,0.0000,0.0000,0.0000,0.5000,"Pursue",0.035614
287,A0100,adaptive_eagle_v6h_e1c,HABFM,18942.826300,62.967545,48.191171,16.727886,61.324583,14656.661453,229.101194,16980.290325,-65.064767,-11259.593960,-248.394893,21.759697,False,False,True,False,False,False,False,1-circle,1.000000,-635.517759,100.000000,97.749699,2.250301,0.000000,164.721938,79.981891,-10.043198,3,0,3,0.0000,0.0000,0.0000,0.5000,"SmartLowYoYo",-0.484406
287,B0100,defensive,HABFM,18942.826300,62.967545,48.191171,16.727886,61.324583,14656.661453,229.101194,16980.290325,-65.064767,-11259.593960,-248.394893,21.759697,False,False,True,False,False,False,False,1-circle,1.000000,-635.517759,100.000000,97.749699,2.250301,0.000000,164.721938,79.981891,-10.043198,1,8,0,0.0000,0.0000,0.0000,0.5000,"Pursue",0.051171
288,A0100,adaptive_eagle_v6h_e1c,HABFM,19022.809343,61.127376,50.052482,14.109958,59.312932,14631.428722,229.706108,16967.344317,-64.730039,-11265.252986,-226.503952,22.446649,False,False,True,False,False,False,False,1-circle,1.000000,-627.121495,100.000000,97.749699,2.250301,0.000000,165.090648,80.303486,-10.394629,3,0,3,0.0000,0.0000,0.0000,0.5000,"SmartLowYoYo",-0.478924
288,B0100,defensive,HABFM,19022.809343,61.127376,50.052482,14.109958,59.312932,14631.428722,229.706108,16967.344317,-64.730039,-11265.252986,-226.503952,22.446649,False,False,True,False,False,False,False,1-circle,1.000000,-627.121495,100.000000,97.749699,2.250301,0.000000,165.090648,80.303486,-10.394629,1,7,0,0.0000,0.0000,0.0000,0.5000,"Pursue",0.069309
289,A0100,adaptive_eagle_v6h_e1c,HABFM,19095.193962,59.289364,51.955336,12.358134,57.285787,14605.444376,230.340956,16954.289530,-65.273935,-11252.760442,-203.772496,22.524775,False,False,True,False,False,False,False,1-circle,1.000000,-617.874095,100.000000,97.749699,2.250301,0.000000,165.193657,80.358342,-10.795577,3,0,3,0.0000,0.0000,0.0000,0.5000,"SmartLowYoYo",-0.477186
289,B0100,defensive,HABFM,19095.193962,59.289364,51.955336,12.358134,57.285787,14605.444376,230.340956,16954.289530,-65.273935,-11252.760442,-203.772496,22.524775,False,False,True,False,False,False,False,1-circle,1.000000,-617.874095,100.000000,97.749699,2.250301,0.000000,165.193657,80.358342,-10.795577,1,7,1,0.0000,0.0000,0.0000,0.5000,"Pursue",0.089567
290,A0100,adaptive_eagle_v6h_e1c,HABFM,19159.852471,57.446609,53.784642,12.020679,55.235919,14578.701087,230.998131,16940.968118,-66.607060,-11229.553194,-181.213059,22.276550,False,False,True,False,False,False,False,1-circle,1.000000,-606.845242,100.000000,97.749699,2.250301,0.000000,165.168213,80.275719,-11.218929,1,0,4,0.0000,0.0000,0.0000,0.5000,"SmartLowYoYo",-0.470737
290,B0100,defensive,HABFM,19159.852471,57.446609,53.784642,12.020679,55.235919,14578.701087,230.998131,16940.968118,-66.607060,-11229.553194,-181.213059,22.276550,False,False,True,False,False,False,False,1-circle,1.000000,-606.845242,100.000000,97.749699,2.250301,0.000000,165.168213,80.275719,-11.218929,1,7,1,0.0000,0.0000,0.0000,0.5000,"Pursue",0.111720
291,A0100,adaptive_eagle_v6h_e1c,HABFM,19216.645335,55.595618,55.759187,13.314151,53.159532,14551.198144,231.673410,16927.296641,-68.357388,-11159.888872,-156.713870,21.919450,False,False,True,False,False,False,False,1-circle,1.000000,-592.957086,100.000000,97.749699,2.250301,0.000000,165.112257,80.144006,-11.646886,1,0,4,0.0000,0.0000,0.0000,0.5000,"SmartLowYoYo",-0.452330
291,B0100,defensive,HABFM,19216.645335,55.595618,55.759187,13.314151,53.159532,14551.198144,231.673410,16927.296641,-68.357388,-11159.888872,-156.713870,21.919450,False,False,True,False,False,False,False,1-circle,1.000000,-592.957086,100.000000,97.749699,2.250301,0.000000,165.112257,80.144006,-11.646886,1,7,1,0.0000,0.0000,0.0000,0.5000,"Pursue",0.137829
292,A0100,adaptive_eagle_v6h_e1c,HABFM,19264.083429,53.735110,58.330811,15.770041,51.054100,14522.938230,232.365408,16913.252534,-70.220532,-11027.985105,-126.347899,21.558754,False,False,True,False,False,False,False,1-circle,1.000000,-575.707332,100.000000,97.749699,2.250301,0.000000,165.073838,80.006845,-12.070691,1,0,4,0.0000,0.0000,0.0000,0.5000,"SmartLowYoYo",-0.454389
292,B0100,defensive,HABFM,19264.083429,53.735110,58.330811,15.770041,51.054100,14522.938230,232.365408,16913.252534,-70.220532,-11027.985105,-126.347899,21.558754,False,False,True,False,False,False,False,1-circle,1.000000,-575.707332,100.000000,97.749699,2.250301,0.000000,165.073838,80.006845,-12.070691,1,7,1,0.0000,0.0000,0.0000,0.5000,"Pursue",0.166979
293,A0100,adaptive_eagle_v6h_e1c,HABFM,19301.291289,51.869269,60.660093,18.327411,48.919478,14493.925278,233.074211,16898.844547,-72.039938,-10945.028964,-98.216231,21.225448,False,False,True,False,False,False,False,1-circle,1.000000,-557.015061,100.000000,97.749699,2.250301,0.000000,165.051424,79.878385,-12.487403,1,0,4,0.0000,0.0000,0.0000,0.5000,"SmartLowYoYo",-0.465338
293,B0100,defensive,HABFM,19301.291289,51.869269,60.660093,18.327411,48.919478,14493.925278,233.074211,16898.844547,-72.039938,-10945.028964,-98.216231,21.225448,False,False,True,False,False,False,False,1-circle,1.000000,-557.015061,100.000000,97.749699,2.250301,0.000000,165.051424,79.878385,-12.487403,1,7,1,0.0000,0.0000,0.0000,0.5000,"Pursue",0.194859
294,A0100,adaptive_eagle_v6h_e1c,HABFM,19329.920486,50.005060,62.464267,21.063498,46.758337,14464.163436,233.800309,16884.090183,-73.771818,-10924.760813,-75.007950,20.918060,False,False,True,False,False,False,False,1-circle,1.000000,-538.390672,100.000000,97.749699,2.250301,0.000000,165.033689,79.758827,-12.896828,1,0,4,0.0000,0.0000,0.0000,0.5000,"SmartLowYoYo",-0.464361
294,B0100,defensive,HABFM,19329.920486,50.005060,62.464267,21.063498,46.758337,14464.163436,233.800309,16884.090183,-73.771818,-10924.760813,-75.007950,20.918060,False,False,True,False,False,False,False,1-circle,1.000000,-538.390672,100.000000,97.749699,2.250301,0.000000,165.033689,79.758827,-12.896828,1,7,1,0.0000,0.0000,0.0000,0.5000,"Pursue",0.222519
295,A0100,adaptive_eagle_v6h_e1c,HABFM,19350.871973,48.146568,64.242002,24.239192,44.572016,14433.656755,234.544069,16869.004415,-75.428841,-10901.990320,-51.910037,20.626939,False,False,True,False,False,False,False,1-circle,1.000000,-519.516938,100.000000,97.749699,2.250301,0.000000,165.020230,79.644263,-13.299603,1,0,4,0.0000,0.0000,0.0000,0.5000,"SmartLowYoYo",-0.452666
295,B0100,defensive,HABFM,19350.871973,48.146568,64.242002,24.239192,44.572016,14433.656755,234.544069,16869.004415,-75.428841,-10901.990320,-51.910037,20.626939,False,False,True,False,False,False,False,1-circle,1.000000,-519.516938,100.000000,97.749699,2.250301,0.000000,165.020230,79.644263,-13.299603,1,7,1,0.0000,0.0000,0.0000,0.5000,"Pursue",0.252313
296,A0100,adaptive_eagle_v6h_e1c,HABFM,19363.580383,46.296350,66.344294,28.010428,42.360411,14402.409222,235.305576,16853.596505,-77.039551,-10832.795346,-25.456584,20.344022,False,False,True,False,False,False,False,1-circle,1.000000,-499.583377,100.000000,97.749699,2.250301,0.000000,165.014938,79.531105,-13.696335,3,0,3,0.0000,0.0000,0.0000,0.5000,"SmartLowYoYo",-0.450131
296,B0100,defensive,HABFM,19363.580383,46.296350,66.344294,28.010428,42.360411,14402.409222,235.305576,16853.596505,-77.039551,-10832.795346,-25.456584,20.344022,False,False,True,False,False,False,False,1-circle,1.000000,-499.583377,100.000000,97.749699,2.250301,0.000000,165.014938,79.531105,-13.696335,1,7,1,0.0000,0.0000,0.0000,0.5000,"Pursue",0.284978
297,A0100,adaptive_eagle_v6h_e1c,HABFM,19367.054995,44.458369,68.405575,31.749494,40.123128,14370.424880,236.084671,16837.870771,-78.628668,-10776.522231,0.577023,20.064885,False,False,True,False,False,False,False,1-circle,1.000000,-478.646054,100.000000,97.749699,2.250301,0.000000,165.015678,79.417248,-14.087370,3,0,3,0.0000,0.0000,0.0000,0.5000,"SmartLowYoYo",-0.512078
297,B0100,defensive,HABFM,19367.054995,44.458369,68.405575,31.749494,40.123128,14370.424880,236.084671,16837.870771,-78.628668,-10776.522231,0.577023,20.064885,False,False,True,False,False,False,False,1-circle,1.000000,-478.646054,100.000000,97.749699,2.250301,0.000000,165.015678,79.417248,-14.087370,2,7,1,0.0000,0.0000,0.0000,0.5000,"Pursue",0.350850
298,A0100,adaptive_eagle_v6h_e1c,HABFM,19362.444731,42.447126,70.152587,35.528258,37.654759,14337.725472,236.689948,16817.839721,-100.155252,-10759.097271,23.981313,15.576619,False,False,True,False,False,False,False,1-circle,1.000000,-457.144329,100.000000,97.749699,2.250301,0.000000,162.211208,76.494287,-14.357475,3,0,3,0.0000,0.0000,0.0000,0.5000,"SmartLowYoYo",-0.613455
298,B0100,defensive,HABFM,19362.444731,42.447126,70.152587,35.528258,37.654759,14337.725472,236.689948,16817.839721,-100.155252,-10759.097271,23.981313,15.576619,False,False,True,False,False,False,False,1-circle,1.000000,-457.144329,100.000000,97.749699,2.250301,0.000000,162.211208,76.494287,-14.357475,2,7,1,0.0000,0.0000,0.0000,0.5000,"Pursue",0.455037
299,A0100,adaptive_eagle_v6h_e1c,HABFM,19349.694251,40.113663,71.916581,39.721747,34.867485,14304.580972,236.995983,16791.112837,-133.634417,-10736.530410,48.376609,9.858900,False,False,True,False,False,False,False,1-circle,1.000000,-434.692449,100.000000,97.749699,2.250301,0.000000,155.077189,69.233716,-14.375760,3,0,3,0.0000,0.0000,0.0000,0.5000,"SmartLowYoYo",-0.568121
299,B0100,defensive,HABFM,19349.694251,40.113663,71.916581,39.721747,34.867485,14304.580972,236.995983,16791.112837,-133.634417,-10736.530410,48.376609,9.858900,False,False,True,False,False,False,False,1-circle,1.000000,-434.692449,100.000000,97.749699,2.250301,0.000000,155.077189,69.233716,-14.375760,2,7,1,0.0000,0.0000,0.0000,0.5000,"Pursue",0.468419
300,A0100,adaptive_eagle_v6h_e1c,HABFM,19328.883306,37.977344,73.584800,43.729699,32.354877,14271.370951,237.515834,16768.823195,-111.448209,-10698.830199,71.305268,7.665394,False,False,True,False,False,False,False,1-circle,1.000000,-410.689782,100.000000,97.749699,2.250301,0.000000,150.023696,64.038583,-14.118766,3,0,3,0.0000,0.0000,0.0000,0.5000,"SmartLowYoYo",-0.477931
300,B0100,defensive,HABFM,19328.883306,37.977344,73.584800,43.729699,32.354877,14271.370951,237.515834,16768.823195,-111.448209,-10698.830199,71.305268,7.665394,False,False,True,False,False,False,False,1-circle,1.000000,-410.689782,100.000000,97.749699,2.250301,0.000000,150.023696,64.038583,-14.118766,2,7,1,0.0000,0.0000,0.0000,0.5000,"Pursue",0.450412
301,A0100,adaptive_eagle_v6h_e1c,HABFM,19300.403141,36.145442,75.386706,47.786718,30.150026,14238.109156,238.327640,16752.662676,-80.802597,-10611.804777,94.899959,7.728401,False,False,True,False,False,False,False,1-circle,1.000000,-384.021872,100.000000,97.749699,2.250301,0.000000,150.441535,64.286325,-13.636180,3,0,3,0.0000,0.0000,0.0000,0.5000,"SmartLowYoYo",-0.479228
301,B0100,defensive,HABFM,19300.403141,36.145442,75.386706,47.786718,30.150026,14238.109156,238.327640,16752.662676,-80.802597,-10611.804777,94.899959,7.728401,False,False,True,False,False,False,False,1-circle,1.000000,-384.021872,100.000000,97.749699,2.250301,0.000000,150.441535,64.286325,-13.636180,2,7,1,0.0000,0.0000,0.0000,0.5000,"Pursue",0.512949
302,A0100,adaptive_eagle_v6h_e1c,HABFM,19262.793734,34.256701,77.915490,52.571950,27.849958,14204.780596,239.058260,16734.775041,-89.438173,-10449.583820,125.739330,8.487902,False,False,True,False,False,False,False,1-circle,1.000000,-353.903436,100.000000,97.749699,2.250301,0.000000,152.740926,66.376407,-13.131000,1,0,4,0.0000,0.0000,0.0000,0.5000,"SmartLowYoYo",-0.473622
302,B0100,defensive,HABFM,19262.793734,34.256701,77.915490,52.571950,27.849958,14204.780596,239.058260,16734.775041,-89.438173,-10449.583820,125.739330,8.487902,False,False,True,False,False,False,False,1-circle,1.000000,-353.903436,100.000000,97.749699,2.250301,0.000000,152.740926,66.376407,-13.131000,2,6,1,0.0000,0.0000,0.0000,0.5000,"Pursue",0.563308
303,A0100,adaptive_eagle_v6h_e1c,HABFM,19214.324505,32.398943,80.579738,57.130983,25.514108,14171.397694,239.775273,16716.591436,-90.918029,-10298.076939,157.538492,9.316069,False,False,True,False,False,False,False,1-circle,1.000000,-322.042164,100.000000,97.749699,2.250301,0.000000,154.919396,68.320584,-12.777885,1,0,4,0.0000,0.0000,0.0000,0.5000,"SmartLowYoYo",-0.478463
303,B0100,defensive,HABFM,19214.324505,32.398943,80.579738,57.130983,25.514108,14171.397694,239.775273,16716.591436,-90.918029,-10298.076939,157.538492,9.316069,False,False,True,False,False,False,False,1-circle,1.000000,-322.042164,100.000000,97.749699,2.250301,0.000000,154.919396,68.320584,-12.777885,2,6,1,0.0000,0.0000,0.0000,0.5000,"Pursue",0.601401
304,A0100,adaptive_eagle_v6h_e1c,HABFM,19155.993146,30.626671,82.728077,60.919983,23.179212,14137.905574,240.516780,16698.865730,-88.628527,-10207.310643,183.782611,9.900916,False,False,True,False,False,False,False,1-circle,1.000000,-291.837667,100.000000,97.749699,2.250301,0.000000,156.363655,69.538956,-12.601122,1,0,4,0.0000,0.0000,0.0000,0.5000,"SmartLowYoYo",-0.484914
304,B0100,defensive,HABFM,19155.993146,30.626671,82.728077,60.919983,23.179212,14137.905574,240.516780,16698.865730,-88.628527,-10207.310643,183.782611,9.900916,False,False,True,False,False,False,False,1-circle,1.000000,-291.837667,100.000000,97.749699,2.250301,0.000000,156.363655,69.538956,-12.601122,2,6,1,0.0000,0.0000,0.0000,0.5000,"Pursue",0.633745
305,A0100,adaptive_eagle_v6h_e1c,HABFM,19089.927712,28.948996,84.356981,64.270040,20.842747,14104.252046,241.278208,16681.452833,-87.064487,-10184.749909,204.467196,10.189025,False,False,True,False,False,False,False,1-circle,1.000000,-264.640898,100.000000,97.749699,2.250301,0.000000,157.146380,70.118819,-12.556685,1,0,4,0.0000,0.0000,0.0000,0.5000,"SmartLowYoYo",-0.470502
305,B0100,defensive,HABFM,19089.927712,28.948996,84.356981,64.270040,20.842747,14104.252046,241.278208,16681.452833,-87.064487,-10184.749909,204.467196,10.189025,False,False,True,False,False,False,False,1-circle,1.000000,-264.640898,100.000000,97.749699,2.250301,0.000000,157.146380,70.118819,-12.556685,2,6,4,0.0000,0.0000,0.0000,0.5000,"Pursue",0.662559
306,A0100,adaptive_eagle_v6h_e1c,HABFM,19017.073479,27.365776,86.020761,67.742757,18.492660,14070.408224,242.045203,16664.020300,-87.162663,-10159.928625,225.149482,10.273896,False,False,True,False,False,False,False,1-circle,1.000000,-240.129171,100.000000,97.749699,2.250301,0.000000,157.527286,70.317539,-12.589354,1,0,4,0.0000,0.0000,0.0000,0.5000,"SmartLowYoYo",-0.524585
306,B0100,defensive,HABFM,19017.073479,27.365776,86.020761,67.742757,18.492660,14070.408224,242.045203,16664.020300,-87.162663,-10159.928625,225.149482,10.273896,False,False,True,False,False,False,False,1-circle,1.000000,-240.129171,100.000000,97.749699,2.250301,0.000000,157.527286,70.317539,-12.589354,2,6,4,0.0000,0.0000,0.0000,0.5000,"Pursue",0.758801
307,A0100,adaptive_eagle_v6h_e1c,HABFM,18937.134747,25.707948,87.788319,71.606571,15.917499,14036.402554,242.604563,16642.016001,-110.021497,-10135.279960,246.667181,8.822873,False,False,True,False,False,False,False,1-circle,1.000000,-217.847563,100.000000,97.749699,2.250301,0.000000,154.797163,67.422024,-12.544517,1,0,4,0.0000,0.0000,0.0000,0.5000,"SmartLowYoYo",-0.523921
307,B0100,defensive,HABFM,18937.134747,25.707948,87.788319,71.606571,15.917499,14036.402554,242.604563,16642.016001,-110.021497,-10135.279960,246.667181,8.822873,False,False,True,False,False,False,False,1-circle,1.000000,-217.847563,100.000000,97.749699,2.250301,0.000000,154.797163,67.422024,-12.544517,2,6,4,0.0000,0.0000,0.0000,0.5000,"Pursue",0.806455
308,A0100,adaptive_eagle_v6h_e1c,HABFM,18849.930400,24.114580,89.589391,75.559931,13.387330,14002.510406,243.155397,16619.969392,-110.233043,-10103.030751,268.190238,7.182989,False,False,True,False,False,False,False,1-circle,1.000000,-197.328351,100.000000,97.749699,2.250301,0.000000,150.512657,62.984475,-12.374672,3,0,3,0.0000,0.0000,0.0000,0.5000,"SmartLowYoYo",-0.412823
308,B0100,defensive,HABFM,18849.930400,24.114580,89.589391,75.559931,13.387330,14002.510406,243.155397,16619.969392,-110.233043,-10103.030751,268.190238,7.182989,False,False,True,False,False,False,False,1-circle,1.000000,-197.328351,100.000000,97.749699,2.250301,0.000000,150.512657,62.984475,-12.374672,2,5,4,0.0000,0.0000,0.0000,0.5000,"Pursue",0.473500
309,A0100,adaptive_eagle_v6h_e1c,HABFM,18755.605582,22.815405,91.371582,79.399267,11.079936,13968.730660,243.912838,16602.522069,-87.236618,-10069.166877,288.975594,7.040850,False,False,True,False,False,False,False,1-circle,1.000000,-177.645394,100.000000,97.749699,2.250301,0.000000,150.258126,62.577773,-12.061160,3,0,3,0.0000,0.0000,0.0000,0.5000,"SmartLowYoYo",-0.393655
309,B0100,defensive,HABFM,18755.605582,22.815405,91.371582,79.399267,11.079936,13968.730660,243.912838,16602.522069,-87.236618,-10069.166877,288.975594,7.040850,False,False,True,False,False,False,False,1-circle,1.000000,-177.645394,100.000000,97.749699,2.250301,0.000000,150.258126,62.577773,-12.061160,2,5,4,0.0000,0.0000,0.0000,0.5000,"Pursue",0.397356
310,A0100,adaptive_eagle_v6h_e1c,HABFM,18654.455011,21.597835,93.075148,83.374894,8.671175,13935.099030,244.568814,16583.076049,-97.230099,-10037.162563,308.588954,7.392935,False,False,True,False,False,False,False,1-circle,1.000000,-157.793366,100.000000,97.749699,2.250301,0.000000,151.598640,63.752733,-11.694041,3,0,3,0.0000,0.0000,0.0000,0.5000,"SmartLowYoYo",-0.307613
310,B0100,defensive,HABFM,18654.455011,21.597835,93.075148,83.374894,8.671175,13935.099030,244.568814,16583.076049,-97.230099,-10037.162563,308.588954,7.392935,False,False,True,False,False,False,False,1-circle,1.000000,-157.793366,100.000000,97.749699,2.250301,0.000000,151.598640,63.752733,-11.694041,2,5,4,0.0000,0.0000,0.0000,0.5000,"Pursue",0.354557
311,A0100,adaptive_eagle_v6h_e1c,HABFM,18546.991503,20.580340,94.638630,87.361395,6.231758,13901.643773,245.206179,16563.440443,-98.178030,-10002.526267,326.311398,7.807574,False,False,True,False,False,False,False,1-circle,1.000000,-136.693964,100.000000,97.749699,2.250301,0.000000,153.059844,65.016988,-11.395980,3,0,3,0.0000,0.0000,0.0000,0.5000,"SmartLowYoYo",-0.162352
311,B0100,defensive,HABFM,18546.991503,20.580340,94.638630,87.361395,6.231758,13901.643773,245.206179,16563.440443,-98.178030,-10002.526267,326.311398,7.807574,False,False,True,False,False,False,False,1-circle,1.000000,-136.693964,100.000000,97.749699,2.250301,0.000000,153.059844,65.016988,-11.395980,2,5,4,0.0000,0.0000,0.0000,0.5000,"Pursue",0.197310
312,A0100,adaptive_eagle_v6h_e1c,HABFM,18433.655984,19.817968,96.312145,91.595583,3.787258,13868.330383,245.854149,16544.213508,-96.134674,-9927.980155,344.468654,8.111575,False,False,True,False,False,False,False,2-circle,1.000000,-113.063826,100.000000,97.749699,2.250301,0.000000,154.185229,65.889006,-11.194302,4,1,3,0.0000,0.0000,0.0000,0.5000,"SmartHighYoYo",-0.073440
312,B0100,defensive,HABFM,18433.655984,19.817968,96.312145,91.595583,3.787258,13868.330383,245.854149,16544.213508,-96.134674,-9927.980155,344.468654,8.111575,False,False,True,False,False,False,False,2-circle,1.000000,-113.063826,100.000000,97.749699,2.250301,0.000000,154.185229,65.889006,-11.194302,2,4,4,0.0000,0.0000,0.0000,0.5000,"Pursue",0.115460
313,A0100,adaptive_eagle_v6h_e1c,HABFM,18313.730200,19.190238,97.971772,96.054177,1.082299,13835.104192,247.832383,16554.222880,50.046859,-9806.475233,363.623767,7.211342,False,False,True,False,False,False,False,2-circle,1.000000,-86.043302,100.000000,97.749699,2.250301,0.000000,152.077005,63.446922,-11.021060,2,0,4,0.0000,0.0000,0.0000,0.5000,"LeadPursuit",-0.037201
313,B0100,defensive,HABFM,18313.730200,19.190238,97.971772,96.054177,1.082299,13835.104192,247.832383,16554.222880,50.046859,-9806.475233,363.623767,7.211342,False,False,True,False,False,False,False,2-circle,1.000000,-86.043302,100.000000,97.749699,2.250301,0.000000,152.077005,63.446922,-11.021060,2,4,4,0.0000,0.0000,0.0000,0.5000,"Pursue",0.099351
314,A0100,adaptive_eagle_v6h_e1c,HABFM,18187.940931,18.607213,99.529562,100.732388,-1.883070,13802.281866,249.556781,16559.371006,25.740633,-9681.755923,381.285723,5.140524,False,False,True,False,False,False,False,2-circle,-1.000000,-56.147537,100.000000,97.749699,2.250301,0.000000,144.188025,55.136712,-10.727570,2,0,4,0.0000,0.0000,0.0000,0.5000,"LeadPursuit",0.027251
314,B0100,defensive,HABFM,18187.940931,18.607213,99.529562,100.732388,-1.883070,13802.281866,249.556781,16559.371006,25.740633,-9681.755923,381.285723,5.140524,False,False,True,False,False,False,False,2-circle,-1.000000,-56.147537,100.000000,97.749699,2.250301,0.000000,144.188025,55.136712,-10.727570,2,4,4,0.0000,0.0000,0.0000,0.5000,"Pursue",-0.060246
315,A0100,adaptive_eagle_v6h_e1c,HABFM,18055.312861,18.048805,101.746753,106.022594,-4.796878,13770.599659,251.110923,16562.135879,13.824361,-9491.276277,404.576497,3.374933,False,False,True,False,False,False,False,2-circle,-1.000000,-23.514854,100.000000,97.749699,2.250301,0.000000,133.038043,43.461768,-10.037278,2,0,4,0.0000,0.0000,0.0000,0.5000,"LeadPursuit",0.065084
315,B0100,defensive,HABFM,18055.312861,18.048805,101.746753,106.022594,-4.796878,13770.599659,251.110923,16562.135879,13.824361,-9491.276277,404.576497,3.374933,False,False,True,False,False,False,False,2-circle,-1.000000,-23.514854,100.000000,97.749699,2.250301,0.000000,133.038043,43.461768,-10.037278,2,4,4,0.0000,0.0000,0.0000,0.5000,"Pursue",-0.090634
316,A0100,adaptive_eagle_v6h_e1c,HABFM,17914.698879,17.556663,103.952969,110.643051,-7.282910,13740.729092,252.726203,16568.294129,30.791252,-9330.774549,427.533663,2.160203,False,False,True,False,False,True,False,2-circle,-1.000000,9.456331,100.000000,97.749699,2.250301,0.000000,121.571656,31.388964,-8.742206,2,0,4,0.0000,0.0000,0.0000,0.5000,"LeadPursuit",0.012619
316,B0100,defensive,HABFM,17914.698879,17.556663,103.952969,110.643051,-7.282910,13740.729092,252.726203,16568.294129,30.791252,-9330.774549,427.533663,2.160203,False,False,True,False,False,True,False,2-circle,-1.000000,9.456331,100.000000,97.749699,2.250301,0.000000,121.571656,31.388964,-8.742206,2,3,4,0.0000,0.0000,0.0000,0.5000,"Pursue",0.052745
317,A0100,adaptive_eagle_v6h_e1c,HABFM,17767.108272,17.068041,105.618550,114.122661,-9.284940,13713.176653,254.368118,16577.601369,46.536197,-9237.531619,445.544481,1.286069,False,False,True,False,False,True,False,2-circle,-1.000000,38.959871,100.000000,97.749699,2.250301,0.000000,110.884115,20.072337,-6.919737,2,0,4,0.0000,0.0000,0.0000,0.5000,"LeadPursuit",-0.064495
317,B0100,defensive,HABFM,17767.108272,17.068041,105.618550,114.122661,-9.284940,13713.176653,254.368118,16577.601369,46.536197,-9237.531619,445.544481,1.286069,False,False,True,False,False,True,False,2-circle,-1.000000,38.959871,100.000000,97.749699,2.250301,0.000000,110.884115,20.072337,-6.919737,2,3,4,0.0000,0.0000,0.0000,0.5000,"Pursue",0.206275
318,A0100,adaptive_eagle_v6h_e1c,HABFM,17614.279126,16.556585,106.834537,116.794146,-10.825948,13688.345617,255.952030,16588.554068,54.763499,-9209.033695,459.578954,0.590372,False,False,True,False,False,True,False,2-circle,-1.000000,63.329500,100.000000,97.749699,2.250301,0.000000,101.008280,9.575435,-4.767324,2,0,4,0.0000,0.0000,0.0000,0.5000,"LeadPursuit",-0.123562
318,B0100,defensive,HABFM,17614.279126,16.556585,106.834537,116.794146,-10.825948,13688.345617,255.952030,16588.554068,54.763499,-9209.033695,459.578954,0.590372,False,False,True,False,False,True,False,2-circle,-1.000000,63.329500,100.000000,97.749699,2.250301,0.000000,101.008280,9.575435,-4.767324,2,3,4,0.0000,0.0000,0.0000,0.5000,"Pursue",0.251606
319,A0100,adaptive_eagle_v6h_e1c,HABFM,17456.558176,15.992511,108.229336,119.300299,-11.928372,13666.536313,257.434278,16600.432932,59.394317,-9171.835748,475.076948,0.011109,False,False,True,False,False,True,False,2-circle,-1.000000,82.419017,100.000000,97.749699,2.250301,0.000000,91.857709,-0.182854,-2.445342,2,0,4,0.0000,0.0000,0.0000,0.5000,"LeadPursuit",-0.200404
319,B0100,defensive,HABFM,17456.558176,15.992511,108.229336,119.300299,-11.928372,13666.536313,257.434278,16600.432932,59.394317,-9171.835748,475.076948,0.011109,False,False,True,False,False,True,False,2-circle,-1.000000,82.419017,100.000000,97.749699,2.250301,0.000000,91.857709,-0.182854,-2.445342,2,3,4,0.0000,0.0000,0.0000,0.5000,"Pursue",0.324409
320,A0100,adaptive_eagle_v6h_e1c,HABFM,17293.333586,15.350568,109.795982,121.649040,-12.610400,13647.952103,258.786755,16612.757190,61.621291,-9126.391782,491.906265,0.571006,False,False,True,False,False,True,False,2-circle,-1.000000,96.456875,100.000000,97.749699,2.250301,0.000000,83.276260,-9.359861,-0.119047,2,0,4,0.0000,0.0000,0.0000,0.5000,"LeadPursuit",-0.301044
320,B0100,defensive,HABFM,17293.333586,15.350568,109.795982,121.649040,-12.610400,13647.952103,258.786755,16612.757190,61.621291,-9126.391782,491.906265,0.571006,False,False,True,False,False,True,False,2-circle,-1.000000,96.456875,100.000000,97.749699,2.250301,0.000000,83.276260,-9.359861,-0.119047,2,3,4,0.0000,0.0000,0.0000,0.5000,"Pursue",0.447063
321,A0100,adaptive_eagle_v6h_e1c,HABFM,17124.335535,14.611137,111.427503,123.728692,-12.888656,13632.693222,259.944334,16624.081385,56.620979,-9083.841123,509.033491,1.128980,False,False,True,False,False,True,False,2-circle,-1.000000,106.090988,100.000000,97.749699,2.250301,0.000000,75.112088,-18.120519,2.081224,2,0,4,0.0000,0.0000,0.0000,0.5000,"LeadPursuit",-0.457038
321,B0100,defensive,HABFM,17124.335535,14.611137,111.427503,123.728692,-12.888656,13632.693222,259.944334,16624.081385,56.620979,-9083.841123,509.033491,1.128980,False,False,True,False,False,True,False,2-circle,-1.000000,106.090988,100.000000,97.749699,2.250301,0.000000,75.112088,-18.120519,2.081224,2,3,4,0.0000,0.0000,0.0000,0.5000,"Pursue",0.658378
322,A0100,adaptive_eagle_v6h_e1c,HABFM,16949.589332,13.718967,113.047832,125.426799,-12.759321,13620.781465,260.880002,16633.743341,48.309777,-9041.973011,525.741155,1.725653,False,False,True,False,False,True,False,2-circle,-1.000000,112.234886,100.000000,97.749699,2.250301,0.000000,67.206835,-26.650649,4.370430,2,0,4,0.0000,0.0000,0.0000,0.5000,"LeadPursuit",-0.640126
322,B0100,defensive,HABFM,16949.589332,13.718967,113.047832,125.426799,-12.759321,13620.781465,260.880002,16633.743341,48.309777,-9041.973011,525.741155,1.725653,False,False,True,False,False,True,False,2-circle,-1.000000,112.234886,100.000000,97.749699,2.250301,0.000000,67.206835,-26.650649,4.370430,2,3,4,0.0000,0.0000,0.0000,0.5000,"Pursue",0.888603
323,A0100,adaptive_eagle_v6h_e1c,HABFM,16769.050621,12.644690,114.917792,126.955272,-12.221379,13612.229695,261.623123,16642.380956,43.188077,-8972.849899,544.104319,2.394754,False,False,True,False,False,True,False,2-circle,-1.000000,115.951381,100.000000,97.749699,2.250301,0.000000,59.630535,-34.927042,6.778263,2,0,4,0.0000,0.0000,0.0000,0.5000,"LeadPursuit",-0.825882
323,B0100,defensive,HABFM,16769.050621,12.644690,114.917792,126.955272,-12.221379,13612.229695,261.623123,16642.380956,43.188077,-8972.849899,544.104319,2.394754,False,False,True,False,False,True,False,2-circle,-1.000000,115.951381,100.000000,97.749699,2.250301,0.000000,59.630535,-34.927042,6.778263,2,3,4,0.0000,0.0000,0.0000,0.5000,"Pursue",1.106402
324,A0100,adaptive_eagle_v6h_e1c,HABFM,16581.553829,11.398040,117.398964,128.622412,-11.291220,13606.939409,262.158867,16649.513495,35.662693,-8851.365972,566.709694,3.161401,False,False,True,False,False,True,False,2-circle,-1.000000,117.688676,100.000000,97.749699,2.250301,0.000000,52.648896,-42.726732,8.745690,2,0,4,0.0000,0.0000,0.0000,0.5000,"LeadPursuit",-1.138947
324,B0100,defensive,HABFM,16581.553829,11.398040,117.398964,128.622412,-11.291220,13606.939409,262.158867,16649.513495,35.662693,-8851.365972,566.709694,3.161401,False,False,True,False,False,True,False,2-circle,-1.000000,117.688676,100.000000,97.749699,2.250301,0.000000,52.648896,-42.726732,8.745690,2,3,4,0.0000,0.0000,0.0000,0.5000,"Pursue",1.617781
325,A0100,adaptive_eagle_v6h_e1c,HABFM,16386.692718,10.013073,119.525599,129.528806,-10.013207,13604.671137,262.514421,16655.503819,29.951621,-8784.651854,585.975638,4.071959,False,False,True,False,False,True,False,2-circle,-1.000000,115.789150,100.000000,97.749699,2.250301,0.000000,46.280142,-49.986970,10.166952,2,0,4,0.0000,0.0000,0.0000,0.5000,"LeadPursuit",-1.592795
325,B0100,defensive,HABFM,16386.692718,10.013073,119.525599,129.528806,-10.013207,13604.671137,262.514421,16655.503819,29.951621,-8784.651854,585.975638,4.071959,False,False,True,False,False,True,False,2-circle,-1.000000,115.789150,100.000000,97.749699,2.250301,0.000000,46.280142,-49.986970,10.166952,2,3,4,0.0000,0.0000,0.0000,0.5000,"Pursue",2.184688
326,A0100,adaptive_eagle_v6h_e1c,HABFM,16186.162435,8.530472,121.071990,129.556099,-8.440131,13605.076691,262.724133,16660.785690,26.409352,-8802.349296,600.580968,5.206564,False,False,True,False,False,True,False,2-circle,-1.000000,109.408985,100.000000,97.749699,2.250301,0.000000,40.471949,-56.733856,11.034439,2,0,4,0.0000,0.0000,0.0000,0.5000,"LeadPursuit",-2.024135
326,B0100,defensive,HABFM,16186.162435,8.530472,121.071990,129.556099,-8.440131,13605.076691,262.724133,16660.785690,26.409352,-8802.349296,600.580968,5.206564,False,False,True,False,False,True,False,2-circle,-1.000000,109.408985,100.000000,97.749699,2.250301,0.000000,40.471949,-56.733856,11.034439,2,2,3,0.0000,0.0000,0.0000,0.5000,"Pursue",2.902633
327,A0100,adaptive_eagle_v6h_e1c,HABFM,15980.914781,6.992885,122.589818,129.289266,-6.612640,13607.730351,262.817435,16665.610092,24.122013,-8835.122337,614.552996,6.746661,False,False,True,False,False,True,False,2-circle,-1.000000,99.454278,100.000000,97.749699,2.250301,0.000000,35.119194,-63.156933,11.370244,2,0,4,0.0000,0.0000,0.0000,0.5000,"LeadPursuit",-2.556463
327,B0100,defensive,HABFM,15980.914781,6.992885,122.589818,129.289266,-6.612640,13607.730351,262.817435,16665.610092,24.122013,-8835.122337,614.552996,6.746661,False,False,True,False,False,True,False,2-circle,-1.000000,99.454278,100.000000,97.749699,2.250301,0.000000,35.119194,-63.156933,11.370244,2,2,3,0.0000,0.0000,0.0000,0.5000,"Pursue",3.697499
328,A0100,adaptive_eagle_v6h_e1c,HABFM,15770.851107,5.475869,124.240650,128.908681,-4.562313,13612.142768,262.820676,16670.097926,22.439170,-8858.301664,628.894441,9.159460,False,False,True,False,False,True,False,2-circle,-1.000000,87.204034,100.000000,97.749699,2.250301,0.000000,30.138640,-69.557628,11.232802,2,0,4,0.0000,0.0000,0.0000,0.5000,"LeadPursuit",-2.968227
328,B0100,defensive,HABFM,15770.851107,5.475869,124.240650,128.908681,-4.562313,13612.142768,262.820676,16670.097926,22.439170,-8858.301664,628.894441,9.159460,False,False,True,False,False,True,False,2-circle,-1.000000,87.204034,100.000000,97.749699,2.250301,0.000000,30.138640,-69.557628,11.232802,2,2,3,0.0000,0.0000,0.0000,0.5000,"Pursue",4.124614
329,A0100,adaptive_eagle_v6h_e1c,HABFM,15556.024047,4.175005,125.907010,128.317457,-2.318861,13617.764911,262.861067,16676.660057,32.810656,-8867.561584,642.692267,13.904510,False,False,True,False,False,True,False,2-circle,-1.000000,74.168061,100.000000,97.749699,2.250301,0.000000,25.890547,-76.207730,10.697552,2,0,4,0.0000,0.0000,0.0000,0.5000,"LeadPursuit",-1.685947
329,B0100,defensive,HABFM,15556.024047,4.175005,125.907010,128.317457,-2.318861,13617.764911,262.861067,16676.660057,32.810656,-8867.561584,642.692267,13.904510,False,False,True,False,False,True,False,2-circle,-1.000000,74.168061,100.000000,97.749699,2.250301,0.000000,25.890547,-76.207730,10.697552,2,2,3,0.0000,0.0000,0.0000,0.5000,"Pursue",2.075843
330,A0100,adaptive_eagle_v6h_e1c,HABFM,15336.803793,3.530726,127.831008,127.840014,0.034302,13623.932358,261.360992,16648.014599,-143.227293,-8889.774416,655.507470,28.944157,False,False,True,False,False,True,False,2-circle,1.000000,62.123949,100.000000,97.749699,2.250301,0.000000,24.747827,-83.237618,9.829568,2,0,4,0.0000,0.0000,0.0000,0.5000,"LeadPursuit",2.314414
330,B0100,defensive,HABFM,15336.803793,3.530726,127.831008,127.840014,0.034302,13623.932358,261.360992,16648.014599,-143.227293,-8889.774416,655.507470,28.944157,False,False,True,False,False,True,False,2-circle,1.000000,62.123949,100.000000,97.749699,2.250301,0.000000,24.747827,-83.237618,9.829568,2,2,3,0.0000,0.0000,0.0000,0.5000,"Pursue",-3.336366
331,A0100,adaptive_eagle_v6h_e1c,HABFM,15112.831427,4.066428,130.412061,127.936776,2.486920,13629.892181,259.584402,16613.002015,-175.062916,-8855.664029,671.116230,197.922830,False,False,True,False,False,True,False,2-circle,1.000000,52.344738,100.000000,97.749699,2.250301,0.000000,46.896384,-90.538137,8.635661,2,0,4,0.0000,0.0000,0.0000,0.5000,"LeadPursuit",3.351848
331,B0100,defensive,HABFM,15112.831427,4.066428,130.412061,127.936776,2.486920,13629.892181,259.584402,16613.002015,-175.062916,-8855.664029,671.116230,197.922830,False,False,True,False,False,True,False,2-circle,1.000000,52.344738,100.000000,97.749699,2.250301,0.000000,46.896384,-90.538137,8.635661,2,2,3,0.0000,0.0000,0.0000,0.5000,"Pursue",-4.985011
332,A0100,adaptive_eagle_v6h_e1c,HABFM,14883.750822,5.279888,132.724834,128.155425,4.606387,13634.952383,258.268094,16587.885250,-125.583829,-8848.086247,684.777469,198.893770,False,False,True,False,False,True,False,2-circle,1.000000,43.735260,100.000000,97.749699,2.250301,0.000000,149.181254,-93.030587,7.317511,2,0,4,0.0000,0.0000,0.0000,0.5000,"LeadPursuit",2.292039
332,B0100,defensive,HABFM,14883.750822,5.279888,132.724834,128.155425,4.606387,13634.952383,258.268094,16587.885250,-125.583829,-8848.086247,684.777469,198.893770,False,False,True,False,False,True,False,2-circle,1.000000,43.735260,100.000000,97.749699,2.250301,0.000000,149.181254,-93.030587,7.317511,2,2,3,0.0000,0.0000,0.0000,0.5000,"Pursue",-3.524770
333,A0100,adaptive_eagle_v6h_e1c,HABFM,14650.588199,6.377302,134.454125,128.454495,6.052314,13638.901686,257.736861,16579.699237,-40.930064,-8883.747035,695.669315,61.560364,False,False,True,False,False,True,False,2-circle,1.000000,35.160698,100.000000,97.749699,2.250301,0.000000,173.468655,-86.765918,6.280389,2,0,4,0.0000,0.0000,0.0000,0.5000,"LeadPursuit",2.059375
333,B0100,defensive,HABFM,14650.588199,6.377302,134.454125,128.454495,6.052314,13638.901686,257.736861,16579.699237,-40.930064,-8883.747035,695.669315,61.560364,False,False,True,False,False,True,False,2-circle,1.000000,35.160698,100.000000,97.749699,2.250301,0.000000,173.468655,-86.765918,6.280389,2,2,3,0.0000,0.0000,0.0000,0.5000,"Pursue",-3.177862
334,A0100,adaptive_eagle_v6h_e1c,HABFM,14413.926787,7.582677,136.130058,128.774408,7.408178,13641.998579,257.259494,16571.912626,-38.933054,-8925.751715,705.859273,16.342369,False,False,True,False,False,True,False,2-circle,1.000000,26.751142,100.000000,97.749699,2.250301,0.000000,-172.779116,-77.963225,5.785179,2,0,4,0.0000,0.0000,0.0000,0.5000,"LeadPursuit",2.486257
334,B0100,defensive,HABFM,14413.926787,7.582677,136.130058,128.774408,7.408178,13641.998579,257.259494,16571.912626,-38.933054,-8925.751715,705.859273,16.342369,False,False,True,False,False,True,False,2-circle,1.000000,26.751142,100.000000,97.749699,2.250301,0.000000,-172.779116,-77.963225,5.785179,2,2,3,0.0000,0.0000,0.0000,0.5000,"Pursue",-3.762270
335,A0100,adaptive_eagle_v6h_e1c,HABFM,14173.972839,9.397020,137.919147,128.699221,9.264501,13644.715644,256.174441,16549.966606,-109.730097,-8972.072253,714.844046,11.226375,False,False,True,False,False,True,False,2-circle,1.000000,18.857438,100.000000,97.749699,2.250301,0.000000,-165.248277,-72.689276,5.847089,2,0,4,0.0000,0.0000,0.0000,0.5000,"LeadPursuit",2.917701
335,B0100,defensive,HABFM,14173.972839,9.397020,137.919147,128.699221,9.264501,13644.715644,256.174441,16549.966606,-109.730097,-8972.072253,714.844046,11.226375,False,False,True,False,False,True,False,2-circle,1.000000,18.857438,100.000000,97.749699,2.250301,0.000000,-165.248277,-72.689276,5.847089,2,2,3,0.0000,0.0000,0.0000,0.5000,"Pursue",-4.227392
336,A0100,adaptive_eagle_v6h_e1c,HABFM,13931.279934,12.035466,140.030114,128.155754,11.898307,13647.699783,254.247302,16509.404132,-202.812371,-9004.686954,722.606764,13.163400,False,False,True,False,False,True,False,2-circle,1.000000,11.847656,100.000000,97.749699,2.250301,0.000000,-166.325399,-75.009797,6.119391,2,1,4,0.0000,0.0000,0.0000,0.5000,"LeadPursuit",2.661365
336,B0100,defensive,HABFM,13931.279934,12.035466,140.030114,128.155754,11.898307,13647.699783,254.247302,16509.404132,-202.812371,-9004.686954,722.606764,13.163400,False,False,True,False,False,True,False,2-circle,1.000000,11.847656,100.000000,97.749699,2.250301,0.000000,-166.325399,-75.009797,6.119391,2,2,3,0.0000,0.0000,0.0000,0.5000,"Pursue",-3.616057
337,A0100,adaptive_eagle_v6h_e1c,HABFM,13686.068262,14.895274,142.258102,127.489411,14.774815,13651.081602,252.185922,16466.569968,-214.170823,-9034.819282,729.304457,24.077228,False,False,True,False,False,True,False,2-circle,1.000000,5.902636,100.000000,97.749699,2.250301,0.000000,-172.172408,-81.606292,6.230888,2,1,4,0.0000,0.0000,0.0000,0.5000,"LeadPursuit",2.255866
337,B0100,defensive,HABFM,13686.068262,14.895274,142.258102,127.489411,14.774815,13651.081602,252.185922,16466.569968,-214.170823,-9034.819282,729.304457,24.077228,False,False,True,False,False,True,False,2-circle,1.000000,5.902636,100.000000,97.749699,2.250301,0.000000,-172.172408,-81.606292,6.230888,2,2,3,0.0000,0.0000,0.0000,0.5000,"Pursue",-2.855033
338,A0100,adaptive_eagle_v6h_e1c,HABFM,13438.950866,17.673135,144.299055,126.687034,17.601673,13654.296210,250.350253,16428.945693,-188.121375,-9080.057085,734.386279,204.985300,False,False,True,False,False,True,False,2-circle,1.000000,1.376851,100.000000,97.749699,2.250301,0.000000,-179.726623,-89.608362,5.898360,2,1,4,0.0000,0.0000,0.0000,0.5000,"LeadPursuit",1.915710
338,B0100,defensive,HABFM,13438.950866,17.673135,144.299055,126.687034,17.601673,13654.296210,250.350253,16428.945693,-188.121375,-9080.057085,734.386279,204.985300,False,False,True,False,False,True,False,2-circle,1.000000,1.376851,100.000000,97.749699,2.250301,0.000000,-179.726623,-89.608362,5.898360,2,2,3,0.0000,0.0000,0.0000,0.5000,"Pursue",-2.308627
339,A0100,adaptive_eagle_v6h_e1c,HABFM,13190.007116,19.993398,146.710083,126.721840,19.970400,13656.633309,249.119662,16404.072378,-124.366575,-9050.988877,740.833215,205.969149,False,False,True,False,False,False,False,2-circle,1.000000,-0.044102,100.000000,97.749699,2.250301,0.000000,177.015583,-92.987903,5.165161,2,1,4,0.0000,0.0000,0.0000,0.5000,"LeadPursuit",1.747664
339,B0100,defensive,HABFM,13190.007116,19.993398,146.710083,126.721840,19.970400,13656.633309,249.119662,16404.072378,-124.366575,-9050.988877,740.833215,205.969149,False,False,True,False,False,False,False,2-circle,1.000000,-0.044102,100.000000,97.749699,2.250301,0.000000,177.015583,-92.987903,5.165161,2,2,3,0.0000,0.0000,0.0000,0.5000,"Pursue",-2.052008
340,A0100,adaptive_eagle_v6h_e1c,HABFM,12938.318824,21.625933,149.862247,128.242000,21.622337,13657.841833,248.708701,16396.223747,-39.243152,-8924.872521,750.602174,78.623777,False,False,True,False,False,True,False,2-circle,1.000000,2.436701,100.000000,97.749699,2.250301,0.000000,-177.558928,-87.377696,4.375568,2,1,4,0.0000,0.0000,0.0000,0.5000,"LeadPursuit",1.753815
340,B0100,defensive,HABFM,12938.318824,21.625933,149.862247,128.242000,21.622337,13657.841833,248.708701,16396.223747,-39.243152,-8924.872521,750.602174,78.623777,False,False,True,False,False,True,False,2-circle,1.000000,2.436701,100.000000,97.749699,2.250301,0.000000,-177.558928,-87.377696,4.375568,2,2,3,0.0000,0.0000,0.0000,0.5000,"Pursue",-1.943668
341,A0100,adaptive_eagle_v6h_e1c,HABFM,12683.362190,23.146925,152.868253,129.735381,23.146927,13658.126550,248.444199,16390.687000,-27.683738,-8833.274164,759.087633,18.307475,False,False,True,False,False,True,False,2-circle,1.000000,6.587634,100.000000,97.749699,2.250301,0.000000,-169.331326,-78.861103,3.936640,2,1,4,0.0000,0.0000,0.0000,0.5000,"LeadPursuit",1.917106
341,B0100,defensive,HABFM,12683.362190,23.146925,152.868253,129.735381,23.146927,13658.126550,248.444199,16390.687000,-27.683738,-8833.274164,759.087633,18.307475,False,False,True,False,False,True,False,2-circle,1.000000,6.587634,100.000000,97.749699,2.250301,0.000000,-169.331326,-78.861103,3.936640,2,2,3,0.0000,0.0000,0.0000,0.5000,"Pursue",-1.970365
342,A0100,adaptive_eagle_v6h_e1c,HABFM,12426.228824,25.215312,155.333316,130.129210,25.215158,13657.903882,247.596391,16371.846618,-94.201910,-8834.472928,763.413298,12.229187,False,False,True,False,False,True,False,2-circle,1.000000,10.328075,100.000000,97.749699,2.250301,0.000000,-164.243025,-73.524388,3.973644,2,2,4,0.0000,0.0000,0.0000,0.5000,"LeadPursuit",2.321578
342,B0100,defensive,HABFM,12426.228824,25.215312,155.333316,130.129210,25.215158,13657.903882,247.596391,16371.846618,-94.201910,-8834.472928,763.413298,12.229187,False,False,True,False,False,True,False,2-circle,1.000000,10.328075,100.000000,97.749699,2.250301,0.000000,-164.243025,-73.524388,3.973644,2,2,3,0.0000,0.0000,0.0000,0.5000,"Pursue",-2.217231
343,A0100,adaptive_eagle_v6h_e1c,HABFM,12168.359728,28.084505,157.755089,129.677964,28.084373,13657.774907,245.938000,16335.483621,-181.814986,-8871.593329,763.712513,13.999678,False,False,True,False,False,True,False,2-circle,1.000000,13.356817,100.000000,97.749699,2.250301,0.000000,-166.341769,-75.422867,4.210658,2,2,4,0.0000,0.0000,0.0000,0.5000,"LeadPursuit",2.623554
343,B0100,defensive,HABFM,12168.359728,28.084505,157.755089,129.677964,28.084373,13657.774907,245.938000,16335.483621,-181.814986,-8871.593329,763.712513,13.999678,False,False,True,False,False,True,False,2-circle,1.000000,13.356817,100.000000,97.749699,2.250301,0.000000,-166.341769,-75.422867,4.210658,2,2,3,0.0000,0.0000,0.0000,0.5000,"Pursue",-2.335240
344,A0100,adaptive_eagle_v6h_e1c,HABFM,11910.836547,31.232258,160.340397,129.123255,31.231922,13657.902725,244.120713,16296.185348,-196.491362,-8894.581441,761.780330,24.574355,False,False,True,False,False,True,False,2-circle,1.000000,16.408732,100.000000,97.749699,2.250301,0.000000,-172.645257,-81.512423,4.313913,2,2,4,0.0000,0.0000,0.0000,0.5000,"LeadPursuit",2.916693
344,B0100,defensive,HABFM,11910.836547,31.232258,160.340397,129.123255,31.231922,13657.902725,244.120713,16296.185348,-196.491362,-8894.581441,761.780330,24.574355,False,False,True,False,False,True,False,2-circle,1.000000,16.408732,100.000000,97.749699,2.250301,0.000000,-172.645257,-81.512423,4.313913,2,2,3,0.0000,0.0000,0.0000,0.5000,"Pursue",-2.435312
345,A0100,adaptive_eagle_v6h_e1c,HABFM,11654.040040,33.956291,163.246320,129.348392,33.956174,13657.782242,242.895862,16269.656655,-132.643467,-8858.382551,760.061202,40.265519,False,False,True,False,False,True,False,2-circle,1.000000,21.032980,100.000000,97.749699,2.250301,0.000000,-176.250091,-84.770521,4.195944,2,3,4,0.0000,0.0000,0.0000,0.5000,"LeadPursuit",3.850225
345,B0100,defensive,HABFM,11654.040040,33.956291,163.246320,129.348392,33.956174,13657.782242,242.895862,16269.656655,-132.643467,-8858.382551,760.061202,40.265519,False,False,True,False,False,True,False,2-circle,1.000000,21.032980,100.000000,97.749699,2.250301,0.000000,-176.250091,-84.770521,4.195944,2,2,3,0.0000,0.0000,0.0000,0.5000,"Pursue",-2.992809
346,A0100,adaptive_eagle_v6h_e1c,HABFM,11397.557182,35.950482,166.855114,131.016487,35.948256,13657.032090,242.496462,16260.324021,-46.663171,-8735.939893,759.851962,20.694323,False,False,True,False,False,True,False,2-circle,1.000000,27.747593,100.000000,97.749699,2.250301,0.000000,-171.909426,-79.886294,4.040811,2,3,4,0.0000,0.0000,0.0000,0.5000,"LeadPursuit",4.872667
346,B0100,defensive,HABFM,11397.557182,35.950482,166.855114,131.016487,35.948256,13657.032090,242.496462,16260.324021,-46.663171,-8735.939893,759.851962,20.694323,False,False,True,False,False,True,False,2-circle,1.000000,27.747593,100.000000,97.749699,2.250301,0.000000,-171.909426,-79.886294,4.040811,2,2,3,0.0000,0.0000,0.0000,0.5000,"Pursue",-3.468815
347,A0100,adaptive_eagle_v6h_e1c,HABFM,11141.387664,38.110475,170.212091,132.169392,38.107075,13655.757710,241.960788,16247.561018,-63.815015,-8667.076820,757.194551,13.785234,False,False,True,False,False,True,False,2-circle,1.000000,34.225488,100.000000,97.749699,2.250301,0.000000,-167.614417,-74.978035,4.004675,2,4,4,0.0000,0.0000,0.0000,0.5000,"LeadPursuit",5.973177
347,B0100,defensive,HABFM,11141.387664,38.110475,170.212091,132.169392,38.107075,13655.757710,241.960788,16247.561018,-63.815015,-8667.076820,757.194551,13.785234,False,False,True,False,False,True,False,2-circle,1.000000,34.225488,100.000000,97.749699,2.250301,0.000000,-167.614417,-74.978035,4.004675,2,2,3,0.0000,0.0000,0.0000,0.5000,"Pursue",-3.984957
348,A0100,adaptive_eagle_v6h_e1c,HABFM,10886.985394,41.127641,173.025524,131.913510,41.126020,13654.431836,240.597625,16217.113900,-152.235587,-8694.384911,749.629727,14.693391,False,False,True,False,False,True,False,2-circle,1.000000,38.575122,100.000000,97.749699,2.250301,0.000000,-168.995599,-75.792586,4.070431,2,4,4,0.0000,0.0000,0.0000,0.5000,"LeadPursuit",6.836223
348,B0100,defensive,HABFM,10886.985394,41.127641,173.025524,131.913510,41.126020,13654.431836,240.597625,16217.113900,-152.235587,-8694.384911,749.629727,14.693391,False,False,True,False,False,True,False,2-circle,1.000000,38.575122,100.000000,97.749699,2.250301,0.000000,-168.995599,-75.792586,4.070431,2,2,3,0.0000,0.0000,0.0000,0.5000,"Pursue",-4.494190
349,A0100,adaptive_eagle_v6h_e1c,HABFM,10635.586727,44.415202,175.321190,130.908379,44.414308,13653.254378,239.076664,16183.638380,-167.377600,-8782.135422,739.964944,22.074095,False,False,True,False,False,True,False,2-circle,1.000000,41.265951,100.000000,97.749699,2.250301,0.000000,-174.153883,-80.375440,4.059696,2,4,4,0.0000,0.0000,0.0000,0.5000,"LeadPursuit",7.029661
349,B0100,defensive,HABFM,10635.586727,44.415202,175.321190,130.908379,44.414308,13653.254378,239.076664,16183.638380,-167.377600,-8782.135422,739.964944,22.074095,False,False,True,False,False,True,False,2-circle,1.000000,41.265951,100.000000,97.749699,2.250301,0.000000,-174.153883,-80.375440,4.059696,2,2,3,0.0000,0.0000,0.0000,0.5000,"Pursue",-4.946498
350,A0100,adaptive_eagle_v6h_e1c,DBFM,10387.478221,47.417792,177.093882,129.683784,47.415531,13651.867116,237.981153,16159.114496,-122.619420,-8885.932681,730.713822,28.500649,False,False,True,False,False,True,False,2-circle,1.000000,43.912533,100.000000,97.749699,2.250301,0.000000,-177.032308,-82.484036,3.930729,2,4,4,0.0000,0.0000,0.0000,0.5000,"LeadPursuit",5.698403
350,B0100,defensive,DBFM,10387.478221,47.417792,177.093882,129.683784,47.415531,13651.867116,237.981153,16159.114496,-122.619420,-8885.932681,730.713822,28.500649,False,False,True,False,False,True,False,2-circle,1.000000,43.912533,100.000000,97.749699,2.250301,0.000000,-177.032308,-82.484036,3.930729,2,2,3,0.0000,0.0000,0.0000,0.5000,"Pursue",-4.722792
351,A0100,adaptive_eagle_v6h_e1c,DBFM,10142.011680,49.714677,178.287984,128.609716,49.710122,13649.975449,237.639955,16150.038614,-45.379409,-9002.674204,724.474906,16.639921,False,False,True,False,False,True,False,2-circle,1.000000,47.585975,100.000000,97.749699,2.250301,0.000000,-172.990572,-77.248583,3.849500,2,4,4,0.0000,0.0000,0.0000,0.5000,"LeadPursuit",4.064990
351,B0100,defensive,DBFM,10142.011680,49.714677,178.287984,128.609716,49.710122,13649.975449,237.639955,16150.038614,-45.379409,-9002.674204,724.474906,16.639921,False,False,True,False,False,True,False,2-circle,1.000000,47.585975,100.000000,97.749699,2.250301,0.000000,-172.990572,-77.248583,3.849500,2,2,3,0.0000,0.0000,0.0000,0.5000,"Pursue",-4.087377
352,A0100,adaptive_eagle_v6h_e1c,DBFM,9898.612264,52.126056,179.034616,126.954953,52.121785,13647.672352,237.170700,16137.871787,-60.834139,-9131.855440,717.306571,11.804816,False,False,True,False,False,True,False,2-circle,1.000000,51.998470,100.000000,97.749699,2.250301,0.000000,-169.853272,-72.274885,3.924461,2,4,4,0.0000,0.0000,0.0000,0.5000,"LeadPursuit",4.390210
352,B0100,defensive,DBFM,9898.612264,52.126056,179.034616,126.954953,52.121785,13647.672352,237.170700,16137.871787,-60.834139,-9131.855440,717.306571,11.804816,False,False,True,False,False,True,False,2-circle,1.000000,51.998470,100.000000,97.749699,2.250301,0.000000,-169.853272,-72.274885,3.924461,2,2,3,0.0000,0.0000,0.0000,0.5000,"Pursue",-5.902171
353,A0100,adaptive_eagle_v6h_e1c,DBFM,9658.308766,55.260204,179.637546,124.379144,55.259216,13645.461615,235.975796,16110.632203,-136.197916,-9295.234513,706.515502,12.382266,False,False,True,False,False,True,False,2-circle,1.000000,55.853152,100.000000,97.749699,2.250301,0.000000,-173.327980,-72.973236,4.102428,2,4,3,0.0000,0.0000,0.0000,0.5000,"LeadPursuit",2.126963
353,B0100,defensive,DBFM,9658.308766,55.260204,179.637546,124.379144,55.259216,13645.461615,235.975796,16110.632203,-136.197916,-9295.234513,706.515502,12.382266,False,False,True,False,False,True,False,2-circle,1.000000,55.853152,100.000000,97.749699,2.250301,0.000000,-173.327980,-72.973236,4.102428,2,2,3,0.0000,0.0000,0.0000,0.5000,"Pursue",-3.236334
354,A0100,adaptive_eagle_v6h_e1c,DBFM,9421.974695,58.569419,179.714401,121.612730,58.570265,13643.533231,234.682622,16081.759023,-144.365902,-9433.086761,693.868844,17.089183,False,False,True,False,False,True,False,2-circle,1.000000,58.523876,100.000000,97.749699,2.250301,0.000000,177.555960,-77.423356,4.213480,2,4,3,0.0000,0.0000,0.0000,0.5000,"LeadPursuit",-2.670006
354,B0100,defensive,DBFM,9421.974695,58.569419,179.714401,121.612730,58.570265,13643.533231,234.682622,16081.759023,-144.365902,-9433.086761,693.868844,17.089183,False,False,True,False,False,True,False,2-circle,1.000000,58.523876,100.000000,97.749699,2.250301,0.000000,177.555960,-77.423356,4.213480,2,2,3,0.0000,0.0000,0.0000,0.5000,"Pursue",6.146757
355,A0100,adaptive_eagle_v6h_e1c,DBFM,9190.190542,61.848358,179.323752,118.827848,61.849847,13641.584772,233.543678,16056.201965,-127.785291,-9501.959835,679.732853,33.442128,False,False,True,False,False,True,False,2-circle,1.000000,61.463642,100.000000,97.749699,2.250301,0.000000,160.982437,-83.465032,4.046999,2,4,3,0.0000,0.0000,0.0000,0.5000,"LeadPursuit",-1.992097
355,B0100,defensive,DBFM,9190.190542,61.848358,179.323752,118.827848,61.849847,13641.584772,233.543678,16056.201965,-127.785291,-9501.959835,679.732853,33.442128,False,False,True,False,False,True,False,2-circle,1.000000,61.463642,100.000000,97.749699,2.250301,0.000000,160.982437,-83.465032,4.046999,2,2,3,0.0000,0.0000,0.0000,0.5000,"Pursue",3.183931
356,A0100,adaptive_eagle_v6h_e1c,DBFM,8963.058567,64.905277,178.759255,116.334265,64.906704,13639.160997,232.737944,16037.145905,-95.280300,-9592.429568,667.078786,51.141837,False,False,True,False,False,True,False,2-circle,1.000000,65.514122,100.000000,97.749699,2.250301,0.000000,123.996927,-85.701441,3.632898,2,4,3,0.0000,0.0000,0.0000,0.5000,"LeadPursuit",-2.792835
356,B0100,defensive,DBFM,8963.058567,64.905277,178.759255,116.334265,64.906704,13639.160997,232.737944,16037.145905,-95.280300,-9592.429568,667.078786,51.141837,False,False,True,False,False,True,False,2-circle,1.000000,65.514122,100.000000,97.749699,2.250301,0.000000,123.996927,-85.701441,3.632898,2,2,3,0.0000,0.0000,0.0000,0.5000,"Pursue",3.210655
357,A0100,adaptive_eagle_v6h_e1c,DBFM,8739.794008,67.417715,178.168836,114.411355,67.419425,13636.037667,232.501232,16029.147199,-39.993527,-9652.967649,656.611780,22.054527,False,False,True,False,False,True,False,2-circle,1.000000,70.298548,100.000000,97.749699,2.250301,0.000000,61.776339,-80.102590,3.235721,2,4,3,0.0000,0.0000,0.0000,0.5000,"LeadPursuit",-2.267377
357,B0100,defensive,DBFM,8739.794008,67.417715,178.168836,114.411355,67.419425,13636.037667,232.501232,16029.147199,-39.993527,-9652.967649,656.611780,22.054527,False,False,True,False,False,True,False,2-circle,1.000000,70.298548,100.000000,97.749699,2.250301,0.000000,61.776339,-80.102590,3.235721,2,2,3,0.0000,0.0000,0.0000,0.5000,"Pursue",2.262583
358,A0100,adaptive_eagle_v6h_e1c,DBFM,8520.048751,70.054048,177.539251,112.405660,70.058505,13632.356732,232.136536,16017.964586,-55.913068,-9729.365624,645.525594,13.784385,False,False,True,False,False,True,False,2-circle,1.000000,76.413973,100.000000,97.749699,2.250301,0.000000,42.808454,-74.378476,3.031520,2,4,3,0.0000,0.0000,0.0000,0.5000,"LeadPursuit",-1.981104
358,B0100,defensive,DBFM,8520.048751,70.054048,177.539251,112.405660,70.058505,13632.356732,232.136536,16017.964586,-55.913068,-9729.365624,645.525594,13.784385,False,False,True,False,False,True,False,2-circle,1.000000,76.413973,100.000000,97.749699,2.250301,0.000000,42.808454,-74.378476,3.031520,2,2,3,0.0000,0.0000,0.0000,0.5000,"Pursue",1.864826
359,A0100,adaptive_eagle_v6h_e1c,DBFM,8304.570865,73.250218,176.881225,109.867810,73.259452,13628.553989,231.233308,15995.633483,-111.655516,-9830.204258,631.532242,13.517190,False,False,True,False,False,True,False,2-circle,1.000000,82.728125,100.000000,97.749699,2.250301,0.000000,34.743399,-74.026404,3.020186,2,4,3,0.0000,0.0000,0.0000,0.5000,"LeadPursuit",-1.694078
359,B0100,defensive,DBFM,8304.570865,73.250218,176.881225,109.867810,73.259452,13628.553989,231.233308,15995.633483,-111.655516,-9830.204258,631.532242,13.517190,False,False,True,False,False,True,False,2-circle,1.000000,82.728125,100.000000,97.749699,2.250301,0.000000,34.743399,-74.026404,3.020186,2,2,3,0.0000,0.0000,0.0000,0.5000,"Pursue",1.545372
360,A0100,adaptive_eagle_v6h_e1c,DBFM,8094.062856,76.614771,176.200549,107.184636,76.628965,13624.809587,230.229652,15971.385295,-121.240937,-9935.590784,616.514600,17.564244,False,False,True,False,False,True,False,2-circle,1.000000,89.184819,100.000000,97.749699,2.250301,0.000000,27.215124,-77.524471,3.040349,2,4,3,0.0000,0.0000,0.0000,0.5000,"LeadPursuit",-1.548329
360,B0100,defensive,DBFM,8094.062856,76.614771,176.200549,107.184636,76.628965,13624.809587,230.229652,15971.385295,-121.240937,-9935.590784,616.514600,17.564244,False,False,True,False,False,True,False,2-circle,1.000000,89.184819,100.000000,97.749699,2.250301,0.000000,27.215124,-77.524471,3.040349,2,2,3,0.0000,0.0000,0.0000,0.5000,"Pursue",1.377692
361,A0100,adaptive_eagle_v6h_e1c,DBFM,7888.645713,79.959448,175.484282,104.555863,79.979765,13620.922724,229.351623,15949.634249,-108.755232,-10037.128520,601.426172,31.036435,False,False,True,False,False,True,False,2-circle,1.000000,95.895889,100.000000,97.749699,2.250301,0.000000,19.589134,-82.836251,2.859497,2,4,3,0.0000,0.0000,0.0000,0.5000,"LeadPursuit",-1.452168
361,B0100,defensive,DBFM,7888.645713,79.959448,175.484282,104.555863,79.979765,13620.922724,229.351623,15949.634249,-108.755232,-10037.128520,601.426172,31.036435,False,False,True,False,False,True,False,2-circle,1.000000,95.895889,100.000000,97.749699,2.250301,0.000000,19.589134,-82.836251,2.859497,2,2,3,0.0000,0.0000,0.0000,0.5000,"Pursue",1.262371
362,A0100,adaptive_eagle_v6h_e1c,DBFM,7688.242299,83.094549,174.730512,102.171912,83.124129,13616.532045,228.778626,15933.622320,-80.059645,-10129.203617,587.227466,41.634171,False,False,True,False,False,True,False,2-circle,1.000000,103.203878,100.000000,97.749699,2.250301,0.000000,16.345513,-84.633923,2.485900,2,4,3,0.0000,0.0000,0.0000,0.5000,"LeadPursuit",-1.393801
362,B0100,defensive,DBFM,7688.242299,83.094549,174.730512,102.171912,83.124129,13616.532045,228.778626,15933.622320,-80.059645,-10129.203617,587.227466,41.634171,False,False,True,False,False,True,False,2-circle,1.000000,103.203878,100.000000,97.749699,2.250301,0.000000,16.345513,-84.633923,2.485900,2,2,3,0.0000,0.0000,0.0000,0.5000,"Pursue",1.180862
363,A0100,adaptive_eagle_v6h_e1c,DBFM,7492.376288,85.885363,173.936824,100.169442,85.926948,13611.462671,228.577047,15924.471516,-45.754021,-10209.607979,574.562027,20.019939,False,False,True,False,False,True,False,2-circle,1.000000,111.275216,100.000000,97.749699,2.250301,0.000000,21.095606,-78.936793,2.153501,2,4,3,0.0000,0.0000,0.0000,0.5000,"LeadPursuit",-1.285930
363,B0100,defensive,DBFM,7492.376288,85.885363,173.936824,100.169442,85.926948,13611.462671,228.577047,15924.471516,-45.754021,-10209.607979,574.562027,20.019939,False,False,True,False,False,True,False,2-circle,1.000000,111.275216,100.000000,97.749699,2.250301,0.000000,21.095606,-78.936793,2.153501,2,2,3,0.0000,0.0000,0.0000,0.5000,"Pursue",1.103983
364,A0100,adaptive_eagle_v6h_e1c,DBFM,7300.716345,88.599452,173.100549,98.284455,88.654339,13605.865222,228.445757,15916.217733,-41.268913,-10287.281930,562.082093,11.183329,False,False,True,False,False,True,False,2-circle,1.000000,119.956860,100.000000,97.749699,2.250301,0.000000,28.681900,-70.697249,2.110081,2,4,3,0.0000,0.0000,0.0000,0.5000,"LeadPursuit",-1.473303
364,B0100,defensive,DBFM,7300.716345,88.599452,173.100549,98.284455,88.654339,13605.865222,228.445757,15916.217733,-41.268913,-10287.281930,562.082093,11.183329,False,False,True,False,False,True,False,2-circle,1.000000,119.956860,100.000000,97.749699,2.250301,0.000000,28.681900,-70.697249,2.110081,2,2,3,0.0000,0.0000,0.0000,0.5000,"Pursue",1.026417
365,A0100,adaptive_eagle_v6h_e1c,DBFM,7113.478039,91.554416,172.219744,96.203836,91.620039,13600.118076,228.043033,15902.331991,-69.428711,-10372.543429,548.249650,8.539419,False,False,False,False,False,True,False,2-circle,1.000000,128.871194,100.000000,97.749699,2.250301,0.000000,33.573429,-65.319991,2.439345,2,4,3,0.0000,0.0000,0.0000,0.5000,"LeadPursuit",-1.630200
365,B0100,defensive,DBFM,7113.478039,91.554416,172.219744,96.203836,91.620039,13600.118076,228.043033,15902.331991,-69.428711,-10372.543429,548.249650,8.539419,False,False,False,False,False,True,False,2-circle,1.000000,128.871194,100.000000,97.749699,2.250301,0.000000,33.573429,-65.319991,2.439345,2,2,3,0.0000,0.0000,0.0000,0.5000,"Pursue",0.953635
366,A0100,adaptive_eagle_v6h_e1c,DBFM,6931.257525,94.898908,171.293838,93.780822,94.970306,13594.695652,227.255573,15881.037389,-106.473007,-10469.002223,532.430181,9.075443,False,False,False,False,False,True,False,2-circle,1.000000,137.546246,100.000000,97.749699,2.250301,0.000000,31.951547,-66.544359,2.946387,2,4,3,0.0000,0.0000,0.0000,0.5000,"LeadPursuit",-1.519333
366,B0100,defensive,DBFM,6931.257525,94.898908,171.293838,93.780822,94.970306,13594.695652,227.255573,15881.037389,-106.473007,-10469.002223,532.430181,9.075443,False,False,False,False,False,True,False,2-circle,1.000000,137.546246,100.000000,97.749699,2.250301,0.000000,31.951547,-66.544359,2.946387,2,2,3,0.0000,0.0000,0.0000,0.5000,"Pursue",0.898133
367,A0100,adaptive_eagle_v6h_e1c,DBFM,6754.589748,98.435498,170.323151,91.210169,98.512155,13589.772679,226.355343,15858.036464,-115.004626,-10568.638580,515.666534,12.016611,False,False,False,False,False,True,False,2-circle,1.000000,145.810710,100.000000,97.749699,2.250301,0.000000,26.364914,-71.788896,3.370476,2,4,3,0.0000,0.0000,0.0000,0.5000,"LeadPursuit",-1.415807
367,B0100,defensive,DBFM,6754.589748,98.435498,170.323151,91.210169,98.512155,13589.772679,226.355343,15858.036464,-115.004626,-10568.638580,515.666534,12.016611,False,False,False,False,False,True,False,2-circle,1.000000,145.810710,100.000000,97.749699,2.250301,0.000000,26.364914,-71.788896,3.370476,2,2,3,0.0000,0.0000,0.0000,0.5000,"Pursue",0.856150
368,A0100,adaptive_eagle_v6h_e1c,DBFM,6583.615996,102.005609,169.307546,88.647399,102.093847,13585.088504,225.545375,15837.148268,-104.440980,-10665.174481,498.746316,19.226798,False,False,False,False,False,True,False,1-circle,1.000000,153.929330,100.000000,97.749699,2.250301,0.000000,19.527047,-78.340032,3.460777,2,4,3,0.0000,0.0000,0.0000,0.5000,"LeadPursuit",-1.320156
368,B0100,defensive,DBFM,6583.615996,102.005609,169.307546,88.647399,102.093847,13585.088504,225.545375,15837.148268,-104.440980,-10665.174481,498.746316,19.226798,False,False,False,False,False,True,False,1-circle,1.000000,153.929330,100.000000,97.749699,2.250301,0.000000,19.527047,-78.340032,3.460777,2,2,3,0.0000,0.0000,0.0000,0.5000,"Pursue",0.827013
369,A0100,adaptive_eagle_v6h_e1c,DBFM,6418.295915,105.406671,168.246364,86.292767,105.518230,13580.216832,225.010513,15821.608112,-77.700782,-10752.805498,482.569511,24.667345,False,False,False,False,False,True,False,1-circle,1.000000,162.332741,100.000000,97.749699,2.250301,0.000000,16.802292,-80.840760,3.263298,2,4,3,0.0000,0.0000,0.0000,0.5000,"LeadPursuit",-1.233323
369,B0100,defensive,DBFM,6418.295915,105.406671,168.246364,86.292767,105.518230,13580.216832,225.010513,15821.608112,-77.700782,-10752.805498,482.569511,24.667345,False,False,False,False,False,True,False,1-circle,1.000000,162.332741,100.000000,97.749699,2.250301,0.000000,16.802292,-80.840760,3.263298,2,2,3,0.0000,0.0000,0.0000,0.5000,"Pursue",0.808333
370,A0100,adaptive_eagle_v6h_e1c,DBFM,6258.219216,108.478946,167.137117,84.310999,108.618864,13574.906854,224.826021,15812.624098,-44.920072,-10829.119214,467.758060,15.317236,False,False,False,False,False,True,False,1-circle,1.000000,171.275947,100.000000,97.749699,2.250301,0.000000,22.046820,-75.431815,3.066384,2,4,3,0.0000,0.0000,0.0000,0.5000,"LeadPursuit",-1.153253
370,B0100,defensive,DBFM,6258.219216,108.478946,167.137117,84.310999,108.618864,13574.906854,224.826021,15812.624098,-44.920072,-10829.119214,467.758060,15.317236,False,False,False,False,False,True,False,1-circle,1.000000,171.275947,100.000000,97.749699,2.250301,0.000000,22.046820,-75.431815,3.066384,2,2,3,0.0000,0.0000,0.0000,0.5000,"Pursue",0.779723
371,A0100,adaptive_eagle_v6h_e1c,DBFM,6103.154274,111.643358,165.977636,82.288432,111.806772,13569.297275,224.548839,15801.500269,-55.619141,-10907.122225,452.494154,10.701056,False,False,False,False,False,True,False,1-circle,1.000000,180.625157,100.000000,97.749699,2.250301,0.000000,27.785501,-69.570649,3.019228,2,5,3,0.0000,0.0000,0.0000,0.5000,"LeadPursuit",-1.055993
371,B0100,defensive,DBFM,6103.154274,111.643358,165.977636,82.288432,111.806772,13569.297275,224.548839,15801.500269,-55.619141,-10907.122225,452.494154,10.701056,False,False,False,False,False,True,False,1-circle,1.000000,180.625157,100.000000,97.749699,2.250301,0.000000,27.785501,-69.570649,3.019228,2,2,3,0.0000,0.0000,0.0000,0.5000,"Pursue",0.726839
372,A0100,adaptive_eagle_v6h_e1c,DBFM,5953.485227,115.236700,164.704372,79.910112,115.413630,13563.781583,223.870686,15782.522118,-94.890755,-11033.953069,436.079070,10.291509,False,False,False,False,False,True,False,1-circle,1.000000,189.571391,100.000000,97.749699,2.250301,0.000000,28.468592,-68.769444,3.150583,2,5,3,0.0000,0.0000,0.0000,0.5000,"LeadPursuit",-1.092010
372,B0100,defensive,DBFM,5953.485227,115.236700,164.704372,79.910112,115.413630,13563.781583,223.870686,15782.522118,-94.890755,-11033.953069,436.079070,10.291509,False,False,False,False,False,True,False,1-circle,1.000000,189.571391,100.000000,97.749699,2.250301,0.000000,28.468592,-68.769444,3.150583,2,2,3,0.0000,0.0000,0.0000,0.5000,"Pursue",0.789294
373,A0100,adaptive_eagle_v6h_e1c,DBFM,5809.423786,119.035815,163.137030,77.542363,119.224107,13558.594178,223.050613,15761.109312,-107.064034,-11188.551781,418.688174,12.185394,False,False,False,False,False,True,False,1-circle,1.000000,196.199295,100.000000,97.749699,2.250301,0.000000,25.282802,-71.772262,3.335232,2,5,3,0.0000,0.0000,0.0000,0.5000,"LeadPursuit",-1.138796
373,B0100,defensive,DBFM,5809.423786,119.035815,163.137030,77.542363,119.224107,13558.594178,223.050613,15761.109312,-107.064034,-11188.551781,418.688174,12.185394,False,False,False,False,False,True,False,1-circle,1.000000,196.199295,100.000000,97.749699,2.250301,0.000000,25.282802,-71.772262,3.335232,2,2,3,0.0000,0.0000,0.0000,0.5000,"Pursue",0.875750
374,A0100,adaptive_eagle_v6h_e1c,DBFM,5671.422495,122.863440,161.329134,75.353765,123.072891,13553.598670,222.304495,15741.403347,-98.529821,-11301.264661,399.800313,16.986203,False,False,False,False,False,True,False,1-circle,1.000000,199.654669,100.000000,97.749699,2.250301,0.000000,20.121497,-76.664650,3.369220,2,6,3,0.0000,0.0000,0.0000,0.5000,"LeadPursuit",-0.382352
374,B0100,defensive,DBFM,5671.422495,122.863440,161.329134,75.353765,123.072891,13553.598670,222.304495,15741.403347,-98.529821,-11301.264661,399.800313,16.986203,False,False,False,False,False,True,False,1-circle,1.000000,199.654669,100.000000,97.749699,2.250301,0.000000,20.121497,-76.664650,3.369220,2,2,3,0.0000,0.0000,0.0000,0.5000,"Pursue",0.243383
375,A0100,adaptive_eagle_v6h_e1c,DBFM,5539.196452,126.701533,160.737298,72.074703,126.951445,13548.502352,221.644292,15723.331576,-90.358857,-11422.602463,385.344052,28.450267,False,False,False,False,False,True,False,1-circle,1.000000,201.845347,100.000000,97.749699,2.250301,0.000000,14.590412,-81.920795,3.103063,2,6,3,0.0000,0.0000,0.0000,0.5000,"LeadPursuit",0.367120
375,B0100,defensive,DBFM,5539.196452,126.701533,160.737298,72.074703,126.951445,13548.502352,221.644292,15723.331576,-90.358857,-11422.602463,385.344052,28.450267,False,False,False,False,False,True,False,1-circle,1.000000,201.845347,100.000000,97.749699,2.250301,0.000000,14.590412,-81.920795,3.103063,2,2,3,0.0000,0.0000,0.0000,0.5000,"Pursue",-0.411271
376,A0100,adaptive_eagle_v6h_e1c,DBFM,5411.113582,130.299332,161.329255,67.835448,130.618329,13542.962924,221.236707,15709.800856,-67.653597,-11448.556119,374.643378,33.619119,False,False,False,False,False,True,False,1-circle,1.000000,204.971766,100.000000,97.749699,2.250301,0.000000,13.176214,-83.137235,2.633948,2,6,3,0.0000,0.0000,0.0000,0.5000,"LeadPursuit",0.620000
376,B0100,defensive,DBFM,5411.113582,130.299332,161.329255,67.835448,130.618329,13542.962924,221.236707,15709.800856,-67.653597,-11448.556119,374.643378,33.619119,False,False,False,False,False,True,False,1-circle,1.000000,204.971766,100.000000,97.749699,2.250301,0.000000,13.176214,-83.137235,2.633948,2,2,3,0.0000,0.0000,0.0000,0.5000,"Pursue",-0.610593
377,A0100,adaptive_eagle_v6h_e1c,DBFM,5286.371138,133.498137,162.208535,63.648821,133.897042,13536.824450,221.152750,15702.018102,-38.913770,-11419.868108,365.780344,17.658847,False,False,False,False,False,True,False,1-circle,1.000000,208.793586,100.000000,97.749699,2.250301,0.000000,19.091947,-77.088695,2.236744,2,5,3,0.0000,0.0000,0.0000,0.5000,"LeadPursuit",0.813116
377,B0100,defensive,DBFM,5286.371138,133.498137,162.208535,63.648821,133.897042,13536.824450,221.152750,15702.018102,-38.913770,-11419.868108,365.780344,17.658847,False,False,False,False,False,True,False,1-circle,1.000000,208.793586,100.000000,97.749699,2.250301,0.000000,19.091947,-77.088695,2.236744,2,2,3,0.0000,0.0000,0.0000,0.5000,"Pursue",-0.753910
378,A0100,adaptive_eagle_v6h_e1c,DBFM,5164.394526,136.714528,163.202382,59.266029,137.182548,13530.260803,220.970866,15691.894452,-50.618253,-11391.384290,357.682674,11.691164,False,False,False,False,False,True,False,1-circle,1.000000,212.388192,100.000000,97.749699,2.250301,0.000000,25.193712,-70.885405,2.061721,2,5,3,0.0000,0.0000,0.0000,0.5000,"LeadPursuit",0.983824
378,B0100,defensive,DBFM,5164.394526,136.714528,163.202382,59.266029,137.182548,13530.260803,220.970866,15691.894452,-50.618253,-11391.384290,357.682674,11.691164,False,False,False,False,False,True,False,1-circle,1.000000,212.388192,100.000000,97.749699,2.250301,0.000000,25.193712,-70.885405,2.061721,2,2,3,0.0000,0.0000,0.0000,0.5000,"Pursue",-0.872617
379,A0100,adaptive_eagle_v6h_e1c,DBFM,5045.135638,140.269602,164.194739,54.452427,140.786452,13523.662411,220.395483,15674.053424,-89.205136,-11372.543370,349.328280,11.002677,False,False,False,False,False,True,False,1-circle,1.000000,214.479817,100.000000,97.749699,2.250301,0.000000,26.236856,-69.734092,2.115508,2,5,3,0.0000,0.0000,0.0000,0.5000,"LeadPursuit",1.415556
379,B0100,defensive,DBFM,5045.135638,140.269602,164.194739,54.452427,140.786452,13523.662411,220.395483,15674.053424,-89.205136,-11372.543370,349.328280,11.002677,False,False,False,False,False,True,False,1-circle,1.000000,214.479817,100.000000,97.749699,2.250301,0.000000,26.236856,-69.734092,2.115508,2,2,3,0.0000,0.0000,0.0000,0.5000,"Pursue",-1.175612
380,A0100,adaptive_eagle_v6h_e1c,DBFM,4928.526178,143.905446,165.375089,49.209879,144.470186,13517.270209,219.680557,15653.732832,-101.602961,-11328.777853,341.448237,12.881271,False,False,False,False,False,True,False,1-circle,1.000000,213.864172,100.000000,97.749699,2.250301,0.000000,23.383093,-72.441269,2.257033,2,5,3,0.0000,0.0000,0.0000,0.5000,"LeadPursuit",1.850841
380,B0100,defensive,DBFM,4928.526178,143.905446,165.375089,49.209879,144.470186,13517.270209,219.680557,15653.732832,-101.602961,-11328.777853,341.448237,12.881271,False,False,False,False,False,True,False,1-circle,1.000000,213.864172,100.000000,97.749699,2.250301,0.000000,23.383093,-72.441269,2.257033,2,2,3,0.0000,0.0000,0.0000,0.5000,"Pursue",-1.443746
381,A0100,adaptive_eagle_v6h_e1c,DBFM,4814.252803,147.398371,166.710327,43.878667,148.039080,13510.971600,219.037030,15634.935565,-93.986338,-11276.930948,334.730868,17.890581,False,False,False,False,False,True,False,1-circle,1.000000,210.461002,100.000000,97.749699,2.250301,0.000000,18.511580,-77.128457,2.271849,2,4,3,0.0000,0.0000,0.0000,0.5000,"LeadPursuit",2.675471
381,B0100,defensive,DBFM,4814.252803,147.398371,166.710327,43.878667,148.039080,13510.971600,219.037030,15634.935565,-93.986338,-11276.930948,334.730868,17.890581,False,False,False,False,False,True,False,1-circle,1.000000,210.461002,100.000000,97.749699,2.250301,0.000000,18.511580,-77.128457,2.271849,2,2,3,0.0000,0.0000,0.0000,0.5000,"Pursue",-1.952305
382,A0100,adaptive_eagle_v6h_e1c,DBFM,4701.938115,150.533423,168.401852,38.545007,151.300917,13504.473155,218.639563,15620.735768,-70.998986,-11196.899387,329.426501,20.631982,False,False,False,False,False,True,False,1-circle,1.000000,205.528175,100.000000,97.749699,2.250301,0.000000,16.678720,-78.771645,2.150081,2,4,3,0.0000,0.0000,0.0000,0.5000,"LeadPursuit",3.241976
382,B0100,defensive,DBFM,4701.938115,150.533423,168.401852,38.545007,151.300917,13504.473155,218.639563,15620.735768,-70.998986,-11196.899387,329.426501,20.631982,False,False,False,False,False,True,False,1-circle,1.000000,205.528175,100.000000,97.749699,2.250301,0.000000,16.678720,-78.771645,2.150081,2,2,3,0.0000,0.0000,0.0000,0.5000,"Pursue",-2.245898
383,A0100,adaptive_eagle_v6h_e1c,DBFM,4591.192627,153.159764,170.303158,33.888221,154.075191,13497.578998,218.577129,15612.633162,-40.513026,-11117.362147,325.591778,13.796718,False,False,False,False,False,True,False,1-circle,1.000000,201.387039,100.000000,97.749699,2.250301,0.000000,21.853899,-73.459302,2.078991,2,4,3,0.0000,0.0000,0.0000,0.5000,"LeadPursuit",2.466734
383,B0100,defensive,DBFM,4591.192627,153.159764,170.303158,33.888221,154.075191,13497.578998,218.577129,15612.633162,-40.513026,-11117.362147,325.591778,13.796718,False,False,False,False,False,True,False,1-circle,1.000000,201.387039,100.000000,97.749699,2.250301,0.000000,21.853899,-73.459302,2.078991,2,2,3,0.0000,0.0000,0.0000,0.5000,"Pursue",-1.682725
384,A0100,adaptive_eagle_v6h_e1c,DBFM,4481.754109,155.728236,172.050931,30.047122,156.782448,13490.415701,218.431867,15602.659546,-49.868083,-11068.845772,322.238696,10.100475,False,False,False,False,False,True,False,1-circle,1.000000,200.669390,100.000000,97.749699,2.250301,0.000000,27.385330,-67.903960,2.153213,2,4,3,0.0000,0.0000,0.0000,0.5000,"LeadPursuit",-0.253867
384,B0100,defensive,DBFM,4481.754109,155.728236,172.050931,30.047122,156.782448,13490.415701,218.431867,15602.659546,-49.868083,-11068.845772,322.238696,10.100475,False,False,False,False,False,True,False,1-circle,1.000000,200.669390,100.000000,97.749699,2.250301,0.000000,27.385330,-67.903960,2.153213,2,2,3,0.0000,0.0000,0.0000,0.5000,"Pursue",0.120671
385,A0100,adaptive_eagle_v6h_e1c,DBFM,4373.751455,158.590582,173.191306,26.888966,159.781012,13483.369097,217.899245,15585.324550,-86.674977,-11039.969695,318.364550,9.788842,False,False,False,False,False,True,False,1-circle,1.000000,205.139271,100.000000,97.749699,2.250301,0.000000,28.198993,-67.219825,2.369699,2,4,3,0.0000,0.0000,0.0000,0.5000,"LeadPursuit",-2.246141
385,B0100,defensive,DBFM,4373.751455,158.590582,173.191306,26.888966,159.781012,13483.369097,217.899245,15585.324550,-86.674977,-11039.969695,318.364550,9.788842,False,False,False,False,False,True,False,1-circle,1.000000,205.139271,100.000000,97.749699,2.250301,0.000000,28.198993,-67.219825,2.369699,2,2,3,0.0000,0.0000,0.0000,0.5000,"Pursue",1.445249
386,A0100,adaptive_eagle_v6h_e1c,DBFM,4267.330137,161.497325,173.157814,24.477826,162.892075,13476.677489,217.224071,15565.627050,-98.487502,-11059.023629,314.700753,11.427501,False,False,False,False,False,True,False,1-circle,1.000000,214.989173,100.000000,97.749699,2.250301,0.000000,25.545511,-70.156948,2.614122,2,4,3,0.0000,0.0000,0.0000,0.5000,"LeadPursuit",-1.288785
386,B0100,defensive,DBFM,4267.330137,161.497325,173.157814,24.477826,162.892075,13476.677489,217.224071,15565.627050,-98.487502,-11059.023629,314.700753,11.427501,False,False,False,False,False,True,False,1-circle,1.000000,214.989173,100.000000,97.749699,2.250301,0.000000,25.545511,-70.156948,2.614122,2,2,3,0.0000,0.0000,0.0000,0.5000,"Pursue",0.820391
387,A0100,adaptive_eagle_v6h_e1c,DBFM,4162.062172,164.210260,172.623835,22.077436,165.967176,13470.221805,216.613867,15547.451724,-90.876630,-11144.483778,312.647642,15.283227,False,False,False,False,False,True,False,1-circle,1.000000,227.356085,100.000000,97.749699,2.250301,0.000000,21.205711,-74.858212,2.692501,2,4,3,0.0000,0.0000,0.0000,0.5000,"LeadPursuit",-0.660689
387,B0100,defensive,DBFM,4162.062172,164.210260,172.623835,22.077436,165.967176,13470.221805,216.613867,15547.451724,-90.876630,-11144.483778,312.647642,15.283227,False,False,False,False,False,True,False,1-circle,1.000000,227.356085,100.000000,97.749699,2.250301,0.000000,21.205711,-74.858212,2.692501,2,2,3,0.0000,0.0000,0.0000,0.5000,"Pursue",0.404778
388,A0100,adaptive_eagle_v6h_e1c,DBFM,4057.212697,166.624805,172.082145,19.566864,169.014141,13463.731062,216.080155,15530.737472,-83.571261,-11260.768508,311.980485,23.292822,False,False,False,False,False,True,False,1-circle,1.000000,239.524075,100.000000,97.749699,2.250301,0.000000,16.527749,-79.906987,2.482019,2,4,3,0.0000,0.0000,0.0000,0.5000,"LeadPursuit",-0.556795
388,B0100,defensive,DBFM,4057.212697,166.624805,172.082145,19.566864,169.014141,13463.731062,216.080155,15530.737472,-83.571261,-11260.768508,311.980485,23.292822,False,False,False,False,False,True,False,1-circle,1.000000,239.524075,100.000000,97.749699,2.250301,0.000000,16.527749,-79.906987,2.482019,2,2,3,0.0000,0.0000,0.0000,0.5000,"Pursue",0.341753
389,A0100,adaptive_eagle_v6h_e1c,DBFM,3952.470089,168.414015,171.519765,17.313230,171.839004,13456.882773,215.785760,15518.260705,-62.383833,-11369.897615,311.947815,26.610428,False,False,False,False,False,True,False,1-circle,1.000000,251.199664,100.000000,97.749699,2.250301,0.000000,15.677852,-81.131377,2.099138,2,4,3,0.0000,0.0000,0.0000,0.5000,"LeadPursuit",-0.506930
389,B0100,defensive,DBFM,3952.470089,168.414015,171.519765,17.313230,171.839004,13456.882773,215.785760,15518.260705,-62.383833,-11369.897615,311.947815,26.610428,False,False,False,False,False,True,False,1-circle,1.000000,251.199664,100.000000,97.749699,2.250301,0.000000,15.677852,-81.131377,2.099138,2,2,3,0.0000,0.0000,0.0000,0.5000,"Pursue",0.316406
390,A0100,adaptive_eagle_v6h_e1c,DBFM,3847.660799,169.498142,170.930380,15.420085,174.288999,13449.512627,215.805201,15511.262001,-34.993523,-11469.579844,312.236017,15.837784,False,False,False,False,False,True,False,1-circle,1.000000,262.339198,100.000000,97.749699,2.250301,0.000000,21.877750,-75.309181,1.788112,2,4,3,0.0000,0.0000,0.0000,0.5000,"LeadPursuit",-0.481298
390,B0100,defensive,DBFM,3847.660799,169.498142,170.930380,15.420085,174.288999,13449.512627,215.805201,15511.262001,-34.993523,-11469.579844,312.236017,15.837784,False,False,False,False,False,True,False,1-circle,1.000000,262.339198,100.000000,97.749699,2.250301,0.000000,21.877750,-75.309181,1.788112,2,2,3,0.0000,0.0000,0.0000,0.5000,"Pursue",0.301589
391,A0100,adaptive_eagle_v6h_e1c,DBFM,3742.674495,170.242221,170.314342,13.445455,176.766443,13441.770811,215.730499,15502.093075,-45.844627,-11569.294086,312.803036,10.922793,False,False,False,False,False,True,False,1-circle,1.000000,272.680331,100.000000,97.749699,2.250301,0.000000,28.384302,-69.177180,1.675148,2,4,3,0.0000,0.0000,0.0000,0.5000,"LeadPursuit",-0.457240
391,B0100,defensive,DBFM,3742.674495,170.242221,170.314342,13.445455,176.766443,13441.770811,215.730499,15502.093075,-45.844627,-11569.294086,312.803036,10.922793,False,False,False,False,False,True,False,1-circle,1.000000,272.680331,100.000000,97.749699,2.250301,0.000000,28.384302,-69.177180,1.675148,2,2,3,0.0000,0.0000,0.0000,0.5000,"Pursue",0.284986
392,A0100,adaptive_eagle_v6h_e1c,DBFM,3637.321602,170.636947,169.692209,11.078128,179.587439,13434.045891,215.270959,15485.599871,-82.466023,-11675.732285,313.933430,10.213632,False,False,False,False,False,True,False,1-circle,1.000000,281.792381,100.000000,97.749699,2.250301,0.000000,30.101294,-67.822749,1.769384,2,4,3,0.0000,0.0000,0.0000,0.5000,"LeadPursuit",-0.437867
392,B0100,defensive,DBFM,3637.321602,170.636947,169.692209,11.078128,179.587439,13434.045891,215.270959,15485.599871,-82.466023,-11675.732285,313.933430,10.213632,False,False,False,False,False,True,False,1-circle,1.000000,281.792381,100.000000,97.749699,2.250301,0.000000,30.101294,-67.822749,1.769384,2,2,3,0.0000,0.0000,0.0000,0.5000,"Pursue",0.331315
393,A0100,adaptive_eagle_v6h_e1c,DBFM,3531.360028,170.225350,169.057534,8.624544,-177.472894,13426.594977,214.669620,15466.703329,-94.482707,-11784.191718,315.673484,11.604557,False,False,False,False,False,True,False,1-circle,-1.000000,289.390009,100.000000,97.749699,2.250301,0.000000,28.058253,-70.211228,1.955968,2,4,3,0.0000,0.0000,0.0000,0.5000,"LeadPursuit",-0.410749
393,B0100,defensive,DBFM,3531.360028,170.225350,169.057534,8.624544,-177.472894,13426.594977,214.669620,15466.703329,-94.482707,-11784.191718,315.673484,11.604557,False,False,False,False,False,True,False,1-circle,-1.000000,289.390009,100.000000,97.749699,2.250301,0.000000,28.058253,-70.211228,1.955968,2,2,3,0.0000,0.0000,0.0000,0.5000,"Pursue",0.328048
394,A0100,adaptive_eagle_v6h_e1c,DBFM,3424.592173,168.937678,168.424471,6.382087,-174.584285,13419.332154,214.129297,15449.183536,-87.598967,-11889.331661,317.949769,15.166994,False,False,False,False,False,True,False,1-circle,-1.000000,295.543670,100.000000,97.749699,2.250301,0.000000,24.030899,-74.570241,2.025821,2,4,3,0.0000,0.0000,0.0000,0.5000,"LeadPursuit",-0.512143
394,B0100,defensive,DBFM,3424.592173,168.937678,168.424471,6.382087,-174.584285,13419.332154,214.129297,15449.183536,-87.598967,-11889.331661,317.949769,15.166994,False,False,False,False,False,True,False,1-circle,-1.000000,295.543670,100.000000,97.749699,2.250301,0.000000,24.030899,-74.570241,2.025821,2,2,3,0.0000,0.0000,0.0000,0.5000,"Pursue",0.401307
395,A0100,adaptive_eagle_v6h_e1c,DBFM,3316.939673,167.100546,167.948680,4.973708,-171.920486,13411.988169,213.819589,15435.971998,-66.057690,-11953.867469,320.222980,16.934265,False,False,False,False,False,True,False,1-circle,-1.000000,300.908974,100.000000,97.749699,2.250301,0.000000,22.844709,-76.094278,1.963797,2,4,3,0.0000,0.0000,0.0000,0.5000,"LeadPursuit",-0.392181
395,B0100,defensive,DBFM,3316.939673,167.100546,167.948680,4.973708,-171.920486,13411.988169,213.819589,15435.971998,-66.057690,-11953.867469,320.222980,16.934265,False,False,False,False,False,True,False,1-circle,-1.000000,300.908974,100.000000,97.749699,2.250301,0.000000,22.844709,-76.094278,1.963797,2,2,3,0.0000,0.0000,0.0000,0.5000,"Pursue",0.313769
396,A0100,adaptive_eagle_v6h_e1c,DBFM,3208.498600,165.248538,167.396037,4.285807,-169.654175,13404.352407,213.833472,15428.599072,-36.864629,-12028.297211,322.528597,12.189030,False,False,False,False,False,True,False,1-circle,-1.000000,306.222180,100.000000,97.749699,2.250301,0.000000,28.287228,-71.017638,1.974452,2,6,2,0.0000,0.0000,0.0000,0.5000,"LeadPursuit",-0.306687
396,B0100,defensive,DBFM,3208.498600,165.248538,167.396037,4.285807,-169.654175,13404.352407,213.833472,15428.599072,-36.864629,-12028.297211,322.528597,12.189030,False,False,False,False,False,True,False,1-circle,-1.000000,306.222180,100.000000,97.749699,2.250301,0.000000,28.287228,-71.017638,1.974452,2,2,3,0.0000,0.0000,0.0000,0.5000,"Pursue",0.254642
397,A0100,adaptive_eagle_v6h_e1c,DBFM,3099.181222,163.406252,166.733294,4.042586,-167.392135,13396.523382,213.767777,15419.526451,-45.363104,-12112.585766,324.976680,9.283823,False,False,False,False,False,True,False,1-circle,-1.000000,310.490542,100.000000,97.749699,2.250301,0.000000,33.984756,-65.685717,2.137306,2,6,2,0.0000,0.0000,0.0000,0.5000,"LeadPursuit",-0.309600
397,B0100,defensive,DBFM,3099.181222,163.406252,166.733294,4.042586,-167.392135,13396.523382,213.767777,15419.526451,-45.363104,-12112.585766,324.976680,9.283823,False,False,False,False,False,True,False,1-circle,-1.000000,310.490542,100.000000,97.749699,2.250301,0.000000,33.984756,-65.685717,2.137306,2,2,3,0.0000,0.0000,0.0000,0.5000,"Pursue",0.264157
398,A0100,adaptive_eagle_v6h_e1c,DBFM,2988.576165,161.354733,166.273227,4.978787,-164.807991,13388.886640,213.321933,15403.459964,-80.332436,-12213.710648,328.916177,9.020172,False,False,False,False,False,True,False,1-circle,-1.000000,313.348163,100.000000,97.749699,2.250301,0.000000,35.016043,-65.012844,2.422555,2,6,2,0.0000,0.0000,0.0000,0.5000,"LeadPursuit",-0.063371
398,B0100,defensive,DBFM,2988.576165,161.354733,166.273227,4.978787,-164.807991,13388.886640,213.321933,15403.459964,-80.332436,-12213.710648,328.916177,9.020172,False,False,False,False,False,True,False,1-circle,-1.000000,313.348163,100.000000,97.749699,2.250301,0.000000,35.016043,-65.012844,2.422555,2,2,3,0.0000,0.0000,0.0000,0.5000,"Pursue",0.086811
399,A0100,adaptive_eagle_v6h_e1c,DBFM,2876.230877,159.113521,166.340581,7.253977,-162.122721,13381.691934,212.730713,15385.113983,-91.729907,-12310.559709,334.728505,10.341652,False,False,False,False,False,True,False,1-circle,-1.000000,315.641390,100.000000,97.749699,2.250301,0.000000,32.592444,-67.822190,2.728441,2,6,2,0.0000,0.0000,0.0000,0.5000,"LeadPursuit",0.666153
399,B0100,defensive,DBFM,2876.230877,159.113521,166.340581,7.253977,-162.122721,13381.691934,212.730713,15385.113983,-91.729907,-12310.559709,334.728505,10.341652,False,False,False,False,False,True,False,1-circle,-1.000000,315.641390,100.000000,97.749699,2.250301,0.000000,32.592444,-67.822190,2.728441,2,2,3,0.0000,0.0000,0.0000,0.5000,"Pursue",-0.447093
400,A0100,adaptive_eagle_v6h_e1c,DBFM,2761.563224,156.792299,167.450223,10.846452,-159.552607,13374.834759,212.195057,15368.180270,-84.668565,-12377.498955,342.914101,13.284536,False,True,False,False,False,True,False,1-circle,-1.000000,319.238870,99.995160,97.749699,2.250301,0.004840,28.558397,-72.351046,2.881409,2,6,2,0.0000,0.0000,0.0000,0.5000,"LeadPursuit",1.537241
400,B0100,defensive,DBFM,2761.563224,156.792299,167.450223,10.846452,-159.552607,13374.834759,212.195057,15368.180270,-84.668565,-12377.498955,342.914101,13.284536,False,True,False,False,False,True,False,1-circle,-1.000000,319.238870,99.995160,97.749699,2.250301,0.004840,28.558397,-72.351046,2.881409,2,2,3,0.0000,0.0000,0.0000,0.5000,"Pursue",-1.059115
401,A0100,adaptive_eagle_v6h_e1c,DBFM,2644.267163,154.472048,169.080957,15.212577,-157.161009,13368.066116,211.725872,15352.606406,-77.869316,-12363.453449,350.791904,18.654558,False,True,False,False,False,True,False,1-circle,-1.000000,324.609257,99.919947,97.749699,2.250301,0.080053,24.358714,-77.205702,2.750373,2,6,2,0.0000,0.0000,0.0000,0.5000,"LeadPursuit",1.951726
401,B0100,defensive,DBFM,2644.267163,154.472048,169.080957,15.212577,-157.161009,13368.066116,211.725872,15352.606406,-77.869316,-12363.453449,350.791904,18.654558,False,True,False,False,False,True,False,1-circle,-1.000000,324.609257,99.919947,97.749699,2.250301,0.080053,24.358714,-77.205702,2.750373,2,2,3,0.0000,0.0000,0.0000,0.5000,"Pursue",-1.319521
402,A0100,adaptive_eagle_v6h_e1c,DBFM,2524.584121,152.405105,170.626698,19.716497,-155.203761,13361.077325,211.482537,15341.058595,-57.739059,-12315.552217,357.146895,20.657321,False,True,False,False,False,True,False,1-circle,-1.000000,331.276277,99.717522,97.749699,2.250301,0.282478,24.007705,-78.396877,2.456931,1,6,2,0.0000,0.0000,0.0000,0.5000,"LeadPursuit",1.733642
402,B0100,defensive,DBFM,2524.584121,152.405105,170.626698,19.716497,-155.203761,13361.077325,211.482537,15341.058595,-57.739059,-12315.552217,357.146895,20.657321,False,True,False,False,False,True,False,1-circle,-1.000000,331.276277,99.717522,97.749699,2.250301,0.282478,24.007705,-78.396877,2.456931,2,2,3,0.0000,0.0000,0.0000,0.5000,"Pursue",-1.150751
403,A0100,adaptive_eagle_v6h_e1c,DBFM,2403.162917,150.882301,171.388045,23.879388,-153.888851,13353.685991,211.543187,15334.803080,-31.277575,-12260.262919,360.703044,13.692119,False,True,False,False,False,True,False,1-circle,-1.000000,338.405347,99.363703,97.749699,2.250301,0.636297,30.650414,-72.790928,2.253935,1,5,2,0.0000,0.0000,0.0000,0.5000,"LeadPursuit",0.554547
403,B0100,defensive,DBFM,2403.162917,150.882301,171.388045,23.879388,-153.888851,13353.685991,211.543187,15334.803080,-31.277575,-12260.262919,360.703044,13.692119,False,True,False,False,False,True,False,1-circle,-1.000000,338.405347,99.363703,97.749699,2.250301,0.636297,30.650414,-72.790928,2.253935,2,2,3,0.0000,0.0000,0.0000,0.5000,"Pursue",-0.353594
404,A0100,adaptive_eagle_v6h_e1c,DBFM,2280.794202,149.691921,170.764254,28.012498,-152.868821,13346.017565,211.511687,15326.544689,-41.291955,-12211.462192,361.585148,9.898551,False,True,False,False,False,True,False,1-circle,-1.000000,344.774947,98.900777,97.749699,2.250301,1.099223,37.875768,-66.802984,2.237289,1,4,2,0.0000,0.0000,0.0000,0.5000,"LeadPursuit",-1.728259
404,B0100,defensive,DBFM,2280.794202,149.691921,170.764254,28.012498,-152.868821,13346.017565,211.511687,15326.544689,-41.291955,-12211.462192,361.585148,9.898551,False,True,False,False,False,True,False,1-circle,-1.000000,344.774947,98.900777,97.749699,2.250301,1.099223,37.875768,-66.802984,2.237289,2,2,3,0.0000,0.0000,0.0000,0.5000,"Pursue",1.180525
405,A0100,adaptive_eagle_v6h_e1c,DBFM,2158.133128,148.651525,168.579225,32.662945,-151.890391,13338.464065,211.100875,15311.305246,-76.197214,-12150.708354,359.098719,9.278079,False,True,False,False,False,True,False,1-circle,-1.000000,348.886993,98.490731,97.749699,2.250301,1.509269,40.740901,-65.386228,2.405213,1,3,2,0.0000,0.0000,0.0000,0.5000,"LeadPursuit",-4.062580
405,B0100,defensive,DBFM,2158.133128,148.651525,168.579225,32.662945,-151.890391,13338.464065,211.100875,15311.305246,-76.197214,-12150.708354,359.098719,9.278079,False,True,False,False,False,True,False,1-circle,-1.000000,348.886993,98.490731,97.749699,2.250301,1.509269,40.740901,-65.386228,2.405213,2,2,3,0.0000,0.0000,0.0000,0.5000,"Pursue",2.851319
406,A0100,adaptive_eagle_v6h_e1c,DBFM,2036.497675,147.961475,165.403433,37.673382,-151.267941,13331.297216,210.544845,15293.759341,-87.729522,-12075.621416,352.290871,10.338703,False,True,False,False,False,True,False,1-circle,-1.000000,350.279074,98.471991,97.749699,2.250301,1.528009,40.274519,-67.596446,2.657018,1,2,2,0.0000,0.0000,0.0000,0.5000,"LeadPursuit",-3.629768
406,B0100,defensive,DBFM,2036.497675,147.961475,165.403433,37.673382,-151.267941,13331.297216,210.544845,15293.759341,-87.729522,-12075.621416,352.290871,10.338703,False,True,False,False,False,True,False,1-circle,-1.000000,350.279074,98.471991,97.749699,2.250301,1.528009,40.274519,-67.596446,2.657018,2,2,3,0.0000,0.0000,0.0000,0.5000,"Pursue",2.766381
407,A0100,adaptive_eagle_v6h_e1c,DBFM,1917.209147,147.697837,162.316473,41.794467,-151.200815,13324.444947,210.040283,15277.512429,-81.234564,-12031.386516,343.577636,12.971282,False,False,False,False,False,True,False,1-circle,-1.000000,350.817936,98.471991,97.749699,2.250301,1.528009,38.364637,-71.768724,2.807910,1,3,2,0.0000,0.0000,0.0000,0.5000,"LeadPursuit",-2.826893
407,B0100,defensive,DBFM,1917.209147,147.697837,162.316473,41.794467,-151.200815,13324.444947,210.040283,15277.512429,-81.234564,-12031.386516,343.577636,12.971282,False,False,False,False,False,True,False,1-circle,-1.000000,350.817936,98.471991,97.749699,2.250301,1.528009,38.364637,-71.768724,2.807910,2,2,3,0.0000,0.0000,0.0000,0.5000,"Pursue",2.401369
408,A0100,adaptive_eagle_v6h_e1c,DBFM,1801.183909,147.784223,159.135591,45.323988,-151.677024,13317.684487,209.597606,15262.528141,-74.921437,-12013.444980,332.558721,17.813813,False,False,False,False,False,True,False,1-circle,-1.000000,352.339292,98.471991,97.749699,2.250301,1.528009,36.755688,-76.484185,2.709816,1,2,2,0.0000,0.0000,0.0000,0.5000,"LeadPursuit",-2.242994
408,B0100,defensive,DBFM,1801.183909,147.784223,159.135591,45.323988,-151.677024,13317.684487,209.597606,15262.528141,-74.921437,-12013.444980,332.558721,17.813813,False,False,False,False,False,True,False,1-circle,-1.000000,352.339292,98.471991,97.749699,2.250301,1.528009,36.755688,-76.484185,2.709816,2,2,3,0.0000,0.0000,0.0000,0.5000,"Pursue",2.141628
409,A0100,adaptive_eagle_v6h_e1c,DBFM,1689.761949,148.326088,155.699106,48.242690,-152.919237,13310.722317,209.376105,15251.457558,-55.352915,-11991.690046,317.586657,19.715141,False,False,False,False,False,True,False,1-circle,-1.000000,356.176751,98.471991,97.749699,2.250301,1.528009,39.965969,-77.732624,2.463725,1,2,2,0.0000,0.0000,0.0000,0.5000,"LeadPursuit",-1.792579
409,B0100,defensive,DBFM,1689.761949,148.326088,155.699106,48.242690,-152.919237,13310.722317,209.376105,15251.457558,-55.352915,-11991.690046,317.586657,19.715141,False,False,False,False,False,True,False,1-circle,-1.000000,356.176751,98.471991,97.749699,2.250301,1.528009,39.965969,-77.732624,2.463725,2,2,3,0.0000,0.0000,0.0000,0.5000,"Pursue",1.930038
410,A0100,adaptive_eagle_v6h_e1c,DBFM,1584.750229,149.472373,151.961977,50.378899,-155.130158,13303.373846,209.457027,15245.609530,-29.240140,-11954.654417,297.545114,13.434408,False,False,False,False,False,True,False,1-circle,-1.000000,363.149446,98.471991,97.749699,2.250301,1.528009,51.987749,-72.306881,2.304502,1,2,2,0.0000,0.0000,0.0000,0.5000,"LeadPursuit",-1.442232
410,B0100,defensive,DBFM,1584.750229,149.472373,151.961977,50.378899,-155.130158,13303.373846,209.457027,15245.609530,-29.240140,-11954.654417,297.545114,13.434408,False,False,False,False,False,True,False,1-circle,-1.000000,363.149446,98.471991,97.749699,2.250301,1.528009,51.987749,-72.306881,2.304502,2,2,3,0.0000,0.0000,0.0000,0.5000,"Pursue",1.759605
411,A0100,adaptive_eagle_v6h_e1c,DBFM,1487.929078,150.908801,147.895831,52.089670,-157.946350,13295.754340,209.449411,15237.848782,-38.803739,-11915.084275,273.080557,9.831124,False,False,False,False,False,True,False,1-circle,-1.000000,373.306521,98.471991,97.749699,2.250301,1.528009,67.747226,-66.442934,2.315554,1,1,2,0.0000,0.0000,0.0000,0.5000,"LeadPursuit",-1.170402
411,B0100,defensive,DBFM,1487.929078,150.908801,147.895831,52.089670,-157.946350,13295.754340,209.449411,15237.848782,-38.803739,-11915.084275,273.080557,9.831124,False,False,False,False,False,True,False,1-circle,-1.000000,373.306521,98.471991,97.749699,2.250301,1.528009,67.747226,-66.442934,2.315554,2,2,3,0.0000,0.0000,0.0000,0.5000,"Pursue",1.622885
412,A0100,adaptive_eagle_v6h_e1c,DBFM,1400.674792,152.362708,143.709125,53.563759,-161.073177,13288.249050,209.067284,15223.263508,-72.926372,-11852.834007,245.469458,9.222587,False,False,False,False,False,True,False,1-circle,-1.000000,386.124217,98.471991,97.749699,2.250301,1.528009,83.755128,-65.030676,2.494779,1,1,2,0.0000,0.0000,0.0000,0.5000,"LeadPursuit",-0.887506
412,B0100,defensive,DBFM,1400.674792,152.362708,143.709125,53.563759,-161.073177,13288.249050,209.067284,15223.263508,-72.926372,-11852.834007,245.469458,9.222587,False,False,False,False,False,True,False,1-circle,-1.000000,386.124217,98.471991,97.749699,2.250301,1.528009,83.755128,-65.030676,2.494779,2,2,3,0.0000,0.0000,0.0000,0.5000,"Pursue",1.386698
413,A0100,adaptive_eagle_v6h_e1c,DBFM,1323.547548,153.652827,140.147779,54.029108,-164.668535,13281.128537,208.540516,15206.404318,-84.295951,-11770.736405,219.879285,10.226157,False,False,False,False,False,True,False,1-circle,-1.000000,402.422382,98.471991,97.749699,2.250301,1.528009,100.972863,-67.166543,2.751775,1,1,2,0.0000,0.0000,0.0000,0.5000,"LeadPursuit",-0.671736
413,B0100,defensive,DBFM,1323.547548,153.652827,140.147779,54.029108,-164.668535,13281.128537,208.540516,15206.404318,-84.295951,-11770.736405,219.879285,10.226157,False,False,False,False,False,True,False,1-circle,-1.000000,402.422382,98.471991,97.749699,2.250301,1.528009,100.972863,-67.166543,2.751775,2,2,3,0.0000,0.0000,0.0000,0.5000,"Pursue",1.169020
414,A0100,adaptive_eagle_v6h_e1c,DBFM,1256.379692,154.441264,136.409596,53.757573,-168.794187,13274.326077,208.062938,15190.793818,-78.052501,-11666.301033,192.213950,12.706309,False,False,False,False,False,True,False,1-circle,-1.000000,421.495438,98.471991,97.749699,2.250301,1.528009,117.078120,-71.239145,2.911877,1,0,2,0.0000,0.0000,0.0000,0.5000,"LeadPursuit",-0.589595
414,B0100,defensive,DBFM,1256.379692,154.441264,136.409596,53.757573,-168.794187,13274.326077,208.062938,15190.793818,-78.052501,-11666.301033,192.213950,12.706309,False,False,False,False,False,True,False,1-circle,-1.000000,421.495438,98.471991,97.749699,2.250301,1.528009,117.078120,-71.239145,2.911877,2,2,3,0.0000,0.0000,0.0000,0.5000,"Pursue",1.142368
415,A0100,adaptive_eagle_v6h_e1c,DBFM,1200.009432,154.483468,131.758415,53.569392,-173.408554,13267.627893,207.644646,15176.397590,-71.981138,-11603.203709,158.036864,17.170009,False,False,False,False,False,True,False,1-circle,-1.000000,440.388446,98.471991,97.749699,2.250301,1.528009,128.967564,-75.862033,2.831617,1,0,2,0.0000,0.0000,0.0000,0.5000,"LeadPursuit",-0.566419
415,B0100,defensive,DBFM,1200.009432,154.483468,131.758415,53.569392,-173.408554,13267.627893,207.644646,15176.397590,-71.981138,-11603.203709,158.036864,17.170009,False,False,False,False,False,True,False,1-circle,-1.000000,440.388446,98.471991,97.749699,2.250301,1.528009,128.967564,-75.862033,2.831617,2,2,3,0.0000,0.0000,0.0000,0.5000,"Pursue",1.231053
416,A0100,adaptive_eagle_v6h_e1c,DBFM,1156.506325,153.621987,126.460428,53.475862,-178.701468,13260.751550,207.443135,15165.818272,-52.896592,-11578.228816,118.217334,18.851272,False,False,False,False,False,True,False,1-circle,-1.000000,457.798647,98.471991,97.749699,2.250301,1.528009,139.755265,-77.065397,2.593643,1,0,2,0.0000,0.0000,0.0000,0.5000,"LeadPursuit",-0.499101
416,B0100,defensive,DBFM,1156.506325,153.621987,126.460428,53.475862,-178.701468,13260.751550,207.443135,15165.818272,-52.896592,-11578.228816,118.217334,18.851272,False,False,False,False,False,True,False,1-circle,-1.000000,457.798647,98.471991,97.749699,2.250301,1.528009,139.755265,-77.065397,2.593643,2,2,3,0.0000,0.0000,0.0000,0.5000,"Pursue",1.230542
417,A0100,adaptive_eagle_v6h_e1c,DBFM,1127.478219,151.810026,121.169728,52.860162,175.271680,13253.509215,207.540697,15160.368306,-27.249829,-11523.654303,77.007230,13.097296,False,False,False,False,False,True,False,1-circle,1.000000,474.182807,98.471991,97.749699,2.250301,1.528009,153.512398,-71.713962,2.437332,1,0,2,0.0000,0.0000,0.0000,0.5000,"LeadPursuit",-0.438935
417,B0100,defensive,DBFM,1127.478219,151.810026,121.169728,52.860162,175.271680,13253.509215,207.540697,15160.368306,-27.249829,-11523.654303,77.007230,13.097296,False,False,False,False,False,True,False,1-circle,1.000000,474.182807,98.471991,97.749699,2.250301,1.528009,153.512398,-71.713962,2.437332,2,2,3,0.0000,0.0000,0.0000,0.5000,"Pursue",1.230683
418,A0100,adaptive_eagle_v6h_e1c,DBFM,1113.437872,149.277370,116.017487,52.175805,169.084776,13246.005391,207.552198,15153.075819,-36.462436,-11455.849339,36.395516,9.697084,False,False,False,False,False,True,False,1-circle,1.000000,490.198282,98.471991,97.749699,2.250301,1.528009,165.187955,-65.946682,2.462950,1,0,2,0.0000,0.0000,0.0000,0.5000,"LeadPursuit",-0.366914
418,B0100,defensive,DBFM,1113.437872,149.277370,116.017487,52.175805,169.084776,13246.005391,207.552198,15153.075819,-36.462436,-11455.849339,36.395516,9.697084,False,False,False,False,False,True,False,1-circle,1.000000,490.198282,98.471991,97.749699,2.250301,1.528009,165.187955,-65.946682,2.462950,3,8,2,0.0000,0.0000,0.0000,0.5000,"LeadPursuit",1.162292
419,A0100,adaptive_eagle_v6h_e1c,DBFM,1114.444449,146.237706,111.296047,51.316368,162.980002,13238.537830,208.880388,15170.094207,85.091942,-11308.802027,-2.020779,7.922111,False,False,False,False,False,True,False,1-circle,1.000000,506.524996,98.471991,97.749699,2.250301,1.528009,173.867202,-61.498573,2.811817,1,0,2,0.0000,0.0000,0.0000,0.5000,"LeadPursuit",-0.266556
419,B0100,defensive,DBFM,1114.444449,146.237706,111.296047,51.316368,162.980002,13238.537830,208.880388,15170.094207,85.091942,-11308.802027,-2.020779,7.922111,False,False,False,False,False,True,False,1-circle,1.000000,506.524996,98.471991,97.749699,2.250301,1.528009,173.867202,-61.498573,2.811817,3,8,2,0.0000,0.0000,0.0000,0.5000,"LeadPursuit",0.951669
420,A0100,adaptive_eagle_v6h_e1c,DBFM,1128.873872,142.622586,107.058943,49.536163,156.721992,13231.137389,210.876873,15199.793972,148.498826,-11094.380011,-35.612591,5.877458,False,False,False,False,False,True,False,1-circle,1.000000,522.894165,98.471991,97.749699,2.250301,1.528009,-175.613187,-54.052679,3.552456,1,0,2,0.0000,0.0000,0.0000,0.5000,"LeadPursuit",-0.228986
420,B0100,defensive,DBFM,1128.873872,142.622586,107.058943,49.536163,156.721992,13231.137389,210.876873,15199.793972,148.498826,-11094.380011,-35.612591,5.877458,False,False,False,False,False,True,False,1-circle,1.000000,522.894165,98.471991,97.749699,2.250301,1.528009,-175.613187,-54.052679,3.552456,3,8,2,0.0000,0.0000,0.0000,0.5000,"LeadPursuit",0.898792
421,A0100,adaptive_eagle_v6h_e1c,DBFM,1155.162947,138.751582,102.356780,47.911776,150.552754,13223.800216,213.035865,15232.974013,165.900201,-10948.032536,-72.334811,4.238089,False,False,False,False,False,True,False,1-circle,1.000000,536.709901,98.471991,97.749699,2.250301,1.528009,-164.289508,-45.123181,4.303850,1,0,2,0.0000,0.0000,0.0000,0.5000,"LeadPursuit",-0.210708
421,B0100,defensive,DBFM,1155.162947,138.751582,102.356780,47.911776,150.552754,13223.800216,213.035865,15232.974013,165.900201,-10948.032536,-72.334811,4.238089,False,False,False,False,False,True,False,1-circle,1.000000,536.709901,98.471991,97.749699,2.250301,1.528009,-164.289508,-45.123181,4.303850,3,8,2,0.0000,0.0000,0.0000,0.5000,"LeadPursuit",0.899150
422,A0100,adaptive_eagle_v6h_e1c,DBFM,1193.324225,134.875411,97.683516,46.540295,144.627493,13216.608398,215.317589,15269.051252,180.386196,-10860.963298,-108.174309,3.050734,False,False,False,False,False,True,False,1-circle,1.000000,546.699362,98.471991,97.749699,2.250301,1.528009,-153.293484,-36.147440,4.538363,1,0,2,0.0000,0.0000,0.0000,0.5000,"LeadPursuit",-0.169443
422,B0100,defensive,DBFM,1193.324225,134.875411,97.683516,46.540295,144.627493,13216.608398,215.317589,15269.051252,180.386196,-10860.963298,-108.174309,3.050734,False,False,False,False,False,True,False,1-circle,1.000000,546.699362,98.471991,97.749699,2.250301,1.528009,-153.293484,-36.147440,4.538363,3,8,2,0.0000,0.0000,0.0000,0.5000,"LeadPursuit",0.793173
423,A0100,adaptive_eagle_v6h_e1c,DBFM,1241.799619,131.131768,93.675337,44.900872,139.064129,13209.726060,217.613186,15306.166239,185.574935,-10767.423762,-137.240021,2.181680,False,False,False,False,False,True,False,1-circle,1.000000,553.137312,98.471991,97.749699,2.250301,1.528009,-143.221322,-27.825862,5.626359,1,0,2,0.0000,0.0000,0.0000,0.5000,"LeadPursuit",-0.134894
423,B0100,defensive,DBFM,1241.799619,131.131768,93.675337,44.900872,139.064129,13209.726060,217.613186,15306.166239,185.574935,-10767.423762,-137.240021,2.181680,False,False,False,False,False,True,False,1-circle,1.000000,553.137312,98.471991,97.749699,2.250301,1.528009,-143.221322,-27.825862,5.626359,3,8,2,0.0000,0.0000,0.0000,0.5000,"LeadPursuit",0.688882
424,A0100,adaptive_eagle_v6h_e1c,DBFM,1297.870098,127.582482,90.400621,43.006178,133.917484,13203.381619,219.870556,15343.541443,186.876023,-10665.299283,-158.804620,1.521634,False,False,False,False,False,True,False,1-circle,1.000000,556.453647,98.471991,97.749699,2.250301,1.528009,-134.268219,-20.397777,7.375138,1,0,2,0.0000,0.0000,0.0000,0.5000,"LeadPursuit",-0.110986
424,B0100,defensive,DBFM,1297.870098,127.582482,90.400621,43.006178,133.917484,13203.381619,219.870556,15343.541443,186.876023,-10665.299283,-158.804620,1.521634,False,False,False,False,False,True,False,1-circle,1.000000,556.453647,98.471991,97.749699,2.250301,1.528009,-134.268219,-20.397777,7.375138,3,8,2,0.0000,0.0000,0.0000,0.5000,"LeadPursuit",0.382567
425,A0100,adaptive_eagle_v6h_e1c,UNKNOWN,1359.154416,124.223702,87.776255,40.956428,129.170431,13197.840443,222.022662,15380.101335,182.799461,-10563.996605,-173.629682,1.013488,False,False,False,False,False,True,False,1-circle,1.000000,557.359403,98.471991,97.749699,2.250301,1.528009,-126.583698,-14.038226,9.298800,1,0,2,0.0000,0.0000,0.0000,0.5000,"LeadPursuit",-0.080993
425,B0100,defensive,UNKNOWN,1359.154416,124.223702,87.776255,40.956428,129.170431,13197.840443,222.022662,15380.101335,182.799461,-10563.996605,-173.629682,1.013488,False,False,False,False,False,True,False,1-circle,1.000000,557.359403,98.471991,97.749699,2.250301,1.528009,-126.583698,-14.038226,9.298800,3,8,2,0.0000,0.0000,0.0000,0.5000,"LeadPursuit",0.101112
426,A0100,adaptive_eagle_v6h_e1c,UNKNOWN,1423.398947,121.018212,85.955513,38.507617,124.775360,13193.357705,224.049002,15415.634155,177.664096,-10432.962136,-180.122450,0.618963,False,False,False,False,False,True,False,1-circle,1.000000,556.739948,98.471991,97.749699,2.250301,1.528009,-120.169609,-8.758349,11.167692,1,0,2,0.0000,0.0000,0.0000,0.5000,"LeadPursuit",-0.061257
426,B0100,defensive,UNKNOWN,1423.398947,121.018212,85.955513,38.507617,124.775360,13193.357705,224.049002,15415.634155,177.664096,-10432.962136,-180.122450,0.618963,False,False,False,False,False,True,False,1-circle,1.000000,556.739948,98.471991,97.749699,2.250301,1.528009,-120.169609,-8.758349,11.167692,3,8,2,0.0000,0.0000,0.0000,0.5000,"LeadPursuit",0.103033
427,A0100,adaptive_eagle_v6h_e1c,UNKNOWN,1488.025438,117.938397,84.423291,35.978853,120.681997,13190.151711,225.948119,15450.261406,173.136259,-10314.324410,-183.453659,0.305062,False,False,False,False,False,True,False,1-circle,1.000000,554.502403,98.471991,97.749699,2.250301,1.528009,-114.816069,-4.378073,12.893371,1,0,2,0.0000,0.0000,0.0000,0.5000,"LeadPursuit",-0.061433
427,B0100,defensive,UNKNOWN,1488.025438,117.938397,84.423291,35.978853,120.681997,13190.151711,225.948119,15450.261406,173.136259,-10314.324410,-183.453659,0.305062,False,False,False,False,False,True,False,1-circle,1.000000,554.502403,98.471991,97.749699,2.250301,1.528009,-114.816069,-4.378073,12.893371,3,8,2,0.0000,0.0000,0.0000,0.5000,"LeadPursuit",0.105233
428,A0100,adaptive_eagle_v6h_e1c,UNKNOWN,1552.853251,114.953874,82.977943,33.680220,116.830433,13188.398332,227.723898,15484.173091,169.558425,-10238.553579,-185.689535,0.040615,False,False,False,False,False,True,False,1-circle,1.000000,550.397594,98.471991,97.749699,2.250301,1.528009,-110.160287,-0.588494,14.459510,1,0,2,0.0000,0.0000,0.0000,0.5000,"LeadPursuit",-0.040725
428,B0100,defensive,UNKNOWN,1552.853251,114.953874,82.977943,33.680220,116.830433,13188.398332,227.723898,15484.173091,169.558425,-10238.553579,-185.689535,0.040615,False,False,False,False,False,True,False,1-circle,1.000000,550.397594,98.471991,97.749699,2.250301,1.528009,-110.160287,-0.588494,14.459510,3,8,2,0.0000,0.0000,0.0000,0.5000,"LeadPursuit",0.107865
429,A0100,adaptive_eagle_v6h_e1c,UNKNOWN,1616.683318,112.034301,82.217500,30.964537,113.176433,13188.231368,229.364804,15517.210573,165.187406,-10125.509712,-180.771551,0.202456,False,False,False,False,False,True,False,1-circle,1.000000,545.295605,98.471991,97.749699,2.250301,1.528009,-105.868592,2.951752,15.876472,1,0,2,0.0000,0.0000,0.0000,0.5000,"LeadPursuit",-0.003282
429,B0100,defensive,UNKNOWN,1616.683318,112.034301,82.217500,30.964537,113.176433,13188.231368,229.364804,15517.210573,165.187406,-10125.509712,-180.771551,0.202456,False,False,False,False,False,True,False,1-circle,1.000000,545.295605,98.471991,97.749699,2.250301,1.528009,-105.868592,2.951752,15.876472,3,8,2,0.0000,0.0000,0.0000,0.5000,"LeadPursuit",0.110990
430,A0100,adaptive_eagle_v6h_e1c,UNKNOWN,1676.769339,109.161049,82.152074,27.609309,109.681634,13189.745888,230.886251,15549.725231,162.573290,-9949.906546,-168.575938,0.444168,False,False,False,False,False,True,False,1-circle,1.000000,539.265922,98.471991,97.749699,2.250301,1.528009,-101.689334,6.496008,17.164129,1,0,2,0.0000,0.0000,0.0000,0.5000,"LeadPursuit",-0.002033
430,B0100,defensive,UNKNOWN,1676.769339,109.161049,82.152074,27.609309,109.681634,13189.745888,230.886251,15549.725231,162.573290,-9949.906546,-168.575938,0.444168,False,False,False,False,False,True,False,1-circle,1.000000,539.265922,98.471991,97.749699,2.250301,1.528009,-101.689334,6.496008,17.164129,3,8,2,0.0000,0.0000,0.0000,0.5000,"LeadPursuit",0.114662
431,A0100,adaptive_eagle_v6h_e1c,UNKNOWN,1731.760063,106.315655,81.648266,24.798581,106.302468,13193.005985,232.308641,15582.152510,162.136397,-9839.030117,-160.474389,0.693504,False,False,False,False,False,True,False,1-circle,1.000000,529.929985,98.471991,97.749699,2.250301,1.528009,-97.439185,10.141159,18.347677,1,0,2,0.0000,0.0000,0.0000,0.5000,"LeadPursuit",-0.016558
431,B0100,defensive,UNKNOWN,1731.760063,106.315655,81.648266,24.798581,106.302468,13193.005985,232.308641,15582.152510,162.136397,-9839.030117,-160.474389,0.693504,False,False,False,False,False,True,False,1-circle,1.000000,529.929985,98.471991,97.749699,2.250301,1.528009,-97.439185,10.141159,18.347677,3,8,2,0.0000,0.0000,0.0000,0.5000,"LeadPursuit",0.119278
432,A0100,adaptive_eagle_v6h_e1c,UNKNOWN,1783.033531,103.465322,80.847399,22.621682,102.994811,13198.049912,233.647166,15614.807517,163.275036,-9801.657923,-155.009641,0.951996,False,False,False,False,False,True,False,1-circle,1.000000,515.986390,98.471991,97.749699,2.250301,1.528009,-93.062810,13.871471,19.445515,1,0,2,0.0000,0.0000,0.0000,0.5000,"LeadPursuit",-0.012818
432,B0100,defensive,UNKNOWN,1783.033531,103.465322,80.847399,22.621682,102.994811,13198.049912,233.647166,15614.807517,163.275036,-9801.657923,-155.009641,0.951996,False,False,False,False,False,True,False,1-circle,1.000000,515.986390,98.471991,97.749699,2.250301,1.528009,-93.062810,13.871471,19.445515,3,8,2,0.0000,0.0000,0.0000,0.5000,"LeadPursuit",0.125089
433,A0100,adaptive_eagle_v6h_e1c,UNKNOWN,1830.842540,100.580499,80.315550,20.502261,99.725380,13204.894433,234.911769,15647.883986,165.382344,-9771.705317,-146.435206,1.217879,False,False,False,False,False,True,False,1-circle,1.000000,497.994218,98.471991,97.749699,2.250301,1.528009,-88.627686,17.621309,20.466711,1,0,2,0.0000,0.0000,0.0000,0.5000,"LeadPursuit",-0.006836
433,B0100,defensive,UNKNOWN,1830.842540,100.580499,80.315550,20.502261,99.725380,13204.894433,234.911769,15647.883986,165.382344,-9771.705317,-146.435206,1.217879,False,False,False,False,False,True,False,1-circle,1.000000,497.994218,98.471991,97.749699,2.250301,1.528009,-88.627686,17.621309,20.466711,3,8,2,0.0000,0.0000,0.0000,0.5000,"LeadPursuit",0.132191
434,A0100,adaptive_eagle_v6h_e1c,UNKNOWN,1874.177106,97.641931,80.122992,18.354068,96.468487,13213.538467,236.108356,15681.479460,167.977367,-9733.114634,-133.980365,1.489274,False,False,False,False,False,True,False,1-circle,1.000000,476.814209,98.471991,97.749699,2.250301,1.528009,-84.220771,21.325778,21.413473,1,0,2,0.0000,0.0000,0.0000,0.5000,"LeadPursuit",-0.006362
434,B0100,defensive,UNKNOWN,1874.177106,97.641931,80.122992,18.354068,96.468487,13213.538467,236.108356,15681.479460,167.977367,-9733.114634,-133.980365,1.489274,False,False,False,False,False,True,False,1-circle,1.000000,476.814209,98.471991,97.749699,2.250301,1.528009,-84.220771,21.325778,21.413473,3,8,2,0.0000,0.0000,0.0000,0.5000,"LeadPursuit",0.140820
435,A0100,adaptive_eagle_v6h_e1c,UNKNOWN,1912.365773,94.636386,80.126638,16.280733,93.200635,13223.966037,237.240396,15715.629239,170.748899,-9692.747833,-119.028851,1.765993,False,False,False,False,False,True,False,1-circle,1.000000,453.558963,98.471991,97.749699,2.250301,1.528009,-79.905936,24.947558,22.284618,1,0,2,0.0000,0.0000,0.0000,0.5000,"LeadPursuit",-0.361526
435,B0100,defensive,UNKNOWN,1912.365773,94.636386,80.126638,16.280733,93.200635,13223.966037,237.240396,15715.629239,170.748899,-9692.747833,-119.028851,1.765993,False,False,False,False,False,True,False,1-circle,1.000000,453.558963,98.471991,97.749699,2.250301,1.528009,-79.905936,24.947558,22.284618,3,8,2,0.0000,0.0000,0.0000,0.5000,"LeadPursuit",0.149732
436,A0100,adaptive_eagle_v6h_e1c,UNKNOWN,1944.822893,91.546588,80.511948,14.100188,89.912303,13236.038146,236.770591,15717.842686,11.067234,-9664.940339,-99.606136,2.063263,False,False,False,False,False,True,False,1-circle,1.000000,429.630023,98.471991,97.749699,2.250301,1.528009,-75.725013,28.481720,23.107449,1,0,2,0.0000,0.0000,0.0000,0.5000,"LeadPursuit",-0.672085
436,B0100,defensive,UNKNOWN,1944.822893,91.546588,80.511948,14.100188,89.912303,13236.038146,236.770591,15717.842686,11.067234,-9664.940339,-99.606136,2.063263,False,False,False,False,False,True,False,1-circle,1.000000,429.630023,98.471991,97.749699,2.250301,1.528009,-75.725013,28.481720,23.107449,3,8,2,0.0000,0.0000,0.0000,0.5000,"LeadPursuit",0.162384
437,A0100,adaptive_eagle_v6h_e1c,UNKNOWN,1969.669945,88.371234,81.476300,12.499211,86.567708,13249.527848,235.939088,15713.931534,-19.555761,-9579.134036,-74.053014,2.374665,False,False,True,False,False,True,False,1-circle,1.000000,405.633438,98.471991,97.749699,2.250301,1.528009,-71.731062,31.898191,23.876660,3,0,3,0.0000,0.0000,0.0000,0.5000,"SmartLowYoYo",-0.691078
437,B0100,defensive,UNKNOWN,1969.669945,88.371234,81.476300,12.499211,86.567708,13249.527848,235.939088,15713.931534,-19.555761,-9579.134036,-74.053014,2.374665,False,False,True,False,False,True,False,1-circle,1.000000,405.633438,98.471991,97.749699,2.250301,1.528009,-71.731062,31.898191,23.876660,3,8,2,0.0000,0.0000,0.0000,0.5000,"LeadPursuit",0.177119
438,A0100,adaptive_eagle_v6h_e1c,UNKNOWN,1985.985824,85.098620,81.971178,13.056185,83.151649,13264.356035,235.037105,15709.953176,-19.891789,-9548.712467,-52.843668,2.696012,False,False,True,False,False,True,False,1-circle,1.000000,379.544913,98.471991,97.749699,2.250301,1.528009,-67.899671,35.150621,24.537971,3,0,3,0.0000,0.0000,0.0000,0.5000,"SmartLowYoYo",-0.731799
438,B0100,defensive,UNKNOWN,1985.985824,85.098620,81.971178,13.056185,83.151649,13264.356035,235.037105,15709.953176,-19.891789,-9548.712467,-52.843668,2.696012,False,False,True,False,False,True,False,1-circle,1.000000,379.544913,98.471991,97.749699,2.250301,1.528009,-67.899671,35.150621,24.537971,3,8,2,0.0000,0.0000,0.0000,0.5000,"LeadPursuit",0.194250
439,A0100,adaptive_eagle_v6h_e1c,UNKNOWN,1995.733198,81.705707,81.914936,14.684306,79.647013,13280.441310,234.078104,15706.122053,-19.155615,-9593.401383,-36.724071,3.027953,False,False,True,False,False,True,False,1-circle,1.000000,350.124916,98.471991,97.749699,2.250301,1.528009,-64.168756,38.232848,25.085874,1,0,4,0.0000,0.0000,0.0000,0.5000,"SmartLowYoYo",-0.759752
439,B0100,defensive,UNKNOWN,1995.733198,81.705707,81.914936,14.684306,79.647013,13280.441310,234.078104,15706.122053,-19.155615,-9593.401383,-36.724071,3.027953,False,False,True,False,False,True,False,1-circle,1.000000,350.124916,98.471991,97.749699,2.250301,1.528009,-64.168756,38.232848,25.085874,3,8,2,0.0000,0.0000,0.0000,0.5000,"LeadPursuit",0.214733
440,A0100,adaptive_eagle_v6h_e1c,UNKNOWN,2000.092983,78.179314,81.839874,16.717154,76.037905,13297.693746,233.074827,15702.625730,-17.481617,-9650.937181,-20.443556,3.374483,False,False,True,False,False,True,False,1-circle,1.000000,318.053678,98.471991,97.749699,2.250301,1.528009,-60.510146,41.171292,25.530566,1,0,4,0.0000,0.0000,0.0000,0.5000,"SmartLowYoYo",-0.787844
440,B0100,defensive,UNKNOWN,2000.092983,78.179314,81.839874,16.717154,76.037905,13297.693746,233.074827,15702.625730,-17.481617,-9650.937181,-20.443556,3.374483,False,False,True,False,False,True,False,1-circle,1.000000,318.053678,98.471991,97.749699,2.250301,1.528009,-60.510146,41.171292,25.530566,2,8,2,0.0000,0.0000,0.0000,0.5000,"LeadPursuit",0.239332
441,A0100,adaptive_eagle_v6h_e1c,UNKNOWN,1998.865454,74.514910,81.875552,19.005684,72.312125,13316.018070,232.037490,15699.590629,-15.175504,-9690.312989,-2.756172,3.742140,False,False,True,False,False,True,False,1-circle,1.000000,284.385560,98.471991,97.749699,2.250301,1.528009,-56.903903,44.005147,25.883205,1,0,4,0.0000,0.0000,0.0000,0.5000,"SmartLowYoYo",-0.814998
441,B0100,defensive,UNKNOWN,1998.865454,74.514910,81.875552,19.005684,72.312125,13316.018070,232.037490,15699.590629,-15.175504,-9690.312989,-2.756172,3.742140,False,False,True,False,False,True,False,1-circle,1.000000,284.385560,98.471991,97.749699,2.250301,1.528009,-56.903903,44.005147,25.883205,2,8,2,0.0000,0.0000,0.0000,0.5000,"LeadPursuit",0.269305
442,A0100,adaptive_eagle_v6h_e1c,UNKNOWN,1991.773776,70.710390,82.183350,21.643117,68.456431,13335.315757,230.974241,15697.094198,-12.482153,-9691.029151,17.824175,4.138771,False,False,True,False,False,True,False,1-circle,1.000000,250.372671,98.471991,97.749699,2.250301,1.528009,-53.344396,46.769013,26.151903,1,0,4,0.0000,0.0000,0.0000,0.5000,"SmartLowYoYo",-0.833629
442,B0100,defensive,UNKNOWN,1991.773776,70.710390,82.183350,21.643117,68.456431,13335.315757,230.974241,15697.094198,-12.482153,-9691.029151,17.824175,4.138771,False,False,True,False,False,True,False,1-circle,1.000000,250.372671,98.471991,97.749699,2.250301,1.528009,-53.344396,46.769013,26.151903,2,8,2,0.0000,0.0000,0.0000,0.5000,"LeadPursuit",0.305742
443,A0100,adaptive_eagle_v6h_e1c,UNKNOWN,1977.355759,66.760401,82.966052,25.341390,64.458988,13355.486230,229.891795,15695.179900,-9.571490,-9631.881576,43.150393,4.572581,False,False,True,False,False,True,False,1-circle,1.000000,216.304799,98.471991,97.749699,2.250301,1.528009,-49.809111,49.483897,26.341442,1,0,4,0.0000,0.0000,0.0000,0.5000,"SmartLowYoYo",-0.898735
443,B0100,defensive,UNKNOWN,1977.355759,66.760401,82.966052,25.341390,64.458988,13355.486230,229.891795,15695.179900,-9.571490,-9631.881576,43.150393,4.572581,False,False,True,False,False,True,False,1-circle,1.000000,216.304799,98.471991,97.749699,2.250301,1.528009,-49.809111,49.483897,26.341442,2,8,2,0.0000,0.0000,0.0000,0.5000,"LeadPursuit",0.349211
444,A0100,adaptive_eagle_v6h_e1c,DBFM,1955.369682,62.634059,83.144648,29.480959,60.305185,13376.427641,228.795863,15693.867077,-6.564117,-9625.193493,62.660366,5.051798,False,False,True,False,False,True,False,1-circle,1.000000,180.045929,98.471991,97.749699,2.250301,1.528009,-46.168826,52.156566,26.454203,1,0,4,0.0000,0.0000,0.0000,0.5000,"SmartLowYoYo",-0.983172
444,B0100,defensive,DBFM,1955.369682,62.634059,83.144648,29.480959,60.305185,13376.427641,228.795863,15693.867077,-6.564117,-9625.193493,62.660366,5.051798,False,False,True,False,False,True,False,1-circle,1.000000,180.045929,98.471991,97.749699,2.250301,1.528009,-46.168826,52.156566,26.454203,2,8,2,0.0000,0.0000,0.0000,0.5000,"LeadPursuit",0.402388
445,A0100,adaptive_eagle_v6h_e1c,DBFM,1928.392577,58.290517,82.657774,33.227276,55.969266,13398.037520,227.691406,15693.157199,-3.549391,-9691.284007,75.764460,5.584993,False,False,True,False,False,True,False,1-circle,1.000000,140.429716,98.471991,97.749699,2.250301,1.528009,-42.295961,54.783957,26.491300,3,0,3,0.0000,0.0000,0.0000,0.5000,"SmartLowYoYo",-1.055990
445,B0100,defensive,DBFM,1928.392577,58.290517,82.657774,33.227276,55.969266,13398.037520,227.691406,15693.157199,-3.549391,-9691.284007,75.764460,5.584993,False,False,True,False,False,True,False,1-circle,1.000000,140.429716,98.471991,97.749699,2.250301,1.528009,-42.295961,54.783957,26.491300,2,8,2,0.0000,0.0000,0.0000,0.5000,"LeadPursuit",0.468932
446,A0100,adaptive_eagle_v6h_e1c,DBFM,1897.970734,53.703924,82.076845,36.899774,51.423960,13420.213405,226.582830,15693.038689,-0.592549,-9771.236300,87.901714,6.181897,False,False,True,False,False,True,False,1-circle,1.000000,98.107775,98.471991,97.749699,2.250301,1.528009,-38.116174,57.358914,26.453504,3,0,3,0.0000,0.0000,0.0000,0.5000,"SmartLowYoYo",-1.167840
446,B0100,defensive,DBFM,1897.970734,53.703924,82.076845,36.899774,51.423960,13420.213405,226.582830,15693.038689,-0.592549,-9771.236300,87.901714,6.181897,False,False,True,False,False,True,False,1-circle,1.000000,98.107775,98.471991,97.749699,2.250301,1.528009,-38.116174,57.358914,26.453504,2,8,2,0.0000,0.0000,0.0000,0.5000,"LeadPursuit",0.569505
447,A0100,adaptive_eagle_v6h_e1c,DBFM,1864.269478,48.745450,81.494398,40.765198,46.497291,13442.904361,225.320782,15690.481257,-12.787158,-9842.596256,100.092871,6.625707,False,False,True,False,False,True,False,1-circle,1.000000,53.978242,98.471991,97.749699,2.250301,1.528009,-34.392824,59.006162,26.365824,3,0,3,0.0000,0.0000,0.0000,0.5000,"SmartLowYoYo",-1.262114
447,B0100,defensive,DBFM,1864.269478,48.745450,81.494398,40.765198,46.497291,13442.904361,225.320782,15690.481257,-12.787158,-9842.596256,100.092871,6.625707,False,False,True,False,False,True,False,1-circle,1.000000,53.978242,98.471991,97.749699,2.250301,1.528009,-34.392824,59.006162,26.365824,2,8,2,0.0000,0.0000,0.0000,0.5000,"LeadPursuit",0.676485
448,A0100,adaptive_eagle_v6h_e1c,OBFM,1827.835020,43.515717,80.715559,44.548125,41.296955,13466.151935,224.047875,15688.406038,-10.376095,-9908.426127,109.812651,6.721984,False,False,True,False,False,True,False,1-circle,1.000000,9.087509,98.471991,97.749699,2.250301,1.528009,-31.423438,59.238649,26.270300,3,0,3,0.0000,0.0000,0.0000,0.5000,"SmartLowYoYo",-1.352429
448,B0100,defensive,OBFM,1827.835020,43.515717,80.715559,44.548125,41.296955,13466.151935,224.047875,15688.406038,-10.376095,-9908.426127,109.812651,6.721984,False,False,True,False,False,True,False,1-circle,1.000000,9.087509,98.471991,97.749699,2.250301,1.528009,-31.423438,59.238649,26.270300,2,8,2,0.0000,0.0000,0.0000,0.5000,"LeadPursuit",0.798205
449,A0100,adaptive_eagle_v6h_e1c,UNKNOWN,1789.913868,38.046809,79.575483,48.120149,35.837536,13489.881939,222.793735,15687.326898,-5.395703,-9969.564216,115.072304,6.765022,False,False,True,False,False,False,False,1-circle,1.000000,-35.256179,98.471991,97.749699,2.250301,1.528009,-27.656780,59.269513,26.221177,3,0,3,0.0000,0.0000,0.0000,0.5000,"SmartLowYoYo",-1.439687
449,B0100,defensive,UNKNOWN,1789.913868,38.046809,79.575483,48.120149,35.837536,13489.881939,222.793735,15687.326898,-5.395703,-9969.564216,115.072304,6.765022,False,False,True,False,False,False,False,1-circle,1.000000,-35.256179,98.471991,97.749699,2.250301,1.528009,-27.656780,59.269513,26.221177,2,7,2,0.0000,0.0000,0.0000,0.5000,"LeadPursuit",0.937128
450,A0100,adaptive_eagle_v6h_e1c,UNKNOWN,1752.232470,32.330299,77.921592,51.444939,30.064765,13514.054173,221.529203,15686.625418,-3.507399,-10025.952758,114.112483,6.896984,False,False,True,False,False,False,False,1-circle,1.000000,-77.716158,98.471991,97.749699,2.250301,1.528009,-21.874549,59.622957,26.236183,3,0,3,0.0000,0.0000,0.0000,0.5000,"SmartLowYoYo",-1.475578
450,B0100,defensive,UNKNOWN,1752.232470,32.330299,77.921592,51.444939,30.064765,13514.054173,221.529203,15686.625418,-3.507399,-10025.952758,114.112483,6.896984,False,False,True,False,False,False,False,1-circle,1.000000,-77.716158,98.471991,97.749699,2.250301,1.528009,-21.874549,59.622957,26.236183,2,7,2,0.0000,0.0000,0.0000,0.5000,"LeadPursuit",1.065890
451,A0100,adaptive_eagle_v6h_e1c,UNKNOWN,1716.631611,26.408500,75.946690,54.736505,23.952501,13538.638777,220.255416,15686.297405,-1.640065,-10040.105772,108.500841,7.142004,False,False,True,False,False,False,False,1-circle,1.000000,-116.815811,98.471991,97.749699,2.250301,1.528009,-12.415232,60.357793,26.298320,1,0,4,0.0000,0.0000,0.0000,0.5000,"SmartLowYoYo",-1.385448
451,B0100,defensive,UNKNOWN,1716.631611,26.408500,75.946690,54.736505,23.952501,13538.638777,220.255416,15686.297405,-1.640065,-10040.105772,108.500841,7.142004,False,False,True,False,False,False,False,1-circle,1.000000,-116.815811,98.471991,97.749699,2.250301,1.528009,-12.415232,60.357793,26.298320,2,6,2,0.0000,0.0000,0.0000,0.5000,"LeadPursuit",1.114002
452,A0100,adaptive_eagle_v6h_e1c,UNKNOWN,1683.409223,20.399321,74.208314,58.682900,17.489522,13563.597052,218.981440,15686.483050,0.928225,-9973.704052,103.156668,7.478272,False,False,True,False,False,False,False,1-circle,1.000000,-151.247057,98.471991,97.749699,2.250301,1.528009,4.980092,61.349287,26.379370,1,0,4,0.0000,0.0000,0.0000,0.5000,"SmartLowYoYo",-1.068957
452,B0100,defensive,UNKNOWN,1683.409223,20.399321,74.208314,58.682900,17.489522,13563.597052,218.981440,15686.483050,0.928225,-9973.704052,103.156668,7.478272,False,False,True,False,False,False,False,1-circle,1.000000,-151.247057,98.471991,97.749699,2.250301,1.528009,4.980092,61.349287,26.379370,2,6,2,0.0000,0.0000,0.0000,0.5000,"LeadPursuit",0.915871
453,A0100,adaptive_eagle_v6h_e1c,OBFM,1652.673582,14.567793,72.379025,63.209790,10.662357,13588.879382,217.714197,15687.266237,3.915936,-9918.498890,94.150006,7.876087,False,False,True,False,False,False,False,1-circle,1.000000,-182.245695,98.471991,97.749699,2.250301,1.528009,40.907137,62.456247,26.454595,1,0,4,0.0000,0.0000,0.0000,0.5000,"SmartLowYoYo",-0.380504
453,B0100,defensive,OBFM,1652.673582,14.567793,72.379025,63.209790,10.662357,13588.879382,217.714197,15687.266237,3.915936,-9918.498890,94.150006,7.876087,False,False,True,False,False,False,False,1-circle,1.000000,-182.245695,98.471991,97.749699,2.250301,1.528009,40.907137,62.456247,26.454595,2,6,2,0.0000,0.0000,0.0000,0.5000,"LeadPursuit",0.278227
454,A0100,adaptive_eagle_v6h_e1c,OBFM,1627.157172,9.837208,69.843920,67.619883,3.466644,13614.429724,216.456513,15688.642840,6.883015,-9934.177324,75.185723,8.312661,False,False,True,False,False,False,False,1-circle,1.000000,-213.351080,98.471991,97.749699,2.250301,1.528009,86.192788,63.582863,26.507699,1,0,4,0.0000,0.0000,0.0000,0.5000,"SmartLowYoYo",0.557854
454,B0100,defensive,OBFM,1627.157172,9.837208,69.843920,67.619883,3.466644,13614.429724,216.456513,15688.642840,6.883015,-9934.177324,75.185723,8.312661,False,False,True,False,False,False,False,1-circle,1.000000,-213.351080,98.471991,97.749699,2.250301,1.528009,86.192788,63.582863,26.507699,2,5,1,0.0000,0.0000,0.0000,0.5000,"LeadPursuit",-0.620740
455,A0100,adaptive_eagle_v6h_e1c,OBFM,1610.806621,9.135628,66.592515,71.619497,-4.069647,13640.189995,215.208366,15690.551121,9.541406,-10006.826245,45.929420,8.777254,False,False,True,False,False,False,False,1-circle,-1.000000,-246.172437,98.471991,97.749699,2.250301,1.528009,110.633733,64.686801,26.533460,1,0,4,0.0000,0.0000,0.0000,0.5000,"SmartLowYoYo",1.386247
455,B0100,defensive,OBFM,1610.806621,9.135628,66.592515,71.619497,-4.069647,13640.189995,215.208366,15690.551121,9.541406,-10006.826245,45.929420,8.777254,False,False,True,False,False,False,False,1-circle,-1.000000,-246.172437,98.471991,97.749699,2.250301,1.528009,110.633733,64.686801,26.533460,2,3,1,0.0000,0.0000,0.0000,0.5000,"LeadPursuit",-1.296027
456,A0100,adaptive_eagle_v6h_e1c,OBFM,1606.179308,13.755262,63.246147,75.828438,-12.016837,13666.175724,214.435106,15701.829103,56.389910,-10054.960045,12.502415,8.175704,False,False,True,False,False,False,False,1-circle,-1.000000,-280.465133,98.471991,97.749699,2.250301,1.528009,119.555052,63.006648,26.434883,1,0,4,0.0000,0.0000,0.0000,0.5000,"SmartLowYoYo",1.811214
456,B0100,defensive,OBFM,1606.179308,13.755262,63.246147,75.828438,-12.016837,13666.175724,214.435106,15701.829103,56.389910,-10054.960045,12.502415,8.175704,False,False,True,False,False,False,False,1-circle,-1.000000,-280.465133,98.471991,97.749699,2.250301,1.528009,119.555052,63.006648,26.434883,2,2,1,0.0000,0.0000,0.0000,0.5000,"LeadPursuit",-1.472977
457,A0100,adaptive_eagle_v6h_e1c,UNKNOWN,1614.631129,20.547412,59.829964,80.057610,-20.136838,13692.553642,213.754289,15715.301429,67.361629,-10084.199457,-25.294315,6.147578,False,False,True,False,False,False,False,1-circle,-1.000000,-315.618132,98.471991,97.749699,2.250301,1.528009,118.020924,55.812702,25.432488,3,0,3,0.0000,0.0000,0.0000,0.5000,"SmartLowYoYo",1.839881
457,B0100,defensive,UNKNOWN,1614.631129,20.547412,59.829964,80.057610,-20.136838,13692.553642,213.754289,15715.301429,67.361629,-10084.199457,-25.294315,6.147578,False,False,True,False,False,False,False,1-circle,-1.000000,-315.618132,98.471991,97.749699,2.250301,1.528009,118.020924,55.812702,25.432488,2,2,2,0.0000,0.0000,0.0000,0.5000,"LeadPursuit",-1.289248
458,A0100,adaptive_eagle_v6h_e1c,UNKNOWN,1637.390063,27.722356,56.256232,83.911828,-28.087724,13719.506218,214.168460,15750.100157,173.993641,-10081.121792,-66.306391,4.316791,False,False,True,False,False,False,False,1-circle,-1.000000,-350.786335,98.471991,97.749699,2.250301,1.528009,111.712665,46.016787,23.625095,3,0,3,0.0000,0.0000,0.0000,0.5000,"SmartLowYoYo",1.623122
458,B0100,defensive,UNKNOWN,1637.390063,27.722356,56.256232,83.911828,-28.087724,13719.506218,214.168460,15750.100157,173.993641,-10081.121792,-66.306391,4.316791,False,False,True,False,False,False,False,1-circle,-1.000000,-350.786335,98.471991,97.749699,2.250301,1.528009,111.712665,46.016787,23.625095,1,1,2,0.0000,0.0000,0.0000,0.5000,"LeadPursuit",-0.985186
459,A0100,adaptive_eagle_v6h_e1c,UNKNOWN,1675.425153,34.504254,52.497469,86.997983,-35.457624,13746.954000,213.511861,15765.116208,75.080255,-10102.732732,-111.170844,2.824697,False,False,True,False,False,False,False,1-circle,-1.000000,-384.740124,98.471991,97.749699,2.250301,1.528009,102.172091,34.068015,21.332317,3,0,3,0.0000,0.0000,0.0000,0.5000,"SmartLowYoYo",1.387363
459,B0100,defensive,UNKNOWN,1675.425153,34.504254,52.497469,86.997983,-35.457624,13746.954000,213.511861,15765.116208,75.080255,-10102.732732,-111.170844,2.824697,False,False,True,False,False,False,False,1-circle,-1.000000,-384.740124,98.471991,97.749699,2.250301,1.528009,102.172091,34.068015,21.332317,1,1,2,0.0000,0.0000,0.0000,0.5000,"LeadPursuit",-0.735696
460,A0100,adaptive_eagle_v6h_e1c,UNKNOWN,1728.827710,40.775122,48.870252,89.643513,-42.198862,13774.445501,212.832098,15779.777619,73.307055,-10084.087973,-154.535280,1.559049,False,False,True,False,False,False,False,1-circle,-1.000000,-415.723051,98.471991,97.749699,2.250301,1.528009,90.365971,20.416597,18.625009,3,0,3,0.0000,0.0000,0.0000,0.5000,"SmartLowYoYo",1.203559
460,B0100,defensive,UNKNOWN,1728.827710,40.775122,48.870252,89.643513,-42.198862,13774.445501,212.832098,15779.777619,73.307055,-10084.087973,-154.535280,1.559049,False,False,True,False,False,False,False,1-circle,-1.000000,-415.723051,98.471991,97.749699,2.250301,1.528009,90.365971,20.416597,18.625009,1,0,2,0.0000,0.0000,0.0000,0.5000,"LeadPursuit",-0.561197
461,A0100,adaptive_eagle_v6h_e1c,HABFM,1795.412219,46.614120,46.083156,92.689896,-48.400126,13801.570771,212.166651,15794.382641,73.025111,-9992.097633,-190.568954,0.400213,False,False,True,False,False,False,False,2-circle,-1.000000,-442.436611,98.471991,97.749699,2.250301,1.528009,76.922434,5.443703,15.565100,3,0,3,0.0000,0.0000,0.0000,0.5000,"SmartLowYoYo",1.060102
461,B0100,defensive,HABFM,1795.412219,46.614120,46.083156,92.689896,-48.400126,13801.570771,212.166651,15794.382641,73.025111,-9992.097633,-190.568954,0.400213,False,False,True,False,False,False,False,2-circle,-1.000000,-442.436611,98.471991,97.749699,2.250301,1.528009,76.922434,5.443703,15.565100,1,0,2,0.0000,0.0000,0.0000,0.5000,"LeadPursuit",-0.447543
462,A0100,adaptive_eagle_v6h_e1c,HABFM,1873.118718,52.135720,43.705759,95.810733,-54.185134,13827.900372,211.447371,15807.223211,64.202846,-9927.144575,-224.010326,0.809998,False,False,True,False,False,False,False,2-circle,-1.000000,-466.002334,98.471991,97.749699,2.250301,1.528009,61.865470,-10.885564,12.490955,3,0,3,0.0000,0.0000,0.0000,0.5000,"SmartLowYoYo",0.954856
462,B0100,defensive,HABFM,1873.118718,52.135720,43.705759,95.810733,-54.185134,13827.900372,211.447371,15807.223211,64.202846,-9927.144575,-224.010326,0.809998,False,False,True,False,False,False,False,2-circle,-1.000000,-466.002334,98.471991,97.749699,2.250301,1.528009,61.865470,-10.885564,12.490955,1,0,2,0.0000,0.0000,0.0000,0.5000,"LeadPursuit",-0.370580
463,A0100,adaptive_eagle_v6h_e1c,HABFM,1962.557837,57.365733,41.000678,98.291256,-59.593687,13853.102063,210.566584,15815.969462,43.731257,-9937.181296,-260.167525,2.306259,False,False,True,False,False,False,False,2-circle,-1.000000,-487.732354,98.471991,97.749699,2.250301,1.528009,45.192962,-28.613106,10.038478,1,0,4,0.0000,0.0000,0.0000,0.5000,"SmartLowYoYo",0.865200
463,B0100,defensive,HABFM,1962.557837,57.365733,41.000678,98.291256,-59.593687,13853.102063,210.566584,15815.969462,43.731257,-9937.181296,-260.167525,2.306259,False,False,True,False,False,False,False,2-circle,-1.000000,-487.732354,98.471991,97.749699,2.250301,1.528009,45.192962,-28.613106,10.038478,1,0,2,0.0000,0.0000,0.0000,0.5000,"LeadPursuit",-0.305396
464,A0100,adaptive_eagle_v6h_e1c,HABFM,2063.634049,62.110134,38.638639,100.653241,-64.460693,13877.165803,209.523227,15820.629381,23.299594,-9929.606254,-292.260160,4.645723,False,False,True,False,False,False,False,2-circle,-1.000000,-507.360194,98.471991,97.749699,2.250301,1.528009,27.143923,-47.568424,9.882810,1,8,4,0.0000,0.0000,0.0000,0.5000,"HeadOnBreak",0.721361
464,B0100,defensive,HABFM,2063.634049,62.110134,38.638639,100.653241,-64.460693,13877.165803,209.523227,15820.629381,23.299594,-9929.606254,-292.260160,4.645723,False,False,True,False,False,False,False,2-circle,-1.000000,-507.360194,98.471991,97.749699,2.250301,1.528009,27.143923,-47.568424,9.882810,1,0,2,0.0000,0.0000,0.0000,0.5000,"LeadPursuit",-0.237581
465,A0100,adaptive_eagle_v6h_e1c,HABFM,2174.230901,66.107074,36.461323,102.446522,-68.540624,13900.369455,208.680216,15828.225553,37.980862,-9942.025541,-320.547074,10.042175,False,False,True,False,False,False,False,2-circle,-1.000000,-525.286249,98.471991,97.749699,2.250301,1.528009,8.488683,-67.002221,11.818682,1,8,4,0.0000,0.0000,0.0000,0.5000,"HeadOnBreak",0.506189
465,B0100,defensive,HABFM,2174.230901,66.107074,36.461323,102.446522,-68.540624,13900.369455,208.680216,15828.225553,37.980862,-9942.025541,-320.547074,10.042175,False,False,True,False,False,False,False,2-circle,-1.000000,-525.286249,98.471991,97.749699,2.250301,1.528009,8.488683,-67.002221,11.818682,1,0,2,0.0000,0.0000,0.0000,0.5000,"LeadPursuit",-0.165055
466,A0100,adaptive_eagle_v6h_e1c,HABFM,2294.801532,69.199065,33.377315,102.377641,-71.644019,13922.859407,207.957870,15837.392074,45.832606,-10067.525708,-351.486268,58.718368,False,False,True,False,False,False,False,2-circle,-1.000000,-542.367422,98.471991,97.749699,2.250301,1.528009,-9.681054,-85.835642,13.811930,1,0,4,0.0000,0.0000,0.0000,0.5000,"HeadOnBreak",0.332964
466,B0100,defensive,HABFM,2294.801532,69.199065,33.377315,102.377641,-71.644019,13922.859407,207.957870,15837.392074,45.832606,-10067.525708,-351.486268,58.718368,False,False,True,False,False,False,False,2-circle,-1.000000,-542.367422,98.471991,97.749699,2.250301,1.528009,-9.681054,-85.835642,13.811930,1,0,2,0.0000,0.0000,0.0000,0.5000,"LeadPursuit",-0.107043
467,A0100,adaptive_eagle_v6h_e1c,HABFM,2424.944218,71.585440,30.466311,101.761029,-73.935786,13944.326135,207.085296,15842.826057,27.169912,-10192.396515,-377.640549,245.865625,False,False,True,False,False,False,False,2-circle,-1.000000,-558.107047,98.471991,97.749699,2.250301,1.528009,-26.432567,-103.174893,14.455582,1,0,4,0.0000,0.0000,0.0000,0.5000,"HeadOnBreak",0.238966
467,B0100,defensive,HABFM,2424.944218,71.585440,30.466311,101.761029,-73.935786,13944.326135,207.085296,15842.826057,27.169912,-10192.396515,-377.640549,245.865625,False,False,True,False,False,False,False,2-circle,-1.000000,-558.107047,98.471991,97.749699,2.250301,1.528009,-26.432567,-103.174893,14.455582,1,0,2,0.0000,0.0000,0.0000,0.5000,"LeadPursuit",-0.073406
468,A0100,adaptive_eagle_v6h_e1c,HABFM,2561.999123,73.624973,28.456922,101.710892,-75.773693,13964.184797,206.151222,15845.596691,13.853173,-10228.215539,-395.723968,246.886868,False,False,True,False,False,False,False,2-circle,-1.000000,-571.520368,98.471991,97.749699,2.250301,1.528009,-40.302721,-117.589138,13.488811,1,8,4,0.0000,0.0000,0.0000,0.5000,"HeadOnBreak",0.237660
468,B0100,defensive,HABFM,2561.999123,73.624973,28.456922,101.710892,-75.773693,13964.184797,206.151222,15845.596691,13.853173,-10228.215539,-395.723968,246.886868,False,False,True,False,False,False,False,2-circle,-1.000000,-571.520368,98.471991,97.749699,2.250301,1.528009,-40.302721,-117.589138,13.488811,1,0,2,0.0000,0.0000,0.0000,0.5000,"LeadPursuit",-0.068354
469,A0100,adaptive_eagle_v6h_e1c,HABFM,2703.378304,75.698737,27.397527,102.608241,-77.583589,13981.871527,205.404114,15849.671366,20.373374,-10258.587955,-409.390256,247.703526,False,False,True,False,False,False,False,2-circle,-1.000000,-582.518731,98.471991,97.749699,2.250301,1.528009,-47.714038,-125.507144,11.403203,1,8,4,0.0000,0.0000,0.0000,0.5000,"HeadOnBreak",0.233256
469,B0100,defensive,HABFM,2703.378304,75.698737,27.397527,102.608241,-77.583589,13981.871527,205.404114,15849.671366,20.373374,-10258.587955,-409.390256,247.703526,False,False,True,False,False,False,False,2-circle,-1.000000,-582.518731,98.471991,97.749699,2.250301,1.528009,-47.714038,-125.507144,11.403203,1,0,2,0.0000,0.0000,0.0000,0.5000,"LeadPursuit",-0.068278
470,A0100,adaptive_eagle_v6h_e1c,HABFM,2849.196042,77.736000,25.711875,102.779148,-79.355847,13997.313161,206.533111,15885.702028,180.153308,-10302.261620,-426.086656,246.311835,False,False,True,False,False,False,False,2-circle,-1.000000,-591.825307,98.471991,97.749699,2.250301,1.528009,-45.547322,-123.807057,8.814360,1,8,4,0.0000,0.0000,0.0000,0.5000,"HeadOnBreak",0.193526
470,B0100,defensive,HABFM,2849.196042,77.736000,25.711875,102.779148,-79.355847,13997.313161,206.533111,15885.702028,180.153308,-10302.261620,-426.086656,246.311835,False,False,True,False,False,False,False,2-circle,-1.000000,-591.825307,98.471991,97.749699,2.250301,1.528009,-45.547322,-123.807057,8.814360,1,0,2,0.0000,0.0000,0.0000,0.5000,"LeadPursuit",-0.057853
471,A0100,adaptive_eagle_v6h_e1c,HABFM,3000.666048,79.536951,23.543638,102.214289,-80.893511,14010.685939,207.871550,15923.629541,189.637565,-10398.280499,-444.459596,244.700321,False,False,True,False,False,False,False,2-circle,-1.000000,-599.373421,98.471991,97.749699,2.250301,1.528009,-38.170898,-116.872586,6.339455,1,0,4,0.0000,0.0000,0.0000,0.5000,"HeadOnBreak",0.134170
471,B0100,defensive,HABFM,3000.666048,79.536951,23.543638,102.214289,-80.893511,14010.685939,207.871550,15923.629541,189.637565,-10398.280499,-444.459596,244.700321,False,False,True,False,False,False,False,2-circle,-1.000000,-599.373421,98.471991,97.749699,2.250301,1.528009,-38.170898,-116.872586,6.339455,1,0,2,0.0000,0.0000,0.0000,0.5000,"LeadPursuit",-0.040185
472,A0100,adaptive_eagle_v6h_e1c,HABFM,3157.189611,80.963752,21.545878,101.537625,-82.057346,14021.956188,207.619431,15930.262350,33.164047,-10506.265207,-459.832825,244.950308,False,False,True,False,False,False,False,2-circle,-1.000000,-604.492837,98.471991,97.749699,2.250301,1.528009,-29.284380,-108.420202,4.377796,1,0,4,0.0000,0.0000,0.0000,0.5000,"HeadOnBreak",0.099059
472,B0100,defensive,HABFM,3157.189611,80.963752,21.545878,101.537625,-82.057346,14021.956188,207.619431,15930.262350,33.164047,-10506.265207,-459.832825,244.950308,False,False,True,False,False,False,False,2-circle,-1.000000,-604.492837,98.471991,97.749699,2.250301,1.528009,-29.284380,-108.420202,4.377796,1,0,2,0.0000,0.0000,0.0000,0.5000,"LeadPursuit",-0.028210
473,A0100,adaptive_eagle_v6h_e1c,HABFM,3317.423180,82.075584,19.882969,101.077558,-82.932236,14031.211072,207.181957,15931.483728,6.106891,-10538.719094,-470.704725,245.424434,False,False,True,False,False,False,False,2-circle,-1.000000,-606.390201,98.471991,97.749699,2.250301,1.528009,-20.955779,-100.531452,3.061840,1,0,4,0.0000,0.0000,0.0000,0.5000,"HeadOnBreak",0.083486
473,B0100,defensive,HABFM,3317.423180,82.075584,19.882969,101.077558,-82.932236,14031.211072,207.181957,15931.483728,6.106891,-10538.719094,-470.704725,245.424434,False,False,True,False,False,False,False,2-circle,-1.000000,-606.390201,98.471991,97.749699,2.250301,1.528009,-20.955779,-100.531452,3.061840,1,0,3,0.0000,0.0000,0.0000,0.5000,"LeadPursuit",-0.018330
474,A0100,adaptive_eagle_v6h_e1c,HABFM,3479.014974,82.910653,19.439523,101.819167,-83.560962,14038.709802,208.361436,15960.680406,145.983388,-10437.551922,-474.315578,244.028889,False,False,True,False,False,False,False,2-circle,-1.000000,-603.502979,98.471991,97.749699,2.250301,1.528009,-13.875150,-93.916195,2.366745,1,0,4,0.0000,0.0000,0.0000,0.5000,"HeadOnBreak",0.035016
474,B0100,defensive,HABFM,3479.014974,82.910653,19.439523,101.819167,-83.560962,14038.709802,208.361436,15960.680406,145.983388,-10437.551922,-474.315578,244.028889,False,False,True,False,False,False,False,2-circle,-1.000000,-603.502979,98.471991,97.749699,2.250301,1.528009,-13.875150,-93.916195,2.366745,1,0,3,0.0000,0.0000,0.0000,0.5000,"LeadPursuit",-0.006906
475,A0100,adaptive_eagle_v6h_e1c,HABFM,3640.080704,83.435044,19.875163,102.909769,-83.912700,14044.714118,209.558383,15988.829936,140.747650,-10314.476489,-473.464114,242.634859,False,False,True,False,False,False,False,2-circle,-1.000000,-596.722388,98.471991,97.749699,2.250301,1.528009,-10.330180,-90.841609,2.064951,1,8,4,0.0000,0.0000,0.0000,0.5000,"HeadOnBreak",-0.069830
475,B0100,defensive,HABFM,3640.080704,83.435044,19.875163,102.909769,-83.912700,14044.714118,209.558383,15988.829936,140.747650,-10314.476489,-473.464114,242.634859,False,False,True,False,False,False,False,2-circle,-1.000000,-596.722388,98.471991,97.749699,2.250301,1.528009,-10.330180,-90.841609,2.064951,1,0,3,0.0000,0.0000,0.0000,0.5000,"LeadPursuit",0.014699
476,A0100,adaptive_eagle_v6h_e1c,HABFM,3800.484496,83.494365,19.973801,102.976647,-83.811512,14049.344756,210.532228,16011.571691,113.708772,-10275.109140,-473.187173,241.513397,False,False,True,False,False,False,False,2-circle,-1.000000,-589.435229,98.471991,97.749699,2.250301,1.528009,-12.748810,-93.686338,1.832464,1,8,4,0.0000,0.0000,0.0000,0.5000,"HeadOnBreak",-0.149662
476,B0100,defensive,HABFM,3800.484496,83.494365,19.973801,102.976647,-83.811512,14049.344756,210.532228,16011.571691,113.708772,-10275.109140,-473.187173,241.513397,False,False,True,False,False,False,False,2-circle,-1.000000,-589.435229,98.471991,97.749699,2.250301,1.528009,-12.748810,-93.686338,1.832464,1,0,3,0.0000,0.0000,0.0000,0.5000,"LeadPursuit",0.031034
477,A0100,adaptive_eagle_v6h_e1c,HABFM,3961.423374,83.246994,18.914924,101.539749,-83.395805,14052.492849,211.388873,16030.720677,95.744932,-10341.241128,-477.182841,240.538931,False,False,True,False,False,False,False,2-circle,-1.000000,-582.385122,98.471991,97.749699,2.250301,1.528009,-18.524208,-99.843675,1.400607,1,8,4,0.0000,0.0000,0.0000,0.5000,"HeadOnBreak",-0.122443
477,B0100,defensive,HABFM,3961.423374,83.246994,18.914924,101.539749,-83.395805,14052.492849,211.388873,16030.720677,95.744932,-10341.241128,-477.182841,240.538931,False,False,True,False,False,False,False,2-circle,-1.000000,-582.385122,98.471991,97.749699,2.250301,1.528009,-18.524208,-99.843675,1.400607,1,0,3,0.0000,0.0000,0.0000,0.5000,"LeadPursuit",0.023620
478,A0100,adaptive_eagle_v6h_e1c,HABFM,4124.111305,83.155342,17.334130,99.742365,-83.131940,14053.890612,212.551488,16053.938336,116.088294,-10462.760876,-484.452127,239.239633,False,False,True,False,False,False,False,2-circle,-1.000000,-574.510132,98.471991,97.749699,2.250301,1.528009,-21.976614,-103.659133,0.668270,1,8,4,0.0000,0.0000,0.0000,0.5000,"HeadOnBreak",-0.055729
478,B0100,defensive,HABFM,4124.111305,83.155342,17.334130,99.742365,-83.131940,14053.890612,212.551488,16053.938336,116.088294,-10462.760876,-484.452127,239.239633,False,False,True,False,False,False,False,2-circle,-1.000000,-574.510132,98.471991,97.749699,2.250301,1.528009,-21.976614,-103.659133,0.668270,1,0,3,0.0000,0.0000,0.0000,0.5000,"LeadPursuit",0.008573
479,A0100,adaptive_eagle_v6h_e1c,HABFM,4288.967903,83.290406,16.043317,98.506276,-83.124635,14053.485020,214.126007,16083.274028,146.678464,-10553.020264,-491.214101,237.511033,False,False,True,False,False,False,False,2-circle,-1.000000,-565.414485,98.471991,97.749699,2.250301,1.528009,-18.245856,-100.282369,-0.239325,1,0,4,0.0000,0.0000,0.0000,0.5000,"HeadOnBreak",-0.032341
479,B0100,defensive,HABFM,4288.967903,83.290406,16.043317,98.506276,-83.124635,14053.485020,214.126007,16083.274028,146.678464,-10553.020264,-491.214101,237.511033,False,False,True,False,False,False,False,2-circle,-1.000000,-565.414485,98.471991,97.749699,2.250301,1.528009,-18.245856,-100.282369,-0.239325,1,0,3,0.0000,0.0000,0.0000,0.5000,"LeadPursuit",0.004412
480,A0100,adaptive_eagle_v6h_e1c,HABFM,4455.629313,83.435044,15.028761,97.657375,-83.159426,14051.464812,215.890147,16114.837611,157.817915,-10596.698984,-496.292882,235.610070,False,False,True,False,False,False,False,2-circle,-1.000000,-554.839060,98.471991,97.749699,2.250301,1.528009,-10.948670,-93.334607,-1.093456,1,0,4,0.0000,0.0000,0.0000,0.5000,"HeadOnBreak",-0.057206
480,B0100,defensive,HABFM,4455.629313,83.435044,15.028761,97.657375,-83.159426,14051.464812,215.890147,16114.837611,157.817915,-10596.698984,-496.292882,235.610070,False,False,True,False,False,False,False,2-circle,-1.000000,-554.839060,98.471991,97.749699,2.250301,1.528009,-10.948670,-93.334607,-1.093456,1,0,3,0.0000,0.0000,0.0000,0.5000,"LeadPursuit",0.012863
481,A0100,adaptive_eagle_v6h_e1c,HABFM,4623.149992,83.357330,14.458228,97.153538,-83.000806,14048.034590,217.598093,16144.183957,146.731727,-10563.683186,-497.639258,54.517037,False,False,True,False,False,False,False,2-circle,-1.000000,-542.320174,98.471991,97.749699,2.250301,1.528009,-2.982377,-85.718899,-1.602137,1,0,4,0.0000,0.0000,0.0000,0.5000,"HeadOnBreak",-0.090610
481,B0100,defensive,HABFM,4623.149992,83.357330,14.458228,97.153538,-83.000806,14048.034590,217.598093,16144.183957,146.731727,-10563.683186,-497.639258,54.517037,False,False,True,False,False,False,False,2-circle,-1.000000,-542.320174,98.471991,97.749699,2.250301,1.528009,-2.982377,-85.718899,-1.602137,1,0,3,0.0000,0.0000,0.0000,0.5000,"LeadPursuit",0.025243
482,A0100,adaptive_eagle_v6h_e1c,HABFM,4789.824033,82.982508,15.153081,97.644668,-82.577010,14043.471624,219.128356,16169.207103,125.115729,-10461.817617,-493.116666,26.308369,False,False,True,False,False,False,False,2-circle,-1.000000,-527.452349,98.471991,97.749699,2.250301,1.528009,1.849247,-81.241273,-1.752832,1,8,4,0.0000,0.0000,0.0000,0.5000,"HeadOnBreak",-0.181520
482,B0100,defensive,HABFM,4789.824033,82.982508,15.153081,97.644668,-82.577010,14043.471624,219.128356,16169.207103,125.115729,-10461.817617,-493.116666,26.308369,False,False,True,False,False,False,False,2-circle,-1.000000,-527.452349,98.471991,97.749699,2.250301,1.528009,1.849247,-81.241273,-1.752832,1,0,3,0.0000,0.0000,0.0000,0.5000,"LeadPursuit",0.046616
483,A0100,adaptive_eagle_v6h_e1c,HABFM,4954.457432,82.186847,15.769405,97.427006,-81.746654,14038.039424,220.330638,16187.165250,89.790734,-10410.729130,-487.618528,32.907803,False,False,True,False,False,False,False,2-circle,-1.000000,-512.091007,98.471991,97.749699,2.250301,1.528009,0.408166,-83.014785,-1.771017,1,8,4,0.0000,0.0000,0.0000,0.5000,"HeadOnBreak",-0.246681
483,B0100,defensive,HABFM,4954.457432,82.186847,15.769405,97.427006,-81.746654,14038.039424,220.330638,16187.165250,89.790734,-10410.729130,-487.618528,32.907803,False,False,True,False,False,False,False,2-circle,-1.000000,-512.091007,98.471991,97.749699,2.250301,1.528009,0.408166,-83.014785,-1.771017,1,0,3,0.0000,0.0000,0.0000,0.5000,"LeadPursuit",0.060841
484,A0100,adaptive_eagle_v6h_e1c,HABFM,5117.875450,81.161947,15.224008,95.801325,-80.679343,14031.765635,221.407793,16201.956163,73.954570,-10456.290144,-485.832046,159.727552,False,False,True,False,False,False,False,2-circle,-1.000000,-497.238695,98.471991,97.749699,2.250301,1.528009,-4.833620,-88.560778,-1.920076,1,8,4,0.0000,0.0000,0.0000,0.5000,"HeadOnBreak",-0.215789
484,B0100,defensive,HABFM,5117.875450,81.161947,15.224008,95.801325,-80.679343,14031.765635,221.407793,16201.956163,73.954570,-10456.290144,-485.832046,159.727552,False,False,True,False,False,False,False,2-circle,-1.000000,-497.238695,98.471991,97.749699,2.250301,1.528009,-4.833620,-88.560778,-1.920076,1,0,3,0.0000,0.0000,0.0000,0.5000,"LeadPursuit",0.052565
485,A0100,adaptive_eagle_v6h_e1c,HABFM,5281.270692,80.329636,14.167995,93.872298,-79.790117,14024.389627,222.771426,16221.394548,97.191921,-10551.793715,-487.204683,228.551779,False,False,True,False,False,False,False,2-circle,-1.000000,-482.092426,98.471991,97.749699,2.250301,1.528009,-7.804182,-91.823205,-2.297152,1,0,4,0.0000,0.0000,0.0000,0.5000,"HeadOnBreak",-0.139439
485,B0100,defensive,HABFM,5281.270692,80.329636,14.167995,93.872298,-79.790117,14024.389627,222.771426,16221.394548,97.191921,-10551.793715,-487.204683,228.551779,False,False,True,False,False,False,False,2-circle,-1.000000,-482.092426,98.471991,97.749699,2.250301,1.528009,-7.804182,-91.823205,-2.297152,1,0,3,0.0000,0.0000,0.0000,0.5000,"LeadPursuit",0.034567
486,A0100,adaptive_eagle_v6h_e1c,HABFM,5445.021108,79.799822,13.469854,92.663333,-79.215563,14015.769155,224.526966,16247.537291,130.713716,-10593.138644,-488.095872,98.136555,False,False,True,False,False,False,False,2-circle,-1.000000,-466.085120,98.471991,97.749699,2.250301,1.528009,-3.382240,-87.689681,-2.761686,1,0,4,0.0000,0.0000,0.0000,0.5000,"HeadOnBreak",-0.105295
486,B0100,defensive,HABFM,5445.021108,79.799822,13.469854,92.663333,-79.215563,14015.769155,224.526966,16247.537291,130.713716,-10593.138644,-488.095872,98.136555,False,False,True,False,False,False,False,2-circle,-1.000000,-466.085120,98.471991,97.749699,2.250301,1.528009,-3.382240,-87.689681,-2.761686,1,0,3,0.0000,0.0000,0.0000,0.5000,"LeadPursuit",0.028007
487,A0100,adaptive_eagle_v6h_e1c,HABFM,5608.722708,79.350911,13.267407,92.115961,-78.742151,14006.046139,226.433830,16275.883193,141.729509,-10551.316460,-486.618661,22.973505,False,False,True,False,False,False,False,2-circle,-1.000000,-448.759306,98.471991,97.749699,2.250301,1.528009,4.298272,-80.299543,-3.087266,1,0,4,0.0000,0.0000,0.0000,0.5000,"HeadOnBreak",-0.147628
487,B0100,defensive,HABFM,5608.722708,79.350911,13.267407,92.115961,-78.742151,14006.046139,226.433830,16275.883193,141.729509,-10551.316460,-486.618661,22.973505,False,False,True,False,False,False,False,2-circle,-1.000000,-448.759306,98.471991,97.749699,2.250301,1.528009,4.298272,-80.299543,-3.087266,1,0,3,0.0000,0.0000,0.0000,0.5000,"LeadPursuit",0.043923
488,A0100,adaptive_eagle_v6h_e1c,HABFM,5770.891219,78.595725,14.260270,92.421499,-77.986102,13995.520145,228.076015,16298.400052,112.584297,-10450.954579,-479.688390,14.737595,False,False,True,False,False,False,False,2-circle,-1.000000,-430.053750,98.471991,97.749699,2.250301,1.528009,9.711090,-75.177644,-3.130106,1,8,4,0.0000,0.0000,0.0000,0.5000,"HeadOnBreak",-0.240228
488,B0100,defensive,HABFM,5770.891219,78.595725,14.260270,92.421499,-77.986102,13995.520145,228.076015,16298.400052,112.584297,-10450.954579,-479.688390,14.737595,False,False,True,False,False,False,False,2-circle,-1.000000,-430.053750,98.471991,97.749699,2.250301,1.528009,9.711090,-75.177644,-3.130106,1,0,3,0.0000,0.0000,0.0000,0.5000,"LeadPursuit",0.068162
489,A0100,adaptive_eagle_v6h_e1c,HABFM,5930.546461,77.436399,14.879042,91.782496,-76.835783,13984.551454,229.341563,16313.058698,73.293232,-10411.120498,-472.617415,15.989856,False,False,True,False,False,False,False,2-circle,-1.000000,-412.120806,98.471991,97.749699,2.250301,1.528009,8.792575,-76.362201,-3.022654,1,8,4,0.0000,0.0000,0.0000,0.5000,"HeadOnBreak",-0.301284
489,B0100,defensive,HABFM,5930.546461,77.436399,14.879042,91.782496,-76.835783,13984.551454,229.341563,16313.058698,73.293232,-10411.120498,-472.617415,15.989856,False,False,True,False,False,False,False,2-circle,-1.000000,-412.120806,98.471991,97.749699,2.250301,1.528009,8.792575,-76.362201,-3.022654,1,0,3,0.0000,0.0000,0.0000,0.5000,"LeadPursuit",0.083798
490,A0100,adaptive_eagle_v6h_e1c,UNKNOWN,6088.498101,76.071768,14.408363,89.881146,-75.469588,13973.253340,230.467521,16324.680437,58.108693,-10462.145783,-468.903517,25.901832,False,False,True,False,False,False,False,1-circle,-1.000000,-395.624113,98.471991,97.749699,2.250301,1.528009,3.872300,-81.520484,-3.006795,1,8,4,0.0000,0.0000,0.0000,0.5000,"HeadOnBreak",-0.311655
490,B0100,defensive,UNKNOWN,6088.498101,76.071768,14.408363,89.881146,-75.469588,13973.253340,230.467521,16324.680437,58.108693,-10462.145783,-468.903517,25.901832,False,False,True,False,False,False,False,1-circle,-1.000000,-395.624113,98.471991,97.749699,2.250301,1.528009,3.872300,-81.520484,-3.006795,1,0,3,0.0000,0.0000,0.0000,0.5000,"LeadPursuit",0.087861
491,A0100,adaptive_eagle_v6h_e1c,UNKNOWN,6245.723053,74.714670,13.501039,87.574016,-74.088077,13961.376315,231.696167,16337.941632,66.305976,-10567.660931,-467.271438,120.842604,False,False,True,False,False,False,False,1-circle,-1.000000,-379.543853,98.471991,97.749699,2.250301,1.528009,-2.560595,-88.178893,-3.327774,1,8,4,0.0000,0.0000,0.0000,0.5000,"HeadOnBreak",-0.267568
491,B0100,defensive,UNKNOWN,6245.723053,74.714670,13.501039,87.574016,-74.088077,13961.376315,231.696167,16337.941632,66.305976,-10567.660931,-467.271438,120.842604,False,False,True,False,False,False,False,1-circle,-1.000000,-379.543853,98.471991,97.749699,2.250301,1.528009,-2.560595,-88.178893,-3.327774,1,0,3,0.0000,0.0000,0.0000,0.5000,"LeadPursuit",0.077922
492,A0100,adaptive_eagle_v6h_e1c,UNKNOWN,6402.339618,73.567835,12.812359,85.705592,-72.896352,13948.516142,233.219095,16356.426249,92.423084,-10644.841954,-465.548180,218.751942,False,False,True,False,False,False,False,1-circle,-1.000000,-363.160340,98.471991,97.749699,2.250301,1.528009,-4.970178,-90.810863,-3.955549,1,0,4,0.0000,0.0000,0.0000,0.5000,"HeadOnBreak",-0.193237
492,B0100,defensive,UNKNOWN,6402.339618,73.567835,12.812359,85.705592,-72.896352,13948.516142,233.219095,16356.426249,92.423084,-10644.841954,-465.548180,218.751942,False,False,True,False,False,False,False,1-circle,-1.000000,-363.160340,98.471991,97.749699,2.250301,1.528009,-4.970178,-90.810863,-3.955549,1,0,3,0.0000,0.0000,0.0000,0.5000,"LeadPursuit",0.057810
493,A0100,adaptive_eagle_v6h_e1c,UNKNOWN,6558.391464,72.726184,12.323209,84.416356,-72.019375,13934.506699,235.111841,16381.659368,126.165594,-10668.054705,-463.813970,45.212364,False,False,True,False,False,False,False,1-circle,-1.000000,-345.825414,98.471991,97.749699,2.250301,1.528009,0.858049,-85.209561,-4.612335,1,0,4,0.0000,0.0000,0.0000,0.5000,"HeadOnBreak",-0.171787
493,B0100,defensive,UNKNOWN,6558.391464,72.726184,12.323209,84.416356,-72.019375,13934.506699,235.111841,16381.659368,126.165594,-10668.054705,-463.813970,45.212364,False,False,True,False,False,False,False,1-circle,-1.000000,-345.825414,98.471991,97.749699,2.250301,1.528009,0.858049,-85.209561,-4.612335,1,0,3,0.0000,0.0000,0.0000,0.5000,"LeadPursuit",0.054464
494,A0100,adaptive_eagle_v6h_e1c,UNKNOWN,6713.590373,71.921415,12.258222,83.694253,-71.198490,13919.526719,237.075873,16407.735243,130.379377,-10615.996914,-459.883089,15.909508,False,False,True,False,False,False,False,1-circle,-1.000000,-326.918999,98.471991,97.749699,2.250301,1.528009,9.599885,-76.706066,-4.980494,1,0,4,0.0000,0.0000,0.0000,0.5000,"HeadOnBreak",-0.195189
494,B0100,defensive,UNKNOWN,6713.590373,71.921415,12.258222,83.694253,-71.198490,13919.526719,237.075873,16407.735243,130.379377,-10615.996914,-459.883089,15.909508,False,False,True,False,False,False,False,1-circle,-1.000000,-326.918999,98.471991,97.749699,2.250301,1.528009,9.599885,-76.706066,-4.980494,2,0,0,0.0000,0.0000,0.0000,0.5000,"Pursue",0.068201
495,A0100,adaptive_eagle_v6h_e1c,UNKNOWN,6866.650914,70.909600,13.400644,83.965268,-70.195194,13903.981158,237.272290,16396.314352,-57.104455,-10549.471377,-451.668951,11.002427,False,False,True,False,False,False,False,1-circle,-1.000000,-305.858894,98.471991,97.749699,2.250301,1.528009,15.413937,-71.146942,-4.921942,1,0,4,0.0000,0.0000,0.0000,0.5000,"HeadOnBreak",-0.280447
495,B0100,defensive,UNKNOWN,6866.650914,70.909600,13.400644,83.965268,-70.195194,13903.981158,237.272290,16396.314352,-57.104455,-10549.471377,-451.668951,11.002427,False,False,True,False,False,False,False,1-circle,-1.000000,-305.858894,98.471991,97.749699,2.250301,1.528009,15.413937,-71.146942,-4.921942,2,0,0,0.0000,0.0000,0.0000,0.5000,"Pursue",0.097344
496,A0100,adaptive_eagle_v6h_e1c,UNKNOWN,7016.511999,69.516587,14.735016,83.830562,-68.821300,13888.357901,236.780707,16370.374518,-129.699172,-10499.629913,-441.178670,11.953301,False,False,True,False,False,False,False,1-circle,-1.000000,-284.757286,98.471991,97.749699,2.250301,1.528009,14.293522,-72.514911,-4.641279,1,8,4,0.0000,0.0000,0.0000,0.5000,"HeadOnBreak",-0.331448
496,B0100,defensive,UNKNOWN,7016.511999,69.516587,14.735016,83.830562,-68.821300,13888.357901,236.780707,16370.374518,-129.699172,-10499.629913,-441.178670,11.953301,False,False,True,False,False,False,False,1-circle,-1.000000,-284.757286,98.471991,97.749699,2.250301,1.528009,14.293522,-72.514911,-4.641279,2,0,0,0.0000,0.0000,0.0000,0.5000,"Pursue",0.113548
497,A0100,adaptive_eagle_v6h_e1c,UNKNOWN,7163.254801,67.976866,15.321354,82.662204,-67.284288,13872.792996,236.175066,16342.128764,-141.228767,-10530.022953,-433.271397,17.830865,False,False,True,False,False,False,False,1-circle,-1.000000,-266.510237,98.471991,97.749699,2.250301,1.528009,8.974290,-78.043875,-4.460413,1,8,4,0.0000,0.0000,0.0000,0.5000,"HeadOnBreak",-0.302945
497,B0100,defensive,UNKNOWN,7163.254801,67.976866,15.321354,82.662204,-67.284288,13872.792996,236.175066,16342.128764,-141.228767,-10530.022953,-433.271397,17.830865,False,False,True,False,False,False,False,1-circle,-1.000000,-266.510237,98.471991,97.749699,2.250301,1.528009,8.974290,-78.043875,-4.460413,2,0,0,0.0000,0.0000,0.0000,0.5000,"Pursue",0.102760
498,A0100,adaptive_eagle_v6h_e1c,UNKNOWN,7308.333679,66.651752,14.906711,80.793083,-65.934268,13856.970335,235.852536,16319.566276,-112.812444,-10640.178533,-430.559307,23.595504,False,False,True,False,False,False,False,1-circle,-1.000000,-250.528018,98.471991,97.749699,2.250301,1.528009,6.305250,-80.894364,-4.477476,1,8,4,0.0000,0.0000,0.0000,0.5000,"HeadOnBreak",-0.229186
498,B0100,defensive,UNKNOWN,7308.333679,66.651752,14.906711,80.793083,-65.934268,13856.970335,235.852536,16319.566276,-112.812444,-10640.178533,-430.559307,23.595504,False,False,True,False,False,False,False,1-circle,-1.000000,-250.528018,98.471991,97.749699,2.250301,1.528009,6.305250,-80.894364,-4.477476,2,0,0,0.0000,0.0000,0.0000,0.5000,"Pursue",0.077457
499,A0100,adaptive_eagle_v6h_e1c,UNKNOWN,7453.242992,65.674125,14.141667,78.982931,-64.934094,13840.638927,235.920001,16304.643897,-74.611892,-10794.235001,-431.219642,14.924774,False,False,True,False,False,False,False,1-circle,-1.000000,-235.248980,98.471991,97.749699,2.250301,1.528009,11.590388,-75.781618,-4.517684,1,8,4,0.0000,0.0000,0.0000,0.5000,"HeadOnBreak",-0.197838
499,B0100,defensive,UNKNOWN,7453.242992,65.674125,14.141667,78.982931,-64.934094,13840.638927,235.920001,16304.643897,-74.611892,-10794.235001,-431.219642,14.924774,False,False,True,False,False,False,False,1-circle,-1.000000,-235.248980,98.471991,97.749699,2.250301,1.528009,11.590388,-75.781618,-4.517684,2,0,0,0.0000,0.0000,0.0000,0.5000,"Pursue",0.069023
500,A0100,adaptive_eagle_v6h_e1c,UNKNOWN,7598.366370,64.810738,13.658542,77.563713,-64.063961,13823.901744,236.104886,16291.770210,-64.368436,-10922.086678,-431.176146,9.277345,False,False,True,False,False,False,False,1-circle,-1.000000,-220.606028,98.471991,97.749699,2.250301,1.528009,19.702934,-67.833443,-4.339920,1,8,4,0.0000,0.0000,0.0000,0.5000,"HeadOnBreak",-0.251763
500,B0100,defensive,UNKNOWN,7598.366370,64.810738,13.658542,77.563713,-64.063961,13823.901744,236.104886,16291.770210,-64.368436,-10922.086678,-431.176146,9.277345,False,False,True,False,False,False,False,1-circle,-1.000000,-220.606028,98.471991,97.749699,2.250301,1.528009,19.702934,-67.833443,-4.339920,2,0,0,0.0000,0.0000,0.0000,0.5000,"Pursue",0.091043
501,A0100,adaptive_eagle_v6h_e1c,UNKNOWN,7743.305009,63.699337,13.258648,76.036441,-62.972621,13807.140035,236.008451,16272.992940,-93.886350,-11047.932865,-429.729416,7.400137,False,False,True,False,False,False,False,1-circle,-1.000000,-206.844066,98.471991,97.749699,2.250301,1.528009,24.761268,-62.928646,-3.855842,1,0,4,0.0000,0.0000,0.0000,0.5000,"HeadOnBreak",-0.343397
501,B0100,defensive,UNKNOWN,7743.305009,63.699337,13.258648,76.036441,-62.972621,13807.140035,236.008451,16272.992940,-93.886350,-11047.932865,-429.729416,7.400137,False,False,True,False,False,False,False,1-circle,-1.000000,-206.844066,98.471991,97.749699,2.250301,1.528009,24.761268,-62.928646,-3.855842,2,0,0,0.0000,0.0000,0.0000,0.5000,"Pursue",0.129466
502,A0100,adaptive_eagle_v6h_e1c,UNKNOWN,7887.384053,62.189210,13.005312,74.338046,-61.498192,13790.852095,235.503682,16246.168470,-134.122347,-11148.449479,-425.686132,8.130769,False,False,True,False,False,False,False,1-circle,-1.000000,-193.937370,98.471991,97.749699,2.250301,1.528009,22.830756,-65.002205,-3.263994,1,0,4,0.0000,0.0000,0.0000,0.5000,"HeadOnBreak",-0.390304
502,B0100,defensive,UNKNOWN,7887.384053,62.189210,13.005312,74.338046,-61.498192,13790.852095,235.503682,16246.168470,-134.122347,-11148.449479,-425.686132,8.130769,False,False,True,False,False,False,False,1-circle,-1.000000,-193.937370,98.471991,97.749699,2.250301,1.528009,22.830756,-65.002205,-3.263994,2,0,0,0.0000,0.0000,0.0000,0.5000,"Pursue",0.154971
503,A0100,adaptive_eagle_v6h_e1c,UNKNOWN,8029.681963,60.478848,13.164382,72.937947,-59.811594,13775.208046,234.852929,16216.973920,-145.972750,-11182.598016,-418.678582,11.097383,False,False,True,False,False,False,False,1-circle,-1.000000,-181.296179,98.471991,97.749699,2.250301,1.528009,16.884851,-71.087157,-2.825871,1,0,4,0.0000,0.0000,0.0000,0.5000,"HeadOnBreak",-0.328910
503,B0100,defensive,UNKNOWN,8029.681963,60.478848,13.164382,72.937947,-59.811594,13775.208046,234.852929,16216.973920,-145.972750,-11182.598016,-418.678582,11.097383,False,False,True,False,False,False,False,1-circle,-1.000000,-181.296179,98.471991,97.749699,2.250301,1.528009,16.884851,-71.087157,-2.825871,2,1,0,0.0000,0.0000,0.0000,0.5000,"Pursue",0.142066
504,A0100,adaptive_eagle_v6h_e1c,UNKNOWN,8168.990565,58.988638,14.496008,72.887151,-58.316303,13759.855556,234.482472,16193.924220,-115.248504,-11140.643668,-408.507506,13.523257,False,False,True,False,False,False,False,1-circle,-1.000000,-167.653642,98.471991,97.749699,2.250301,1.528009,13.851133,-74.269279,-2.598497,1,0,4,0.0000,0.0000,0.0000,0.5000,"HeadOnBreak",-0.235715
504,B0100,defensive,UNKNOWN,8168.990565,58.988638,14.496008,72.887151,-58.316303,13759.855556,234.482472,16193.924220,-115.248504,-11140.643668,-408.507506,13.523257,False,False,True,False,False,False,False,1-circle,-1.000000,-167.653642,98.471991,97.749699,2.250301,1.528009,13.851133,-74.269279,-2.598497,2,1,1,0.0000,0.0000,0.0000,0.5000,"Pursue",0.106307
505,A0100,adaptive_eagle_v6h_e1c,UNKNOWN,8305.046976,57.907217,15.815122,73.021171,-57.228571,13744.449298,234.495606,16178.790653,-75.667831,-11111.064388,-400.133455,10.085831,False,False,True,False,False,False,False,1-circle,-1.000000,-154.285299,98.471991,97.749699,2.250301,1.528009,18.956841,-69.306940,-2.395868,1,8,4,0.0000,0.0000,0.0000,0.5000,"HeadOnBreak",-0.252588
505,B0100,defensive,UNKNOWN,8305.046976,57.907217,15.815122,73.021171,-57.228571,13744.449298,234.495606,16178.790653,-75.667831,-11111.064388,-400.133455,10.085831,False,False,True,False,False,False,False,1-circle,-1.000000,-154.285299,98.471991,97.749699,2.250301,1.528009,18.956841,-69.306940,-2.395868,2,1,1,0.0000,0.0000,0.0000,0.5000,"Pursue",0.112096
506,A0100,adaptive_eagle_v6h_e1c,UNKNOWN,8438.906979,56.801370,16.491784,72.504216,-56.137002,13729.076835,234.421888,16161.887874,-84.513899,-11179.174166,-395.101984,7.861362,False,False,True,False,False,False,False,1-circle,-1.000000,-142.582774,98.471991,97.749699,2.250301,1.528009,24.255077,-64.132369,-2.099585,1,8,4,0.0000,0.0000,0.0000,0.5000,"HeadOnBreak",-0.365534
506,B0100,defensive,UNKNOWN,8438.906979,56.801370,16.491784,72.504216,-56.137002,13729.076835,234.421888,16161.887874,-84.513899,-11179.174166,-395.101984,7.861362,False,False,True,False,False,False,False,1-circle,-1.000000,-142.582774,98.471991,97.749699,2.250301,1.528009,24.255077,-64.132369,-2.099585,2,1,1,0.0000,0.0000,0.0000,0.5000,"Pursue",0.160178
507,A0100,adaptive_eagle_v6h_e1c,UNKNOWN,8571.495475,55.295005,16.406694,70.919448,-54.664581,13714.172352,233.921005,16136.598242,-126.448160,-11302.428605,-391.665636,8.042706,False,False,True,False,False,False,False,1-circle,-1.000000,-132.303592,98.471991,97.749699,2.250301,1.528009,23.905050,-64.590133,-1.711458,1,0,4,0.0000,0.0000,0.0000,0.5000,"HeadOnBreak",-0.420076
507,B0100,defensive,UNKNOWN,8571.495475,55.295005,16.406694,70.919448,-54.664581,13714.172352,233.921005,16136.598242,-126.448160,-11302.428605,-391.665636,8.042706,False,False,True,False,False,False,False,1-circle,-1.000000,-132.303592,98.471991,97.749699,2.250301,1.528009,23.905050,-64.590133,-1.711458,2,1,1,0.0000,0.0000,0.0000,0.5000,"Pursue",0.190808
508,A0100,adaptive_eagle_v6h_e1c,UNKNOWN,8702.757999,53.599694,16.328979,69.202233,-52.997662,13699.965273,233.264320,16108.809339,-138.944511,-11401.233605,-387.132503,9.921518,False,False,True,False,False,False,False,1-circle,-1.000000,-122.948982,98.471991,97.749699,2.250301,1.528009,19.711259,-68.881716,-1.374679,1,0,4,0.0000,0.0000,0.0000,0.5000,"HeadOnBreak",-0.423021
508,B0100,defensive,UNKNOWN,8702.757999,53.599694,16.328979,69.202233,-52.997662,13699.965273,233.264320,16108.809339,-138.944511,-11401.233605,-387.132503,9.921518,False,False,True,False,False,False,False,1-circle,-1.000000,-122.948982,98.471991,97.749699,2.250301,1.528009,19.711259,-68.881716,-1.374679,2,1,1,0.0000,0.0000,0.0000,0.5000,"Pursue",0.202143
509,A0100,adaptive_eagle_v6h_e1c,UNKNOWN,8832.259059,51.908580,16.620885,67.905839,-51.309269,13686.236746,232.685537,16083.141835,-128.337523,-11429.731314,-380.414667,14.099614,False,False,True,False,False,False,False,1-circle,-1.000000,-113.631758,98.471991,97.749699,2.250301,1.528009,13.934058,-74.756848,-1.277887,1,0,4,0.0000,0.0000,0.0000,0.5000,"HeadOnBreak",-0.357747
509,B0100,defensive,UNKNOWN,8832.259059,51.908580,16.620885,67.905839,-51.309269,13686.236746,232.685537,16083.141835,-128.337523,-11429.731314,-380.414667,14.099614,False,False,True,False,False,False,False,1-circle,-1.000000,-113.631758,98.471991,97.749699,2.250301,1.528009,13.934058,-74.756848,-1.277887,2,1,1,0.0000,0.0000,0.0000,0.5000,"Pursue",0.185758
510,A0100,adaptive_eagle_v6h_e1c,UNKNOWN,8958.747660,50.436047,18.052936,67.933649,-49.810687,13672.575916,232.373147,16063.049442,-100.461961,-11382.892198,-369.806634,16.273070,False,False,True,False,False,False,False,1-circle,-1.000000,-103.004961,98.471991,97.749699,2.250301,1.528009,12.108251,-76.695796,-1.382335,1,0,4,0.0000,0.0000,0.0000,0.5000,"HeadOnBreak",-0.262688
510,B0100,defensive,UNKNOWN,8958.747660,50.436047,18.052936,67.933649,-49.810687,13672.575916,232.373147,16063.049442,-100.461961,-11382.892198,-369.806634,16.273070,False,False,True,False,False,False,False,1-circle,-1.000000,-103.004961,98.471991,97.749699,2.250301,1.528009,12.108251,-76.695796,-1.382335,2,1,1,0.0000,0.0000,0.0000,0.5000,"Pursue",0.142754
511,A0100,adaptive_eagle_v6h_e1c,UNKNOWN,9081.763143,49.346270,19.446322,68.135654,-48.697706,13658.718943,232.407192,16049.892974,-65.782341,-11350.302380,-360.749938,11.010318,False,False,True,False,False,False,False,1-circle,-1.000000,-92.411914,98.471991,97.749699,2.250301,1.528009,18.182404,-70.734546,-1.436418,1,8,4,0.0000,0.0000,0.0000,0.5000,"HeadOnBreak",-0.288371
511,B0100,defensive,UNKNOWN,9081.763143,49.346270,19.446322,68.135654,-48.697706,13658.718943,232.407192,16049.892974,-65.782341,-11350.302380,-360.749938,11.010318,False,False,True,False,False,False,False,1-circle,-1.000000,-92.411914,98.471991,97.749699,2.250301,1.528009,18.182404,-70.734546,-1.436418,2,1,1,0.0000,0.0000,0.0000,0.5000,"Pursue",0.154551
512,A0100,adaptive_eagle_v6h_e1c,UNKNOWN,9202.365548,48.210257,20.183739,67.658387,-47.564751,13644.807901,232.331734,16034.429444,-77.317653,-11418.361178,-355.436006,8.204337,False,False,True,False,False,False,False,1-circle,-1.000000,-83.291347,98.471991,97.749699,2.250301,1.528009,24.154332,-64.859042,-1.297745,1,0,4,0.0000,0.0000,0.0000,0.5000,"HeadOnBreak",-0.410501
512,B0100,defensive,UNKNOWN,9202.365548,48.210257,20.183739,67.658387,-47.564751,13644.807901,232.331734,16034.429444,-77.317653,-11418.361178,-355.436006,8.204337,False,False,True,False,False,False,False,1-circle,-1.000000,-83.291347,98.471991,97.749699,2.250301,1.528009,24.154332,-64.859042,-1.297745,2,1,1,0.0000,0.0000,0.0000,0.5000,"Pursue",0.220781
513,A0100,adaptive_eagle_v6h_e1c,UNKNOWN,9321.471933,46.670730,20.482176,66.427816,-46.055080,13631.299208,231.824771,16010.503517,-119.629633,-11483.912720,-350.262891,8.160311,False,False,True,False,False,False,False,1-circle,-1.000000,-75.394324,98.471991,97.749699,2.250301,1.528009,24.408340,-64.688294,-0.984959,1,0,4,0.0000,0.0000,0.0000,0.5000,"HeadOnBreak",-0.454280
513,B0100,defensive,UNKNOWN,9321.471933,46.670730,20.482176,66.427816,-46.055080,13631.299208,231.824771,16010.503517,-119.629633,-11483.912720,-350.262891,8.160311,False,False,True,False,False,False,False,1-circle,-1.000000,-75.394324,98.471991,97.749699,2.250301,1.528009,24.408340,-64.688294,-0.984959,2,1,1,0.0000,0.0000,0.0000,0.5000,"Pursue",0.261351
514,A0100,adaptive_eagle_v6h_e1c,OBFM,9438.107186,44.959889,21.694062,65.990363,-44.372157,13618.451199,231.158325,15983.995770,-132.538735,-11510.294552,-340.606231,9.857248,False,False,True,False,False,False,False,1-circle,-1.000000,-68.133390,98.471991,97.749699,2.250301,1.528009,20.614032,-68.559380,-0.665763,1,0,4,0.0000,0.0000,0.0000,0.5000,"HeadOnBreak",-0.447296
514,B0100,defensive,OBFM,9438.107186,44.959889,21.694062,65.990363,-44.372157,13618.451199,231.158325,15983.995770,-132.538735,-11510.294552,-340.606231,9.857248,False,False,True,False,False,False,False,1-circle,-1.000000,-68.133390,98.471991,97.749699,2.250301,1.528009,20.614032,-68.559380,-0.665763,2,1,1,0.0000,0.0000,0.0000,0.5000,"Pursue",0.273636
515,A0100,adaptive_eagle_v6h_e1c,OBFM,9550.690259,43.285797,23.534474,66.085359,-42.698684,13606.076089,230.563297,15959.457971,-122.688997,-11454.842782,-327.032905,13.760439,False,False,True,False,False,False,False,1-circle,-1.000000,-61.465986,98.471991,97.749699,2.250301,1.528009,14.996662,-74.247040,-0.549362,1,8,4,0.0000,0.0000,0.0000,0.5000,"HeadOnBreak",-0.405535
515,B0100,defensive,OBFM,9550.690259,43.285797,23.534474,66.085359,-42.698684,13606.076089,230.563297,15959.457971,-122.688997,-11454.842782,-327.032905,13.760439,False,False,True,False,False,False,False,1-circle,-1.000000,-61.465986,98.471991,97.749699,2.250301,1.528009,14.996662,-74.247040,-0.549362,2,1,1,0.0000,0.0000,0.0000,0.5000,"Pursue",0.251635
516,A0100,adaptive_eagle_v6h_e1c,OBFM,9659.311394,41.845713,24.595192,65.476897,-41.221630,13593.783149,230.228346,15940.332246,-95.628623,-11481.399363,-318.550695,15.868556,False,False,True,False,False,False,False,1-circle,-1.000000,-57.355477,98.471991,97.749699,2.250301,1.528009,13.049671,-76.233407,-0.617662,1,8,4,0.0000,0.0000,0.0000,0.5000,"HeadOnBreak",-0.323324
516,B0100,defensive,OBFM,9659.311394,41.845713,24.595192,65.476897,-41.221630,13593.783149,230.228346,15940.332246,-95.628623,-11481.399363,-318.550695,15.868556,False,False,True,False,False,False,False,1-circle,-1.000000,-57.355477,98.471991,97.749699,2.250301,1.528009,13.049671,-76.233407,-0.617662,2,1,1,0.0000,0.0000,0.0000,0.5000,"Pursue",0.198041
517,A0100,adaptive_eagle_v6h_e1c,OBFM,9766.360586,40.772050,24.559900,64.214759,-40.109028,13581.308465,230.238270,15928.059870,-61.361878,-11585.514422,-317.109117,10.963504,False,False,True,False,False,False,False,1-circle,-1.000000,-55.524492,98.471991,97.749699,2.250301,1.528009,18.822529,-70.471801,-0.638471,1,8,4,0.0000,0.0000,0.0000,0.5000,"HeadOnBreak",-0.357640
517,B0100,defensive,OBFM,9766.360586,40.772050,24.559900,64.214759,-40.109028,13581.308465,230.238270,15928.059870,-61.361878,-11585.514422,-317.109117,10.963504,False,False,True,False,False,False,False,1-circle,-1.000000,-55.524492,98.471991,97.749699,2.250301,1.528009,18.822529,-70.471801,-0.638471,2,1,1,0.0000,0.0000,0.0000,0.5000,"Pursue",0.221472
518,A0100,adaptive_eagle_v6h_e1c,OBFM,9873.554455,39.625534,24.166295,62.598093,-38.953427,13568.782603,230.142556,15913.583228,-72.383213,-11745.189278,-318.015302,8.243696,False,False,True,False,False,False,False,1-circle,-1.000000,-54.947912,98.471991,97.749699,2.250301,1.528009,24.555620,-64.734071,-0.483293,1,8,4,0.0000,0.0000,0.0000,0.5000,"HeadOnBreak",-0.495732
518,B0100,defensive,OBFM,9873.554455,39.625534,24.166295,62.598093,-38.953427,13568.782603,230.142556,15913.583228,-72.383213,-11745.189278,-318.015302,8.243696,False,False,True,False,False,False,False,1-circle,-1.000000,-54.947912,98.471991,97.749699,2.250301,1.528009,24.555620,-64.734071,-0.483293,2,1,1,0.0000,0.0000,0.0000,0.5000,"Pursue",0.320638
519,A0100,adaptive_eagle_v6h_e1c,OBFM,9980.737226,38.060272,23.918203,60.760211,-37.411235,13556.651497,229.620332,15890.822877,-113.801752,-11901.691295,-317.215141,8.204205,False,False,True,False,False,False,False,1-circle,-1.000000,-55.744063,98.471991,97.749699,2.250301,1.528009,24.692737,-64.574104,-0.168968,1,0,4,0.0000,0.0000,0.0000,0.5000,"HeadOnBreak",-0.570483
519,B0100,defensive,OBFM,9980.737226,38.060272,23.918203,60.760211,-37.411235,13556.651497,229.620332,15890.822877,-113.801752,-11901.691295,-317.215141,8.204205,False,False,True,False,False,False,False,1-circle,-1.000000,-55.744063,98.471991,97.749699,2.250301,1.528009,24.692737,-64.574104,-0.168968,2,1,1,0.0000,0.0000,0.0000,0.5000,"Pursue",0.386805
520,A0100,adaptive_eagle_v6h_e1c,OBFM,10087.400504,36.309303,23.825668,58.935690,-35.680966,13545.169981,228.939693,15865.523994,-126.494417,-12025.508481,-314.885055,9.873075,False,False,True,False,False,False,False,1-circle,-1.000000,-57.721879,98.471991,97.749699,2.250301,1.528009,20.843570,-68.383801,0.148637,1,0,4,0.0000,0.0000,0.0000,0.5000,"HeadOnBreak",-0.581191
520,B0100,defensive,OBFM,10087.400504,36.309303,23.825668,58.935690,-35.680966,13545.169981,228.939693,15865.523994,-126.494417,-12025.508481,-314.885055,9.873075,False,False,True,False,False,False,False,1-circle,-1.000000,-57.721879,98.471991,97.749699,2.250301,1.528009,20.843570,-68.383801,0.148637,2,1,1,0.0000,0.0000,0.0000,0.5000,"Pursue",0.417090
521,A0100,adaptive_eagle_v6h_e1c,OBFM,10192.958532,34.571957,24.166905,57.592968,-33.931731,13534.155945,228.328611,15842.139585,-116.922043,-12075.773850,-309.690115,13.677839,False,False,True,False,False,False,False,1-circle,-1.000000,-60.013137,98.471991,97.749699,2.250301,1.528009,15.186494,-73.995595,0.268620,1,0,4,0.0000,0.0000,0.0000,0.5000,"HeadOnBreak",-0.573720
521,B0100,defensive,OBFM,10192.958532,34.571957,24.166905,57.592968,-33.931731,13534.155945,228.328611,15842.139585,-116.922043,-12075.773850,-309.690115,13.677839,False,False,True,False,False,False,False,1-circle,-1.000000,-60.013137,98.471991,97.749699,2.250301,1.528009,15.186494,-73.995595,0.268620,2,1,1,0.0000,0.0000,0.0000,0.5000,"Pursue",0.444472
522,A0100,adaptive_eagle_v6h_e1c,OBFM,10295.695387,32.871904,25.642351,57.350912,-32.176344,13523.257969,227.802476,15820.617342,-107.611216,-12057.260034,-298.632279,21.827639,False,False,True,False,False,False,False,1-circle,-1.000000,-61.643837,98.471991,97.749699,2.250301,1.528009,9.357089,-79.786440,0.049710,1,8,4,0.0000,0.0000,0.0000,0.5000,"HeadOnBreak",-0.513943
522,B0100,defensive,OBFM,10295.695387,32.871904,25.642351,57.350912,-32.176344,13523.257969,227.802476,15820.617342,-107.611216,-12057.260034,-298.632279,21.827639,False,False,True,False,False,False,False,1-circle,-1.000000,-61.643837,98.471991,97.749699,2.250301,1.528009,9.357089,-79.786440,0.049710,2,1,1,0.0000,0.0000,0.0000,0.5000,"Pursue",0.412566
523,A0100,adaptive_eagle_v6h_e1c,OBFM,10394.840371,31.423100,26.763847,56.794626,-30.622921,13512.078235,227.534582,15804.037430,-82.899559,-12088.292998,-290.444965,25.310497,False,False,True,False,False,False,False,1-circle,-1.000000,-64.060011,98.471991,97.749699,2.250301,1.528009,7.934678,-81.156474,-0.395036,1,8,4,0.0000,0.0000,0.0000,0.5000,"HeadOnBreak",-0.420098
523,B0100,defensive,OBFM,10394.840371,31.423100,26.763847,56.794626,-30.622921,13512.078235,227.534582,15804.037430,-82.899559,-12088.292998,-290.444965,25.310497,False,False,True,False,False,False,False,1-circle,-1.000000,-64.060011,98.471991,97.749699,2.250301,1.528009,7.934678,-81.156474,-0.395036,2,1,1,0.0000,0.0000,0.0000,0.5000,"Pursue",0.337436
524,A0100,adaptive_eagle_v6h_e1c,OBFM,10492.476399,30.322054,26.813284,55.547499,-29.417436,13500.421282,227.593138,15793.560304,-52.385633,-12192.425225,-289.184256,14.536446,False,False,True,False,False,False,False,1-circle,-1.000000,-67.695821,98.471991,97.749699,2.250301,1.528009,14.174998,-74.843322,-0.762470,1,8,4,0.0000,0.0000,0.0000,0.5000,"HeadOnBreak",-0.413884
524,B0100,defensive,OBFM,10492.476399,30.322054,26.813284,55.547499,-29.417436,13500.421282,227.593138,15793.560304,-52.385633,-12192.425225,-289.184256,14.536446,False,False,True,False,False,False,False,1-circle,-1.000000,-67.695821,98.471991,97.749699,2.250301,1.528009,14.174998,-74.843322,-0.762470,2,2,1,0.0000,0.0000,0.0000,0.5000,"Pursue",0.337803
525,A0100,adaptive_eagle_v6h_e1c,OBFM,10590.314875,29.282554,26.529876,54.091304,-28.304765,13488.426011,227.689882,15783.514970,-50.226670,-12343.067438,-290.458917,8.912879,False,False,True,False,False,False,False,1-circle,-1.000000,-72.025684,98.471991,97.749699,2.250301,1.528009,22.762563,-66.169381,-0.767762,1,0,4,0.0000,0.0000,0.0000,0.5000,"HeadOnBreak",-0.521182
525,B0100,defensive,OBFM,10590.314875,29.282554,26.529876,54.091304,-28.304765,13488.426011,227.689882,15783.514970,-50.226670,-12343.067438,-290.458917,8.912879,False,False,True,False,False,False,False,1-circle,-1.000000,-72.025684,98.471991,97.749699,2.250301,1.528009,22.762563,-66.169381,-0.767762,2,2,3,0.0000,0.0000,0.0000,0.5000,"Pursue",0.443809
526,A0100,adaptive_eagle_v6h_e1c,OBFM,10688.267889,27.994486,26.474842,52.723710,-27.009929,13476.492473,227.511044,15767.977498,-77.687358,-12458.889084,-289.727426,6.988860,False,False,True,False,False,False,False,1-circle,-1.000000,-77.034668,98.471991,97.749699,2.250301,1.528009,28.246715,-60.584613,-0.335843,1,0,4,0.0000,0.0000,0.0000,0.5000,"HeadOnBreak",-0.697443
526,B0100,defensive,OBFM,10688.267889,27.994486,26.474842,52.723710,-27.009929,13476.492473,227.511044,15767.977498,-77.687358,-12458.889084,-289.727426,6.988860,False,False,True,False,False,False,False,1-circle,-1.000000,-77.034668,98.471991,97.749699,2.250301,1.528009,28.246715,-60.584613,-0.335843,2,2,3,0.0000,0.0000,0.0000,0.5000,"Pursue",0.626529
527,A0100,adaptive_eagle_v6h_e1c,OBFM,10785.527779,26.318059,26.882099,51.550021,-25.379400,13465.146876,226.935876,15745.060393,-114.585525,-12513.903795,-285.309090,7.349058,False,False,True,False,False,False,False,1-circle,-1.000000,-82.651812,98.471991,97.749699,2.250301,1.528009,26.979678,-61.736728,0.302518,1,0,4,0.0000,0.0000,0.0000,0.5000,"HeadOnBreak",-0.776877
527,B0100,defensive,OBFM,10785.527779,26.318059,26.882099,51.550021,-25.379400,13465.146876,226.935876,15745.060393,-114.585525,-12513.903795,-285.309090,7.349058,False,False,True,False,False,False,False,1-circle,-1.000000,-82.651812,98.471991,97.749699,2.250301,1.528009,26.979678,-61.736728,0.302518,2,2,3,0.0000,0.0000,0.0000,0.5000,"Pursue",0.750401
528,A0100,adaptive_eagle_v6h_e1c,OBFM,10880.110638,24.514162,28.406206,51.302196,-23.607445,13454.607518,226.243196,15720.624256,-122.180687,-12507.932917,-274.435747,9.328263,False,False,True,False,False,False,False,1-circle,-1.000000,-88.783705,98.471991,97.749699,2.250301,1.528009,21.606744,-66.979747,0.875420,1,8,4,0.0000,0.0000,0.0000,0.5000,"HeadOnBreak",-0.817633
528,B0100,defensive,OBFM,10880.110638,24.514162,28.406206,51.302196,-23.607445,13454.607518,226.243196,15720.624256,-122.180687,-12507.932917,-274.435747,9.328263,False,False,True,False,False,False,False,1-circle,-1.000000,-88.783705,98.471991,97.749699,2.250301,1.528009,21.606744,-66.979747,0.875420,2,2,3,0.0000,0.0000,0.0000,0.5000,"Pursue",0.823748
529,A0100,adaptive_eagle_v6h_e1c,OBFM,10971.186644,22.764701,29.538445,50.503032,-21.826074,13444.620898,225.625790,15698.286819,-111.687181,-12559.486282,-266.463854,13.472592,False,False,True,False,False,False,False,1-circle,-1.000000,-97.191367,98.471991,97.749699,2.250301,1.528009,14.848255,-73.562569,1.149574,1,8,4,0.0000,0.0000,0.0000,0.5000,"HeadOnBreak",-0.772476
529,B0100,defensive,OBFM,10971.186644,22.764701,29.538445,50.503032,-21.826074,13444.620898,225.625790,15698.286819,-111.687181,-12559.486282,-266.463854,13.472592,False,False,True,False,False,False,False,1-circle,-1.000000,-97.191367,98.471991,97.749699,2.250301,1.528009,14.848255,-73.562569,1.149574,2,2,3,0.0000,0.0000,0.0000,0.5000,"Pursue",0.799412
530,A0100,adaptive_eagle_v6h_e1c,OBFM,11060.855562,21.271716,29.625677,48.877264,-20.219022,13434.757287,225.271232,15681.345765,-84.705272,-12686.642135,-265.491145,15.995839,False,False,True,False,False,False,False,1-circle,-1.000000,-107.759189,98.471991,97.749699,2.250301,1.528009,12.166063,-76.022599,1.152761,1,8,4,0.0000,0.0000,0.0000,0.5000,"HeadOnBreak",-0.632446
530,B0100,defensive,OBFM,11060.855562,21.271716,29.625677,48.877264,-20.219022,13434.757287,225.271232,15681.345765,-84.705272,-12686.642135,-265.491145,15.995839,False,False,True,False,False,False,False,1-circle,-1.000000,-107.759189,98.471991,97.749699,2.250301,1.528009,12.166063,-76.022599,1.152761,2,2,3,0.0000,0.0000,0.0000,0.5000,"Pursue",0.676217
531,A0100,adaptive_eagle_v6h_e1c,OBFM,11150.848719,20.144618,29.425320,47.344101,-18.966026,13424.726613,225.256629,15671.023839,-51.609629,-12849.687447,-267.127932,11.228193,False,False,True,False,False,False,False,1-circle,-1.000000,-119.332454,98.471991,97.749699,2.250301,1.528009,17.465331,-70.471624,1.148567,1,0,4,0.0000,0.0000,0.0000,0.5000,"HeadOnBreak",-0.712678
531,B0100,defensive,OBFM,11150.848719,20.144618,29.425320,47.344101,-18.966026,13424.726613,225.256629,15671.023839,-51.609629,-12849.687447,-267.127932,11.228193,False,False,True,False,False,False,False,1-circle,-1.000000,-119.332454,98.471991,97.749699,2.250301,1.528009,17.465331,-70.471624,1.148567,2,2,3,0.0000,0.0000,0.0000,0.5000,"Pursue",0.795740
532,A0100,adaptive_eagle_v6h_e1c,OBFM,11241.112425,18.928019,29.461422,46.048041,-17.674219,13414.640940,225.136194,15658.536803,-62.435179,-12972.654847,-266.899874,8.370153,False,False,True,False,False,False,False,1-circle,-1.000000,-131.657727,98.471991,97.749699,2.250301,1.528009,23.116886,-64.540625,1.297815,1,0,4,0.0000,0.0000,0.0000,0.5000,"HeadOnBreak",-1.013425
532,B0100,defensive,OBFM,11241.112425,18.928019,29.461422,46.048041,-17.674219,13414.640940,225.136194,15658.536803,-62.435179,-12972.654847,-266.899874,8.370153,False,False,True,False,False,False,False,1-circle,-1.000000,-131.657727,98.471991,97.749699,2.250301,1.528009,23.116886,-64.540625,1.297815,2,2,3,0.0000,0.0000,0.0000,0.5000,"Pursue",1.193247
533,A0100,adaptive_eagle_v6h_e1c,OBFM,11330.881967,17.284199,29.976648,44.930023,-16.014526,13404.941585,224.597469,15638.111524,-102.126399,-13035.538194,-262.954400,8.115473,False,False,True,False,False,False,False,1-circle,-1.000000,-144.687764,98.471991,97.749699,2.250301,1.528009,23.558407,-63.790045,1.617822,1,0,4,0.0000,0.0000,0.0000,0.5000,"HeadOnBreak",-1.211453
533,B0100,defensive,OBFM,11330.881967,17.284199,29.976648,44.930023,-16.014526,13404.941585,224.597469,15638.111524,-102.126399,-13035.538194,-262.954400,8.115473,False,False,True,False,False,False,False,1-circle,-1.000000,-144.687764,98.471991,97.749699,2.250301,1.528009,23.558407,-63.790045,1.617822,2,2,3,0.0000,0.0000,0.0000,0.5000,"Pursue",1.517378
534,A0100,adaptive_eagle_v6h_e1c,OBFM,11418.473291,15.490103,31.176522,44.310012,-14.197359,13395.908544,223.901152,15615.253002,-114.292608,-13098.304681,-255.377127,9.391756,False,False,True,False,False,False,False,1-circle,-1.000000,-158.681662,98.471991,97.749699,2.250301,1.528009,20.109845,-66.890203,1.977701,1,8,4,0.0000,0.0000,0.0000,0.5000,"HeadOnBreak",-1.178150
534,B0100,defensive,OBFM,11418.473291,15.490103,31.176522,44.310012,-14.197359,13395.908544,223.901152,15615.253002,-114.292608,-13098.304681,-255.377127,9.391756,False,False,True,False,False,False,False,1-circle,-1.000000,-158.681662,98.471991,97.749699,2.250301,1.528009,20.109845,-66.890203,1.977701,2,3,3,0.0000,0.0000,0.0000,0.5000,"Pursue",1.543079
535,A0100,adaptive_eagle_v6h_e1c,OBFM,11504.054176,13.969510,31.905340,43.388260,-12.570090,13387.365107,223.437053,15597.518660,-88.671711,-13237.390644,-251.813375,10.052178,False,False,True,False,False,False,False,1-circle,-1.000000,-174.071245,98.471991,97.749699,2.250301,1.528009,18.379254,-68.219939,2.331075,1,0,4,0.0000,0.0000,0.0000,0.5000,"HeadOnBreak",-0.989555
535,B0100,defensive,OBFM,11504.054176,13.969510,31.905340,43.388260,-12.570090,13387.365107,223.437053,15597.518660,-88.671711,-13237.390644,-251.813375,10.052178,False,False,True,False,False,False,False,1-circle,-1.000000,-174.071245,98.471991,97.749699,2.250301,1.528009,18.379254,-68.219939,2.331075,2,3,3,0.0000,0.0000,0.0000,0.5000,"Pursue",1.344970
536,A0100,adaptive_eagle_v6h_e1c,OBFM,11588.930689,12.847954,32.327958,42.585548,-11.325762,13379.043220,223.315062,15586.784049,-53.673055,-13303.352547,-249.089447,7.945554,False,False,True,False,False,False,False,1-circle,-1.000000,-190.037516,98.471991,97.749699,2.250301,1.528009,22.990297,-63.167808,2.780444,1,0,4,0.0000,0.0000,0.0000,0.5000,"HeadOnBreak",-0.904112
536,B0100,defensive,OBFM,11588.930689,12.847954,32.327958,42.585548,-11.325762,13379.043220,223.315062,15586.784049,-53.673055,-13303.352547,-249.089447,7.945554,False,False,True,False,False,False,False,1-circle,-1.000000,-190.037516,98.471991,97.749699,2.250301,1.528009,22.990297,-63.167808,2.780444,2,3,3,0.0000,0.0000,0.0000,0.5000,"Pursue",1.290638
537,A0100,adaptive_eagle_v6h_e1c,OBFM,11672.007902,11.895001,33.610899,42.982932,-10.298871,13370.930109,223.308219,15578.535652,-41.241985,-13317.015829,-240.709971,5.929906,False,False,True,False,False,False,False,1-circle,-1.000000,-205.254269,98.471991,97.749699,2.250301,1.528009,29.829744,-55.867141,3.439600,1,0,4,0.0000,0.0000,0.0000,0.5000,"HeadOnBreak",-1.184121
537,B0100,defensive,OBFM,11672.007902,11.895001,33.610899,42.982932,-10.298871,13370.930109,223.308219,15578.535652,-41.241985,-13317.015829,-240.709971,5.929906,False,False,True,False,False,False,False,1-circle,-1.000000,-205.254269,98.471991,97.749699,2.250301,1.528009,29.829744,-55.867141,3.439600,2,3,3,0.0000,0.0000,0.0000,0.5000,"Pursue",1.743894
538,A0100,adaptive_eagle_v6h_e1c,OBFM,11751.306221,10.707183,35.460735,43.783046,-9.173062,13363.347209,223.026938,15565.394804,-65.704238,-13264.242378,-227.684157,5.040125,False,False,True,False,False,False,False,1-circle,-1.000000,-219.612140,98.471991,97.749699,2.250301,1.528009,33.821504,-51.387643,4.312511,1,8,4,0.0000,0.0000,0.0000,0.5000,"HeadOnBreak",-1.781909
538,B0100,defensive,OBFM,11751.306221,10.707183,35.460735,43.783046,-9.173062,13363.347209,223.026938,15565.394804,-65.704238,-13264.242378,-227.684157,5.040125,False,False,True,False,False,False,False,1-circle,-1.000000,-219.612140,98.471991,97.749699,2.250301,1.528009,33.821504,-51.387643,4.312511,2,3,3,0.0000,0.0000,0.0000,0.5000,"Pursue",2.661085
539,A0100,adaptive_eagle_v6h_e1c,OBFM,11826.793070,9.139779,36.719329,43.620149,-7.766928,13356.825384,222.339179,15545.312795,-100.410044,-13319.054373,-219.658210,5.431465,False,False,True,False,False,False,False,1-circle,-1.000000,-236.155504,98.471991,97.749699,2.250301,1.528009,31.249562,-53.371864,5.228324,1,8,4,0.0000,0.0000,0.0000,0.5000,"HeadOnBreak",-2.466535
539,B0100,defensive,OBFM,11826.793070,9.139779,36.719329,43.620149,-7.766928,13356.825384,222.339179,15545.312795,-100.410044,-13319.054373,-219.658210,5.431465,False,False,True,False,False,False,False,1-circle,-1.000000,-236.155504,98.471991,97.749699,2.250301,1.528009,31.249562,-53.371864,5.228324,2,3,3,0.0000,0.0000,0.0000,0.5000,"Pursue",3.717714
540,A0100,adaptive_eagle_v6h_e1c,OBFM,11901.154898,7.407655,36.906270,42.223365,-6.151344,13351.623813,221.466023,15522.956008,-111.783934,-13464.327405,-219.839409,6.799950,False,False,True,False,False,False,False,1-circle,-1.000000,-255.756240,98.471991,97.749699,2.250301,1.528009,24.707797,-59.198184,6.009046,1,8,4,0.0000,0.0000,0.0000,0.5000,"HeadOnBreak",-3.239904
540,B0100,defensive,OBFM,11901.154898,7.407655,36.906270,42.223365,-6.151344,13351.623813,221.466023,15522.956008,-111.783934,-13464.327405,-219.839409,6.799950,False,False,True,False,False,False,False,1-circle,-1.000000,-255.756240,98.471991,97.749699,2.250301,1.528009,24.707797,-59.198184,6.009046,2,3,3,0.0000,0.0000,0.0000,0.5000,"Pursue",4.820818
541,A0100,adaptive_eagle_v6h_e1c,OBFM,11976.312113,5.793719,36.805174,40.478239,-4.469252,13347.493083,220.653779,15502.927417,-100.142959,-13650.622733,-222.684813,9.206564,False,False,True,False,False,False,False,1-circle,-1.000000,-277.476410,98.471991,97.749699,2.250301,1.528009,16.917161,-66.157145,6.499267,1,0,4,0.0000,0.0000,0.0000,0.5000,"HeadOnBreak",-4.146288
541,B0100,defensive,OBFM,11976.312113,5.793719,36.805174,40.478239,-4.469252,13347.493083,220.653779,15502.927417,-100.142959,-13650.622733,-222.684813,9.206564,False,False,True,False,False,False,False,1-circle,-1.000000,-277.476410,98.471991,97.749699,2.250301,1.528009,16.917161,-66.157145,6.499267,2,4,3,0.0000,0.0000,0.0000,0.5000,"Pursue",5.708996
542,A0100,adaptive_eagle_v6h_e1c,OBFM,12052.245414,4.608522,36.865026,39.000326,-2.911036,13343.966993,220.086383,15488.330481,-72.984677,-13790.609690,-223.973750,10.664402,False,False,True,False,False,False,False,1-circle,-1.000000,-300.378326,98.471991,97.749699,2.250301,1.528009,13.068502,-69.067167,6.805478,1,0,4,0.0000,0.0000,0.0000,0.5000,"HeadOnBreak",-5.054113
542,B0100,defensive,OBFM,12052.245414,4.608522,36.865026,39.000326,-2.911036,13343.966993,220.086383,15488.330481,-72.984677,-13790.609690,-223.973750,10.664402,False,False,True,False,False,False,False,1-circle,-1.000000,-300.378326,98.471991,97.749699,2.250301,1.528009,13.068502,-69.067167,6.805478,2,4,3,0.0000,0.0000,0.0000,0.5000,"Pursue",5.763551
543,A0100,adaptive_eagle_v6h_e1c,OBFM,12128.215315,3.944612,37.358296,38.322395,-1.704022,13340.675810,219.840502,15480.250593,-40.399443,-13848.442240,-221.264271,8.162620,False,False,True,False,False,False,False,1-circle,-1.000000,-323.443608,98.471991,97.749699,2.250301,1.528009,17.679819,-63.419646,7.213751,1,0,4,0.0000,0.0000,0.0000,0.5000,"HeadOnBreak",-6.603544
543,B0100,defensive,OBFM,12128.215315,3.944612,37.358296,38.322395,-1.704022,13340.675810,219.840502,15480.250593,-40.399443,-13848.442240,-221.264271,8.162620,False,False,True,False,False,False,False,1-circle,-1.000000,-323.443608,98.471991,97.749699,2.250301,1.528009,17.679819,-63.419646,7.213751,2,4,3,0.0000,0.0000,0.0000,0.5000,"Pursue",5.258759
544,A0100,adaptive_eagle_v6h_e1c,OBFM,12202.206913,3.605886,38.541129,38.691522,-0.855581,13337.592653,219.820016,15476.768714,-17.409393,-13891.106712,-213.675157,5.299071,False,False,True,False,False,False,False,1-circle,-1.000000,-346.227913,98.471991,97.749699,2.250301,1.528009,27.574943,-52.374436,7.935994,1,8,4,0.0000,0.0000,0.0000,0.5000,"HeadOnBreak",-10.875433
544,B0100,defensive,OBFM,12202.206913,3.605886,38.541129,38.691522,-0.855581,13337.592653,219.820016,15476.768714,-17.409393,-13891.106712,-213.675157,5.299071,False,False,True,False,False,False,False,1-circle,-1.000000,-346.227913,98.471991,97.749699,2.250301,1.528009,27.574943,-52.374436,7.935994,2,4,3,0.0000,0.0000,0.0000,0.5000,"Pursue",4.318897
545,A0100,adaptive_eagle_v6h_e1c,OBFM,12274.183202,3.202025,39.255446,38.750004,-0.139217,13334.900951,219.683299,15471.416909,-26.759026,-14018.994593,-210.355572,3.489511,False,False,True,False,False,False,False,1-circle,-1.000000,-369.533585,98.471991,97.749699,2.250301,1.528009,38.145180,-40.489082,9.087906,1,0,4,0.0000,0.0000,0.0000,0.5000,"HeadOnBreak",10.959597
545,B0100,defensive,OBFM,12274.183202,3.202025,39.255446,38.750004,-0.139217,13334.900951,219.683299,15471.416909,-26.759026,-14018.994593,-210.355572,3.489511,False,False,True,False,False,False,False,1-circle,-1.000000,-369.533585,98.471991,97.749699,2.250301,1.528009,38.145180,-40.489082,9.087906,2,4,3,0.0000,0.0000,0.0000,0.5000,"Pursue",-4.358169
546,A0100,adaptive_eagle_v6h_e1c,OBFM,12345.718222,2.836315,39.625157,38.734592,0.332541,13332.983477,219.474100,15465.432264,-29.923223,-14083.058159,-208.478168,2.467000,False,False,True,False,False,False,False,1-circle,1.000000,-393.428780,98.471991,97.749699,2.250301,1.528009,46.038465,-31.089912,10.223178,1,0,4,0.0000,0.0000,0.0000,0.5000,"HeadOnBreak",3.124609
546,B0100,defensive,OBFM,12345.718222,2.836315,39.625157,38.734592,0.332541,13332.983477,219.474100,15465.432264,-29.923223,-14083.058159,-208.478168,2.467000,False,False,True,False,False,False,False,1-circle,1.000000,-393.428780,98.471991,97.749699,2.250301,1.528009,46.038465,-31.089912,10.223178,2,4,3,0.0000,0.0000,0.0000,0.5000,"Pursue",-2.161413
547,A0100,adaptive_eagle_v6h_e1c,OBFM,12415.612720,2.710443,40.783010,39.886158,0.430133,13331.640220,219.555201,15465.665294,1.165150,-14091.485674,-200.144950,1.808258,False,False,True,False,False,False,False,1-circle,1.000000,-416.060387,98.471991,97.749699,2.250301,1.528009,51.588350,-23.851965,9.666455,1,0,4,0.0000,0.0000,0.0000,0.5000,"SmartLowYoYo",-0.137502
547,B0100,defensive,OBFM,12415.612720,2.710443,40.783010,39.886158,0.430133,13331.640220,219.555201,15465.665294,1.165150,-14091.485674,-200.144950,1.808258,False,False,True,False,False,False,False,1-circle,1.000000,-416.060387,98.471991,97.749699,2.250301,1.528009,51.588350,-23.851965,9.666455,2,4,3,0.0000,0.0000,0.0000,0.5000,"Pursue",0.133339
548,A0100,adaptive_eagle_v6h_e1c,OBFM,12481.597584,2.817121,42.433726,41.755844,0.230893,13330.452964,220.122112,15475.512748,49.237269,-14007.573592,-186.507200,1.293588,False,False,True,False,False,False,False,1-circle,1.000000,-436.211864,98.471991,97.749699,2.250301,1.528009,55.944710,-17.593419,7.709054,1,0,4,0.0000,0.0000,0.0000,0.5000,"SmartLowYoYo",-2.875170
548,B0100,defensive,OBFM,12481.597584,2.817121,42.433726,41.755844,0.230893,13330.452964,220.122112,15475.512748,49.237269,-14007.573592,-186.507200,1.293588,False,False,True,False,False,False,False,1-circle,1.000000,-436.211864,98.471991,97.749699,2.250301,1.528009,55.944710,-17.593419,7.709054,2,4,3,0.0000,0.0000,0.0000,0.5000,"Pursue",2.013843
549,A0100,adaptive_eagle_v6h_e1c,OBFM,12543.025132,3.293250,43.952084,43.623163,-0.201293,13328.910654,221.078518,15492.651012,85.691322,-13973.360554,-173.978346,0.779236,False,False,True,False,False,False,False,1-circle,-1.000000,-455.993570,98.471991,97.749699,2.250301,1.528009,60.406809,-10.858740,5.047196,1,0,4,0.0000,0.0000,0.0000,0.5000,"SmartLowYoYo",-0.400620
549,B0100,defensive,OBFM,12543.025132,3.293250,43.952084,43.623163,-0.201293,13328.910654,221.078518,15492.651012,85.691322,-13973.360554,-173.978346,0.779236,False,False,True,False,False,False,False,1-circle,-1.000000,-455.993570,98.471991,97.749699,2.250301,1.528009,60.406809,-10.858740,5.047196,2,4,3,0.0000,0.0000,0.0000,0.5000,"Pursue",0.259156
550,A0100,adaptive_eagle_v6h_e1c,OBFM,12600.680084,3.996753,45.257924,45.376189,-0.759307,13326.550378,222.124093,15510.805649,90.773181,-13984.091851,-163.374298,0.311980,False,False,True,False,False,False,False,1-circle,-1.000000,-476.348527,98.471991,97.749699,2.250301,1.528009,64.057410,-4.411847,2.026231,1,0,4,0.0000,0.0000,0.0000,0.5000,"SmartLowYoYo",4.480682
550,B0100,defensive,OBFM,12600.680084,3.996753,45.257924,45.376189,-0.759307,13326.550378,222.124093,15510.805649,90.773181,-13984.091851,-163.374298,0.311980,False,False,True,False,False,False,False,1-circle,-1.000000,-476.348527,98.471991,97.749699,2.250301,1.528009,64.057410,-4.411847,2.026231,2,4,3,0.0000,0.0000,0.0000,0.5000,"Pursue",-3.172278
551,A0100,adaptive_eagle_v6h_e1c,OBFM,12654.638805,4.763742,46.665528,47.301296,-1.367167,13323.322791,223.001195,15524.862079,70.282155,-13983.770161,-151.810346,0.027361,False,False,True,False,False,False,False,1-circle,-1.000000,-496.812728,98.471991,97.749699,2.250301,1.528009,65.376545,0.389167,-0.792366,1,0,4,0.0000,0.0000,0.0000,0.5000,"SmartLowYoYo",4.141093
551,B0100,defensive,OBFM,12654.638805,4.763742,46.665528,47.301296,-1.367167,13323.322791,223.001195,15524.862079,70.282155,-13983.770161,-151.810346,0.027361,False,False,True,False,False,False,False,1-circle,-1.000000,-496.812728,98.471991,97.749699,2.250301,1.528009,65.376545,0.389167,-0.792366,1,4,3,0.0000,0.0000,0.0000,0.5000,"Pursue",-3.945159
552,A0100,adaptive_eagle_v6h_e1c,OBFM,12704.454773,5.601922,48.049921,49.278534,-2.018004,13319.139474,224.830845,15556.952748,160.453341,-13944.465024,-138.997930,0.256535,False,False,True,False,False,False,False,1-circle,-1.000000,-516.468576,98.471991,97.749699,2.250301,1.528009,64.273573,3.673047,-2.718187,3,0,3,0.0000,0.0000,0.0000,0.5000,"SmartLowYoYo",3.459782
552,B0100,defensive,OBFM,12704.454773,5.601922,48.049921,49.278534,-2.018004,13319.139474,224.830845,15556.952748,160.453341,-13944.465024,-138.997930,0.256535,False,False,True,False,False,False,False,1-circle,-1.000000,-516.468576,98.471991,97.749699,2.250301,1.528009,64.273573,3.673047,-2.718187,1,4,3,0.0000,0.0000,0.0000,0.5000,"Pursue",-4.063566
553,A0100,adaptive_eagle_v6h_e1c,OBFM,12749.974850,6.681550,49.326656,51.187723,-2.680384,13313.833886,226.846159,15591.945077,174.961649,-13899.717422,-126.835458,0.347832,False,False,True,False,False,False,False,1-circle,-1.000000,-534.180105,98.471991,97.749699,2.250301,1.528009,60.017701,5.017729,-5.429118,3,0,3,0.0000,0.0000,0.0000,0.5000,"SmartLowYoYo",3.122675
553,B0100,defensive,OBFM,12749.974850,6.681550,49.326656,51.187723,-2.680384,13313.833886,226.846159,15591.945077,174.961649,-13899.717422,-126.835458,0.347832,False,False,True,False,False,False,False,1-circle,-1.000000,-534.180105,98.471991,97.749699,2.250301,1.528009,60.017701,5.017729,-5.429118,1,4,3,0.0000,0.0000,0.0000,0.5000,"Pursue",-4.192201
554,A0100,adaptive_eagle_v6h_e1c,OBFM,12791.643888,8.021998,50.436830,52.989798,-3.347730,13306.905715,227.896881,15606.169612,71.122673,-13876.435117,-117.250252,0.385946,False,False,True,False,False,False,False,1-circle,-1.000000,-548.412295,98.471991,97.749699,2.250301,1.528009,53.350933,5.588855,-8.411286,3,0,3,0.0000,0.0000,0.0000,0.5000,"SmartLowYoYo",2.797299
554,B0100,defensive,OBFM,12791.643888,8.021998,50.436830,52.989798,-3.347730,13306.905715,227.896881,15606.169612,71.122673,-13876.435117,-117.250252,0.385946,False,False,True,False,False,False,False,1-circle,-1.000000,-548.412295,98.471991,97.749699,2.250301,1.528009,53.350933,5.588855,-8.411286,1,4,3,0.0000,0.0000,0.0000,0.5000,"Pursue",-4.044915
555,A0100,adaptive_eagle_v6h_e1c,OBFM,12829.984684,9.544538,51.599337,54.949630,-4.014890,13297.947916,228.755828,15614.576409,42.033983,-13816.886170,-107.198421,0.405842,False,False,True,False,False,False,False,1-circle,-1.000000,-557.598813,98.471991,97.749699,2.250301,1.528009,44.195710,5.895809,-11.229768,3,0,3,0.0000,0.0000,0.0000,0.5000,"SmartLowYoYo",2.525701
555,B0100,defensive,OBFM,12829.984684,9.544538,51.599337,54.949630,-4.014890,13297.947916,228.755828,15614.576409,42.033983,-13816.886170,-107.198421,0.405842,False,False,True,False,False,False,False,1-circle,-1.000000,-557.598813,98.471991,97.749699,2.250301,1.528009,44.195710,5.895809,-11.229768,1,4,3,0.0000,0.0000,0.0000,0.5000,"Pursue",-3.739693
556,A0100,adaptive_eagle_v6h_e1c,OBFM,12863.815183,11.224984,53.297250,57.454973,-4.682358,13286.616732,229.548179,15619.321421,23.725060,-13699.676742,-92.282884,0.419707,False,False,True,False,False,False,False,1-circle,-1.000000,-560.957965,98.471991,97.749699,2.250301,1.528009,31.948095,6.115271,-13.830462,3,0,3,0.0000,0.0000,0.0000,0.5000,"SmartLowYoYo",2.268330
556,B0100,defensive,OBFM,12863.815183,11.224984,53.297250,57.454973,-4.682358,13286.616732,229.548179,15619.321421,23.725060,-13699.676742,-92.282884,0.419707,False,False,True,False,False,False,False,1-circle,-1.000000,-560.957965,98.471991,97.749699,2.250301,1.528009,31.948095,6.115271,-13.830462,1,4,3,0.0000,0.0000,0.0000,0.5000,"Pursue",-3.342040
557,A0100,adaptive_eagle_v6h_e1c,OBFM,12892.361607,13.058343,54.852431,59.673705,-5.348012,13272.559107,231.294103,15640.883444,107.810118,-13600.389520,-78.219958,0.429208,False,False,True,False,False,False,False,1-circle,-1.000000,-560.482645,98.471991,97.749699,2.250301,1.528009,16.183374,6.297634,-16.265908,3,0,3,0.0000,0.0000,0.0000,0.5000,"SmartLowYoYo",1.851659
557,B0100,defensive,OBFM,12892.361607,13.058343,54.852431,59.673705,-5.348012,13272.559107,231.294103,15640.883444,107.810118,-13600.389520,-78.219958,0.429208,False,False,True,False,False,False,False,1-circle,-1.000000,-560.482645,98.471991,97.749699,2.250301,1.528009,16.183374,6.297634,-16.265908,1,3,3,0.0000,0.0000,0.0000,0.5000,"Pursue",-2.653521
558,A0100,adaptive_eagle_v6h_e1c,OBFM,12916.963443,14.802973,56.055078,61.596250,-6.066525,13255.639574,231.944967,15637.311642,-17.859010,-13589.562311,-69.133024,0.324595,False,False,True,False,False,False,False,1-circle,-1.000000,-557.511593,98.471991,97.749699,2.250301,1.528009,-3.432117,4.782797,-18.554069,1,0,4,0.0000,0.0000,0.0000,0.5000,"SmartLowYoYo",1.453026
558,B0100,defensive,OBFM,12916.963443,14.802973,56.055078,61.596250,-6.066525,13255.639574,231.944967,15637.311642,-17.859010,-13589.562311,-69.133024,0.324595,False,False,True,False,False,False,False,1-circle,-1.000000,-557.511593,98.471991,97.749699,2.250301,1.528009,-3.432117,4.782797,-18.554069,1,3,3,0.0000,0.0000,0.0000,0.5000,"Pursue",-1.993006
559,A0100,adaptive_eagle_v6h_e1c,OBFM,12938.447707,16.331212,57.263097,63.618384,-6.813255,13236.298335,232.148437,15622.150800,-75.804212,-13572.152924,-60.150089,0.063515,False,False,True,False,False,False,False,1-circle,-1.000000,-551.914805,98.471991,97.749699,2.250301,1.528009,-26.380779,-0.938499,-20.700729,1,0,4,0.0000,0.0000,0.0000,0.5000,"SmartLowYoYo",1.357501
559,B0100,defensive,OBFM,12938.447707,16.331212,57.263097,63.618384,-6.813255,13236.298335,232.148437,15622.150800,-75.804212,-13572.152924,-60.150089,0.063515,False,False,True,False,False,False,False,1-circle,-1.000000,-551.914805,98.471991,97.749699,2.250301,1.528009,-26.380779,-0.938499,-20.700729,1,3,3,0.0000,0.0000,0.0000,0.5000,"Pursue",-1.772115
560,A0100,adaptive_eagle_v6h_e1c,OBFM,12956.559582,17.909918,58.672056,65.968113,-7.611300,13214.699620,232.296914,15603.604948,-92.729258,-13512.009150,-49.143749,0.697746,False,False,True,False,False,False,False,1-circle,-1.000000,-542.863185,98.471991,97.749699,2.250301,1.528009,-49.766025,-10.204674,-22.751924,1,0,4,0.0000,0.0000,0.0000,0.5000,"SmartLowYoYo",1.215175
560,B0100,defensive,OBFM,12956.559582,17.909918,58.672056,65.968113,-7.611300,13214.699620,232.296914,15603.604948,-92.729258,-13512.009150,-49.143749,0.697746,False,False,True,False,False,False,False,1-circle,-1.000000,-542.863185,98.471991,97.749699,2.250301,1.528009,-49.766025,-10.204674,-22.751924,1,3,3,0.0000,0.0000,0.0000,0.5000,"Pursue",-1.495209
561,A0100,adaptive_eagle_v6h_e1c,OBFM,12969.992834,19.431954,60.483238,68.608535,-8.475073,13190.822480,232.434968,15582.568101,-105.184237,-13404.769444,-33.995332,1.578526,False,False,True,False,False,False,False,1-circle,-1.000000,-530.575665,98.471991,97.749699,2.250301,1.528009,-72.433618,-22.162875,-24.220370,1,0,4,0.0000,0.0000,0.0000,0.5000,"SmartLowYoYo",0.774802
561,B0100,defensive,OBFM,12969.992834,19.431954,60.483238,68.608535,-8.475073,13190.822480,232.434968,15582.568101,-105.184237,-13404.769444,-33.995332,1.578526,False,False,True,False,False,False,False,1-circle,-1.000000,-530.575665,98.471991,97.749699,2.250301,1.528009,-72.433618,-22.162875,-24.220370,1,3,3,0.0000,0.0000,0.0000,0.5000,"Pursue",-0.908450
562,A0100,adaptive_eagle_v6h_e1c,OBFM,12978.667618,20.434280,61.876005,70.391000,-9.167189,13165.102886,233.187195,15572.354330,-51.068853,-13332.473608,-21.629307,2.780190,False,False,True,False,False,False,False,1-circle,-1.000000,-518.114788,98.471991,97.749699,2.250301,1.528009,-93.813641,-35.732191,-22.845628,1,0,4,0.0000,0.0000,0.0000,0.5000,"SmartLowYoYo",0.361544
562,B0100,defensive,OBFM,12978.667618,20.434280,61.876005,70.391000,-9.167189,13165.102886,233.187195,15572.354330,-51.068853,-13332.473608,-21.629307,2.780190,False,False,True,False,False,False,False,1-circle,-1.000000,-518.114788,98.471991,97.749699,2.250301,1.528009,-93.813641,-35.732191,-22.845628,1,3,3,0.0000,0.0000,0.0000,0.5000,"Pursue",-0.399424
563,A0100,adaptive_eagle_v6h_e1c,OBFM,12983.378830,20.872798,62.966171,71.488358,-9.468489,13138.266648,236.007953,15604.109145,158.774076,-13258.484283,-9.270097,3.969950,False,False,True,False,False,False,False,1-circle,-1.000000,-507.324063,98.471991,97.749699,2.250301,1.528009,-109.817513,-46.097870,-19.150451,1,0,4,0.0000,0.0000,0.0000,0.5000,"SmartLowYoYo",0.141891
563,B0100,defensive,OBFM,12983.378830,20.872798,62.966171,71.488358,-9.468489,13138.266648,236.007953,15604.109145,158.774076,-13258.484283,-9.270097,3.969950,False,False,True,False,False,False,False,1-circle,-1.000000,-507.324063,98.471991,97.749699,2.250301,1.528009,-109.817513,-46.097870,-19.150451,1,3,3,0.0000,0.0000,0.0000,0.5000,"Pursue",-0.128551
564,A0100,adaptive_eagle_v6h_e1c,OBFM,12983.531655,20.979198,64.198503,72.542832,-9.528261,13110.661476,239.360490,15647.057067,214.739608,-13156.225371,5.817209,4.156762,False,False,True,False,False,False,False,1-circle,-1.000000,-498.083449,98.471991,97.749699,2.250301,1.528009,-115.662169,-47.795707,-14.542660,3,0,3,0.0000,0.0000,0.0000,0.5000,"SmartLowYoYo",-0.008402
564,B0100,defensive,OBFM,12983.531655,20.979198,64.198503,72.542832,-9.528261,13110.661476,239.360490,15647.057067,214.739608,-13156.225371,5.817209,4.156762,False,False,True,False,False,False,False,1-circle,-1.000000,-498.083449,98.471991,97.749699,2.250301,1.528009,-115.662169,-47.795707,-14.542660,1,3,3,0.0000,0.0000,0.0000,0.5000,"Pursue",0.053266
565,A0100,adaptive_eagle_v6h_e1c,OBFM,12978.648157,20.844487,65.488241,73.646623,-9.488278,13082.725383,241.193926,15658.125974,55.344535,-13098.029276,20.350981,3.559288,False,False,True,False,False,False,False,1-circle,-1.000000,-490.080994,98.471991,97.749699,2.250301,1.528009,-114.553933,-43.557740,-10.495074,3,0,3,0.0000,0.0000,0.0000,0.5000,"SmartLowYoYo",-0.326521
565,B0100,defensive,OBFM,12978.648157,20.844487,65.488241,73.646623,-9.488278,13082.725383,241.193926,15658.125974,55.344535,-13098.029276,20.350981,3.559288,False,False,True,False,False,False,False,1-circle,-1.000000,-490.080994,98.471991,97.749699,2.250301,1.528009,-114.553933,-43.557740,-10.495074,2,3,3,0.0000,0.0000,0.0000,0.5000,"Pursue",0.435350
566,A0100,adaptive_eagle_v6h_e1c,OBFM,12968.623657,20.213853,66.750738,74.561897,-9.159352,13055.052132,243.886029,15688.264604,150.693147,-13010.626820,36.617798,2.839948,False,False,True,False,False,False,False,1-circle,-1.000000,-482.944490,98.471991,97.749699,2.250301,1.528009,-110.897395,-37.477146,-7.413784,3,0,3,0.0000,0.0000,0.0000,0.5000,"SmartLowYoYo",-0.514188
566,B0100,defensive,OBFM,12968.623657,20.213853,66.750738,74.561897,-9.159352,13055.052132,243.886029,15688.264604,150.693147,-13010.626820,36.617798,2.839948,False,False,True,False,False,False,False,1-circle,-1.000000,-482.944490,98.471991,97.749699,2.250301,1.528009,-110.897395,-37.477146,-7.413784,2,3,3,0.0000,0.0000,0.0000,0.5000,"Pursue",0.672779
567,A0100,adaptive_eagle_v6h_e1c,OBFM,12953.177651,19.309750,67.924733,75.473870,-8.794814,13028.235179,246.321582,15714.303092,130.192442,-12928.609513,52.321274,2.270735,False,False,True,False,False,False,False,1-circle,-1.000000,-476.184962,98.471991,97.749699,2.250301,1.528009,-107.096458,-31.748321,-4.971490,3,0,3,0.0000,0.0000,0.0000,0.5000,"SmartLowYoYo",-0.777539
567,B0100,defensive,OBFM,12953.177651,19.309750,67.924733,75.473870,-8.794814,13028.235179,246.321582,15714.303092,130.192442,-12928.609513,52.321274,2.270735,False,False,True,False,False,False,False,1-circle,-1.000000,-476.184962,98.471991,97.749699,2.250301,1.528009,-107.096458,-31.748321,-4.971490,2,3,3,0.0000,0.0000,0.0000,0.5000,"Pursue",1.021315
568,A0100,adaptive_eagle_v6h_e1c,OBFM,12932.614322,18.055620,68.953989,76.310814,-8.388440,13002.840890,248.362412,15733.602550,96.497292,-12855.526916,66.792874,2.127806,False,False,True,False,False,False,False,1-circle,-1.000000,-469.232453,98.471991,97.749699,2.250301,1.528009,-107.223435,-30.298455,-2.902085,3,0,3,0.0000,0.0000,0.0000,0.5000,"SmartLowYoYo",-1.201086
568,B0100,defensive,OBFM,12932.614322,18.055620,68.953989,76.310814,-8.388440,13002.840890,248.362412,15733.602550,96.497292,-12855.526916,66.792874,2.127806,False,False,True,False,False,False,False,1-circle,-1.000000,-469.232453,98.471991,97.749699,2.250301,1.528009,-107.223435,-30.298455,-2.902085,2,3,3,0.0000,0.0000,0.0000,0.5000,"Pursue",1.625757
569,A0100,adaptive_eagle_v6h_e1c,OBFM,12907.139407,16.334578,70.071988,77.035422,-7.684541,12979.670899,249.807493,15742.302537,43.499931,-12761.291730,82.389511,2.679081,False,False,True,False,False,False,False,1-circle,-1.000000,-461.635352,98.471991,97.749699,2.250301,1.528009,-114.733940,-36.488147,-1.193888,3,0,3,0.0000,0.0000,0.0000,0.5000,"SmartLowYoYo",-1.588985
569,B0100,defensive,OBFM,12907.139407,16.334578,70.071988,77.035422,-7.684541,12979.670899,249.807493,15742.302537,43.499931,-12761.291730,82.389511,2.679081,False,False,True,False,False,False,False,1-circle,-1.000000,-461.635352,98.471991,97.749699,2.250301,1.528009,-114.733940,-36.488147,-1.193888,2,3,3,0.0000,0.0000,0.0000,0.5000,"Pursue",2.268308
570,A0100,adaptive_eagle_v6h_e1c,OBFM,12875.354807,14.377514,71.758772,77.842840,-6.589489,12959.220348,250.853896,15745.044884,13.711739,-12619.653695,103.719002,3.738044,False,False,True,False,False,False,False,1-circle,-1.000000,-453.290403,98.471991,97.749699,2.250301,1.528009,-125.379282,-46.010737,0.117644,1,0,4,0.0000,0.0000,0.0000,0.5000,"SmartLowYoYo",-1.480481
570,B0100,defensive,OBFM,12875.354807,14.377514,71.758772,77.842840,-6.589489,12959.220348,250.853896,15745.044884,13.711739,-12619.653695,103.719002,3.738044,False,False,True,False,False,False,False,1-circle,-1.000000,-453.290403,98.471991,97.749699,2.250301,1.528009,-125.379282,-46.010737,0.117644,2,3,3,0.0000,0.0000,0.0000,0.5000,"Pursue",2.201224
571,A0100,adaptive_eagle_v6h_e1c,OBFM,12836.856568,12.856042,73.260039,78.262053,-5.493618,12941.184137,250.569810,15720.702477,-121.712038,-12566.628283,120.638273,4.433901,False,False,True,False,False,False,False,1-circle,-1.000000,-446.127307,98.471991,97.749699,2.250301,1.528009,-131.115020,-50.821600,1.185987,1,0,4,0.0000,0.0000,0.0000,0.5000,"SmartLowYoYo",-1.181904
571,B0100,defensive,OBFM,12836.856568,12.856042,73.260039,78.262053,-5.493618,12941.184137,250.569810,15720.702477,-121.712038,-12566.628283,120.638273,4.433901,False,False,True,False,False,False,False,1-circle,-1.000000,-446.127307,98.471991,97.749699,2.250301,1.528009,-131.115020,-50.821600,1.185987,2,3,3,0.0000,0.0000,0.0000,0.5000,"Pursue",1.801557
572,A0100,adaptive_eagle_v6h_e1c,OBFM,12793.653598,11.787462,74.380082,78.683786,-4.782156,12924.877550,250.412330,15700.903223,-98.996268,-12571.783335,132.914185,3.691928,False,False,True,False,False,False,False,1-circle,-1.000000,-440.921181,98.471991,97.749699,2.250301,1.528009,-126.638420,-45.591081,2.287132,1,0,4,0.0000,0.0000,0.0000,0.5000,"SmartLowYoYo",-1.117438
572,B0100,defensive,OBFM,12793.653598,11.787462,74.380082,78.683786,-4.782156,12924.877550,250.412330,15700.903223,-98.996268,-12571.783335,132.914185,3.691928,False,False,True,False,False,False,False,1-circle,-1.000000,-440.921181,98.471991,97.749699,2.250301,1.528009,-126.638420,-45.591081,2.287132,2,4,3,0.0000,0.0000,0.0000,0.5000,"Pursue",1.747433
573,A0100,adaptive_eagle_v6h_e1c,OBFM,12746.050793,10.841594,75.777562,79.696175,-4.351032,12909.972682,250.372139,15685.107319,-78.979523,-12532.793776,148.196420,2.754596,False,False,True,False,False,False,False,1-circle,-1.000000,-436.769177,98.471991,97.749699,2.250301,1.528009,-118.966724,-37.284870,3.581853,1,0,4,0.0000,0.0000,0.0000,0.5000,"SmartLowYoYo",-1.277161
573,B0100,defensive,OBFM,12746.050793,10.841594,75.777562,79.696175,-4.351032,12909.972682,250.372139,15685.107319,-78.979523,-12532.793776,148.196420,2.754596,False,False,True,False,False,False,False,1-circle,-1.000000,-436.769177,98.471991,97.749699,2.250301,1.528009,-118.966724,-37.284870,3.581853,2,4,3,0.0000,0.0000,0.0000,0.5000,"Pursue",1.999591
574,A0100,adaptive_eagle_v6h_e1c,OBFM,12693.038677,9.847157,77.150463,80.800245,-4.088015,12896.687960,250.240312,15668.901008,-81.031552,-12509.146602,163.098237,2.074288,False,False,True,False,False,False,False,1-circle,-1.000000,-434.214426,98.471991,97.749699,2.250301,1.528009,-112.018267,-29.809666,5.120383,1,0,4,0.0000,0.0000,0.0000,0.5000,"SmartLowYoYo",-1.228557
574,B0100,defensive,OBFM,12693.038677,9.847157,77.150463,80.800245,-4.088015,12896.687960,250.240312,15668.901008,-81.031552,-12509.146602,163.098237,2.074288,False,False,True,False,False,False,False,1-circle,-1.000000,-434.214426,98.471991,97.749699,2.250301,1.528009,-112.018267,-29.809666,5.120383,2,4,3,0.0000,0.0000,0.0000,0.5000,"Pursue",1.912019
575,A0100,adaptive_eagle_v6h_e1c,OBFM,12635.726689,8.937552,78.291005,81.898175,-4.027403,12885.147945,250.117109,15654.631934,-71.345373,-12517.846826,175.401753,1.633712,False,False,True,False,False,False,False,1-circle,-1.000000,-433.993895,98.471991,97.749699,2.250301,1.528009,-106.906994,-24.272718,6.892623,1,0,4,0.0000,0.0000,0.0000,0.5000,"SmartLowYoYo",-0.752712
575,B0100,defensive,OBFM,12635.726689,8.937552,78.291005,81.898175,-4.027403,12885.147945,250.117109,15654.631934,-71.345373,-12517.846826,175.401753,1.633712,False,False,True,False,False,False,False,1-circle,-1.000000,-433.993895,98.471991,97.749699,2.250301,1.528009,-106.906994,-24.272718,6.892623,2,4,3,0.0000,0.0000,0.0000,0.5000,"Pursue",1.189897
576,A0100,adaptive_eagle_v6h_e1c,OBFM,12574.220078,8.278341,79.463178,83.306274,-4.208784,12875.278096,250.072022,15643.763697,-54.341184,-12511.102529,187.968955,1.271178,False,False,True,False,False,False,False,1-circle,-1.000000,-435.315542,98.471991,97.749699,2.250301,1.528009,-102.316806,-19.328948,8.791373,3,0,3,0.0000,0.0000,0.0000,0.5000,"SmartLowYoYo",-0.243216
576,B0100,defensive,OBFM,12574.220078,8.278341,79.463178,83.306274,-4.208784,12875.278096,250.072022,15643.763697,-54.341184,-12511.102529,187.968955,1.271178,False,False,True,False,False,False,False,1-circle,-1.000000,-435.315542,98.471991,97.749699,2.250301,1.528009,-102.316806,-19.328948,8.791373,2,4,3,0.0000,0.0000,0.0000,0.5000,"Pursue",0.423979
577,A0100,adaptive_eagle_v6h_e1c,OBFM,12508.614267,7.782659,80.559822,84.848797,-4.568430,12866.894835,249.963350,15632.974792,-53.944525,-12506.927741,199.566318,0.884668,False,False,True,False,False,False,False,1-circle,-1.000000,-436.986369,98.471991,97.749699,2.250301,1.528009,-97.009536,-13.710935,10.463920,3,0,3,0.0000,0.0000,0.0000,0.5000,"SmartLowYoYo",0.257538
577,B0100,defensive,OBFM,12508.614267,7.782659,80.559822,84.848797,-4.568430,12866.894835,249.963350,15632.974792,-53.944525,-12506.927741,199.566318,0.884668,False,False,True,False,False,False,False,1-circle,-1.000000,-436.986369,98.471991,97.749699,2.250301,1.528009,-97.009536,-13.710935,10.463920,2,4,3,0.0000,0.0000,0.0000,0.5000,"Pursue",-0.308516
578,A0100,adaptive_eagle_v6h_e1c,OBFM,12439.042274,7.351455,81.801660,86.691573,-5.058335,12860.121553,249.520675,15616.412962,-82.809150,-12474.350539,212.355645,0.632967,False,False,True,False,False,False,False,1-circle,-1.000000,-438.000245,98.471991,97.749699,2.250301,1.528009,-93.471343,-9.884026,11.233168,3,0,4,0.0000,0.0000,0.0000,0.5000,"LeadPursuit",0.790483
578,B0100,defensive,OBFM,12439.042274,7.351455,81.801660,86.691573,-5.058335,12860.121553,249.520675,15616.412962,-82.809150,-12474.350539,212.355645,0.632967,False,False,True,False,False,False,False,1-circle,-1.000000,-438.000245,98.471991,97.749699,2.250301,1.528009,-93.471343,-9.884026,11.233168,2,3,3,0.0000,0.0000,0.0000,0.5000,"Pursue",-1.102825
579,A0100,adaptive_eagle_v6h_e1c,OBFM,12364.745954,7.030370,83.082055,88.612138,-5.626318,12855.197929,249.113269,15602.495993,-69.584845,-12446.311910,225.494952,0.758159,False,False,True,False,False,False,False,1-circle,-1.000000,-438.396757,98.471991,97.749699,2.250301,1.528009,-95.625416,-11.769389,9.432422,1,0,4,0.0000,0.0000,0.0000,0.5000,"SmartHighYoYo",0.880371
579,B0100,defensive,OBFM,12364.745954,7.030370,83.082055,88.612138,-5.626318,12855.197929,249.113269,15602.495993,-69.584845,-12446.311910,225.494952,0.758159,False,False,True,False,False,False,False,1-circle,-1.000000,-438.396757,98.471991,97.749699,2.250301,1.528009,-95.625416,-11.769389,9.432422,2,3,3,0.0000,0.0000,0.0000,0.5000,"Pursue",-1.244586
580,A0100,adaptive_eagle_v6h_e1c,OBFM,12286.414362,6.758613,84.345804,90.336998,-6.030082,12852.422351,248.709682,15590.825851,-58.350712,-12409.151891,238.452510,1.360632,False,False,True,False,False,False,False,2-circle,-1.000000,-439.029112,98.471991,97.749699,2.250301,1.528009,-104.567249,-20.471235,6.303880,1,0,4,0.0000,0.0000,0.0000,0.5000,"SmartHighYoYo",0.714776
580,B0100,defensive,OBFM,12286.414362,6.758613,84.345804,90.336998,-6.030082,12852.422351,248.709682,15590.825851,-58.350712,-12409.151891,238.452510,1.360632,False,False,True,False,False,False,False,2-circle,-1.000000,-439.029112,98.471991,97.749699,2.250301,1.528009,-104.567249,-20.471235,6.303880,2,3,3,0.0000,0.0000,0.0000,0.5000,"Pursue",-0.969893
581,A0100,adaptive_eagle_v6h_e1c,OBFM,12202.704240,6.667645,86.073224,92.313443,-6.263857,12851.407674,248.359237,15582.099516,-43.631673,-12322.219152,256.250213,2.364230,False,False,True,False,False,False,False,2-circle,-1.000000,-439.837245,98.471991,97.749699,2.250301,1.528009,-117.243724,-32.933571,3.329397,1,0,4,0.0000,0.0000,0.0000,0.5000,"SmartHighYoYo",0.300556
581,B0100,defensive,OBFM,12202.704240,6.667645,86.073224,92.313443,-6.263857,12851.407674,248.359237,15582.099516,-43.631673,-12322.219152,256.250213,2.364230,False,False,True,False,False,False,False,2-circle,-1.000000,-439.837245,98.471991,97.749699,2.250301,1.528009,-117.243724,-32.933571,3.329397,2,3,3,0.0000,0.0000,0.0000,0.5000,"Pursue",-0.373050
582,A0100,adaptive_eagle_v6h_e1c,OBFM,12113.708456,6.520770,87.373041,93.595262,-6.262030,12851.463622,247.668966,15566.997597,-75.509596,-12304.241609,269.115423,4.014559,False,False,True,False,False,False,False,2-circle,-1.000000,-442.792847,98.471991,97.749699,2.250301,1.528009,-132.123100,-47.646513,3.097699,1,0,4,0.0000,0.0000,0.0000,0.5000,"SmartHighYoYo",-0.320448
582,B0100,defensive,OBFM,12113.708456,6.520770,87.373041,93.595262,-6.262030,12851.463622,247.668966,15566.997597,-75.509596,-12304.241609,269.115423,4.014559,False,False,True,False,False,False,False,2-circle,-1.000000,-442.792847,98.471991,97.749699,2.250301,1.528009,-132.123100,-47.646513,3.097699,2,3,3,0.0000,0.0000,0.0000,0.5000,"Pursue",0.544906
583,A0100,adaptive_eagle_v6h_e1c,OBFM,12021.171482,6.015028,88.344327,94.120414,-5.826491,12852.281158,247.217764,15557.929851,-45.338728,-12340.963060,278.988769,7.245729,False,False,True,False,False,False,False,2-circle,-1.000000,-448.813764,98.471991,97.749699,2.250301,1.528009,-147.750410,-63.160646,5.073527,1,0,4,0.0000,0.0000,0.0000,0.5000,"SmartHighYoYo",-1.090013
583,B0100,defensive,OBFM,12021.171482,6.015028,88.344327,94.120414,-5.826491,12852.281158,247.217764,15557.929851,-45.338728,-12340.963060,278.988769,7.245729,False,False,True,False,False,False,False,2-circle,-1.000000,-448.813764,98.471991,97.749699,2.250301,1.528009,-147.750410,-63.160646,5.073527,2,3,3,0.0000,0.0000,0.0000,0.5000,"Pursue",1.715026
584,A0100,adaptive_eagle_v6h_e1c,OBFM,11925.126661,5.134628,89.464478,94.337619,-4.932460,12853.557137,246.730584,15548.552564,-46.886435,-12365.340704,290.550413,16.941486,False,False,True,False,False,False,False,2-circle,-1.000000,-457.149495,98.471991,97.749699,2.250301,1.528009,-162.429077,-77.766141,6.490004,1,0,4,0.0000,0.0000,0.0000,0.5000,"SmartHighYoYo",-1.700774
584,B0100,defensive,OBFM,11925.126661,5.134628,89.464478,94.337619,-4.932460,12853.557137,246.730584,15548.552564,-46.886435,-12365.340704,290.550413,16.941486,False,False,True,False,False,False,False,2-circle,-1.000000,-457.149495,98.471991,97.749699,2.250301,1.528009,-162.429077,-77.766141,6.490004,2,4,3,0.0000,0.0000,0.0000,0.5000,"Pursue",2.508676
585,A0100,adaptive_eagle_v6h_e1c,OBFM,11825.060672,4.314325,90.658971,94.524344,-3.941476,12854.699376,246.304019,15540.384271,-40.841468,-12377.636346,302.864225,47.830961,False,False,True,False,False,False,False,2-circle,-1.000000,-466.448510,98.471991,97.749699,2.250301,1.528009,-170.315185,-85.601019,6.789065,3,0,4,0.0000,0.0000,0.0000,0.5000,"LeadPursuit",-1.767867
585,B0100,defensive,OBFM,11825.060672,4.314325,90.658971,94.524344,-3.941476,12854.699376,246.304019,15540.384271,-40.841468,-12377.636346,302.864225,47.830961,False,False,True,False,False,False,False,2-circle,-1.000000,-466.448510,98.471991,97.749699,2.250301,1.528009,-170.315185,-85.601019,6.789065,2,4,3,0.0000,0.0000,0.0000,0.5000,"Pursue",2.376547
586,A0100,adaptive_eagle_v6h_e1c,OBFM,11720.814347,3.802034,91.835756,94.877729,-3.128787,12855.270080,246.096844,15536.438815,-19.727280,-12384.971910,315.076957,24.362533,False,False,True,False,False,False,False,2-circle,-1.000000,-475.310138,98.471991,97.749699,2.250301,1.528009,-166.165203,-81.404468,6.577009,3,0,4,0.0000,0.0000,0.0000,0.5000,"LeadPursuit",-1.409941
586,B0100,defensive,OBFM,11720.814347,3.802034,91.835756,94.877729,-3.128787,12855.270080,246.096844,15536.438815,-19.727280,-12384.971910,315.076957,24.362533,False,False,True,False,False,False,False,2-circle,-1.000000,-475.310138,98.471991,97.749699,2.250301,1.528009,-166.165203,-81.404468,6.577009,2,4,3,0.0000,0.0000,0.0000,0.5000,"Pursue",1.782192
587,A0100,adaptive_eagle_v6h_e1c,OBFM,11612.524471,3.492332,92.923093,95.363858,-2.517979,12855.351696,245.977699,15533.924954,-12.569306,-12385.679128,326.357524,9.801315,False,False,True,False,False,False,False,2-circle,-1.000000,-482.747822,98.471991,97.749699,2.250301,1.528009,-154.212775,-69.398892,6.505172,3,0,4,0.0000,0.0000,0.0000,0.5000,"LeadPursuit",-0.684673
587,B0100,defensive,OBFM,11612.524471,3.492332,92.923093,95.363858,-2.517979,12855.351696,245.977699,15533.924954,-12.569306,-12385.679128,326.357524,9.801315,False,False,True,False,False,False,False,2-circle,-1.000000,-482.747822,98.471991,97.749699,2.250301,1.528009,-154.212775,-69.398892,6.505172,2,4,3,0.0000,0.0000,0.0000,0.5000,"Pursue",0.719255
588,A0100,adaptive_eagle_v6h_e1c,OBFM,11500.280931,3.243815,94.163219,96.222832,-2.103588,12855.257250,245.746633,15528.800490,-25.622320,-12342.489997,338.986527,5.180500,False,False,True,False,False,False,False,2-circle,-1.000000,-487.886001,98.471991,97.749699,2.250301,1.528009,-139.437677,-54.555184,6.814795,3,0,4,0.0000,0.0000,0.0000,0.5000,"LeadPursuit",0.202313
588,B0100,defensive,OBFM,11500.280931,3.243815,94.163219,96.222832,-2.103588,12855.257250,245.746633,15528.800490,-25.622320,-12342.489997,338.986527,5.180500,False,False,True,False,False,False,False,2-circle,-1.000000,-487.886001,98.471991,97.749699,2.250301,1.528009,-139.437677,-54.555184,6.814795,2,4,3,0.0000,0.0000,0.0000,0.5000,"Pursue",-0.459866
589,A0100,adaptive_eagle_v6h_e1c,OBFM,11383.275083,3.317256,95.441075,97.570997,-2.148986,12855.183435,245.771377,15529.265095,2.323027,-12293.226797,352.152354,3.208322,False,False,True,False,False,False,False,2-circle,-1.000000,-490.612151,98.471991,97.749699,2.250301,1.528009,-125.992797,-41.026309,6.117880,3,0,4,0.0000,0.0000,0.0000,0.5000,"LeadPursuit",0.747951
589,B0100,defensive,OBFM,11383.275083,3.317256,95.441075,97.570997,-2.148986,12855.183435,245.771377,15529.265095,2.323027,-12293.226797,352.152354,3.208322,False,False,True,False,False,False,False,2-circle,-1.000000,-490.612151,98.471991,97.749699,2.250301,1.528009,-125.992797,-41.026309,6.117880,2,4,3,0.0000,0.0000,0.0000,0.5000,"Pursue",-1.136623
590,A0100,adaptive_eagle_v6h_e1c,OBFM,11262.412053,3.881755,96.344525,99.041009,-2.686861,12854.913124,246.472669,15544.277167,75.060360,-12258.922558,362.103950,2.057563,False,False,True,False,False,False,False,2-circle,-1.000000,-491.237534,98.471991,97.749699,2.250301,1.528009,-114.293118,-29.229987,4.337373,3,0,4,0.0000,0.0000,0.0000,0.5000,"LeadPursuit",1.218850
590,B0100,defensive,OBFM,11262.412053,3.881755,96.344525,99.041009,-2.686861,12854.913124,246.472669,15544.277167,75.060360,-12258.922558,362.103950,2.057563,False,False,True,False,False,False,False,2-circle,-1.000000,-491.237534,98.471991,97.749699,2.250301,1.528009,-114.293118,-29.229987,4.337373,2,4,3,0.0000,0.0000,0.0000,0.5000,"Pursue",-1.840373
591,A0100,adaptive_eagle_v6h_e1c,OBFM,11137.898824,4.955020,97.409699,101.048875,-3.570510,12853.892447,247.597840,15567.866940,117.948865,-12162.040509,373.833091,1.152463,False,False,True,False,False,False,False,2-circle,-1.000000,-488.295598,98.471991,97.749699,2.250301,1.528009,-102.661697,-17.474969,1.939310,3,0,4,0.0000,0.0000,0.0000,0.5000,"LeadPursuit",1.778123
591,B0100,defensive,OBFM,11137.898824,4.955020,97.409699,101.048875,-3.570510,12853.892447,247.597840,15567.866940,117.948865,-12162.040509,373.833091,1.152463,False,False,True,False,False,False,False,2-circle,-1.000000,-488.295598,98.471991,97.749699,2.250301,1.528009,-102.661697,-17.474969,1.939310,2,4,3,0.0000,0.0000,0.0000,0.5000,"Pursue",-2.776864
592,A0100,adaptive_eagle_v6h_e1c,OBFM,11008.209495,6.326601,99.052819,103.782768,-4.595834,12851.470645,248.872960,15593.470870,128.019649,-12000.768590,391.131289,0.291251,False,False,True,False,False,False,False,2-circle,-1.000000,-480.723296,98.471991,97.749699,2.250301,1.528009,-89.916990,-4.571646,-0.378956,3,0,4,0.0000,0.0000,0.0000,0.5000,"LeadPursuit",2.003106
592,B0100,defensive,OBFM,11008.209495,6.326601,99.052819,103.782768,-4.595834,12851.470645,248.872960,15593.470870,128.019649,-12000.768590,391.131289,0.291251,False,False,True,False,False,False,False,2-circle,-1.000000,-480.723296,98.471991,97.749699,2.250301,1.528009,-89.916990,-4.571646,-0.378956,2,4,3,0.0000,0.0000,0.0000,0.5000,"Pursue",-3.145104
593,A0100,adaptive_eagle_v6h_e1c,HABFM,10872.798885,7.641227,100.425560,106.208214,-5.645001,12847.411185,250.203331,15618.804927,126.670288,-11892.960813,405.611198,0.453205,False,False,True,False,False,False,False,2-circle,-1.000000,-470.706245,98.471991,97.749699,2.250301,1.528009,-78.387706,7.128801,-1.585231,3,0,4,0.0000,0.0000,0.0000,0.5000,"LeadPursuit",1.887240
593,B0100,defensive,HABFM,10872.798885,7.641227,100.425560,106.208214,-5.645001,12847.411185,250.203331,15618.804927,126.670288,-11892.960813,405.611198,0.453205,False,False,True,False,False,False,False,2-circle,-1.000000,-470.706245,98.471991,97.749699,2.250301,1.528009,-78.387706,7.128801,-1.585231,2,3,3,0.0000,0.0000,0.0000,0.5000,"Pursue",-2.965489
594,A0100,adaptive_eagle_v6h_e1c,HABFM,10733.310425,8.742307,101.391133,108.286363,-6.770123,12842.220811,251.301721,15638.000740,95.979066,-11857.717270,415.853399,0.798426,False,False,True,False,False,False,False,2-circle,-1.000000,-460.242358,98.471991,97.749699,2.250301,1.528009,-73.205832,12.476588,-2.201216,3,0,4,0.0000,0.0000,0.0000,0.5000,"LeadPursuit",1.719324
594,B0100,defensive,HABFM,10733.310425,8.742307,101.391133,108.286363,-6.770123,12842.220811,251.301721,15638.000740,95.979066,-11857.717270,415.853399,0.798426,False,False,True,False,False,False,False,2-circle,-1.000000,-460.242358,98.471991,97.749699,2.250301,1.528009,-73.205832,12.476588,-2.201216,2,3,3,0.0000,0.0000,0.0000,0.5000,"Pursue",-2.715885
595,A0100,adaptive_eagle_v6h_e1c,HABFM,10590.468400,9.646285,102.398034,110.540513,-8.014637,12836.760245,251.759699,15642.739644,23.694518,-11828.664667,425.739608,0.635190,False,False,True,False,False,False,False,2-circle,-1.000000,-449.699073,98.471991,97.749699,2.250301,1.528009,-75.840571,10.000096,-1.949660,3,0,4,0.0000,0.0000,0.0000,0.5000,"LeadPursuit",1.474737
595,B0100,defensive,HABFM,10590.468400,9.646285,102.398034,110.540513,-8.014637,12836.760245,251.759699,15642.739644,23.694518,-11828.664667,425.739608,0.635190,False,False,True,False,False,False,False,2-circle,-1.000000,-449.699073,98.471991,97.749699,2.250301,1.528009,-75.840571,10.000096,-1.949660,2,3,3,0.0000,0.0000,0.0000,0.5000,"Pursue",-2.315132
596,A0100,adaptive_eagle_v6h_e1c,HABFM,10444.372188,10.422270,103.381229,112.774882,-9.243865,12831.952529,251.936392,15641.871965,-4.338393,-11796.396114,435.015476,0.119307,False,False,True,False,False,False,False,2-circle,-1.000000,-439.092702,98.471991,97.749699,2.250301,1.528009,-84.093528,1.898085,-0.743411,3,0,4,0.0000,0.0000,0.0000,0.5000,"LeadPursuit",1.176351
596,B0100,defensive,HABFM,10444.372188,10.422270,103.381229,112.774882,-9.243865,12831.952529,251.936392,15641.871965,-4.338393,-11796.396114,435.015476,0.119307,False,False,True,False,False,False,False,2-circle,-1.000000,-439.092702,98.471991,97.749699,2.250301,1.528009,-84.093528,1.898085,-0.743411,2,3,3,0.0000,0.0000,0.0000,0.5000,"Pursue",-1.862718
597,A0100,adaptive_eagle_v6h_e1c,HABFM,10295.022077,11.065440,104.552517,115.014244,-10.283362,12828.246437,252.014069,15639.898846,-9.865598,-11726.401737,445.893826,0.626940,False,False,True,False,False,False,False,2-circle,-1.000000,-427.829449,98.471991,97.749699,2.250301,1.528009,-96.022034,-9.881144,0.578627,3,0,4,0.0000,0.0000,0.0000,0.5000,"LeadPursuit",0.820465
597,B0100,defensive,HABFM,10295.022077,11.065440,104.552517,115.014244,-10.283362,12828.246437,252.014069,15639.898846,-9.865598,-11726.401737,445.893826,0.626940,False,False,True,False,False,False,False,2-circle,-1.000000,-427.829449,98.471991,97.749699,2.250301,1.528009,-96.022034,-9.881144,0.578627,2,3,3,0.0000,0.0000,0.0000,0.5000,"Pursue",-1.319295
598,A0100,adaptive_eagle_v6h_e1c,HABFM,10141.680276,11.431791,105.729901,116.873315,-10.980844,12825.928074,251.820033,15633.252555,-33.231454,-11666.941648,456.688176,1.592486,False,False,True,False,False,False,False,2-circle,-1.000000,-416.155024,98.471991,97.749699,2.250301,1.528009,-110.136460,-23.850527,2.239504,3,0,4,0.0000,0.0000,0.0000,0.5000,"LeadPursuit",0.375391
598,B0100,defensive,HABFM,10141.680276,11.431791,105.729901,116.873315,-10.980844,12825.928074,251.820033,15633.252555,-33.231454,-11666.941648,456.688176,1.592486,False,False,True,False,False,False,False,2-circle,-1.000000,-416.155024,98.471991,97.749699,2.250301,1.528009,-110.136460,-23.850527,2.239504,2,3,3,0.0000,0.0000,0.0000,0.5000,"Pursue",-0.635897
599,A0100,adaptive_eagle_v6h_e1c,HABFM,9985.409884,11.329954,106.562929,117.819017,-11.141537,12825.383065,251.432823,15624.080830,-45.858625,-11657.106482,464.499050,2.908549,False,False,True,False,False,False,False,2-circle,-1.000000,-405.066062,98.471991,97.749699,2.250301,1.528009,-125.296168,-38.877439,5.548621,3,0,4,0.0000,0.0000,0.0000,0.5000,"LeadPursuit",-0.062080
599,B0100,defensive,HABFM,9985.409884,11.329954,106.562929,117.819017,-11.141537,12825.383065,251.432823,15624.080830,-45.858625,-11657.106482,464.499050,2.908549,False,False,True,False,False,False,False,2-circle,-1.000000,-405.066062,98.471991,97.749699,2.250301,1.528009,-125.296168,-38.877439,5.548621,2,3,3,0.0000,0.0000,0.0000,0.5000,"Pursue",-0.054411
600,A0100,adaptive_eagle_v6h_e1c,HABFM,9826.226283,10.726957,107.628721,118.355619,-10.687093,12826.795760,251.187140,15620.026806,-20.270121,-11589.794689,474.914121,4.904903,False,False,True,False,False,False,False,2-circle,-1.000000,-393.942069,98.471991,97.749699,2.250301,1.528009,-140.185178,-53.640236,8.550648,3,0,3,0.0000,0.0000,0.0000,0.5000,"LeadPursuit",-0.449965
600,B0100,defensive,HABFM,9826.226283,10.726957,107.628721,118.355619,-10.687093,12826.795760,251.187140,15620.026806,-20.270121,-11589.794689,474.914121,4.904903,False,False,True,False,False,False,False,2-circle,-1.000000,-393.942069,98.471991,97.749699,2.250301,1.528009,-140.185178,-53.640236,8.550648,2,3,3,0.0000,0.0000,0.0000,0.5000,"Pursue",0.432397
601,A0100,adaptive_eagle_v6h_e1c,HABFM,9662.634581,9.738213,109.255956,118.963012,-9.743445,12829.869006,250.244091,15602.165785,-89.305103,-11493.430686,489.841551,8.402513,False,False,True,False,False,False,False,2-circle,-1.000000,-382.439964,98.471991,97.749699,2.250301,1.528009,-153.335998,-66.669113,10.251922,3,0,3,0.0000,0.0000,0.0000,0.5000,"LeadPursuit",-0.857770
601,B0100,defensive,HABFM,9662.634581,9.738213,109.255956,118.963012,-9.743445,12829.869006,250.244091,15602.165785,-89.305103,-11493.430686,489.841551,8.402513,False,False,True,False,False,False,False,2-circle,-1.000000,-382.439964,98.471991,97.749699,2.250301,1.528009,-153.335998,-66.669113,10.251922,2,3,3,0.0000,0.0000,0.0000,0.5000,"Pursue",1.073329
602,A0100,adaptive_eagle_v6h_e1c,HABFM,9494.326497,8.496112,110.652576,119.093148,-8.501063,12833.932745,249.046596,15579.760413,-112.026857,-11463.311489,502.500527,16.103085,False,False,True,False,False,False,False,2-circle,-1.000000,-372.482726,98.471991,97.749699,2.250301,1.528009,-164.027765,-77.259574,10.699186,3,0,3,0.0000,0.0000,0.0000,0.5000,"LeadPursuit",-1.243082
602,B0100,defensive,HABFM,9494.326497,8.496112,110.652576,119.093148,-8.501063,12833.932745,249.046596,15579.760413,-112.026857,-11463.311489,502.500527,16.103085,False,False,True,False,False,False,False,2-circle,-1.000000,-372.482726,98.471991,97.749699,2.250301,1.528009,-164.027765,-77.259574,10.699186,2,3,3,0.0000,0.0000,0.0000,0.5000,"Pursue",1.713264
603,A0100,adaptive_eagle_v6h_e1c,HABFM,9322.382274,7.137287,111.703461,118.802606,-7.141483,12838.246783,247.869618,15558.182573,-107.889203,-11487.124191,512.053557,48.243008,False,False,True,False,False,False,False,2-circle,-1.000000,-364.722689,98.471991,97.749699,2.250301,1.528009,-172.508861,-85.664297,10.151342,3,0,3,0.0000,0.0000,0.0000,0.5000,"LeadPursuit",-1.663713
603,B0100,defensive,HABFM,9322.382274,7.137287,111.703461,118.802606,-7.141483,12838.246783,247.869618,15558.182573,-107.889203,-11487.124191,512.053557,48.243008,False,False,True,False,False,False,False,2-circle,-1.000000,-364.722689,98.471991,97.749699,2.250301,1.528009,-172.508861,-85.664297,10.151342,2,3,3,0.0000,0.0000,0.0000,0.5000,"Pursue",2.379929
604,A0100,adaptive_eagle_v6h_e1c,HABFM,9147.345756,5.743261,112.765560,118.505239,-5.742792,12842.161210,246.743368,15537.435908,-103.733324,-11502.664022,521.479900,210.471921,False,False,True,False,False,False,False,2-circle,-1.000000,-358.010912,98.471991,97.749699,2.250301,1.528009,-179.229269,-92.322565,8.801848,3,0,3,0.0000,0.0000,0.0000,0.5000,"LeadPursuit",-2.274535
604,B0100,defensive,HABFM,9147.345756,5.743261,112.765560,118.505239,-5.742792,12842.161210,246.743368,15537.435908,-103.733324,-11502.664022,521.479900,210.471921,False,False,True,False,False,False,False,2-circle,-1.000000,-358.010912,98.471991,97.749699,2.250301,1.528009,-179.229269,-92.322565,8.801848,2,3,3,0.0000,0.0000,0.0000,0.5000,"Pursue",3.313009
605,A0100,adaptive_eagle_v6h_e1c,HABFM,8969.116481,4.430675,113.842780,118.234787,-4.341545,12845.139496,245.681896,15517.274335,-100.807866,-11509.932055,530.772748,211.354416,False,False,True,False,False,False,False,2-circle,-1.000000,-351.001197,98.471991,97.749699,2.250301,1.528009,175.375731,-97.657805,6.738529,3,0,3,0.0000,0.0000,0.0000,0.5000,"LeadPursuit",-2.917796
605,B0100,defensive,HABFM,8969.116481,4.430675,113.842780,118.234787,-4.341545,12845.139496,245.681896,15517.274335,-100.807866,-11509.932055,530.772748,211.354416,False,False,True,False,False,False,False,2-circle,-1.000000,-351.001197,98.471991,97.749699,2.250301,1.528009,175.375731,-97.657805,6.738529,2,4,3,0.0000,0.0000,0.0000,0.5000,"Pursue",4.151646
606,A0100,adaptive_eagle_v6h_e1c,HABFM,8787.663708,3.621494,114.987808,118.264813,-3.156382,12846.711541,244.892151,15501.694824,-77.897555,-11491.008706,540.465866,212.018047,False,False,True,False,False,False,False,2-circle,-1.000000,-342.224112,98.471991,97.749699,2.250301,1.528009,174.907252,-98.055936,4.395558,3,0,3,0.0000,0.0000,0.0000,0.5000,"LeadPursuit",-2.903710
606,B0100,defensive,HABFM,8787.663708,3.621494,114.987808,118.264813,-3.156382,12846.711541,244.892151,15501.694824,-77.897555,-11491.008706,540.465866,212.018047,False,False,True,False,False,False,False,2-circle,-1.000000,-342.224112,98.471991,97.749699,2.250301,1.528009,174.907252,-98.055936,4.395558,2,4,3,0.0000,0.0000,0.0000,0.5000,"Pursue",3.768338
607,A0100,adaptive_eagle_v6h_e1c,HABFM,8602.457745,3.486274,116.487961,119.084754,-2.394047,12846.784627,244.566315,15494.707535,-34.936445,-11401.323473,553.094242,212.294943,False,False,True,False,False,False,False,2-circle,-1.000000,-330.300607,98.471991,97.749699,2.250301,1.528009,-176.939903,-89.809950,2.586226,3,0,3,0.0000,0.0000,0.0000,0.5000,"LeadPursuit",-2.430470
607,B0100,defensive,HABFM,8602.457745,3.486274,116.487961,119.084754,-2.394047,12846.784627,244.566315,15494.707535,-34.936445,-11401.323473,553.094242,212.294943,False,False,True,False,False,False,False,2-circle,-1.000000,-330.300607,98.471991,97.749699,2.250301,1.528009,-176.939903,-89.809950,2.586226,2,4,3,0.0000,0.0000,0.0000,0.5000,"Pursue",2.682640
608,A0100,adaptive_eagle_v6h_e1c,HABFM,8411.914356,3.632465,118.651356,120.869256,-1.957210,12845.666125,244.547592,15493.183635,-7.619501,-11235.814051,571.033592,16.761314,False,False,True,False,False,False,False,2-circle,-1.000000,-315.346379,98.471991,97.749699,2.250301,1.528009,-164.777265,-77.532362,1.887735,2,0,3,0.0000,0.0000,0.0000,0.5000,"LeadPursuit",-2.148682
608,B0100,defensive,HABFM,8411.914356,3.632465,118.651356,120.869256,-1.957210,12845.666125,244.547592,15493.183635,-7.619501,-11235.814051,571.033592,16.761314,False,False,True,False,False,False,False,2-circle,-1.000000,-315.346379,98.471991,97.749699,2.250301,1.528009,-164.777265,-77.532362,1.887735,2,4,3,0.0000,0.0000,0.0000,0.5000,"Pursue",2.065808
609,A0100,adaptive_eagle_v6h_e1c,HABFM,8215.617831,3.694901,120.448441,122.296937,-1.604546,12843.754817,244.561210,15491.567197,-8.082187,-11133.943283,585.916712,7.907132,False,False,True,False,False,False,False,2-circle,-1.000000,-300.450521,98.471991,97.749699,2.250301,1.528009,-152.244199,-64.888739,2.393535,2,0,3,0.0000,0.0000,0.0000,0.5000,"LeadPursuit",-2.238468
609,B0100,defensive,HABFM,8215.617831,3.694901,120.448441,122.296937,-1.604546,12843.754817,244.561210,15491.567197,-8.082187,-11133.943283,585.916712,7.907132,False,False,True,False,False,False,False,2-circle,-1.000000,-300.450521,98.471991,97.749699,2.250301,1.528009,-152.244199,-64.888739,2.393535,2,2,3,0.0000,0.0000,0.0000,0.5000,"Pursue",1.889774
610,A0100,adaptive_eagle_v6h_e1c,HABFM,8015.138632,3.364763,121.793960,123.076063,-1.082710,12841.644118,244.250368,15482.729930,-44.186334,-11103.164806,596.933623,5.962534,False,False,True,False,False,False,False,2-circle,-1.000000,-287.646205,98.471991,97.749699,2.250301,1.528009,-145.550053,-58.105118,3.544745,2,0,3,0.0000,0.0000,0.0000,0.5000,"LeadPursuit",-0.687044
610,B0100,defensive,HABFM,8015.138632,3.364763,121.793960,123.076063,-1.082710,12841.644118,244.250368,15482.729930,-44.186334,-11103.164806,596.933623,5.962534,False,False,True,False,False,False,False,2-circle,-1.000000,-287.646205,98.471991,97.749699,2.250301,1.528009,-145.550053,-58.105118,3.544745,2,2,3,0.0000,0.0000,0.0000,0.5000,"Pursue",0.351319
611,A0100,adaptive_eagle_v6h_e1c,HABFM,7811.102469,2.775702,123.234114,123.575973,-0.180914,12840.001192,243.440328,15463.598077,-95.659270,-11078.888655,607.907181,7.029103,False,False,True,False,False,False,False,2-circle,-1.000000,-277.048183,98.471991,97.749699,2.250301,1.528009,-149.605300,-62.092999,4.741028,2,0,3,0.0000,0.0000,0.0000,0.5000,"LeadPursuit",4.479375
611,B0100,defensive,HABFM,7811.102469,2.775702,123.234114,123.575973,-0.180914,12840.001192,243.440328,15463.598077,-95.659270,-11078.888655,607.907181,7.029103,False,False,True,False,False,False,False,2-circle,-1.000000,-277.048183,98.471991,97.749699,2.250301,1.528009,-149.605300,-62.092999,4.741028,2,2,3,0.0000,0.0000,0.0000,0.5000,"Pursue",-4.426219
612,A0100,adaptive_eagle_v6h_e1c,HABFM,7603.454593,2.631886,124.750326,123.727782,1.165548,12839.093362,242.210411,15436.247183,-136.754466,-11056.639125,618.517611,11.301795,False,False,True,False,False,False,False,2-circle,1.000000,-268.016065,98.471991,97.749699,2.250301,1.528009,-159.245769,-71.683053,5.594043,2,0,3,0.0000,0.0000,0.0000,0.5000,"LeadPursuit",4.667548
612,B0100,defensive,HABFM,7603.454593,2.631886,124.750326,123.727782,1.165548,12839.093362,242.210411,15436.247183,-136.754466,-11056.639125,618.517611,11.301795,False,False,True,False,False,False,False,2-circle,1.000000,-268.016065,98.471991,97.749699,2.250301,1.528009,-159.245769,-71.683053,5.594043,2,2,3,0.0000,0.0000,0.0000,0.5000,"Pursue",-5.806233
613,A0100,adaptive_eagle_v6h_e1c,HABFM,7392.155543,3.554154,126.563902,123.989326,2.729493,12838.633281,240.918910,15408.164131,-140.415262,-10997.017401,630.426440,26.450382,False,False,True,False,False,False,False,2-circle,1.000000,-259.167232,98.471991,97.749699,2.250301,1.528009,-169.515369,-81.907039,5.794787,2,0,3,0.0000,0.0000,0.0000,0.5000,"LeadPursuit",3.361784
613,B0100,defensive,HABFM,7392.155543,3.554154,126.563902,123.989326,2.729493,12838.633281,240.918910,15408.164131,-140.415262,-10997.017401,630.426440,26.450382,False,False,True,False,False,False,False,2-circle,1.000000,-259.167232,98.471991,97.749699,2.250301,1.528009,-169.515369,-81.907039,5.794787,2,2,3,0.0000,0.0000,0.0000,0.5000,"Pursue",-4.827238
614,A0100,adaptive_eagle_v6h_e1c,HABFM,7176.636980,4.975147,128.376992,124.305565,4.243811,12837.940780,239.842957,15384.571638,-117.962466,-10940.429229,641.994856,216.426245,False,False,True,False,False,False,False,2-circle,1.000000,-249.891303,98.471991,97.749699,2.250301,1.528009,-177.924368,-90.269759,5.277844,2,0,3,0.0000,0.0000,0.0000,0.5000,"LeadPursuit",2.316340
614,B0100,defensive,HABFM,7176.636980,4.975147,128.376992,124.305565,4.243811,12837.940780,239.842957,15384.571638,-117.962466,-10940.429229,641.994856,216.426245,False,False,True,False,False,False,False,2-circle,1.000000,-249.891303,98.471991,97.749699,2.250301,1.528009,-177.924368,-90.269759,5.277844,2,2,3,0.0000,0.0000,0.0000,0.5000,"Pursue",-3.523886
615,A0100,adaptive_eagle_v6h_e1c,HABFM,6957.718601,6.356599,129.860120,124.573680,5.493739,12836.398265,239.137512,15368.070446,-82.505958,-10911.138514,651.401626,217.058110,False,False,True,False,False,False,False,2-circle,1.000000,-239.906065,98.471991,97.749699,2.250301,1.528009,179.937794,-92.357047,4.276575,2,0,3,0.0000,0.0000,0.0000,0.5000,"LeadPursuit",1.663856
615,B0100,defensive,HABFM,6957.718601,6.356599,129.860120,124.573680,5.493739,12836.398265,239.137512,15368.070446,-82.505958,-10911.138514,651.401626,217.058110,False,False,True,False,False,False,False,2-circle,1.000000,-239.906065,98.471991,97.749699,2.250301,1.528009,179.937794,-92.357047,4.276575,2,2,3,0.0000,0.0000,0.0000,0.5000,"Pursue",-2.617461
616,A0100,adaptive_eagle_v6h_e1c,HABFM,6735.330148,7.400128,131.668330,125.537223,6.395720,12833.824680,238.809161,15358.549345,-47.605505,-10823.266562,662.845326,48.679181,False,False,True,False,False,False,False,2-circle,1.000000,-228.105113,98.471991,97.749699,2.250301,1.528009,-173.314846,-85.543412,3.282251,2,0,3,0.0000,0.0000,0.0000,0.5000,"LeadPursuit",1.892993
616,B0100,defensive,HABFM,6735.330148,7.400128,131.668330,125.537223,6.395720,12833.824680,238.809161,15358.549345,-47.605505,-10823.266562,662.845326,48.679181,False,False,True,False,False,False,False,2-circle,1.000000,-228.105113,98.471991,97.749699,2.250301,1.528009,-173.314846,-85.543412,3.282251,2,2,3,0.0000,0.0000,0.0000,0.5000,"Pursue",-2.983231
617,A0100,adaptive_eagle_v6h_e1c,HABFM,6508.464568,8.473181,134.093659,126.900110,7.464449,12830.481383,238.311678,15344.698092,-69.256267,-10683.057299,677.133707,18.999425,False,False,True,False,False,False,False,2-circle,1.000000,-214.883800,98.471991,97.749699,2.250301,1.528009,-166.534334,-78.683952,2.639129,2,0,3,0.0000,0.0000,0.0000,0.5000,"LeadPursuit",2.143261
617,B0100,defensive,HABFM,6508.464568,8.473181,134.093659,126.900110,7.464449,12830.481383,238.311678,15344.698092,-69.256267,-10683.057299,677.133707,18.999425,False,False,True,False,False,False,False,2-circle,1.000000,-214.883800,98.471991,97.749699,2.250301,1.528009,-166.534334,-78.683952,2.639129,2,2,3,0.0000,0.0000,0.0000,0.5000,"Pursue",-3.280976
618,A0100,adaptive_eagle_v6h_e1c,HABFM,6277.385632,9.871991,136.027729,127.230986,8.973514,12826.760434,237.392877,15321.627596,-115.352480,-10625.172105,687.322265,17.338860,False,False,True,False,False,False,False,2-circle,1.000000,-203.370095,98.471991,97.749699,2.250301,1.528009,-165.497338,-77.585933,2.358742,2,0,3,0.0000,0.0000,0.0000,0.5000,"LeadPursuit",1.928804
618,B0100,defensive,HABFM,6277.385632,9.871991,136.027729,127.230986,8.973514,12826.760434,237.392877,15321.627596,-115.352480,-10625.172105,687.322265,17.338860,False,False,True,False,False,False,False,2-circle,1.000000,-203.370095,98.471991,97.749699,2.250301,1.528009,-165.497338,-77.585933,2.358742,2,2,3,0.0000,0.0000,0.0000,0.5000,"Pursue",-2.857819
619,A0100,adaptive_eagle_v6h_e1c,HABFM,6043.636256,11.434460,137.477107,126.947031,10.611005,12822.839982,236.396531,15296.808995,-124.093001,-10635.660250,694.301415,23.487444,False,False,True,False,False,False,False,2-circle,1.000000,-194.983938,98.471991,97.749699,2.250301,1.528009,-168.671444,-80.732152,2.202454,2,0,3,0.0000,0.0000,0.0000,0.5000,"LeadPursuit",1.729403
619,B0100,defensive,HABFM,6043.636256,11.434460,137.477107,126.947031,10.611005,12822.839982,236.396531,15296.808995,-124.093001,-10635.660250,694.301415,23.487444,False,False,True,False,False,False,False,2-circle,1.000000,-194.983938,98.471991,97.749699,2.250301,1.528009,-168.671444,-80.732152,2.202454,2,2,3,0.0000,0.0000,0.0000,0.5000,"Pursue",-2.483245
620,A0100,adaptive_eagle_v6h_e1c,HABFM,5807.605264,13.062076,139.071678,126.842782,12.224680,12818.542175,235.510056,15273.991472,-114.087618,-10635.277046,701.649573,54.712849,False,False,True,False,False,False,False,2-circle,1.000000,-189.029515,98.471991,97.749699,2.250301,1.528009,-173.916987,-85.977898,1.880954,2,0,3,0.0000,0.0000,0.0000,0.5000,"LeadPursuit",1.466875
620,B0100,defensive,HABFM,5807.605264,13.062076,139.071678,126.842782,12.224680,12818.542175,235.510056,15273.991472,-114.087618,-10635.277046,701.649573,54.712849,False,False,True,False,False,False,False,2-circle,1.000000,-189.029515,98.471991,97.749699,2.250301,1.528009,-173.916987,-85.977898,1.880954,2,2,3,0.0000,0.0000,0.0000,0.5000,"Pursue",-2.045367
621,A0100,adaptive_eagle_v6h_e1c,HABFM,5569.017758,14.566449,140.824901,127.124121,13.621855,12813.521306,234.927471,15256.837444,-85.770139,-10614.122209,709.723839,93.905920,False,False,True,False,False,False,False,2-circle,1.000000,-184.398767,98.471991,97.749699,2.250301,1.528009,-175.568597,-87.648152,1.380377,2,1,3,0.0000,0.0000,0.0000,0.5000,"LeadPursuit",1.161351
621,B0100,defensive,HABFM,5569.017758,14.566449,140.824901,127.124121,13.621855,12813.521306,234.927471,15256.837444,-85.770139,-10614.122209,709.723839,93.905920,False,False,True,False,False,False,False,2-circle,1.000000,-184.398767,98.471991,97.749699,2.250301,1.528009,-175.568597,-87.648152,1.380377,2,2,3,0.0000,0.0000,0.0000,0.5000,"Pursue",-1.584465
622,A0100,adaptive_eagle_v6h_e1c,HABFM,5327.603854,15.722698,142.626535,127.841422,14.664564,12807.642435,234.728466,15246.820913,-50.082656,-10577.127997,718.301033,26.295592,False,False,True,False,False,False,False,2-circle,1.000000,-179.892126,98.471991,97.749699,2.250301,1.528009,-169.543704,-81.648351,0.933408,2,1,3,0.0000,0.0000,0.0000,0.5000,"LeadPursuit",1.072162
622,B0100,defensive,HABFM,5327.603854,15.722698,142.626535,127.841422,14.664564,12807.642435,234.728466,15246.820913,-50.082656,-10577.127997,718.301033,26.295592,False,False,True,False,False,False,False,2-circle,1.000000,-179.892126,98.471991,97.749699,2.250301,1.528009,-169.543704,-81.648351,0.933408,2,2,3,0.0000,0.0000,0.0000,0.5000,"Pursue",-1.423872
623,A0100,adaptive_eagle_v6h_e1c,HABFM,5083.314109,16.729920,144.387184,128.670558,15.616499,12801.101062,234.607044,15237.756672,-45.321202,-10534.890115,726.328918,12.840689,False,False,True,False,False,False,False,2-circle,1.000000,-174.456469,98.471991,97.749699,2.250301,1.528009,-161.133833,-73.257940,0.808972,2,1,3,0.0000,0.0000,0.0000,0.5000,"LeadPursuit",1.272138
623,B0100,defensive,HABFM,5083.314109,16.729920,144.387184,128.670558,15.616499,12801.101062,234.607044,15237.756672,-45.321202,-10534.890115,726.328918,12.840689,False,False,True,False,False,False,False,2-circle,1.000000,-174.456469,98.471991,97.749699,2.250301,1.528009,-161.133833,-73.257940,0.808972,2,2,3,0.0000,0.0000,0.0000,0.5000,"Pursue",-1.630198
624,A0100,adaptive_eagle_v6h_e1c,HABFM,4836.377107,17.852431,146.379386,129.579169,16.807053,12794.296517,234.207742,15222.664792,-75.459401,-10460.445498,733.933498,9.573085,False,False,True,True,False,False,False,2-circle,1.000000,-167.106048,98.471991,97.749699,2.250301,1.528009,-155.866316,-67.990953,1.083128,2,1,3,0.0000,0.0000,0.0000,0.5000,"LeadPursuit",1.731975
624,B0100,defensive,HABFM,4836.377107,17.852431,146.379386,129.579169,16.807053,12794.296517,234.207742,15222.664792,-75.459401,-10460.445498,733.933498,9.573085,False,False,True,True,False,False,False,2-circle,1.000000,-167.106048,98.471991,97.749699,2.250301,1.528009,-155.866316,-67.990953,1.083128,2,2,3,0.0000,0.0000,0.0000,0.5000,"Pursue",-2.119736
625,A0100,adaptive_eagle_v6h_e1c,HABFM,4586.665011,19.317528,149.120266,130.789867,18.424699,12787.697258,233.407422,15199.497766,-115.835132,-10327.997087,742.407766,10.429893,False,False,True,True,False,False,False,2-circle,1.000000,-157.816516,98.471991,97.749699,2.250301,1.528009,-157.476546,-69.580131,1.529969,2,1,3,0.0000,0.0000,0.0000,0.5000,"LeadPursuit",1.818251
625,B0100,defensive,HABFM,4586.665011,19.317528,149.120266,130.789867,18.424699,12787.697258,233.407422,15199.497766,-115.835132,-10327.997087,742.407766,10.429893,False,False,True,True,False,False,False,2-circle,1.000000,-157.816516,98.471991,97.749699,2.250301,1.528009,-157.476546,-69.580131,1.529969,2,2,3,0.0000,0.0000,0.0000,0.5000,"Pursue",-2.092599
626,A0100,adaptive_eagle_v6h_e1c,HABFM,4334.344467,21.058374,151.680832,131.436542,20.281642,12781.442951,232.501602,15174.560090,-124.688381,-10250.339728,748.976222,14.724525,False,False,True,False,False,False,False,2-circle,1.000000,-148.964232,98.471991,97.749699,2.250301,1.528009,-163.080791,-75.171604,1.862565,2,1,3,0.0000,0.0000,0.0000,0.5000,"LeadPursuit",1.694527
626,B0100,defensive,HABFM,4334.344467,21.058374,151.680832,131.436542,20.281642,12781.442951,232.501602,15174.560090,-124.688381,-10250.339728,748.976222,14.724525,False,False,True,False,False,False,False,2-circle,1.000000,-148.964232,98.471991,97.749699,2.250301,1.528009,-163.080791,-75.171604,1.862565,2,2,3,0.0000,0.0000,0.0000,0.5000,"Pursue",-1.836735
627,A0100,adaptive_eagle_v6h_e1c,HABFM,4080.290289,22.943654,153.713819,131.486280,22.199707,12775.229824,231.707013,15152.017666,-112.712118,-10243.551952,753.215591,27.779718,False,False,True,False,False,False,False,2-circle,1.000000,-141.658006,98.471991,97.749699,2.250301,1.528009,-169.881713,-81.984798,1.839756,2,2,3,0.0000,0.0000,0.0000,0.5000,"LeadPursuit",1.673323
627,B0100,defensive,HABFM,4080.290289,22.943654,153.713819,131.486280,22.199707,12775.229824,231.707013,15152.017666,-112.712118,-10243.551952,753.215591,27.779718,False,False,True,False,False,False,False,2-circle,1.000000,-141.658006,98.471991,97.749699,2.250301,1.528009,-169.881713,-81.984798,1.839756,2,2,3,0.0000,0.0000,0.0000,0.5000,"Pursue",-1.725803
628,A0100,adaptive_eagle_v6h_e1c,HABFM,3824.941080,24.752864,155.751843,131.721236,23.966294,12768.605996,231.217591,15135.363725,-83.269705,-10234.577136,757.180372,40.139835,False,False,True,False,False,False,False,2-circle,1.000000,-134.818396,98.471991,97.749699,2.250301,1.528009,-172.294533,-84.421932,1.507712,2,2,3,0.0000,0.0000,0.0000,0.5000,"LeadPursuit",1.711927
628,B0100,defensive,HABFM,3824.941080,24.752864,155.751843,131.721236,23.966294,12768.605996,231.217591,15135.363725,-83.269705,-10234.577136,757.180372,40.139835,False,False,True,False,False,False,False,2-circle,1.000000,-134.818396,98.471991,97.749699,2.250301,1.528009,-172.294533,-84.421932,1.507712,2,2,3,0.0000,0.0000,0.0000,0.5000,"Pursue",-1.684245
629,A0100,adaptive_eagle_v6h_e1c,HABFM,3568.148252,26.277990,157.926260,132.446707,25.445003,12761.349615,231.101569,15125.732715,-48.155052,-10198.884754,761.479084,19.440094,False,False,True,False,False,False,False,2-circle,1.000000,-127.166612,98.471991,97.749699,2.250301,1.528009,-166.447452,-78.592107,1.158010,2,2,3,0.0000,0.0000,0.0000,0.5000,"LeadPursuit",2.182492
629,B0100,defensive,HABFM,3568.148252,26.277990,157.926260,132.446707,25.445003,12761.349615,231.101569,15125.732715,-48.155052,-10198.884754,761.479084,19.440094,False,False,True,False,False,False,False,2-circle,1.000000,-127.166612,98.471991,97.749699,2.250301,1.528009,-166.447452,-78.592107,1.158010,2,2,3,0.0000,0.0000,0.0000,0.5000,"Pursue",-2.023851
630,A0100,adaptive_eagle_v6h_e1c,HABFM,3309.959214,27.915497,160.454804,133.460948,27.098294,12753.640570,230.883418,15113.561995,-60.853599,-10122.315208,764.823557,12.473422,False,False,True,False,False,False,False,2-circle,1.000000,-117.653318,98.471991,97.749699,2.250301,1.528009,-160.391517,-72.525725,0.990254,2,2,3,0.0000,0.0000,0.0000,0.5000,"LeadPursuit",3.332643
630,B0100,defensive,HABFM,3309.959214,27.915497,160.454804,133.460948,27.098294,12753.640570,230.883418,15113.561995,-60.853599,-10122.315208,764.823557,12.473422,False,False,True,False,False,False,False,2-circle,1.000000,-117.653318,98.471991,97.749699,2.250301,1.528009,-160.391517,-72.525725,0.990254,2,2,3,0.0000,0.0000,0.0000,0.5000,"Pursue",-2.852086
631,A0100,adaptive_eagle_v6h_e1c,HABFM,3050.900084,30.074442,163.833195,134.695515,29.341818,12745.875065,230.241547,15092.693261,-104.343668,-9994.754614,766.330954,12.016914,False,False,True,False,False,False,False,2-circle,1.000000,-106.476507,98.471991,97.749699,2.250301,1.528009,-159.763044,-71.856115,1.031056,2,3,2,0.0000,0.0000,0.0000,0.5000,"LeadPursuit",3.931734
631,B0100,defensive,HABFM,3050.900084,30.074442,163.833195,134.695515,29.341818,12745.875065,230.241547,15092.693261,-104.343668,-9994.754614,766.330954,12.016914,False,False,True,False,False,False,False,2-circle,1.000000,-106.476507,98.471991,97.749699,2.250301,1.528009,-159.763044,-71.856115,1.031056,2,2,3,0.0000,0.0000,0.0000,0.5000,"Pursue",-3.075850
632,A0100,adaptive_eagle_v6h_e1c,DBFM,2791.809664,32.660304,167.115805,135.174260,32.008465,12738.269066,229.458497,15069.151388,-117.709368,-9934.341976,765.396898,14.849983,False,False,True,False,False,False,False,2-circle,1.000000,-96.331618,98.471991,97.749699,2.250301,1.528009,-163.028915,-75.098863,1.119177,2,2,2,0.0000,0.0000,0.0000,0.5000,"LeadPursuit",4.501174
632,B0100,defensive,DBFM,2791.809664,32.660304,167.115805,135.174260,32.008465,12738.269066,229.458497,15069.151388,-117.709368,-9934.341976,765.396898,14.849983,False,False,True,False,False,False,False,2-circle,1.000000,-96.331618,98.471991,97.749699,2.250301,1.528009,-163.028915,-75.098863,1.119177,2,2,3,0.0000,0.0000,0.0000,0.5000,"Pursue",-3.249556
633,A0100,adaptive_eagle_v6h_e1c,DBFM,2533.473754,35.553260,170.110531,135.091197,34.936677,12730.661967,228.766662,15047.509902,-108.207429,-9941.768732,762.406352,22.976044,False,True,True,False,False,False,False,2-circle,1.000000,-88.452638,98.317034,97.749699,2.250301,1.682966,-168.113429,-80.211754,1.031859,2,2,2,0.0000,0.0000,0.0000,0.5000,"LeadPursuit",6.434391
633,B0100,defensive,DBFM,2533.473754,35.553260,170.110531,135.091197,34.936677,12730.661967,228.766662,15047.509902,-108.207429,-9941.768732,762.406352,22.976044,False,True,True,False,False,False,False,2-circle,1.000000,-88.452638,98.317034,97.749699,2.250301,1.682966,-168.113429,-80.211754,1.031859,2,2,3,0.0000,0.0000,0.0000,0.5000,"Pursue",-4.347746
634,A0100,adaptive_eagle_v6h_e1c,DBFM,2276.535384,38.633290,173.487205,135.300768,38.006430,12722.714698,228.353265,15031.196785,-81.565583,-9938.710845,757.466145,27.649955,False,True,True,False,False,False,False,2-circle,1.000000,-81.988649,97.708600,97.749699,2.250301,2.291400,-169.653516,-81.826569,0.777735,2,2,2,0.0000,0.0000,0.0000,0.5000,"LeadPursuit",9.719523
634,B0100,defensive,DBFM,2276.535384,38.633290,173.487205,135.300768,38.006430,12722.714698,228.353265,15031.196785,-81.565583,-9938.710845,757.466145,27.649955,False,True,True,False,False,False,False,2-circle,1.000000,-81.988649,97.708600,97.749699,2.250301,2.291400,-169.653516,-81.826569,0.777735,2,2,3,0.0000,0.0000,0.0000,0.5000,"Pursue",-6.561002
635,A0100,adaptive_eagle_v6h_e1c,DBFM,2021.671323,41.831942,177.289789,136.058568,41.195202,12714.243632,228.301514,15021.679515,-47.586352,-9910.491344,749.886347,15.926127,False,True,True,False,False,False,False,2-circle,1.000000,-75.905461,96.373134,97.749699,2.250301,3.626866,-163.711836,-75.993574,0.579046,2,3,2,0.0000,0.0000,0.0000,0.5000,"LeadPursuit",1.576746
635,B0100,defensive,DBFM,2021.671323,41.831942,177.289789,136.058568,41.195202,12714.243632,228.301514,15021.679515,-47.586352,-9910.491344,749.886347,15.926127,False,True,True,False,False,False,False,2-circle,1.000000,-75.905461,96.373134,97.749699,2.250301,3.626866,-163.711836,-75.993574,0.579046,2,2,3,0.0000,0.0000,0.0000,0.5000,"Pursue",-0.983053
636,A0100,adaptive_eagle_v6h_e1c,DBFM,1770.237211,45.741926,177.116786,136.852022,45.138734,12705.420906,228.152830,15009.852275,-59.136197,-9878.044156,736.036059,11.044030,False,True,True,False,False,False,False,2-circle,1.000000,-69.288447,94.669111,97.749699,2.250301,5.330889,-157.792875,-70.201341,0.566492,2,5,2,0.0000,0.0000,0.0000,0.5000,"LeadPursuit",-9.889054
636,B0100,defensive,DBFM,1770.237211,45.741926,177.116786,136.852022,45.138734,12705.420906,228.152830,15009.852275,-59.136197,-9878.044156,736.036059,11.044030,False,True,True,False,False,False,False,2-circle,1.000000,-69.288447,94.669111,97.749699,2.250301,5.330889,-157.792875,-70.201341,0.566492,2,2,3,0.0000,0.0000,0.0000,0.5000,"Pursue",6.926913
637,A0100,adaptive_eagle_v6h_e1c,DBFM,1525.146959,51.028758,171.985104,136.903607,50.507383,12696.651017,227.584211,14989.610162,-101.210565,-9869.276713,711.638495,10.831252,False,True,True,False,False,False,False,2-circle,1.000000,-61.441892,93.692527,97.749699,2.250301,6.307473,-157.262039,-69.795444,0.729415,2,6,1,0.0000,0.0000,0.0000,0.5000,"LeadPursuit",-6.203001
637,B0100,defensive,DBFM,1525.146959,51.028758,171.985104,136.903607,50.507383,12696.651017,227.584211,14989.610162,-101.210565,-9869.276713,711.638495,10.831252,False,True,True,False,False,False,False,2-circle,1.000000,-61.441892,93.692527,97.749699,2.250301,6.307473,-157.262039,-69.795444,0.729415,2,2,3,0.0000,0.0000,0.0000,0.5000,"Pursue",4.823436
638,A0100,adaptive_eagle_v6h_e1c,DBFM,1290.498919,57.968262,165.717972,136.240240,57.544080,12688.156489,226.870113,14966.748822,-114.306702,-9901.789433,673.086798,13.252976,False,False,True,False,False,False,False,2-circle,1.000000,-51.269623,93.692527,97.749699,2.250301,6.307473,-160.611606,-73.209315,0.911047,2,6,1,0.0000,0.0000,0.0000,0.5000,"LeadPursuit",-2.987288
638,B0100,defensive,DBFM,1290.498919,57.968262,165.717972,136.240240,57.544080,12688.156489,226.870113,14966.748822,-114.306702,-9901.789433,673.086798,13.252976,False,False,True,False,False,False,False,2-circle,1.000000,-51.269623,93.692527,97.749699,2.250301,6.307473,-160.611606,-73.209315,0.911047,2,2,3,0.0000,0.0000,0.0000,0.5000,"Pursue",3.532740
639,A0100,adaptive_eagle_v6h_e1c,DBFM,1071.785908,67.080648,158.661321,134.245207,66.752269,12679.774590,226.240047,14945.728249,-105.102865,-10000.618259,615.538397,19.515485,False,False,True,False,False,False,False,2-circle,1.000000,-39.175868,93.692527,97.749699,2.250301,6.307473,-165.815963,-78.387409,0.904733,2,6,2,0.0000,0.0000,0.0000,0.5000,"LeadPursuit",-1.296275
639,B0100,defensive,DBFM,1071.785908,67.080648,158.661321,134.245207,66.752269,12679.774590,226.240047,14945.728249,-105.102865,-10000.618259,615.538397,19.515485,False,False,True,False,False,False,False,2-circle,1.000000,-39.175868,93.692527,97.749699,2.250301,6.307473,-165.815963,-78.387409,0.904733,2,2,3,0.0000,0.0000,0.0000,0.5000,"Pursue",3.515860
640,A0100,adaptive_eagle_v6h_e1c,DBFM,878.303480,79.281434,148.785142,131.894842,79.044900,12671.164627,225.879808,14929.907923,-79.101631,-10096.530474,520.045643,22.918112,False,False,True,False,False,False,False,2-circle,1.000000,-28.116611,93.692527,97.749699,2.250301,6.307473,-167.444314,-80.057818,0.726539,2,7,2,0.0000,0.0000,0.0000,0.5000,"LeadPursuit",-0.834488
640,B0100,defensive,DBFM,878.303480,79.281434,148.785142,131.894842,79.044900,12671.164627,225.879808,14929.907923,-79.101631,-10096.530474,520.045643,22.918112,False,False,True,False,False,False,False,2-circle,1.000000,-28.116611,93.692527,97.749699,2.250301,6.307473,-167.444314,-80.057818,0.726539,2,2,3,0.0000,0.0000,0.0000,0.5000,"Pursue",4.013805
641,A0100,adaptive_eagle_v6h_e1c,DBFM,728.469430,95.980964,133.656676,130.107548,95.850341,12662.125654,225.873547,14920.743750,-45.820863,-10174.385217,351.833860,14.310735,False,False,False,False,False,False,False,2-circle,1.000000,-20.457969,93.692527,97.749699,2.250301,6.307473,-161.072400,-74.317320,0.597981,2,8,2,0.0000,0.0000,0.0000,0.5000,"LeadPursuit",-2.184848
641,B0100,defensive,DBFM,728.469430,95.980964,133.656676,130.107548,95.850341,12662.125654,225.873547,14920.743750,-45.820863,-10174.385217,351.833860,14.310735,False,False,False,False,False,False,False,2-circle,1.000000,-20.457969,93.692527,97.749699,2.250301,6.307473,-161.072400,-74.317320,0.597981,2,2,3,0.0000,0.0000,0.0000,0.5000,"Pursue",4.216613
642,A0100,adaptive_eagle_v6h_e1c,DBFM,651.314946,118.070302,113.677088,127.863128,118.084662,12652.812321,225.769016,14909.340374,-57.016880,-10198.554598,93.520710,10.216918,False,False,False,False,False,False,False,2-circle,1.000000,-14.985978,93.692527,97.749699,2.250301,6.307473,-150.551197,-68.520659,0.643422,2,8,2,0.0000,0.0000,0.0000,0.5000,"LeadPursuit",-1.277305
642,B0100,defensive,DBFM,651.314946,118.070302,113.677088,127.863128,118.084662,12652.812321,225.769016,14909.340374,-57.016880,-10198.554598,93.520710,10.216918,False,False,False,False,False,False,False,2-circle,1.000000,-14.985978,93.692527,97.749699,2.250301,6.307473,-150.551197,-68.520659,0.643422,2,8,2,0.0000,0.0000,0.0000,0.5000,"LeadPursuit",3.907416
643,A0100,adaptive_eagle_v6h_e1c,DBFM,667.903066,141.854500,93.175890,124.440807,142.109389,12643.544180,227.299285,14930.765532,107.125791,-10114.242354,-184.551807,8.326422,False,False,False,False,False,False,False,2-circle,1.000000,-8.534038,93.692527,97.749699,2.250301,6.307473,22.240007,-64.372735,1.044603,2,8,2,0.0000,0.0000,0.0000,0.5000,"LeadPursuit",-0.667238
643,B0100,defensive,DBFM,667.903066,141.854500,93.175890,124.440807,142.109389,12643.544180,227.299285,14930.765532,107.125791,-10114.242354,-184.551807,8.326422,False,False,False,False,False,False,False,2-circle,1.000000,-8.534038,93.692527,97.749699,2.250301,6.307473,22.240007,-64.372735,1.044603,2,8,2,0.0000,0.0000,0.0000,0.5000,"LeadPursuit",0.333906
644,A0100,adaptive_eagle_v6h_e1c,HABFM,766.737541,161.182072,77.179042,120.606431,162.006674,12634.348382,229.295663,14961.923682,155.790751,-10039.148731,-383.137485,5.983406,False,False,False,False,False,False,False,2-circle,1.000000,-0.824284,93.692527,97.749699,2.250301,6.307473,33.381177,-56.498420,1.691894,2,8,2,0.0000,0.0000,0.0000,0.5000,"LeadPursuit",-0.342769
644,B0100,defensive,HABFM,766.737541,161.182072,77.179042,120.606431,162.006674,12634.348382,229.295663,14961.923682,155.790751,-10039.148731,-383.137485,5.983406,False,False,False,False,False,False,False,2-circle,1.000000,-0.824284,93.692527,97.749699,2.250301,6.307473,33.381177,-56.498420,1.691894,2,8,2,0.0000,0.0000,0.0000,0.5000,"LeadPursuit",-0.178125
645,A0100,adaptive_eagle_v6h_e1c,HABFM,916.998852,172.916785,66.648953,116.787082,176.382873,12625.135346,231.698377,15001.746004,199.111608,-9930.058078,-494.293277,4.153699,False,False,False,False,False,True,False,2-circle,1.000000,7.459344,93.692527,97.749699,2.250301,6.307473,44.018381,-46.652740,1.728795,2,8,2,0.0000,0.0000,0.0000,0.5000,"LeadPursuit",-0.176136
645,B0100,defensive,HABFM,916.998852,172.916785,66.648953,116.787082,176.382873,12625.135346,231.698377,15001.746004,199.111608,-9930.058078,-494.293277,4.153699,False,False,False,False,False,True,False,2-circle,1.000000,7.459344,93.692527,97.749699,2.250301,6.307473,44.018381,-46.652740,1.728795,2,8,2,0.0000,0.0000,0.0000,0.5000,"LeadPursuit",0.024087
646,A0100,adaptive_eagle_v6h_e1c,HABFM,1094.559469,170.854800,60.405607,112.856694,-173.444892,12615.903438,234.395815,15048.173331,232.136637,-9780.268496,-548.921873,2.842879,False,False,False,False,False,True,False,2-circle,-1.000000,15.308855,93.692527,97.749699,2.250301,6.307473,54.747423,-36.252090,1.474623,2,8,2,0.0000,0.0000,0.0000,0.5000,"LeadPursuit",-0.093762
646,B0100,defensive,HABFM,1094.559469,170.854800,60.405607,112.856694,-173.444892,12615.903438,234.395815,15048.173331,232.136637,-9780.268496,-548.921873,2.842879,False,False,False,False,False,True,False,2-circle,-1.000000,15.308855,93.692527,97.749699,2.250301,6.307473,54.747423,-36.252090,1.474623,2,0,2,0.0000,0.0000,0.0000,0.5000,"LeadPursuit",0.092082
647,A0100,adaptive_eagle_v6h_e1c,HABFM,1284.870954,164.589568,56.809815,108.970985,-165.938167,12606.740475,236.911667,15091.503376,216.650222,-9623.530484,-573.711238,2.167101,False,False,False,False,False,True,False,2-circle,-1.000000,22.527524,93.692527,97.749699,2.250301,6.307473,61.701528,-29.457543,1.396224,2,8,2,0.0000,0.0000,0.0000,0.5000,"LeadPursuit",-0.051616
647,B0100,defensive,HABFM,1284.870954,164.589568,56.809815,108.970985,-165.938167,12606.740475,236.911667,15091.503376,216.650222,-9623.530484,-573.711238,2.167101,False,False,False,False,False,True,False,2-circle,-1.000000,22.527524,93.692527,97.749699,2.250301,6.307473,61.701528,-29.457543,1.396224,2,0,2,0.0000,0.0000,0.0000,0.5000,"LeadPursuit",0.085910
648,A0100,adaptive_eagle_v6h_e1c,HABFM,1480.390816,159.067662,54.753982,105.021065,-159.863354,12598.299965,237.418074,15093.696753,10.966888,-9533.194156,-581.075606,2.313265,False,False,False,False,False,True,False,2-circle,-1.000000,29.264390,93.692527,97.749699,2.250301,6.307473,60.112162,-31.135259,2.908972,2,8,2,0.0000,0.0000,0.0000,0.5000,"LeadPursuit",-0.033130
648,B0100,defensive,HABFM,1480.390816,159.067662,54.753982,105.021065,-159.863354,12598.299965,237.418074,15093.696753,10.966888,-9533.194156,-581.075606,2.313265,False,False,False,False,False,True,False,2-circle,-1.000000,29.264390,93.692527,97.749699,2.250301,6.307473,60.112162,-31.135259,2.908972,2,0,2,0.0000,0.0000,0.0000,0.5000,"LeadPursuit",0.083172
649,A0100,adaptive_eagle_v6h_e1c,HABFM,1676.870237,154.054384,53.411180,101.048653,-154.479597,12591.388711,237.154003,15081.237537,-62.296082,-9503.528413,-580.799271,3.061224,False,False,False,False,False,True,False,2-circle,-1.000000,35.530938,93.692527,97.749699,2.250301,6.307473,52.692630,-38.605297,5.001745,2,8,2,0.0000,0.0000,0.0000,0.5000,"LeadPursuit",-0.015586
649,B0100,defensive,HABFM,1676.870237,154.054384,53.411180,101.048653,-154.479597,12591.388711,237.154003,15081.237537,-62.296082,-9503.528413,-580.799271,3.061224,False,False,False,False,False,True,False,2-circle,-1.000000,35.530938,93.692527,97.749699,2.250301,6.307473,52.692630,-38.605297,5.001745,2,0,2,0.0000,0.0000,0.0000,0.5000,"LeadPursuit",0.084261
650,A0100,adaptive_eagle_v6h_e1c,HABFM,1872.109296,149.258968,52.769936,96.703522,-149.465372,12586.474699,236.531615,15063.271934,-89.828015,-9497.814885,-573.460022,4.382973,False,False,False,False,False,True,False,2-circle,-1.000000,40.562700,93.692527,97.749699,2.250301,6.307473,42.554329,-48.746789,6.734545,2,8,2,0.0000,0.0000,0.0000,0.5000,"LeadPursuit",0.007226
650,B0100,defensive,HABFM,1872.109296,149.258968,52.769936,96.703522,-149.465372,12586.474699,236.531615,15063.271934,-89.828015,-9497.814885,-573.460022,4.382973,False,False,False,False,False,True,False,2-circle,-1.000000,40.562700,93.692527,97.749699,2.250301,6.307473,42.554329,-48.746789,6.734545,2,0,2,0.0000,0.0000,0.0000,0.5000,"LeadPursuit",0.085447
651,A0100,adaptive_eagle_v6h_e1c,HABFM,2063.419014,144.642096,53.074260,91.683351,-144.742795,12583.293473,235.858347,15046.010768,-86.305827,-9454.474809,-557.261533,6.402848,False,False,False,False,False,True,False,2-circle,-1.000000,44.052830,93.692527,97.749699,2.250301,6.307473,32.316722,-58.947774,7.845241,2,8,2,0.0000,0.0000,0.0000,0.5000,"LeadPursuit",0.017872
651,B0100,defensive,HABFM,2063.419014,144.642096,53.074260,91.683351,-144.742795,12583.293473,235.858347,15046.010768,-86.305827,-9454.474809,-557.261533,6.402848,False,False,False,False,False,True,False,2-circle,-1.000000,44.052830,93.692527,97.749699,2.250301,6.307473,32.316722,-58.947774,7.845241,2,0,2,0.0000,0.0000,0.0000,0.5000,"LeadPursuit",0.087046
652,A0100,adaptive_eagle_v6h_e1c,UNKNOWN,2248.250832,140.177274,53.830316,86.429461,-140.231550,12581.323021,235.202685,15030.367140,-78.218144,-9398.944546,-536.551819,9.456473,False,False,False,False,False,True,False,1-circle,-1.000000,46.870231,93.692527,97.749699,2.250301,6.307473,23.457539,-67.765061,8.295340,2,8,2,0.0000,0.0000,0.0000,0.5000,"LeadPursuit",0.015083
652,B0100,defensive,UNKNOWN,2248.250832,140.177274,53.830316,86.429461,-140.231550,12581.323021,235.202685,15030.367140,-78.218144,-9398.944546,-536.551819,9.456473,False,False,False,False,False,True,False,1-circle,-1.000000,46.870231,93.692527,97.749699,2.250301,6.307473,23.457539,-67.765061,8.295340,2,0,2,0.0000,0.0000,0.0000,0.5000,"LeadPursuit",0.088848
653,A0100,adaptive_eagle_v6h_e1c,UNKNOWN,2426.076407,135.858497,54.469871,81.471386,-135.895346,12580.029814,234.571749,15015.952324,-72.074079,-9381.398773,-516.474541,14.422556,False,False,False,False,False,True,False,1-circle,-1.000000,50.326881,93.692527,97.749699,2.250301,6.307473,16.250883,-74.956914,8.156550,2,8,2,0.0000,0.0000,0.0000,0.5000,"LeadPursuit",0.019615
653,B0100,defensive,UNKNOWN,2426.076407,135.858497,54.469871,81.471386,-135.895346,12580.029814,234.571749,15015.952324,-72.074079,-9381.398773,-516.474541,14.422556,False,False,False,False,False,True,False,1-circle,-1.000000,50.326881,93.692527,97.749699,2.250301,6.307473,16.250883,-74.956914,8.156550,2,0,2,0.0000,0.0000,0.0000,0.5000,"LeadPursuit",0.091002
654,A0100,adaptive_eagle_v6h_e1c,UNKNOWN,2596.989778,131.673060,55.278282,76.488878,-131.707011,12578.942272,233.970364,15002.390573,-67.808753,-9373.572658,-494.643167,24.169489,False,False,False,False,False,True,False,1-circle,-1.000000,54.623323,93.692527,97.749699,2.250301,6.307473,10.352080,-80.866095,7.514680,2,8,2,0.0000,0.0000,0.0000,0.5000,"LeadPursuit",0.026914
654,B0100,defensive,UNKNOWN,2596.989778,131.673060,55.278282,76.488878,-131.707011,12578.942272,233.970364,15002.390573,-67.808753,-9373.572658,-494.643167,24.169489,False,False,False,False,False,True,False,1-circle,-1.000000,54.623323,93.692527,97.749699,2.250301,6.307473,10.352080,-80.866095,7.514680,2,0,2,0.0000,0.0000,0.0000,0.5000,"LeadPursuit",0.093822
655,A0100,adaptive_eagle_v6h_e1c,UNKNOWN,2760.060496,127.593727,56.356070,71.346807,-127.634259,12577.660880,233.389102,14989.082805,-66.538839,-9358.433042,-470.087070,52.365855,False,False,False,False,False,True,False,1-circle,-1.000000,59.533180,93.692527,97.749699,2.250301,6.307473,5.498878,-85.745507,6.365741,2,8,2,0.0000,0.0000,0.0000,0.5000,"LeadPursuit",0.040503
655,B0100,defensive,UNKNOWN,2760.060496,127.593727,56.356070,71.346807,-127.634259,12577.660880,233.389102,14989.082805,-66.538839,-9358.433042,-470.087070,52.365855,False,False,False,False,False,True,False,1-circle,-1.000000,59.533180,93.692527,97.749699,2.250301,6.307473,5.498878,-85.745507,6.365741,2,0,2,0.0000,0.0000,0.0000,0.5000,"LeadPursuit",0.097264
656,A0100,adaptive_eagle_v6h_e1c,UNKNOWN,2914.145544,123.597784,57.937516,65.792387,-123.653918,12575.824728,232.736672,14973.783430,-76.496875,-9308.446466,-440.531740,223.799161,False,False,False,False,False,True,False,1-circle,-1.000000,64.714418,93.692527,97.749699,2.250301,6.307473,1.330442,-89.947100,4.758229,2,8,2,0.0000,0.0000,0.0000,0.5000,"LeadPursuit",0.045742
656,B0100,defensive,UNKNOWN,2914.145544,123.597784,57.937516,65.792387,-123.653918,12575.824728,232.736672,14973.783430,-76.496875,-9308.446466,-440.531740,223.799161,False,False,False,False,False,True,False,1-circle,-1.000000,64.714418,93.692527,97.749699,2.250301,6.307473,1.330442,-89.947100,4.758229,2,0,2,0.0000,0.0000,0.0000,0.5000,"LeadPursuit",0.096222
657,A0100,adaptive_eagle_v6h_e1c,UNKNOWN,3057.827971,119.856935,59.691704,60.361166,-119.938825,12573.080061,232.286968,14961.780834,-60.012982,-9241.204135,-409.844558,224.234430,False,False,False,False,False,True,False,1-circle,-1.000000,70.738407,93.692527,97.749699,2.250301,6.307473,1.247076,-90.081100,3.016395,2,2,4,0.0000,0.0000,0.0000,0.5000,"ExtensionBreak",0.051930
657,B0100,defensive,UNKNOWN,3057.827971,119.856935,59.691704,60.361166,-119.938825,12573.080061,232.286968,14961.780834,-60.012982,-9241.204135,-409.844558,224.234430,False,False,False,False,False,True,False,1-circle,-1.000000,70.738407,93.692527,97.749699,2.250301,6.307473,1.247076,-90.081100,3.016395,2,0,2,0.0000,0.0000,0.0000,0.5000,"LeadPursuit",0.090955
658,A0100,adaptive_eagle_v6h_e1c,UNKNOWN,3191.198601,116.505017,61.657777,55.184250,-116.614003,12569.310189,232.143537,14955.061943,-33.594455,-9137.352219,-378.309836,35.663051,False,False,False,False,False,True,False,1-circle,-1.000000,78.837541,93.692527,97.749699,2.250301,6.307473,7.683773,-83.732716,1.709892,2,2,4,0.0000,0.0000,0.0000,0.5000,"ExtensionBreak",0.039659
658,B0100,defensive,UNKNOWN,3191.198601,116.505017,61.657777,55.184250,-116.614003,12569.310189,232.143537,14955.061943,-33.594455,-9137.352219,-378.309836,35.663051,False,False,False,False,False,True,False,1-circle,-1.000000,78.837541,93.692527,97.749699,2.250301,6.307473,7.683773,-83.732716,1.709892,2,0,2,0.0000,0.0000,0.0000,0.5000,"LeadPursuit",0.097048
659,A0100,adaptive_eagle_v6h_e1c,UNKNOWN,3314.254986,113.116897,63.188922,50.567542,-113.248473,12564.717123,231.880630,14945.068119,-49.969120,-9040.550208,-349.663548,19.260909,False,False,False,False,False,True,False,1-circle,-1.000000,91.097797,93.692527,97.749699,2.250301,6.307473,13.082186,-78.492605,1.048687,2,2,4,0.0000,0.0000,0.0000,0.5000,"ExtensionBreak",0.008361
659,B0100,defensive,UNKNOWN,3314.254986,113.116897,63.188922,50.567542,-113.248473,12564.717123,231.880630,14945.068119,-49.969120,-9040.550208,-349.663548,19.260909,False,False,False,False,False,True,False,1-circle,-1.000000,91.097797,93.692527,97.749699,2.250301,6.307473,13.082186,-78.492605,1.048687,2,0,3,0.0000,0.0000,0.0000,0.5000,"LeadPursuit",0.116552
660,A0100,adaptive_eagle_v6h_e1c,UNKNOWN,3429.052434,109.285666,63.642763,46.763576,-109.435035,12559.629590,232.826495,14959.439593,71.857369,-8950.482028,-328.466653,20.313913,False,False,False,False,False,True,False,1-circle,-1.000000,109.107644,93.692527,97.749699,2.250301,6.307473,12.706297,-79.116161,0.777961,3,8,3,0.0000,0.0000,0.0000,0.5000,"SmartLowYoYo",-0.020547
660,B0100,defensive,UNKNOWN,3429.052434,109.285666,63.642763,46.763576,-109.435035,12559.629590,232.826495,14959.439593,71.857369,-8950.482028,-328.466653,20.313913,False,False,False,False,False,True,False,1-circle,-1.000000,109.107644,93.692527,97.749699,2.250301,6.307473,12.706297,-79.116161,0.777961,2,0,3,0.0000,0.0000,0.0000,0.5000,"LeadPursuit",0.126953
661,A0100,adaptive_eagle_v6h_e1c,UNKNOWN,3538.503386,105.364163,63.045938,43.857896,-105.537902,12554.160003,233.768206,14973.422236,69.913214,-8924.848048,-315.671558,34.240916,False,False,False,False,False,True,False,1-circle,-1.000000,131.878583,93.692527,97.749699,2.250301,6.307473,8.617527,-83.517357,0.531079,3,8,3,0.0000,0.0000,0.0000,0.5000,"SmartLowYoYo",-0.025196
661,B0100,defensive,UNKNOWN,3538.503386,105.364163,63.045938,43.857896,-105.537902,12554.160003,233.768206,14973.422236,69.913214,-8924.848048,-315.671558,34.240916,False,False,False,False,False,True,False,1-circle,-1.000000,131.878583,93.692527,97.749699,2.250301,6.307473,8.617527,-83.517357,0.531079,2,0,3,0.0000,0.0000,0.0000,0.5000,"LeadPursuit",0.123488
662,A0100,adaptive_eagle_v6h_e1c,UNKNOWN,3644.491811,101.761933,62.255130,41.450063,-101.973530,12548.060768,235.058889,14994.111243,103.445040,-8937.858768,-306.093623,49.613217,False,False,False,False,False,True,False,1-circle,-1.000000,157.057528,93.692527,97.749699,2.250301,6.307473,6.929901,-85.539643,0.199221,3,8,3,0.0000,0.0000,0.0000,0.5000,"SmartLowYoYo",-0.022946
662,B0100,defensive,UNKNOWN,3644.491811,101.761933,62.255130,41.450063,-101.973530,12548.060768,235.058889,14994.111243,103.445040,-8937.858768,-306.093623,49.613217,False,False,False,False,False,True,False,1-circle,-1.000000,157.057528,93.692527,97.749699,2.250301,6.307473,6.929901,-85.539643,0.199221,2,0,3,0.0000,0.0000,0.0000,0.5000,"LeadPursuit",0.113230
663,A0100,adaptive_eagle_v6h_e1c,UNKNOWN,3747.818172,98.629799,61.613693,39.618837,-98.882122,12541.175840,236.754173,15022.636215,142.624857,-8969.896047,-297.580742,22.493726,False,False,False,False,False,True,False,1-circle,-1.000000,185.114535,93.692527,97.749699,2.250301,6.307473,12.528159,-80.304096,-0.080912,3,8,3,0.0000,0.0000,0.0000,0.5000,"SmartLowYoYo",-0.008919
663,B0100,defensive,UNKNOWN,3747.818172,98.629799,61.613693,39.618837,-98.882122,12541.175840,236.754173,15022.636215,142.624857,-8969.896047,-297.580742,22.493726,False,False,False,False,False,True,False,1-circle,-1.000000,185.114535,93.692527,97.749699,2.250301,6.307473,12.528159,-80.304096,-0.080912,2,0,3,0.0000,0.0000,0.0000,0.5000,"LeadPursuit",0.119422
664,A0100,adaptive_eagle_v6h_e1c,UNKNOWN,3847.886333,95.511912,61.628098,37.610067,-95.798236,12533.689453,238.362785,15048.984645,131.742152,-8909.002852,-282.488282,14.648723,False,False,False,False,False,True,False,1-circle,-1.000000,218.137944,93.692527,97.749699,2.250301,6.307473,17.862445,-75.390828,-0.215766,1,8,4,0.0000,0.0000,0.0000,0.5000,"SmartLowYoYo",0.009826
664,B0100,defensive,UNKNOWN,3847.886333,95.511912,61.628098,37.610067,-95.798236,12533.689453,238.362785,15048.984645,131.742152,-8909.002852,-282.488282,14.648723,False,False,False,False,False,True,False,1-circle,-1.000000,218.137944,93.692527,97.749699,2.250301,6.307473,17.862445,-75.390828,-0.215766,2,0,3,0.0000,0.0000,0.0000,0.5000,"LeadPursuit",0.142823
665,A0100,adaptive_eagle_v6h_e1c,UNKNOWN,3941.953306,92.022277,62.408735,34.751437,-92.334895,12525.942195,239.527748,15065.883733,84.495439,-8823.132190,-258.570367,15.595781,False,False,False,False,False,True,False,1-circle,-1.000000,257.016913,93.692527,97.749699,2.250301,6.307473,17.439963,-76.304970,-0.229898,1,8,4,0.0000,0.0000,0.0000,0.5000,"SmartLowYoYo",-0.171308
665,B0100,defensive,UNKNOWN,3941.953306,92.022277,62.408735,34.751437,-92.334895,12525.942195,239.527748,15065.883733,84.495439,-8823.132190,-258.570367,15.595781,False,False,False,False,False,True,False,1-circle,-1.000000,257.016913,93.692527,97.749699,2.250301,6.307473,17.439963,-76.304970,-0.229898,2,0,3,0.0000,0.0000,0.0000,0.5000,"LeadPursuit",0.159362
666,A0100,adaptive_eagle_v6h_e1c,UNKNOWN,4027.601635,88.373422,63.715288,31.363396,-88.717452,12518.048574,240.542364,15079.553563,68.349148,-8735.626382,-229.201201,24.078549,False,False,True,False,False,True,False,1-circle,-1.000000,300.643257,93.692527,97.749699,2.250301,6.307473,13.225310,-81.066302,-0.314521,1,8,4,0.0000,0.0000,0.0000,0.5000,"SmartLowYoYo",-0.662645
666,B0100,defensive,UNKNOWN,4027.601635,88.373422,63.715288,31.363396,-88.717452,12518.048574,240.542364,15079.553563,68.349148,-8735.626382,-229.201201,24.078549,False,False,True,False,False,True,False,1-circle,-1.000000,300.643257,93.692527,97.749699,2.250301,6.307473,13.225310,-81.066302,-0.314521,2,0,3,0.0000,0.0000,0.0000,0.5000,"LeadPursuit",0.157763
667,A0100,adaptive_eagle_v6h_e1c,UNKNOWN,4103.792055,84.951757,65.192717,28.035315,-85.344844,12509.727262,241.851123,15099.181715,98.140762,-8641.915618,-199.321824,31.716475,False,False,True,False,False,True,False,1-circle,-1.000000,347.309586,93.692527,97.749699,2.250301,6.307473,11.641629,-83.229389,-0.526165,1,8,4,0.0000,0.0000,0.0000,0.5000,"SmartLowYoYo",-0.568415
667,B0100,defensive,UNKNOWN,4103.792055,84.951757,65.192717,28.035315,-85.344844,12509.727262,241.851123,15099.181715,98.140762,-8641.915618,-199.321824,31.716475,False,False,True,False,False,True,False,1-circle,-1.000000,347.309586,93.692527,97.749699,2.250301,6.307473,11.641629,-83.229389,-0.526165,3,0,3,0.0000,0.0000,0.0000,0.5000,"LeadPursuit",0.147683
668,A0100,adaptive_eagle_v6h_e1c,UNKNOWN,4170.606394,81.921989,66.844991,24.558412,-82.364133,12500.783649,243.559933,15126.959169,138.887269,-8515.664050,-169.456965,17.257096,False,False,True,False,False,True,False,1-circle,-1.000000,394.707452,93.692527,97.749699,2.250301,6.307473,17.682184,-77.771763,-0.694726,1,8,4,0.0000,0.0000,0.0000,0.5000,"SmartLowYoYo",-0.539032
668,B0100,defensive,UNKNOWN,4170.606394,81.921989,66.844991,24.558412,-82.364133,12500.783649,243.559933,15126.959169,138.887269,-8515.664050,-169.456965,17.257096,False,False,True,False,False,True,False,1-circle,-1.000000,394.707452,93.692527,97.749699,2.250301,6.307473,17.682184,-77.771763,-0.694726,3,0,3,0.0000,0.0000,0.0000,0.5000,"LeadPursuit",0.149989
669,A0100,adaptive_eagle_v6h_e1c,UNKNOWN,4227.618933,79.045103,68.442973,20.915093,-79.520034,12491.364325,245.373186,15156.788072,149.144516,-8371.716276,-140.450448,10.142413,False,False,True,False,False,True,False,1-circle,-1.000000,440.306024,93.692527,97.749699,2.250301,6.307473,26.119999,-69.890976,-0.584984,1,8,4,0.0000,0.0000,0.0000,0.5000,"SmartLowYoYo",-0.604631
669,B0100,defensive,UNKNOWN,4227.618933,79.045103,68.442973,20.915093,-79.520034,12491.364325,245.373186,15156.788072,149.144516,-8371.716276,-140.450448,10.142413,False,False,True,False,False,True,False,1-circle,-1.000000,440.306024,93.692527,97.749699,2.250301,6.307473,26.119999,-69.890976,-0.584984,3,0,3,0.0000,0.0000,0.0000,0.5000,"LeadPursuit",0.175903
670,A0100,adaptive_eagle_v6h_e1c,UNKNOWN,4275.179929,75.968409,69.704752,17.002364,-76.438812,12481.876948,246.864293,15179.794126,115.030269,-8247.161543,-113.345440,8.058271,False,False,True,False,False,True,False,1-circle,-1.000000,481.984342,93.692527,97.749699,2.250301,6.307473,31.133553,-65.385013,-0.137953,3,8,3,0.0000,0.0000,0.0000,0.5000,"SmartLowYoYo",-0.701924
670,B0100,defensive,UNKNOWN,4275.179929,75.968409,69.704752,17.002364,-76.438812,12481.876948,246.864293,15179.794126,115.030269,-8247.161543,-113.345440,8.058271,False,False,True,False,False,True,False,1-circle,-1.000000,481.984342,93.692527,97.749699,2.250301,6.307473,31.133553,-65.385013,-0.137953,3,0,3,0.0000,0.0000,0.0000,0.5000,"LeadPursuit",0.218259
671,A0100,adaptive_eagle_v6h_e1c,UNKNOWN,4313.079707,72.507159,70.946275,12.795675,-72.938005,12472.830020,247.889565,15193.203610,67.047418,-8108.404308,-84.409376,9.200568,False,False,True,False,False,True,False,1-circle,-1.000000,517.580037,93.692527,97.749699,2.250301,6.307473,28.740236,-68.213633,0.404338,3,8,3,0.0000,0.0000,0.0000,0.5000,"SmartLowYoYo",-0.757684
671,B0100,defensive,UNKNOWN,4313.079707,72.507159,70.946275,12.795675,-72.938005,12472.830020,247.889565,15193.203610,67.047418,-8108.404308,-84.409376,9.200568,False,False,True,False,False,True,False,1-circle,-1.000000,517.580037,93.692527,97.749699,2.250301,6.307473,28.740236,-68.213633,0.404338,3,0,3,0.0000,0.0000,0.0000,0.5000,"LeadPursuit",0.254254
672,A0100,adaptive_eagle_v6h_e1c,UNKNOWN,4340.077019,68.808894,72.249274,10.179327,-69.196519,12464.354906,248.746903,15203.578107,51.872490,-7976.110907,-53.983313,13.780920,False,False,True,False,False,True,False,1-circle,-1.000000,545.702035,93.692527,97.749699,2.250301,6.307473,22.200595,-75.105310,0.739885,3,8,3,0.0000,0.0000,0.0000,0.5000,"SmartLowYoYo",-0.718021
672,B0100,defensive,UNKNOWN,4340.077019,68.808894,72.249274,10.179327,-69.196519,12464.354906,248.746903,15203.578107,51.872490,-7976.110907,-53.983313,13.780920,False,False,True,False,False,True,False,1-circle,-1.000000,545.702035,93.692527,97.749699,2.250301,6.307473,22.200595,-75.105310,0.739885,3,0,3,0.0000,0.0000,0.0000,0.5000,"LeadPursuit",0.262114
673,A0100,adaptive_eagle_v6h_e1c,UNKNOWN,4356.004323,65.257988,73.650526,10.921334,-65.628481,12456.026446,249.916533,15221.070350,87.461214,-7849.489898,-23.603975,18.088172,False,False,True,False,False,True,False,1-circle,-1.000000,567.173888,93.692527,97.749699,2.250301,6.307473,18.995959,-78.594344,0.812656,3,8,3,0.0000,0.0000,0.0000,0.5000,"SmartLowYoYo",-0.642113
673,B0100,defensive,UNKNOWN,4356.004323,65.257988,73.650526,10.921334,-65.628481,12456.026446,249.916533,15221.070350,87.461214,-7849.489898,-23.603975,18.088172,False,False,True,False,False,True,False,1-circle,-1.000000,567.173888,93.692527,97.749699,2.250301,6.307473,18.995959,-78.594344,0.812656,3,0,3,0.0000,0.0000,0.0000,0.5000,"LeadPursuit",0.254921
674,A0100,adaptive_eagle_v6h_e1c,UNKNOWN,4361.097955,62.078833,75.164809,13.926924,-62.435551,12447.497519,251.510018,15247.914071,134.218603,-7724.373583,5.931258,12.063834,False,False,True,False,False,True,False,1-circle,-1.000000,583.076114,93.692527,97.749699,2.250301,6.307473,24.556697,-73.267198,0.849297,3,8,3,0.0000,0.0000,0.0000,0.5000,"SmartLowYoYo",-0.623576
674,B0100,defensive,UNKNOWN,4361.097955,62.078833,75.164809,13.926924,-62.435551,12447.497519,251.510018,15247.914071,134.218603,-7724.373583,5.931258,12.063834,False,False,True,False,False,True,False,1-circle,-1.000000,583.076114,93.692527,97.749699,2.250301,6.307473,24.556697,-73.267198,0.849297,3,0,3,0.0000,0.0000,0.0000,0.5000,"LeadPursuit",0.265872
675,A0100,adaptive_eagle_v6h_e1c,UNKNOWN,4355.604449,59.071893,76.783605,17.924633,-59.398721,12438.850860,253.225611,15277.601954,148.439415,-7608.860104,35.423785,7.800507,False,False,True,False,False,True,False,1-circle,-1.000000,594.277300,93.692527,97.749699,2.250301,6.307473,32.812852,-65.206807,1.145092,3,8,3,0.0000,0.0000,0.0000,0.5000,"SmartLowYoYo",-0.725586
675,B0100,defensive,UNKNOWN,4355.604449,59.071893,76.783605,17.924633,-59.398721,12438.850860,253.225611,15277.601954,148.439415,-7608.860104,35.423785,7.800507,False,False,True,False,False,True,False,1-circle,-1.000000,594.277300,93.692527,97.749699,2.250301,6.307473,32.812852,-65.206807,1.145092,3,0,3,0.0000,0.0000,0.0000,0.5000,"LeadPursuit",0.326805
676,A0100,adaptive_eagle_v6h_e1c,DBFM,4339.375569,55.820953,78.475004,22.664469,-56.072613,12430.524028,254.523991,15298.460367,104.292066,-7518.193115,66.120545,6.411833,False,False,True,False,False,True,False,1-circle,-1.000000,601.460907,93.692527,97.749699,2.250301,6.307473,37.403298,-60.785141,1.774088,1,8,4,0.0000,0.0000,0.0000,0.5000,"SmartLowYoYo",-0.896039
676,B0100,defensive,DBFM,4339.375569,55.820953,78.475004,22.664469,-56.072613,12430.524028,254.523991,15298.460367,104.292066,-7518.193115,66.120545,6.411833,False,False,True,False,False,True,False,1-circle,-1.000000,601.460907,93.692527,97.749699,2.250301,6.307473,37.403298,-60.785141,1.774088,3,0,3,0.0000,0.0000,0.0000,0.5000,"LeadPursuit",0.428566
677,A0100,adaptive_eagle_v6h_e1c,DBFM,4311.951145,52.094608,80.184744,28.124303,-52.225927,12423.198929,255.223563,15306.922280,42.309565,-7456.089122,98.166901,7.363360,False,False,True,False,False,True,False,1-circle,-1.000000,605.196965,93.692527,97.749699,2.250301,6.307473,34.246189,-64.094127,2.475785,1,8,4,0.0000,0.0000,0.0000,0.5000,"SmartLowYoYo",-1.011914
677,B0100,defensive,DBFM,4311.951145,52.094608,80.184744,28.124303,-52.225927,12423.198929,255.223563,15306.922280,42.309565,-7456.089122,98.166901,7.363360,False,False,True,False,False,True,False,1-circle,-1.000000,605.196965,93.692527,97.749699,2.250301,6.307473,34.246189,-64.094127,2.475785,3,0,3,0.0000,0.0000,0.0000,0.5000,"LeadPursuit",0.522579
678,A0100,adaptive_eagle_v6h_e1c,DBFM,4273.256076,48.071523,81.843509,33.905977,-48.081359,12417.038625,255.739386,15312.430124,27.539220,-7406.599231,130.099630,10.711052,False,False,True,False,False,True,False,1-circle,-1.000000,606.666870,93.692527,97.749699,2.250301,6.307473,26.924892,-71.568458,2.954236,1,8,4,0.0000,0.0000,0.0000,0.5000,"SmartLowYoYo",-1.027029
678,B0100,defensive,DBFM,4273.256076,48.071523,81.843509,33.905977,-48.081359,12417.038625,255.739386,15312.430124,27.539220,-7406.599231,130.099630,10.711052,False,False,True,False,False,True,False,1-circle,-1.000000,606.666870,93.692527,97.749699,2.250301,6.307473,26.924892,-71.568458,2.954236,3,0,3,0.0000,0.0000,0.0000,0.5000,"LeadPursuit",0.576766
679,A0100,adaptive_eagle_v6h_e1c,OBFM,4223.900571,44.095016,83.376200,39.470936,-44.021434,12411.530185,256.557619,15325.478816,65.243459,-7350.681131,160.039447,13.636929,False,False,True,False,False,True,False,1-circle,-1.000000,607.777635,93.692527,97.749699,2.250301,6.307473,23.301373,-75.373958,3.165235,1,8,4,0.0000,0.0000,0.0000,0.5000,"SmartLowYoYo",-0.942725
679,B0100,defensive,OBFM,4223.900571,44.095016,83.376200,39.470936,-44.021434,12411.530185,256.557619,15325.478816,65.243459,-7350.681131,160.039447,13.636929,False,False,True,False,False,True,False,1-circle,-1.000000,607.777635,93.692527,97.749699,2.250301,6.307473,23.301373,-75.373958,3.165235,3,0,3,0.0000,0.0000,0.0000,0.5000,"LeadPursuit",0.568170
680,A0100,adaptive_eagle_v6h_e1c,OBFM,4165.462619,40.627725,84.446818,44.035503,-40.484166,12406.203603,258.017158,15353.401047,139.611153,-7305.638719,183.550237,9.730067,False,False,True,False,False,True,False,1-circle,-1.000000,610.160891,93.692527,97.749699,2.250301,6.307473,28.899022,-70.011101,3.351534,1,8,4,0.0000,0.0000,0.0000,0.5000,"SmartLowYoYo",-1.051806
680,B0100,defensive,OBFM,4165.462619,40.627725,84.446818,44.035503,-40.484166,12406.203603,258.017158,15353.401047,139.611153,-7305.638719,183.550237,9.730067,False,False,True,False,False,True,False,1-circle,-1.000000,610.160891,93.692527,97.749699,2.250301,6.307473,28.899022,-70.011101,3.351534,3,0,3,0.0000,0.0000,0.0000,0.5000,"LeadPursuit",0.685842
681,A0100,adaptive_eagle_v6h_e1c,OBFM,4099.656052,37.084490,85.474888,48.682358,-36.811314,12401.070842,259.306862,15377.805178,122.020658,-7261.559929,206.063656,7.606983,False,False,True,False,False,True,False,1-circle,-1.000000,613.902599,93.692527,97.749699,2.250301,6.307473,34.047172,-65.153991,3.693205,1,8,4,0.0000,0.0000,0.0000,0.5000,"SmartLowYoYo",-1.408121
681,B0100,defensive,OBFM,4099.656052,37.084490,85.474888,48.682358,-36.811314,12401.070842,259.306862,15377.805178,122.020658,-7261.559929,206.063656,7.606983,False,False,True,False,False,True,False,1-circle,-1.000000,613.902599,93.692527,97.749699,2.250301,6.307473,34.047172,-65.153991,3.693205,3,1,3,0.0000,0.0000,0.0000,0.5000,"LeadPursuit",1.008415
682,A0100,adaptive_eagle_v6h_e1c,OBFM,4026.021034,32.878468,86.559126,54.170128,-32.346130,12396.823335,259.744776,15383.620308,29.075651,-7228.977306,229.426535,8.325399,False,False,True,False,False,True,False,1-circle,-1.000000,618.240726,93.692527,97.749699,2.250301,6.307473,32.446265,-67.100283,4.123057,3,8,3,0.0000,0.0000,0.0000,0.5000,"SmartLowYoYo",-1.655688
682,B0100,defensive,OBFM,4026.021034,32.878468,86.559126,54.170128,-32.346130,12396.823335,259.744776,15383.620308,29.075651,-7228.977306,229.426535,8.325399,False,False,True,False,False,True,False,1-circle,-1.000000,618.240726,93.692527,97.749699,2.250301,6.307473,32.446265,-67.100283,4.123057,3,1,3,0.0000,0.0000,0.0000,0.5000,"LeadPursuit",1.328671
683,A0100,adaptive_eagle_v6h_e1c,OBFM,3944.557600,28.404391,87.594088,59.978262,-27.531498,12393.702001,259.991291,15386.170996,12.753437,-7195.418633,251.482684,11.677440,False,False,True,False,False,True,False,1-circle,-1.000000,622.538875,93.692527,97.749699,2.250301,6.307473,26.692662,-73.253947,4.423589,3,8,3,0.0000,0.0000,0.0000,0.5000,"SmartLowYoYo",-1.742556
683,B0100,defensive,OBFM,3944.557600,28.404391,87.594088,59.978262,-27.531498,12393.702001,259.991291,15386.170996,12.753437,-7195.418633,251.482684,11.677440,False,False,True,False,False,True,False,1-circle,-1.000000,622.538875,93.692527,97.749699,2.250301,6.307473,26.692662,-73.253947,4.423589,3,1,3,0.0000,0.0000,0.0000,0.5000,"LeadPursuit",1.588016
684,A0100,adaptive_eagle_v6h_e1c,OBFM,3855.562121,24.028724,88.852852,65.952016,-22.790915,12391.223940,260.591340,15397.521866,56.754350,-7114.193122,274.101879,14.216427,False,False,True,False,False,True,False,1-circle,-1.000000,626.823686,93.692527,97.749699,2.250301,6.307473,24.265435,-76.147008,4.555864,3,8,3,0.0000,0.0000,0.0000,0.5000,"SmartLowYoYo",-1.629169
684,B0100,defensive,OBFM,3855.562121,24.028724,88.852852,65.952016,-22.790915,12391.223940,260.591340,15397.521866,56.754350,-7114.193122,274.101879,14.216427,False,False,True,False,False,True,False,1-circle,-1.000000,626.823686,93.692527,97.749699,2.250301,6.307473,24.265435,-76.147008,4.555864,3,2,3,0.0000,0.0000,0.0000,0.5000,"LeadPursuit",1.656324
685,A0100,adaptive_eagle_v6h_e1c,OBFM,3759.218967,20.322777,90.025001,71.201461,-18.649903,12388.912158,261.989877,15427.564960,150.215472,-6995.962183,293.898848,9.820991,False,False,True,False,False,True,False,1-circle,-1.000000,632.057144,93.692527,97.749699,2.250301,6.307473,30.523768,-70.449098,4.739668,3,8,3,0.0000,0.0000,0.0000,0.5000,"SmartLowYoYo",-1.707763
685,B0100,defensive,OBFM,3759.218967,20.322777,90.025001,71.201461,-18.649903,12388.912158,261.989877,15427.564960,150.215472,-6995.962183,293.898848,9.820991,False,False,True,False,False,True,False,1-circle,-1.000000,632.057144,93.692527,97.749699,2.250301,6.307473,30.523768,-70.449098,4.739668,3,2,3,0.0000,0.0000,0.0000,0.5000,"LeadPursuit",1.883064
686,A0100,adaptive_eagle_v6h_e1c,OBFM,3657.428507,17.022298,90.597377,75.670479,-14.658227,12386.687015,263.616463,15463.188395,178.117172,-6908.822418,306.672857,6.656764,False,False,True,True,False,True,False,1-circle,-1.000000,639.065594,93.692527,97.749699,2.250301,6.307473,39.164892,-62.490797,5.273392,3,8,3,0.0000,0.0000,0.0000,0.5000,"SmartLowYoYo",-1.905115
686,B0100,defensive,OBFM,3657.428507,17.022298,90.597377,75.670479,-14.658227,12386.687015,263.616463,15463.188395,178.117172,-6908.822418,306.672857,6.656764,False,False,True,True,False,True,False,1-circle,-1.000000,639.065594,93.692527,97.749699,2.250301,6.307473,39.164892,-62.490797,5.273392,3,3,3,0.0000,0.0000,0.0000,0.5000,"LeadPursuit",2.271933
687,A0100,adaptive_eagle_v6h_e1c,OBFM,3552.243362,14.156069,90.927716,80.048822,-10.512796,12384.897115,265.099979,15496.122282,164.669437,-6835.099042,315.571548,4.949730,False,False,True,True,False,True,False,1-circle,-1.000000,647.218935,93.692527,97.749699,2.250301,6.307473,47.329393,-55.140796,6.261929,3,8,3,0.0000,0.0000,0.0000,0.5000,"SmartLowYoYo",-1.852498
687,B0100,defensive,OBFM,3552.243362,14.156069,90.927716,80.048822,-10.512796,12384.897115,265.099979,15496.122282,164.669437,-6835.099042,315.571548,4.949730,False,False,True,True,False,True,False,1-circle,-1.000000,647.218935,93.692527,97.749699,2.250301,6.307473,47.329393,-55.140796,6.261929,3,4,3,0.0000,0.0000,0.0000,0.5000,"LeadPursuit",2.394079
688,A0100,adaptive_eagle_v6h_e1c,OBFM,3444.422440,12.203283,91.162961,84.394949,-6.318858,12383.857511,266.586652,15530.075851,169.767843,-6753.263297,321.848209,3.969710,False,False,True,True,False,True,False,1-circle,-1.000000,655.714242,93.692527,97.749699,2.250301,6.307473,54.250279,-49.180096,7.671022,1,8,4,0.0000,0.0000,0.0000,0.5000,"SmartLowYoYo",-1.350522
688,B0100,defensive,OBFM,3444.422440,12.203283,91.162961,84.394949,-6.318858,12383.857511,266.586652,15530.075851,169.767843,-6753.263297,321.848209,3.969710,False,False,True,True,False,True,False,1-circle,-1.000000,655.714242,93.692527,97.749699,2.250301,6.307473,54.250279,-49.180096,7.671022,3,4,3,0.0000,0.0000,0.0000,0.5000,"LeadPursuit",1.857118
689,A0100,adaptive_eagle_v6h_e1c,OBFM,3334.822284,11.703816,91.218099,88.668473,-2.049571,12383.795744,268.047553,15564.591270,172.577099,-6669.806832,324.582381,3.322514,False,False,True,True,False,True,False,1-circle,-1.000000,663.627856,93.692527,97.749699,2.250301,6.307473,60.303667,-44.249834,9.357657,1,7,4,0.0000,0.0000,0.0000,0.5000,"SmartHighYoYo",-0.158885
689,B0100,defensive,OBFM,3334.822284,11.703816,91.218099,88.668473,-2.049571,12383.795744,268.047553,15564.591270,172.577099,-6669.806832,324.582381,3.322514,False,False,True,True,False,True,False,1-circle,-1.000000,663.627856,93.692527,97.749699,2.250301,6.307473,60.303667,-44.249834,9.357657,3,4,3,0.0000,0.0000,0.0000,0.5000,"LeadPursuit",0.243368
690,A0100,adaptive_eagle_v6h_e1c,OBFM,3224.585100,12.930738,91.010391,92.867827,2.354515,12384.961336,269.428189,15598.607983,170.083565,-6590.898433,322.811017,2.834056,False,False,True,True,False,True,False,2-circle,1.000000,669.878396,93.692527,97.749699,2.250301,6.307473,65.994007,-39.866605,11.134757,1,7,4,0.0000,0.0000,0.0000,0.5000,"SmartHighYoYo",1.345136
690,B0100,defensive,OBFM,3224.585100,12.930738,91.010391,92.867827,2.354515,12384.961336,269.428189,15598.607983,170.083565,-6590.898433,322.811017,2.834056,False,False,True,True,False,True,False,2-circle,1.000000,669.878396,93.692527,97.749699,2.250301,6.307473,65.994007,-39.866605,11.134757,3,5,2,0.0000,0.0000,0.0000,0.5000,"LeadPursuit",-1.864395
691,A0100,adaptive_eagle_v6h_e1c,OBFM,3115.129513,15.266306,90.463571,96.769882,6.712991,12387.393051,270.723805,15632.021335,167.066757,-6519.828736,316.146847,2.359363,False,False,True,True,False,True,False,2-circle,1.000000,673.503967,93.692527,97.749699,2.250301,6.307473,72.448067,-34.936375,12.971115,4,7,3,0.0000,0.0000,0.0000,0.5000,"SmartHighYoYo",1.951172
691,B0100,defensive,OBFM,3115.129513,15.266306,90.463571,96.769882,6.712991,12387.393051,270.723805,15632.021335,167.066757,-6519.828736,316.146847,2.359363,False,False,True,True,False,True,False,2-circle,1.000000,673.503967,93.692527,97.749699,2.250301,6.307473,72.448067,-34.936375,12.971115,3,4,2,0.0000,0.0000,0.0000,0.5000,"LeadPursuit",-2.558581
692,A0100,adaptive_eagle_v6h_e1c,OBFM,3007.955619,18.763780,89.901345,101.018408,11.341803,12391.039835,270.237401,15624.019472,-40.009316,-6479.856050,304.780783,1.945071,False,False,True,True,False,True,False,2-circle,1.000000,673.567947,93.692527,97.749699,2.250301,6.307473,79.277749,-29.895022,14.789557,1,8,4,0.0000,0.0000,0.0000,0.5000,"SmartHighYoYo",2.172848
692,B0100,defensive,OBFM,3007.955619,18.763780,89.901345,101.018408,11.341803,12391.039835,270.237401,15624.019472,-40.009316,-6479.856050,304.780783,1.945071,False,False,True,True,False,True,False,2-circle,1.000000,673.567947,93.692527,97.749699,2.250301,6.307473,79.277749,-29.895022,14.789557,3,5,2,0.0000,0.0000,0.0000,0.5000,"LeadPursuit",-2.611760
693,A0100,adaptive_eagle_v6h_e1c,OBFM,2903.858521,22.705330,89.221700,105.262220,16.092057,12396.357643,270.835104,15643.654315,98.174214,-6397.369768,291.492034,1.624213,False,False,True,True,False,True,False,2-circle,1.000000,669.308343,93.692527,97.749699,2.250301,6.307473,85.614670,-25.694534,16.543117,1,8,4,0.0000,0.0000,0.0000,0.5000,"SmartHighYoYo",2.093248
693,B0100,defensive,OBFM,2903.858521,22.705330,89.221700,105.262220,16.092057,12396.357643,270.835104,15643.654315,98.174214,-6397.369768,291.492034,1.624213,False,False,True,True,False,True,False,2-circle,1.000000,669.308343,93.692527,97.749699,2.250301,6.307473,85.614670,-25.694534,16.543117,3,6,2,0.0000,0.0000,0.0000,0.5000,"LeadPursuit",-2.267580
694,A0100,adaptive_eagle_v6h_e1c,OBFM,2804.150840,26.958901,88.264030,109.282627,20.985291,12403.052410,271.957860,15677.328446,168.370655,-6309.713057,274.051894,1.276768,False,False,True,True,False,True,False,2-circle,1.000000,661.827649,93.692527,97.749699,2.250301,6.307473,93.186103,-20.796561,17.696474,1,8,4,0.0000,0.0000,0.0000,0.5000,"SmartHighYoYo",1.943649
694,B0100,defensive,OBFM,2804.150840,26.958901,88.264030,109.282627,20.985291,12403.052410,271.957860,15677.328446,168.370655,-6309.713057,274.051894,1.276768,False,False,True,True,False,True,False,2-circle,1.000000,661.827649,93.692527,97.749699,2.250301,6.307473,93.186103,-20.796561,17.696474,3,6,2,0.0000,0.0000,0.0000,0.5000,"LeadPursuit",-1.879426
695,A0100,adaptive_eagle_v6h_e1c,OBFM,2710.634709,31.293016,87.003997,112.979299,25.973258,12410.824148,273.686252,15726.850869,247.612116,-6210.268941,252.638355,0.922270,False,False,True,True,False,True,False,2-circle,1.000000,652.495997,93.692527,97.749699,2.250301,6.307473,102.068560,-15.433834,16.383834,1,8,4,0.0000,0.0000,0.0000,0.5000,"SmartHighYoYo",1.789602
695,B0100,defensive,OBFM,2710.634709,31.293016,87.003997,112.979299,25.973258,12410.824148,273.686252,15726.850869,247.612116,-6210.268941,252.638355,0.922270,False,False,True,True,False,True,False,2-circle,1.000000,652.495997,93.692527,97.749699,2.250301,6.307473,102.068560,-15.433834,16.383834,3,7,2,0.0000,0.0000,0.0000,0.5000,"LeadPursuit",-1.547673
696,A0100,adaptive_eagle_v6h_e1c,OBFM,2625.435277,35.632256,85.065479,116.037805,31.070200,12418.940329,276.259582,15797.617984,353.835574,-6118.575535,224.214401,0.534312,False,False,True,True,False,True,False,2-circle,1.000000,643.020970,93.692527,97.749699,2.250301,6.307473,113.227200,-9.170483,13.645208,1,8,4,0.0000,0.0000,0.0000,0.5000,"SmartHighYoYo",1.684592
696,B0100,defensive,OBFM,2625.435277,35.632256,85.065479,116.037805,31.070200,12418.940329,276.259582,15797.617984,353.835574,-6118.575535,224.214401,0.534312,False,False,True,True,False,True,False,2-circle,1.000000,643.020970,93.692527,97.749699,2.250301,6.307473,113.227200,-9.170483,13.645208,3,7,2,0.0000,0.0000,0.0000,0.5000,"LeadPursuit",-1.286147
697,A0100,adaptive_eagle_v6h_e1c,OBFM,2551.286522,40.137207,82.720116,118.938726,36.381172,12426.513313,279.295814,15879.865810,411.239131,-6018.603066,190.216036,0.052314,False,False,True,True,False,True,False,2-circle,1.000000,634.229028,93.692527,97.749699,2.250301,6.307473,128.621284,-0.915373,11.025670,1,8,4,0.0000,0.0000,0.0000,0.5000,"SmartHighYoYo",1.588052
697,B0100,defensive,OBFM,2551.286522,40.137207,82.720116,118.938726,36.381172,12426.513313,279.295814,15879.865810,411.239131,-6018.603066,190.216036,0.052314,False,False,True,True,False,True,False,2-circle,1.000000,634.229028,93.692527,97.749699,2.250301,6.307473,128.621284,-0.915373,11.025670,3,7,2,0.0000,0.0000,0.0000,0.5000,"LeadPursuit",-1.057599
698,A0100,adaptive_eagle_v6h_e1c,DBFM,2489.684041,45.118559,80.488238,122.256813,41.983617,12433.285987,282.171966,15958.129061,391.316255,-5881.775260,153.428314,0.550929,False,False,True,True,False,True,False,2-circle,1.000000,626.010987,93.692527,97.749699,2.250301,6.307473,150.001108,9.646544,11.975898,1,8,4,0.0000,0.0000,0.0000,0.5000,"SmartHighYoYo",1.452016
698,B0100,defensive,DBFM,2489.684041,45.118559,80.488238,122.256813,41.983617,12433.285987,282.171966,15958.129061,391.316255,-5881.775260,153.428314,0.550929,False,False,True,True,False,True,False,2-circle,1.000000,626.010987,93.692527,97.749699,2.250301,6.307473,150.001108,9.646544,11.975898,3,8,2,0.0000,0.0000,0.0000,0.5000,"LeadPursuit",-0.860131
699,A0100,adaptive_eagle_v6h_e1c,DBFM,2441.915582,50.511592,77.789102,125.238578,47.771401,12439.893355,284.998871,16035.716615,387.937769,-5762.426642,108.567868,1.235214,False,False,True,True,False,True,False,2-circle,1.000000,618.010946,93.692527,97.749699,2.250301,6.307473,177.857946,21.049427,14.846461,1,8,4,0.0000,0.0000,0.0000,0.5000,"SmartHighYoYo",1.326869
699,B0100,defensive,DBFM,2441.915582,50.511592,77.789102,125.238578,47.771401,12439.893355,284.998871,16035.716615,387.937769,-5762.426642,108.567868,1.235214,False,False,True,True,False,True,False,2-circle,1.000000,618.010946,93.692527,97.749699,2.250301,6.307473,177.857946,21.049427,14.846461,3,8,2,0.0000,0.0000,0.0000,0.5000,"LeadPursuit",-0.700293
700,A0100,adaptive_eagle_v6h_e1c,HABFM,2411.064033,56.069890,74.651041,127.841799,53.586887,12447.052425,287.412637,16104.042472,341.629285,-5676.274962,56.638147,1.915731,False,False,True,False,False,True,False,2-circle,1.000000,609.277140,93.692527,97.749699,2.250301,6.307473,-149.658943,31.042889,17.018144,4,8,3,0.0000,0.0000,0.0000,0.5000,"SmartHighYoYo",1.245819
700,B0100,defensive,HABFM,2411.064033,56.069890,74.651041,127.841799,53.586887,12447.052425,287.412637,16104.042472,341.629285,-5676.274962,56.638147,1.915731,False,False,True,False,False,True,False,2-circle,1.000000,609.277140,93.692527,97.749699,2.250301,6.307473,-149.658943,31.042889,17.018144,3,8,2,0.0000,0.0000,0.0000,0.5000,"LeadPursuit",-0.579066
701,A0100,adaptive_eagle_v6h_e1c,HABFM,2398.286397,61.602024,71.724368,130.641679,59.338899,12455.119267,287.831725,16122.781899,93.697137,-5624.556817,3.952906,2.524002,False,False,True,False,False,True,False,2-circle,1.000000,598.926755,93.692527,97.749699,2.250301,6.307473,-118.711566,38.456852,18.397632,1,8,4,0.0000,0.0000,0.0000,0.5000,"SmartHighYoYo",1.162416
701,B0100,defensive,HABFM,2398.286397,61.602024,71.724368,130.641679,59.338899,12455.119267,287.831725,16122.781899,93.697137,-5624.556817,3.952906,2.524002,False,False,True,False,False,True,False,2-circle,1.000000,598.926755,93.692527,97.749699,2.250301,6.307473,-118.711566,38.456852,18.397632,3,8,2,0.0000,0.0000,0.0000,0.5000,"LeadPursuit",-0.482456
702,A0100,adaptive_eagle_v6h_e1c,HABFM,2403.391146,67.041886,68.879757,133.317293,64.966461,12464.167853,287.666653,16127.624857,24.214793,-5582.370476,-48.804125,2.979402,False,False,True,False,False,True,False,2-circle,1.000000,587.148519,93.692527,97.749699,2.250301,6.307473,-95.724131,43.140304,19.147000,1,8,4,0.0000,0.0000,0.0000,0.5000,"SmartHighYoYo",1.071619
702,B0100,defensive,HABFM,2403.391146,67.041886,68.879757,133.317293,64.966461,12464.167853,287.666653,16127.624857,24.214793,-5582.370476,-48.804125,2.979402,False,False,True,False,False,True,False,2-circle,1.000000,587.148519,93.692527,97.749699,2.250301,6.307473,-95.724131,43.140304,19.147000,3,8,2,0.0000,0.0000,0.0000,0.5000,"LeadPursuit",-0.404069
703,A0100,adaptive_eagle_v6h_e1c,HABFM,2427.172657,72.318611,65.632395,135.335483,70.405271,12474.290795,287.275069,16127.780888,0.780152,-5588.774042,-104.930404,3.277870,False,False,True,False,False,True,False,2-circle,1.000000,574.658195,93.692527,97.749699,2.250301,6.307473,-80.762136,45.840087,19.430634,1,8,4,0.0000,0.0000,0.0000,0.5000,"SmartHighYoYo",1.001655
703,B0100,defensive,HABFM,2427.172657,72.318611,65.632395,135.335483,70.405271,12474.290795,287.275069,16127.780888,0.780152,-5588.774042,-104.930404,3.277870,False,False,True,False,False,True,False,2-circle,1.000000,574.658195,93.692527,97.749699,2.250301,6.307473,-80.762136,45.840087,19.430634,3,8,2,0.0000,0.0000,0.0000,0.5000,"LeadPursuit",-0.340081
704,A0100,adaptive_eagle_v6h_e1c,HABFM,2470.370346,77.367705,62.344425,137.130769,75.601824,12485.509170,286.654113,16123.222022,-22.794328,-5616.859538,-160.334136,3.553918,False,False,True,False,False,True,False,2-circle,1.000000,561.297073,93.692527,97.749699,2.250301,6.307473,-70.397061,48.094755,19.545721,1,8,4,0.0000,0.0000,0.0000,0.5000,"SmartHighYoYo",0.883544
704,B0100,defensive,HABFM,2470.370346,77.367705,62.344425,137.130769,75.601824,12485.509170,286.654113,16123.222022,-22.794328,-5616.859538,-160.334136,3.553918,False,False,True,False,False,True,False,2-circle,1.000000,561.297073,93.692527,97.749699,2.250301,6.307473,-70.397061,48.094755,19.545721,3,8,2,0.0000,0.0000,0.0000,0.5000,"LeadPursuit",-0.269611
705,A0100,adaptive_eagle_v6h_e1c,HABFM,2531.344703,81.947833,59.632922,138.979735,80.250914,12497.961660,285.429101,16104.649521,-92.862506,-5628.135768,-207.914972,3.778369,False,False,True,False,False,True,False,2-circle,1.000000,546.499260,93.692527,97.749699,2.250301,6.307473,-63.189927,49.719221,19.741582,1,8,4,0.0000,0.0000,0.0000,0.5000,"SmartHighYoYo",0.823637
705,B0100,defensive,HABFM,2531.344703,81.947833,59.632922,138.979735,80.250914,12497.961660,285.429101,16104.649521,-92.862506,-5628.135768,-207.914972,3.778369,False,False,True,False,False,True,False,2-circle,1.000000,546.499260,93.692527,97.749699,2.250301,6.307473,-63.189927,49.719221,19.741582,3,8,2,0.0000,0.0000,0.0000,0.5000,"LeadPursuit",-0.229257
706,A0100,adaptive_eagle_v6h_e1c,HABFM,2607.292558,86.233417,57.283594,140.767668,84.597003,12512.036759,284.116857,16085.637771,-95.058750,-5630.199021,-250.352420,3.818386,False,False,True,False,False,True,False,2-circle,1.000000,530.260972,93.692527,97.749699,2.250301,6.307473,-58.996449,49.895566,20.001336,1,8,4,0.0000,0.0000,0.0000,0.5000,"SmartHighYoYo",0.762568
706,B0100,defensive,HABFM,2607.292558,86.233417,57.283594,140.767668,84.597003,12512.036759,284.116857,16085.637771,-95.058750,-5630.199021,-250.352420,3.818386,False,False,True,False,False,True,False,2-circle,1.000000,530.260972,93.692527,97.749699,2.250301,6.307473,-58.996449,49.895566,20.001336,3,8,2,0.0000,0.0000,0.0000,0.5000,"LeadPursuit",-0.197455
707,A0100,adaptive_eagle_v6h_e1c,HABFM,2697.530682,90.233770,54.751094,142.010828,88.663092,12527.628652,282.805184,16068.309578,-86.640965,-5671.691090,-292.287063,3.880924,False,False,False,False,False,True,False,2-circle,1.000000,513.481272,93.692527,97.749699,2.250301,6.307473,-55.667042,50.232743,20.349269,1,8,4,0.0000,0.0000,0.0000,0.5000,"SmartHighYoYo",0.542108
707,B0100,defensive,HABFM,2697.530682,90.233770,54.751094,142.010828,88.663092,12527.628652,282.805184,16068.309578,-86.640965,-5671.691090,-292.287063,3.880924,False,False,False,False,False,True,False,2-circle,1.000000,513.481272,93.692527,97.749699,2.250301,6.307473,-55.667042,50.232743,20.349269,3,8,2,0.0000,0.0000,0.0000,0.5000,"LeadPursuit",-0.167616
708,A0100,adaptive_eagle_v6h_e1c,HABFM,2801.565362,93.886980,52.382678,143.113708,92.384259,12544.709225,281.444453,16051.399790,-84.548942,-5727.042609,-330.395325,4.019848,False,False,False,False,False,True,False,2-circle,1.000000,496.000855,93.692527,97.749699,2.250301,6.307473,-52.490659,51.095394,20.760443,1,8,4,0.0000,0.0000,0.0000,0.5000,"SmartHighYoYo",-0.047364
708,B0100,defensive,HABFM,2801.565362,93.886980,52.382678,143.113708,92.384259,12544.709225,281.444453,16051.399790,-84.548942,-5727.042609,-330.395325,4.019848,False,False,False,False,False,True,False,2-circle,1.000000,496.000855,93.692527,97.749699,2.250301,6.307473,-52.490659,51.095394,20.760443,3,8,2,0.0000,0.0000,0.0000,0.5000,"LeadPursuit",-0.142722
709,A0100,adaptive_eagle_v6h_e1c,HABFM,2917.518420,97.190248,50.355434,144.300653,95.766034,12563.244159,280.058499,16035.482852,-79.584687,-5778.048332,-363.260666,4.221456,False,False,False,False,False,True,False,2-circle,1.000000,477.360040,93.692527,97.749699,2.250301,6.307473,-49.401609,52.332122,21.198101,4,8,3,0.0000,0.0000,0.0000,0.5000,"SmartHighYoYo",-0.029908
709,B0100,defensive,HABFM,2917.518420,97.190248,50.355434,144.300653,95.766034,12563.244159,280.058499,16035.482852,-79.584687,-5778.048332,-363.260666,4.221456,False,False,False,False,False,True,False,2-circle,1.000000,477.360040,93.692527,97.749699,2.250301,6.307473,-49.401609,52.332122,21.198101,3,8,2,0.0000,0.0000,0.0000,0.5000,"LeadPursuit",-0.122406
710,A0100,adaptive_eagle_v6h_e1c,HABFM,3043.287803,100.161546,48.998386,145.872653,98.832909,12583.157532,278.651097,16020.585233,-74.488094,-5794.705284,-388.531818,4.466732,False,False,False,False,False,True,False,2-circle,1.000000,457.039542,93.692527,97.749699,2.250301,6.307473,-46.443499,53.759113,21.632383,1,8,4,0.0000,0.0000,0.0000,0.5000,"SmartHighYoYo",-0.022762
710,B0100,defensive,HABFM,3043.287803,100.161546,48.998386,145.872653,98.832909,12583.157532,278.651097,16020.585233,-74.488094,-5794.705284,-388.531818,4.466732,False,False,False,False,False,True,False,2-circle,1.000000,457.039542,93.692527,97.749699,2.250301,6.307473,-46.443499,53.759113,21.632383,3,8,2,0.0000,0.0000,0.0000,0.5000,"LeadPursuit",-0.105752
711,A0100,adaptive_eagle_v6h_e1c,HABFM,3176.433935,102.831473,48.035378,147.391076,101.616000,12604.348175,277.231675,16006.845214,-68.700099,-5800.630407,-408.818330,4.743806,False,False,False,False,False,True,False,2-circle,1.000000,435.407227,93.692527,97.749699,2.250301,6.307473,-43.655491,55.262185,22.043146,1,8,4,0.0000,0.0000,0.0000,0.5000,"SmartHighYoYo",-0.027749
711,B0100,defensive,HABFM,3176.433935,102.831473,48.035378,147.391076,101.616000,12604.348175,277.231675,16006.845214,-68.700099,-5800.630407,-408.818330,4.743806,False,False,False,False,False,True,False,2-circle,1.000000,435.407227,93.692527,97.749699,2.250301,6.307473,-43.655491,55.262185,22.043146,3,8,2,0.0000,0.0000,0.0000,0.5000,"LeadPursuit",-0.091368
712,A0100,adaptive_eagle_v6h_e1c,HABFM,3316.306106,105.216447,46.867630,148.349618,104.129056,12626.707118,275.804438,15994.261044,-62.920847,-5847.364853,-429.014694,5.047352,False,False,False,False,False,True,False,2-circle,1.000000,413.318385,93.692527,97.749699,2.250301,6.307473,-41.049860,56.783718,22.418657,1,8,4,0.0000,0.0000,0.0000,0.5000,"SmartHighYoYo",-0.023744
712,B0100,defensive,HABFM,3316.306106,105.216447,46.867630,148.349618,104.129056,12626.707118,275.804438,15994.261044,-62.920847,-5847.364853,-429.014694,5.047352,False,False,False,False,False,True,False,2-circle,1.000000,413.318385,93.692527,97.749699,2.250301,6.307473,-41.049860,56.783718,22.418657,3,8,3,0.0000,0.0000,0.0000,0.5000,"LeadPursuit",-0.076623
713,A0100,adaptive_eagle_v6h_e1c,HABFM,3462.829302,107.275764,45.799436,149.144404,106.326225,12650.245093,275.965437,16021.731747,137.353513,-5854.358757,-447.151040,5.344896,False,False,False,False,False,True,False,2-circle,1.000000,390.560403,93.692527,97.749699,2.250301,6.307473,-38.605588,58.293504,22.734362,1,8,4,0.0000,0.0000,0.0000,0.5000,"SmartHighYoYo",-0.016353
713,B0100,defensive,HABFM,3462.829302,107.275764,45.799436,149.144404,106.326225,12650.245093,275.965437,16021.731747,137.353513,-5854.358757,-447.151040,5.344896,False,False,False,False,False,True,False,2-circle,1.000000,390.560403,93.692527,97.749699,2.250301,6.307473,-38.605588,58.293504,22.734362,3,8,3,0.0000,0.0000,0.0000,0.5000,"LeadPursuit",-0.066337
714,A0100,adaptive_eagle_v6h_e1c,HABFM,3614.877327,109.083728,44.991364,150.068517,108.288817,12675.013341,276.253679,16053.546613,159.074332,-5853.785929,-462.064603,5.670142,False,False,False,False,False,True,False,2-circle,1.000000,366.538901,93.692527,97.749699,2.250301,6.307473,-36.251675,59.820843,22.997777,1,8,4,0.0000,0.0000,0.0000,0.5000,"SmartHighYoYo",-0.003026
714,B0100,defensive,HABFM,3614.877327,109.083728,44.991364,150.068517,108.288817,12675.013341,276.253679,16053.546613,159.074332,-5853.785929,-462.064603,5.670142,False,False,False,False,False,True,False,2-circle,1.000000,366.538901,93.692527,97.749699,2.250301,6.307473,-36.251675,59.820843,22.997777,3,8,3,0.0000,0.0000,0.0000,0.5000,"LeadPursuit",-0.057723
715,A0100,adaptive_eagle_v6h_e1c,HABFM,3771.112754,110.663697,44.774494,151.390060,110.039966,12700.933014,276.588167,16087.652695,170.530410,-5817.702779,-471.424143,6.036009,False,False,False,False,False,True,False,2-circle,1.000000,340.689898,93.692527,97.749699,2.250301,6.307473,-33.932713,61.390877,23.227214,1,8,4,0.0000,0.0000,0.0000,0.5000,"SmartLowYoYo",0.002030
715,B0100,defensive,HABFM,3771.112754,110.663697,44.774494,151.390060,110.039966,12700.933014,276.588167,16087.652695,170.530410,-5817.702779,-471.424143,6.036009,False,False,False,False,False,True,False,2-circle,1.000000,340.689898,93.692527,97.749699,2.250301,6.307473,-33.932713,61.390877,23.227214,3,8,3,0.0000,0.0000,0.0000,0.5000,"LeadPursuit",-0.050586
716,A0100,adaptive_eagle_v6h_e1c,HABFM,3929.760456,112.046790,44.864248,152.638407,111.607614,12727.922224,276.907101,16122.456856,174.020806,-5771.250831,-477.574062,6.450347,False,False,False,False,False,True,False,2-circle,1.000000,313.280568,93.692527,97.749699,2.250301,6.307473,-31.645493,62.996076,23.420200,1,8,4,0.0000,0.0000,0.0000,0.5000,"SmartLowYoYo",-0.005148
716,B0100,defensive,HABFM,3929.760456,112.046790,44.864248,152.638407,111.607614,12727.922224,276.907101,16122.456856,174.020806,-5771.250831,-477.574062,6.450347,False,False,False,False,False,True,False,2-circle,1.000000,313.280568,93.692527,97.749699,2.250301,6.307473,-31.645493,62.996076,23.420200,2,8,3,0.0000,0.0000,0.0000,0.5000,"LeadPursuit",-0.044151
717,A0100,adaptive_eagle_v6h_e1c,HABFM,4090.701013,113.248539,44.647956,153.346558,113.001808,12755.894584,277.205343,16157.745310,176.442267,-5766.478725,-485.221132,6.919687,False,False,False,False,False,True,False,2-circle,1.000000,285.150585,93.692527,97.749699,2.250301,6.307473,-29.401895,64.622613,23.571649,1,8,4,0.0000,0.0000,0.0000,0.5000,"SmartLowYoYo",-0.004282
717,B0100,defensive,HABFM,4090.701013,113.248539,44.647956,153.346558,113.001808,12755.894584,277.205343,16157.745310,176.442267,-5766.478725,-485.221132,6.919687,False,False,False,False,False,True,False,2-circle,1.000000,285.150585,93.692527,97.749699,2.250301,6.307473,-29.401895,64.622613,23.571649,2,8,3,0.0000,0.0000,0.0000,0.5000,"LeadPursuit",-0.038311
718,A0100,adaptive_eagle_v6h_e1c,HABFM,4254.381976,114.277049,44.438523,154.001092,114.227889,12784.763165,277.483482,16193.443924,178.493073,-5778.229629,-492.100920,7.452573,False,False,False,False,False,True,False,2-circle,1.000000,256.232562,93.692527,97.749699,2.250301,6.307473,-27.199427,66.259387,23.677241,1,8,4,0.0000,0.0000,0.0000,0.5000,"SmartLowYoYo",0.008100
718,B0100,defensive,HABFM,4254.381976,114.277049,44.438523,154.001092,114.227889,12784.763165,277.483482,16193.443924,178.493073,-5778.229629,-492.100920,7.452573,False,False,False,False,False,True,False,2-circle,1.000000,256.232562,93.692527,97.749699,2.250301,6.307473,-27.199427,66.259387,23.677241,2,8,3,0.0000,0.0000,0.0000,0.5000,"LeadPursuit",-0.033374
719,A0100,adaptive_eagle_v6h_e1c,HABFM,4419.810715,115.152184,44.801694,155.032718,115.304049,12814.440308,277.742743,16229.493713,180.248944,-5753.783287,-494.036349,8.061021,False,False,False,False,False,True,False,2-circle,1.000000,226.163840,93.692527,97.749699,2.250301,6.307473,-25.031564,67.899447,23.734160,1,8,4,0.0000,0.0000,0.0000,0.5000,"SmartLowYoYo",0.012246
719,B0100,defensive,HABFM,4419.810715,115.152184,44.801694,155.032718,115.304049,12814.440308,277.742743,16229.493713,180.248944,-5753.783287,-494.036349,8.061021,False,False,False,False,False,True,False,2-circle,1.000000,226.163840,93.692527,97.749699,2.250301,6.307473,-25.031564,67.899447,23.734160,2,8,3,0.0000,0.0000,0.0000,0.5000,"LeadPursuit",-0.029252
720,A0100,adaptive_eagle_v6h_e1c,HABFM,4585.445873,115.899781,45.394275,155.923793,116.252021,12844.837505,277.984880,16265.848017,181.771519,-5716.970110,-493.641552,8.761543,False,False,False,False,False,True,False,2-circle,1.000000,195.360208,93.692527,97.749699,2.250301,6.307473,-22.901214,69.538593,23.740692,3,8,3,0.0000,0.0000,0.0000,0.5000,"SmartLowYoYo",0.010469
720,B0100,defensive,HABFM,4585.445873,115.899781,45.394275,155.923793,116.252021,12844.837505,277.984880,16265.848017,181.771519,-5716.970110,-493.641552,8.761543,False,False,False,False,False,True,False,2-circle,1.000000,195.360208,93.692527,97.749699,2.250301,6.307473,-22.901214,69.538593,23.740692,2,8,3,0.0000,0.0000,0.0000,0.5000,"LeadPursuit",-0.025469
721,A0100,adaptive_eagle_v6h_e1c,HABFM,4751.123652,116.535193,45.929108,156.365266,117.080816,12875.865271,278.212085,16302.470249,183.111164,-5687.162547,-493.086807,9.576577,False,False,False,False,False,True,False,2-circle,1.000000,164.865573,93.692527,97.749699,2.250301,6.307473,-20.816957,71.174013,23.695813,3,8,3,0.0000,0.0000,0.0000,0.5000,"SmartLowYoYo",0.002385
721,B0100,defensive,HABFM,4751.123652,116.535193,45.929108,156.365266,117.080816,12875.865271,278.212085,16302.470249,183.111164,-5687.162547,-493.086807,9.576577,False,False,False,False,False,True,False,2-circle,1.000000,164.865573,93.692527,97.749699,2.250301,6.307473,-20.816957,71.174013,23.695813,2,8,3,0.0000,0.0000,0.0000,0.5000,"LeadPursuit",-0.021897
722,A0100,adaptive_eagle_v6h_e1c,HABFM,4917.134733,117.069258,46.076085,156.332724,117.795343,12907.433055,278.426887,16339.331304,184.305273,-5692.684764,-494.959538,10.536865,False,False,False,False,False,True,False,2-circle,1.000000,135.624218,93.692527,97.749699,2.250301,6.307473,-18.785143,72.803485,23.598912,3,8,3,0.0000,0.0000,0.0000,0.5000,"SmartLowYoYo",0.003707
722,B0100,defensive,HABFM,4917.134733,117.069258,46.076085,156.332724,117.795343,12907.433055,278.426887,16339.331304,184.305273,-5692.684764,-494.959538,10.536865,False,False,False,False,False,True,False,2-circle,1.000000,135.624218,93.692527,97.749699,2.250301,6.307473,-18.785143,72.803485,23.598912,2,8,3,0.0000,0.0000,0.0000,0.5000,"LeadPursuit",-0.018601
723,A0100,adaptive_eagle_v6h_e1c,HABFM,5084.051962,117.507677,46.255849,156.323437,118.399430,12939.449200,278.632052,16376.407047,185.378714,-5705.878904,-496.255172,11.685385,False,False,False,False,False,True,False,2-circle,1.000000,107.497031,93.692527,97.749699,2.250301,6.307473,-16.799620,74.425013,23.449641,3,8,3,0.0000,0.0000,0.0000,0.5000,"SmartLowYoYo",0.008617
723,B0100,defensive,HABFM,5084.051962,117.507677,46.255849,156.323437,118.399430,12939.449200,278.632052,16376.407047,185.378714,-5705.878904,-496.255172,11.685385,False,False,False,False,False,True,False,2-circle,1.000000,107.497031,93.692527,97.749699,2.250301,6.307473,-16.799620,74.425013,23.449641,2,8,3,0.0000,0.0000,0.0000,0.5000,"LeadPursuit",-0.015782
724,A0100,adaptive_eagle_v6h_e1c,HABFM,5251.246995,117.863631,46.638938,156.507876,118.905454,12971.820951,278.830501,16413.676305,186.346291,-5710.591710,-495.720605,13.083966,False,False,False,False,False,True,False,2-circle,1.000000,80.230408,93.692527,97.749699,2.250301,6.307473,-14.854596,76.036683,23.247830,3,8,3,0.0000,0.0000,0.0000,0.5000,"SmartLowYoYo",0.019997
724,B0100,defensive,HABFM,5251.246995,117.863631,46.638938,156.507876,118.905454,12971.820951,278.830501,16413.676305,186.346291,-5710.591710,-495.720605,13.083966,False,False,False,False,False,True,False,2-circle,1.000000,80.230408,93.692527,97.749699,2.250301,6.307473,-14.854596,76.036683,23.247830,2,8,3,0.0000,0.0000,0.0000,0.5000,"LeadPursuit",-0.013437
725,A0100,adaptive_eagle_v6h_e1c,HABFM,5417.852312,118.150474,47.527341,156.950794,119.326699,13004.454504,279.025249,16451.119442,187.215682,-5677.545456,-491.040167,14.824860,False,False,False,False,False,True,False,2-circle,1.000000,53.497936,93.692527,97.749699,2.250301,6.307473,-12.944424,77.636631,22.993446,3,8,3,0.0000,0.0000,0.0000,0.5000,"SmartLowYoYo",0.022953
725,B0100,defensive,HABFM,5417.852312,118.150474,47.527341,156.950794,119.326699,13004.454504,279.025249,16451.119442,187.215682,-5677.545456,-491.040167,14.824860,False,False,False,False,False,True,False,2-circle,1.000000,53.497936,93.692527,97.749699,2.250301,6.307473,-12.944424,77.636631,22.993446,2,8,3,0.0000,0.0000,0.0000,0.5000,"LeadPursuit",-0.011465
726,A0100,adaptive_eagle_v6h_e1c,HABFM,5582.584649,118.384689,48.534791,157.144226,119.677027,13037.255072,279.219369,16488.717429,187.989939,-5629.858349,-485.061140,17.052063,False,False,False,False,False,True,False,2-circle,1.000000,27.863814,93.692527,97.749699,2.250301,6.307473,-11.073645,79.223048,22.686575,1,8,4,0.0000,0.0000,0.0000,0.5000,"SmartLowYoYo",0.013125
726,B0100,defensive,HABFM,5582.584649,118.384689,48.534791,157.144226,119.677027,13037.255072,279.219369,16488.717429,187.989939,-5629.858349,-485.061140,17.052063,False,False,False,False,False,True,False,2-circle,1.000000,27.863814,93.692527,97.749699,2.250301,6.307473,-11.073645,79.223048,22.686575,2,8,3,0.0000,0.0000,0.0000,0.5000,"LeadPursuit",-0.009546
727,A0100,adaptive_eagle_v6h_e1c,HABFM,5745.853447,118.572020,49.085891,156.988609,119.958934,13070.126968,279.415963,16526.451288,188.669290,-5618.997171,-482.318240,20.003552,False,False,False,False,False,True,False,2-circle,1.000000,4.073671,93.692527,97.749699,2.250301,6.307473,-9.248428,80.794203,22.327404,1,8,4,0.0000,0.0000,0.0000,0.5000,"SmartLowYoYo",0.012532
727,B0100,defensive,HABFM,5745.853447,118.572020,49.085891,156.988609,119.958934,13070.126968,279.415963,16526.451288,188.669290,-5618.997171,-482.318240,20.003552,False,False,False,False,False,True,False,2-circle,1.000000,4.073671,93.692527,97.749699,2.250301,6.307473,-9.248428,80.794203,22.327404,2,8,3,0.0000,0.0000,0.0000,0.5000,"LeadPursuit",-0.007735
728,A0100,adaptive_eagle_v6h_e1c,HABFM,5908.507374,118.713630,49.598915,156.934886,120.173936,13102.973682,279.618147,16564.301756,189.252341,-5618.717696,-479.753992,24.102935,False,False,False,False,False,False,False,2-circle,1.000000,-18.107529,93.692527,97.749699,2.250301,6.307473,-7.464897,82.348459,21.916218,1,8,4,0.0000,0.0000,0.0000,0.5000,"SmartLowYoYo",0.016103
728,B0100,defensive,HABFM,5908.507374,118.713630,49.598915,156.934886,120.173936,13102.973682,279.618147,16564.301756,189.252341,-5618.717696,-479.753992,24.102935,False,False,False,False,False,False,False,2-circle,1.000000,-18.107529,93.692527,97.749699,2.250301,6.307473,-7.464897,82.348459,21.916218,2,8,3,0.0000,0.0000,0.0000,0.5000,"LeadPursuit",-0.006204
729,A0100,adaptive_eagle_v6h_e1c,HABFM,6070.142122,118.816588,50.261733,157.115017,120.330467,13135.697961,279.829037,16602.249119,189.736817,-5611.696527,-475.913334,30.184390,False,False,False,False,False,False,False,2-circle,1.000000,-39.029371,93.692527,97.749699,2.250301,6.307473,-5.718593,83.884301,21.453393,1,8,4,0.0000,0.0000,0.0000,0.5000,"SmartLowYoYo",0.018336
729,B0100,defensive,HABFM,6070.142122,118.816588,50.261733,157.115017,120.330467,13135.697961,279.829037,16602.249119,189.736817,-5611.696527,-475.913334,30.184390,False,False,False,False,False,False,False,2-circle,1.000000,-39.029371,93.692527,97.749699,2.250301,6.307473,-5.718593,83.884301,21.453393,2,8,3,0.0000,0.0000,0.0000,0.5000,"LeadPursuit",-0.004936
730,A0100,adaptive_eagle_v6h_e1c,HABFM,6230.394289,118.886722,51.018099,157.551174,120.436432,13168.201883,280.051746,16640.273122,190.120014,-5602.037580,-471.232029,40.149246,False,False,False,False,False,False,False,2-circle,1.000000,-59.216876,93.692527,97.749699,2.250301,6.307473,-4.003637,85.400346,20.939382,1,8,4,0.0000,0.0000,0.0000,0.5000,"SmartLowYoYo",0.019461
730,B0100,defensive,HABFM,6230.394289,118.886722,51.018099,157.551174,120.436432,13168.201883,280.051746,16640.273122,190.120014,-5602.037580,-471.232029,40.149246,False,False,False,False,False,False,False,2-circle,1.000000,-59.216876,93.692527,97.749699,2.250301,6.307473,-4.003637,85.400346,20.939382,2,8,3,0.0000,0.0000,0.0000,0.5000,"LeadPursuit",-0.003893
731,A0100,adaptive_eagle_v6h_e1c,HABFM,6389.040265,118.928456,51.822917,158.258188,120.498600,13200.386923,280.289377,16678.352936,190.399072,-5592.812785,-466.056809,59.475085,False,False,False,False,False,False,False,2-circle,1.000000,-79.283648,93.692527,97.749699,2.250301,6.307473,-2.313559,86.895361,20.374715,1,8,4,0.0000,0.0000,0.0000,0.5000,"SmartLowYoYo",0.019711
731,B0100,defensive,HABFM,6389.040265,118.928456,51.822917,158.258188,120.498600,13200.386923,280.289377,16678.352936,190.399072,-5592.812785,-466.056809,59.475085,False,False,False,False,False,False,False,2-circle,1.000000,-79.283648,93.692527,97.749699,2.250301,6.307473,-2.313559,86.895361,20.374715,2,8,3,0.0000,0.0000,0.0000,0.5000,"LeadPursuit",-0.003038
732,A0100,adaptive_eagle_v6h_e1c,HABFM,6545.965876,118.945124,52.642610,159.246648,120.522714,13232.154009,280.545018,16716.467161,190.571125,-5586.186554,-460.646446,113.088213,False,False,False,False,False,False,False,2-circle,1.000000,-99.897068,93.692527,97.749699,2.250301,6.307473,-0.641526,88.368275,19.759986,3,8,3,0.0000,0.0000,0.0000,0.5000,"SmartLowYoYo",0.029534
732,B0100,defensive,HABFM,6545.965876,118.945124,52.642610,159.246648,120.522714,13232.154009,280.545018,16716.467161,190.571125,-5586.186554,-460.646446,113.088213,False,False,False,False,False,False,False,2-circle,1.000000,-99.897068,93.692527,97.749699,2.250301,6.307473,-0.641526,88.368275,19.759986,2,8,3,0.0000,0.0000,0.0000,0.5000,"LeadPursuit",-0.002369
733,A0100,adaptive_eagle_v6h_e1c,HABFM,6700.772498,118.940531,53.874588,160.604387,120.514993,13263.403579,280.821742,16754.593840,190.633395,-5548.548927,-451.821332,184.297715,False,False,False,False,False,False,False,2-circle,1.000000,-121.752568,93.692527,97.749699,2.250301,6.307473,1.019622,89.818179,19.095847,3,8,3,0.0000,0.0000,0.0000,0.5000,"SmartLowYoYo",0.035224
733,B0100,defensive,HABFM,6700.772498,118.940531,53.874588,160.604387,120.514993,13263.403579,280.821742,16754.593840,190.633395,-5548.548927,-451.821332,184.297715,False,False,False,False,False,False,False,2-circle,1.000000,-121.752568,93.692527,97.749699,2.250301,6.307473,1.019622,89.818179,19.095847,2,8,0,0.0000,0.0000,0.0000,0.5000,"Pursue",-0.003715
734,A0100,adaptive_eagle_v6h_e1c,HABFM,6852.109117,118.991421,55.314585,161.880266,120.552507,13293.948560,279.627525,16755.508824,4.574919,-5551.129331,-440.719123,184.981737,False,False,False,False,False,False,False,2-circle,1.000000,-144.798333,93.692527,97.749699,2.250301,6.307473,2.674947,91.249186,18.382374,3,8,3,0.0000,0.0000,0.0000,0.5000,"SmartLowYoYo",0.035066
734,B0100,defensive,HABFM,6852.109117,118.991421,55.314585,161.880266,120.552507,13293.948560,279.627525,16755.508824,4.574919,-5551.129331,-440.719123,184.981737,False,False,False,False,False,False,False,2-circle,1.000000,-144.798333,93.692527,97.749699,2.250301,6.307473,2.674947,91.249186,18.382374,2,8,0,0.0000,0.0000,0.0000,0.5000,"Pursue",-0.003399
735,A0100,adaptive_eagle_v6h_e1c,HABFM,6999.801226,119.042084,56.705755,162.774943,120.576816,13323.552828,278.168082,16749.073949,-32.174375,-5570.775556,-429.779744,185.846856,False,False,False,False,False,False,False,2-circle,1.000000,-167.973148,93.692527,97.749699,2.250301,6.307473,4.278427,92.624327,17.618567,3,8,3,0.0000,0.0000,0.0000,0.5000,"SmartLowYoYo",0.034178
735,B0100,defensive,HABFM,6999.801226,119.042084,56.705755,162.774943,120.576816,13323.552828,278.168082,16749.073949,-32.174375,-5570.775556,-429.779744,185.846856,False,False,False,False,False,False,False,2-circle,1.000000,-167.973148,93.692527,97.749699,2.250301,6.307473,4.278427,92.624327,17.618567,2,8,0,0.0000,0.0000,0.0000,0.5000,"Pursue",-0.002772
736,A0100,adaptive_eagle_v6h_e1c,HABFM,7143.930473,119.086205,58.014113,163.247381,120.579965,13352.120486,276.748286,16742.762496,-31.557269,-5593.207698,-419.370727,186.697872,False,False,False,False,False,False,False,2-circle,1.000000,-190.148565,93.692527,97.749699,2.250301,6.307473,5.786501,93.909727,16.808053,3,8,3,0.0000,0.0000,0.0000,0.5000,"SmartLowYoYo",0.032313
736,B0100,defensive,HABFM,7143.930473,119.086205,58.014113,163.247381,120.579965,13352.120486,276.748286,16742.762496,-31.557269,-5593.207698,-419.370727,186.697872,False,False,False,False,False,False,False,2-circle,1.000000,-190.148565,93.692527,97.749699,2.250301,6.307473,5.786501,93.909727,16.808053,2,8,0,0.0000,0.0000,0.0000,0.5000,"Pursue",-0.002171
737,A0100,adaptive_eagle_v6h_e1c,HABFM,7284.684990,119.129079,59.200382,163.294478,120.566177,13379.567557,275.373795,16736.613453,-30.745215,-5615.054330,-409.804106,187.530676,False,False,False,False,False,False,False,2-circle,1.000000,-210.177397,93.692527,97.749699,2.250301,6.307473,7.197222,95.113525,15.956006,3,8,3,0.0000,0.0000,0.0000,0.5000,"SmartLowYoYo",0.021232
737,B0100,defensive,HABFM,7284.684990,119.129079,59.200382,163.294478,120.566177,13379.567557,275.373795,16736.613453,-30.745215,-5615.054330,-409.804106,187.530676,False,False,False,False,False,False,False,2-circle,1.000000,-210.177397,93.692527,97.749699,2.250301,6.307473,7.197222,95.113525,15.956006,2,8,0,0.0000,0.0000,0.0000,0.5000,"Pursue",-0.001550
738,A0100,adaptive_eagle_v6h_e1c,HABFM,7422.653353,119.172200,59.942546,163.233175,120.536847,13405.814290,274.049148,16730.640655,-29.863987,-5665.391635,-403.821597,188.341761,False,False,False,False,False,False,False,2-circle,1.000000,-227.146460,93.692527,97.749699,2.250301,6.307473,8.517884,96.251334,15.066640,1,8,4,0.0000,0.0000,0.0000,0.5000,"SmartLowYoYo",0.021140
738,B0100,defensive,HABFM,7422.653353,119.172200,59.942546,163.233175,120.536847,13405.814290,274.049148,16730.640655,-29.863987,-5665.391635,-403.821597,188.341761,False,False,False,False,False,False,False,2-circle,1.000000,-227.146460,93.692527,97.749699,2.250301,6.307473,8.517884,96.251334,15.066640,2,8,0,0.0000,0.0000,0.0000,0.5000,"Pursue",-0.000965
739,A0100,adaptive_eagle_v6h_e1c,HABFM,7558.763379,119.214126,60.678692,163.288580,120.493060,13430.784823,272.778196,16724.843756,-28.984494,-5717.952698,-397.946281,189.127973,False,False,False,False,False,False,False,2-circle,1.000000,-241.203712,93.692527,97.749699,2.250301,6.307473,9.761587,97.334597,14.142832,1,8,4,0.0000,0.0000,0.0000,0.5000,"SmartLowYoYo",0.025678
739,B0100,defensive,HABFM,7558.763379,119.214126,60.678692,163.288580,120.493060,13430.784823,272.778196,16724.843756,-28.984494,-5717.952698,-397.946281,189.127973,False,False,False,False,False,False,False,2-circle,1.000000,-241.203712,93.692527,97.749699,2.250301,6.307473,9.761587,97.334597,14.142832,2,8,0,0.0000,0.0000,0.0000,0.5000,"Pursue",-0.000497
740,A0100,adaptive_eagle_v6h_e1c,HABFM,7692.574136,119.256224,61.582762,163.477814,120.438991,13454.406817,271.564325,16719.213656,-28.150501,-5757.510524,-390.724278,189.886391,False,False,False,False,False,False,False,2-circle,1.000000,-252.545989,93.692527,97.749699,2.250301,6.307473,10.937312,98.369860,13.186503,1,8,4,0.0000,0.0000,0.0000,0.5000,"SmartLowYoYo",0.028418
740,B0100,defensive,HABFM,7692.574136,119.256224,61.582762,163.477814,120.438991,13454.406817,271.564325,16719.213656,-28.150501,-5757.510524,-390.724278,189.886391,False,False,False,False,False,False,False,2-circle,1.000000,-252.545989,93.692527,97.749699,2.250301,6.307473,10.937312,98.369860,13.186503,2,8,0,0.0000,0.0000,0.0000,0.5000,"Pursue",-0.000138
741,A0100,adaptive_eagle_v6h_e1c,HABFM,7823.734823,119.299008,62.588233,163.835844,120.378239,13476.611177,270.410463,16713.732980,-27.403383,-5789.756433,-382.694034,190.614342,False,False,False,False,False,False,False,2-circle,1.000000,-261.596616,93.692527,97.749699,2.250301,6.307473,12.053083,99.360544,12.199081,1,8,4,0.0000,0.0000,0.0000,0.5000,"SmartLowYoYo",0.029935
741,B0100,defensive,HABFM,7823.734823,119.299008,62.588233,163.835844,120.378239,13476.611177,270.410463,16713.732980,-27.403383,-5789.756433,-382.694034,190.614342,False,False,False,False,False,False,False,2-circle,1.000000,-261.596616,93.692527,97.749699,2.250301,6.307473,12.053083,99.360544,12.199081,2,8,0,0.0000,0.0000,0.0000,0.5000,"Pursue",0.000132
742,A0100,adaptive_eagle_v6h_e1c,HABFM,7952.049891,119.342310,63.649614,164.371865,120.313633,13497.331849,269.319104,16708.376756,-26.781118,-5818.684315,-374.221862,191.309405,False,False,False,False,False,False,False,2-circle,1.000000,-268.890707,93.692527,97.749699,2.250301,6.307473,13.116503,100.308515,11.181813,1,8,4,0.0000,0.0000,0.0000,0.5000,"SmartLowYoYo",0.030574
742,B0100,defensive,HABFM,7952.049891,119.342310,63.649614,164.371865,120.313633,13497.331849,269.319104,16708.376756,-26.781118,-5818.684315,-374.221862,191.309405,False,False,False,False,False,False,False,2-circle,1.000000,-268.890707,93.692527,97.749699,2.250301,6.307473,13.116503,100.308515,11.181813,2,8,0,0.0000,0.0000,0.0000,0.5000,"Pursue",0.000338
743,A0100,adaptive_eagle_v6h_e1c,HABFM,8077.430279,119.385495,64.734669,165.078015,120.247302,13516.505656,268.292368,16703.114051,-26.313525,-5846.253639,-365.556435,191.969394,False,False,False,False,False,False,False,2-circle,1.000000,-275.028181,93.692527,97.749699,2.250301,6.307473,14.135378,101.215017,10.135909,1,8,4,0.0000,0.0000,0.0000,0.5000,"SmartLowYoYo",0.030488
743,B0100,defensive,HABFM,8077.430279,119.385495,64.734669,165.078015,120.247302,13516.505656,268.292368,16703.114051,-26.313525,-5846.253639,-365.556435,191.969394,False,False,False,False,False,False,False,2-circle,1.000000,-275.028181,93.692527,97.749699,2.250301,6.307473,14.135378,101.215017,10.135909,2,8,0,0.0000,0.0000,0.0000,0.5000,"Pursue",0.000502
744,A0100,adaptive_eagle_v6h_e1c,HABFM,8199.865246,119.427615,65.817684,165.930657,120.180745,13534.072140,267.332077,16697.909900,-26.020756,-5874.146039,-356.897987,192.592317,False,False,False,False,False,False,False,2-circle,1.000000,-280.647411,93.692527,97.749699,2.250301,6.307473,15.118079,102.081121,9.062595,3,8,3,0.0000,0.0000,0.0000,0.5000,"SmartLowYoYo",0.042675
744,B0100,defensive,HABFM,8199.865246,119.427615,65.817684,165.930657,120.180745,13534.072140,267.332077,16697.909900,-26.020756,-5874.146039,-356.897987,192.592317,False,False,False,False,False,False,False,2-circle,1.000000,-280.647411,93.692527,97.749699,2.250301,6.307473,15.118079,102.081121,9.062595,2,8,0,0.0000,0.0000,0.0000,0.5000,"Pursue",0.000632
745,A0100,adaptive_eagle_v6h_e1c,HABFM,8319.010038,119.468001,67.304828,166.620278,120.115406,13549.973422,266.439823,16692.727007,-25.914465,-5869.010397,-344.792288,193.176346,False,False,False,False,False,False,False,2-circle,1.000000,-286.414875,93.692527,97.749699,2.250301,6.307473,16.074005,102.907904,7.963106,3,8,3,0.0000,0.0000,0.0000,0.5000,"SmartLowYoYo",0.050302
745,B0100,defensive,HABFM,8319.010038,119.468001,67.304828,166.620278,120.115406,13549.973422,266.439823,16692.727007,-25.914465,-5869.010397,-344.792288,193.176346,False,False,False,False,False,False,False,2-circle,1.000000,-286.414875,93.692527,97.749699,2.250301,6.307473,16.074005,102.907904,7.963106,2,8,0,0.0000,0.0000,0.0000,0.5000,"Pursue",0.011782
746,A0100,adaptive_eagle_v6h_e1c,HABFM,8433.299339,119.101848,68.991022,167.073245,119.635466,13564.094130,265.165343,16676.853736,-79.366358,-5863.111302,-328.706975,194.042243,False,False,False,False,False,False,False,2-circle,1.000000,-292.314824,93.692527,97.749699,2.250301,6.307473,13.498666,100.188853,6.983926,3,8,3,0.0000,0.0000,0.0000,0.5000,"SmartLowYoYo",0.050177
746,B0100,defensive,HABFM,8433.299339,119.101848,68.991022,167.073245,119.635466,13564.094130,265.165343,16676.853736,-79.366358,-5863.111302,-328.706975,194.042243,False,False,False,False,False,False,False,2-circle,1.000000,-292.314824,93.692527,97.749699,2.250301,6.307473,13.498666,100.188853,6.983926,2,8,0,0.0000,0.0000,0.0000,0.5000,"Pursue",0.028609
747,A0100,adaptive_eagle_v6h_e1c,HABFM,8541.552629,118.116191,70.602491,167.462083,118.549796,13576.362793,263.337021,16646.345262,-152.542369,-5882.189474,-309.825845,195.322404,False,False,False,False,False,False,False,2-circle,1.000000,-297.439154,93.692527,97.749699,2.250301,6.307473,6.193752,92.733747,6.294465,3,8,3,0.0000,0.0000,0.0000,0.5000,"SmartLowYoYo",0.049089
747,B0100,defensive,HABFM,8541.552629,118.116191,70.602491,167.462083,118.549796,13576.362793,263.337021,16646.345262,-152.542369,-5882.189474,-309.825845,195.322404,False,False,False,False,False,False,False,2-circle,1.000000,-297.439154,93.692527,97.749699,2.250301,6.307473,6.193752,92.733747,6.294465,2,8,0,0.0000,0.0000,0.0000,0.5000,"Pursue",0.015576
748,A0100,adaptive_eagle_v6h_e1c,HABFM,8643.798002,117.599530,72.111419,167.049139,117.969481,13587.185865,262.142372,16629.377091,-84.840853,-5882.984979,-294.400071,126.870820,False,False,False,False,False,False,False,2-circle,1.000000,-301.166791,93.692527,97.749699,2.250301,6.307473,2.064559,88.454076,5.883907,3,8,3,0.0000,0.0000,0.0000,0.5000,"SmartLowYoYo",0.046682
748,B0100,defensive,HABFM,8643.798002,117.599530,72.111419,167.049139,117.969481,13587.185865,262.142372,16629.377091,-84.840853,-5882.984979,-294.400071,126.870820,False,False,False,False,False,False,False,2-circle,1.000000,-301.166791,93.692527,97.749699,2.250301,6.307473,2.064559,88.454076,5.883907,2,8,0,0.0000,0.0000,0.0000,0.5000,"Pursue",0.001208
749,A0100,adaptive_eagle_v6h_e1c,HABFM,8741.594911,117.606425,73.483812,166.018566,117.921282,13596.831383,261.583233,16626.058700,-16.591955,-5862.949864,-282.962811,196.541751,False,False,False,False,False,False,False,2-circle,1.000000,-302.720445,93.692527,97.749699,2.250301,6.307473,4.024772,90.273421,5.619740,3,8,3,0.0000,0.0000,0.0000,0.5000,"SmartLowYoYo",0.032154
749,B0100,defensive,HABFM,8741.594911,117.606425,73.483812,166.018566,117.921282,13596.831383,261.583233,16626.058700,-16.591955,-5862.949864,-282.962811,196.541751,False,False,False,False,False,False,False,2-circle,1.000000,-302.720445,93.692527,97.749699,2.250301,6.307473,4.024772,90.273421,5.619740,2,8,0,0.0000,0.0000,0.0000,0.5000,"Pursue",0.005767
750,A0100,adaptive_eagle_v6h_e1c,HABFM,8835.787136,117.454141,74.394307,165.438775,117.712161,13605.277387,260.903796,16618.788895,-36.349027,-5876.740689,-274.542736,197.017044,False,False,False,False,False,False,False,2-circle,1.000000,-301.267287,93.692527,97.749699,2.250301,6.307473,7.253045,93.382108,5.264695,1,8,4,0.0000,0.0000,0.0000,0.5000,"SmartLowYoYo",0.031401
750,B0100,defensive,HABFM,8835.787136,117.454141,74.394307,165.438775,117.712161,13605.277387,260.903796,16618.788895,-36.349027,-5876.740689,-274.542736,197.017044,False,False,False,False,False,False,False,2-circle,1.000000,-301.267287,93.692527,97.749699,2.250301,6.307473,7.253045,93.382108,5.264695,2,8,0,0.0000,0.0000,0.0000,0.5000,"Pursue",0.005151
751,A0100,adaptive_eagle_v6h_e1c,HABFM,8927.303312,117.329777,75.278743,164.934810,117.530719,13612.429502,260.305655,16612.139464,-33.247155,-5892.548382,-266.530616,197.438363,False,False,False,False,False,False,False,2-circle,1.000000,-296.947570,93.692527,97.749699,2.250301,6.307473,9.879492,95.910878,4.677722,1,8,4,0.0000,0.0000,0.0000,0.5000,"SmartLowYoYo",0.036815
751,B0100,defensive,HABFM,8927.303312,117.329777,75.278743,164.934810,117.530719,13612.429502,260.305655,16612.139464,-33.247155,-5892.548382,-266.530616,197.438363,False,False,False,False,False,False,False,2-circle,1.000000,-296.947570,93.692527,97.749699,2.250301,6.307473,9.879492,95.910878,4.677722,2,8,0,0.0000,0.0000,0.0000,0.5000,"Pursue",0.016313
752,A0100,adaptive_eagle_v6h_e1c,HABFM,9015.563043,116.810965,76.315747,164.729137,116.954507,13618.161311,259.345966,16595.793513,-81.729756,-5909.789443,-255.076960,198.135448,False,False,False,False,False,False,False,2-circle,1.000000,-289.890352,93.692527,97.749699,2.250301,6.307473,8.354825,94.310809,4.020121,1,8,4,0.0000,0.0000,0.0000,0.5000,"SmartLowYoYo",0.040045
752,B0100,defensive,HABFM,9015.563043,116.810965,76.315747,164.729137,116.954507,13618.161311,259.345966,16595.793513,-81.729756,-5909.789443,-255.076960,198.135448,False,False,False,False,False,False,False,2-circle,1.000000,-289.890352,93.692527,97.749699,2.250301,6.307473,8.354825,94.310809,4.020121,2,8,0,0.0000,0.0000,0.0000,0.5000,"Pursue",0.032136
753,A0100,adaptive_eagle_v6h_e1c,HABFM,9099.094171,115.728339,77.438640,164.943746,115.828260,13622.491736,257.871011,16566.351406,-147.210534,-5939.206373,-239.835714,75.269121,False,False,False,False,False,False,False,2-circle,1.000000,-280.583531,93.692527,97.749699,2.250301,6.307473,1.456969,87.354706,3.531487,1,8,4,0.0000,0.0000,0.0000,0.5000,"SmartLowYoYo",0.041971
753,B0100,defensive,HABFM,9099.094171,115.728339,77.438640,164.943746,115.828260,13622.491736,257.871011,16566.351406,-147.210534,-5939.206373,-239.835714,75.269121,False,False,False,False,False,False,False,2-circle,1.000000,-280.583531,93.692527,97.749699,2.250301,6.307473,1.456969,87.354706,3.531487,2,8,0,0.0000,0.0000,0.0000,0.5000,"Pursue",0.017042
754,A0100,adaptive_eagle_v6h_e1c,HABFM,9177.736982,115.170648,78.606068,164.629190,115.243392,13625.809489,257.015967,16550.179123,-80.861414,-5947.555227,-227.122255,28.218466,False,False,False,False,False,False,False,2-circle,1.000000,-269.978860,93.692527,97.749699,2.250301,6.307473,-2.892473,82.952149,3.277818,1,8,4,0.0000,0.0000,0.0000,0.5000,"SmartLowYoYo",0.043045
754,B0100,defensive,HABFM,9177.736982,115.170648,78.606068,164.629190,115.243392,13625.809489,257.015967,16550.179123,-80.861414,-5947.555227,-227.122255,28.218466,False,False,False,False,False,False,False,2-circle,1.000000,-269.978860,93.692527,97.749699,2.250301,6.307473,-2.892473,82.952149,3.277818,2,8,0,0.0000,0.0000,0.0000,0.5000,"Pursue",0.001342
755,A0100,adaptive_eagle_v6h_e1c,HABFM,9252.716128,115.159332,79.790837,163.856220,115.207993,13628.248693,256.785569,16547.377674,-14.007247,-5936.981874,-217.264804,35.527874,False,False,False,False,False,False,False,2-circle,1.000000,-258.823828,93.692527,97.749699,2.250301,6.307473,-1.399326,84.387044,3.187598,1,8,4,0.0000,0.0000,0.0000,0.5000,"SmartLowYoYo",0.043353
755,B0100,defensive,HABFM,9252.716128,115.159332,79.790837,163.856220,115.207993,13628.248693,256.785569,16547.377674,-14.007247,-5936.981874,-217.264804,35.527874,False,False,False,False,False,False,False,2-circle,1.000000,-258.823828,93.692527,97.749699,2.250301,6.307473,-1.399326,84.387044,3.187598,2,8,0,0.0000,0.0000,0.0000,0.5000,"Pursue",0.006304
756,A0100,adaptive_eagle_v6h_e1c,HABFM,9324.213358,114.973802,80.969702,163.253667,115.001527,13629.781235,256.409459,16540.365264,-35.062051,-5934.171651,-206.500693,72.009371,False,False,False,False,False,False,False,2-circle,1.000000,-247.731726,93.692527,97.749699,2.250301,6.307473,1.508381,87.220057,3.031656,3,8,3,0.0000,0.0000,0.0000,0.5000,"SmartLowYoYo",0.059989
756,B0100,defensive,HABFM,9324.213358,114.973802,80.969702,163.253667,115.001527,13629.781235,256.409459,16540.365264,-35.062051,-5934.171651,-206.500693,72.009371,False,False,False,False,False,False,False,2-circle,1.000000,-247.731726,93.692527,97.749699,2.250301,6.307473,1.508381,87.220057,3.031656,2,8,0,0.0000,0.0000,0.0000,0.5000,"Pursue",0.006313
757,A0100,adaptive_eagle_v6h_e1c,HABFM,9391.716143,114.788352,82.552841,162.220919,114.797535,13630.345323,256.073373,16533.304318,-35.304731,-5900.023903,-192.309590,200.574203,False,False,False,False,False,False,False,2-circle,1.000000,-237.298218,93.692527,97.749699,2.250301,6.307473,3.967994,89.573998,2.658432,3,8,3,0.0000,0.0000,0.0000,0.5000,"SmartLowYoYo",0.070485
757,B0100,defensive,HABFM,9391.716143,114.788352,82.552841,162.220919,114.797535,13630.345323,256.073373,16533.304318,-35.304731,-5900.023903,-192.309590,200.574203,False,False,False,False,False,False,False,2-circle,1.000000,-237.298218,93.692527,97.749699,2.250301,6.307473,3.967994,89.573998,2.658432,2,8,0,0.0000,0.0000,0.0000,0.5000,"Pursue",0.005028
758,A0100,adaptive_eagle_v6h_e1c,HABFM,9453.974308,114.647122,84.335257,160.803358,114.640902,13629.850463,255.829154,16527.274967,-30.146753,-5848.487522,-176.704748,200.762940,False,False,False,False,False,False,False,2-circle,1.000000,-227.470162,93.692527,97.749699,2.250301,6.307473,5.664070,91.127146,2.080683,3,8,3,0.0000,0.0000,0.0000,0.5000,"SmartLowYoYo",0.070138
758,B0100,defensive,HABFM,9453.974308,114.647122,84.335257,160.803358,114.640902,13629.850463,255.829154,16527.274967,-30.146753,-5848.487522,-176.704748,200.762940,False,False,False,False,False,False,False,2-circle,1.000000,-227.470162,93.692527,97.749699,2.250301,6.307473,5.664070,91.127146,2.080683,2,8,0,0.0000,0.0000,0.0000,0.5000,"Pursue",0.004333
759,A0100,adaptive_eagle_v6h_e1c,HABFM,9511.130556,114.528666,86.033026,159.331714,114.511018,13628.224892,255.656514,16521.740195,-27.673862,-5800.654512,-161.980579,200.900421,False,False,False,False,False,False,False,2-circle,1.000000,-217.337414,93.692527,97.749699,2.250301,6.307473,6.779041,92.072454,1.366391,3,8,3,0.0000,0.0000,0.0000,0.5000,"SmartLowYoYo",0.068450
759,B0100,defensive,HABFM,9511.130556,114.528666,86.033026,159.331714,114.511018,13628.224892,255.656514,16521.740195,-27.673862,-5800.654512,-161.980579,200.900421,False,False,False,False,False,False,False,2-circle,1.000000,-217.337414,93.692527,97.749699,2.250301,6.307473,6.779041,92.072454,1.366391,2,8,0,0.0000,0.0000,0.0000,0.5000,"Pursue",0.016911
760,A0100,adaptive_eagle_v6h_e1c,HABFM,9563.184188,113.978982,87.621997,158.335985,113.954507,13625.405663,255.085969,16506.020552,-78.598213,-5768.364974,-145.855635,201.348403,False,False,False,False,False,False,False,2-circle,1.000000,-205.826005,93.692527,97.749699,2.250301,6.307473,4.272231,89.387118,0.715572,3,8,3,0.0000,0.0000,0.0000,0.5000,"SmartLowYoYo",0.049452
760,B0100,defensive,HABFM,9563.184188,113.978982,87.621997,158.335985,113.954507,13625.405663,255.085969,16506.020552,-78.598213,-5768.364974,-145.855635,201.348403,False,False,False,False,False,False,False,2-circle,1.000000,-205.826005,93.692527,97.749699,2.250301,6.307473,4.272231,89.387118,0.715572,2,8,0,0.0000,0.0000,0.0000,0.5000,"Pursue",0.034863
761,A0100,adaptive_eagle_v6h_e1c,HABFM,9609.608520,112.820225,88.736055,158.390577,112.794449,13621.548747,253.926601,16476.038287,-149.911327,-5787.290140,-130.380429,24.908198,False,False,False,False,False,False,False,2-circle,1.000000,-192.262699,93.692527,97.749699,2.250301,6.307473,-3.008783,81.932722,0.321704,3,8,3,0.0000,0.0000,0.0000,0.5000,"SmartLowYoYo",0.046765
761,B0100,defensive,HABFM,9609.608520,112.820225,88.736055,158.390577,112.794449,13621.548747,253.926601,16476.038287,-149.911327,-5787.290140,-130.380429,24.908198,False,False,False,False,False,False,False,2-circle,1.000000,-192.262699,93.692527,97.749699,2.250301,6.307473,-3.008783,81.932722,0.321704,2,8,0,0.0000,0.0000,0.0000,0.5000,"Pursue",0.019459
762,A0100,adaptive_eagle_v6h_e1c,HABFM,9651.448346,112.178792,89.773871,157.999844,112.155196,13617.070752,253.325685,16458.066009,-89.861389,-5797.034466,-118.367553,15.622381,False,False,False,False,False,False,False,2-circle,1.000000,-177.233051,93.692527,97.749699,2.250301,6.307473,-7.521641,77.236407,0.222946,1,8,4,0.0000,0.0000,0.0000,0.5000,"SmartLowYoYo",0.052654
762,B0100,defensive,HABFM,9651.448346,112.178792,89.773871,157.999844,112.155196,13617.070752,253.325685,16458.066009,-89.861389,-5797.034466,-118.367553,15.622381,False,False,False,False,False,False,False,2-circle,1.000000,-177.233051,93.692527,97.749699,2.250301,6.307473,-7.521641,77.236407,0.222946,2,8,0,0.0000,0.0000,0.0000,0.5000,"Pursue",-0.221154
763,A0100,adaptive_eagle_v6h_e1c,DBFM,9689.719235,112.083817,90.923867,156.963482,112.064966,13611.996771,253.333234,16453.161361,-24.523241,-5780.555609,-108.427735,17.338635,False,False,False,False,False,False,False,2-circle,1.000000,-161.082975,93.692527,97.749699,2.250301,6.307473,-6.086466,78.463637,0.333037,1,8,4,0.0000,0.0000,0.0000,0.5000,"SmartLowYoYo",0.056062
763,B0100,defensive,DBFM,9689.719235,112.083817,90.923867,156.963482,112.064966,13611.996771,253.333234,16453.161361,-24.523241,-5780.555609,-108.427735,17.338635,False,False,False,False,False,False,False,2-circle,1.000000,-161.082975,93.692527,97.749699,2.250301,6.307473,-6.086466,78.463637,0.333037,2,8,0,0.0000,0.0000,0.0000,0.5000,"Pursue",-0.243316
764,A0100,adaptive_eagle_v6h_e1c,DBFM,9724.400669,111.814566,92.125415,156.050349,111.802508,13606.292900,253.187102,16444.180648,-44.903562,-5767.621877,-97.128305,22.859245,False,False,False,False,False,False,False,2-circle,1.000000,-144.274607,93.692527,97.749699,2.250301,6.307473,-3.093689,81.193759,0.394561,1,8,4,0.0000,0.0000,0.0000,0.5000,"SmartLowYoYo",0.058035
764,B0100,defensive,DBFM,9724.400669,111.814566,92.125415,156.050349,111.802508,13606.292900,253.187102,16444.180648,-44.903562,-5767.621877,-97.128305,22.859245,False,False,False,False,False,False,False,2-circle,1.000000,-144.274607,93.692527,97.749699,2.250301,6.307473,-3.093689,81.193759,0.394561,2,8,0,0.0000,0.0000,0.0000,0.5000,"Pursue",-0.245956
765,A0100,adaptive_eagle_v6h_e1c,DBFM,9755.250914,111.547380,93.343021,155.109556,111.544710,13599.921625,253.077037,16435.342544,-44.190520,-5755.011100,-85.728356,30.943213,False,False,False,False,False,False,False,2-circle,1.000000,-127.325947,93.692527,97.749699,2.250301,6.307473,-0.443909,83.467722,0.241450,1,8,4,0.0000,0.0000,0.0000,0.5000,"SmartLowYoYo",0.058949
765,B0100,defensive,DBFM,9755.250914,111.547380,93.343021,155.109556,111.544710,13599.921625,253.077037,16435.342544,-44.190520,-5755.011100,-85.728356,30.943213,False,False,False,False,False,False,False,2-circle,1.000000,-127.325947,93.692527,97.749699,2.250301,6.307473,-0.443909,83.467722,0.241450,2,8,0,0.0000,0.0000,0.0000,0.5000,"Pursue",-0.245268
766,A0100,adaptive_eagle_v6h_e1c,DBFM,9782.341122,111.329542,94.551442,154.098294,111.339349,13592.791140,253.055385,16427.726930,-38.078072,-5742.487031,-74.694607,39.871639,False,False,False,False,False,False,False,2-circle,1.000000,-110.730435,93.692527,97.749699,2.250301,6.307473,1.616653,84.920786,-0.117700,1,8,4,0.0000,0.0000,0.0000,0.5000,"SmartLowYoYo",0.081434
766,B0100,defensive,DBFM,9782.341122,111.329542,94.551442,154.098294,111.339349,13592.791140,253.055385,16427.726930,-38.078072,-5742.487031,-74.694607,39.871639,False,False,False,False,False,False,False,2-circle,1.000000,-110.730435,93.692527,97.749699,2.250301,6.307473,1.616653,84.920786,-0.117700,2,8,0,0.0000,0.0000,0.0000,0.5000,"Pursue",-0.332475
767,A0100,adaptive_eagle_v6h_e1c,DBFM,9805.428913,111.139206,96.162709,152.606808,111.164572,13584.827540,253.099135,16420.743644,-34.916429,-5698.290263,-60.620347,47.648670,False,False,False,False,False,False,False,2-circle,1.000000,-95.018539,93.692527,97.749699,2.250301,6.307473,3.574066,85.746669,-0.616280,1,8,4,0.0000,0.0000,0.0000,0.5000,"SmartLowYoYo",0.095879
767,B0100,defensive,DBFM,9805.428913,111.139206,96.162709,152.606808,111.164572,13584.827540,253.099135,16420.743644,-34.916429,-5698.290263,-60.620347,47.648670,False,False,False,False,False,False,False,2-circle,1.000000,-95.018539,93.692527,97.749699,2.250301,6.307473,3.574066,85.746669,-0.616280,2,8,0,0.0000,0.0000,0.0000,0.5000,"Pursue",-0.378885
768,A0100,adaptive_eagle_v6h_e1c,DBFM,9823.311460,110.946935,97.979072,150.891526,110.990864,13575.981768,253.179844,16413.706823,-35.184107,-5638.472554,-45.011662,53.475400,False,False,False,False,False,False,False,2-circle,1.000000,-80.140845,93.692527,97.749699,2.250301,6.307473,6.564742,86.209360,-1.190556,3,8,3,0.0000,0.0000,0.0000,0.5000,"SmartLowYoYo",0.095590
768,B0100,defensive,DBFM,9823.311460,110.946935,97.979072,150.891526,110.990864,13575.981768,253.179844,16413.706823,-35.184107,-5638.472554,-45.011662,53.475400,False,False,False,False,False,False,False,2-circle,1.000000,-80.140845,93.692527,97.749699,2.250301,6.307473,6.564742,86.209360,-1.190556,2,8,0,0.0000,0.0000,0.0000,0.5000,"Pursue",-0.363670
769,A0100,adaptive_eagle_v6h_e1c,DBFM,9836.075986,110.736640,99.712619,149.297540,110.802494,13566.221328,253.282356,16406.244820,-37.310015,-5584.000994,-30.092950,57.872487,False,False,False,False,False,False,False,2-circle,1.000000,-65.204127,93.692527,97.749699,2.250301,6.307473,15.821630,86.497494,-1.798712,3,8,3,0.0000,0.0000,0.0000,0.5000,"SmartLowYoYo",0.093506
769,B0100,defensive,DBFM,9836.075986,110.736640,99.712619,149.297540,110.802494,13566.221328,253.282356,16406.244820,-37.310015,-5584.000994,-30.092950,57.872487,False,False,False,False,False,False,False,2-circle,1.000000,-65.204127,93.692527,97.749699,2.250301,6.307473,15.821630,86.497494,-1.798712,2,8,0,0.0000,0.0000,0.0000,0.5000,"Pursue",-0.329906
770,A0100,adaptive_eagle_v6h_e1c,DBFM,9843.696848,110.090240,101.340949,148.288414,110.178047,13555.537725,252.974568,16388.663034,-87.908930,-5545.239975,-13.754106,31.083424,False,False,False,False,False,False,False,2-circle,1.000000,-49.177460,93.692527,97.749699,2.250301,6.307473,136.884813,83.490082,-2.290010,3,7,3,0.0000,0.0000,0.0000,0.5000,"SmartLowYoYo",0.068060
770,B0100,defensive,DBFM,9843.696848,110.090240,101.340949,148.288414,110.178047,13555.537725,252.974568,16388.663034,-87.908930,-5545.239975,-13.754106,31.083424,False,False,False,False,False,False,False,2-circle,1.000000,-49.177460,93.692527,97.749699,2.250301,6.307473,136.884813,83.490082,-2.290010,2,8,0,0.0000,0.0000,0.0000,0.5000,"Pursue",-0.229403
771,A0100,adaptive_eagle_v6h_e1c,DBFM,9846.101907,109.499178,102.491312,147.731358,109.607558,13544.149762,252.736380,16371.942532,-83.602506,-5536.053043,-1.463749,18.401726,False,False,False,False,False,False,False,2-circle,1.000000,-31.446710,93.692527,97.749699,2.250301,6.307473,163.424301,79.078315,-2.627424,3,7,3,0.0000,0.0000,0.0000,0.5000,"SmartLowYoYo",0.064667
771,B0100,defensive,DBFM,9846.101907,109.499178,102.491312,147.731358,109.607558,13544.149762,252.736380,16371.942532,-83.602506,-5536.053043,-1.463749,18.401726,False,False,False,False,False,False,False,2-circle,1.000000,-31.446710,93.692527,97.749699,2.250301,6.307473,163.424301,79.078315,-2.627424,2,8,0,0.0000,0.0000,0.0000,0.5000,"Pursue",-0.225327
772,A0100,adaptive_eagle_v6h_e1c,DBFM,9845.271912,109.331846,103.560566,146.813892,109.467674,13532.081911,252.970427,16365.114468,-34.140322,-5520.582594,7.872962,18.559934,False,False,False,False,False,False,False,2-circle,1.000000,-12.201442,93.692527,97.749699,2.250301,6.307473,167.946948,79.176864,-2.808984,3,7,3,0.0000,0.0000,0.0000,0.5000,"SmartLowYoYo",0.073044
772,B0100,defensive,DBFM,9845.271912,109.331846,103.560566,146.813892,109.467674,13532.081911,252.970427,16365.114468,-34.140322,-5520.582594,7.872962,18.559934,False,False,False,False,False,False,False,2-circle,1.000000,-12.201442,93.692527,97.749699,2.250301,6.307473,167.946948,79.176864,-2.808984,2,8,0,0.0000,0.0000,0.0000,0.5000,"Pursue",-0.243581
773,A0100,adaptive_eagle_v6h_e1c,DBFM,9840.963799,108.982730,104.738368,145.952645,109.146535,13519.355641,253.044015,16354.036677,-55.388956,-5503.723653,18.993736,21.738123,False,False,False,False,False,True,False,2-circle,1.000000,8.240988,93.692527,97.749699,2.250301,6.307473,171.307722,80.730349,-2.960940,3,7,3,0.0000,0.0000,0.0000,0.5000,"SmartLowYoYo",0.104570
773,B0100,defensive,DBFM,9840.963799,108.982730,104.738368,145.952645,109.146535,13519.355641,253.044015,16354.036677,-55.388956,-5503.723653,18.993736,21.738123,False,False,False,False,False,True,False,2-circle,1.000000,8.240988,93.692527,97.749699,2.250301,6.307473,171.307722,80.730349,-2.960940,2,8,0,0.0000,0.0000,0.0000,0.5000,"Pursue",-0.342806
774,A0100,adaptive_eagle_v6h_e1c,DBFM,9832.528616,108.628795,106.365502,144.643276,108.824335,13505.963272,253.150243,16343.024795,-55.059407,-5451.187781,33.383554,25.740169,False,False,False,False,False,True,False,2-circle,1.000000,29.520594,93.692527,97.749699,2.250301,6.307473,173.740944,82.153634,-3.216978,1,7,4,0.0000,0.0000,0.0000,0.5000,"SmartLowYoYo",0.097017
774,B0100,defensive,DBFM,9832.528616,108.628795,106.365502,144.643276,108.824335,13505.963272,253.150243,16343.024795,-55.059407,-5451.187781,33.383554,25.740169,False,False,False,False,False,True,False,2-circle,1.000000,29.520594,93.692527,97.749699,2.250301,6.307473,173.740944,82.153634,-3.216978,2,8,0,0.0000,0.0000,0.0000,0.5000,"Pursue",-0.308333
775,A0100,adaptive_eagle_v6h_e1c,DBFM,9819.203938,108.306398,107.823377,143.477449,108.538759,13491.846469,253.333154,16333.009265,-50.077651,-5404.995964,46.205216,29.189336,False,False,False,False,False,True,False,2-circle,1.000000,51.995476,93.692527,97.749699,2.250301,6.307473,175.347732,83.074593,-3.591653,1,7,4,0.0000,0.0000,0.0000,0.5000,"SmartLowYoYo",0.079364
775,B0100,defensive,DBFM,9819.203938,108.306398,107.823377,143.477449,108.538759,13491.846469,253.333154,16333.009265,-50.077651,-5404.995964,46.205216,29.189336,False,False,False,False,False,True,False,2-circle,1.000000,51.995476,93.692527,97.749699,2.250301,6.307473,175.347732,83.074593,-3.591653,2,8,0,0.0000,0.0000,0.0000,0.5000,"Pursue",-0.244562
776,A0100,adaptive_eagle_v6h_e1c,DBFM,9802.217601,108.003926,108.981055,142.556135,108.278017,13476.953789,253.575351,16323.551710,-47.287778,-5383.414589,56.699476,31.544354,False,False,False,False,False,True,False,2-circle,1.000000,75.470881,93.692527,97.749699,2.250301,6.307473,176.375902,83.591672,-4.050548,1,7,4,0.0000,0.0000,0.0000,0.5000,"SmartLowYoYo",0.086263
776,B0100,defensive,DBFM,9802.217601,108.003926,108.981055,142.556135,108.278017,13476.953789,253.575351,16323.551710,-47.287778,-5383.414589,56.699476,31.544354,False,False,False,False,False,True,False,2-circle,1.000000,75.470881,93.692527,97.749699,2.250301,6.307473,176.375902,83.591672,-4.050548,2,8,0,0.0000,0.0000,0.0000,0.5000,"Pursue",-0.246444
777,A0100,adaptive_eagle_v6h_e1c,DBFM,9781.399332,107.285467,110.198239,141.962410,107.596276,13461.278912,253.416013,16304.300564,-96.255730,-5372.516373,69.863037,21.536299,False,False,False,False,False,True,False,2-circle,1.000000,99.511380,93.692527,97.749699,2.250301,6.307473,173.830534,80.650215,-4.428456,1,7,4,0.0000,0.0000,0.0000,0.5000,"SmartLowYoYo",0.090187
777,B0100,defensive,DBFM,9781.399332,107.285467,110.198239,141.962410,107.596276,13461.278912,253.416013,16304.300564,-96.255730,-5372.516373,69.863037,21.536299,False,False,False,False,False,True,False,2-circle,1.000000,99.511380,93.692527,97.749699,2.250301,6.307473,173.830534,80.650215,-4.428456,2,8,0,0.0000,0.0000,0.0000,0.5000,"Pursue",-0.253754
778,A0100,adaptive_eagle_v6h_e1c,DBFM,9755.974653,106.636738,111.424145,141.269884,106.978246,13445.077062,253.320648,16285.959344,-91.706100,-5361.010266,82.664325,14.484462,False,False,False,False,False,True,False,2-circle,1.000000,123.330104,93.692527,97.749699,2.250301,6.307473,169.718405,76.235949,-4.671797,1,7,4,0.0000,0.0000,0.0000,0.5000,"SmartLowYoYo",0.092637
778,B0100,defensive,DBFM,9755.974653,106.636738,111.424145,141.269884,106.978246,13445.077062,253.320648,16285.959344,-91.706100,-5361.010266,82.664325,14.484462,False,False,False,False,False,True,False,2-circle,1.000000,123.330104,93.692527,97.749699,2.250301,6.307473,169.718405,76.235949,-4.671797,2,8,0,0.0000,0.0000,0.0000,0.5000,"Pursue",-0.268713
779,A0100,adaptive_eagle_v6h_e1c,DBFM,9726.890224,106.426196,112.632813,140.097072,106.808376,13428.328971,253.708834,16277.924611,-40.173666,-5336.932790,92.871676,14.546832,False,False,False,False,False,True,False,2-circle,1.000000,146.389850,93.692527,97.749699,2.250301,6.307473,170.017494,76.309179,-4.757731,1,7,4,0.0000,0.0000,0.0000,0.5000,"SmartLowYoYo",0.128737
779,B0100,defensive,DBFM,9726.890224,106.426196,112.632813,140.097072,106.808376,13428.328971,253.708834,16277.924611,-40.173666,-5336.932790,92.871676,14.546832,False,False,False,False,False,True,False,2-circle,1.000000,146.389850,93.692527,97.749699,2.250301,6.307473,170.017494,76.309179,-4.757731,2,8,0,0.0000,0.0000,0.0000,0.5000,"Pursue",-0.358431
780,A0100,adaptive_eagle_v6h_e1c,DBFM,9693.924296,106.040479,114.238139,138.659448,106.458672,13411.053098,253.931241,16265.646964,-61.388235,-5289.207121,106.630547,16.412712,False,False,False,False,False,True,False,2-circle,1.000000,168.089898,93.692527,97.749699,2.250301,6.307473,171.690835,77.823374,-4.815454,3,7,3,0.0000,0.0000,0.0000,0.5000,"SmartLowYoYo",0.153653
780,B0100,defensive,DBFM,9693.924296,106.040479,114.238139,138.659448,106.458672,13411.053098,253.931241,16265.646964,-61.388235,-5289.207121,106.630547,16.412712,False,False,False,False,False,True,False,2-circle,1.000000,168.089898,93.692527,97.749699,2.250301,6.307473,171.690835,77.823374,-4.815454,2,8,0,0.0000,0.0000,0.0000,0.5000,"Pursue",-0.413858
781,A0100,adaptive_eagle_v6h_e1c,DBFM,9655.901058,105.646213,116.068191,137.039827,106.101802,13393.252108,254.177907,16253.394510,-61.262270,-5226.009133,121.730900,18.557885,False,False,False,False,False,True,False,2-circle,1.000000,188.416302,93.692527,97.749699,2.250301,6.307473,173.182305,79.202919,-4.977863,3,7,3,0.0000,0.0000,0.0000,0.5000,"SmartLowYoYo",0.155173
781,B0100,defensive,DBFM,9655.901058,105.646213,116.068191,137.039827,106.101802,13393.252108,254.177907,16253.394510,-61.262270,-5226.009133,121.730900,18.557885,False,False,False,False,False,True,False,2-circle,1.000000,188.416302,93.692527,97.749699,2.250301,6.307473,173.182305,79.202919,-4.977863,2,8,0,0.0000,0.0000,0.0000,0.5000,"Pursue",-0.403028
782,A0100,adaptive_eagle_v6h_e1c,DBFM,9612.960113,105.281539,117.835952,135.532434,105.778198,13374.868407,254.493251,16242.112032,-56.412387,-5166.727041,136.018252,20.221230,False,False,False,False,False,True,False,2-circle,1.000000,208.292906,93.692527,97.749699,2.250301,6.307473,174.155881,80.081748,-5.256900,3,7,3,0.0000,0.0000,0.0000,0.5000,"SmartLowYoYo",0.153724
782,B0100,defensive,DBFM,9612.960113,105.281539,117.835952,135.532434,105.778198,13374.868407,254.493251,16242.112032,-56.412387,-5166.727041,136.018252,20.221230,False,False,False,False,False,True,False,2-circle,1.000000,208.292906,93.692527,97.749699,2.250301,6.307473,174.155881,80.081748,-5.256900,2,8,0,0.0000,0.0000,0.0000,0.5000,"Pursue",-0.385090
783,A0100,adaptive_eagle_v6h_e1c,DBFM,9565.392061,104.930944,119.520796,134.185548,105.472960,13355.850527,254.860157,16231.367607,-53.722125,-5108.274107,149.426281,21.245831,False,False,False,False,False,True,False,2-circle,1.000000,228.800474,93.692527,97.749699,2.250301,6.307473,174.737476,80.561663,-5.617931,3,7,3,0.0000,0.0000,0.0000,0.5000,"SmartLowYoYo",0.146743
783,B0100,defensive,DBFM,9565.392061,104.930944,119.520796,134.185548,105.472960,13355.850527,254.860157,16231.367607,-53.722125,-5108.274107,149.426281,21.245831,False,False,False,False,False,True,False,2-circle,1.000000,228.800474,93.692527,97.749699,2.250301,6.307473,174.737476,80.561663,-5.617931,2,8,0,0.0000,0.0000,0.0000,0.5000,"Pursue",-0.340221
784,A0100,adaptive_eagle_v6h_e1c,DBFM,9513.292019,104.162326,121.081934,133.485142,104.739433,13336.207880,254.813297,16210.667626,-103.499905,-5063.202290,164.077396,16.019902,False,False,False,False,False,True,False,2-circle,1.000000,250.955925,93.692527,97.749699,2.250301,6.307473,171.862782,77.561446,-5.898283,3,7,3,0.0000,0.0000,0.0000,0.5000,"SmartLowYoYo",0.102916
784,B0100,defensive,DBFM,9513.292019,104.162326,121.081934,133.485142,104.739433,13336.207880,254.813297,16210.667626,-103.499905,-5063.202290,164.077396,16.019902,False,False,False,False,False,True,False,2-circle,1.000000,250.955925,93.692527,97.749699,2.250301,6.307473,171.862782,77.561446,-5.898283,2,2,3,0.0000,0.0000,0.0000,0.5000,"Pursue",-0.196684
785,A0100,adaptive_eagle_v6h_e1c,DBFM,9456.099787,102.627608,122.161726,134.117241,103.194875,13316.348129,255.522362,16206.827577,-19.200245,-5022.879349,179.475371,8.998033,False,False,False,False,False,True,False,2-circle,1.000000,275.127649,93.692527,97.749699,2.250301,6.307473,163.060331,68.607360,-5.881908,3,7,3,0.0000,0.0000,0.0000,0.5000,"SmartLowYoYo",0.098837
785,B0100,defensive,DBFM,9456.099787,102.627608,122.161726,134.117241,103.194875,13316.348129,255.522362,16206.827577,-19.200245,-5022.879349,179.475371,8.998033,False,False,False,False,False,True,False,2-circle,1.000000,275.127649,93.692527,97.749699,2.250301,6.307473,163.060331,68.607360,-5.881908,2,2,3,0.0000,0.0000,0.0000,0.5000,"Pursue",-0.172064
786,A0100,adaptive_eagle_v6h_e1c,DBFM,9393.679513,100.905282,123.173437,135.089644,101.416881,13297.238923,255.917262,16196.659511,-50.840330,-5000.207876,195.593905,5.336877,False,False,False,False,False,True,False,2-circle,1.000000,300.084016,93.692527,97.749699,2.250301,6.307473,151.195516,56.587889,-5.330618,1,7,4,0.0000,0.0000,0.0000,0.5000,"SmartHighYoYo",0.115050
786,B0100,defensive,DBFM,9393.679513,100.905282,123.173437,135.089644,101.416881,13297.238923,255.917262,16196.659511,-50.840330,-5000.207876,195.593905,5.336877,False,False,False,False,False,True,False,2-circle,1.000000,300.084016,93.692527,97.749699,2.250301,6.307473,151.195516,56.587889,-5.330618,2,2,3,0.0000,0.0000,0.0000,0.5000,"Pursue",-0.222570
787,A0100,adaptive_eagle_v6h_e1c,DBFM,9326.215356,99.759072,124.306240,135.385920,100.200192,13279.911800,256.574920,16194.253457,-12.030269,-4961.485332,209.289761,3.400651,False,False,False,False,False,True,False,2-circle,1.000000,324.577916,93.692527,97.749699,2.250301,6.307473,138.819291,44.071290,-4.141303,1,7,4,0.0000,0.0000,0.0000,0.5000,"SmartHighYoYo",0.126434
787,B0100,defensive,DBFM,9326.215356,99.759072,124.306240,135.385920,100.200192,13279.911800,256.574920,16194.253457,-12.030269,-4961.485332,209.289761,3.400651,False,False,False,False,False,True,False,2-circle,1.000000,324.577916,93.692527,97.749699,2.250301,6.307473,138.819291,44.071290,-4.141303,2,2,3,0.0000,0.0000,0.0000,0.5000,"Pursue",-0.265075
788,A0100,adaptive_eagle_v6h_e1c,DBFM,9254.676423,99.285665,125.495882,134.902666,99.651829,13265.061950,257.451079,16199.341534,25.440382,-4914.537832,219.620758,2.167657,False,False,False,False,False,True,False,2-circle,1.000000,347.499836,93.692527,97.749699,2.250301,6.307473,126.619479,31.758026,-2.723952,1,7,4,0.0000,0.0000,0.0000,0.5000,"SmartHighYoYo",0.135924
788,B0100,defensive,DBFM,9254.676423,99.285665,125.495882,134.902666,99.651829,13265.061950,257.451079,16199.341534,25.440382,-4914.537832,219.620758,2.167657,False,False,False,False,False,True,False,2-circle,1.000000,347.499836,93.692527,97.749699,2.250301,6.307473,126.619479,31.758026,-2.723952,2,2,3,0.0000,0.0000,0.0000,0.5000,"Pursue",-0.303720
789,A0100,adaptive_eagle_v6h_e1c,DBFM,9180.235525,99.500423,126.710746,133.624931,99.794233,13252.980790,258.496907,16211.148271,59.033685,-4864.523517,226.284280,1.241228,False,False,False,False,False,True,False,2-circle,1.000000,368.070358,93.692527,97.749699,2.250301,6.307473,114.526993,19.585511,-2.022808,4,7,3,0.0000,0.0000,0.0000,0.5000,"SmartHighYoYo",0.193654
789,B0100,defensive,DBFM,9180.235525,99.500423,126.710746,133.624931,99.794233,13252.980790,258.496907,16211.148271,59.033685,-4864.523517,226.284280,1.241228,False,False,False,False,False,True,False,2-circle,1.000000,368.070358,93.692527,97.749699,2.250301,6.307473,114.526993,19.585511,-2.022808,2,2,3,0.0000,0.0000,0.0000,0.5000,"Pursue",-0.439773
790,A0100,adaptive_eagle_v6h_e1c,DBFM,9103.801737,100.320196,128.348363,131.259993,100.545368,13243.665234,259.618513,16227.559125,82.054270,-4783.494429,231.765363,0.422067,False,False,False,False,False,True,False,2-circle,1.000000,385.854616,93.692527,97.749699,2.250301,6.307473,101.913590,6.926492,-1.338145,1,7,4,0.0000,0.0000,0.0000,0.5000,"SmartHighYoYo",0.184069
790,B0100,defensive,DBFM,9103.801737,100.320196,128.348363,131.259993,100.545368,13243.665234,259.618513,16227.559125,82.054270,-4783.494429,231.765363,0.422067,False,False,False,False,False,True,False,2-circle,1.000000,385.854616,93.692527,97.749699,2.250301,6.307473,101.913590,6.926492,-1.338145,2,2,3,0.0000,0.0000,0.0000,0.5000,"Pursue",-0.424343
791,A0100,adaptive_eagle_v6h_e1c,DBFM,9025.848947,101.665042,129.838250,128.480122,101.819545,13237.022427,260.582926,16243.126215,77.835450,-4718.536806,233.377216,0.394993,False,False,False,False,False,True,False,2-circle,1.000000,401.180385,93.692527,97.749699,2.250301,6.307473,88.498459,-6.508815,0.069615,1,7,4,0.0000,0.0000,0.0000,0.5000,"SmartHighYoYo",0.151072
791,B0100,defensive,DBFM,9025.848947,101.665042,129.838250,128.480122,101.819545,13237.022427,260.582926,16243.126215,77.835450,-4718.536806,233.377216,0.394993,False,False,False,False,False,True,False,2-circle,1.000000,401.180385,93.692527,97.749699,2.250301,6.307473,88.498459,-6.508815,0.069615,2,2,3,0.0000,0.0000,0.0000,0.5000,"Pursue",-0.365335
792,A0100,adaptive_eagle_v6h_e1c,DBFM,8948.202085,103.578786,130.992878,125.428334,103.651227,13233.291546,261.452133,16259.483242,81.785138,-4688.105454,230.138898,1.285973,False,False,False,False,False,True,False,2-circle,1.000000,413.604161,93.692527,97.749699,2.250301,6.307473,74.560586,-20.437274,3.746240,1,7,4,0.0000,0.0000,0.0000,0.5000,"SmartHighYoYo",0.167202
792,B0100,defensive,DBFM,8948.202085,103.578786,130.992878,125.428334,103.651227,13233.291546,261.452133,16259.483242,81.785138,-4688.105454,230.138898,1.285973,False,False,False,False,False,True,False,2-circle,1.000000,413.604161,93.692527,97.749699,2.250301,6.307473,74.560586,-20.437274,3.746240,2,2,3,0.0000,0.0000,0.0000,0.5000,"Pursue",-0.407705
793,A0100,adaptive_eagle_v6h_e1c,DBFM,8872.013030,106.134681,132.191980,121.662315,106.123806,13232.793926,262.069122,16273.285233,69.009951,-4668.039102,223.704734,2.325958,False,False,False,False,False,True,False,2-circle,1.000000,422.365794,93.692527,97.749699,2.250301,6.307473,60.911638,-34.040787,7.591436,1,7,4,0.0000,0.0000,0.0000,0.5000,"SmartHighYoYo",0.179606
793,B0100,defensive,DBFM,8872.013030,106.134681,132.191980,121.662315,106.123806,13232.793926,262.069122,16273.285233,69.009951,-4668.039102,223.704734,2.325958,False,False,False,False,False,True,False,2-circle,1.000000,422.365794,93.692527,97.749699,2.250301,6.307473,60.911638,-34.040787,7.591436,2,2,3,0.0000,0.0000,0.0000,0.5000,"Pursue",-0.437925
794,A0100,adaptive_eagle_v6h_e1c,DBFM,8798.329349,109.288316,133.392868,117.288848,109.211005,13235.527611,262.387009,16283.399552,50.571598,-4663.232822,214.266349,3.641876,False,False,False,False,False,True,False,2-circle,1.000000,426.942763,93.692527,97.749699,2.250301,6.307473,48.225706,-46.642268,10.521852,1,7,4,0.0000,0.0000,0.0000,0.5000,"SmartHighYoYo",0.190871
794,B0100,defensive,DBFM,8798.329349,109.288316,133.392868,117.288848,109.211005,13235.527611,262.387009,16283.399552,50.571598,-4663.232822,214.266349,3.641876,False,False,False,False,False,True,False,2-circle,1.000000,426.942763,93.692527,97.749699,2.250301,6.307473,48.225706,-46.642268,10.521852,2,2,3,0.0000,0.0000,0.0000,0.5000,"Pursue",-0.458561
795,A0100,adaptive_eagle_v6h_e1c,DBFM,8728.016885,112.902197,134.577880,112.482737,112.787036,13241.092137,262.494974,16291.472820,40.366337,-4671.747337,202.656457,5.474579,False,False,False,False,False,True,False,2-circle,1.000000,427.193688,93.692527,97.749699,2.250301,6.307473,36.868306,-57.877474,12.392962,1,7,4,0.0000,0.0000,0.0000,0.5000,"SmartHighYoYo",0.272012
795,B0100,defensive,DBFM,8728.016885,112.902197,134.577880,112.482737,112.787036,13241.092137,262.494974,16291.472820,40.366337,-4671.747337,202.656457,5.474579,False,False,False,False,False,True,False,2-circle,1.000000,427.193688,93.692527,97.749699,2.250301,6.307473,36.868306,-57.877474,12.392962,2,2,3,0.0000,0.0000,0.0000,0.5000,"Pursue",-0.594559
796,A0100,adaptive_eagle_v6h_e1c,DBFM,8661.450073,116.830623,136.169488,106.974209,116.706800,13248.831592,262.469095,16298.610839,35.690096,-4658.475225,191.662936,8.425321,False,False,False,False,False,True,False,2-circle,1.000000,423.198512,93.692527,97.749699,2.250301,6.307473,26.782600,-67.806867,13.272646,1,7,4,0.0000,0.0000,0.0000,0.5000,"SmartHighYoYo",0.336359
796,B0100,defensive,DBFM,8661.450073,116.830623,136.169488,106.974209,116.706800,13248.831592,262.469095,16298.610839,35.690096,-4658.475225,191.662936,8.425321,False,False,False,False,False,True,False,2-circle,1.000000,423.198512,93.692527,97.749699,2.250301,6.307473,26.782600,-67.806867,13.272646,2,2,3,0.0000,0.0000,0.0000,0.5000,"Pursue",-0.682697
797,A0100,adaptive_eagle_v6h_e1c,DBFM,8598.193253,120.942188,138.039887,101.003711,120.830700,13257.993118,262.371473,16305.504132,34.466468,-4634.177459,181.446408,14.491730,False,False,False,False,False,True,False,2-circle,1.000000,415.662762,93.692527,97.749699,2.250301,6.307473,17.755222,-76.654277,13.327133,1,7,4,0.0000,0.0000,0.0000,0.5000,"SmartHighYoYo",0.277408
797,B0100,defensive,DBFM,8598.193253,120.942188,138.039887,101.003711,120.830700,13257.993118,262.371473,16305.504132,34.466468,-4634.177459,181.446408,14.491730,False,False,False,False,False,True,False,2-circle,1.000000,415.662762,93.692527,97.749699,2.250301,6.307473,17.755222,-76.654277,13.327133,2,2,3,0.0000,0.0000,0.0000,0.5000,"Pursue",-0.559959
798,A0100,adaptive_eagle_v6h_e1c,DBFM,8538.490787,125.155828,139.489176,95.348375,125.065779,13267.823563,262.348927,16314.810865,46.533663,-4647.439537,169.665877,35.996765,False,False,False,False,False,True,False,2-circle,1.000000,406.126092,93.692527,97.749699,2.250301,6.307473,9.677581,-84.544786,12.608802,4,7,3,0.0000,0.0000,0.0000,0.5000,"SmartHighYoYo",0.336086
798,B0100,defensive,DBFM,8538.490787,125.155828,139.489176,95.348375,125.065779,13267.823563,262.348927,16314.810865,46.533663,-4647.439537,169.665877,35.996765,False,False,False,False,False,True,False,2-circle,1.000000,406.126092,93.692527,97.749699,2.250301,6.307473,9.677581,-84.544786,12.608802,2,2,3,0.0000,0.0000,0.0000,0.5000,"Pursue",-0.629137
799,A0100,adaptive_eagle_v6h_e1c,DBFM,8482.496960,129.372084,141.136767,89.491022,129.300950,13277.525510,260.785955,16288.315441,-132.477118,-4703.629098,160.630029,198.071077,False,False,False,False,False,True,False,1-circle,1.000000,395.585748,93.692527,97.749699,2.250301,6.307473,2.307936,-91.729519,11.167813,1,7,4,0.0000,0.0000,0.0000,0.5000,"SmartHighYoYo",0.434108
799,B0100,defensive,DBFM,8482.496960,129.372084,141.136767,89.491022,129.300950,13277.525510,260.785955,16288.315441,-132.477118,-4703.629098,160.630029,198.071077,False,False,False,False,False,True,False,1-circle,1.000000,395.585748,93.692527,97.749699,2.250301,6.307473,2.307936,-91.729519,11.167813,2,2,3,0.0000,0.0000,0.0000,0.5000,"Pursue",-0.737277
800,A0100,adaptive_eagle_v6h_e1c,DBFM,8428.845836,133.157778,143.148086,83.690614,133.096782,13286.295488,259.399134,16265.148693,-115.833740,-4729.122517,155.451113,199.080672,False,False,False,False,False,True,False,1-circle,1.000000,385.241377,93.692527,97.749699,2.250301,6.307473,0.255505,-93.611690,9.384586,1,7,4,0.0000,0.0000,0.0000,0.5000,"SmartHighYoYo",0.360848
800,B0100,defensive,DBFM,8428.845836,133.157778,143.148086,83.690614,133.096782,13286.295488,259.399134,16265.148693,-115.833740,-4729.122517,155.451113,199.080672,False,False,False,False,False,True,False,1-circle,1.000000,385.241377,93.692527,97.749699,2.250301,6.307473,0.255505,-93.611690,9.384586,2,2,3,0.0000,0.0000,0.0000,0.5000,"Pursue",-0.583626
801,A0100,adaptive_eagle_v6h_e1c,DBFM,8376.692159,136.211713,144.711476,79.065969,136.157166,13293.920044,258.794333,16258.898765,-31.249641,-4764.819174,151.621575,70.074657,False,False,False,False,False,True,False,1-circle,1.000000,376.077620,93.692527,97.749699,2.250301,6.307473,6.564574,-87.154902,7.964323,1,7,4,0.0000,0.0000,0.0000,0.5000,"SmartHighYoYo",0.366930
801,B0100,defensive,DBFM,8376.692159,136.211713,144.711476,79.065969,136.157166,13293.920044,258.794333,16258.898765,-31.249641,-4764.819174,151.621575,70.074657,False,False,False,False,False,True,False,1-circle,1.000000,376.077620,93.692527,97.749699,2.250301,6.307473,6.564574,-87.154902,7.964323,2,2,3,0.0000,0.0000,0.0000,0.5000,"Pursue",-0.573097
802,A0100,adaptive_eagle_v6h_e1c,DBFM,8325.875099,139.473923,146.175930,74.330124,139.426461,13300.670018,257.879574,16244.725200,-70.867823,-4823.374480,147.579464,24.625349,False,False,False,False,False,True,False,1-circle,1.000000,367.779998,93.692527,97.749699,2.250301,6.307473,11.665016,-81.923857,7.175779,1,7,4,0.0000,0.0000,0.0000,0.5000,"SmartHighYoYo",0.430586
802,B0100,defensive,DBFM,8325.875099,139.473923,146.175930,74.330124,139.426461,13300.670018,257.879574,16244.725200,-70.867823,-4823.374480,147.579464,24.625349,False,False,False,False,False,True,False,1-circle,1.000000,367.779998,93.692527,97.749699,2.250301,6.307473,11.665016,-81.923857,7.175779,2,2,3,0.0000,0.0000,0.0000,0.5000,"Pursue",-0.649584
803,A0100,adaptive_eagle_v6h_e1c,DBFM,8276.590014,143.559786,147.744614,68.664057,143.520536,13306.932769,256.016292,16208.597727,-180.637367,-4909.728277,142.758898,30.585716,False,False,False,False,False,True,False,1-circle,1.000000,359.640806,93.692527,97.749699,2.250301,6.307473,10.030716,-83.437141,6.813570,1,7,4,0.0000,0.0000,0.0000,0.5000,"SmartHighYoYo",0.493757
803,B0100,defensive,DBFM,8276.590014,143.559786,147.744614,68.664057,143.520536,13306.932769,256.016292,16208.597727,-180.637367,-4909.728277,142.758898,30.585716,False,False,False,False,False,True,False,1-circle,1.000000,359.640806,93.692527,97.749699,2.250301,6.307473,10.030716,-83.437141,6.813570,2,2,3,0.0000,0.0000,0.0000,0.5000,"Pursue",-0.704968
804,A0100,adaptive_eagle_v6h_e1c,DBFM,8228.801229,147.851883,149.368603,62.720334,147.819352,13312.760232,253.935034,16167.439386,-205.791703,-5003.914460,138.984748,197.974522,False,False,False,False,False,True,False,1-circle,1.000000,351.145700,93.692527,97.749699,2.250301,6.307473,4.377436,-88.973656,6.410949,1,7,4,0.0000,0.0000,0.0000,0.5000,"SmartHighYoYo",0.560067
804,B0100,defensive,DBFM,8228.801229,147.851883,149.368603,62.720334,147.819352,13312.760232,253.935034,16167.439386,-205.791703,-5003.914460,138.984748,197.974522,False,False,False,False,False,True,False,1-circle,1.000000,351.145700,93.692527,97.749699,2.250301,6.307473,4.377436,-88.973656,6.410949,2,2,3,0.0000,0.0000,0.0000,0.5000,"Pursue",-0.743052
805,A0100,adaptive_eagle_v6h_e1c,DBFM,8181.897414,151.544457,151.015478,57.311715,151.518794,13317.691545,252.498404,16140.161525,-136.389306,-5079.466296,137.534012,204.307708,False,False,False,False,False,True,False,1-circle,1.000000,342.261006,93.692527,97.749699,2.250301,6.307473,1.748460,-91.489211,5.839009,1,7,3,0.0000,0.0000,0.0000,0.5000,"LeadPursuit",0.791162
805,B0100,defensive,DBFM,8181.897414,151.544457,151.015478,57.311715,151.518794,13317.691545,252.498404,16140.161525,-136.389306,-5079.466296,137.534012,204.307708,False,False,False,False,False,True,False,1-circle,1.000000,342.261006,93.692527,97.749699,2.250301,6.307473,1.748460,-91.489211,5.839009,2,2,3,0.0000,0.0000,0.0000,0.5000,"Pursue",-0.953947
806,A0100,adaptive_eagle_v6h_e1c,DBFM,8134.991538,154.356134,153.083244,52.314985,154.342758,13321.539863,251.936727,16131.466787,-43.473691,-5097.219087,138.946977,49.532561,False,False,False,False,False,True,False,1-circle,1.000000,332.663155,93.692527,97.749699,2.250301,6.307473,7.250631,-85.873251,5.289955,1,6,3,0.0000,0.0000,0.0000,0.5000,"LeadPursuit",0.873902
806,B0100,defensive,DBFM,8134.991538,154.356134,153.083244,52.314985,154.342758,13321.539863,251.936727,16131.466787,-43.473691,-5097.219087,138.946977,49.532561,False,False,False,False,False,True,False,1-circle,1.000000,332.663155,93.692527,97.749699,2.250301,6.307473,7.250631,-85.873251,5.289955,2,2,3,0.0000,0.0000,0.0000,0.5000,"Pursue",-0.987934
807,A0100,adaptive_eagle_v6h_e1c,DBFM,8087.384332,157.229557,155.096343,47.309815,157.229491,13324.549597,251.218036,16118.467811,-64.994878,-5130.438238,140.573474,22.417756,False,False,False,False,False,True,False,1-circle,1.000000,322.145104,93.692527,97.749699,2.250301,6.307473,12.089840,-80.917720,4.946884,2,6,3,0.0000,0.0000,0.0000,0.5000,"LeadPursuit",1.029398
807,B0100,defensive,DBFM,8087.384332,157.229557,155.096343,47.309815,157.229491,13324.549597,251.218036,16118.467811,-64.994878,-5130.438238,140.573474,22.417756,False,False,False,False,False,True,False,1-circle,1.000000,322.145104,93.692527,97.749699,2.250301,6.307473,12.089840,-80.917720,4.946884,2,2,3,0.0000,0.0000,0.0000,0.5000,"Pursue",-1.097926
808,A0100,adaptive_eagle_v6h_e1c,DBFM,8039.301735,160.898385,157.147144,41.472349,160.908589,13327.101643,249.602161,16085.193584,-166.371135,-5196.223023,142.200500,26.764057,False,False,False,False,False,True,False,1-circle,1.000000,310.450661,93.692527,97.749699,2.250301,6.307473,10.559634,-82.326131,4.759655,2,6,3,0.0000,0.0000,0.0000,0.5000,"LeadPursuit",1.429868
808,B0100,defensive,DBFM,8039.301735,160.898385,157.147144,41.472349,160.908589,13327.101643,249.602161,16085.193584,-166.371135,-5196.223023,142.200500,26.764057,False,False,False,False,False,True,False,1-circle,1.000000,310.450661,93.692527,97.749699,2.250301,6.307473,10.559634,-82.326131,4.759655,2,2,3,0.0000,0.0000,0.0000,0.5000,"Pursue",-1.405141
809,A0100,adaptive_eagle_v6h_e1c,DBFM,7990.388781,164.789019,159.607379,34.985784,164.821436,13329.275148,247.718851,16045.903141,-196.452218,-5247.060372,145.154711,89.780487,False,False,False,False,False,True,False,1-circle,1.000000,297.814300,93.692527,97.749699,2.250301,6.307473,5.078110,-87.682801,4.467767,2,6,3,0.0000,0.0000,0.0000,0.5000,"LeadPursuit",1.742316
809,B0100,defensive,DBFM,7990.388781,164.789019,159.607379,34.985784,164.821436,13329.275148,247.718851,16045.903141,-196.452218,-5247.060372,145.154711,89.780487,False,False,False,False,False,True,False,1-circle,1.000000,297.814300,93.692527,97.749699,2.250301,6.307473,5.078110,-87.682801,4.467767,2,2,3,0.0000,0.0000,0.0000,0.5000,"Pursue",-1.566519
810,A0100,adaptive_eagle_v6h_e1c,DBFM,7940.344792,168.012692,162.131439,29.046605,168.114237,13330.642169,246.463291,16019.801563,-130.507889,-5282.545308,148.960579,209.166209,False,False,False,False,False,True,False,1-circle,1.000000,285.594355,93.692527,97.749699,2.250301,6.307473,2.446780,-90.198125,3.998476,2,5,3,0.0000,0.0000,0.0000,0.5000,"LeadPursuit",1.808253
810,B0100,defensive,DBFM,7940.344792,168.012692,162.131439,29.046605,168.114237,13330.642169,246.463291,16019.801563,-130.507889,-5282.545308,148.960579,209.166209,False,False,False,False,False,True,False,1-circle,1.000000,285.594355,93.692527,97.749699,2.250301,6.307473,2.446780,-90.198125,3.998476,2,2,3,0.0000,0.0000,0.0000,0.5000,"Pursue",-1.501026
811,A0100,adaptive_eagle_v6h_e1c,DBFM,7889.063326,170.295976,164.302417,24.373133,170.514735,13330.994199,246.065052,16011.470254,-41.656547,-5323.335496,152.670882,40.048600,False,False,False,False,False,True,False,1-circle,1.000000,274.889957,93.692527,97.749699,2.250301,6.307473,7.763889,-84.782870,3.540894,2,5,3,0.0000,0.0000,0.0000,0.5000,"LeadPursuit",2.154962
811,B0100,defensive,DBFM,7889.063326,170.295976,164.302417,24.373133,170.514735,13330.994199,246.065052,16011.470254,-41.656547,-5323.335496,152.670882,40.048600,False,False,False,False,False,True,False,1-circle,1.000000,274.889957,93.692527,97.749699,2.250301,6.307473,7.763889,-84.782870,3.540894,2,2,3,0.0000,0.0000,0.0000,0.5000,"Pursue",-1.668115
812,A0100,adaptive_eagle_v6h_e1c,DBFM,7836.609045,172.198347,166.372834,20.111240,172.577092,13330.500996,245.918002,16007.774271,-18.479913,-5366.713585,156.275453,15.664058,False,False,False,False,False,True,False,1-circle,1.000000,265.435877,93.692527,97.749699,2.250301,6.307473,15.610892,-76.852089,3.385969,2,4,3,0.0000,0.0000,0.0000,0.5000,"LeadPursuit",3.412963
812,B0100,defensive,DBFM,7836.609045,172.198347,166.372834,20.111240,172.577092,13330.500996,245.918002,16007.774271,-18.479913,-5366.713585,156.275453,15.664058,False,False,False,False,False,True,False,1-circle,1.000000,265.435877,93.692527,97.749699,2.250301,6.307473,15.610892,-76.852089,3.385969,2,2,3,0.0000,0.0000,0.0000,0.5000,"Pursue",-2.463434
813,A0100,adaptive_eagle_v6h_e1c,DBFM,7782.947542,174.494814,168.865108,14.986526,175.060925,13329.557058,245.197231,15991.159472,-83.073997,-5393.665809,159.976134,11.425215,False,False,False,False,False,True,False,1-circle,1.000000,256.674298,93.692527,97.749699,2.250301,6.307473,20.194283,-72.194050,3.605340,2,4,3,0.0000,0.0000,0.0000,0.5000,"LeadPursuit",6.193711
813,B0100,defensive,DBFM,7782.947542,174.494814,168.865108,14.986526,175.060925,13329.557058,245.197231,15991.159472,-83.073997,-5393.665809,159.976134,11.425215,False,False,False,False,False,True,False,1-circle,1.000000,256.674298,93.692527,97.749699,2.250301,6.307473,20.194283,-72.194050,3.605340,2,2,3,0.0000,0.0000,0.0000,0.5000,"Pursue",-4.191685
814,A0100,adaptive_eagle_v6h_e1c,DBFM,7728.064367,177.182200,172.099833,8.570508,178.226517,13328.759512,243.648638,15956.848297,-171.555873,-5387.553632,163.643278,13.542740,False,False,False,False,False,True,False,1-circle,1.000000,248.873048,93.692527,97.749699,2.250301,6.307473,17.576825,-74.748920,3.927567,2,4,3,0.0000,0.0000,0.0000,0.5000,"LeadPursuit",7.913143
814,B0100,defensive,DBFM,7728.064367,177.182200,172.099833,8.570508,178.226517,13328.759512,243.648638,15956.848297,-171.555873,-5387.553632,163.643278,13.542740,False,False,False,False,False,True,False,1-circle,1.000000,248.873048,93.692527,97.749699,2.250301,6.307473,17.576825,-74.748920,3.927567,2,2,3,0.0000,0.0000,0.0000,0.5000,"Pursue",-5.396428
815,A0100,adaptive_eagle_v6h_e1c,DBFM,7672.052513,177.369556,175.293233,2.263944,-178.415995,13328.269056,241.872761,15918.186863,-193.307169,-5391.391342,167.181219,24.227336,False,False,False,False,False,True,False,1-circle,-1.000000,244.101276,93.692527,97.749699,2.250301,6.307473,11.021857,-81.272845,4.053414,2,4,3,0.0000,0.0000,0.0000,0.5000,"LeadPursuit",1.124533
815,B0100,defensive,DBFM,7672.052513,177.369556,175.293233,2.263944,-178.415995,13328.269056,241.872761,15918.186863,-193.307169,-5391.391342,167.181219,24.227336,False,False,False,False,False,True,False,1-circle,-1.000000,244.101276,93.692527,97.749699,2.250301,6.307473,11.021857,-81.272845,4.053414,2,2,3,0.0000,0.0000,0.0000,0.5000,"Pursue",-0.791437
816,A0100,adaptive_eagle_v6h_e1c,DBFM,7615.119437,175.014810,177.957659,2.966605,-175.645539,13327.556064,240.708822,15892.607478,-127.896925,-5391.281401,169.762002,40.496031,False,False,False,False,False,True,False,1-circle,-1.000000,244.685771,93.692527,97.749699,2.250301,6.307473,7.588864,-84.728018,3.931296,2,4,3,0.0000,0.0000,0.0000,0.5000,"LeadPursuit",-4.893368
816,B0100,defensive,DBFM,7615.119437,175.014810,177.957659,2.966605,-175.645539,13327.556064,240.708822,15892.607478,-127.896925,-5391.281401,169.762002,40.496031,False,False,False,False,False,True,False,1-circle,-1.000000,244.685771,93.692527,97.749699,2.250301,6.307473,7.588864,-84.728018,3.931296,2,2,3,0.0000,0.0000,0.0000,0.5000,"Pursue",3.471624
817,A0100,adaptive_eagle_v6h_e1c,DBFM,7557.726035,173.122260,178.526809,6.443468,-173.750338,13326.216814,240.386019,15884.393104,-41.071868,-5399.101707,171.403529,20.961654,False,False,False,False,False,True,False,1-circle,-1.000000,251.691729,93.692527,97.749699,2.250301,6.307473,12.523415,-79.879102,3.762127,2,4,3,0.0000,0.0000,0.0000,0.5000,"LeadPursuit",-2.398486
817,B0100,defensive,DBFM,7557.726035,173.122260,178.526809,6.443468,-173.750338,13326.216814,240.386019,15884.393104,-41.071868,-5399.101707,171.403529,20.961654,False,False,False,False,False,True,False,1-circle,-1.000000,251.691729,93.692527,97.749699,2.250301,6.307473,12.523415,-79.879102,3.762127,2,2,3,0.0000,0.0000,0.0000,0.5000,"Pursue",1.635426
818,A0100,adaptive_eagle_v6h_e1c,DBFM,7499.821314,171.205400,178.100220,8.901762,-171.790881,13324.349398,239.926102,15872.746215,-58.234446,-5439.722514,174.098475,13.931192,False,False,False,False,False,True,False,1-circle,-1.000000,262.868835,93.692527,97.749699,2.250301,6.307473,17.592388,-74.938556,3.701963,2,4,3,0.0000,0.0000,0.0000,0.5000,"LeadPursuit",1.428575
818,B0100,defensive,DBFM,7499.821314,171.205400,178.100220,8.901762,-171.790881,13324.349398,239.926102,15872.746215,-58.234446,-5439.722514,174.098475,13.931192,False,False,False,False,False,True,False,1-circle,-1.000000,262.868835,93.692527,97.749699,2.250301,6.307473,17.592388,-74.938556,3.701963,2,2,3,0.0000,0.0000,0.0000,0.5000,"Pursue",-0.917202
819,A0100,adaptive_eagle_v6h_e1c,DBFM,7440.455173,168.592180,178.904692,11.377244,-169.041699,13322.427170,238.610554,15842.954177,-148.960193,-5560.140810,180.374376,14.780754,False,False,False,False,False,True,False,1-circle,-1.000000,274.555523,93.692527,97.749699,2.250301,6.307473,16.974503,-75.693865,3.738800,2,4,3,0.0000,0.0000,0.0000,0.5000,"LeadPursuit",3.878835
819,B0100,defensive,DBFM,7440.455173,168.592180,178.904692,11.377244,-169.041699,13322.427170,238.610554,15842.954177,-148.960193,-5560.140810,180.374376,14.780754,False,False,False,False,False,True,False,1-circle,-1.000000,274.555523,93.692527,97.749699,2.250301,6.307473,16.974503,-75.693865,3.738800,2,2,3,0.0000,0.0000,0.0000,0.5000,"Pursue",-2.624717
820,A0100,adaptive_eagle_v6h_e1c,DBFM,7378.475948,165.655322,179.576592,14.435561,-166.018078,13320.690252,237.018815,15807.701238,-176.264694,-5710.009595,188.259860,22.013488,False,False,False,False,False,True,False,1-circle,-1.000000,283.050223,93.692527,97.749699,2.250301,6.307473,12.559163,-80.220732,3.702320,2,4,3,0.0000,0.0000,0.0000,0.5000,"LeadPursuit",3.881175
820,B0100,defensive,DBFM,7378.475948,165.655322,179.576592,14.435561,-166.018078,13320.690252,237.018815,15807.701238,-176.264694,-5710.009595,188.259860,22.013488,False,False,False,False,False,True,False,1-circle,-1.000000,283.050223,93.692527,97.749699,2.250301,6.307473,12.559163,-80.220732,3.702320,2,2,3,0.0000,0.0000,0.0000,0.5000,"Pursue",-2.834530
821,A0100,adaptive_eagle_v6h_e1c,DBFM,7313.674266,162.797053,178.248490,17.635561,-163.158536,13318.802247,235.640711,15776.976729,-153.622542,-5866.585706,196.421996,61.677803,False,False,False,False,False,True,False,1-circle,-1.000000,288.282735,93.692527,97.749699,2.250301,6.307473,6.404847,-86.459562,3.389105,2,4,3,0.0000,0.0000,0.0000,0.5000,"LeadPursuit",3.011618
821,B0100,defensive,DBFM,7313.674266,162.797053,178.248490,17.635561,-163.158536,13318.802247,235.640711,15776.976729,-153.622542,-5866.585706,196.421996,61.677803,False,False,False,False,False,True,False,1-circle,-1.000000,288.282735,93.692527,97.749699,2.250301,6.307473,6.404847,-86.459562,3.389105,2,2,3,0.0000,0.0000,0.0000,0.5000,"Pursue",-2.449503
822,A0100,adaptive_eagle_v6h_e1c,DBFM,7246.078702,160.358043,177.127730,20.443930,-160.788199,13316.234373,234.780487,15756.494126,-102.413018,-6015.797658,203.890829,217.593580,False,False,False,False,False,True,False,1-circle,-1.000000,291.266942,93.692527,97.749699,2.250301,6.307473,3.939596,-88.991620,2.824797,2,4,3,0.0000,0.0000,0.0000,0.5000,"LeadPursuit",1.207930
822,B0100,defensive,DBFM,7246.078702,160.358043,177.127730,20.443930,-160.788199,13316.234373,234.780487,15756.494126,-102.413018,-6015.797658,203.890829,217.593580,False,False,False,False,False,True,False,1-circle,-1.000000,291.266942,93.692527,97.749699,2.250301,6.307473,3.939596,-88.991620,2.824797,2,2,3,0.0000,0.0000,0.0000,0.5000,"Pursue",-1.065869
823,A0100,adaptive_eagle_v6h_e1c,DBFM,7176.216851,158.710408,176.169091,22.464400,-159.223012,13312.748072,234.686211,15751.048447,-27.228391,-6145.680307,209.456122,34.111023,False,False,False,False,False,True,False,1-circle,-1.000000,292.715722,93.692527,97.749699,2.250301,6.307473,9.395602,-83.590890,2.266333,2,4,3,0.0000,0.0000,0.0000,0.5000,"LeadPursuit",-1.227053
823,B0100,defensive,DBFM,7176.216851,158.710408,176.169091,22.464400,-159.223012,13312.748072,234.686211,15751.048447,-27.228391,-6145.680307,209.456122,34.111023,False,False,False,False,False,True,False,1-circle,-1.000000,292.715722,93.692527,97.749699,2.250301,6.307473,9.395602,-83.590890,2.266333,2,2,3,0.0000,0.0000,0.0000,0.5000,"Pursue",1.127108
824,A0100,adaptive_eagle_v6h_e1c,DBFM,7104.677281,157.345446,175.702453,24.201643,-157.918612,13308.465326,234.779856,15748.711949,-11.682491,-6238.044437,213.884710,14.690939,False,False,False,False,False,True,False,1-circle,-1.000000,293.286722,93.692527,97.749699,2.250301,6.307473,17.649616,-75.386485,2.016047,2,4,3,0.0000,0.0000,0.0000,0.5000,"LeadPursuit",-1.532644
824,B0100,defensive,DBFM,7104.677281,157.345446,175.702453,24.201643,-157.918612,13308.465326,234.779856,15748.711949,-11.682491,-6238.044437,213.884710,14.690939,False,False,False,False,False,True,False,1-circle,-1.000000,293.286722,93.692527,97.749699,2.250301,6.307473,17.649616,-75.386485,2.016047,2,2,3,0.0000,0.0000,0.0000,0.5000,"Pursue",1.327651
825,A0100,adaptive_eagle_v6h_e1c,DBFM,7031.397718,155.595959,175.005026,26.447721,-156.143840,13303.772048,234.304528,15734.147784,-72.820826,-6371.878835,220.220057,10.532228,False,False,False,False,False,True,False,1-circle,-1.000000,293.516833,93.692527,97.749699,2.250301,6.307473,23.109072,-69.976529,2.165937,2,4,3,0.0000,0.0000,0.0000,0.5000,"LeadPursuit",-1.982822
825,B0100,defensive,DBFM,7031.397718,155.595959,175.005026,26.447721,-156.143840,13303.772048,234.304528,15734.147784,-72.820826,-6371.878835,220.220057,10.532228,False,False,False,False,False,True,False,1-circle,-1.000000,293.516833,93.692527,97.749699,2.250301,6.307473,23.109072,-69.976529,2.165937,2,2,3,0.0000,0.0000,0.0000,0.5000,"Pursue",1.613662
826,A0100,adaptive_eagle_v6h_e1c,DBFM,6955.396461,153.274820,174.140355,29.355559,-153.726439,13299.302296,233.104905,15704.855029,-146.463775,-6553.238617,229.130435,11.401640,False,False,False,False,False,True,False,1-circle,-1.000000,291.623296,93.692527,97.749699,2.250301,6.307473,21.811105,-71.305792,2.485269,2,4,3,0.0000,0.0000,0.0000,0.5000,"LeadPursuit",-2.004273
826,B0100,defensive,DBFM,6955.396461,153.274820,174.140355,29.355559,-153.726439,13299.302296,233.104905,15704.855029,-146.463775,-6553.238617,229.130435,11.401640,False,False,False,False,False,True,False,1-circle,-1.000000,291.623296,93.692527,97.749699,2.250301,6.307473,21.811105,-71.305792,2.485269,2,2,3,0.0000,0.0000,0.0000,0.5000,"Pursue",1.540493
827,A0100,adaptive_eagle_v6h_e1c,DBFM,6876.235419,150.858510,173.758695,32.347328,-151.245122,13295.248450,231.845404,15674.876292,-149.893685,-6696.528602,238.058949,16.406577,False,False,False,False,False,True,False,1-circle,-1.000000,287.944903,93.692527,97.749699,2.250301,6.307473,16.434608,-76.698595,2.716019,2,4,3,0.0000,0.0000,0.0000,0.5000,"LeadPursuit",-1.968600
827,B0100,defensive,DBFM,6876.235419,150.858510,173.758695,32.347328,-151.245122,13295.248450,231.845404,15674.876292,-149.893685,-6696.528602,238.058949,16.406577,False,False,False,False,False,True,False,1-circle,-1.000000,287.944903,93.692527,97.749699,2.250301,6.307473,16.434608,-76.698595,2.716019,2,2,3,0.0000,0.0000,0.0000,0.5000,"Pursue",1.446507
828,A0100,adaptive_eagle_v6h_e1c,DBFM,6794.064680,148.512009,173.367871,35.255357,-148.889374,13291.229854,230.766013,15648.751839,-130.622263,-6844.680948,247.191730,34.559189,False,False,False,False,False,True,False,1-circle,-1.000000,284.172039,93.692527,97.749699,2.250301,6.307473,9.585705,-83.566608,2.624116,2,4,3,0.0000,0.0000,0.0000,0.5000,"LeadPursuit",-1.785606
828,B0100,defensive,DBFM,6794.064680,148.512009,173.367871,35.255357,-148.889374,13291.229854,230.766013,15648.751839,-130.622263,-6844.680948,247.191730,34.559189,False,False,False,False,False,True,False,1-circle,-1.000000,284.172039,93.692527,97.749699,2.250301,6.307473,9.585705,-83.566608,2.624116,2,2,3,0.0000,0.0000,0.0000,0.5000,"Pursue",1.270006
829,A0100,adaptive_eagle_v6h_e1c,DBFM,6708.828715,146.448326,173.087143,37.843935,-146.867024,13286.724815,230.053627,15629.713688,-95.190756,-6989.881017,255.808800,62.325876,False,False,False,False,False,True,False,1-circle,-1.000000,280.849322,93.692527,97.749699,2.250301,6.307473,6.769337,-86.411228,2.230174,2,4,3,0.0000,0.0000,0.0000,0.5000,"LeadPursuit",-1.770167
829,B0100,defensive,DBFM,6708.828715,146.448326,173.087143,37.843935,-146.867024,13286.724815,230.053627,15629.713688,-95.190756,-6989.881017,255.808800,62.325876,False,False,False,False,False,True,False,1-circle,-1.000000,280.849322,93.692527,97.749699,2.250301,6.307473,6.769337,-86.411228,2.230174,2,2,3,0.0000,0.0000,0.0000,0.5000,"Pursue",1.220473
830,A0100,adaptive_eagle_v6h_e1c,DBFM,6621.194090,145.084822,173.008560,39.780708,-145.559665,13281.466175,229.997542,15623.312801,-32.004437,-7078.321500,261.461752,24.995084,False,False,False,False,False,True,False,1-circle,-1.000000,279.129912,93.692527,97.749699,2.250301,6.307473,12.122594,-81.108789,1.802398,2,4,3,0.0000,0.0000,0.0000,0.5000,"LeadPursuit",-1.720476
830,B0100,defensive,DBFM,6621.194090,145.084822,173.008560,39.780708,-145.559665,13281.466175,229.997542,15623.312801,-32.004437,-7078.321500,261.461752,24.995084,False,False,False,False,False,True,False,1-circle,-1.000000,279.129912,93.692527,97.749699,2.250301,6.307473,12.122594,-81.108789,1.802398,2,2,3,0.0000,0.0000,0.0000,0.5000,"Pursue",1.166052
831,A0100,adaptive_eagle_v6h_e1c,DBFM,6532.009594,144.019910,172.611013,41.459936,-144.540212,13275.526961,230.142281,15620.321998,-14.954015,-7179.449077,266.300789,12.657790,False,False,False,False,False,True,False,1-circle,-1.000000,279.472801,93.692527,97.749699,2.250301,6.307473,20.469355,-72.841757,1.645636,2,4,3,0.0000,0.0000,0.0000,0.5000,"LeadPursuit",-1.590572
831,B0100,defensive,DBFM,6532.009594,144.019910,172.611013,41.459936,-144.540212,13275.526961,230.142281,15620.321998,-14.954015,-7179.449077,266.300789,12.657790,False,False,False,False,False,True,False,1-circle,-1.000000,279.472801,93.692527,97.749699,2.250301,6.307473,20.469355,-72.841757,1.645636,2,2,3,0.0000,0.0000,0.0000,0.5000,"Pursue",1.081358
832,A0100,adaptive_eagle_v6h_e1c,DBFM,6441.014264,142.584605,172.289787,43.557444,-143.087492,13269.295043,229.744743,15605.996468,-71.627649,-7275.802340,272.433588,9.338563,False,False,False,False,False,True,False,1-circle,-1.000000,280.732187,93.692527,97.749699,2.250301,6.307473,26.154001,-67.254371,1.863742,2,4,3,0.0000,0.0000,0.0000,0.5000,"LeadPursuit",-1.501728
832,B0100,defensive,DBFM,6441.014264,142.584605,172.289787,43.557444,-143.087492,13269.295043,229.744743,15605.996468,-71.627649,-7275.802340,272.433588,9.338563,False,False,False,False,False,True,False,1-circle,-1.000000,280.732187,93.692527,97.749699,2.250301,6.307473,26.154001,-67.254371,1.863742,2,2,3,0.0000,0.0000,0.0000,0.5000,"Pursue",1.031723
833,A0100,adaptive_eagle_v6h_e1c,DBFM,6347.637017,140.759478,171.633878,46.139904,-141.200958,13263.389094,228.821409,15581.346062,-123.252031,-7411.214136,280.465651,9.869357,False,False,False,False,False,True,False,1-circle,-1.000000,282.521089,93.692527,97.749699,2.250301,6.307473,25.238165,-68.282335,2.256512,2,4,3,0.0000,0.0000,0.0000,0.5000,"LeadPursuit",-1.457011
833,B0100,defensive,DBFM,6347.637017,140.759478,171.633878,46.139904,-141.200958,13263.389094,228.821409,15581.346062,-123.252031,-7411.214136,280.465651,9.869357,False,False,False,False,False,True,False,1-circle,-1.000000,282.521089,93.692527,97.749699,2.250301,6.307473,25.238165,-68.282335,2.256512,2,2,3,0.0000,0.0000,0.0000,0.5000,"Pursue",1.009371
834,A0100,adaptive_eagle_v6h_e1c,DBFM,6251.375263,138.880227,170.791438,48.835270,-139.276242,13257.970926,227.845186,15556.191849,-125.771065,-7562.616421,288.842881,13.232553,False,False,False,False,False,True,False,1-circle,-1.000000,283.220481,93.692527,97.749699,2.250301,6.307473,20.241271,-73.387683,2.587408,2,4,3,0.0000,0.0000,0.0000,0.5000,"LeadPursuit",-1.445191
834,B0100,defensive,DBFM,6251.375263,138.880227,170.791438,48.835270,-139.276242,13257.970926,227.845186,15556.191849,-125.771065,-7562.616421,288.842881,13.232553,False,False,False,False,False,True,False,1-circle,-1.000000,283.220481,93.692527,97.749699,2.250301,6.307473,20.241271,-73.387683,2.587408,2,2,3,0.0000,0.0000,0.0000,0.5000,"Pursue",1.010820
835,A0100,adaptive_eagle_v6h_e1c,DBFM,6152.299590,137.069231,169.897082,51.497159,-137.456571,13252.729237,227.008119,15534.094568,-110.486404,-7710.348518,296.820555,22.398196,False,False,False,False,False,True,False,1-circle,-1.000000,282.890395,93.692527,97.749699,2.250301,6.307473,13.767095,-79.967485,2.624374,2,4,3,0.0000,0.0000,0.0000,0.5000,"LeadPursuit",-1.439746
835,B0100,defensive,DBFM,6152.299590,137.069231,169.897082,51.497159,-137.456571,13252.729237,227.008119,15534.094568,-110.486404,-7710.348518,296.820555,22.398196,False,False,False,False,False,True,False,1-circle,-1.000000,282.890395,93.692527,97.749699,2.250301,6.307473,13.767095,-79.967485,2.624374,2,2,3,0.0000,0.0000,0.0000,0.5000,"Pursue",1.017295
836,A0100,adaptive_eagle_v6h_e1c,DBFM,6050.715199,135.525362,169.129564,53.928487,-135.943113,13247.205667,226.492010,15518.209300,-79.426341,-7818.978220,303.199951,30.359202,False,False,False,False,False,True,False,1-circle,-1.000000,282.583948,93.692527,97.749699,2.250301,6.307473,11.304946,-82.546650,2.387327,2,4,3,0.0000,0.0000,0.0000,0.5000,"LeadPursuit",-1.346603
836,B0100,defensive,DBFM,6050.715199,135.525362,169.129564,53.928487,-135.943113,13247.205667,226.492010,15518.209300,-79.426341,-7818.978220,303.199951,30.359202,False,False,False,False,False,True,False,1-circle,-1.000000,282.583948,93.692527,97.749699,2.250301,6.307473,11.304946,-82.546650,2.387327,2,2,3,0.0000,0.0000,0.0000,0.5000,"Pursue",0.962845
837,A0100,adaptive_eagle_v6h_e1c,DBFM,5947.372578,134.469451,168.193781,55.911772,-134.926903,13241.146046,226.397424,15510.253272,-39.780137,-7932.763694,307.655329,17.363537,False,False,False,False,False,True,False,1-circle,-1.000000,283.192554,93.692527,97.749699,2.250301,6.307473,16.883746,-77.109605,2.132042,2,4,3,0.0000,0.0000,0.0000,0.5000,"LeadPursuit",-1.243824
837,B0100,defensive,DBFM,5947.372578,134.469451,168.193781,55.911772,-134.926903,13241.146046,226.397424,15510.253272,-39.780137,-7932.763694,307.655329,17.363537,False,False,False,False,False,True,False,1-circle,-1.000000,283.192554,93.692527,97.749699,2.250301,6.307473,16.883746,-77.109605,2.132042,2,2,3,0.0000,0.0000,0.0000,0.5000,"Pursue",0.912401
838,A0100,adaptive_eagle_v6h_e1c,DBFM,5842.676000,133.445770,167.352345,57.905643,-133.918159,13234.683468,226.205837,15499.951890,-51.506912,-8026.090158,311.673532,11.753764,False,False,False,False,False,True,False,1-circle,-1.000000,284.206583,93.692527,97.749699,2.250301,6.307473,22.850668,-71.304435,2.027994,2,4,3,0.0000,0.0000,0.0000,0.5000,"LeadPursuit",-1.190982
838,B0100,defensive,DBFM,5842.676000,133.445770,167.352345,57.905643,-133.918159,13234.683468,226.205837,15499.951890,-51.506912,-8026.090158,311.673532,11.753764,False,False,False,False,False,True,False,1-circle,-1.000000,284.206583,93.692527,97.749699,2.250301,6.307473,22.850668,-71.304435,2.027994,2,2,3,0.0000,0.0000,0.0000,0.5000,"Pursue",0.906131
839,A0100,adaptive_eagle_v6h_e1c,DBFM,5736.445087,132.107541,166.379797,60.311032,-132.562948,13228.211120,225.584794,15481.058131,-94.468792,-8142.820212,317.047758,11.369939,False,False,False,False,False,True,False,1-circle,-1.000000,285.878549,93.692527,97.749699,2.250301,6.307473,23.674638,-70.669145,2.097536,2,3,3,0.0000,0.0000,0.0000,0.5000,"LeadPursuit",-1.126835
839,B0100,defensive,DBFM,5736.445087,132.107541,166.379797,60.311032,-132.562948,13228.211120,225.584794,15481.058131,-94.468792,-8142.820212,317.047758,11.369939,False,False,False,False,False,True,False,1-circle,-1.000000,285.878549,93.692527,97.749699,2.250301,6.307473,23.674638,-70.669145,2.097536,2,2,3,0.0000,0.0000,0.0000,0.5000,"Pursue",0.887438
840,A0100,adaptive_eagle_v6h_e1c,DBFM,5628.302372,130.671051,165.548903,62.837204,-131.109029,13221.949109,224.816933,15459.485442,-107.863447,-8237.620939,322.576871,13.798294,False,False,False,False,False,True,False,1-circle,-1.000000,288.246706,93.692527,97.749699,2.250301,6.307473,20.739935,-73.824629,2.204371,2,3,3,0.0000,0.0000,0.0000,0.5000,"LeadPursuit",-0.859946
840,B0100,defensive,DBFM,5628.302372,130.671051,165.548903,62.837204,-131.109029,13221.949109,224.816933,15459.485442,-107.863447,-8237.620939,322.576871,13.798294,False,False,False,False,False,True,False,1-circle,-1.000000,288.246706,93.692527,97.749699,2.250301,6.307473,20.739935,-73.824629,2.204371,2,2,3,0.0000,0.0000,0.0000,0.5000,"Pursue",0.703393
841,A0100,adaptive_eagle_v6h_e1c,DBFM,5518.635996,129.292726,165.031939,65.025420,-129.739214,13215.747770,224.129585,15439.623068,-99.311868,-8258.239859,327.069579,20.335193,False,False,False,False,False,True,False,1-circle,-1.000000,293.285599,93.692527,97.749699,2.250301,6.307473,16.022347,-78.831691,2.146496,2,3,3,0.0000,0.0000,0.0000,0.5000,"LeadPursuit",-0.520661
841,B0100,defensive,DBFM,5518.635996,129.292726,165.031939,65.025420,-129.739214,13215.747770,224.129585,15439.623068,-99.311868,-8258.239859,327.069579,20.335193,False,False,False,False,False,True,False,1-circle,-1.000000,293.285599,93.692527,97.749699,2.250301,6.307473,16.022347,-78.831691,2.146496,2,2,3,0.0000,0.0000,0.0000,0.5000,"Pursue",0.441884
842,A0100,adaptive_eagle_v6h_e1c,DBFM,5407.649124,128.144621,164.664095,66.639172,-128.634090,13209.280416,223.706257,15424.762904,-74.300823,-8271.040768,330.948596,23.962560,False,False,False,False,False,True,False,1-circle,-1.000000,301.100802,93.692527,97.749699,2.250301,6.307473,14.752485,-80.470469,1.934155,2,3,3,0.0000,0.0000,0.0000,0.5000,"LeadPursuit",-0.137984
842,B0100,defensive,DBFM,5407.649124,128.144621,164.664095,66.639172,-128.634090,13209.280416,223.706257,15424.762904,-74.300823,-8271.040768,330.948596,23.962560,False,False,False,False,False,True,False,1-circle,-1.000000,301.100802,93.692527,97.749699,2.250301,6.307473,14.752485,-80.470469,1.934155,2,2,3,0.0000,0.0000,0.0000,0.5000,"Pursue",0.127392
843,A0100,adaptive_eagle_v6h_e1c,DBFM,5295.731180,127.409767,164.619374,67.414707,-127.951289,13202.354575,223.632297,15416.372381,-41.952613,-8249.787635,333.357631,14.838418,False,False,False,False,False,True,False,1-circle,-1.000000,310.567846,93.692527,97.749699,2.250301,6.307473,20.835952,-74.825613,1.776956,2,3,3,0.0000,0.0000,0.0000,0.5000,"LeadPursuit",0.844032
843,B0100,defensive,DBFM,5295.731180,127.409767,164.619374,67.414707,-127.951289,13202.354575,223.632297,15416.372381,-41.952613,-8249.787635,333.357631,14.838418,False,False,False,False,False,True,False,1-circle,-1.000000,310.567846,93.692527,97.749699,2.250301,6.307473,20.835952,-74.825613,1.776956,2,2,3,0.0000,0.0000,0.0000,0.5000,"Pursue",-0.658428
844,A0100,adaptive_eagle_v6h_e1c,DBFM,5182.756923,126.678921,165.627714,67.049235,-127.248800,13195.122128,223.465433,15405.837160,-52.676105,-8227.036354,338.209612,10.570172,False,False,False,False,False,True,False,1-circle,-1.000000,320.753257,93.692527,97.749699,2.250301,6.307473,27.018954,-69.140561,1.789563,2,3,3,0.0000,0.0000,0.0000,0.5000,"LeadPursuit",1.419898
844,B0100,defensive,DBFM,5182.756923,126.678921,165.627714,67.049235,-127.248800,13195.122128,223.465433,15405.837160,-52.676105,-8227.036354,338.209612,10.570172,False,False,False,False,False,True,False,1-circle,-1.000000,320.753257,93.692527,97.749699,2.250301,6.307473,27.018954,-69.140561,1.789563,2,2,3,0.0000,0.0000,0.0000,0.5000,"Pursue",-1.068471
845,A0100,adaptive_eagle_v6h_e1c,DBFM,5067.638660,125.595925,166.748619,66.695362,-126.157075,13187.980006,222.890702,15387.338185,-92.494877,-8234.778802,345.161946,10.350316,False,False,False,False,False,True,False,1-circle,-1.000000,329.461116,93.692527,97.749699,2.250301,6.307473,27.993271,-68.685506,1.962374,1,4,3,0.0000,0.0000,0.0000,0.5000,"LeadPursuit",1.314717
845,B0100,defensive,DBFM,5067.638660,125.595925,166.748619,66.695362,-126.157075,13187.980006,222.890702,15387.338185,-92.494877,-8234.778802,345.161946,10.350316,False,False,False,False,False,True,False,1-circle,-1.000000,329.461116,93.692527,97.749699,2.250301,6.307473,27.993271,-68.685506,1.962374,2,2,3,0.0000,0.0000,0.0000,0.5000,"Pursue",-0.944948
846,A0100,adaptive_eagle_v6h_e1c,DBFM,4949.839111,124.356608,167.527303,66.789604,-124.902246,13181.154422,222.171661,15366.345306,-104.964392,-8288.693343,352.843937,12.468050,False,False,False,False,False,True,False,1-circle,-1.000000,335.464558,93.692527,97.749699,2.250301,6.307473,25.199715,-71.997523,2.156088,1,4,3,0.0000,0.0000,0.0000,0.5000,"LeadPursuit",0.819868
846,B0100,defensive,DBFM,4949.839111,124.356608,167.527303,66.789604,-124.902246,13181.154422,222.171661,15366.345306,-104.964392,-8288.693343,352.843937,12.468050,False,False,False,False,False,True,False,1-circle,-1.000000,335.464558,93.692527,97.749699,2.250301,6.307473,25.199715,-71.997523,2.156088,2,2,3,0.0000,0.0000,0.0000,0.5000,"Pursue",-0.562651
847,A0100,adaptive_eagle_v6h_e1c,DBFM,4829.398214,123.122917,168.022962,67.310429,-123.674284,13174.493111,221.529884,15347.077722,-96.337921,-8340.117194,359.840198,17.736255,False,False,False,False,False,True,False,1-circle,-1.000000,339.901359,93.692527,97.749699,2.250301,6.307473,20.645711,-77.095325,2.177404,1,4,3,0.0000,0.0000,0.0000,0.5000,"LeadPursuit",-0.625890
847,B0100,defensive,DBFM,4829.398214,123.122917,168.022962,67.310429,-123.674284,13174.493111,221.529884,15347.077722,-96.337921,-8340.117194,359.840198,17.736255,False,False,False,False,False,True,False,1-circle,-1.000000,339.901359,93.692527,97.749699,2.250301,6.307473,20.645711,-77.095325,2.177404,2,2,3,0.0000,0.0000,0.0000,0.5000,"Pursue",0.476200
848,A0100,adaptive_eagle_v6h_e1c,DBFM,4706.824932,122.100127,167.441891,68.809340,-122.690571,13167.666587,221.146059,15332.729239,-71.742417,-8443.984144,365.074672,20.617323,False,False,False,False,False,True,False,1-circle,-1.000000,344.153915,93.692527,97.749699,2.250301,6.307473,19.522510,-78.830252,2.039004,1,4,3,0.0000,0.0000,0.0000,0.5000,"LeadPursuit",-1.572327
848,B0100,defensive,DBFM,4706.824932,122.100127,167.441891,68.809340,-122.690571,13167.666587,221.146059,15332.729239,-71.742417,-8443.984144,365.074672,20.617323,False,False,False,False,False,True,False,1-circle,-1.000000,344.153915,93.692527,97.749699,2.250301,6.307473,19.522510,-78.830252,2.039004,2,2,3,0.0000,0.0000,0.0000,0.5000,"Pursue",1.177702
849,A0100,adaptive_eagle_v6h_e1c,DBFM,4582.920757,121.533765,165.493764,70.916164,-122.171276,13160.464970,221.105792,15324.739252,-39.949934,-8626.409444,367.083660,13.584382,False,False,False,False,False,True,False,1-circle,-1.000000,347.518263,93.692527,97.749699,2.250301,6.307473,25.726319,-73.312794,1.947574,1,3,3,0.0000,0.0000,0.0000,0.5000,"LeadPursuit",-1.390814
849,B0100,defensive,DBFM,4582.920757,121.533765,165.493764,70.916164,-122.171276,13160.464970,221.105792,15324.739252,-39.949934,-8626.409444,367.083660,13.584382,False,False,False,False,False,True,False,1-circle,-1.000000,347.518263,93.692527,97.749699,2.250301,6.307473,25.726319,-73.312794,1.947574,2,2,3,0.0000,0.0000,0.0000,0.5000,"Pursue",1.084726
850,A0100,adaptive_eagle_v6h_e1c,DBFM,4458.515783,121.080636,163.356119,72.910809,-121.733993,13153.022421,220.972772,15314.693376,-50.229381,-8780.601585,366.819643,9.909219,False,False,False,False,False,True,False,1-circle,-1.000000,347.221029,93.692527,97.749699,2.250301,6.307473,32.103379,-67.645528,2.011483,1,3,3,0.0000,0.0000,0.0000,0.5000,"LeadPursuit",-1.273229
850,B0100,defensive,DBFM,4458.515783,121.080636,163.356119,72.910809,-121.733993,13153.022421,220.972772,15314.693376,-50.229381,-8780.601585,366.819643,9.909219,False,False,False,False,False,True,False,1-circle,-1.000000,347.221029,93.692527,97.749699,2.250301,6.307473,32.103379,-67.645528,2.011483,2,2,3,0.0000,0.0000,0.0000,0.5000,"Pursue",1.045391
851,A0100,adaptive_eagle_v6h_e1c,DBFM,4333.992623,120.408697,161.415087,75.144080,-121.034433,13145.740571,220.434552,15296.894054,-88.996612,-8861.263674,365.681684,9.657847,False,False,False,False,False,True,False,1-circle,-1.000000,342.926377,93.692527,97.749699,2.250301,6.307473,33.407023,-67.071392,2.224901,1,3,3,0.0000,0.0000,0.0000,0.5000,"LeadPursuit",-1.228265
851,B0100,defensive,DBFM,4333.992623,120.408697,161.415087,75.144080,-121.034433,13145.740571,220.434552,15296.894054,-88.996612,-8861.263674,365.681684,9.657847,False,False,False,False,False,True,False,1-circle,-1.000000,342.926377,93.692527,97.749699,2.250301,6.307473,33.407023,-67.071392,2.224901,2,2,3,0.0000,0.0000,0.0000,0.5000,"Pursue",1.059390
852,A0100,adaptive_eagle_v6h_e1c,DBFM,4209.874224,119.703766,159.524914,77.550146,-120.293520,13138.860338,219.749108,15276.656529,-101.187622,-8860.220337,362.547835,11.398156,False,False,False,False,False,True,False,1-circle,-1.000000,335.456036,93.692527,97.749699,2.250301,6.307473,31.039150,-70.223607,2.463457,1,2,3,0.0000,0.0000,0.0000,0.5000,"LeadPursuit",-1.071753
852,B0100,defensive,DBFM,4209.874224,119.703766,159.524914,77.550146,-120.293520,13138.860338,219.749108,15276.656529,-101.187622,-8860.220337,362.547835,11.398156,False,False,False,False,False,True,False,1-circle,-1.000000,335.456036,93.692527,97.749699,2.250301,6.307473,31.039150,-70.223607,2.463457,2,2,3,0.0000,0.0000,0.0000,0.5000,"Pursue",0.970564
853,A0100,adaptive_eagle_v6h_e1c,DBFM,4086.987787,119.117657,157.748115,79.793832,-119.690707,13132.242767,219.133839,15258.084616,-92.859566,-8809.255912,357.763528,15.540637,False,False,False,False,False,True,False,1-circle,-1.000000,325.411323,93.692527,97.749699,2.250301,6.307473,26.956870,-75.186189,2.545569,2,2,3,0.0000,0.0000,0.0000,0.5000,"LeadPursuit",-0.305688
853,B0100,defensive,DBFM,4086.987787,119.117657,157.748115,79.793832,-119.690707,13132.242767,219.133839,15258.084616,-92.859566,-8809.255912,357.763528,15.540637,False,False,False,False,False,True,False,1-circle,-1.000000,325.411323,93.692527,97.749699,2.250301,6.307473,26.956870,-75.186189,2.545569,2,2,3,0.0000,0.0000,0.0000,0.5000,"Pursue",0.294465
854,A0100,adaptive_eagle_v6h_e1c,DBFM,3965.038663,118.618006,157.302204,80.796217,-119.200695,13125.596348,218.601301,15241.118339,-84.831383,-8794.203623,357.722307,24.524797,False,False,False,False,False,True,False,1-circle,-1.000000,314.536299,93.692527,97.749699,2.250301,6.307473,22.751967,-80.463080,2.333140,2,2,3,0.0000,0.0000,0.0000,0.5000,"LeadPursuit",0.260328
854,B0100,defensive,DBFM,3965.038663,118.618006,157.302204,80.796217,-119.200695,13125.596348,218.601301,15241.118339,-84.831383,-8794.203623,357.722307,24.524797,False,False,False,False,False,True,False,1-circle,-1.000000,314.536299,93.692527,97.749699,2.250301,6.307473,22.751967,-80.463080,2.333140,2,2,3,0.0000,0.0000,0.0000,0.5000,"Pursue",-0.234313
855,A0100,adaptive_eagle_v6h_e1c,DBFM,3842.395399,118.347991,157.793788,80.566075,-118.972692,13118.580885,218.319156,15228.645466,-62.364367,-8820.869089,360.875678,28.280323,False,False,False,False,False,True,False,1-circle,-1.000000,304.499805,93.692527,97.749699,2.250301,6.307473,22.901974,-81.699367,1.919762,2,2,3,0.0000,0.0000,0.0000,0.5000,"LeadPursuit",0.110518
855,B0100,defensive,DBFM,3842.395399,118.347991,157.793788,80.566075,-118.972692,13118.580885,218.319156,15228.645466,-62.364367,-8820.869089,360.875678,28.280323,False,False,False,False,False,True,False,1-circle,-1.000000,304.499805,93.692527,97.749699,2.250301,6.307473,22.901974,-81.699367,1.919762,2,2,3,0.0000,0.0000,0.0000,0.5000,"Pursue",-0.106308
856,A0100,adaptive_eagle_v6h_e1c,DBFM,3719.052890,118.482889,158.145853,80.212519,-119.157077,13111.028567,218.359340,15221.869963,-33.877515,-8870.916248,362.366499,16.179027,False,False,False,False,False,True,False,1-circle,-1.000000,295.992734,93.692527,97.749699,2.250301,6.307473,30.767396,-75.694290,1.574524,2,2,3,0.0000,0.0000,0.0000,0.5000,"LeadPursuit",0.260515
856,B0100,defensive,DBFM,3719.052890,118.482889,158.145853,80.212519,-119.157077,13111.028567,218.359340,15221.869963,-33.877515,-8870.916248,362.366499,16.179027,False,False,False,False,False,True,False,1-circle,-1.000000,295.992734,93.692527,97.749699,2.250301,6.307473,30.767396,-75.694290,1.574524,2,2,3,0.0000,0.0000,0.0000,0.5000,"Pursue",-0.241160
857,A0100,adaptive_eagle_v6h_e1c,DBFM,3595.474011,118.646946,158.973201,79.641147,-119.349871,13103.100205,218.296580,15212.728408,-45.707774,-8864.840459,364.241275,11.046865,False,False,False,False,False,True,False,1-circle,-1.000000,290.122971,93.692527,97.749699,2.250301,6.307473,39.578698,-69.513146,1.441016,2,2,3,0.0000,0.0000,0.0000,0.5000,"LeadPursuit",0.780224
857,B0100,defensive,DBFM,3595.474011,118.646946,158.973201,79.641147,-119.349871,13103.100205,218.296580,15212.728408,-45.707774,-8864.840459,364.241275,11.046865,False,False,False,False,False,True,False,1-circle,-1.000000,290.122971,93.692527,97.749699,2.250301,6.307473,39.578698,-69.513146,1.441016,2,2,3,0.0000,0.0000,0.0000,0.5000,"Pursue",-0.684728
858,A0100,adaptive_eagle_v6h_e1c,DBFM,3471.160158,118.488673,160.631071,78.575422,-119.191435,13095.194316,217.832471,15195.861709,-84.333496,-8773.228050,368.239845,10.408500,False,False,False,False,False,True,False,1-circle,-1.000000,288.086209,93.692527,97.749699,2.250301,6.307473,44.615726,-68.326272,1.520870,2,2,3,0.0000,0.0000,0.0000,0.5000,"LeadPursuit",0.858377
858,B0100,defensive,DBFM,3471.160158,118.488673,160.631071,78.575422,-119.191435,13095.194316,217.832471,15195.861709,-84.333496,-8773.228050,368.239845,10.408500,False,False,False,False,False,True,False,1-circle,-1.000000,288.086209,93.692527,97.749699,2.250301,6.307473,44.615726,-68.326272,1.520870,2,2,3,0.0000,0.0000,0.0000,0.5000,"Pursue",-0.722748
859,A0100,adaptive_eagle_v6h_e1c,DBFM,3345.616676,118.179527,161.968238,77.611968,-118.881461,13087.564686,217.223368,15176.500740,-96.804844,-8706.459263,372.044937,12.016690,False,False,False,False,False,True,False,1-circle,-1.000000,288.491480,93.692527,97.749699,2.250301,6.307473,47.568877,-70.954238,1.682802,2,3,3,0.0000,0.0000,0.0000,0.5000,"LeadPursuit",0.350552
859,B0100,defensive,DBFM,3345.616676,118.179527,161.968238,77.611968,-118.881461,13087.564686,217.223368,15176.500740,-96.804844,-8706.459263,372.044937,12.016690,False,False,False,False,False,True,False,1-circle,-1.000000,288.491480,93.692527,97.749699,2.250301,6.307473,47.568877,-70.954238,1.682802,2,2,3,0.0000,0.0000,0.0000,0.5000,"Pursue",-0.284554
860,A0100,adaptive_eagle_v6h_e1c,DBFM,3219.018998,117.897016,162.582908,77.313520,-118.623672,13080.104603,216.682107,15158.643508,-89.286159,-8707.310861,374.935118,16.164602,False,False,False,False,False,True,False,1-circle,-1.000000,289.971629,93.692527,97.749699,2.250301,6.307473,51.223680,-75.570988,1.731796,2,3,2,0.0000,0.0000,0.0000,0.5000,"LeadPursuit",0.317547
860,B0100,defensive,DBFM,3219.018998,117.897016,162.582908,77.313520,-118.623672,13080.104603,216.682107,15158.643508,-89.286159,-8707.310861,374.935118,16.164602,False,False,False,False,False,True,False,1-circle,-1.000000,289.971629,93.692527,97.749699,2.250301,6.307473,51.223680,-75.570988,1.731796,2,2,3,0.0000,0.0000,0.0000,0.5000,"Pursue",-0.261235
861,A0100,adaptive_eagle_v6h_e1c,DBFM,3091.718833,117.833637,163.323914,76.719565,-118.628276,13072.524230,216.384892,15145.364925,-66.392915,-8682.889847,376.723536,18.308630,False,False,False,False,False,True,False,1-circle,-1.000000,293.162717,93.692527,97.749699,2.250301,6.307473,62.326491,-77.183406,1.661578,2,3,2,0.0000,0.0000,0.0000,0.5000,"LeadPursuit",0.972151
861,B0100,defensive,DBFM,3091.718833,117.833637,163.323914,76.719565,-118.628276,13072.524230,216.384892,15145.364925,-66.392915,-8682.889847,376.723536,18.308630,False,False,False,False,False,True,False,1-circle,-1.000000,293.162717,93.692527,97.749699,2.250301,6.307473,62.326491,-77.183406,1.661578,2,2,3,0.0000,0.0000,0.0000,0.5000,"Pursue",-0.790991
862,A0100,adaptive_eagle_v6h_e1c,DBFM,2964.286229,118.155741,164.588673,74.936832,-119.041655,13064.617353,216.422394,15138.176612,-35.941568,-8577.608376,376.506073,12.733098,False,False,False,False,False,True,False,1-circle,-1.000000,298.401769,93.692527,97.749699,2.250301,6.307473,86.034339,-71.887119,1.649110,2,3,2,0.0000,0.0000,0.0000,0.5000,"LeadPursuit",0.867646
862,B0100,defensive,DBFM,2964.286229,118.155741,164.588673,74.936832,-119.041655,13064.617353,216.422394,15138.176612,-35.941568,-8577.608376,376.506073,12.733098,False,False,False,False,False,True,False,1-circle,-1.000000,298.401769,93.692527,97.749699,2.250301,6.307473,86.034339,-71.887119,1.649110,2,2,3,0.0000,0.0000,0.0000,0.5000,"Pursue",-0.685715
863,A0100,adaptive_eagle_v6h_e1c,DBFM,2837.145857,118.493777,164.927111,73.593627,-119.446519,13056.499447,216.372205,15129.097082,-45.397645,-8529.531404,375.038390,9.523004,False,False,False,False,False,True,False,1-circle,-1.000000,303.195166,93.692527,97.749699,2.250301,6.307473,113.444058,-66.369920,1.774256,2,3,2,0.0000,0.0000,0.0000,0.5000,"LeadPursuit",0.303075
863,B0100,defensive,DBFM,2837.145857,118.493777,164.927111,73.593627,-119.446519,13056.499447,216.372205,15129.097082,-45.397645,-8529.531404,375.038390,9.523004,False,False,False,False,False,True,False,1-circle,-1.000000,303.195166,93.692527,97.749699,2.250301,6.307473,113.444058,-66.369920,1.774256,2,2,3,0.0000,0.0000,0.0000,0.5000,"Pursue",-0.234174
864,A0100,adaptive_eagle_v6h_e1c,DBFM,2710.044964,118.583580,164.573584,73.230163,-119.553420,13048.566159,215.925821,15112.620933,-82.380749,-8560.986602,374.545522,9.255852,False,False,False,False,False,True,False,1-circle,-1.000000,305.698350,93.692527,97.749699,2.250301,6.307473,134.412708,-65.719229,2.026034,2,3,2,0.0000,0.0000,0.0000,0.5000,"LeadPursuit",0.258370
864,B0100,defensive,DBFM,2710.044964,118.583580,164.573584,73.230163,-119.553420,13048.566159,215.925821,15112.620933,-82.380749,-8560.986602,374.545522,9.255852,False,False,False,False,False,True,False,1-circle,-1.000000,305.698350,93.692527,97.749699,2.250301,6.307473,134.412708,-65.719229,2.026034,2,2,3,0.0000,0.0000,0.0000,0.5000,"Pursue",-0.196739
865,A0100,adaptive_eagle_v6h_e1c,DBFM,2582.698246,118.628178,164.273105,72.943429,-119.604006,13041.066920,215.331242,15093.770065,-94.254338,-8594.379861,374.338080,10.725182,False,False,False,False,False,True,False,1-circle,-1.000000,305.959138,93.692527,97.749699,2.250301,6.307473,146.902860,-68.673596,2.299413,2,3,2,0.0000,0.0000,0.0000,0.5000,"LeadPursuit",0.279952
865,B0100,defensive,DBFM,2582.698246,118.628178,164.273105,72.943429,-119.604006,13041.066920,215.331242,15093.770065,-94.254338,-8594.379861,374.338080,10.725182,False,False,False,False,False,True,False,1-circle,-1.000000,305.959138,93.692527,97.749699,2.250301,6.307473,146.902860,-68.673596,2.299413,2,2,3,0.0000,0.0000,0.0000,0.5000,"Pursue",-0.214719
866,A0100,adaptive_eagle_v6h_e1c,DBFM,2455.220807,118.756114,164.202337,72.452683,-119.766264,13033.881095,214.799004,15076.449390,-86.603374,-8605.866393,373.868162,14.099881,False,False,False,False,False,True,False,1-circle,-1.000000,304.805538,93.692527,97.749699,2.250301,6.307473,152.837093,-73.420199,2.431261,2,3,2,0.0000,0.0000,0.0000,0.5000,"LeadPursuit",0.078195
866,B0100,defensive,DBFM,2455.220807,118.756114,164.202337,72.452683,-119.766264,13033.881095,214.799004,15076.449390,-86.603374,-8605.866393,373.868162,14.099881,False,False,False,False,False,True,False,1-circle,-1.000000,304.805538,93.692527,97.749699,2.250301,6.307473,152.837093,-73.420199,2.431261,2,2,3,0.0000,0.0000,0.0000,0.5000,"Pursue",-0.066082
867,A0100,adaptive_eagle_v6h_e1c,DBFM,2327.815152,118.949341,164.280754,71.927235,-120.037971,13026.740204,214.341117,15060.609481,-79.199545,-8604.684176,373.241392,20.698819,False,False,False,False,False,True,False,1-circle,-1.000000,303.512799,93.692527,97.749699,2.250301,6.307473,155.001847,-78.510600,2.290358,2,3,2,0.0000,0.0000,0.0000,0.5000,"LeadPursuit",0.027801
867,B0100,defensive,DBFM,2327.815152,118.949341,164.280754,71.927235,-120.037971,13026.740204,214.341117,15060.609481,-79.199545,-8604.684176,373.241392,20.698819,False,False,False,False,False,True,False,1-circle,-1.000000,303.512799,93.692527,97.749699,2.250301,6.307473,155.001847,-78.510600,2.290358,2,2,3,0.0000,0.0000,0.0000,0.5000,"Pursue",-0.037075
868,A0100,adaptive_eagle_v6h_e1c,DBFM,2201.129648,119.389004,164.634781,70.954660,-120.621876,13019.323001,214.122216,15049.040122,-57.846797,-8462.567097,369.366444,23.220916,False,False,False,False,False,True,False,1-circle,-1.000000,303.522024,93.692527,97.749699,2.250301,6.307473,158.714573,-79.719131,1.963210,2,4,2,0.0000,0.0000,0.0000,0.5000,"LeadPursuit",-0.136560
868,B0100,defensive,DBFM,2201.129648,119.389004,164.634781,70.954660,-120.621876,13019.323001,214.122216,15049.040122,-57.846797,-8462.567097,369.366444,23.220916,False,False,False,False,False,True,False,1-circle,-1.000000,303.522024,93.692527,97.749699,2.250301,6.307473,158.714573,-79.719131,1.963210,2,2,3,0.0000,0.0000,0.0000,0.5000,"Pursue",0.074065
869,A0100,adaptive_eagle_v6h_e1c,DBFM,2076.397245,120.251778,164.669168,69.673125,-121.669420,13011.452798,214.217239,15042.971816,-30.341529,-8300.615098,362.657795,14.566414,False,False,False,False,False,True,False,1-circle,-1.000000,305.187525,93.692527,97.749699,2.250301,6.307473,167.892555,-73.877372,1.702890,2,4,2,0.0000,0.0000,0.0000,0.5000,"LeadPursuit",-1.041770
869,B0100,defensive,DBFM,2076.397245,120.251778,164.669168,69.673125,-121.669420,13011.452798,214.217239,15042.971816,-30.341529,-8300.615098,362.657795,14.566414,False,False,False,False,False,True,False,1-circle,-1.000000,305.187525,93.692527,97.749699,2.250301,6.307473,167.892555,-73.877372,1.702890,2,2,3,0.0000,0.0000,0.0000,0.5000,"Pursue",0.762303
870,A0100,adaptive_eagle_v6h_e1c,DBFM,1954.161465,121.247315,164.008353,69.200456,-122.840211,13003.270307,214.211946,15034.688937,-41.414397,-8208.538541,355.294856,10.299752,False,False,False,False,False,True,False,1-circle,-1.000000,308.007804,93.692527,97.749699,2.250301,6.307473,176.375406,-67.761912,1.635272,2,3,2,0.0000,0.0000,0.0000,0.5000,"LeadPursuit",-1.347113
870,B0100,defensive,DBFM,1954.161465,121.247315,164.008353,69.200456,-122.840211,13003.270307,214.211946,15034.688937,-41.414397,-8208.538541,355.294856,10.299752,False,False,False,False,False,True,False,1-circle,-1.000000,308.007804,93.692527,97.749699,2.250301,6.307473,176.375406,-67.761912,1.635272,2,2,3,0.0000,0.0000,0.0000,0.5000,"Pursue",1.038189
871,A0100,adaptive_eagle_v6h_e1c,DBFM,1834.462762,122.135426,163.622279,68.974238,-123.873616,12995.175185,213.811597,15019.007711,-78.406130,-8084.880965,348.400572,9.677126,False,False,False,False,False,True,False,1-circle,-1.000000,312.642446,93.692527,97.749699,2.250301,6.307473,179.366140,-66.441305,1.762454,2,3,2,0.0000,0.0000,0.0000,0.5000,"LeadPursuit",-1.117674
871,B0100,defensive,DBFM,1834.462762,122.135426,163.622279,68.974238,-123.873616,12995.175185,213.811597,15019.007711,-78.406130,-8084.880965,348.400572,9.677126,False,False,False,False,False,True,False,1-circle,-1.000000,312.642446,93.692527,97.749699,2.250301,6.307473,179.366140,-66.441305,1.762454,2,2,3,0.0000,0.0000,0.0000,0.5000,"Pursue",0.896042
872,A0100,adaptive_eagle_v6h_e1c,DBFM,1717.497556,123.056814,163.694773,68.158737,-124.977661,12987.435160,213.263767,15000.910013,-90.488486,-7887.108230,341.025699,10.937485,False,False,False,False,False,True,False,1-circle,-1.000000,320.357966,93.692527,97.749699,2.250301,6.307473,177.975415,-68.853148,1.972884,2,3,2,0.0000,0.0000,0.0000,0.5000,"LeadPursuit",-0.581063
872,B0100,defensive,DBFM,1717.497556,123.056814,163.694773,68.158737,-124.977661,12987.435160,213.263767,15000.910013,-90.488486,-7887.108230,341.025699,10.937485,False,False,False,False,False,True,False,1-circle,-1.000000,320.357966,93.692527,97.749699,2.250301,6.307473,177.975415,-68.853148,1.972884,2,2,3,0.0000,0.0000,0.0000,0.5000,"Pursue",0.466077
873,A0100,adaptive_eagle_v6h_e1c,DBFM,1603.545628,124.065850,163.517516,66.630124,-126.274959,12979.960553,212.775062,14984.218013,-83.460001,-7656.124083,332.049202,14.106672,False,False,False,False,False,True,False,1-circle,-1.000000,330.499363,93.692527,97.749699,2.250301,6.307473,174.055851,-73.268133,2.089143,1,3,1,0.0000,0.0000,0.0000,0.5000,"LeadPursuit",-0.340787
873,B0100,defensive,DBFM,1603.545628,124.065850,163.517516,66.630124,-126.274959,12979.960553,212.775062,14984.218013,-83.460001,-7656.124083,332.049202,14.106672,False,False,False,False,False,True,False,1-circle,-1.000000,330.499363,93.692527,97.749699,2.250301,6.307473,174.055851,-73.268133,2.089143,2,2,3,0.0000,0.0000,0.0000,0.5000,"Pursue",0.262585
874,A0100,adaptive_eagle_v6h_e1c,DBFM,1492.760197,125.158298,161.817005,65.488031,-127.782591,12972.508563,212.357074,14968.899205,-76.594040,-7476.279233,319.961871,20.368008,False,False,False,False,False,True,False,1-circle,-1.000000,339.920694,93.692527,97.749699,2.250301,6.307473,169.357719,-78.215188,1.963657,1,3,1,0.0000,0.0000,0.0000,0.5000,"LeadPursuit",-0.632651
874,B0100,defensive,DBFM,1492.760197,125.158298,161.817005,65.488031,-127.782591,12972.508563,212.357074,14968.899205,-76.594040,-7476.279233,319.961871,20.368008,False,False,False,False,False,True,False,1-circle,-1.000000,339.920694,93.692527,97.749699,2.250301,6.307473,169.357719,-78.215188,1.963657,2,2,3,0.0000,0.0000,0.0000,0.5000,"Pursue",0.517502
875,A0100,adaptive_eagle_v6h_e1c,DBFM,1385.771385,126.622671,158.603071,65.097325,-129.826425,12964.773863,212.174374,14957.730817,-55.841938,-7369.599871,303.155725,22.851207,False,False,False,False,False,True,False,1-circle,-1.000000,345.755153,93.692527,97.749699,2.250301,6.307473,168.373980,-79.455524,1.665240,1,3,2,0.0000,0.0000,0.0000,0.5000,"LeadPursuit",-1.116920
875,B0100,defensive,DBFM,1385.771385,126.622671,158.603071,65.097325,-129.826425,12964.773863,212.174374,14957.730817,-55.841938,-7369.599871,303.155725,22.851207,False,False,False,False,False,True,False,1-circle,-1.000000,345.755153,93.692527,97.749699,2.250301,6.307473,168.373980,-79.455524,1.665240,2,2,3,0.0000,0.0000,0.0000,0.5000,"Pursue",0.976446
876,A0100,adaptive_eagle_v6h_e1c,DBFM,1284.055152,128.807316,154.731065,64.917974,-132.740942,12956.581517,212.304810,14951.989587,-28.706152,-7315.730822,281.189390,14.592002,False,False,False,False,False,True,False,1-circle,-1.000000,347.522444,93.692527,97.749699,2.250301,6.307473,174.425271,-73.755982,1.431053,1,2,2,0.0000,0.0000,0.0000,0.5000,"LeadPursuit",-1.095185
876,B0100,defensive,DBFM,1284.055152,128.807316,154.731065,64.917974,-132.740942,12956.581517,212.304810,14951.989587,-28.706152,-7315.730822,281.189390,14.592002,False,False,False,False,False,True,False,1-circle,-1.000000,347.522444,93.692527,97.749699,2.250301,6.307473,174.425271,-73.755982,1.431053,2,2,3,0.0000,0.0000,0.0000,0.5000,"Pursue",1.014309
877,A0100,adaptive_eagle_v6h_e1c,DBFM,1189.245842,131.489500,150.684068,64.435592,-136.215952,12948.065299,212.338750,14944.111411,-39.390880,-7245.463300,254.698144,10.380596,False,False,False,False,False,True,False,1-circle,-1.000000,345.188891,93.692527,97.749699,2.250301,6.307473,-179.089379,-67.728269,1.376015,1,2,2,0.0000,0.0000,0.0000,0.5000,"LeadPursuit",-1.079633
877,B0100,defensive,DBFM,1189.245842,131.489500,150.684068,64.435592,-136.215952,12948.065299,212.338750,14944.111411,-39.390880,-7245.463300,254.698144,10.380596,False,False,False,False,False,True,False,1-circle,-1.000000,345.188891,93.692527,97.749699,2.250301,6.307473,-179.089379,-67.728269,1.376015,2,2,3,0.0000,0.0000,0.0000,0.5000,"Pursue",1.076132
878,A0100,adaptive_eagle_v6h_e1c,DBFM,1102.411879,134.463530,146.611538,63.992238,-139.961147,12939.617432,211.982418,14928.969920,-75.707457,-7164.688077,225.342721,9.741899,False,False,False,False,False,True,False,1-circle,-1.000000,338.250825,93.692527,97.749699,2.250301,6.307473,-177.171006,-66.385829,1.503181,1,1,2,0.0000,0.0000,0.0000,0.5000,"LeadPursuit",-1.102402
878,B0100,defensive,DBFM,1102.411879,134.463530,146.611538,63.992238,-139.961147,12939.617432,211.982418,14928.969920,-75.707457,-7164.688077,225.342721,9.741899,False,False,False,False,False,True,False,1-circle,-1.000000,338.250825,93.692527,97.749699,2.250301,6.307473,-177.171006,-66.385829,1.503181,2,2,3,0.0000,0.0000,0.0000,0.5000,"Pursue",1.192117
879,A0100,adaptive_eagle_v6h_e1c,DBFM,1024.292940,137.888731,142.544407,63.482992,-144.250427,12931.504162,211.479502,14911.428601,-87.706593,-7183.577273,195.122071,10.955420,False,False,False,False,False,True,False,1-circle,-1.000000,326.960125,93.692527,97.749699,2.250301,6.307473,-178.820774,-68.708316,1.710278,2,1,2,0.0000,0.0000,0.0000,0.5000,"LeadPursuit",-1.135649
879,B0100,defensive,DBFM,1024.292940,137.888731,142.544407,63.482992,-144.250427,12931.504162,211.479502,14911.428601,-87.706593,-7183.577273,195.122071,10.955420,False,False,False,False,False,True,False,1-circle,-1.000000,326.960125,93.692527,97.749699,2.250301,6.307473,-178.820774,-68.708316,1.710278,2,2,3,0.0000,0.0000,0.0000,0.5000,"Pursue",1.350939
880,A0100,adaptive_eagle_v6h_e1c,DBFM,956.004211,141.803442,138.338678,62.892735,-149.303835,12923.642417,211.033965,14895.233185,-80.977080,-7216.142109,161.722775,14.009521,False,False,False,False,False,True,False,1-circle,-1.000000,312.242798,93.692527,97.749699,2.250301,6.307473,177.594141,-73.015848,1.827716,2,1,2,0.0000,0.0000,0.0000,0.5000,"LeadPursuit",-1.118837
880,B0100,defensive,DBFM,956.004211,141.803442,138.338678,62.892735,-149.303835,12923.642417,211.033965,14895.233185,-80.977080,-7216.142109,161.722775,14.009521,False,False,False,False,False,True,False,1-circle,-1.000000,312.242798,93.692527,97.749699,2.250301,6.307473,177.594141,-73.015848,1.827716,2,2,3,0.0000,0.0000,0.0000,0.5000,"Pursue",1.489665
881,A0100,adaptive_eagle_v6h_e1c,DBFM,899.306487,146.051193,133.864878,62.271375,-155.129399,12915.799266,210.657074,14880.354099,-74.395429,-7257.132764,124.944570,19.939739,False,False,False,False,False,True,False,1-circle,-1.000000,295.383022,93.692527,97.749699,2.250301,6.307473,173.458953,-77.866349,1.711434,2,0,2,0.0000,0.0000,0.0000,0.5000,"LeadPursuit",-1.053594
881,B0100,defensive,DBFM,899.306487,146.051193,133.864878,62.271375,-155.129399,12915.799266,210.657074,14880.354099,-74.395429,-7257.132764,124.944570,19.939739,False,False,False,False,False,True,False,1-circle,-1.000000,295.383022,93.692527,97.749699,2.250301,6.307473,173.458953,-77.866349,1.711434,2,2,3,0.0000,0.0000,0.0000,0.5000,"Pursue",1.594307
882,A0100,adaptive_eagle_v6h_e1c,DBFM,856.134242,150.427025,128.994681,61.473136,-161.873669,12907.678759,210.512042,14869.529432,-54.123333,-7296.467717,84.214770,22.235210,False,False,False,False,False,True,False,1-circle,-1.000000,277.795397,93.692527,97.749699,2.250301,6.307473,172.888062,-79.078692,1.428100,2,0,2,0.0000,0.0000,0.0000,0.5000,"LeadPursuit",-0.947788
882,B0100,defensive,DBFM,856.134242,150.427025,128.994681,61.473136,-161.873669,12907.678759,210.512042,14869.529432,-54.123333,-7296.467717,84.214770,22.235210,False,False,False,False,False,True,False,1-circle,-1.000000,277.795397,93.692527,97.749699,2.250301,6.307473,172.888062,-79.078692,1.428100,2,2,3,0.0000,0.0000,0.0000,0.5000,"Pursue",1.657814
883,A0100,adaptive_eagle_v6h_e1c,DBFM,828.488913,154.478050,123.676066,60.415923,-169.541022,12899.107072,210.677643,14864.045557,-27.419379,-7328.816395,39.683801,14.415165,False,False,False,False,False,True,False,1-circle,-1.000000,260.809511,93.692527,97.749699,2.250301,6.307473,179.031693,-73.435439,1.209241,2,0,2,0.0000,0.0000,0.0000,0.5000,"LeadPursuit",-0.774363
883,B0100,defensive,DBFM,828.488913,154.478050,123.676066,60.415923,-169.541022,12899.107072,210.677643,14864.045557,-27.419379,-7328.816395,39.683801,14.415165,False,False,False,False,False,True,False,1-circle,-1.000000,260.809511,93.692527,97.749699,2.250301,6.307473,179.031693,-73.435439,1.209241,2,2,3,0.0000,0.0000,0.0000,0.5000,"Pursue",1.591851
884,A0100,adaptive_eagle_v6h_e1c,DBFM,817.467365,157.181970,118.388714,59.151266,-177.445626,12890.212946,210.748381,14856.471177,-37.871897,-7326.512712,-3.892141,10.313286,False,False,False,False,False,True,False,1-circle,-1.000000,245.566530,93.692527,97.749699,2.250301,6.307473,-174.678154,-67.429375,1.164019,2,0,2,0.0000,0.0000,0.0000,0.5000,"LeadPursuit",-0.552768
884,B0100,defensive,DBFM,817.467365,157.181970,118.388714,59.151266,-177.445626,12890.212946,210.748381,14856.471177,-37.871897,-7326.512712,-3.892141,10.313286,False,False,False,False,False,True,False,1-circle,-1.000000,245.566530,93.692527,97.749699,2.250301,6.307473,-174.678154,-67.429375,1.164019,2,0,2,0.0000,0.0000,0.0000,0.5000,"LeadPursuit",1.349695
885,A0100,adaptive_eagle_v6h_e1c,DBFM,821.609584,157.871652,113.733939,57.444818,175.120960,12881.389491,210.509163,14843.186495,-66.423410,-7262.089804,-41.003372,9.636645,False,False,False,False,False,True,False,1-circle,1.000000,232.542446,93.692527,97.749699,2.250301,6.307473,-173.249613,-65.991703,1.274676,2,0,2,0.0000,0.0000,0.0000,0.5000,"LeadPursuit",-0.441016
885,B0100,defensive,DBFM,821.609584,157.871652,113.733939,57.444818,175.120960,12881.389491,210.509163,14843.186495,-66.423410,-7262.089804,-41.003372,9.636645,False,False,False,False,False,True,False,1-circle,1.000000,232.542446,93.692527,97.749699,2.250301,6.307473,-173.249613,-65.991703,1.274676,2,8,2,0.0000,0.0000,0.0000,0.5000,"LeadPursuit",1.260721
886,A0100,adaptive_eagle_v6h_e1c,DBFM,838.836340,156.540040,108.924801,55.918012,168.145536,12872.859104,211.654052,14856.053250,64.333774,-7182.829025,-78.213471,9.161845,False,False,False,False,False,True,False,1-circle,1.000000,220.172676,93.692527,97.749699,2.250301,6.307473,-172.510443,-65.012229,1.628428,2,0,2,0.0000,0.0000,0.0000,0.5000,"LeadPursuit",-0.408725
886,B0100,defensive,DBFM,838.836340,156.540040,108.924801,55.918012,168.145536,12872.859104,211.654052,14856.053250,64.333774,-7182.829025,-78.213471,9.161845,False,False,False,False,False,True,False,1-circle,1.000000,220.172676,93.692527,97.749699,2.250301,6.307473,-172.510443,-65.012229,1.628428,2,8,2,0.0000,0.0000,0.0000,0.5000,"LeadPursuit",1.333701
887,A0100,adaptive_eagle_v6h_e1c,DBFM,869.329580,153.479711,103.740079,54.776752,161.244456,12864.513895,213.530997,14883.037878,134.923139,-7160.159667,-116.203178,7.124984,False,False,False,False,False,True,False,1-circle,1.000000,207.319187,93.692527,97.749699,2.250301,6.307473,-167.170280,-59.282706,2.140930,2,0,2,0.0000,0.0000,0.0000,0.5000,"LeadPursuit",-0.337840
887,B0100,defensive,DBFM,869.329580,153.479711,103.740079,54.776752,161.244456,12864.513895,213.530997,14883.037878,134.923139,-7160.159667,-116.203178,7.124984,False,False,False,False,False,True,False,1-circle,1.000000,207.319187,93.692527,97.749699,2.250301,6.307473,-167.170280,-59.282706,2.140930,2,8,2,0.0000,0.0000,0.0000,0.5000,"LeadPursuit",1.255663
888,A0100,adaptive_eagle_v6h_e1c,DBFM,912.418310,149.148504,98.937710,53.321657,154.452509,12856.193538,215.934735,14920.418729,186.904259,-7143.466047,-148.798085,5.041793,False,False,False,False,False,True,False,1-circle,1.000000,194.564325,93.692527,97.749699,2.250301,6.307473,-158.776922,-50.288260,2.084337,2,0,2,0.0000,0.0000,0.0000,0.5000,"LeadPursuit",-0.236514
888,B0100,defensive,DBFM,912.418310,149.148504,98.937710,53.321657,154.452509,12856.193538,215.934735,14920.418729,186.904259,-7143.466047,-148.798085,5.041793,False,False,False,False,False,True,False,1-circle,1.000000,194.564325,93.692527,97.749699,2.250301,6.307473,-158.776922,-50.288260,2.084337,2,8,2,0.0000,0.0000,0.0000,0.5000,"LeadPursuit",0.998826
889,A0100,adaptive_eagle_v6h_e1c,DBFM,965.166509,144.180738,95.352221,50.930340,148.002122,12847.644843,218.702415,14965.124357,223.528139,-7065.683052,-169.062581,3.431435,False,False,False,False,False,True,False,1-circle,1.000000,183.215160,93.692527,97.749699,2.250301,6.307473,-149.174319,-39.681680,1.428473,2,0,2,0.0000,0.0000,0.0000,0.5000,"LeadPursuit",-0.130187
889,B0100,defensive,DBFM,965.166509,144.180738,95.352221,50.930340,148.002122,12847.644843,218.702415,14965.124357,223.528139,-7065.683052,-169.062581,3.431435,False,False,False,False,False,True,False,1-circle,1.000000,183.215160,93.692527,97.749699,2.250301,6.307473,-149.174319,-39.681680,1.428473,2,8,2,0.0000,0.0000,0.0000,0.5000,"LeadPursuit",0.633591
890,A0100,adaptive_eagle_v6h_e1c,DBFM,1022.746611,139.075624,93.276540,47.344403,142.049306,12838.586867,221.830552,15017.072892,259.742676,-6910.200133,-174.800852,2.197172,False,False,False,False,False,True,False,1-circle,1.000000,174.091823,93.692527,97.749699,2.250301,6.307473,-139.468715,-28.309217,-0.420356,2,0,2,0.0000,0.0000,0.0000,0.5000,"LeadPursuit",-0.090488
890,B0100,defensive,DBFM,1022.746611,139.075624,93.276540,47.344403,142.049306,12838.586867,221.830552,15017.072892,259.742676,-6910.200133,-174.800852,2.197172,False,False,False,False,False,True,False,1-circle,1.000000,174.091823,93.692527,97.749699,2.250301,6.307473,-139.468715,-28.309217,-0.420356,2,8,2,0.0000,0.0000,0.0000,0.5000,"LeadPursuit",0.488257
891,A0100,adaptive_eagle_v6h_e1c,DBFM,1081.232783,134.148189,91.560403,43.714709,136.641686,12828.620744,225.202083,15073.830218,283.786629,-6770.737812,-176.186112,1.157853,False,False,False,False,False,True,False,1-circle,1.000000,165.875713,93.692527,97.749699,2.250301,6.307473,-129.692405,-16.069394,-2.625360,2,0,2,0.0000,0.0000,0.0000,0.5000,"LeadPursuit",-0.096502
891,B0100,defensive,DBFM,1081.232783,134.148189,91.560403,43.714709,136.641686,12828.620744,225.202083,15073.830218,283.786629,-6770.737812,-176.186112,1.157853,False,False,False,False,False,True,False,1-circle,1.000000,165.875713,93.692527,97.749699,2.250301,6.307473,-129.692405,-16.069394,-2.625360,2,8,2,0.0000,0.0000,0.0000,0.5000,"LeadPursuit",0.526588
892,A0100,adaptive_eagle_v6h_e1c,UNKNOWN,1140.435679,129.687993,89.657220,40.868512,131.825258,12817.573464,228.396931,15126.938490,265.541359,-6708.565181,-178.791499,0.182444,False,False,False,False,False,True,False,1-circle,1.000000,157.523087,93.692527,97.749699,2.250301,6.307473,-119.790398,-2.634606,-2.671670,2,0,2,0.0000,0.0000,0.0000,0.5000,"LeadPursuit",-0.080524
892,B0100,defensive,UNKNOWN,1140.435679,129.687993,89.657220,40.868512,131.825258,12817.573464,228.396931,15126.938490,265.541359,-6708.565181,-178.791499,0.182444,False,False,False,False,False,True,False,1-circle,1.000000,157.523087,93.692527,97.749699,2.250301,6.307473,-119.790398,-2.634606,-2.671670,2,8,2,0.0000,0.0000,0.0000,0.5000,"LeadPursuit",0.434811
893,A0100,adaptive_eagle_v6h_e1c,UNKNOWN,1200.317979,125.687646,88.086939,38.210487,127.476123,12805.812559,231.700250,15182.461655,277.615822,-6660.999799,-179.029446,0.786471,False,False,False,False,False,True,False,1-circle,1.000000,149.158471,93.692527,97.749699,2.250301,6.307473,-111.168905,11.372892,-0.000370,2,0,2,0.0000,0.0000,0.0000,0.5000,"LeadPursuit",-0.055111
893,B0100,defensive,UNKNOWN,1200.317979,125.687646,88.086939,38.210487,127.476123,12805.812559,231.700250,15182.461655,277.615822,-6660.999799,-179.029446,0.786471,False,False,False,False,False,True,False,1-circle,1.000000,149.158471,93.692527,97.749699,2.250301,6.307473,-111.168905,11.372892,-0.000370,2,8,2,0.0000,0.0000,0.0000,0.5000,"LeadPursuit",0.100783
894,A0100,adaptive_eagle_v6h_e1c,UNKNOWN,1259.246698,121.910562,87.087568,35.267239,123.365479,12793.948923,233.190853,15201.275894,94.071196,-6647.370678,-173.052864,1.774600,False,False,False,False,False,True,False,1-circle,1.000000,141.068359,93.692527,97.749699,2.250301,6.307473,-106.959804,24.543750,3.159190,2,0,2,0.0000,0.0000,0.0000,0.5000,"LeadPursuit",-0.022596
894,B0100,defensive,UNKNOWN,1259.246698,121.910562,87.087568,35.267239,123.365479,12793.948923,233.190853,15201.275894,94.071196,-6647.370678,-173.052864,1.774600,False,False,False,False,False,True,False,1-circle,1.000000,141.068359,93.692527,97.749699,2.250301,6.307473,-106.959804,24.543750,3.159190,2,8,2,0.0000,0.0000,0.0000,0.5000,"LeadPursuit",0.105282
895,A0100,adaptive_eagle_v6h_e1c,UNKNOWN,1315.178413,118.175626,86.843757,31.684920,119.340591,12782.460776,234.141307,15209.451593,40.878497,-6606.128269,-159.724980,2.762409,False,False,False,False,False,True,False,1-circle,1.000000,133.885901,93.692527,97.749699,2.250301,6.307473,-112.320824,35.510138,5.587603,2,0,2,0.0000,0.0000,0.0000,0.5000,"LeadPursuit",0.028176
895,B0100,defensive,UNKNOWN,1315.178413,118.175626,86.843757,31.684920,119.340591,12782.460776,234.141307,15209.451593,40.878497,-6606.128269,-159.724980,2.762409,False,False,False,False,False,True,False,1-circle,1.000000,133.885901,93.692527,97.749699,2.250301,6.307473,-112.320824,35.510138,5.587603,2,8,2,0.0000,0.0000,0.0000,0.5000,"LeadPursuit",0.110884
896,A0100,adaptive_eagle_v6h_e1c,UNKNOWN,1365.007160,114.426897,87.660509,27.023756,115.361024,12771.575699,234.854807,15213.380627,19.645167,-6510.142676,-136.575463,3.669537,False,False,False,False,False,True,False,1-circle,1.000000,127.885802,93.692527,97.749699,2.250301,6.307473,-132.466870,43.548149,7.069463,2,0,2,0.0000,0.0000,0.0000,0.5000,"LeadPursuit",0.032548
896,B0100,defensive,UNKNOWN,1365.007160,114.426897,87.660509,27.023756,115.361024,12771.575699,234.854807,15213.380627,19.645167,-6510.142676,-136.575463,3.669537,False,False,False,False,False,True,False,1-circle,1.000000,127.885802,93.692527,97.749699,2.250301,6.307473,-132.466870,43.548149,7.069463,2,8,2,0.0000,0.0000,0.0000,0.5000,"LeadPursuit",0.116860
897,A0100,adaptive_eagle_v6h_e1c,UNKNOWN,1406.504032,110.685019,88.405025,22.377815,111.431528,12761.358565,235.384215,15214.184493,4.019334,-6447.284411,-113.456453,4.386590,False,False,False,False,False,True,False,1-circle,1.000000,121.258383,93.692527,97.749699,2.250301,6.307473,-159.616616,48.709345,7.787414,2,0,2,0.0000,0.0000,0.0000,0.5000,"LeadPursuit",0.002982
897,B0100,defensive,UNKNOWN,1406.504032,110.685019,88.405025,22.377815,111.431528,12761.358565,235.384215,15214.184493,4.019334,-6447.284411,-113.456453,4.386590,False,False,False,False,False,True,False,1-circle,1.000000,121.258383,93.692527,97.749699,2.250301,6.307473,-159.616616,48.709345,7.787414,2,8,2,0.0000,0.0000,0.0000,0.5000,"LeadPursuit",0.128575
898,A0100,adaptive_eagle_v6h_e1c,UNKNOWN,1440.882883,106.826696,88.513033,18.321162,107.399632,12751.893760,235.585310,15208.912507,-26.359930,-6470.059796,-94.549691,4.648283,False,False,False,False,False,True,False,1-circle,1.000000,112.704330,93.692527,97.749699,2.250301,6.307473,179.554049,50.368035,7.947327,2,0,2,0.0000,0.0000,0.0000,0.5000,"LeadPursuit",-0.001947
898,B0100,defensive,UNKNOWN,1440.882883,106.826696,88.513033,18.321162,107.399632,12751.893760,235.585310,15208.912507,-26.359930,-6470.059796,-94.549691,4.648283,False,False,False,False,False,True,False,1-circle,1.000000,112.704330,93.692527,97.749699,2.250301,6.307473,179.554049,50.368035,7.947327,2,8,2,0.0000,0.0000,0.0000,0.5000,"LeadPursuit",0.136721
899,A0100,adaptive_eagle_v6h_e1c,UNKNOWN,1468.966898,102.980475,88.567763,14.427765,103.408905,12743.348155,235.650662,15201.730268,-35.911197,-6517.270707,-75.723251,4.486758,False,False,False,False,False,True,False,1-circle,1.000000,102.554568,93.692527,97.749699,2.250301,6.307473,165.420848,49.373548,7.853378,2,0,2,0.0000,0.0000,0.0000,0.5000,"LeadPursuit",0.006340
899,B0100,defensive,UNKNOWN,1468.966898,102.980475,88.567763,14.427765,103.408905,12743.348155,235.650662,15201.730268,-35.911197,-6517.270707,-75.723251,4.486758,False,False,False,False,False,True,False,1-circle,1.000000,102.554568,93.692527,97.749699,2.250301,6.307473,165.420848,49.373548,7.853378,2,8,2,0.0000,0.0000,0.0000,0.5000,"LeadPursuit",0.145854
900,A0100,adaptive_eagle_v6h_e1c,UNKNOWN,1490.287926,99.138579,88.849276,10.384697,99.450590,12735.705670,235.609025,15193.219104,-42.555820,-6550.772815,-54.694516,4.356374,False,False,False,False,False,True,False,1-circle,1.000000,91.722654,93.692527,97.749699,2.250301,6.307473,156.679620,48.528574,7.840675,2,0,2,0.0000,0.0000,0.0000,0.5000,"LeadPursuit",0.026601
900,B0100,defensive,UNKNOWN,1490.287926,99.138579,88.849276,10.384697,99.450590,12735.705670,235.609025,15193.219104,-42.555820,-6550.772815,-54.694516,4.356374,False,False,False,False,False,True,False,1-circle,1.000000,91.722654,93.692527,97.749699,2.250301,6.307473,156.679620,48.528574,7.840675,2,8,2,0.0000,0.0000,0.0000,0.5000,"LeadPursuit",0.111691
901,A0100,adaptive_eagle_v6h_e1c,UNKNOWN,1504.045450,95.261720,89.598330,5.917574,95.481510,12729.024193,235.440497,15183.023242,-50.979308,-6545.401534,-29.354983,4.415700,False,False,False,False,False,True,False,1-circle,1.000000,81.256379,93.692527,97.749699,2.250301,6.307473,152.046524,48.889994,8.107966,2,0,2,0.0000,0.0000,0.0000,0.5000,"LeadPursuit",0.068481
901,B0100,defensive,UNKNOWN,1504.045450,95.261720,89.598330,5.917574,95.481510,12729.024193,235.440497,15183.023242,-50.979308,-6545.401534,-29.354983,4.415700,False,False,False,False,False,True,False,1-circle,1.000000,81.256379,93.692527,97.749699,2.250301,6.307473,152.046524,48.889994,8.107966,2,8,2,0.0000,0.0000,0.0000,0.5000,"LeadPursuit",-0.142255
902,A0100,adaptive_eagle_v6h_e1c,DBFM,1508.117299,91.381441,91.184376,2.195948,91.531811,12723.364433,235.202761,15172.410125,-53.065585,-6480.570175,3.047458,4.568729,False,False,False,False,False,True,False,1-circle,1.000000,71.606342,93.692527,97.749699,2.250301,6.307473,149.681605,49.824152,8.527556,2,0,2,0.0000,0.0000,0.0000,0.5000,"LeadPursuit",-0.424808
902,B0100,defensive,DBFM,1508.117299,91.381441,91.184376,2.195948,91.531811,12723.364433,235.202761,15172.410125,-53.065585,-6480.570175,3.047458,4.568729,False,False,False,False,False,True,False,1-circle,1.000000,71.606342,93.692527,97.749699,2.250301,6.307473,149.681605,49.824152,8.527556,2,8,2,0.0000,0.0000,0.0000,0.5000,"LeadPursuit",-0.090845
903,A0100,adaptive_eagle_v6h_e1c,DBFM,1501.206018,87.504334,92.513939,6.031718,87.601584,12718.715067,234.934315,15162.173575,-51.182754,-6444.242167,33.208228,4.736221,False,False,True,False,False,True,False,1-circle,1.000000,61.053101,93.692527,97.749699,2.250301,6.307473,148.176181,50.804292,8.971984,1,0,4,0.0000,0.0000,0.0000,0.5000,"SmartLowYoYo",-0.829677
903,B0100,defensive,DBFM,1501.206018,87.504334,92.513939,6.031718,87.601584,12718.715067,234.934315,15162.173575,-51.182754,-6444.242167,33.208228,4.736221,False,False,True,False,False,True,False,1-circle,1.000000,61.053101,93.692527,97.749699,2.250301,6.307473,148.176181,50.804292,8.971984,2,8,2,0.0000,0.0000,0.0000,0.5000,"LeadPursuit",0.114119
904,A0100,adaptive_eagle_v6h_e1c,DBFM,1485.397256,83.587615,92.986473,10.357483,83.643968,12715.031896,234.644109,15152.457503,-48.580359,-6484.486616,56.384893,4.897525,False,False,True,False,False,True,False,1-circle,1.000000,48.428348,93.692527,97.749699,2.250301,6.307473,146.950113,51.705376,9.402698,1,0,4,0.0000,0.0000,0.0000,0.5000,"SmartLowYoYo",-0.866519
904,B0100,defensive,DBFM,1485.397256,83.587615,92.986473,10.357483,83.643968,12715.031896,234.644109,15152.457503,-48.580359,-6484.486616,56.384893,4.897525,False,False,True,False,False,True,False,1-circle,1.000000,48.428348,93.692527,97.749699,2.250301,6.307473,146.950113,51.705376,9.402698,2,8,2,0.0000,0.0000,0.0000,0.5000,"LeadPursuit",0.202117
905,A0100,adaptive_eagle_v6h_e1c,DBFM,1462.357848,79.577878,93.189905,14.480483,79.605130,12712.267621,234.331619,15143.205406,-46.260483,-6545.428493,77.604257,5.053654,False,False,True,False,False,True,False,1-circle,1.000000,34.275030,93.692527,97.749699,2.250301,6.307473,145.922263,52.539200,9.810817,1,0,4,0.0000,0.0000,0.0000,0.5000,"SmartLowYoYo",-0.878523
905,B0100,defensive,DBFM,1462.357848,79.577878,93.189905,14.480483,79.605130,12712.267621,234.331619,15143.205406,-46.260483,-6545.428493,77.604257,5.053654,False,False,True,False,False,True,False,1-circle,1.000000,34.275030,93.692527,97.749699,2.250301,6.307473,145.922263,52.539200,9.810817,2,8,2,0.0000,0.0000,0.0000,0.5000,"LeadPursuit",0.141721
906,A0100,adaptive_eagle_v6h_e1c,DBFM,1431.781290,75.441569,93.830974,19.084050,75.450875,12710.378602,233.995335,15134.344235,-44.305854,-6558.042351,102.693451,5.210188,False,False,True,False,False,True,False,1-circle,1.000000,19.557691,93.692527,97.749699,2.250301,6.307473,145.123635,53.340037,10.195539,1,0,4,0.0000,0.0000,0.0000,0.5000,"SmartLowYoYo",-0.885774
906,B0100,defensive,DBFM,1431.781290,75.441569,93.830974,19.084050,75.450875,12710.378602,233.995335,15134.344235,-44.305854,-6558.042351,102.693451,5.210188,False,False,True,False,False,True,False,1-circle,1.000000,19.557691,93.692527,97.749699,2.250301,6.307473,145.123635,53.340037,10.195539,2,8,2,0.0000,0.0000,0.0000,0.5000,"LeadPursuit",0.034847
907,A0100,adaptive_eagle_v6h_e1c,DBFM,1391.876519,71.162682,95.135331,24.587362,71.163470,12709.324136,233.635029,15125.830659,-42.567879,-6505.353878,133.364567,5.371363,False,False,True,False,False,True,False,1-circle,1.000000,4.530663,93.692527,97.749699,2.250301,6.307473,144.517837,54.130702,10.557347,1,0,4,0.0000,0.0000,0.0000,0.5000,"SmartLowYoYo",-0.965758
907,B0100,defensive,DBFM,1391.876519,71.162682,95.135331,24.587362,71.163470,12709.324136,233.635029,15125.830659,-42.567879,-6505.353878,133.364567,5.371363,False,False,True,False,False,True,False,1-circle,1.000000,4.530663,93.692527,97.749699,2.250301,6.307473,144.517837,54.130702,10.557347,2,8,2,0.0000,0.0000,0.0000,0.5000,"LeadPursuit",0.191741
908,A0100,adaptive_eagle_v6h_e1c,DBFM,1342.027016,66.712511,95.958536,29.933705,66.712170,12709.064631,233.251656,15117.647146,-40.917570,-6487.826919,160.249330,5.539254,False,False,True,False,False,False,False,1-circle,1.000000,-12.638848,93.692527,97.749699,2.250301,6.307473,143.894458,54.920294,10.896400,1,0,4,0.0000,0.0000,0.0000,0.5000,"SmartLowYoYo",-1.103665
908,B0100,defensive,DBFM,1342.027016,66.712511,95.958536,29.933705,66.712170,12709.064631,233.251656,15117.647146,-40.917570,-6487.826919,160.249330,5.539254,False,False,True,False,False,False,False,1-circle,1.000000,-12.638848,93.692527,97.749699,2.250301,6.307473,143.894458,54.920294,10.896400,2,8,2,0.0000,0.0000,0.0000,0.5000,"LeadPursuit",0.488753
909,A0100,adaptive_eagle_v6h_e1c,DBFM,1284.814348,62.004315,95.771617,34.458538,62.008187,12709.560466,232.846786,15109.788775,-39.291854,-6546.945165,179.343928,5.714532,False,False,True,False,False,False,False,1-circle,1.000000,-32.837773,93.692527,97.749699,2.250301,6.307473,143.152556,55.709907,11.212505,3,0,3,0.0000,0.0000,0.0000,0.5000,"SmartLowYoYo",-1.246582
909,B0100,defensive,DBFM,1284.814348,62.004315,95.771617,34.458538,62.008187,12709.560466,232.846786,15109.788775,-39.291854,-6546.945165,179.343928,5.714532,False,False,True,False,False,False,False,1-circle,1.000000,-32.837773,93.692527,97.749699,2.250301,6.307473,143.152556,55.709907,11.212505,2,8,2,0.0000,0.0000,0.0000,0.5000,"LeadPursuit",0.692294
910,A0100,adaptive_eagle_v6h_e1c,DBFM,1222.289861,56.939548,95.127006,38.772593,56.947248,12710.771601,232.422175,15102.253953,-37.674109,-6627.018076,195.182808,5.897274,False,False,True,False,False,False,False,1-circle,1.000000,-55.362731,93.692527,97.749699,2.250301,6.307473,142.329447,56.497653,11.505360,3,0,3,0.0000,0.0000,0.0000,0.5000,"SmartLowYoYo",-1.417355
910,B0100,defensive,DBFM,1222.289861,56.939548,95.127006,38.772593,56.947248,12710.771601,232.422175,15102.253953,-37.674109,-6627.018076,195.182808,5.897274,False,False,True,False,False,False,False,1-circle,1.000000,-55.362731,93.692527,97.749699,2.250301,6.307473,142.329447,56.497653,11.505360,2,8,2,0.0000,0.0000,0.0000,0.5000,"LeadPursuit",0.885580
911,A0100,adaptive_eagle_v6h_e1c,DBFM,1155.128023,51.429380,94.226146,43.186667,51.427184,12712.657592,231.979567,15095.040280,-36.068366,-6692.245991,209.260395,6.087448,False,False,True,False,False,False,False,1-circle,1.000000,-79.325371,93.692527,97.749699,2.250301,6.307473,141.465715,57.281301,11.774721,3,0,3,0.0000,0.0000,0.0000,0.5000,"SmartLowYoYo",-1.658369
911,B0100,defensive,DBFM,1155.128023,51.429380,94.226146,43.186667,51.427184,12712.657592,231.979567,15095.040280,-36.068366,-6692.245991,209.260395,6.087448,False,False,True,False,False,False,False,1-circle,1.000000,-79.325371,93.692527,97.749699,2.250301,6.307473,141.465715,57.281301,11.774721,2,8,2,0.0000,0.0000,0.0000,0.5000,"LeadPursuit",1.199590
912,A0100,adaptive_eagle_v6h_e1c,DBFM,1084.407785,45.367393,92.750982,47.549766,45.314878,12715.177748,231.520639,15088.143572,-34.483537,-6750.945418,218.741419,6.285101,False,False,True,False,False,False,False,1-circle,1.000000,-103.697127,93.692527,97.749699,2.250301,6.307473,140.603439,58.059157,12.020456,3,0,3,0.0000,0.0000,0.0000,0.5000,"SmartLowYoYo",-1.994361
912,B0100,defensive,DBFM,1084.407785,45.367393,92.750982,47.549766,45.314878,12715.177748,231.520639,15088.143572,-34.483537,-6750.945418,218.741419,6.285101,False,False,True,False,False,False,False,1-circle,1.000000,-103.697127,93.692527,97.749699,2.250301,6.307473,140.603439,58.059157,12.020456,2,8,2,0.0000,0.0000,0.0000,0.5000,"LeadPursuit",1.388465
913,A0100,adaptive_eagle_v6h_e1c,UNKNOWN,1012.092023,38.630437,90.393160,51.774940,38.435010,12718.291296,231.047010,15081.558156,-32.927084,-6806.412452,220.599926,6.490390,False,False,True,False,False,False,False,1-circle,1.000000,-127.408614,93.692527,97.749699,2.250301,6.307473,139.784470,58.830096,12.242539,3,0,3,0.0000,0.0000,0.0000,0.5000,"SmartLowYoYo",-2.436221
913,B0100,defensive,UNKNOWN,1012.092023,38.630437,90.393160,51.774940,38.435010,12718.291296,231.047010,15081.558156,-32.927084,-6806.412452,220.599926,6.490390,False,False,True,False,False,False,False,1-circle,1.000000,-127.408614,93.692527,97.749699,2.250301,6.307473,139.784470,58.830096,12.242539,2,7,2,0.0000,0.0000,0.0000,0.5000,"LeadPursuit",1.610059
914,A0100,adaptive_eagle_v6h_e1c,UNKNOWN,940.733035,31.114745,87.267998,56.239275,30.576747,12721.957504,230.560259,15075.277377,-31.403896,-6822.583520,214.940216,6.703546,False,False,True,False,False,False,False,1-circle,1.000000,-149.259554,93.692527,97.749699,2.250301,6.307473,139.055622,59.593352,12.441021,3,0,3,0.0000,0.0000,0.0000,0.5000,"SmartLowYoYo",-2.968782
914,B0100,defensive,UNKNOWN,940.733035,31.114745,87.267998,56.239275,30.576747,12721.957504,230.560259,15075.277377,-31.403896,-6822.583520,214.940216,6.703546,False,False,True,False,False,False,False,1-circle,1.000000,-149.259554,93.692527,97.749699,2.250301,6.307473,139.055622,59.593352,12.441021,2,7,2,0.0000,0.0000,0.0000,0.5000,"LeadPursuit",2.391433
915,A0100,adaptive_eagle_v6h_e1c,UNKNOWN,872.058247,22.863152,83.786226,61.603318,21.509005,12726.135776,230.061939,15069.293975,-29.917008,-6770.738449,203.848286,6.924838,False,False,True,False,False,False,False,1-circle,1.000000,-168.327881,93.692527,97.749699,2.250301,6.307473,138.418663,60.348320,12.616011,1,0,4,0.0000,0.0000,0.0000,0.5000,"SmartLowYoYo",-3.156602
915,B0100,defensive,UNKNOWN,872.058247,22.863152,83.786226,61.603318,21.509005,12726.135776,230.061939,15069.293975,-29.917008,-6770.738449,203.848286,6.924838,False,False,True,False,False,False,False,1-circle,1.000000,-168.327881,93.692527,97.749699,2.250301,6.307473,138.418663,60.348320,12.616011,2,6,2,0.0000,0.0000,0.0000,0.5000,"LeadPursuit",3.033582
916,A0100,adaptive_eagle_v6h_e1c,OBFM,809.022509,14.727661,79.284250,67.250337,10.967630,12730.785729,229.553584,15063.600268,-28.468534,-6715.866930,179.404867,7.154547,False,False,True,True,False,False,False,1-circle,1.000000,-186.110124,93.692527,97.749699,2.250301,6.307473,137.695716,61.094440,12.767655,2,0,2,0.0000,0.0000,0.0000,0.5000,"LeadPursuit",-0.728081
916,B0100,defensive,OBFM,809.022509,14.727661,79.284250,67.250337,10.967630,12730.785729,229.553584,15063.600268,-28.468534,-6715.866930,179.404867,7.154547,False,False,True,True,False,False,False,1-circle,1.000000,-186.110124,93.692527,97.749699,2.250301,6.307473,137.695716,61.094440,12.767655,2,6,1,0.0000,0.0000,0.0000,0.5000,"LeadPursuit",0.539837
917,A0100,adaptive_eagle_v6h_e1c,OBFM,759.195536,11.977713,72.815550,72.152556,-1.251116,12735.867252,229.036708,15058.188217,-27.060256,-6738.495672,130.148931,7.392949,False,False,True,True,False,False,False,1-circle,-1.000000,-205.795774,93.692527,97.749699,2.250301,6.307473,136.620985,61.831154,12.896132,1,0,4,0.0000,0.0000,0.0000,0.5000,"SmartHighYoYo",3.344406
917,B0100,defensive,OBFM,759.195536,11.977713,72.815550,72.152556,-1.251116,12735.867252,229.036708,15058.188217,-27.060256,-6738.495672,130.148931,7.392949,False,False,True,True,False,False,False,1-circle,-1.000000,-205.795774,93.692527,97.749699,2.250301,6.307473,136.620985,61.831154,12.896132,2,4,1,0.0000,0.0000,0.0000,0.5000,"LeadPursuit",-3.721817
918,A0100,adaptive_eagle_v6h_e1c,UNKNOWN,732.518918,20.260552,64.659290,76.591813,-15.201015,12741.387863,228.318032,15049.157639,-45.152887,-6830.281553,55.119494,6.781304,False,False,True,False,False,False,False,1-circle,-1.000000,-228.442313,93.692527,97.749699,2.250301,6.307473,132.179189,59.648762,13.113858,1,0,4,0.0000,0.0000,0.0000,0.5000,"SmartHighYoYo",4.220866
918,B0100,defensive,UNKNOWN,732.518918,20.260552,64.659290,76.591813,-15.201015,12741.387863,228.318032,15049.157639,-45.152887,-6830.281553,55.119494,6.781304,False,False,True,False,False,False,False,1-circle,-1.000000,-228.442313,93.692527,97.749699,2.250301,6.307473,132.179189,59.648762,13.113858,2,3,2,0.0000,0.0000,0.0000,0.5000,"LeadPursuit",-3.526922
919,A0100,adaptive_eagle_v6h_e1c,UNKNOWN,736.806517,33.013248,56.233194,81.451873,-30.293929,12747.736252,227.919372,15047.453996,-8.518215,-6909.176765,-33.806238,5.015186,False,False,True,False,False,False,False,1-circle,-1.000000,-253.956004,93.692527,97.749699,2.250301,6.307473,121.346771,51.584044,13.488160,4,0,3,0.0000,0.0000,0.0000,0.5000,"SmartHighYoYo",3.608943
919,B0100,defensive,UNKNOWN,736.806517,33.013248,56.233194,81.451873,-30.293929,12747.736252,227.919372,15047.453996,-8.518215,-6909.176765,-33.806238,5.015186,False,False,True,False,False,False,False,1-circle,-1.000000,-253.956004,93.692527,97.749699,2.250301,6.307473,121.346771,51.584044,13.488160,2,1,2,0.0000,0.0000,0.0000,0.5000,"LeadPursuit",-2.182729
920,A0100,adaptive_eagle_v6h_e1c,UNKNOWN,775.421540,46.231269,48.401166,86.438303,-45.171474,12755.580074,228.335970,15063.712488,81.292459,-6950.611645,-125.522146,3.440485,False,False,True,False,False,False,False,1-circle,-1.000000,-282.284837,93.692527,97.749699,2.250301,6.307473,107.280432,40.915354,13.829065,1,0,4,0.0000,0.0000,0.0000,0.5000,"SmartHighYoYo",2.847532
920,B0100,defensive,UNKNOWN,775.421540,46.231269,48.401166,86.438303,-45.171474,12755.580074,228.335970,15063.712488,81.292459,-6950.611645,-125.522146,3.440485,False,False,True,False,False,False,False,1-circle,-1.000000,-282.284837,93.692527,97.749699,2.250301,6.307473,107.280432,40.915354,13.829065,2,0,2,0.0000,0.0000,0.0000,0.5000,"LeadPursuit",-1.282990
921,A0100,adaptive_eagle_v6h_e1c,HABFM,847.263316,58.148977,41.660833,90.939224,-58.429935,12765.296511,228.996370,15086.799543,115.435275,-6980.828959,-210.143115,2.265261,False,False,True,False,False,False,False,2-circle,-1.000000,-312.859986,93.692527,97.749699,2.250301,6.307473,92.005453,29.784733,14.053726,1,0,4,0.0000,0.0000,0.0000,0.5000,"SmartHighYoYo",2.258396
921,B0100,defensive,HABFM,847.263316,58.148977,41.660833,90.939224,-58.429935,12765.296511,228.996370,15086.799543,115.435275,-6980.828959,-210.143115,2.265261,False,False,True,False,False,False,False,2-circle,-1.000000,-312.859986,93.692527,97.749699,2.250301,6.307473,92.005453,29.784733,14.053726,2,0,2,0.0000,0.0000,0.0000,0.5000,"LeadPursuit",-0.791446
922,A0100,adaptive_eagle_v6h_e1c,HABFM,947.652961,68.168862,36.410091,95.313487,-69.572509,12777.025020,228.231436,15083.044559,-18.774921,-7010.980063,-280.510807,1.360064,False,False,True,False,False,False,False,2-circle,-1.000000,-344.741000,93.692527,97.749699,2.250301,6.307473,76.121448,18.910030,15.699658,1,0,4,0.0000,0.0000,0.0000,0.5000,"SmartHighYoYo",1.833560
922,B0100,defensive,HABFM,947.652961,68.168862,36.410091,95.313487,-69.572509,12777.025020,228.231436,15083.044559,-18.774921,-7010.980063,-280.510807,1.360064,False,False,True,False,False,False,False,2-circle,-1.000000,-344.741000,93.692527,97.749699,2.250301,6.307473,76.121448,18.910030,15.699658,1,0,2,0.0000,0.0000,0.0000,0.5000,"LeadPursuit",-0.520614
923,A0100,adaptive_eagle_v6h_e1c,HABFM,1069.774293,76.337480,33.109031,100.130503,-78.711949,12790.901860,227.219054,15076.508836,-32.678614,-6989.262149,-332.084241,0.599420,False,False,True,False,False,False,False,2-circle,-1.000000,-377.655562,93.692527,97.749699,2.250301,6.307473,59.595310,8.550623,18.277293,1,0,4,0.0000,0.0000,0.0000,0.5000,"SmartHighYoYo",1.492668
923,B0100,defensive,HABFM,1069.774293,76.337480,33.109031,100.130503,-78.711949,12790.901860,227.219054,15076.508836,-32.678614,-6989.262149,-332.084241,0.599420,False,False,True,False,False,False,False,2-circle,-1.000000,-377.655562,93.692527,97.749699,2.250301,6.307473,59.595310,8.550623,18.277293,1,0,2,0.0000,0.0000,0.0000,0.5000,"LeadPursuit",-0.359694
924,A0100,adaptive_eagle_v6h_e1c,HABFM,1207.808106,82.858131,31.301864,104.383639,-86.113016,12807.123019,226.106601,15070.404352,-30.522423,-7000.208886,-369.725010,0.068930,False,False,True,False,False,False,False,2-circle,-1.000000,-413.554546,93.692527,97.749699,2.250301,6.307473,42.227758,-0.986019,21.060586,1,0,4,0.0000,0.0000,0.0000,0.5000,"SmartHighYoYo",-0.024666
924,B0100,defensive,HABFM,1207.808106,82.858131,31.301864,104.383639,-86.113016,12807.123019,226.106601,15070.404352,-30.522423,-7000.208886,-369.725010,0.068930,False,False,True,False,False,False,False,2-circle,-1.000000,-413.554546,93.692527,97.749699,2.250301,6.307473,42.227758,-0.986019,21.060586,1,0,2,0.0000,0.0000,0.0000,0.5000,"LeadPursuit",-0.253232
925,A0100,adaptive_eagle_v6h_e1c,HABFM,1358.606033,87.878773,29.874194,107.395511,-91.964979,12825.785997,224.870171,15064.382184,-30.110840,-7099.817196,-400.118044,0.676188,False,False,True,False,False,False,False,2-circle,-1.000000,-453.561439,93.692527,97.749699,2.250301,6.307473,24.093358,-9.535202,23.691813,1,0,4,0.0000,0.0000,0.0000,0.5000,"SmartHighYoYo",-0.029949
925,B0100,defensive,HABFM,1358.606033,87.878773,29.874194,107.395511,-91.964979,12825.785997,224.870171,15064.382184,-30.110840,-7099.817196,-400.118044,0.676188,False,False,True,False,False,False,False,2-circle,-1.000000,-453.561439,93.692527,97.749699,2.250301,6.307473,24.093358,-9.535202,23.691813,1,0,2,0.0000,0.0000,0.0000,0.5000,"LeadPursuit",-0.180475
926,A0100,adaptive_eagle_v6h_e1c,HABFM,1519.466657,91.623758,28.784134,109.800018,-96.504932,12846.878698,223.508256,15058.441110,-29.705370,-7225.845137,-423.172378,1.248208,False,False,False,False,False,False,False,2-circle,-1.000000,-497.044706,93.692527,97.749699,2.250301,6.307473,5.580436,-17.135726,26.037639,1,0,4,0.0000,0.0000,0.0000,0.5000,"SmartLowYoYo",-0.015618
926,B0100,defensive,HABFM,1519.466657,91.623758,28.784134,109.800018,-96.504932,12846.878698,223.508256,15058.441110,-29.705370,-7225.845137,-423.172378,1.248208,False,False,False,False,False,False,False,2-circle,-1.000000,-497.044706,93.692527,97.749699,2.250301,6.307473,5.580436,-17.135726,26.037639,1,0,2,0.0000,0.0000,0.0000,0.5000,"LeadPursuit",-0.130631
927,A0100,adaptive_eagle_v6h_e1c,HABFM,1687.619260,94.361356,27.861846,111.895626,-100.000542,12870.305902,222.033685,15052.783477,-28.288164,-7336.593210,-440.072545,1.810343,False,False,False,False,False,False,False,2-circle,-1.000000,-542.997364,93.692527,97.749699,2.250301,6.307473,-12.748894,-23.961898,28.055454,1,0,4,0.0000,0.0000,0.0000,0.5000,"SmartLowYoYo",-0.000905
927,B0100,defensive,HABFM,1687.619260,94.361356,27.861846,111.895626,-100.000542,12870.305902,222.033685,15052.783477,-28.288164,-7336.593210,-440.072545,1.810343,False,False,False,False,False,False,False,2-circle,-1.000000,-542.997364,93.692527,97.749699,2.250301,6.307473,-12.748894,-23.961898,28.055454,1,0,2,0.0000,0.0000,0.0000,0.5000,"LeadPursuit",-0.095515
928,A0100,adaptive_eagle_v6h_e1c,HABFM,1860.862253,96.326697,26.994508,113.975022,-102.675891,12895.916809,220.460222,15047.571329,-26.060736,-7408.902149,-451.991495,2.387872,False,False,False,False,False,False,False,2-circle,-1.000000,-590.174149,93.692527,97.749699,2.250301,6.307473,-30.225414,-30.214433,29.744287,1,0,4,0.0000,0.0000,0.0000,0.5000,"SmartLowYoYo",0.009287
928,B0100,defensive,HABFM,1860.862253,96.326697,26.994508,113.975022,-102.675891,12895.916809,220.460222,15047.571329,-26.060736,-7408.902149,-451.991495,2.387872,False,False,False,False,False,False,False,2-circle,-1.000000,-590.174149,93.692527,97.749699,2.250301,6.307473,-30.225414,-30.214433,29.744287,1,0,2,0.0000,0.0000,0.0000,0.5000,"LeadPursuit",-0.071212
929,A0100,adaptive_eagle_v6h_e1c,HABFM,2036.959463,97.735000,26.820977,116.607990,-104.742381,12923.524284,218.802559,15042.943416,-23.139567,-7421.898353,-457.218446,3.008058,False,False,False,False,False,False,False,2-circle,-1.000000,-637.900783,93.692527,97.749699,2.250301,6.307473,-46.464670,-36.072483,31.122595,1,7,4,0.0000,0.0000,0.0000,0.5000,"HeadOnBreak",-0.000398
929,B0100,defensive,HABFM,2036.959463,97.735000,26.820977,116.607990,-104.742381,12923.524284,218.802559,15042.943416,-23.139567,-7421.898353,-457.218446,3.008058,False,False,False,False,False,False,False,2-circle,-1.000000,-637.900783,93.692527,97.749699,2.250301,6.307473,-46.464670,-36.072483,31.122595,1,0,2,0.0000,0.0000,0.0000,0.5000,"LeadPursuit",-0.053718
930,A0100,adaptive_eagle_v6h_e1c,HABFM,2214.289387,98.708206,27.342867,118.716190,-106.333773,12952.916986,217.075928,15039.018280,-19.625679,-7485.655374,-458.748542,3.702533,False,False,False,False,False,False,False,2-circle,-1.000000,-687.688245,93.692527,97.749699,2.250301,6.307473,-61.183653,-41.672064,32.211815,1,6,4,0.0000,0.0000,0.0000,0.5000,"HeadOnBreak",-0.012290
930,B0100,defensive,HABFM,2214.289387,98.708206,27.342867,118.716190,-106.333773,12952.916986,217.075928,15039.018280,-19.625679,-7485.655374,-458.748542,3.702533,False,False,False,False,False,False,False,2-circle,-1.000000,-687.688245,93.692527,97.749699,2.250301,6.307473,-61.183653,-41.672064,32.211815,1,0,2,0.0000,0.0000,0.0000,0.5000,"LeadPursuit",-0.037716
931,A0100,adaptive_eagle_v6h_e1c,HABFM,2393.330787,99.258609,27.233425,119.037198,-107.444091,12983.866285,215.295534,15035.888698,-15.647911,-7670.473999,-463.158105,4.512840,False,False,False,False,False,False,False,2-circle,-1.000000,-740.257093,93.692527,97.749699,2.250301,6.307473,-74.078458,-47.113517,33.031927,1,6,4,0.0000,0.0000,0.0000,0.5000,"HeadOnBreak",-0.017327
931,B0100,defensive,HABFM,2393.330787,99.258609,27.233425,119.037198,-107.444091,12983.866285,215.295534,15035.888698,-15.647911,-7670.473999,-463.158105,4.512840,False,False,False,False,False,False,False,2-circle,-1.000000,-740.257093,93.692527,97.749699,2.250301,6.307473,-74.078458,-47.113517,33.031927,1,0,2,0.0000,0.0000,0.0000,0.5000,"LeadPursuit",-0.022573
932,A0100,adaptive_eagle_v6h_e1c,HABFM,2574.808259,99.403292,26.731555,118.128536,-108.065079,13016.170000,213.869817,15041.104842,26.080722,-7928.252360,-468.975429,5.488843,False,False,False,False,False,False,False,2-circle,-1.000000,-794.827329,93.692527,97.749699,2.250301,6.307473,-85.277370,-52.465145,33.596976,1,7,4,0.0000,0.0000,0.0000,0.5000,"HeadOnBreak",-0.016644
932,B0100,defensive,HABFM,2574.808259,99.403292,26.731555,118.128536,-108.065079,13016.170000,213.869817,15041.104842,26.080722,-7928.252360,-468.975429,5.488843,False,False,False,False,False,False,False,2-circle,-1.000000,-794.827329,93.692527,97.749699,2.250301,6.307473,-85.277370,-52.465145,33.596976,1,0,2,0.0000,0.0000,0.0000,0.5000,"LeadPursuit",-0.009353
933,A0100,adaptive_eagle_v6h_e1c,HABFM,2758.559544,99.208491,26.295293,116.716760,-108.242868,13049.660477,212.658958,15051.731227,53.131925,-8187.818355,-473.179349,6.721977,False,False,False,False,False,False,False,2-circle,-1.000000,-850.991458,93.692527,97.749699,2.250301,6.307473,-95.130924,-57.766611,33.915409,1,7,4,0.0000,0.0000,0.0000,0.5000,"HeadOnBreak",-0.020588
933,B0100,defensive,HABFM,2758.559544,99.208491,26.295293,116.716760,-108.242868,13049.660477,212.658958,15051.731227,53.131925,-8187.818355,-473.179349,6.721977,False,False,False,False,False,False,False,2-circle,-1.000000,-850.991458,93.692527,97.749699,2.250301,6.307473,-95.130924,-57.766611,33.915409,1,0,2,0.0000,0.0000,0.0000,0.5000,"LeadPursuit",0.002093
934,A0100,adaptive_eagle_v6h_e1c,HABFM,2943.983137,98.729857,26.295138,114.861233,-108.025936,13084.129192,211.541707,15065.218563,67.436678,-8464.145246,-474.866753,8.373831,False,False,False,False,False,False,False,2-circle,-1.000000,-909.060604,93.692527,97.749699,2.250301,6.307473,-103.942144,-63.045346,33.997342,1,8,4,0.0000,0.0000,0.0000,0.5000,"HeadOnBreak",-0.021198
934,B0100,defensive,HABFM,2943.983137,98.729857,26.295138,114.861233,-108.025936,13084.129192,211.541707,15065.218563,67.436678,-8464.145246,-474.866753,8.373831,False,False,False,False,False,False,False,2-circle,-1.000000,-909.060604,93.692527,97.749699,2.250301,6.307473,-103.942144,-63.045346,33.997342,1,0,2,0.0000,0.0000,0.0000,0.5000,"LeadPursuit",0.011912
935,A0100,adaptive_eagle_v6h_e1c,HABFM,3130.367339,98.012383,26.875696,112.955678,-107.463509,13119.325739,210.419208,15079.446477,71.139567,-8743.300969,-473.252963,10.762402,False,False,False,False,False,False,False,2-circle,-1.000000,-970.083935,93.692527,97.749699,2.250301,6.307473,-111.933429,-68.320537,33.850030,1,8,4,0.0000,0.0000,0.0000,0.5000,"HeadOnBreak",-0.013394
935,B0100,defensive,HABFM,3130.367339,98.012383,26.875696,112.955678,-107.463509,13119.325739,210.419208,15079.446477,71.139567,-8743.300969,-473.252963,10.762402,False,False,False,False,False,False,False,2-circle,-1.000000,-970.083935,93.692527,97.749699,2.250301,6.307473,-111.933429,-68.320537,33.850030,1,0,2,0.0000,0.0000,0.0000,0.5000,"LeadPursuit",0.020174
936,A0100,adaptive_eagle_v6h_e1c,HABFM,3317.107201,97.115331,27.432869,111.044187,-106.617589,13154.987197,209.303610,15094.378725,74.661244,-9044.714764,-471.245935,14.597157,False,False,False,False,False,False,False,2-circle,-1.000000,-1033.990563,93.692527,97.749699,2.250301,6.307473,-119.317024,-73.591487,33.473195,1,8,4,0.0000,0.0000,0.0000,0.5000,"HeadOnBreak",-0.001854
936,B0100,defensive,HABFM,3317.107201,97.115331,27.432869,111.044187,-106.617589,13154.987197,209.303610,15094.378725,74.661244,-9044.714764,-471.245935,14.597157,False,False,False,False,False,False,False,2-circle,-1.000000,-1033.990563,93.692527,97.749699,2.250301,6.307473,-119.317024,-73.591487,33.473195,0,0,3,0.0000,0.0000,0.0000,0.5000,"LeadPursuit",0.027498
937,A0100,adaptive_eagle_v6h_e1c,HABFM,3503.932213,96.097042,27.469485,108.708739,-105.541975,13190.847324,208.206088,15109.953065,77.871700,-9318.250944,-470.150169,21.896703,False,False,False,False,False,False,False,2-circle,-1.000000,-1099.417068,93.692527,97.749699,2.250301,6.307473,-126.263090,-78.843253,32.863715,1,8,4,0.0000,0.0000,0.0000,0.5000,"HeadOnBreak",0.014945
937,B0100,defensive,HABFM,3503.932213,96.097042,27.469485,108.708739,-105.541975,13190.847324,208.206088,15109.953065,77.871700,-9318.250944,-470.150169,21.896703,False,False,False,False,False,False,False,2-circle,-1.000000,-1099.417068,93.692527,97.749699,2.250301,6.307473,-126.263090,-78.843253,32.863715,0,0,3,0.0000,0.0000,0.0000,0.5000,"LeadPursuit",0.034959
938,A0100,adaptive_eagle_v6h_e1c,HABFM,3690.619298,94.997469,26.666481,105.305537,-104.263663,13226.637700,207.137806,15126.100539,80.737369,-9547.535423,-471.219191,41.660984,False,False,False,False,False,False,False,2-circle,-1.000000,-1163.524501,93.692527,97.749699,2.250301,6.307473,-132.892798,-84.055354,32.019129,1,8,4,0.0000,0.0000,0.0000,0.5000,"HeadOnBreak",0.024040
938,B0100,defensive,HABFM,3690.619298,94.997469,26.666481,105.305537,-104.263663,13226.637700,207.137806,15126.100539,80.737369,-9547.535423,-471.219191,41.660984,False,False,False,False,False,False,False,2-circle,-1.000000,-1163.524501,93.692527,97.749699,2.250301,6.307473,-132.892798,-84.055354,32.019129,0,0,3,0.0000,0.0000,0.0000,0.5000,"LeadPursuit",0.042925
939,A0100,adaptive_eagle_v6h_e1c,HABFM,3876.567446,93.828015,25.999921,101.110961,-102.793347,13262.089500,206.110279,15142.754146,83.268032,-9723.327995,-470.441184,249.612420,False,False,False,False,False,False,False,2-circle,-1.000000,-1224.440755,93.692527,97.749699,2.250301,6.307473,-139.243304,-89.201392,30.934200,1,0,4,0.0000,0.0000,0.0000,0.5000,"HeadOnBreak",0.031540
939,B0100,defensive,HABFM,3876.567446,93.828015,25.999921,101.110961,-102.793347,13262.089500,206.110279,15142.754146,83.268032,-9723.327995,-470.441184,249.612420,False,False,False,False,False,False,False,2-circle,-1.000000,-1224.440755,93.692527,97.749699,2.250301,6.307473,-139.243304,-89.201392,30.934200,0,0,3,0.0000,0.0000,0.0000,0.5000,"LeadPursuit",0.051031
940,A0100,adaptive_eagle_v6h_e1c,HABFM,4060.658388,92.586698,26.002818,96.288676,-101.146985,13296.934133,205.134623,15159.836065,85.409597,-9845.331300,-465.787744,250.648495,False,False,False,False,False,False,False,2-circle,-1.000000,-1282.336782,93.692527,97.749699,2.250301,6.307473,-145.303003,-94.262988,29.604724,1,0,4,0.0000,0.0000,0.0000,0.5000,"HeadOnBreak",0.043134
940,B0100,defensive,HABFM,4060.658388,92.586698,26.002818,96.288676,-101.146985,13296.934133,205.134623,15159.836065,85.409597,-9845.331300,-465.787744,250.648495,False,False,False,False,False,False,False,2-circle,-1.000000,-1282.336782,93.692527,97.749699,2.250301,6.307473,-145.303003,-94.262988,29.604724,0,0,3,0.0000,0.0000,0.0000,0.5000,"LeadPursuit",0.059394
941,A0100,adaptive_eagle_v6h_e1c,HABFM,4241.391210,91.273344,26.451876,90.871907,-99.341968,13330.903363,204.221859,15177.263904,87.139196,-9889.505248,-457.658268,251.621467,False,False,False,False,False,False,False,2-circle,-1.000000,-1337.070367,93.692527,97.749699,2.250301,6.307473,-151.083935,-99.242692,28.033225,1,0,4,0.0000,0.0000,0.0000,0.5000,"HeadOnBreak",0.046573
941,B0100,defensive,HABFM,4241.391210,91.273344,26.451876,90.871907,-99.341968,13330.903363,204.221859,15177.263904,87.139196,-9889.505248,-457.658268,251.621467,False,False,False,False,False,False,False,2-circle,-1.000000,-1337.070367,93.692527,97.749699,2.250301,6.307473,-151.083935,-99.242692,28.033225,0,0,3,0.0000,0.0000,0.0000,0.5000,"LeadPursuit",0.067468
942,A0100,adaptive_eagle_v6h_e1c,UNKNOWN,4417.730086,89.917298,26.701146,85.627000,-97.422358,13363.729419,203.383038,15194.953613,88.448542,-9915.531642,-449.918427,252.517095,False,False,True,False,False,False,False,1-circle,-1.000000,-1387.367312,93.692527,97.749699,2.250301,6.307473,-156.669140,-104.163464,26.229367,1,8,4,0.0000,0.0000,0.0000,0.5000,"HeadOnBreak",0.036383
942,B0100,defensive,UNKNOWN,4417.730086,89.917298,26.701146,85.627000,-97.422358,13363.729419,203.383038,15194.953613,88.448542,-9915.531642,-449.918427,252.517095,False,False,True,False,False,False,False,1-circle,-1.000000,-1387.367312,93.692527,97.749699,2.250301,6.307473,-156.669140,-104.163464,26.229367,0,0,3,0.0000,0.0000,0.0000,0.5000,"LeadPursuit",0.074362
943,A0100,adaptive_eagle_v6h_e1c,UNKNOWN,4589.831368,88.571789,26.608097,81.287260,-95.458298,13395.144706,202.624917,15212.742380,88.943837,-9967.250302,-444.280023,253.326146,False,False,True,False,False,False,False,1-circle,-1.000000,-1432.074126,93.692527,97.749699,2.250301,6.307473,-162.176220,-109.059545,24.207820,1,8,4,0.0000,0.0000,0.0000,0.5000,"HeadOnBreak",0.033313
943,B0100,defensive,UNKNOWN,4589.831368,88.571789,26.608097,81.287260,-95.458298,13395.144706,202.624917,15212.742380,88.943837,-9967.250302,-444.280023,253.326146,False,False,True,False,False,False,False,1-circle,-1.000000,-1432.074126,93.692527,97.749699,2.250301,6.307473,-162.176220,-109.059545,24.207820,0,0,3,0.0000,0.0000,0.0000,0.5000,"LeadPursuit",0.080249
944,A0100,adaptive_eagle_v6h_e1c,UNKNOWN,4758.221962,87.272713,26.529871,77.201549,-93.502819,13424.881554,201.955832,15230.495325,88.764724,-10073.583162,-440.071280,254.037382,False,False,True,False,False,False,False,1-circle,-1.000000,-1471.032542,93.692527,97.749699,2.250301,6.307473,-167.675156,-113.959474,21.984635,1,8,4,0.0000,0.0000,0.0000,0.5000,"HeadOnBreak",0.031064
944,B0100,defensive,UNKNOWN,4758.221962,87.272713,26.529871,77.201549,-93.502819,13424.881554,201.955832,15230.495325,88.764724,-10073.583162,-440.071280,254.037382,False,False,True,False,False,False,False,1-circle,-1.000000,-1471.032542,93.692527,97.749699,2.250301,6.307473,-167.675156,-113.959474,21.984635,0,0,3,0.0000,0.0000,0.0000,0.5000,"LeadPursuit",0.085754
945,A0100,adaptive_eagle_v6h_e1c,UNKNOWN,4923.023662,86.033265,26.812050,73.208828,-91.582100,13452.673519,201.386145,15248.114912,88.097935,-10192.276068,-435.126425,254.637008,False,False,True,False,False,False,False,1-circle,-1.000000,-1504.313263,93.692527,97.749699,2.250301,6.307473,-173.193248,-118.884404,19.577081,1,0,4,0.0000,0.0000,0.0000,0.5000,"HeadOnBreak",0.038239
945,B0100,defensive,UNKNOWN,4923.023662,86.033265,26.812050,73.208828,-91.582100,13452.673519,201.386145,15248.114912,88.097935,-10192.276068,-435.126425,254.637008,False,False,True,False,False,False,False,1-circle,-1.000000,-1504.313263,93.692527,97.749699,2.250301,6.307473,-173.193248,-118.884404,19.577081,0,0,3,0.0000,0.0000,0.0000,0.5000,"LeadPursuit",0.091029
946,A0100,adaptive_eagle_v6h_e1c,UNKNOWN,5083.799154,84.856300,27.742849,68.722092,-89.710493,13478.256972,200.925938,15265.501873,86.934807,-10265.889110,-427.063359,255.111596,False,False,True,False,False,False,False,1-circle,-1.000000,-1532.517488,93.692527,97.749699,2.250301,6.307473,-178.726731,-123.846769,17.002113,1,0,4,0.0000,0.0000,0.0000,0.5000,"HeadOnBreak",0.049856
946,B0100,defensive,UNKNOWN,5083.799154,84.856300,27.742849,68.722092,-89.710493,13478.256972,200.925938,15265.501873,86.934807,-10265.889110,-427.063359,255.111596,False,False,True,False,False,False,False,1-circle,-1.000000,-1532.517488,93.692527,97.749699,2.250301,6.307473,-178.726731,-123.846769,17.002113,0,0,3,0.0000,0.0000,0.0000,0.5000,"LeadPursuit",0.098261
947,A0100,adaptive_eagle_v6h_e1c,UNKNOWN,5238.952816,83.699039,29.057444,63.655691,-87.846898,13501.416226,201.389712,15296.921234,157.096801,-10226.696170,-415.601714,254.441749,False,False,True,False,False,False,False,1-circle,-1.000000,-1554.839172,93.692527,97.749699,2.250301,6.307473,175.727110,-128.849928,14.287705,1,0,4,0.0000,0.0000,0.0000,0.5000,"HeadOnBreak",0.047041
947,B0100,defensive,UNKNOWN,5238.952816,83.699039,29.057444,63.655691,-87.846898,13501.416226,201.389712,15296.921234,157.096801,-10226.696170,-415.601714,254.441749,False,False,True,False,False,False,False,1-circle,-1.000000,-1554.839172,93.692527,97.749699,2.250301,6.307473,175.727110,-128.849928,14.287705,0,0,3,0.0000,0.0000,0.0000,0.5000,"LeadPursuit",0.103008
948,A0100,adaptive_eagle_v6h_e1c,UNKNOWN,5387.815750,82.626051,29.855693,59.183916,-86.062953,13521.936897,202.011529,15328.546738,158.127522,-10164.931024,-406.317749,253.589635,False,False,True,False,False,False,False,1-circle,-1.000000,-1569.762816,93.692527,97.749699,2.250301,6.307473,170.105518,-133.921294,11.451998,1,8,4,0.0000,0.0000,0.0000,0.5000,"HeadOnBreak",-0.421023
948,B0100,defensive,UNKNOWN,5387.815750,82.626051,29.855693,59.183916,-86.062953,13521.936897,202.011529,15328.546738,158.127522,-10164.931024,-406.317749,253.589635,False,False,True,False,False,False,False,1-circle,-1.000000,-1569.762816,93.692527,97.749699,2.250301,6.307473,170.105518,-133.921294,11.451998,0,0,3,0.0000,0.0000,0.0000,0.5000,"LeadPursuit",0.098116
949,A0100,adaptive_eagle_v6h_e1c,UNKNOWN,5531.853870,81.761346,29.950833,56.386719,-84.527921,13539.616932,203.015513,15364.228861,178.410613,-10151.020457,-402.158300,252.284935,False,False,True,False,False,False,False,1-circle,-1.000000,-1577.051169,93.692527,97.749699,2.250301,6.307473,167.447069,-135.978229,8.575756,1,8,4,0.0000,0.0000,0.0000,0.5000,"HeadOnBreak",-0.376728
949,B0100,defensive,UNKNOWN,5531.853870,81.761346,29.950833,56.386719,-84.527921,13539.616932,203.015513,15364.228861,178.410613,-10151.020457,-402.158300,252.284935,False,False,True,False,False,False,False,1-circle,-1.000000,-1577.051169,93.692527,97.749699,2.250301,6.307473,167.447069,-135.978229,8.575756,0,0,3,0.0000,0.0000,0.0000,0.5000,"LeadPursuit",0.088479
950,A0100,adaptive_eagle_v6h_e1c,UNKNOWN,5672.982146,81.038775,29.960787,54.542172,-83.231441,13554.613639,204.405874,15404.303020,200.370795,-10180.831736,-400.034311,250.536043,False,False,True,False,False,False,False,1-circle,-1.000000,-1578.723499,93.692527,97.749699,2.250301,6.307473,170.960802,-131.814701,5.820919,1,8,4,0.0000,0.0000,0.0000,0.5000,"HeadOnBreak",-0.363953
950,B0100,defensive,UNKNOWN,5672.982146,81.038775,29.960787,54.542172,-83.231441,13554.613639,204.405874,15404.303020,200.370795,-10180.831736,-400.034311,250.536043,False,False,True,False,False,False,False,1-circle,-1.000000,-1578.723499,93.692527,97.749699,2.250301,6.307473,170.960802,-131.814701,5.820919,0,0,3,0.0000,0.0000,0.0000,0.5000,"LeadPursuit",0.087350
951,A0100,adaptive_eagle_v6h_e1c,UNKNOWN,5812.298238,80.297050,30.141605,52.900502,-81.980383,13567.193007,205.983776,15445.549791,206.233859,-10249.868017,-397.904512,248.597054,False,False,True,False,False,False,False,1-circle,-1.000000,-1577.142177,93.692527,97.749699,2.250301,6.307473,177.229003,-124.878313,3.373651,1,8,4,0.0000,0.0000,0.0000,0.5000,"HeadOnBreak",-0.376250
951,B0100,defensive,UNKNOWN,5812.298238,80.297050,30.141605,52.900502,-81.980383,13567.193007,205.983776,15445.549791,206.233859,-10249.868017,-397.904512,248.597054,False,False,True,False,False,False,False,1-circle,-1.000000,-1577.142177,93.692527,97.749699,2.250301,6.307473,177.229003,-124.878313,3.373651,0,0,3,0.0000,0.0000,0.0000,0.5000,"LeadPursuit",0.098304
952,A0100,adaptive_eagle_v6h_e1c,UNKNOWN,5949.031106,79.359543,30.915427,50.261531,-80.560499,13577.400330,207.535280,15484.159871,193.050399,-10295.415376,-391.782710,246.727674,False,False,True,False,False,False,False,1-circle,-1.000000,-1571.773240,93.692527,97.749699,2.250301,6.307473,-175.983534,-117.409345,1.412994,1,0,4,0.0000,0.0000,0.0000,0.5000,"HeadOnBreak",-0.382599
952,B0100,defensive,UNKNOWN,5949.031106,79.359543,30.915427,50.261531,-80.560499,13577.400330,207.535280,15484.159871,193.050399,-10295.415376,-391.782710,246.727674,False,False,True,False,False,False,False,1-circle,-1.000000,-1571.773240,93.692527,97.749699,2.250301,6.307473,-175.983534,-117.409345,1.412994,0,0,3,0.0000,0.0000,0.0000,0.5000,"LeadPursuit",0.106718
953,A0100,adaptive_eagle_v6h_e1c,UNKNOWN,6081.184866,78.252686,32.427546,46.881765,-79.018077,13585.314403,209.137063,15521.620747,187.304378,-10260.283215,-379.845771,244.836898,False,False,True,False,False,False,False,1-circle,-1.000000,-1561.913420,93.692527,97.749699,2.250301,6.307473,-169.715318,-110.460522,-0.014177,1,0,4,0.0000,0.0000,0.0000,0.5000,"HeadOnBreak",-0.435458
953,B0100,defensive,UNKNOWN,6081.184866,78.252686,32.427546,46.881765,-79.018077,13585.314403,209.137063,15521.620747,187.304378,-10260.283215,-379.845771,244.836898,False,False,True,False,False,False,False,1-circle,-1.000000,-1561.913420,93.692527,97.749699,2.250301,6.307473,-169.715318,-110.460522,-0.014177,0,0,3,0.0000,0.0000,0.0000,0.5000,"LeadPursuit",0.126518
954,A0100,adaptive_eagle_v6h_e1c,UNKNOWN,6207.380658,76.818543,34.074508,43.206638,-77.178350,13591.070219,210.633369,15555.182938,167.810957,-10189.679769,-364.843700,243.102906,False,False,True,False,False,False,False,1-circle,-1.000000,-1547.811696,93.692527,97.749699,2.250301,6.307473,-166.594563,-106.672919,-1.055372,1,0,4,0.0000,0.0000,0.0000,0.5000,"HeadOnBreak",-0.529016
954,B0100,defensive,UNKNOWN,6207.380658,76.818543,34.074508,43.206638,-77.178350,13591.070219,210.633369,15555.182938,167.810957,-10189.679769,-364.843700,243.102906,False,False,True,False,False,False,False,1-circle,-1.000000,-1547.811696,93.692527,97.749699,2.250301,6.307473,-166.594563,-106.672919,-1.055372,0,0,3,0.0000,0.0000,0.0000,0.5000,"LeadPursuit",0.159549
955,A0100,adaptive_eagle_v6h_e1c,UNKNOWN,6326.570511,74.971711,35.404912,39.621847,-74.912546,13594.615796,211.872552,15581.906741,133.619013,-10076.846285,-348.577978,241.690082,False,False,True,False,False,False,False,1-circle,-1.000000,-1528.384226,93.692527,97.749699,2.250301,6.307473,-169.329711,-108.735619,-1.967898,1,8,4,0.0000,0.0000,0.0000,0.5000,"HeadOnBreak",-0.543448
955,B0100,defensive,UNKNOWN,6326.570511,74.971711,35.404912,39.621847,-74.912546,13594.615796,211.872552,15581.906741,133.619013,-10076.846285,-348.577978,241.690082,False,False,True,False,False,False,False,1-circle,-1.000000,-1528.384226,93.692527,97.749699,2.250301,6.307473,-169.329711,-108.735619,-1.967898,0,0,3,0.0000,0.0000,0.0000,0.5000,"LeadPursuit",0.166861
956,A0100,adaptive_eagle_v6h_e1c,UNKNOWN,6439.416720,73.167926,35.904101,37.295318,-72.693819,13595.762139,213.243909,15608.862034,134.776468,-10000.600492,-337.443275,240.156054,False,False,True,False,False,False,False,1-circle,-1.000000,-1502.903336,93.692527,97.749699,2.250301,6.307473,-172.290127,-110.985844,-2.868669,1,8,4,0.0000,0.0000,0.0000,0.5000,"HeadOnBreak",-0.471933
956,B0100,defensive,UNKNOWN,6439.416720,73.167926,35.904101,37.295318,-72.693819,13595.762139,213.243909,15608.862034,134.776468,-10000.600492,-337.443275,240.156054,False,False,True,False,False,False,False,1-circle,-1.000000,-1502.903336,93.692527,97.749699,2.250301,6.307473,-172.290127,-110.985844,-2.868669,0,0,3,0.0000,0.0000,0.0000,0.5000,"LeadPursuit",0.148433
957,A0100,adaptive_eagle_v6h_e1c,UNKNOWN,6548.035917,71.655257,36.080546,35.804286,-70.834374,13594.608450,215.057118,15642.088604,166.132851,-9964.572546,-330.075909,238.167724,False,False,True,False,False,False,False,1-circle,-1.000000,-1472.727348,93.692527,97.749699,2.250301,6.307473,-169.820169,-107.765566,-3.796991,1,8,4,0.0000,0.0000,0.0000,0.5000,"HeadOnBreak",-0.442822
957,B0100,defensive,UNKNOWN,6548.035917,71.655257,36.080546,35.804286,-70.834374,13594.608450,215.057118,15642.088604,166.132851,-9964.572546,-330.075909,238.167724,False,False,True,False,False,False,False,1-circle,-1.000000,-1472.727348,93.692527,97.749699,2.250301,6.307473,-169.820169,-107.765566,-3.796991,0,0,3,0.0000,0.0000,0.0000,0.5000,"LeadPursuit",0.143333
958,A0100,adaptive_eagle_v6h_e1c,UNKNOWN,6653.949680,70.214204,36.242816,34.458040,-69.099574,13591.422037,217.088068,15677.756668,178.340320,-9968.908489,-323.825669,235.987148,False,False,True,False,False,False,False,1-circle,-1.000000,-1439.959704,93.692527,97.749699,2.250301,6.307473,-164.523015,-101.700644,-4.680344,1,8,4,0.0000,0.0000,0.0000,0.5000,"HeadOnBreak",-0.432253
958,B0100,defensive,UNKNOWN,6653.949680,70.214204,36.242816,34.458040,-69.099574,13591.422037,217.088068,15677.756668,178.340320,-9968.908489,-323.825669,235.987148,False,False,True,False,False,False,False,1-circle,-1.000000,-1439.959704,93.692527,97.749699,2.250301,6.307473,-164.523015,-101.700644,-4.680344,1,0,0,0.0000,0.0000,0.0000,0.5000,"Pursue",0.152986
959,A0100,adaptive_eagle_v6h_e1c,UNKNOWN,6756.473403,68.660646,37.288605,32.403958,-67.288513,13586.395515,217.572937,15682.060259,21.517953,-10004.193541,-312.757158,235.487961,False,False,True,False,False,False,False,1-circle,-1.000000,-1404.443408,93.692527,97.749699,2.250301,6.307473,-158.505027,-94.905937,-5.321639,1,0,4,0.0000,0.0000,0.0000,0.5000,"HeadOnBreak",-0.437011
959,B0100,defensive,UNKNOWN,6756.473403,68.660646,37.288605,32.403958,-67.288513,13586.395515,217.572937,15682.060259,21.517953,-10004.193541,-312.757158,235.487961,False,False,True,False,False,False,False,1-circle,-1.000000,-1404.443408,93.692527,97.749699,2.250301,6.307473,-158.505027,-94.905937,-5.321639,1,0,0,0.0000,0.0000,0.0000,0.5000,"Pursue",0.165303
960,A0100,adaptive_eagle_v6h_e1c,UNKNOWN,6853.626093,66.970544,39.040820,29.743736,-65.379947,13579.770436,217.779183,15679.410192,-13.250337,-9972.024864,-295.882432,149.552280,False,False,True,False,False,False,False,1-circle,-1.000000,-1366.078129,93.692527,97.749699,2.250301,6.307473,-152.791850,-88.426923,-5.605154,1,0,4,0.0000,0.0000,0.0000,0.5000,"HeadOnBreak",-0.447104
960,B0100,defensive,UNKNOWN,6853.626093,66.970544,39.040820,29.743736,-65.379947,13579.770436,217.779183,15679.410192,-13.250337,-9972.024864,-295.882432,149.552280,False,False,True,False,False,False,False,1-circle,-1.000000,-1366.078129,93.692527,97.749699,2.250301,6.307473,-152.791850,-88.426923,-5.605154,1,0,0,0.0000,0.0000,0.0000,0.5000,"Pursue",0.177561
961,A0100,adaptive_eagle_v6h_e1c,UNKNOWN,6944.351212,65.165449,40.889004,27.184465,-63.395297,13571.793264,218.000726,15675.707041,-18.515751,-9902.295991,-277.065846,31.685329,False,False,True,False,False,False,False,1-circle,-1.000000,-1325.547570,93.692527,97.749699,2.250301,6.307473,-147.726688,-82.620925,-5.511112,1,8,4,0.0000,0.0000,0.0000,0.5000,"SmartLowYoYo",-0.510378
961,B0100,defensive,UNKNOWN,6944.351212,65.165449,40.889004,27.184465,-63.395297,13571.793264,218.000726,15675.707041,-18.515751,-9902.295991,-277.065846,31.685329,False,False,True,False,False,False,False,1-circle,-1.000000,-1325.547570,93.692527,97.749699,2.250301,6.307473,-147.726688,-82.620925,-5.511112,1,0,0,0.0000,0.0000,0.0000,0.5000,"Pursue",0.208648
962,A0100,adaptive_eagle_v6h_e1c,UNKNOWN,7028.376326,63.059963,42.342687,25.149978,-61.147683,13562.734633,218.045478,15667.512306,-40.973677,-9831.709696,-259.151428,23.718841,False,False,True,False,False,False,False,1-circle,-1.000000,-1282.496598,93.692527,97.749699,2.250301,6.307473,-146.019905,-80.185402,-5.216158,1,8,4,0.0000,0.0000,0.0000,0.5000,"SmartLowYoYo",-0.629387
962,B0100,defensive,UNKNOWN,7028.376326,63.059963,42.342687,25.149978,-61.147683,13562.734633,218.045478,15667.512306,-40.973677,-9831.709696,-259.151428,23.718841,False,False,True,False,False,False,False,1-circle,-1.000000,-1282.496598,93.692527,97.749699,2.250301,6.307473,-146.019905,-80.185402,-5.216158,1,0,0,0.0000,0.0000,0.0000,0.5000,"Pursue",0.266253
963,A0100,adaptive_eagle_v6h_e1c,UNKNOWN,7106.176534,60.508655,43.516083,23.441318,-58.450418,13552.815130,217.750445,15651.900786,-78.057599,-9796.673878,-241.756382,38.242802,False,False,True,False,False,False,False,1-circle,-1.000000,-1236.872319,93.692527,97.749699,2.250301,6.307473,-150.429141,-83.866980,-5.004891,3,8,3,0.0000,0.0000,0.0000,0.5000,"SmartLowYoYo",-0.639046
963,B0100,defensive,UNKNOWN,7106.176534,60.508655,43.516083,23.441318,-58.450418,13552.815130,217.750445,15651.900786,-78.057599,-9796.673878,-241.756382,38.242802,False,False,True,False,False,False,False,1-circle,-1.000000,-1236.872319,93.692527,97.749699,2.250301,6.307473,-150.429141,-83.866980,-5.004891,1,1,0,0.0000,0.0000,0.0000,0.5000,"Pursue",0.290346
964,A0100,adaptive_eagle_v6h_e1c,UNKNOWN,7177.576972,57.990883,45.093712,22.282103,-55.748835,13541.974596,217.537533,15636.957378,-74.717038,-9776.029239,-222.315006,80.017429,False,False,True,False,False,False,False,1-circle,-1.000000,-1188.675165,93.692527,97.749699,2.250301,6.307473,-154.346163,-87.056865,-4.963089,3,8,3,0.0000,0.0000,0.0000,0.5000,"SmartLowYoYo",-0.547115
964,B0100,defensive,UNKNOWN,7177.576972,57.990883,45.093712,22.282103,-55.748835,13541.974596,217.537533,15636.957378,-74.717038,-9776.029239,-222.315006,80.017429,False,False,True,False,False,False,False,1-circle,-1.000000,-1188.675165,93.692527,97.749699,2.250301,6.307473,-154.346163,-87.056865,-4.963089,1,1,1,0.0000,0.0000,0.0000,0.5000,"Pursue",0.269690
965,A0100,adaptive_eagle_v6h_e1c,UNKNOWN,7241.715373,55.834468,47.176319,21.825315,-53.423959,13530.088947,217.738394,15628.942270,-40.075540,-9705.040855,-200.126300,37.005801,False,False,True,False,False,False,False,1-circle,-1.000000,-1137.828244,93.692527,97.749699,2.250301,6.307473,-151.676612,-83.661088,-5.017378,3,8,3,0.0000,0.0000,0.0000,0.5000,"SmartLowYoYo",-0.570766
965,B0100,defensive,UNKNOWN,7241.715373,55.834468,47.176319,21.825315,-53.423959,13530.088947,217.738394,15628.942270,-40.075540,-9705.040855,-200.126300,37.005801,False,False,True,False,False,False,False,1-circle,-1.000000,-1137.828244,93.692527,97.749699,2.250301,6.307473,-151.676612,-83.661088,-5.017378,1,1,1,0.0000,0.0000,0.0000,0.5000,"Pursue",0.298021
966,A0100,adaptive_eagle_v6h_e1c,UNKNOWN,7297.892026,53.568223,49.521320,21.873192,-51.017660,13517.278899,217.926380,15619.757906,-45.921823,-9612.588256,-175.223593,22.570615,False,False,True,False,False,False,False,1-circle,-1.000000,-1085.059465,93.692527,97.749699,2.250301,6.307473,-148.414127,-79.684129,-5.123408,3,8,3,0.0000,0.0000,0.0000,0.5000,"SmartLowYoYo",-0.705666
966,B0100,defensive,UNKNOWN,7297.892026,53.568223,49.521320,21.873192,-51.017660,13517.278899,217.926380,15619.757906,-45.921823,-9612.588256,-175.223593,22.570615,False,False,True,False,False,False,False,1-circle,-1.000000,-1085.059465,93.692527,97.749699,2.250301,6.307473,-148.414127,-79.684129,-5.123408,1,1,1,0.0000,0.0000,0.0000,0.5000,"Pursue",0.385830
967,A0100,adaptive_eagle_v6h_e1c,UNKNOWN,7345.369408,50.847269,51.962770,22.595808,-48.148710,13503.766125,217.771771,15603.262954,-82.474758,-9521.253238,-147.880231,24.213892,False,False,True,False,False,False,False,1-circle,-1.000000,-1031.522312,93.692527,97.749699,2.250301,6.307473,-149.773421,-80.362097,-5.253886,3,8,3,0.0000,0.0000,0.0000,0.5000,"SmartLowYoYo",-0.824330
967,B0100,defensive,UNKNOWN,7345.369408,50.847269,51.962770,22.595808,-48.148710,13503.766125,217.771771,15603.262954,-82.474758,-9521.253238,-147.880231,24.213892,False,False,True,False,False,False,False,1-circle,-1.000000,-1031.522312,93.692527,97.749699,2.250301,6.307473,-149.773421,-80.362097,-5.253886,1,1,1,0.0000,0.0000,0.0000,0.5000,"Pursue",0.477817
968,A0100,adaptive_eagle_v6h_e1c,UNKNOWN,7383.764923,47.848242,54.386414,24.262697,-44.950127,13489.632411,217.422244,15582.395197,-104.338785,-9434.388528,-119.734874,40.040889,False,False,True,False,False,False,False,1-circle,-1.000000,-978.379517,93.692527,97.749699,2.250301,6.307473,-154.163759,-84.126166,-5.486890,3,8,3,0.0000,0.0000,0.0000,0.5000,"SmartLowYoYo",-0.798664
968,B0100,defensive,UNKNOWN,7383.764923,47.848242,54.386414,24.262697,-44.950127,13489.632411,217.422244,15582.395197,-104.338785,-9434.388528,-119.734874,40.040889,False,False,True,False,False,False,False,1-circle,-1.000000,-978.379517,93.692527,97.749699,2.250301,6.307473,-154.163759,-84.126166,-5.486890,1,1,1,0.0000,0.0000,0.0000,0.5000,"Pursue",0.503253
969,A0100,adaptive_eagle_v6h_e1c,UNKNOWN,7412.919959,45.101848,57.133184,26.904262,-41.932724,13474.708307,217.345974,15566.003108,-81.960445,-9305.457777,-89.400994,53.768107,False,False,True,False,False,False,False,1-circle,-1.000000,-926.634793,93.692527,97.749699,2.250301,6.307473,-156.206670,-85.616448,-5.827197,1,8,4,0.0000,0.0000,0.0000,0.5000,"SmartLowYoYo",-0.727855
969,B0100,defensive,UNKNOWN,7412.919959,45.101848,57.133184,26.904262,-41.932724,13474.708307,217.345974,15566.003108,-81.960445,-9305.457777,-89.400994,53.768107,False,False,True,False,False,False,False,1-circle,-1.000000,-926.634793,93.692527,97.749699,2.250301,6.307473,-156.206670,-85.616448,-5.827197,1,1,1,0.0000,0.0000,0.0000,0.5000,"Pursue",0.491411
970,A0100,adaptive_eagle_v6h_e1c,OBFM,7432.432098,42.702047,59.629318,29.921886,-39.265007,13458.881832,217.658518,15556.195541,-49.037837,-9186.789266,-61.890145,24.483564,False,False,True,False,False,False,False,1-circle,-1.000000,-876.766887,93.692527,97.749699,2.250301,6.307473,-151.515865,-80.455086,-6.121276,1,8,4,0.0000,0.0000,0.0000,0.5000,"SmartLowYoYo",-0.797194
970,B0100,defensive,OBFM,7432.432098,42.702047,59.629318,29.921886,-39.265007,13458.881832,217.658518,15556.195541,-49.037837,-9186.789266,-61.890145,24.483564,False,False,True,False,False,False,False,1-circle,-1.000000,-876.766887,93.692527,97.749699,2.250301,6.307473,-151.515865,-80.455086,-6.121276,1,1,1,0.0000,0.0000,0.0000,0.5000,"Pursue",0.565032
971,A0100,adaptive_eagle_v6h_e1c,OBFM,7443.873262,40.191804,61.765752,32.974452,-36.506019,13442.319316,217.928575,15544.840682,-56.774297,-9100.563753,-37.139072,15.582513,False,False,True,False,False,False,False,1-circle,-1.000000,-829.195026,93.692527,97.749699,2.250301,6.307473,-146.662665,-75.214368,-6.293082,1,8,4,0.0000,0.0000,0.0000,0.5000,"SmartLowYoYo",-0.990758
971,B0100,defensive,OBFM,7443.873262,40.191804,61.765752,32.974452,-36.506019,13442.319316,217.928575,15544.840682,-56.774297,-9100.563753,-37.139072,15.582513,False,False,True,False,False,False,False,1-circle,-1.000000,-829.195026,93.692527,97.749699,2.250301,6.307473,-146.662665,-75.214368,-6.293082,1,1,1,0.0000,0.0000,0.0000,0.5000,"Pursue",0.752892
972,A0100,adaptive_eagle_v6h_e1c,OBFM,7447.244896,37.253058,64.171633,36.718319,-33.287232,13425.334407,217.834500,15526.040935,-93.998735,-8994.554478,-9.146414,15.329084,False,False,True,False,False,False,False,1-circle,-1.000000,-785.243532,93.692527,97.749699,2.250301,6.307473,-146.687838,-74.971074,-6.346182,1,8,4,0.0000,0.0000,0.0000,0.5000,"SmartLowYoYo",-1.135273
972,B0100,defensive,OBFM,7447.244896,37.253058,64.171633,36.718319,-33.287232,13425.334407,217.834500,15526.040935,-93.998735,-8994.554478,-9.146414,15.329084,False,False,True,False,False,False,False,1-circle,-1.000000,-785.243532,93.692527,97.749699,2.250301,6.307473,-146.687838,-74.971074,-6.346182,1,1,1,0.0000,0.0000,0.0000,0.5000,"Pursue",0.937856
973,A0100,adaptive_eagle_v6h_e1c,OBFM,7441.409393,34.191900,66.711391,41.253247,-29.843463,13408.086249,217.620788,15504.672905,-106.840149,-8885.650187,19.934514,19.842507,False,False,True,False,False,False,False,1-circle,-1.000000,-745.766278,93.692527,97.749699,2.250301,6.307473,-150.095985,-78.267924,-6.404048,1,8,4,0.0000,0.0000,0.0000,0.5000,"SmartLowYoYo",-1.223993
973,B0100,defensive,OBFM,7441.409393,34.191900,66.711391,41.253247,-29.843463,13408.086249,217.620788,15504.672905,-106.840149,-8885.650187,19.934514,19.842507,False,False,True,False,False,False,False,1-circle,-1.000000,-745.766278,93.692527,97.749699,2.250301,6.307473,-150.095985,-78.267924,-6.404048,1,2,1,0.0000,0.0000,0.0000,0.5000,"Pursue",1.103809
974,A0100,adaptive_eagle_v6h_e1c,OBFM,7426.457301,31.288984,69.197157,46.263720,-26.376533,13390.428573,217.498948,15484.668242,-100.023315,-8788.251333,47.811482,34.849544,False,False,True,False,False,False,False,1-circle,-1.000000,-709.909058,93.692527,97.749699,2.250301,6.307473,-155.034561,-83.250910,-6.628666,1,8,4,0.0000,0.0000,0.0000,0.5000,"SmartLowYoYo",-1.227402
974,B0100,defensive,OBFM,7426.457301,31.288984,69.197157,46.263720,-26.376533,13390.428573,217.498948,15484.668242,-100.023315,-8788.251333,47.811482,34.849544,False,False,True,False,False,False,False,1-circle,-1.000000,-709.909058,93.692527,97.749699,2.250301,6.307473,-155.034561,-83.250910,-6.628666,1,2,1,0.0000,0.0000,0.0000,0.5000,"Pursue",1.209917
975,A0100,adaptive_eagle_v6h_e1c,OBFM,7402.708309,28.767868,71.601808,51.393258,-23.084807,13372.074186,217.644609,15469.119849,-77.741965,-8694.798759,74.009313,46.486442,False,False,True,False,False,False,False,1-circle,-1.000000,-676.361858,93.692527,97.749699,2.250301,6.307473,-156.527581,-84.932053,-6.997585,3,8,3,0.0000,0.0000,0.0000,0.5000,"SmartLowYoYo",-1.162356
975,B0100,defensive,OBFM,7402.708309,28.767868,71.601808,51.393258,-23.084807,13372.074186,217.644609,15469.119849,-77.741965,-8694.798759,74.009313,46.486442,False,False,True,False,False,False,False,1-circle,-1.000000,-676.361858,93.692527,97.749699,2.250301,6.307473,-156.527581,-84.932053,-6.997585,1,2,2,0.0000,0.0000,0.0000,0.5000,"Pursue",1.246243
976,A0100,adaptive_eagle_v6h_e1c,OBFM,7370.608206,26.641471,73.897024,56.318682,-20.117756,13352.886719,218.140554,15459.500316,-48.097665,-8599.510640,98.535994,21.833913,False,False,True,False,False,False,False,1-circle,-1.000000,-643.854150,93.692527,97.749699,2.250301,6.307473,-150.605850,-79.327835,-7.327569,3,8,3,0.0000,0.0000,0.0000,0.5000,"SmartLowYoYo",-1.320204
976,B0100,defensive,OBFM,7370.608206,26.641471,73.897024,56.318682,-20.117756,13352.886719,218.140554,15459.500316,-48.097665,-8599.510640,98.535994,21.833913,False,False,True,False,False,False,False,1-circle,-1.000000,-643.854150,93.692527,97.749699,2.250301,6.307473,-150.605850,-79.327835,-7.327569,1,2,2,0.0000,0.0000,0.0000,0.5000,"Pursue",1.516994
977,A0100,adaptive_eagle_v6h_e1c,OBFM,7330.594082,24.476585,76.042667,61.347572,-17.036003,13333.036667,218.554911,15447.660873,-59.197214,-8511.398293,121.579798,13.731456,False,False,True,False,False,False,False,1-circle,-1.000000,-611.345707,93.692527,97.749699,2.250301,6.307473,-144.182498,-73.343993,-7.501024,3,8,3,0.0000,0.0000,0.0000,0.5000,"SmartLowYoYo",-1.711385
977,B0100,defensive,OBFM,7330.594082,24.476585,76.042667,61.347572,-17.036003,13333.036667,218.554911,15447.660873,-59.197214,-8511.398293,121.579798,13.731456,False,False,True,False,False,False,False,1-circle,-1.000000,-611.345707,93.692527,97.749699,2.250301,6.307473,-144.182498,-73.343993,-7.501024,1,2,2,0.0000,0.0000,0.0000,0.5000,"Pursue",2.107624
978,A0100,adaptive_eagle_v6h_e1c,OBFM,7283.157537,22.078266,77.984608,66.751210,-13.487672,13312.883224,218.578961,15427.972831,-98.440211,-8436.396636,142.614095,12.828287,False,False,True,False,False,False,False,1-circle,-1.000000,-577.945894,93.692527,97.749699,2.250301,6.307473,-142.510506,-72.239487,-7.501118,3,8,3,0.0000,0.0000,0.0000,0.5000,"SmartLowYoYo",-1.821200
978,B0100,defensive,OBFM,7283.157537,22.078266,77.984608,66.751210,-13.487672,13312.883224,218.578961,15427.972831,-98.440211,-8436.396636,142.614095,12.828287,False,False,True,False,False,False,False,1-circle,-1.000000,-577.945894,93.692527,97.749699,2.250301,6.307473,-142.510506,-72.239487,-7.501118,1,3,2,0.0000,0.0000,0.0000,0.5000,"Pursue",2.407085
979,A0100,adaptive_eagle_v6h_e1c,OBFM,7229.414282,19.996345,79.417283,71.740785,-9.916255,13292.616142,218.636665,15408.822655,-95.750881,-8392.608014,158.320952,12.127021,False,False,True,False,False,False,False,1-circle,-1.000000,-542.834261,93.692527,97.749699,2.250301,6.307473,-140.844926,-71.281374,-7.303419,3,8,3,0.0000,0.0000,0.0000,0.5000,"SmartLowYoYo",-1.796967
979,B0100,defensive,OBFM,7229.414282,19.996345,79.417283,71.740785,-9.916255,13292.616142,218.636665,15408.822655,-95.750881,-8392.608014,158.320952,12.127021,False,False,True,False,False,False,False,1-circle,-1.000000,-542.834261,93.692527,97.749699,2.250301,6.307473,-140.844926,-71.281374,-7.303419,1,3,2,0.0000,0.0000,0.0000,0.5000,"Pursue",2.540996
980,A0100,adaptive_eagle_v6h_e1c,OBFM,7170.764894,18.233246,80.826785,76.675209,-6.337199,13272.261591,218.704357,15389.778701,-95.219767,-8348.235651,173.093581,10.560156,False,False,True,False,False,False,False,1-circle,-1.000000,-506.098486,93.692527,97.749699,2.250301,6.307473,-137.404663,-68.737899,-6.988544,3,8,3,0.0000,0.0000,0.0000,0.5000,"SmartLowYoYo",-1.391787
980,B0100,defensive,OBFM,7170.764894,18.233246,80.826785,76.675209,-6.337199,13272.261591,218.704357,15389.778701,-95.219767,-8348.235651,173.093581,10.560156,False,False,True,False,False,False,False,1-circle,-1.000000,-506.098486,93.692527,97.749699,2.250301,6.307473,-137.404663,-68.737899,-6.988544,1,3,2,0.0000,0.0000,0.0000,0.5000,"Pursue",2.085167
981,A0100,adaptive_eagle_v6h_e1c,OBFM,7107.170256,16.916979,82.365375,81.906492,-2.530964,13252.065049,218.609422,15367.744212,-110.172446,-8294.945836,188.034037,11.324514,False,False,True,False,False,False,False,1-circle,-1.000000,-468.189010,93.692527,97.749699,2.250301,6.307473,-137.514571,-70.042796,-6.719065,1,8,4,0.0000,0.0000,0.0000,0.5000,"SmartLowYoYo",0.096082
981,B0100,defensive,OBFM,7107.170256,16.916979,82.365375,81.906492,-2.530964,13252.065049,218.609422,15367.744212,-110.172446,-8294.945836,188.034037,11.324514,False,False,True,False,False,False,False,1-circle,-1.000000,-468.189010,93.692527,97.749699,2.250301,6.307473,-137.514571,-70.042796,-6.719065,2,4,2,0.0000,0.0000,0.0000,0.5000,"Pursue",-0.048226
982,A0100,adaptive_eagle_v6h_e1c,OBFM,7038.760450,16.513593,83.959355,87.018215,1.126704,13231.951629,218.730475,15349.974533,-88.848394,-8229.451540,202.430092,11.514027,False,False,True,False,False,False,False,1-circle,1.000000,-429.519144,93.692527,97.749699,2.250301,6.307473,-136.151530,-70.350247,-6.361001,1,8,4,0.0000,0.0000,0.0000,0.5000,"SmartLowYoYo",1.250079
982,B0100,defensive,OBFM,7038.760450,16.513593,83.959355,87.018215,1.126704,13231.951629,218.730475,15349.974533,-88.848394,-8229.451540,202.430092,11.514027,False,False,True,False,False,False,False,1-circle,1.000000,-429.519144,93.692527,97.749699,2.250301,6.307473,-136.151530,-70.350247,-6.361001,2,4,2,0.0000,0.0000,0.0000,0.5000,"Pursue",-1.707835
983,A0100,adaptive_eagle_v6h_e1c,OBFM,6965.766426,16.815111,85.554080,91.737312,4.438776,13211.757607,219.182698,15338.547544,-57.134945,-8153.580859,216.282189,8.831441,False,False,True,False,False,False,False,2-circle,1.000000,-390.583510,93.692527,97.749699,2.250301,6.307473,-128.411562,-65.074768,-5.795305,1,8,4,0.0000,0.0000,0.0000,0.5000,"SmartLowYoYo",1.599817
983,B0100,defensive,OBFM,6965.766426,16.815111,85.554080,91.737312,4.438776,13211.757607,219.182698,15338.547544,-57.134945,-8153.580859,216.282189,8.831441,False,False,True,False,False,False,False,2-circle,1.000000,-390.583510,93.692527,97.749699,2.250301,6.307473,-128.411562,-65.074768,-5.795305,2,4,2,0.0000,0.0000,0.0000,0.5000,"Pursue",-2.134981
984,A0100,adaptive_eagle_v6h_e1c,OBFM,6888.442788,17.575904,87.108113,96.048601,7.439548,13191.486632,219.896774,15332.156884,-31.953299,-8072.611456,229.429489,6.201386,False,False,True,False,False,False,False,2-circle,1.000000,-352.148387,93.692527,97.749699,2.250301,6.307473,-115.993626,-56.579168,-4.963581,1,8,4,0.0000,0.0000,0.0000,0.5000,"SmartLowYoYo",1.558979
984,B0100,defensive,OBFM,6888.442788,17.575904,87.108113,96.048601,7.439548,13191.486632,219.896774,15332.156884,-31.953299,-8072.611456,229.429489,6.201386,False,False,True,False,False,False,False,2-circle,1.000000,-352.148387,93.692527,97.749699,2.250301,6.307473,-115.993626,-56.579168,-4.963581,2,5,2,0.0000,0.0000,0.0000,0.5000,"Pursue",-1.979054
985,A0100,adaptive_eagle_v6h_e1c,OBFM,6807.115814,18.602131,88.582886,100.072143,10.297484,13171.222987,220.668513,15326.945201,-26.058414,-7994.843844,241.499429,4.224829,False,False,True,False,False,False,False,2-circle,1.000000,-315.124298,93.692527,97.749699,2.250301,6.307473,-98.487458,-46.002775,-3.742571,1,8,4,0.0000,0.0000,0.0000,0.5000,"SmartLowYoYo",1.446584
985,B0100,defensive,OBFM,6807.115814,18.602131,88.582886,100.072143,10.297484,13171.222987,220.668513,15326.945201,-26.058414,-7994.843844,241.499429,4.224829,False,False,True,False,False,False,False,2-circle,1.000000,-315.124298,93.692527,97.749699,2.250301,6.307473,-98.487458,-46.002775,-3.742571,2,5,2,0.0000,0.0000,0.0000,0.5000,"Pursue",-1.865740
986,A0100,adaptive_eagle_v6h_e1c,OBFM,6721.858468,19.803407,90.367341,104.298557,13.108347,13151.285292,221.310942,15319.577609,-36.837962,-7891.504877,255.709593,2.942335,False,False,True,False,False,False,False,2-circle,1.000000,-280.707056,93.692527,97.749699,2.250301,6.307473,-74.258875,-35.870676,-2.190790,1,8,4,0.0000,0.0000,0.0000,0.5000,"SmartLowYoYo",1.316304
986,B0100,defensive,OBFM,6721.858468,19.803407,90.367341,104.298557,13.108347,13151.285292,221.310942,15319.577609,-36.837962,-7891.504877,255.709593,2.942335,False,False,True,False,False,False,False,2-circle,1.000000,-280.707056,93.692527,97.749699,2.250301,6.307473,-74.258875,-35.870676,-2.190790,2,5,2,0.0000,0.0000,0.0000,0.5000,"Pursue",-1.822331
987,A0100,adaptive_eagle_v6h_e1c,OBFM,6631.842057,21.144692,92.236185,108.575673,15.814621,13132.000449,221.862010,15311.104377,-42.366160,-7783.028445,270.100428,2.137952,False,False,True,False,False,False,False,2-circle,1.000000,-249.432195,93.692527,97.749699,2.250301,6.307473,-35.205349,-27.769019,-0.427107,3,8,3,0.0000,0.0000,0.0000,0.5000,"SmartLowYoYo",1.199736
987,B0100,defensive,OBFM,6631.842057,21.144692,92.236185,108.575673,15.814621,13132.000449,221.862010,15311.104377,-42.366160,-7783.028445,270.100428,2.137952,False,False,True,False,False,False,False,2-circle,1.000000,-249.432195,93.692527,97.749699,2.250301,6.307473,-35.205349,-27.769019,-0.427107,2,6,2,0.0000,0.0000,0.0000,0.5000,"Pursue",-1.588523
988,A0100,adaptive_eagle_v6h_e1c,OBFM,6537.493576,22.620357,93.962272,112.679457,18.372313,13113.583830,222.310780,15301.512219,-47.960793,-7688.841694,282.670337,1.642540,False,False,True,False,False,False,False,2-circle,1.000000,-220.660061,93.692527,97.749699,2.250301,6.307473,13.573915,-22.059130,1.040974,3,8,3,0.0000,0.0000,0.0000,0.5000,"SmartLowYoYo",1.118799
988,B0100,defensive,OBFM,6537.493576,22.620357,93.962272,112.679457,18.372313,13113.583830,222.310780,15301.512219,-47.960793,-7688.841694,282.670337,1.642540,False,False,True,False,False,False,False,2-circle,1.000000,-220.660061,93.692527,97.749699,2.250301,6.307473,13.573915,-22.059130,1.040974,2,6,3,0.0000,0.0000,0.0000,0.5000,"LeadPursuit",-1.407141
989,A0100,adaptive_eagle_v6h_e1c,OBFM,6439.074611,24.242740,95.521400,116.610782,20.817532,13095.931837,224.677093,15330.685471,145.866260,-7547.803134,295.356967,1.310164,False,False,True,False,False,False,False,2-circle,1.000000,-193.217420,93.692527,97.749699,2.250301,6.307473,42.948188,-18.083069,0.616185,1,7,4,0.0000,0.0000,0.0000,0.5000,"SmartHighYoYo",1.014737
989,B0100,defensive,OBFM,6439.074611,24.242740,95.521400,116.610782,20.817532,13095.931837,224.677093,15330.685471,145.866260,-7547.803134,295.356967,1.310164,False,False,True,False,False,False,False,2-circle,1.000000,-193.217420,93.692527,97.749699,2.250301,6.307473,42.948188,-18.083069,0.616185,2,6,3,0.0000,0.0000,0.0000,0.5000,"LeadPursuit",-1.157267
990,A0100,adaptive_eagle_v6h_e1c,OBFM,6337.065900,25.963567,96.559813,119.905449,23.100119,13078.748816,227.579299,15371.608988,204.617587,-7427.768885,303.737357,1.009581,False,False,True,False,False,False,False,2-circle,1.000000,-165.874460,93.692527,97.749699,2.250301,6.307473,58.619070,-14.291549,-0.654939,1,7,4,0.0000,0.0000,0.0000,0.5000,"SmartHighYoYo",0.937466
990,B0100,defensive,OBFM,6337.065900,25.963567,96.559813,119.905449,23.100119,13078.748816,227.579299,15371.608988,204.617587,-7427.768885,303.737357,1.009581,False,False,True,False,False,False,False,2-circle,1.000000,-165.874460,93.692527,97.749699,2.250301,6.307473,58.619070,-14.291549,-0.654939,2,6,3,0.0000,0.0000,0.0000,0.5000,"LeadPursuit",-1.009683
991,A0100,adaptive_eagle_v6h_e1c,OBFM,6232.732119,27.735305,97.474828,122.940151,25.272368,13061.676900,230.681261,15417.467535,229.292734,-7310.758284,310.854806,0.634836,False,False,True,False,False,False,False,2-circle,1.000000,-138.360687,93.692527,97.749699,2.250301,6.307473,70.042528,-9.217993,-1.746728,4,7,3,0.0000,0.0000,0.0000,0.5000,"SmartHighYoYo",0.885819
991,B0100,defensive,OBFM,6232.732119,27.735305,97.474828,122.940151,25.272368,13061.676900,230.681261,15417.467535,229.292734,-7310.758284,310.854806,0.634836,False,False,True,False,False,False,False,2-circle,1.000000,-138.360687,93.692527,97.749699,2.250301,6.307473,70.042528,-9.217993,-1.746728,2,6,3,0.0000,0.0000,0.0000,0.5000,"LeadPursuit",-0.988967
992,A0100,adaptive_eagle_v6h_e1c,OBFM,6125.751318,29.481659,98.813985,126.352578,27.402331,13044.695001,233.729681,15463.159923,228.461942,-7153.958550,321.060604,0.158113,False,False,True,False,False,False,False,2-circle,1.000000,-110.975965,93.692527,97.749699,2.250301,6.307473,80.763549,-2.344012,-0.682056,1,7,4,0.0000,0.0000,0.0000,0.5000,"SmartHighYoYo",0.790480
992,B0100,defensive,OBFM,6125.751318,29.481659,98.813985,126.352578,27.402331,13044.695001,233.729681,15463.159923,228.461942,-7153.958550,321.060604,0.158113,False,False,True,False,False,False,False,2-circle,1.000000,-110.975965,93.692527,97.749699,2.250301,6.307473,80.763549,-2.344012,-0.682056,2,7,3,0.0000,0.0000,0.0000,0.5000,"LeadPursuit",-0.822378
993,A0100,adaptive_eagle_v6h_e1c,OBFM,6015.541576,31.154541,99.854519,129.442663,29.470957,13028.108555,236.710146,15508.646104,227.430905,-7015.113217,328.527429,0.378012,False,False,True,False,False,False,False,2-circle,1.000000,-83.721414,93.692527,97.749699,2.250301,6.307473,91.321500,5.657442,1.557007,1,7,4,0.0000,0.0000,0.0000,0.5000,"SmartHighYoYo",0.697513
993,B0100,defensive,OBFM,6015.541576,31.154541,99.854519,129.442663,29.470957,13028.108555,236.710146,15508.646104,227.430905,-7015.113217,328.527429,0.378012,False,False,True,False,False,False,False,2-circle,1.000000,-83.721414,93.692527,97.749699,2.250301,6.307473,91.321500,5.657442,1.557007,2,7,3,0.0000,0.0000,0.0000,0.5000,"LeadPursuit",-0.677281
994,A0100,adaptive_eagle_v6h_e1c,HABFM,5903.530331,32.734432,100.651282,132.174409,31.435202,13012.318080,239.459392,15550.810136,210.820161,-6902.518903,333.701168,0.910858,False,False,True,False,False,False,False,2-circle,1.000000,-57.233017,93.692527,97.749699,2.250301,6.307473,101.025226,13.569749,3.798140,1,7,4,0.0000,0.0000,0.0000,0.5000,"SmartHighYoYo",0.629270
994,B0100,defensive,HABFM,5903.530331,32.734432,100.651282,132.174409,31.435202,13012.318080,239.459392,15550.810136,210.820161,-6902.518903,333.701168,0.910858,False,False,True,False,False,False,False,2-circle,1.000000,-57.233017,93.692527,97.749699,2.250301,6.307473,101.025226,13.569749,3.798140,2,7,3,0.0000,0.0000,0.0000,0.5000,"LeadPursuit",-0.600397
995,A0100,adaptive_eagle_v6h_e1c,HABFM,5790.197429,34.237664,101.433379,134.727665,33.259843,12997.629781,240.397316,15556.046513,26.181884,-6844.202752,336.889698,1.397159,False,False,True,False,False,False,False,2-circle,1.000000,-32.361684,93.692527,97.749699,2.250301,6.307473,109.121120,20.383648,5.709242,4,7,3,0.0000,0.0000,0.0000,0.5000,"SmartHighYoYo",0.594800
995,B0100,defensive,HABFM,5790.197429,34.237664,101.433379,134.727665,33.259843,12997.629781,240.397316,15556.046513,26.181884,-6844.202752,336.889698,1.397159,False,False,True,False,False,False,False,2-circle,1.000000,-32.361684,93.692527,97.749699,2.250301,6.307473,109.121120,20.383648,5.709242,2,7,3,0.0000,0.0000,0.0000,0.5000,"LeadPursuit",-0.620780
996,A0100,adaptive_eagle_v6h_e1c,HABFM,5675.706243,35.673392,102.575632,137.510657,34.962366,12984.201646,240.857303,15552.418528,-18.139927,-6767.866397,342.424204,1.800048,False,False,True,False,False,False,False,2-circle,1.000000,-9.899285,93.692527,97.749699,2.250301,6.307473,115.273830,25.618709,7.249425,1,7,4,0.0000,0.0000,0.0000,0.5000,"SmartHighYoYo",0.536049
996,B0100,defensive,HABFM,5675.706243,35.673392,102.575632,137.510657,34.962366,12984.201646,240.857303,15552.418528,-18.139927,-6767.866397,342.424204,1.800048,False,False,True,False,False,False,False,2-circle,1.000000,-9.899285,93.692527,97.749699,2.250301,6.307473,115.273830,25.618709,7.249425,2,7,3,0.0000,0.0000,0.0000,0.5000,"LeadPursuit",-0.516599
997,A0100,adaptive_eagle_v6h_e1c,HABFM,5559.475350,37.063098,103.430641,139.942836,36.567697,12972.131561,241.161798,15546.846100,-27.862140,-6716.562480,345.442538,2.108822,False,False,True,False,False,True,False,2-circle,1.000000,10.096082,93.692527,97.749699,2.250301,6.307473,119.670852,29.352160,8.432926,2,8,3,0.0000,0.0000,0.0000,0.5000,"LeadPursuit",0.514712
997,B0100,defensive,HABFM,5559.475350,37.063098,103.430641,139.942836,36.567697,12972.131561,241.161798,15546.846100,-27.862140,-6716.562480,345.442538,2.108822,False,False,True,False,False,True,False,2-circle,1.000000,10.096082,93.692527,97.749699,2.250301,6.307473,119.670852,29.352160,8.432926,2,7,3,0.0000,0.0000,0.0000,0.5000,"LeadPursuit",-0.504170
998,A0100,adaptive_eagle_v6h_e1c,HABFM,5442.619481,38.440817,104.358405,142.394567,38.113985,12961.469164,241.334366,15539.869799,-34.881502,-6662.784415,348.740884,2.341388,False,False,True,False,False,True,False,2-circle,1.000000,27.510914,93.692527,97.749699,2.250301,6.307473,122.790290,31.994235,9.351953,2,8,3,0.0000,0.0000,0.0000,0.5000,"LeadPursuit",0.504338
998,B0100,defensive,HABFM,5442.619481,38.440817,104.358405,142.394567,38.113985,12961.469164,241.334366,15539.869799,-34.881502,-6662.784415,348.740884,2.341388,False,False,True,False,False,True,False,2-circle,1.000000,27.510914,93.692527,97.749699,2.250301,6.307473,122.790290,31.994235,9.351953,2,7,3,0.0000,0.0000,0.0000,0.5000,"LeadPursuit",-0.503248
999,A0100,adaptive_eagle_v6h_e1c,HABFM,5324.412669,39.825318,105.377300,144.941519,39.625811,12952.234112,241.396479,15531.962135,-39.538323,-6599.334786,352.379539,2.533547,False,False,True,False,False,True,False,2-circle,1.000000,42.618084,93.692527,97.749699,2.250301,6.307473,125.203871,34.061765,10.100467,2,8,3,0.0000,0.0000,0.0000,0.5000,"LeadPursuit",0.483616
999,B0100,defensive,HABFM,5324.412669,39.825318,105.377300,144.941519,39.625811,12952.234112,241.396479,15531.962135,-39.538323,-6599.334786,352.379539,2.533547,False,False,True,False,False,True,False,2-circle,1.000000,42.618084,93.692527,97.749699,2.250301,6.307473,125.203871,34.061765,10.100467,2,7,3,0.0000,0.0000,0.0000,0.5000,"LeadPursuit",-0.445393
1000,A0100,adaptive_eagle_v6h_e1c,HABFM,5205.318996,41.233086,106.205279,147.316484,41.125899,12944.421543,241.348124,15523.116157,-44.229888,-6546.244376,354.126494,2.728991,False,False,True,False,False,True,False,2-circle,1.000000,56.379389,93.692527,97.749699,2.250301,6.307473,127.466366,36.054759,10.739403,2,8,3,0.0000,0.0000,0.0000,0.5000,"LeadPursuit",0.443317
1000,B0100,defensive,HABFM,5205.318996,41.233086,106.205279,147.316484,41.125899,12944.421543,241.348124,15523.116157,-44.229888,-6546.244376,354.126494,2.728991,False,False,True,False,False,True,False,2-circle,1.000000,56.379389,93.692527,97.749699,2.250301,6.307473,127.466366,36.054759,10.739403,2,8,3,0.0000,0.0000,0.0000,0.5000,"LeadPursuit",-0.311313
1001,A0100,adaptive_eagle_v6h_e1c,HABFM,5086.325443,42.674935,106.479548,149.125005,42.630556,12938.000463,241.211539,15513.777214,-46.694716,-6532.702498,351.273556,2.961266,False,False,True,False,False,True,False,2-circle,1.000000,69.715890,93.692527,97.749699,2.250301,6.307473,129.932328,38.289390,11.297681,2,8,3,0.0000,0.0000,0.0000,0.5000,"LeadPursuit",0.432968
1001,B0100,defensive,HABFM,5086.325443,42.674935,106.479548,149.125005,42.630556,12938.000463,241.211539,15513.777214,-46.694716,-6532.702498,351.273556,2.961266,False,False,True,False,False,True,False,2-circle,1.000000,69.715890,93.692527,97.749699,2.250301,6.307473,129.932328,38.289390,11.297681,2,8,3,0.0000,0.0000,0.0000,0.5000,"LeadPursuit",-0.270075
1002,A0100,adaptive_eagle_v6h_e1c,HABFM,4968.743476,44.159418,106.607938,150.767262,44.152699,12932.915986,241.015818,15504.514419,-46.313976,-6531.215869,346.977087,3.242336,False,False,True,False,False,True,False,2-circle,1.000000,82.524529,93.692527,97.749699,2.250301,6.307473,132.656633,40.814828,11.784501,2,8,3,0.0000,0.0000,0.0000,0.5000,"LeadPursuit",0.434726
1002,B0100,defensive,HABFM,4968.743476,44.159418,106.607938,150.767262,44.152699,12932.915986,241.015818,15504.514419,-46.313976,-6531.215869,346.977087,3.242336,False,False,True,False,False,True,False,2-circle,1.000000,82.524529,93.692527,97.749699,2.250301,6.307473,132.656633,40.814828,11.784501,2,8,3,0.0000,0.0000,0.0000,0.5000,"LeadPursuit",-0.268466
1003,A0100,adaptive_eagle_v6h_e1c,DBFM,4852.634596,45.685365,106.764475,152.433561,45.695803,12929.093058,240.780599,15495.674433,-44.199928,-6525.615333,342.557399,3.568901,False,False,True,True,False,True,False,2-circle,1.000000,94.499495,93.692527,97.749699,2.250301,6.307473,135.529168,43.520576,12.197385,2,8,3,0.0000,0.0000,0.0000,0.5000,"LeadPursuit",0.433315
1003,B0100,defensive,DBFM,4852.634596,45.685365,106.764475,152.433561,45.695803,12929.093058,240.780599,15495.674433,-44.199928,-6525.615333,342.557399,3.568901,False,False,True,True,False,True,False,2-circle,1.000000,94.499495,93.692527,97.749699,2.250301,6.307473,135.529168,43.520576,12.197385,2,8,3,0.0000,0.0000,0.0000,0.5000,"LeadPursuit",-0.254983
1004,A0100,adaptive_eagle_v6h_e1c,DBFM,4738.105148,47.252377,106.886974,154.085510,47.264263,12926.442410,240.517391,15487.415561,-41.294362,-6520.307447,337.545352,3.931263,False,False,True,True,False,True,False,2-circle,1.000000,105.167682,93.692527,97.749699,2.250301,6.307473,138.397774,46.257955,12.530894,2,8,3,0.0000,0.0000,0.0000,0.5000,"LeadPursuit",0.457458
1004,B0100,defensive,DBFM,4738.105148,47.252377,106.886974,154.085510,47.264263,12926.442410,240.517391,15487.415561,-41.294362,-6520.307447,337.545352,3.931263,False,False,True,True,False,True,False,2-circle,1.000000,105.167682,93.692527,97.749699,2.250301,6.307473,138.397774,46.257955,12.530894,2,8,3,0.0000,0.0000,0.0000,0.5000,"LeadPursuit",-0.323834
1005,A0100,adaptive_eagle_v6h_e1c,DBFM,4625.045781,48.859698,107.348298,156.109770,48.862021,12924.866775,240.232107,15479.768251,-38.236547,-6483.082043,334.723808,4.320614,False,False,True,True,False,True,False,2-circle,1.000000,114.047599,93.692527,97.749699,2.250301,6.307473,141.149595,48.917454,12.782234,2,8,3,0.0000,0.0000,0.0000,0.5000,"LeadPursuit",0.460068
1005,B0100,defensive,DBFM,4625.045781,48.859698,107.348298,156.109770,48.862021,12924.866775,240.232107,15479.768251,-38.236547,-6483.082043,334.723808,4.320614,False,False,True,True,False,True,False,2-circle,1.000000,114.047599,93.692527,97.749699,2.250301,6.307473,141.149595,48.917454,12.782234,2,8,3,0.0000,0.0000,0.0000,0.5000,"LeadPursuit",-0.322420
1006,A0100,adaptive_eagle_v6h_e1c,DBFM,4512.725533,50.502827,107.847967,158.173352,50.488682,12924.265724,239.927770,15472.697976,-35.351378,-6434.653666,331.804967,4.733596,False,False,True,True,False,True,False,2-circle,1.000000,121.462981,93.692527,97.749699,2.250301,6.307473,143.751651,51.453725,12.952764,2,8,3,0.0000,0.0000,0.0000,0.5000,"LeadPursuit",0.385024
1006,B0100,defensive,DBFM,4512.725533,50.502827,107.847967,158.173352,50.488682,12924.265724,239.927770,15472.697976,-35.351378,-6434.653666,331.804967,4.733596,False,False,True,True,False,True,False,2-circle,1.000000,121.462981,93.692527,97.749699,2.250301,6.307473,143.751651,51.453725,12.952764,2,8,3,0.0000,0.0000,0.0000,0.5000,"LeadPursuit",-0.165966
1007,A0100,adaptive_eagle_v6h_e1c,DBFM,4402.004341,52.054128,107.755271,159.494570,52.014428,12924.608447,239.434508,15462.572943,-50.625161,-6432.283578,324.511863,4.986310,False,False,True,True,False,True,False,2-circle,1.000000,128.200161,93.692527,97.749699,2.250301,6.307473,145.196218,52.841497,13.073011,2,8,3,0.0000,0.0000,0.0000,0.5000,"LeadPursuit",0.379358
1007,B0100,defensive,DBFM,4402.004341,52.054128,107.755271,159.494570,52.014428,12924.608447,239.434508,15462.572943,-50.625161,-6432.283578,324.511863,4.986310,False,False,True,True,False,True,False,2-circle,1.000000,128.200161,93.692527,97.749699,2.250301,6.307473,145.196218,52.841497,13.073011,2,8,3,0.0000,0.0000,0.0000,0.5000,"LeadPursuit",-0.114010
1008,A0100,adaptive_eagle_v6h_e1c,DBFM,4294.252478,53.673760,107.425831,160.635558,53.602645,12925.989592,238.904522,15452.731006,-49.209684,-6447.151978,315.026008,4.963530,False,False,True,True,False,True,False,2-circle,1.000000,134.027671,93.692527,97.749699,2.250301,6.307473,145.054705,52.655612,13.194860,2,8,3,0.0000,0.0000,0.0000,0.5000,"LeadPursuit",0.424615
1008,B0100,defensive,DBFM,4294.252478,53.673760,107.425831,160.635558,53.602645,12925.989592,238.904522,15452.731006,-49.209684,-6447.151978,315.026008,4.963530,False,False,True,True,False,True,False,2-circle,1.000000,134.027671,93.692527,97.749699,2.250301,6.307473,145.054705,52.655612,13.194860,2,8,3,0.0000,0.0000,0.0000,0.5000,"LeadPursuit",-0.198686
1009,A0100,adaptive_eagle_v6h_e1c,DBFM,4189.471263,55.401682,107.464615,162.226305,55.295839,12928.345862,238.360552,15443.593927,-45.685399,-6426.083900,307.662993,4.928798,False,False,True,True,False,True,False,2-circle,1.000000,138.616805,93.692527,97.749699,2.250301,6.307473,144.827494,52.400422,13.384407,2,8,3,0.0000,0.0000,0.0000,0.5000,"LeadPursuit",0.436514
1009,B0100,defensive,DBFM,4189.471263,55.401682,107.464615,162.226305,55.295839,12928.345862,238.360552,15443.593927,-45.685399,-6426.083900,307.662993,4.928798,False,False,True,True,False,True,False,2-circle,1.000000,138.616805,93.692527,97.749699,2.250301,6.307473,144.827494,52.400422,13.384407,2,8,3,0.0000,0.0000,0.0000,0.5000,"LeadPursuit",-0.197224
1010,A0100,adaptive_eagle_v6h_e1c,DBFM,4087.010200,57.208702,107.524585,163.781800,57.064936,12931.660717,237.773582,15434.536286,-45.288202,-6392.519998,299.889372,4.976270,False,False,True,True,False,True,False,2-circle,1.000000,142.350244,93.692527,97.749699,2.250301,6.307473,145.047644,52.600061,13.651589,2,8,3,0.0000,0.0000,0.0000,0.5000,"LeadPursuit",0.407390
1010,B0100,defensive,DBFM,4087.010200,57.208702,107.524585,163.781800,57.064936,12931.660717,237.773582,15434.536286,-45.288202,-6392.519998,299.889372,4.976270,False,False,True,True,False,True,False,2-circle,1.000000,142.350244,93.692527,97.749699,2.250301,6.307473,145.047644,52.600061,13.651589,2,8,3,0.0000,0.0000,0.0000,0.5000,"LeadPursuit",-0.059048
1011,A0100,adaptive_eagle_v6h_e1c,DBFM,3987.904384,59.099037,106.976117,164.702222,58.915087,12935.922930,237.148315,15425.652304,-44.419912,-6398.450417,287.027997,5.103997,False,False,True,False,False,True,False,2-circle,1.000000,145.981509,93.692527,97.749699,2.250301,6.307473,145.702679,53.229057,13.969788,2,8,3,0.0000,0.0000,0.0000,0.5000,"LeadPursuit",0.409504
1011,B0100,defensive,DBFM,3987.904384,59.099037,106.976117,164.702222,58.915087,12935.922930,237.148315,15425.652304,-44.419912,-6398.450417,287.027997,5.103997,False,False,True,False,False,True,False,2-circle,1.000000,145.981509,93.692527,97.749699,2.250301,6.307473,145.702679,53.229057,13.969788,2,8,3,0.0000,0.0000,0.0000,0.5000,"LeadPursuit",-0.011084
1012,A0100,adaptive_eagle_v6h_e1c,DBFM,3893.699782,61.085814,106.202685,165.474293,60.861612,12941.102180,236.496597,15417.166084,-42.431098,-6418.673954,271.886677,5.284941,False,False,True,False,False,True,False,2-circle,1.000000,149.349544,93.692527,97.749699,2.250301,6.307473,146.611597,54.109922,14.307217,2,8,3,0.0000,0.0000,0.0000,0.5000,"LeadPursuit",0.425336
1012,B0100,defensive,DBFM,3893.699782,61.085814,106.202685,165.474293,60.861612,12941.102180,236.496597,15417.166084,-42.431098,-6418.673954,271.886677,5.284941,False,False,True,False,False,True,False,2-circle,1.000000,149.349544,93.692527,97.749699,2.250301,6.307473,146.611597,54.109922,14.307217,2,8,3,0.0000,0.0000,0.0000,0.5000,"LeadPursuit",-0.005815
1013,A0100,adaptive_eagle_v6h_e1c,DBFM,3804.723917,63.170516,105.393800,166.326062,62.908339,12947.150958,235.826970,15409.213041,-39.765218,-6436.281932,255.846446,5.495324,False,False,True,False,False,True,False,2-circle,1.000000,152.065397,93.692527,97.749699,2.250301,6.307473,147.618724,55.093071,14.640116,2,8,3,0.0000,0.0000,0.0000,0.5000,"LeadPursuit",0.463574
1013,B0100,defensive,DBFM,3804.723917,63.170516,105.393800,166.326062,62.908339,12947.150958,235.826970,15409.213041,-39.765218,-6436.281932,255.846446,5.495324,False,False,True,False,False,True,False,2-circle,1.000000,152.065397,93.692527,97.749699,2.250301,6.307473,147.618724,55.093071,14.640116,2,8,3,0.0000,0.0000,0.0000,0.5000,"LeadPursuit",-0.079442
1014,A0100,adaptive_eagle_v6h_e1c,DBFM,3720.963833,65.349245,104.922491,167.519539,65.053513,12954.013116,235.143438,15401.823573,-36.947338,-6419.661644,241.747055,5.721152,False,False,True,False,False,True,False,2-circle,1.000000,153.687531,93.692527,97.749699,2.250301,6.307473,148.634400,56.095351,14.954370,2,8,3,0.0000,0.0000,0.0000,0.5000,"LeadPursuit",0.476460
1014,B0100,defensive,DBFM,3720.963833,65.349245,104.922491,167.519539,65.053513,12954.013116,235.143438,15401.823573,-36.947338,-6419.661644,241.747055,5.721152,False,False,True,False,False,True,False,2-circle,1.000000,153.687531,93.692527,97.749699,2.250301,6.307473,148.634400,56.095351,14.954370,2,8,3,0.0000,0.0000,0.0000,0.5000,"LeadPursuit",-0.074891
1015,A0100,adaptive_eagle_v6h_e1c,DBFM,3641.799252,67.612049,104.467751,168.490050,67.287622,12961.630420,234.447293,15394.968785,-34.273941,-6389.902583,227.196426,5.956574,False,False,True,False,False,True,False,2-circle,1.000000,154.593523,93.692527,97.749699,2.250301,6.307473,149.632907,57.083605,15.242960,2,8,3,0.0000,0.0000,0.0000,0.5000,"LeadPursuit",0.451387
1015,B0100,defensive,DBFM,3641.799252,67.612049,104.467751,168.490050,67.287622,12961.630420,234.447293,15394.968785,-34.273941,-6389.902583,227.196426,5.956574,False,False,True,False,False,True,False,2-circle,1.000000,154.593523,93.692527,97.749699,2.250301,6.307473,149.632907,57.083605,15.242960,2,8,3,0.0000,0.0000,0.0000,0.5000,"LeadPursuit",0.064532
1016,A0100,adaptive_eagle_v6h_e1c,DBFM,3568.306152,69.961499,103.398116,168.819853,69.612641,12969.945650,233.738940,15388.602174,-31.833055,-6399.027939,207.385058,6.200462,False,False,True,False,False,True,False,2-circle,1.000000,155.564058,93.692527,97.749699,2.250301,6.307473,150.619363,58.050446,15.503007,2,8,3,0.0000,0.0000,0.0000,0.5000,"LeadPursuit",0.454295
1016,B0100,defensive,DBFM,3568.306152,69.961499,103.398116,168.819853,69.612641,12969.945650,233.738940,15388.602174,-31.833055,-6399.027939,207.385058,6.200462,False,False,True,False,False,True,False,2-circle,1.000000,155.564058,93.692527,97.749699,2.250301,6.307473,150.619363,58.050446,15.503007,2,8,3,0.0000,0.0000,0.0000,0.5000,"LeadPursuit",0.115268
1017,A0100,adaptive_eagle_v6h_e1c,DBFM,3502.099605,72.401990,102.093540,169.051964,72.033704,12978.903428,233.018895,15382.681312,-29.604313,-6422.787848,185.172197,6.453689,False,False,True,False,False,True,False,2-circle,1.000000,156.461775,93.692527,97.749699,2.250301,6.307473,151.592694,58.997799,15.733644,2,4,4,0.0000,0.0000,0.0000,0.5000,"Accelerate",0.491276
1017,B0100,defensive,DBFM,3502.099605,72.401990,102.093540,169.051964,72.033704,12978.903428,233.018895,15382.681312,-29.604313,-6422.787848,185.172197,6.453689,False,False,True,False,False,True,False,2-circle,1.000000,156.461775,93.692527,97.749699,2.250301,6.307473,151.592694,58.997799,15.733644,2,8,3,0.0000,0.0000,0.0000,0.5000,"LeadPursuit",0.036181
1018,A0100,adaptive_eagle_v6h_e1c,DBFM,3443.143087,74.923013,101.170379,169.400652,74.541061,12988.450044,232.288099,15377.174066,-27.536229,-6409.037845,165.377063,6.717624,False,False,True,False,False,True,False,2-circle,1.000000,157.001140,93.692527,97.749699,2.250301,6.307473,152.552163,59.928990,15.934821,2,4,4,0.0000,0.0000,0.0000,0.5000,"Accelerate",0.524978
1018,B0100,defensive,DBFM,3443.143087,74.923013,101.170379,169.400652,74.541061,12988.450044,232.288099,15377.174066,-27.536229,-6409.037845,165.377063,6.717624,False,False,True,False,False,True,False,2-circle,1.000000,157.001140,93.692527,97.749699,2.250301,6.307473,152.552163,59.928990,15.934821,2,8,3,0.0000,0.0000,0.0000,0.5000,"LeadPursuit",-0.050922
1019,A0100,adaptive_eagle_v6h_e1c,DBFM,3390.184830,77.505417,100.742032,169.021308,77.113704,12998.533068,231.547881,15372.057358,-25.583537,-6334.468534,148.989605,6.993511,False,False,True,False,False,True,False,2-circle,1.000000,158.042320,93.692527,97.749699,2.250301,6.307473,153.516011,60.846147,16.106752,2,4,4,0.0000,0.0000,0.0000,0.5000,"Accelerate",0.480940
1019,B0100,defensive,DBFM,3390.184830,77.505417,100.742032,169.021308,77.113704,12998.533068,231.547881,15372.057358,-25.583537,-6334.468534,148.989605,6.993511,False,False,True,False,False,True,False,2-circle,1.000000,158.042320,93.692527,97.749699,2.250301,6.307473,153.516011,60.846147,16.106752,2,8,3,0.0000,0.0000,0.0000,0.5000,"LeadPursuit",0.143868
1020,A0100,adaptive_eagle_v6h_e1c,DBFM,3343.732912,80.140487,99.525373,167.356698,79.737852,13009.101053,230.799823,15367.313896,-23.717311,-6274.324849,125.993605,7.282354,False,False,True,False,False,True,False,2-circle,1.000000,161.881627,93.692527,97.749699,2.250301,6.307473,154.525076,61.749991,16.249721,1,2,4,0.0000,0.0000,0.0000,0.5000,"HeadOnBreak",0.421375
1020,B0100,defensive,DBFM,3343.732912,80.140487,99.525373,167.356698,79.737852,13009.101053,230.799823,15367.313896,-23.717311,-6274.324849,125.993605,7.282354,False,False,True,False,False,True,False,2-circle,1.000000,161.881627,93.692527,97.749699,2.250301,6.307473,154.525076,61.749991,16.249721,2,8,3,0.0000,0.0000,0.0000,0.5000,"LeadPursuit",0.414620
1021,A0100,adaptive_eagle_v6h_e1c,DBFM,3306.859847,82.828308,97.135284,165.147794,82.409468,13020.103376,230.045628,15362.929327,-21.922848,-6239.918514,93.296641,7.584968,False,False,True,False,False,True,False,2-circle,1.000000,170.288655,93.692527,97.749699,2.250301,6.307473,155.611010,62.640321,16.364035,1,2,4,0.0000,0.0000,0.0000,0.5000,"HeadOnBreak",0.371382
1021,B0100,defensive,DBFM,3306.859847,82.828308,97.135284,165.147794,82.409468,13020.103376,230.045628,15362.929327,-21.922848,-6239.918514,93.296641,7.584968,False,False,True,False,False,True,False,2-circle,1.000000,170.288655,93.692527,97.749699,2.250301,6.307473,155.611010,62.640321,16.364035,2,8,3,0.0000,0.0000,0.0000,0.5000,"LeadPursuit",0.681871
1022,A0100,adaptive_eagle_v6h_e1c,DBFM,3283.160838,85.558106,93.494702,163.405337,85.117984,13031.490205,229.287040,15358.890432,-20.194475,-6239.405983,50.208768,7.902072,False,False,True,False,False,True,False,2-circle,1.000000,183.067673,93.692527,97.749699,2.250301,6.307473,156.772598,63.516497,16.450028,2,8,3,0.0000,0.0000,0.0000,0.5000,"LeadPursuit",0.370691
1022,B0100,defensive,DBFM,3283.160838,85.558106,93.494702,163.405337,85.117984,13031.490205,229.287040,15358.890432,-20.194475,-6239.405983,50.208768,7.902072,False,False,True,False,False,True,False,2-circle,1.000000,183.067673,93.692527,97.749699,2.250301,6.307473,156.772598,63.516497,16.450028,2,8,3,0.0000,0.0000,0.0000,0.5000,"LeadPursuit",0.388378
1023,A0100,adaptive_eagle_v6h_e1c,HABFM,3275.159066,88.306301,89.379951,162.763912,87.844985,13043.212507,228.525794,15355.184196,-18.531180,-6288.792175,3.063774,8.234353,False,False,True,False,False,True,False,2-circle,1.000000,197.962723,93.692527,97.749699,2.250301,6.307473,157.972278,64.377734,16.508071,2,8,2,0.0000,0.0000,0.0000,0.5000,"LeadPursuit",0.384133
1023,B0100,defensive,HABFM,3275.159066,88.306301,89.379951,162.763912,87.844985,13043.212507,228.525794,15355.184196,-18.531180,-6288.792175,3.063774,8.234353,False,False,True,False,False,True,False,2-circle,1.000000,197.962723,93.692527,97.749699,2.250301,6.307473,157.972278,64.377734,16.508071,2,8,2,0.0000,0.0000,0.0000,0.5000,"LeadPursuit",-0.124876
1024,A0100,adaptive_eagle_v6h_e1c,HABFM,3282.763110,91.046432,85.474781,163.558782,90.572996,13055.222099,227.763599,15351.797417,-16.933893,-6410.437473,-42.508349,8.582495,False,False,False,False,False,True,False,2-circle,1.000000,211.075693,93.692527,97.749699,2.250301,6.307473,159.141976,65.223243,16.538573,2,8,3,0.0000,0.0000,0.0000,0.5000,"LeadPursuit",-0.151877
1024,B0100,defensive,HABFM,3282.763110,91.046432,85.474781,163.558782,90.572996,13055.222099,227.763599,15351.797417,-16.933893,-6410.437473,-42.508349,8.582495,False,False,False,False,False,True,False,2-circle,1.000000,211.075693,93.692527,97.749699,2.250301,6.307473,159.141976,65.223243,16.538573,2,8,3,0.0000,0.0000,0.0000,0.5000,"LeadPursuit",-0.117915
1025,A0100,adaptive_eagle_v6h_e1c,HABFM,3305.658187,93.752034,81.379777,164.999097,93.282979,13067.471694,227.002127,15348.716591,-15.404128,-6593.546027,-89.779047,8.947194,False,False,False,False,False,True,False,2-circle,1.000000,219.079020,93.692527,97.749699,2.250301,6.307473,160.219012,66.052274,16.541985,2,8,3,0.0000,0.0000,0.0000,0.5000,"LeadPursuit",-0.153636
1025,B0100,defensive,HABFM,3305.658187,93.752034,81.379777,164.999097,93.282979,13067.471694,227.002127,15348.716591,-15.404128,-6593.546027,-89.779047,8.947194,False,False,False,False,False,True,False,2-circle,1.000000,219.079020,93.692527,97.749699,2.250301,6.307473,160.219012,66.052274,16.541985,2,8,3,0.0000,0.0000,0.0000,0.5000,"LeadPursuit",-0.110136
1026,A0100,adaptive_eagle_v6h_e1c,HABFM,3344.681826,96.384617,76.946028,165.713084,95.937047,13079.914948,226.243008,15345.927908,-13.943418,-6770.242954,-139.498115,9.329149,False,False,False,False,False,True,False,2-circle,1.000000,221.370034,93.692527,97.749699,2.250301,6.307473,161.185176,66.864121,16.518792,2,8,3,0.0000,0.0000,0.0000,0.5000,"LeadPursuit",-0.132446
1026,B0100,defensive,HABFM,3344.681826,96.384617,76.946028,165.713084,95.937047,13079.914948,226.243008,15345.927908,-13.943418,-6770.242954,-139.498115,9.329149,False,False,False,False,False,True,False,2-circle,1.000000,221.370034,93.692527,97.749699,2.250301,6.307473,161.185176,66.864121,16.518792,2,8,3,0.0000,0.0000,0.0000,0.5000,"LeadPursuit",-0.101131
1027,A0100,adaptive_eagle_v6h_e1c,HABFM,3399.780560,98.904463,72.986516,165.206690,98.489019,13092.506506,225.487832,15343.417281,-12.553132,-6929.275567,-184.456927,9.729058,False,False,False,False,False,True,False,2-circle,1.000000,220.239857,93.692527,97.749699,2.250301,6.307473,162.077846,67.658123,16.469514,2,8,3,0.0000,0.0000,0.0000,0.5000,"LeadPursuit",-0.087044
1027,B0100,defensive,HABFM,3399.780560,98.904463,72.986516,165.206690,98.489019,13092.506506,225.487832,15343.417281,-12.553132,-6929.275567,-184.456927,9.729058,False,False,False,False,False,True,False,2-circle,1.000000,220.239857,93.692527,97.749699,2.250301,6.307473,162.077846,67.658123,16.469514,2,8,3,0.0000,0.0000,0.0000,0.5000,"LeadPursuit",-0.091636
1028,A0100,adaptive_eagle_v6h_e1c,HABFM,3468.090480,101.295413,70.383035,164.291463,100.911950,13105.202031,224.738148,15341.170392,-11.234447,-7022.946591,-217.042219,10.147609,False,False,False,False,False,True,False,2-circle,1.000000,219.973324,93.692527,97.749699,2.250301,6.307473,162.983301,68.433655,16.394698,2,8,3,0.0000,0.0000,0.0000,0.5000,"LeadPursuit",-0.058044
1028,B0100,defensive,HABFM,3468.090480,101.295413,70.383035,164.291463,100.911950,13105.202031,224.738148,15341.170392,-11.234447,-7022.946591,-217.042219,10.147609,False,False,False,False,False,True,False,2-circle,1.000000,219.973324,93.692527,97.749699,2.250301,6.307473,162.983301,68.433655,16.394698,2,8,3,0.0000,0.0000,0.0000,0.5000,"LeadPursuit",-0.082507
1029,A0100,adaptive_eagle_v6h_e1c,HABFM,3546.051949,103.550191,68.604049,163.835355,103.194044,13117.958242,223.995461,15339.172721,-9.988357,-7060.977552,-241.663028,10.585463,False,False,False,False,False,True,False,2-circle,1.000000,222.239649,93.692527,97.749699,2.250301,6.307473,163.944327,69.190132,16.294921,2,8,3,0.0000,0.0000,0.0000,0.5000,"LeadPursuit",-0.034238
1029,B0100,defensive,HABFM,3546.051949,103.550191,68.604049,163.835355,103.194044,13117.958242,223.995461,15339.172721,-9.988357,-7060.977552,-241.663028,10.585463,False,False,False,False,False,True,False,2-circle,1.000000,222.239649,93.692527,97.749699,2.250301,6.307473,163.944327,69.190132,16.294921,2,8,3,0.0000,0.0000,0.0000,0.5000,"LeadPursuit",-0.074404
1030,A0100,adaptive_eagle_v6h_e1c,HABFM,3631.409583,105.669515,67.517872,163.992060,105.337535,13130.732937,223.261234,15337.409584,-8.815684,-7068.166210,-259.663037,11.043250,False,False,False,False,False,True,False,2-circle,1.000000,226.107749,93.692527,97.749699,2.250301,6.307473,164.952063,69.927005,16.170781,2,8,3,0.0000,0.0000,0.0000,0.5000,"LeadPursuit",-0.022623
1030,B0100,defensive,HABFM,3631.409583,105.669515,67.517872,163.992060,105.337535,13130.732937,223.261234,15337.409584,-8.815684,-7068.166210,-259.663037,11.043250,False,False,False,False,False,True,False,2-circle,1.000000,226.107749,93.692527,97.749699,2.250301,6.307473,164.952063,69.927005,16.170781,2,8,3,0.0000,0.0000,0.0000,0.5000,"LeadPursuit",-0.067347
1031,A0100,adaptive_eagle_v6h_e1c,HABFM,3722.092460,107.659056,66.759655,164.511227,107.349606,13143.485018,222.536883,15335.866167,-7.717086,-7060.179426,-274.160101,11.521551,False,False,False,False,False,True,False,2-circle,1.000000,230.636700,93.692527,97.749699,2.250301,6.307473,165.997599,70.643768,16.022901,2,8,3,0.0000,0.0000,0.0000,0.5000,"LeadPursuit",-0.019729
1031,B0100,defensive,HABFM,3722.092460,107.659056,66.759655,164.511227,107.349606,13143.485018,222.536883,15335.866167,-7.717086,-7060.179426,-274.160101,11.521551,False,False,False,False,False,True,False,2-circle,1.000000,230.636700,93.692527,97.749699,2.250301,6.307473,165.997599,70.643768,16.022901,2,8,3,0.0000,0.0000,0.0000,0.5000,"LeadPursuit",-0.061133
1032,A0100,adaptive_eagle_v6h_e1c,HABFM,3817.472177,109.522409,66.043905,165.270420,109.235426,13156.174507,221.823782,15334.527555,-6.693058,-7058.076250,-287.630242,12.020883,False,False,False,False,False,True,False,2-circle,1.000000,234.856469,93.692527,97.749699,2.250301,6.307473,167.068830,71.339958,15.851923,2,8,3,0.0000,0.0000,0.0000,0.5000,"LeadPursuit",-0.005129
1032,B0100,defensive,HABFM,3817.472177,109.522409,66.043905,165.270420,109.235426,13156.174507,221.823782,15334.527555,-6.693058,-7058.076250,-287.630242,12.020883,False,False,False,False,False,True,False,2-circle,1.000000,234.856469,93.692527,97.749699,2.250301,6.307473,167.068830,71.339958,15.851923,2,8,3,0.0000,0.0000,0.0000,0.5000,"LeadPursuit",-0.055678
1033,A0100,adaptive_eagle_v6h_e1c,HABFM,3916.786109,111.264561,65.781966,166.363795,111.001248,13168.762560,221.123258,15333.378767,-5.743940,-7026.278090,-296.593782,12.541687,False,False,False,False,False,True,False,2-circle,1.000000,237.856335,93.692527,97.749699,2.250301,6.307473,168.154250,72.015157,15.658508,2,2,4,0.0000,0.0000,0.0000,0.5000,"ExtensionBreak",0.015530
1033,B0100,defensive,HABFM,3916.786109,111.264561,65.781966,166.363795,111.001248,13168.762560,221.123258,15333.378767,-5.743940,-7026.278090,-296.593782,12.541687,False,False,False,False,False,True,False,2-circle,1.000000,237.856335,93.692527,97.749699,2.250301,6.307473,168.154250,72.015157,15.658508,2,8,3,0.0000,0.0000,0.0000,0.5000,"LeadPursuit",-0.050961
1034,A0100,adaptive_eagle_v6h_e1c,HABFM,4017.849209,112.896610,66.249088,167.255218,112.657950,13181.211480,220.436593,15332.404784,-4.869915,-6944.154716,-298.828987,13.084304,False,False,False,False,False,True,False,2-circle,1.000000,239.404745,93.692527,97.749699,2.250301,6.307473,169.262312,72.668994,15.443332,2,2,4,0.0000,0.0000,0.0000,0.5000,"ExtensionBreak",0.015727
1034,B0100,defensive,HABFM,4017.849209,112.896610,66.249088,167.255218,112.657950,13181.211480,220.436593,15332.404784,-4.869915,-6944.154716,-298.828987,13.084304,False,False,False,False,False,True,False,2-circle,1.000000,239.404745,93.692527,97.749699,2.250301,6.307473,169.262312,72.668994,15.443332,2,8,3,0.0000,0.0000,0.0000,0.5000,"LeadPursuit",-0.046666
1035,A0100,adaptive_eagle_v6h_e1c,HABFM,4119.150170,114.428803,66.823902,167.020263,114.212713,13193.484722,219.765023,15331.590580,-4.071019,-6855.264384,-299.651139,13.648956,False,False,False,False,False,True,False,2-circle,1.000000,240.980837,93.692527,97.749699,2.250301,6.307473,170.453455,73.301145,15.207086,2,2,4,0.0000,0.0000,0.0000,0.5000,"ExtensionBreak",-0.010638
1035,B0100,defensive,HABFM,4119.150170,114.428803,66.823902,167.020263,114.212713,13193.484722,219.765023,15331.590580,-4.071019,-6855.264384,-299.651139,13.648956,False,False,False,False,False,True,False,2-circle,1.000000,240.980837,93.692527,97.749699,2.250301,6.307473,170.453455,73.301145,15.207086,2,8,3,0.0000,0.0000,0.0000,0.5000,"LeadPursuit",-0.042395
1036,A0100,adaptive_eagle_v6h_e1c,HABFM,4221.713555,115.862192,66.611237,165.848600,115.662400,13205.546898,219.109737,15330.921151,-3.347144,-6803.725725,-306.408102,14.235722,False,False,False,False,False,True,False,2-circle,1.000000,245.128367,93.692527,97.749699,2.250301,6.307473,171.836795,73.911335,14.950473,2,2,4,0.0000,0.0000,0.0000,0.5000,"ExtensionBreak",-0.045563
1036,B0100,defensive,HABFM,4221.713555,115.862192,66.611237,165.848600,115.662400,13205.546898,219.109737,15330.921151,-3.347144,-6803.725725,-306.408102,14.235722,False,False,False,False,False,True,False,2-circle,1.000000,245.128367,93.692527,97.749699,2.250301,6.307473,171.836795,73.911335,14.950473,2,8,3,0.0000,0.0000,0.0000,0.5000,"LeadPursuit",-0.037999
1037,A0100,adaptive_eagle_v6h_e1c,HABFM,4328.302899,117.186803,65.224615,164.686608,116.995536,13217.363779,218.471879,15330.381542,-2.698047,-6793.999835,-321.997904,14.844512,False,False,False,False,False,True,False,2-circle,1.000000,253.231187,93.692527,97.749699,2.250301,6.307473,173.518957,74.499335,14.674204,3,8,3,0.0000,0.0000,0.0000,0.5000,"SmartLowYoYo",-0.067006
1037,B0100,defensive,HABFM,4328.302899,117.186803,65.224615,164.686608,116.995536,13217.363779,218.471879,15330.381542,-2.698047,-6793.999835,-321.997904,14.844512,False,False,False,False,False,True,False,2-circle,1.000000,253.231187,93.692527,97.749699,2.250301,6.307473,173.518957,74.499335,14.674204,2,8,3,0.0000,0.0000,0.0000,0.5000,"LeadPursuit",-0.033619
1038,A0100,adaptive_eagle_v6h_e1c,HABFM,4441.562780,118.389762,62.974572,164.155491,118.201156,13228.902292,217.852545,15329.956871,-2.123353,-6827.515551,-343.828072,15.475040,False,False,False,False,False,True,False,2-circle,1.000000,264.718458,93.692527,97.749699,2.250301,6.307473,175.578721,75.064965,14.379000,3,8,3,0.0000,0.0000,0.0000,0.5000,"SmartLowYoYo",-0.068717
1038,B0100,defensive,HABFM,4441.562780,118.389762,62.974572,164.155491,118.201156,13228.902292,217.852545,15329.956871,-2.123353,-6827.515551,-343.828072,15.475040,False,False,False,False,False,True,False,2-circle,1.000000,264.718458,93.692527,97.749699,2.250301,6.307473,175.578721,75.064965,14.379000,2,8,3,0.0000,0.0000,0.0000,0.5000,"LeadPursuit",-0.027109
1039,A0100,adaptive_eagle_v6h_e1c,HABFM,4562.726727,119.382802,60.494340,164.111036,119.193915,13240.205367,218.785349,15359.291115,146.671219,-6868.142647,-367.641109,16.011293,False,False,False,False,False,True,False,2-circle,1.000000,277.750825,93.692527,97.749699,2.250301,6.307473,178.087022,75.604374,14.056187,3,8,3,0.0000,0.0000,0.0000,0.5000,"SmartLowYoYo",-0.063736
1039,B0100,defensive,HABFM,4562.726727,119.382802,60.494340,164.111036,119.193915,13240.205367,218.785349,15359.291115,146.671219,-6868.142647,-367.641109,16.011293,False,False,False,False,False,True,False,2-circle,1.000000,277.750825,93.692527,97.749699,2.250301,6.307473,178.087022,75.604374,14.056187,2,8,3,0.0000,0.0000,0.0000,0.5000,"LeadPursuit",-0.023774
1040,A0100,adaptive_eagle_v6h_e1c,HABFM,4691.997592,120.260967,58.055053,164.270153,120.072201,13251.334669,219.869178,15391.467679,160.882817,-6957.028906,-391.128128,16.588569,False,False,False,False,False,True,False,2-circle,1.000000,290.648225,93.692527,97.749699,2.250301,6.307473,-178.779738,76.152679,13.708205,3,8,3,0.0000,0.0000,0.0000,0.5000,"SmartLowYoYo",-0.045401
1040,B0100,defensive,HABFM,4691.997592,120.260967,58.055053,164.270153,120.072201,13251.334669,219.869178,15391.467679,160.882817,-6957.028906,-391.128128,16.588569,False,False,False,False,False,True,False,2-circle,1.000000,290.648225,93.692527,97.749699,2.250301,6.307473,-178.779738,76.152679,13.708205,2,8,3,0.0000,0.0000,0.0000,0.5000,"LeadPursuit",-0.020651
1041,A0100,adaptive_eagle_v6h_e1c,HABFM,4828.308929,121.031479,56.419041,163.384678,120.841656,13262.263895,221.030446,15425.063388,167.978549,-7000.003599,-407.767477,17.269114,False,False,False,False,False,True,False,2-circle,1.000000,304.688182,93.692527,97.749699,2.250301,6.307473,-174.568457,76.747087,13.348437,1,8,4,0.0000,0.0000,0.0000,0.5000,"SmartLowYoYo",-0.024254
1041,B0100,defensive,HABFM,4828.308929,121.031479,56.419041,163.384678,120.841656,13262.263895,221.030446,15425.063388,167.978549,-7000.003599,-407.767477,17.269114,False,False,False,False,False,True,False,2-circle,1.000000,304.688182,93.692527,97.749699,2.250301,6.307473,-174.568457,76.747087,13.348437,2,8,3,0.0000,0.0000,0.0000,0.5000,"LeadPursuit",-0.017737
1042,A0100,adaptive_eagle_v6h_e1c,HABFM,4969.196733,121.704602,55.656158,162.409994,121.510420,13272.963292,222.211881,15458.945439,169.410254,-6989.749465,-417.149554,18.084272,False,False,False,False,False,True,False,2-circle,1.000000,322.007527,93.692527,97.749699,2.250301,6.307473,-168.451832,77.390881,12.978453,1,8,4,0.0000,0.0000,0.0000,0.5000,"SmartLowYoYo",-0.010468
1042,B0100,defensive,HABFM,4969.196733,121.704602,55.656158,162.409994,121.510420,13272.963292,222.211881,15458.945439,169.410254,-6989.749465,-417.149554,18.084272,False,False,False,False,False,True,False,2-circle,1.000000,322.007527,93.692527,97.749699,2.250301,6.307473,-168.451832,77.390881,12.978453,2,8,3,0.0000,0.0000,0.0000,0.5000,"LeadPursuit",-0.015247
1043,A0100,adaptive_eagle_v6h_e1c,HABFM,5112.708170,122.291244,55.407227,161.918258,122.090637,13283.399719,223.406316,15492.945228,169.998942,-6959.742537,-422.362833,19.044486,False,False,False,False,False,True,False,2-circle,1.000000,342.350859,93.692527,97.749699,2.250301,6.307473,-159.047120,78.070834,12.595477,1,8,4,0.0000,0.0000,0.0000,0.5000,"SmartLowYoYo",-0.004526
1043,B0100,defensive,HABFM,5112.708170,122.291244,55.407227,161.918258,122.090637,13283.399719,223.406316,15492.945228,169.998942,-6959.742537,-422.362833,19.044486,False,False,False,False,False,True,False,2-circle,1.000000,342.350859,93.692527,97.749699,2.250301,6.307473,-159.047120,78.070834,12.595477,3,8,3,0.0000,0.0000,0.0000,0.5000,"LeadPursuit",-0.013203
1044,A0100,adaptive_eagle_v6h_e1c,HABFM,5257.868349,122.800926,55.311549,162.070192,122.594147,13293.539176,224.612254,15527.003141,170.289564,-6929.753871,-426.237240,20.155656,False,False,False,False,False,True,False,2-circle,1.000000,364.326876,93.692527,97.749699,2.250301,6.307473,-143.844325,78.770882,12.195946,1,8,4,0.0000,0.0000,0.0000,0.5000,"SmartLowYoYo",0.004231
1044,B0100,defensive,HABFM,5257.868349,122.800926,55.311549,162.070192,122.594147,13293.539176,224.612254,15527.003141,170.289564,-6929.753871,-426.237240,20.155656,False,False,False,False,False,True,False,2-circle,1.000000,364.326876,93.692527,97.749699,2.250301,6.307473,-143.844325,78.770882,12.195946,3,8,3,0.0000,0.0000,0.0000,0.5000,"LeadPursuit",-0.011554
1045,A0100,adaptive_eagle_v6h_e1c,HABFM,5404.176484,123.241596,55.441616,163.023635,123.031116,13303.346745,225.828874,15561.071509,170.341845,-6875.703944,-427.953826,21.429303,False,False,False,False,False,True,False,2-circle,1.000000,386.080869,93.692527,97.749699,2.250301,6.307473,-119.716525,79.479058,11.777236,1,8,4,0.0000,0.0000,0.0000,0.5000,"SmartLowYoYo",0.008833
1045,B0100,defensive,HABFM,5404.176484,123.241596,55.441616,163.023635,123.031116,13303.346745,225.828874,15561.071509,170.341845,-6875.703944,-427.953826,21.429303,False,False,False,False,False,True,False,2-circle,1.000000,386.080869,93.692527,97.749699,2.250301,6.307473,-119.716525,79.479058,11.777236,3,8,3,0.0000,0.0000,0.0000,0.5000,"LeadPursuit",-0.010295
1046,A0100,adaptive_eagle_v6h_e1c,HABFM,5550.597740,123.622754,55.639416,164.566391,123.412623,13312.786582,227.055921,15595.112817,170.206538,-6803.143964,-428.705539,22.887833,False,False,False,False,False,True,False,2-circle,1.000000,405.658462,93.692527,97.749699,2.250301,6.307473,-89.569679,80.188653,11.337894,1,8,4,0.0000,0.0000,0.0000,0.5000,"SmartLowYoYo",0.014626
1046,B0100,defensive,HABFM,5550.597740,123.622754,55.639416,164.566391,123.412623,13312.786582,227.055921,15595.112817,170.206538,-6803.143964,-428.705539,22.887833,False,False,False,False,False,True,False,2-circle,1.000000,405.658462,93.692527,97.749699,2.250301,6.307473,-89.569679,80.188653,11.337894,3,8,3,0.0000,0.0000,0.0000,0.5000,"LeadPursuit",-0.009205
1047,A0100,adaptive_eagle_v6h_e1c,HABFM,5697.040547,123.947725,55.933004,166.752415,123.742655,13321.821923,228.293597,15629.097766,169.924745,-6704.253680,-428.186641,24.567460,False,False,False,False,False,True,False,2-circle,1.000000,421.498035,93.692527,97.749699,2.250301,6.307473,-64.785020,80.896844,10.877310,3,8,3,0.0000,0.0000,0.0000,0.5000,"SmartLowYoYo",0.022314
1047,B0100,defensive,HABFM,5697.040547,123.947725,55.933004,166.752415,123.742655,13321.821923,228.293597,15629.097766,169.924745,-6704.253680,-428.186641,24.567460,False,False,False,False,False,True,False,2-circle,1.000000,421.498035,93.692527,97.749699,2.250301,6.307473,-64.785020,80.896844,10.877310,3,8,3,0.0000,0.0000,0.0000,0.5000,"LeadPursuit",-0.008316
1048,A0100,adaptive_eagle_v6h_e1c,HABFM,5842.390770,124.223308,56.500245,168.974242,124.028000,13330.415065,229.542462,15663.003563,169.528984,-6595.689789,-425.368065,26.521028,False,False,False,False,False,True,False,2-circle,1.000000,432.340496,93.692527,97.749699,2.250301,6.307473,-48.748879,81.602915,10.395322,3,8,3,0.0000,0.0000,0.0000,0.5000,"SmartLowYoYo",0.025069
1048,B0100,defensive,HABFM,5842.390770,124.223308,56.500245,168.974242,124.028000,13330.415065,229.542462,15663.003563,169.528984,-6595.689789,-425.368065,26.521028,False,False,False,False,False,True,False,2-circle,1.000000,432.340496,93.692527,97.749699,2.250301,6.307473,-48.748879,81.602915,10.395322,3,8,3,0.0000,0.0000,0.0000,0.5000,"LeadPursuit",-0.007427
1049,A0100,adaptive_eagle_v6h_e1c,HABFM,5986.343118,124.452679,57.206071,170.840634,124.270638,13338.527311,230.803353,15696.812298,169.043675,-6502.738724,-421.535396,28.822761,False,False,False,False,False,True,False,2-circle,1.000000,438.782665,93.692527,97.749699,2.250301,6.307473,-38.488108,82.306972,9.891932,3,8,3,0.0000,0.0000,0.0000,0.5000,"SmartLowYoYo",0.028519
1049,B0100,defensive,HABFM,5986.343118,124.452679,57.206071,170.840634,124.270638,13338.527311,230.803353,15696.812298,169.043675,-6502.738724,-421.535396,28.822761,False,False,False,False,False,True,False,2-circle,1.000000,438.782665,93.692527,97.749699,2.250301,6.307473,-38.488108,82.306972,9.891932,3,8,3,0.0000,0.0000,0.0000,0.5000,"LeadPursuit",-0.006549
1050,A0100,adaptive_eagle_v6h_e1c,HABFM,6128.483331,124.639599,58.088224,172.206594,124.473310,13346.118921,232.077301,15730.509453,168.485774,-6418.741197,-416.337408,31.576953,False,False,False,False,False,True,False,2-circle,1.000000,441.646781,93.692527,97.749699,2.250301,6.307473,-31.487084,83.009256,9.367150,3,8,3,0.0000,0.0000,0.0000,0.5000,"SmartLowYoYo",0.030732
1050,B0100,defensive,HABFM,6128.483331,124.639599,58.088224,172.206594,124.473310,13346.118921,232.077301,15730.509453,168.485774,-6418.741197,-416.337408,31.576953,False,False,False,False,False,True,False,2-circle,1.000000,441.646781,93.692527,97.749699,2.250301,6.307473,-31.487084,83.009256,9.367150,3,8,3,0.0000,0.0000,0.0000,0.5000,"LeadPursuit",-0.005682
1051,A0100,adaptive_eagle_v6h_e1c,HABFM,6268.470716,124.787487,59.103932,172.909731,124.638665,13353.149069,233.365469,15764.082652,167.865996,-6342.509008,-410.062690,34.933476,False,False,False,False,False,True,False,2-circle,1.000000,441.915828,93.692527,97.749699,2.250301,6.307473,-26.390976,83.709890,8.820947,3,8,3,0.0000,0.0000,0.0000,0.5000,"SmartLowYoYo",0.031608
1051,B0100,defensive,HABFM,6268.470716,124.787487,59.103932,172.909731,124.638665,13353.149069,233.365469,15764.082652,167.865996,-6342.509008,-410.062690,34.933476,False,False,False,False,False,True,False,2-circle,1.000000,441.915828,93.692527,97.749699,2.250301,6.307473,-26.390976,83.709890,8.820947,3,8,3,0.0000,0.0000,0.0000,0.5000,"LeadPursuit",-0.004821
1052,A0100,adaptive_eagle_v6h_e1c,HABFM,6406.081139,124.899115,60.201750,172.915500,124.768990,13359.575813,234.669104,15797.520732,167.190398,-6271.981381,-403.058022,39.115530,False,False,False,False,False,True,False,2-circle,1.000000,440.687934,93.692527,97.749699,2.250301,6.307473,-22.491328,84.408843,8.253244,3,8,3,0.0000,0.0000,0.0000,0.5000,"SmartLowYoYo",0.031084
1052,B0100,defensive,HABFM,6406.081139,124.899115,60.201750,172.915500,124.768990,13359.575813,234.669104,15797.520732,167.190398,-6271.981381,-403.058022,39.115530,False,False,False,False,False,True,False,2-circle,1.000000,440.687934,93.692527,97.749699,2.250301,6.307473,-22.491328,84.408843,8.253244,3,8,3,0.0000,0.0000,0.0000,0.5000,"LeadPursuit",-0.003962
1053,A0100,adaptive_eagle_v6h_e1c,HABFM,6541.216572,124.976419,61.326539,172.379558,124.866052,13365.356082,235.989505,15830.813117,166.461927,-6204.547759,-395.702422,44.471161,False,False,False,False,False,True,False,2-circle,1.000000,439.133959,93.692527,97.749699,2.250301,6.307473,-19.398435,85.105972,7.663934,1,8,4,0.0000,0.0000,0.0000,0.5000,"SmartLowYoYo",0.020229
1053,B0100,defensive,HABFM,6541.216572,124.976419,61.326539,172.379558,124.866052,13365.356082,235.989505,15830.813117,166.461927,-6204.547759,-395.702422,44.471161,False,False,False,False,False,True,False,2-circle,1.000000,439.133959,93.692527,97.749699,2.250301,6.307473,-19.398435,85.105972,7.663934,3,8,3,0.0000,0.0000,0.0000,0.5000,"LeadPursuit",-0.003085
1054,A0100,adaptive_eagle_v6h_e1c,HABFM,6674.253592,125.019574,62.069257,171.935586,124.930229,13370.445664,237.328004,15863.949450,165.681666,-6169.547756,-391.365838,51.575405,False,False,False,False,False,True,False,2-circle,1.000000,438.296062,93.692527,97.749699,2.250301,6.307473,-16.879345,85.801074,7.052893,1,8,4,0.0000,0.0000,0.0000,0.5000,"SmartLowYoYo",0.020271
1054,B0100,defensive,HABFM,6674.253592,125.019574,62.069257,171.935586,124.930229,13370.445664,237.328004,15863.949450,165.681666,-6169.547756,-391.365838,51.575405,False,False,False,False,False,True,False,2-circle,1.000000,438.296062,93.692527,97.749699,2.250301,6.307473,-16.879345,85.801074,7.052893,2,8,0,0.0000,0.0000,0.0000,0.5000,"Pursue",-0.004097
1055,A0100,adaptive_eagle_v6h_e1c,HABFM,6805.972039,125.100083,62.793800,171.453748,125.035134,13374.767293,237.216406,15865.926594,9.885718,-6184.886372,-386.359961,61.805335,False,False,False,False,False,True,False,2-circle,1.000000,438.276978,93.692527,97.749699,2.250301,6.307473,-14.767539,86.492784,6.421982,1,8,4,0.0000,0.0000,0.0000,0.5000,"SmartLowYoYo",0.024826
1055,B0100,defensive,HABFM,6805.972039,125.100083,62.793800,171.453748,125.035134,13374.767293,237.216406,15865.926594,9.885718,-6184.886372,-386.359961,61.805335,False,False,False,False,False,True,False,2-circle,1.000000,438.276978,93.692527,97.749699,2.250301,6.307473,-14.767539,86.492784,6.421982,2,8,0,0.0000,0.0000,0.0000,0.5000,"Pursue",-0.003389
1056,A0100,adaptive_eagle_v6h_e1c,HABFM,6935.750841,125.151193,63.650299,170.845772,125.113707,13378.227749,236.839179,15861.470370,-22.281118,-6200.362441,-379.933325,76.108946,False,False,False,False,False,True,False,2-circle,1.000000,438.867048,93.692527,97.749699,2.250301,6.307473,-12.982621,87.146408,5.770083,1,8,4,0.0000,0.0000,0.0000,0.5000,"SmartLowYoYo",0.027534
1056,B0100,defensive,HABFM,6935.750841,125.151193,63.650299,170.845772,125.113707,13378.227749,236.839179,15861.470370,-22.281118,-6200.362441,-379.933325,76.108946,False,False,False,False,False,True,False,2-circle,1.000000,438.867048,93.692527,97.749699,2.250301,6.307473,-12.982621,87.146408,5.770083,2,8,0,0.0000,0.0000,0.0000,0.5000,"Pursue",-0.002426
1057,A0100,adaptive_eagle_v6h_e1c,HABFM,7063.232057,125.162824,64.563340,170.152101,125.156158,13380.786171,236.486888,15856.646775,-24.117977,-6212.977347,-372.857259,95.835855,False,False,False,False,False,True,False,2-circle,1.000000,439.600982,93.692527,97.749699,2.250301,6.307473,-11.472896,87.729879,5.094482,1,8,4,0.0000,0.0000,0.0000,0.5000,"SmartLowYoYo",0.040894
1057,B0100,defensive,HABFM,7063.232057,125.162824,64.563340,170.152101,125.156158,13380.786171,236.486888,15856.646775,-24.117977,-6212.977347,-372.857259,95.835855,False,False,False,False,False,True,False,2-circle,1.000000,439.600982,93.692527,97.749699,2.250301,6.307473,-11.472896,87.729879,5.094482,2,8,0,0.0000,0.0000,0.0000,0.5000,"Pursue",-0.001621
1058,A0100,adaptive_eagle_v6h_e1c,HABFM,7187.847889,125.141224,65.903486,168.948139,125.169090,13382.406132,236.163994,15851.510385,-25.681951,-6192.049622,-362.012472,124.155527,False,False,False,False,False,True,False,2-circle,1.000000,439.967046,93.692527,97.749699,2.250301,6.307473,-10.178392,88.245012,4.397787,1,8,4,0.0000,0.0000,0.0000,0.5000,"SmartLowYoYo",0.045766
1058,B0100,defensive,HABFM,7187.847889,125.141224,65.903486,168.948139,125.169090,13382.406132,236.163994,15851.510385,-25.681951,-6192.049622,-362.012472,124.155527,False,False,False,False,False,True,False,2-circle,1.000000,439.967046,93.692527,97.749699,2.250301,6.307473,-10.178392,88.245012,4.397787,2,8,0,0.0000,0.0000,0.0000,0.5000,"Pursue",-0.000948
1059,A0100,adaptive_eagle_v6h_e1c,HABFM,7308.288565,125.092074,67.410647,167.485702,125.158582,13383.053252,235.874738,15846.112854,-26.987653,-6158.347691,-349.595465,168.786152,False,False,False,False,False,True,False,2-circle,1.000000,440.196135,93.692527,97.749699,2.250301,6.307473,-9.056027,88.707342,3.683796,3,8,3,0.0000,0.0000,0.0000,0.5000,"SmartLowYoYo",0.042759
1059,B0100,defensive,HABFM,7308.288565,125.092074,67.410647,167.485702,125.158582,13383.053252,235.874738,15846.112854,-26.987653,-6158.347691,-349.595465,168.786152,False,False,False,False,False,True,False,2-circle,1.000000,440.196135,93.692527,97.749699,2.250301,6.307473,-9.056027,88.707342,3.683796,2,8,0,0.0000,0.0000,0.0000,0.5000,"Pursue",-0.000314
1060,A0100,adaptive_eagle_v6h_e1c,HABFM,7424.674260,125.016969,68.831589,166.105016,125.126972,13382.695132,235.622456,15840.488769,-28.120425,-6129.870023,-337.748789,218.428046,False,False,False,False,False,True,False,2-circle,1.000000,441.274698,93.692527,97.749699,2.250301,6.307473,-8.082033,89.132014,2.955523,3,8,3,0.0000,0.0000,0.0000,0.5000,"SmartLowYoYo",0.038683
1060,B0100,defensive,HABFM,7424.674260,125.016969,68.831589,166.105016,125.126972,13382.695132,235.622456,15840.488769,-28.120425,-6129.870023,-337.748789,218.428046,False,False,False,False,False,True,False,2-circle,1.000000,441.274698,93.692527,97.749699,2.250301,6.307473,-8.082033,89.132014,2.955523,2,8,0,0.0000,0.0000,0.0000,0.5000,"Pursue",0.000295
1061,A0100,adaptive_eagle_v6h_e1c,HABFM,7537.293706,124.916057,70.138148,164.881562,125.075525,13381.301061,235.409710,15834.658370,-29.151998,-6102.600339,-326.686568,218.626381,False,False,False,False,False,True,False,2-circle,1.000000,444.315090,93.692527,97.749699,2.250301,6.307473,-7.241676,89.528922,2.214810,3,8,3,0.0000,0.0000,0.0000,0.5000,"SmartLowYoYo",0.024604
1061,B0100,defensive,HABFM,7537.293706,124.916057,70.138148,164.881562,125.075525,13381.301061,235.409710,15834.658370,-29.151998,-6102.600339,-326.686568,218.626381,False,False,False,False,False,True,False,2-circle,1.000000,444.315090,93.692527,97.749699,2.250301,6.307473,-7.241676,89.528922,2.214810,2,8,0,0.0000,0.0000,0.0000,0.5000,"Pursue",0.000894
1062,A0100,adaptive_eagle_v6h_e1c,HABFM,7646.835227,124.788282,70.990689,164.144423,125.004523,13378.841736,235.238467,15828.631078,-30.136458,-6105.028311,-319.335649,218.790713,False,False,False,False,False,True,False,2-circle,1.000000,450.186048,93.692527,97.749699,2.250301,6.307473,-6.522539,89.902970,1.462615,3,8,3,0.0000,0.0000,0.0000,0.5000,"SmartLowYoYo",0.024525
1062,B0100,defensive,HABFM,7646.835227,124.788282,70.990689,164.144423,125.004523,13378.841736,235.238467,15828.631078,-30.136458,-6105.028311,-319.335649,218.790713,False,False,False,False,False,True,False,2-circle,1.000000,450.186048,93.692527,97.749699,2.250301,6.307473,-6.522539,89.902970,1.462615,2,8,0,0.0000,0.0000,0.0000,0.5000,"Pursue",0.001470
1063,A0100,adaptive_eagle_v6h_e1c,HABFM,7754.278251,124.633204,71.818955,163.445365,124.914407,13375.289091,235.110221,15822.408022,-31.115278,-6110.735761,-312.107883,218.919609,False,False,False,False,False,True,False,2-circle,1.000000,458.696265,93.692527,97.749699,2.250301,6.307473,-5.902579,90.255916,0.699438,3,8,3,0.0000,0.0000,0.0000,0.5000,"SmartLowYoYo",0.030123
1063,B0100,defensive,HABFM,7754.278251,124.633204,71.818955,163.445365,124.914407,13375.289091,235.110221,15822.408022,-31.115278,-6110.735761,-312.107883,218.919609,False,False,False,False,False,True,False,2-circle,1.000000,458.696265,93.692527,97.749699,2.250301,6.307473,-5.902579,90.255916,0.699438,2,8,0,0.0000,0.0000,0.0000,0.5000,"Pursue",0.002000
1064,A0100,adaptive_eagle_v6h_e1c,HABFM,7859.182356,124.451541,72.792645,162.605116,124.806687,13370.616198,235.026088,15815.984076,-32.119732,-6104.877497,-303.541280,219.012007,False,False,False,False,False,True,False,2-circle,1.000000,469.616167,93.692527,97.749699,2.250301,6.307473,-5.366073,90.588050,-0.074359,3,8,3,0.0000,0.0000,0.0000,0.5000,"SmartLowYoYo",0.034030
1064,B0100,defensive,HABFM,7859.182356,124.451541,72.792645,162.605116,124.806687,13370.616198,235.026088,15815.984076,-32.119732,-6104.877497,-303.541280,219.012007,False,False,False,False,False,True,False,2-circle,1.000000,469.616167,93.692527,97.749699,2.250301,6.307473,-5.366073,90.588050,-0.074359,2,8,0,0.0000,0.0000,0.0000,0.5000,"Pursue",0.007631
1065,A0100,adaptive_eagle_v6h_e1c,HABFM,7961.066098,124.040039,73.846929,161.879298,124.475471,13364.793069,234.788685,15805.223244,-53.804160,-6098.797139,-293.210326,111.363770,False,False,False,False,False,True,False,2-circle,1.000000,482.509876,93.692527,97.749699,2.250301,6.307473,-7.765971,88.031813,-0.735297,1,8,4,0.0000,0.0000,0.0000,0.5000,"SmartLowYoYo",0.036707
1065,B0100,defensive,HABFM,7961.066098,124.040039,73.846929,161.879298,124.475471,13364.793069,234.788685,15805.223244,-53.804160,-6098.797139,-293.210326,111.363770,False,False,False,False,False,True,False,2-circle,1.000000,482.509876,93.692527,97.749699,2.250301,6.307473,-7.765971,88.031813,-0.735297,2,8,0,0.0000,0.0000,0.0000,0.5000,"Pursue",0.007611
1066,A0100,adaptive_eagle_v6h_e1c,HABFM,8059.389633,123.645696,74.935439,161.074662,124.152614,13357.947473,234.602338,15794.505345,-53.589493,-6089.990931,-282.656053,35.850871,False,False,False,False,False,True,False,2-circle,1.000000,496.676508,93.692527,97.749699,2.250301,6.307473,-11.773277,83.901537,-1.257233,1,8,4,0.0000,0.0000,0.0000,0.5000,"SmartLowYoYo",0.038567
1066,B0100,defensive,HABFM,8059.389633,123.645696,74.935439,161.074662,124.152614,13357.947473,234.602338,15794.505345,-53.589493,-6089.990931,-282.656053,35.850871,False,False,False,False,False,True,False,2-circle,1.000000,496.676508,93.692527,97.749699,2.250301,6.307473,-11.773277,83.901537,-1.257233,3,8,0,0.0000,0.0000,0.0000,0.5000,"Pursue",0.007774
1067,A0100,adaptive_eagle_v6h_e1c,HABFM,8154.302040,123.252368,76.027075,160.215086,123.827444,13350.208520,234.457253,15783.753642,-53.758517,-6081.148679,-272.066011,23.268865,False,False,False,False,False,True,False,2-circle,1.000000,511.350702,93.692527,97.749699,2.250301,6.307473,-14.926935,80.645494,-1.545722,1,8,4,0.0000,0.0000,0.0000,0.5000,"SmartLowYoYo",0.054643
1067,B0100,defensive,HABFM,8154.302040,123.252368,76.027075,160.215086,123.827444,13350.208520,234.457253,15783.753642,-53.758517,-6081.148679,-272.066011,23.268865,False,False,False,False,False,True,False,2-circle,1.000000,511.350702,93.692527,97.749699,2.250301,6.307473,-14.926935,80.645494,-1.545722,3,8,0,0.0000,0.0000,0.0000,0.5000,"Pursue",0.016425
1068,A0100,adaptive_eagle_v6h_e1c,HABFM,8244.954178,122.553737,77.526321,159.258982,123.165157,13341.827514,233.999961,15765.888985,-89.323287,-6049.876928,-256.456240,13.829713,False,False,False,False,False,True,False,2-circle,1.000000,525.647452,93.692527,97.749699,2.250301,6.307473,-21.001194,74.478162,-1.519351,1,8,4,0.0000,0.0000,0.0000,0.5000,"SmartLowYoYo",0.061573
1068,B0100,defensive,HABFM,8244.954178,122.553737,77.526321,159.258982,123.165157,13341.827514,233.999961,15765.888985,-89.323287,-6049.876928,-256.456240,13.829713,False,False,False,False,False,True,False,2-circle,1.000000,525.647452,93.692527,97.749699,2.250301,6.307473,-21.001194,74.478162,-1.519351,3,8,0,0.0000,0.0000,0.0000,0.5000,"Pursue",0.010584
1069,A0100,adaptive_eagle_v6h_e1c,HABFM,8329.939733,122.109647,79.199450,157.961708,122.741233,13333.164366,233.757025,15752.195187,-68.468990,-5998.877524,-240.520541,10.937374,False,False,False,False,False,True,False,2-circle,1.000000,539.312410,93.692527,97.749699,2.250301,6.307473,-24.763923,70.629079,-1.279826,1,8,4,0.0000,0.0000,0.0000,0.5000,"SmartLowYoYo",0.044977
1069,B0100,defensive,HABFM,8329.939733,122.109647,79.199450,157.961708,122.741233,13333.164366,233.757025,15752.195187,-68.468990,-5998.877524,-240.520541,10.937374,False,False,False,False,False,True,False,2-circle,1.000000,539.312410,93.692527,97.749699,2.250301,6.307473,-24.763923,70.629079,-1.279826,3,8,0,0.0000,0.0000,0.0000,0.5000,"Pursue",0.002710
1070,A0100,adaptive_eagle_v6h_e1c,HABFM,8410.366202,121.962780,80.404726,156.851866,122.627307,13324.236270,233.837238,15744.927547,-36.338199,-5977.008066,-230.013880,11.716688,False,False,False,False,False,True,False,2-circle,1.000000,553.059144,93.692527,97.749699,2.250301,6.307473,-23.485527,71.833579,-0.918381,1,8,4,0.0000,0.0000,0.0000,0.5000,"SmartLowYoYo",0.040650
1070,B0100,defensive,HABFM,8410.366202,121.962780,80.404726,156.851866,122.627307,13324.236270,233.837238,15744.927547,-36.338199,-5977.008066,-230.013880,11.716688,False,False,False,False,False,True,False,2-circle,1.000000,553.059144,93.692527,97.749699,2.250301,6.307473,-23.485527,71.833579,-0.918381,3,8,0,0.0000,0.0000,0.0000,0.5000,"Pursue",0.004626
1071,A0100,adaptive_eagle_v6h_e1c,HABFM,8487.655383,121.740225,81.451765,155.935695,122.438174,13314.987670,233.870942,15736.376802,-42.753724,-5973.122591,-220.491147,13.828915,False,False,False,False,False,True,False,2-circle,1.000000,566.857809,93.692527,97.749699,2.250301,6.307473,-20.792012,74.463303,-0.614181,3,8,3,0.0000,0.0000,0.0000,0.5000,"SmartLowYoYo",0.060119
1071,B0100,defensive,HABFM,8487.655383,121.740225,81.451765,155.935695,122.438174,13314.987670,233.870942,15736.376802,-42.753724,-5973.122591,-220.491147,13.828915,False,False,False,False,False,True,False,2-circle,1.000000,566.857809,93.692527,97.749699,2.250301,6.307473,-20.792012,74.463303,-0.614181,3,8,0,0.0000,0.0000,0.0000,0.5000,"Pursue",0.005236
1072,A0100,adaptive_eagle_v6h_e1c,HABFM,8561.215235,121.487573,82.958172,154.558344,122.225015,13305.381368,233.914170,15727.665710,-43.555462,-5933.475900,-206.904995,16.322215,False,False,False,False,False,True,False,2-circle,1.000000,580.328280,93.692527,97.749699,2.250301,6.307473,-18.451406,76.746250,-0.514389,3,8,3,0.0000,0.0000,0.0000,0.5000,"SmartLowYoYo",0.067113
1072,B0100,defensive,HABFM,8561.215235,121.487573,82.958172,154.558344,122.225015,13305.381368,233.914170,15727.665710,-43.555462,-5933.475900,-206.904995,16.322215,False,False,False,False,False,True,False,2-circle,1.000000,580.328280,93.692527,97.749699,2.250301,6.307473,-18.451406,76.746250,-0.514389,3,8,0,0.0000,0.0000,0.0000,0.5000,"Pursue",0.005046
1073,A0100,adaptive_eagle_v6h_e1c,HABFM,8629.728106,121.234228,84.626966,153.073904,122.019076,13295.337878,234.000094,15719.402102,-41.318038,-5878.000801,-191.952486,18.468345,False,False,False,False,False,True,False,2-circle,1.000000,593.826699,93.692527,97.749699,2.250301,6.307473,-16.906354,78.243232,-0.626659,3,8,3,0.0000,0.0000,0.0000,0.5000,"SmartLowYoYo",0.062658
1073,B0100,defensive,HABFM,8629.728106,121.234228,84.626966,153.073904,122.019076,13295.337878,234.000094,15719.402102,-41.318038,-5878.000801,-191.952486,18.468345,False,False,False,False,False,True,False,2-circle,1.000000,593.826699,93.692527,97.749699,2.250301,6.307473,-16.906354,78.243232,-0.626659,3,8,0,0.0000,0.0000,0.0000,0.5000,"Pursue",0.004959
1074,A0100,adaptive_eagle_v6h_e1c,HABFM,8693.428779,120.976225,86.189241,151.782007,121.816012,13284.788485,234.123377,15711.407624,-39.972390,-5825.501889,-177.906192,19.932086,False,False,False,False,False,True,False,2-circle,1.000000,608.334239,93.692527,97.749699,2.250301,6.307473,-16.029586,79.088889,-0.895994,3,8,3,0.0000,0.0000,0.0000,0.5000,"SmartLowYoYo",0.043342
1074,B0100,defensive,HABFM,8693.428779,120.976225,86.189241,151.782007,121.816012,13284.788485,234.123377,15711.407624,-39.972390,-5825.501889,-177.906192,19.932086,False,False,False,False,False,True,False,2-circle,1.000000,608.334239,93.692527,97.749699,2.250301,6.307473,-16.029586,79.088889,-0.895994,3,8,0,0.0000,0.0000,0.0000,0.5000,"Pursue",0.005156
1075,A0100,adaptive_eagle_v6h_e1c,HABFM,8753.056315,120.702820,87.278389,150.988829,121.604435,13273.686802,234.271245,15703.372113,-40.177556,-5805.462395,-167.781986,20.807627,False,False,False,False,False,True,False,2-circle,1.000000,624.716624,93.692527,97.749699,2.250301,6.307473,-15.567359,79.542276,-1.259658,3,8,3,0.0000,0.0000,0.0000,0.5000,"SmartLowYoYo",0.041538
1075,B0100,defensive,HABFM,8753.056315,120.702820,87.278389,150.988829,121.604435,13273.686802,234.271245,15703.372113,-40.177556,-5805.462395,-167.781986,20.807627,False,False,False,False,False,True,False,2-circle,1.000000,624.716624,93.692527,97.749699,2.250301,6.307473,-15.567359,79.542276,-1.259658,3,8,0,0.0000,0.0000,0.0000,0.5000,"Pursue",0.005521
1076,A0100,adaptive_eagle_v6h_e1c,HABFM,8809.712900,120.408915,88.291789,150.253981,121.377986,13262.003647,234.435619,15695.099697,-41.362083,-5793.644985,-158.202239,21.352606,False,False,False,False,False,True,False,2-circle,1.000000,642.785548,93.692527,97.749699,2.250301,6.307473,-15.310609,79.808625,-1.671031,3,8,3,0.0000,0.0000,0.0000,0.5000,"SmartLowYoYo",0.047931
1076,B0100,defensive,HABFM,8809.712900,120.408915,88.291789,150.253981,121.377986,13262.003647,234.435619,15695.099697,-41.362083,-5793.644985,-158.202239,21.352606,False,False,False,False,False,True,False,2-circle,1.000000,642.785548,93.692527,97.749699,2.250301,6.307473,-15.310609,79.808625,-1.671031,3,8,0,0.0000,0.0000,0.0000,0.5000,"Pursue",0.005959
1077,A0100,adaptive_eagle_v6h_e1c,HABFM,8863.081421,120.092671,89.409373,149.394673,121.134043,13249.719588,234.614229,15686.524452,-42.876222,-5774.568835,-147.648979,21.772287,False,False,False,False,False,True,False,2-circle,1.000000,662.223086,93.692527,97.749699,2.250301,6.307473,-15.137213,80.006575,-2.103164,1,8,4,0.0000,0.0000,0.0000,0.5000,"SmartLowYoYo",0.052483
1077,B0100,defensive,HABFM,8863.081421,120.092671,89.409373,149.394673,121.134043,13249.719588,234.614229,15686.524452,-42.876222,-5774.568835,-147.648979,21.772287,False,False,False,False,False,True,False,2-circle,1.000000,662.223086,93.692527,97.749699,2.250301,6.307473,-15.137213,80.006575,-2.103164,3,8,0,0.0000,0.0000,0.0000,0.5000,"Pursue",-0.025147
1078,A0100,adaptive_eagle_v6h_e1c,DBFM,8912.780649,119.563819,90.574874,148.660839,120.669093,13236.837184,234.609098,15673.535472,-64.944898,-5758.627951,-135.658555,17.068505,False,False,False,False,False,True,False,2-circle,1.000000,682.517552,93.692527,97.749699,2.250301,6.307473,-17.849219,77.329579,-2.426232,1,8,4,0.0000,0.0000,0.0000,0.5000,"SmartLowYoYo",0.055655
1078,B0100,defensive,DBFM,8912.780649,119.563819,90.574874,148.660839,120.669093,13236.837184,234.609098,15673.535472,-64.944898,-5758.627951,-135.658555,17.068505,False,False,False,False,False,True,False,2-circle,1.000000,682.517552,93.692527,97.749699,2.250301,6.307473,-17.849219,77.329579,-2.426232,3,8,0,0.0000,0.0000,0.0000,0.5000,"Pursue",-0.243357
1079,A0100,adaptive_eagle_v6h_e1c,DBFM,8958.379031,119.089952,91.747068,147.844176,120.239566,13223.556993,234.625793,15660.602091,-64.666909,-5742.817235,-123.850782,12.651510,False,False,False,False,False,True,False,2-circle,1.000000,702.884469,93.692527,97.749699,2.250301,6.307473,-22.093258,73.124981,-2.612409,1,8,4,0.0000,0.0000,0.0000,0.5000,"SmartLowYoYo",0.078143
1079,B0100,defensive,DBFM,8958.379031,119.089952,91.747068,147.844176,120.239566,13223.556993,234.625793,15660.602091,-64.666909,-5742.817235,-123.850782,12.651510,False,False,False,False,False,True,False,2-circle,1.000000,702.884469,93.692527,97.749699,2.250301,6.307473,-22.093258,73.124981,-2.612409,3,8,0,0.0000,0.0000,0.0000,0.5000,"Pursue",-0.341811
1080,A0100,adaptive_eagle_v6h_e1c,DBFM,8999.869761,118.836616,93.330803,146.355993,120.038808,13209.922660,234.874758,15652.142472,-42.298091,-5688.212684,-109.759831,12.362974,False,False,False,False,False,True,False,2-circle,1.000000,722.699266,93.692527,97.749699,2.250301,6.307473,-22.489883,72.767802,-2.668168,1,8,4,0.0000,0.0000,0.0000,0.5000,"SmartLowYoYo",0.087814
1080,B0100,defensive,DBFM,8999.869761,118.836616,93.330803,146.355993,120.038808,13209.922660,234.874758,15652.142472,-42.298091,-5688.212684,-109.759831,12.362974,False,False,False,False,False,True,False,2-circle,1.000000,722.699266,93.692527,97.749699,2.250301,6.307473,-22.489883,72.767802,-2.668168,3,8,0,0.0000,0.0000,0.0000,0.5000,"Pursue",-0.368786
1081,A0100,adaptive_eagle_v6h_e1c,DBFM,9036.056649,118.491757,95.087650,144.861790,119.740429,13195.957593,235.049988,15641.822824,-51.598242,-5621.967491,-93.882204,13.325360,False,False,False,False,False,True,False,2-circle,1.000000,742.097835,93.692527,97.749699,2.250301,6.307473,-21.345320,73.953879,-2.663939,1,8,4,0.0000,0.0000,0.0000,0.5000,"SmartLowYoYo",0.064877
1081,B0100,defensive,DBFM,9036.056649,118.491757,95.087650,144.861790,119.740429,13195.957593,235.049988,15641.822824,-51.598242,-5621.967491,-93.882204,13.325360,False,False,False,False,False,True,False,2-circle,1.000000,742.097835,93.692527,97.749699,2.250301,6.307473,-21.345320,73.953879,-2.663939,3,8,0,0.0000,0.0000,0.0000,0.5000,"Pursue",-0.261410
1082,A0100,adaptive_eagle_v6h_e1c,DBFM,9067.412694,118.119986,96.366104,143.902240,119.419070,13181.664727,235.230114,15631.280095,-52.713645,-5593.715578,-81.808318,14.563864,False,False,False,False,False,True,False,2-circle,1.000000,761.809397,93.692527,97.749699,2.250301,6.307473,-20.083762,75.263991,-2.722717,1,8,4,0.0000,0.0000,0.0000,0.5000,"SmartLowYoYo",0.059460
1082,B0100,defensive,DBFM,9067.412694,118.119986,96.366104,143.902240,119.419070,13181.664727,235.230114,15631.280095,-52.713645,-5593.715578,-81.808318,14.563864,False,False,False,False,False,True,False,2-circle,1.000000,761.809397,93.692527,97.749699,2.250301,6.307473,-20.083762,75.263991,-2.722717,3,8,0,0.0000,0.0000,0.0000,0.5000,"Pursue",-0.233112
1083,A0100,adaptive_eagle_v6h_e1c,DBFM,9095.167278,117.748489,97.485330,143.047747,119.104405,13167.000950,235.444000,15621.073019,-51.035378,-5580.213800,-71.033707,15.603728,False,False,False,False,False,True,False,2-circle,1.000000,781.783920,93.692527,97.749699,2.250301,6.307473,-19.185952,76.216169,-2.881598,3,8,3,0.0000,0.0000,0.0000,0.5000,"SmartLowYoYo",0.086985
1083,B0100,defensive,DBFM,9095.167278,117.748489,97.485330,143.047747,119.104405,13167.000950,235.444000,15621.073019,-51.035378,-5580.213800,-71.033707,15.603728,False,False,False,False,False,True,False,2-circle,1.000000,781.783920,93.692527,97.749699,2.250301,6.307473,-19.185952,76.216169,-2.881598,3,8,0,0.0000,0.0000,0.0000,0.5000,"Pursue",-0.335091
1084,A0100,adaptive_eagle_v6h_e1c,DBFM,9118.870133,117.376626,99.065055,141.711560,118.794672,13151.921190,235.690133,15611.126916,-49.730515,-5529.963198,-56.644064,16.309004,False,False,False,False,False,True,False,2-circle,1.000000,801.689180,93.692527,97.749699,2.250301,6.307473,-18.659302,76.801070,-3.125497,3,8,3,0.0000,0.0000,0.0000,0.5000,"SmartLowYoYo",0.096487
1084,B0100,defensive,DBFM,9118.870133,117.376626,99.065055,141.711560,118.794672,13151.921190,235.690133,15611.126916,-49.730515,-5529.963198,-56.644064,16.309004,False,False,False,False,False,True,False,2-circle,1.000000,801.689180,93.692527,97.749699,2.250301,6.307473,-18.659302,76.801070,-3.125497,3,8,0,0.0000,0.0000,0.0000,0.5000,"Pursue",-0.359720
1085,A0100,adaptive_eagle_v6h_e1c,DBFM,9137.340958,116.994138,100.802197,140.305692,118.478822,13136.392054,235.959523,15601.222661,-49.521277,-5463.984921,-41.087969,16.750787,False,False,False,False,False,True,False,2-circle,1.000000,821.881244,93.692527,97.749699,2.250301,6.307473,-18.377375,77.148474,-3.424641,3,8,3,0.0000,0.0000,0.0000,0.5000,"SmartLowYoYo",0.089482
1085,B0100,defensive,DBFM,9137.340958,116.994138,100.802197,140.305692,118.478822,13136.392054,235.959523,15601.222661,-49.521277,-5463.984921,-41.087969,16.750787,False,False,False,False,False,True,False,2-circle,1.000000,821.881244,93.692527,97.749699,2.250301,6.307473,-18.377375,77.148474,-3.424641,3,8,0,0.0000,0.0000,0.0000,0.5000,"Pursue",-0.316045
1086,A0100,adaptive_eagle_v6h_e1c,DBFM,9150.745177,116.405985,102.425972,139.339457,117.944877,13120.415179,236.041812,15586.965268,-71.286963,-5407.121999,-25.530243,13.770778,False,False,False,False,False,True,False,2-circle,1.000000,843.259011,93.692527,97.749699,2.250301,6.307473,-21.112823,74.491619,-3.637611,3,7,3,0.0000,0.0000,0.0000,0.5000,"SmartLowYoYo",0.061825
1086,B0100,defensive,DBFM,9150.745177,116.405985,102.425972,139.339457,117.944877,13120.415179,236.041812,15586.965268,-71.286963,-5407.121999,-25.530243,13.770778,False,False,False,False,False,True,False,2-circle,1.000000,843.259011,93.692527,97.749699,2.250301,6.307473,-21.112823,74.491619,-3.637611,3,8,0,0.0000,0.0000,0.0000,0.5000,"Pursue",-0.209285
1087,A0100,adaptive_eagle_v6h_e1c,DBFM,9159.534900,115.879814,103.568558,138.845570,117.453212,13104.209143,236.139461,15572.800435,-70.824165,-5382.497079,-14.022441,10.655804,False,False,False,False,False,True,False,2-circle,1.000000,866.393218,93.692527,97.749699,2.250301,6.307473,-25.424217,70.275233,-3.726022,3,7,3,0.0000,0.0000,0.0000,0.5000,"SmartLowYoYo",0.059376
1087,B0100,defensive,DBFM,9159.534900,115.879814,103.568558,138.845570,117.453212,13104.209143,236.139461,15572.800435,-70.824165,-5382.497079,-14.022441,10.655804,False,False,False,False,False,True,False,2-circle,1.000000,866.393218,93.692527,97.749699,2.250301,6.307473,-25.424217,70.275233,-3.726022,3,8,0,0.0000,0.0000,0.0000,0.5000,"Pursue",-0.202637
1088,A0100,adaptive_eagle_v6h_e1c,DBFM,9165.186553,115.575000,104.630270,138.158134,117.198157,13087.797757,236.468276,15563.268680,-47.658777,-5359.645489,-4.246281,10.454473,False,False,False,False,False,True,False,2-circle,1.000000,891.010945,93.692527,97.749699,2.250301,6.307473,-25.861896,69.946106,-3.683918,3,7,3,0.0000,0.0000,0.0000,0.5000,"SmartLowYoYo",0.068803
1088,B0100,defensive,DBFM,9165.186553,115.575000,104.630270,138.158134,117.198157,13087.797757,236.468276,15563.268680,-47.658777,-5359.645489,-4.246281,10.454473,False,False,False,False,False,True,False,2-circle,1.000000,891.010945,93.692527,97.749699,2.250301,6.307473,-25.861896,69.946106,-3.683918,3,8,0,0.0000,0.0000,0.0000,0.5000,"Pursue",-0.228276
1089,A0100,adaptive_eagle_v6h_e1c,DBFM,9167.475719,115.184521,105.793223,137.420327,116.851422,13071.202571,236.716317,15551.869454,-56.996131,-5332.551708,6.700282,11.173141,False,False,False,False,False,True,False,2-circle,1.000000,916.771746,93.692527,97.749699,2.250301,6.307473,-24.772368,71.155718,-3.584624,1,7,4,0.0000,0.0000,0.0000,0.5000,"SmartLowYoYo",0.075992
1089,B0100,defensive,DBFM,9167.475719,115.184521,105.793223,137.420327,116.851422,13071.202571,236.716317,15551.869454,-56.996131,-5332.551708,6.700282,11.173141,False,False,False,False,False,True,False,2-circle,1.000000,916.771746,93.692527,97.749699,2.250301,6.307473,-24.772368,71.155718,-3.584624,3,8,0,0.0000,0.0000,0.0000,0.5000,"Pursue",-0.246521
1090,A0100,adaptive_eagle_v6h_e1c,DBFM,9166.101073,114.770086,107.001563,136.602045,116.485211,13054.431006,236.962951,15540.269774,-57.998397,-5303.298935,18.063219,12.066681,False,False,False,False,False,True,False,2-circle,1.000000,943.178688,93.692527,97.749699,2.250301,6.307473,-23.581680,72.475196,-3.550912,1,7,4,0.0000,0.0000,0.0000,0.5000,"SmartLowYoYo",0.081685
1090,B0100,defensive,DBFM,9166.101073,114.770086,107.001563,136.602045,116.485211,13054.431006,236.962951,15540.269774,-57.998397,-5303.298935,18.063219,12.066681,False,False,False,False,False,True,False,2-circle,1.000000,943.178688,93.692527,97.749699,2.250301,6.307473,-23.581680,72.475196,-3.550912,3,8,0,0.0000,0.0000,0.0000,0.5000,"Pursue",-0.259210
1091,A0100,adaptive_eagle_v6h_e1c,DBFM,9160.950213,114.355703,108.216516,135.708298,116.125965,13037.439873,237.237122,15529.034316,-56.177292,-5273.812989,29.420307,12.795445,False,False,False,False,False,True,False,2-circle,1.000000,969.713199,93.692527,97.749699,2.250301,6.307473,-22.760662,73.430771,-3.617219,1,7,4,0.0000,0.0000,0.0000,0.5000,"SmartLowYoYo",0.086315
1091,B0100,defensive,DBFM,9160.950213,114.355703,108.216516,135.708298,116.125965,13037.439873,237.237122,15529.034316,-56.177292,-5273.812989,29.420307,12.795445,False,False,False,False,False,True,False,2-circle,1.000000,969.713199,93.692527,97.749699,2.250301,6.307473,-22.760662,73.430771,-3.617219,3,8,0,0.0000,0.0000,0.0000,0.5000,"Pursue",-0.267462
1092,A0100,adaptive_eagle_v6h_e1c,DBFM,9152.004967,113.942232,109.409083,134.761134,115.772862,13020.183560,237.537053,15518.082062,-54.761270,-5245.973693,40.549179,13.282382,False,False,False,False,False,True,False,2-circle,1.000000,995.818323,93.692527,97.749699,2.250301,6.307473,-22.307156,74.021466,-3.767267,1,7,4,0.0000,0.0000,0.0000,0.5000,"SmartLowYoYo",0.089924
1092,B0100,defensive,DBFM,9152.004967,113.942232,109.409083,134.761134,115.772862,13020.183560,237.537053,15518.082062,-54.761270,-5245.973693,40.549179,13.282382,False,False,False,False,False,True,False,2-circle,1.000000,995.818323,93.692527,97.749699,2.250301,6.307473,-22.307156,74.021466,-3.767267,3,8,0,0.0000,0.0000,0.0000,0.5000,"Pursue",-0.271595
1093,A0100,adaptive_eagle_v6h_e1c,DBFM,9139.299430,113.524804,110.553476,133.783202,115.418511,13002.628828,237.853689,15507.191133,-54.454647,-5221.455991,51.286777,13.589648,False,False,False,False,False,True,False,2-circle,1.000000,1020.900764,93.692527,97.749699,2.250301,6.307473,-22.084730,74.380390,-3.971525,1,7,4,0.0000,0.0000,0.0000,0.5000,"SmartLowYoYo",0.125074
1093,B0100,defensive,DBFM,9139.299430,113.524804,110.553476,133.783202,115.418511,13002.628828,237.853689,15507.191133,-54.454647,-5221.455991,51.286777,13.589648,False,False,False,False,False,True,False,2-circle,1.000000,1020.900764,93.692527,97.749699,2.250301,6.307473,-22.084730,74.380390,-3.971525,3,8,0,0.0000,0.0000,0.0000,0.5000,"Pursue",-0.369262
1094,A0100,adaptive_eagle_v6h_e1c,DBFM,9122.573424,113.098821,112.065865,132.368054,115.056132,12984.753894,238.180482,15496.203102,-54.940151,-5167.183475,64.551185,13.804005,False,False,False,False,False,True,False,2-circle,1.000000,1044.324879,93.692527,97.749699,2.250301,6.307473,-21.970457,74.627161,-4.205684,1,7,4,0.0000,0.0000,0.0000,0.5000,"SmartLowYoYo",0.145539
1094,B0100,defensive,DBFM,9122.573424,113.098821,112.065865,132.368054,115.056132,12984.753894,238.180482,15496.203102,-54.940151,-5167.183475,64.551185,13.804005,False,False,False,False,False,True,False,2-circle,1.000000,1044.324879,93.692527,97.749699,2.250301,6.307473,-21.970457,74.627161,-4.205684,3,8,0,0.0000,0.0000,0.0000,0.5000,"Pursue",-0.414700
1095,A0100,adaptive_eagle_v6h_e1c,DBFM,9100.766331,112.657747,113.800023,130.798079,114.678466,12966.543767,238.514861,15485.049514,-55.767941,-5099.639870,79.271999,13.985183,False,False,False,False,False,True,False,2-circle,1.000000,1066.039195,93.692527,97.749699,2.250301,6.307473,-21.894080,74.833030,-4.455054,3,7,3,0.0000,0.0000,0.0000,0.5000,"SmartLowYoYo",0.144508
1095,B0100,defensive,DBFM,9100.766331,112.657747,113.800023,130.798079,114.678466,12966.543767,238.514861,15485.049514,-55.767941,-5099.639870,79.271999,13.985183,False,False,False,False,False,True,False,2-circle,1.000000,1066.039195,93.692527,97.749699,2.250301,6.307473,-21.894080,74.833030,-4.455054,3,8,0,0.0000,0.0000,0.0000,0.5000,"Pursue",-0.395473
1096,A0100,adaptive_eagle_v6h_e1c,DBFM,9073.944524,112.199932,115.515623,129.379720,114.284994,12947.986406,238.856837,15473.719258,-56.651283,-5038.544777,93.776591,14.162045,False,False,False,False,False,True,False,2-circle,1.000000,1086.913395,93.692527,97.749699,2.250301,6.307473,-21.829436,75.029991,-4.712607,3,7,3,0.0000,0.0000,0.0000,0.5000,"SmartLowYoYo",0.139267
1096,B0100,defensive,DBFM,9073.944524,112.199932,115.515623,129.379720,114.284994,12947.986406,238.856837,15473.719258,-56.651283,-5038.544777,93.776591,14.162045,False,False,False,False,False,True,False,2-circle,1.000000,1086.913395,93.692527,97.749699,2.250301,6.307473,-21.829436,75.029991,-4.712607,3,8,0,0.0000,0.0000,0.0000,0.5000,"Pursue",-0.360708
1097,A0100,adaptive_eagle_v6h_e1c,DBFM,9042.207254,111.542342,117.186431,128.359600,113.672216,12929.099474,239.001352,15457.889521,-79.148681,-4987.312698,108.809027,11.846077,False,False,False,False,False,True,False,2-circle,1.000000,1107.960554,93.692527,97.749699,2.250301,6.307473,-24.723307,72.277931,-4.859165,3,7,3,0.0000,0.0000,0.0000,0.5000,"SmartLowYoYo",0.128514
1097,B0100,defensive,DBFM,9042.207254,111.542342,117.186431,128.359600,113.672216,12929.099474,239.001352,15457.889521,-79.148681,-4987.312698,108.809027,11.846077,False,False,False,False,False,True,False,2-circle,1.000000,1107.960554,93.692527,97.749699,2.250301,6.307473,-24.723307,72.277931,-4.859165,3,8,0,0.0000,0.0000,0.0000,0.5000,"Pursue",-0.321699
1098,A0100,adaptive_eagle_v6h_e1c,DBFM,9005.587874,110.959413,118.777069,127.518680,113.110960,12910.123762,239.159448,15442.260428,-78.145465,-4936.864971,122.732219,9.383574,False,False,False,False,False,True,False,2-circle,1.000000,1129.980426,93.692527,97.749699,2.250301,6.307473,-29.121269,68.036709,-4.871106,3,7,3,0.0000,0.0000,0.0000,0.5000,"SmartLowYoYo",0.087095
1098,B0100,defensive,DBFM,9005.587874,110.959413,118.777069,127.518680,113.110960,12910.123762,239.159448,15442.260428,-78.145465,-4936.864971,122.732219,9.383574,False,False,False,False,False,True,False,2-circle,1.000000,1129.980426,93.692527,97.749699,2.250301,6.307473,-29.121269,68.036709,-4.871106,3,8,0,0.0000,0.0000,0.0000,0.5000,"Pursue",-0.214148
1099,A0100,adaptive_eagle_v6h_e1c,DBFM,8965.190465,110.589621,119.906891,126.924012,112.783123,12891.070448,239.544103,15431.358864,-54.507823,-4909.980252,132.488596,9.262083,False,False,False,False,False,True,False,2-circle,1.000000,1153.763553,93.692527,97.749699,2.250301,6.307473,-29.531902,67.802382,-4.744751,3,7,3,0.0000,0.0000,0.0000,0.5000,"SmartLowYoYo",0.085149
1099,B0100,defensive,DBFM,8965.190465,110.589621,119.906891,126.924012,112.783123,12891.070448,239.544103,15431.358864,-54.507823,-4909.980252,132.488596,9.262083,False,False,False,False,False,True,False,2-circle,1.000000,1153.763553,93.692527,97.749699,2.250301,6.307473,-29.531902,67.802382,-4.744751,3,8,0,0.0000,0.0000,0.0000,0.5000,"Pursue",-0.202387
1100,A0100,adaptive_eagle_v6h_e1c,DBFM,8921.877423,110.139627,120.972946,126.439131,112.368403,12871.962185,239.842267,15418.578388,-63.902381,-4892.149575,142.233614,9.883133,False,False,False,False,False,True,False,2-circle,1.000000,1179.048195,93.692527,97.749699,2.250301,6.307473,-28.437590,69.090848,-4.565703,3,7,3,0.0000,0.0000,0.0000,0.5000,"SmartLowYoYo",0.100861
1100,B0100,defensive,DBFM,8921.877423,110.139627,120.972946,126.439131,112.368403,12871.962185,239.842267,15418.578388,-63.902381,-4892.149575,142.233614,9.883133,False,False,False,False,False,True,False,2-circle,1.000000,1179.048195,93.692527,97.749699,2.250301,6.307473,-28.437590,69.090848,-4.565703,2,2,3,0.0000,0.0000,0.0000,0.5000,"Pursue",-0.227762
1101,A0100,adaptive_eagle_v6h_e1c,DBFM,8875.272522,109.428207,122.146846,126.096422,111.659901,12852.820665,241.503758,15434.842098,81.318552,-4824.649137,153.285060,9.029489,False,False,False,False,False,True,False,2-circle,1.000000,1205.564790,93.692527,97.749699,2.250301,6.307473,-30.300691,67.439077,-4.344689,1,7,4,0.0000,0.0000,0.0000,0.5000,"SmartLowYoYo",0.113027
1101,B0100,defensive,DBFM,8875.272522,109.428207,122.146846,126.096422,111.659901,12852.820665,241.503758,15434.842098,81.318552,-4824.649137,153.285060,9.029489,False,False,False,False,False,True,False,2-circle,1.000000,1205.564790,93.692527,97.749699,2.250301,6.307473,-30.300691,67.439077,-4.344689,2,2,3,0.0000,0.0000,0.0000,0.5000,"Pursue",-0.242235
1102,A0100,adaptive_eagle_v6h_e1c,DBFM,8824.786073,108.520473,123.361379,125.940860,110.679236,12833.956221,242.936214,15446.698523,59.282126,-4761.181115,165.583779,6.326850,False,False,False,False,False,True,False,2-circle,1.000000,1232.562839,93.692527,97.749699,2.250301,6.307473,-38.491321,59.473532,-3.911325,1,7,4,0.0000,0.0000,0.0000,0.5000,"SmartLowYoYo",0.123469
1102,B0100,defensive,DBFM,8824.786073,108.520473,123.361379,125.940860,110.679236,12833.956221,242.936214,15446.698523,59.282126,-4761.181115,165.583779,6.326850,False,False,False,False,False,True,False,2-circle,1.000000,1232.562839,93.692527,97.749699,2.250301,6.307473,-38.491321,59.473532,-3.911325,2,2,3,0.0000,0.0000,0.0000,0.5000,"Pursue",-0.260327
1103,A0100,adaptive_eagle_v6h_e1c,DBFM,8770.124316,107.770675,124.575086,125.674141,109.769107,12816.070259,244.232378,15456.767040,50.342583,-4702.637233,177.116037,4.165915,False,False,False,False,False,True,False,2-circle,1.000000,1258.816269,93.692527,97.749699,2.250301,6.307473,-49.901677,48.295325,-3.128635,1,6,4,0.0000,0.0000,0.0000,0.5000,"SmartLowYoYo",0.133158
1103,B0100,defensive,DBFM,8770.124316,107.770675,124.575086,125.674141,109.769107,12816.070259,244.232378,15456.767040,50.342583,-4702.637233,177.116037,4.165915,False,False,False,False,False,True,False,2-circle,1.000000,1258.816269,93.692527,97.749699,2.250301,6.307473,-49.901677,48.295325,-3.128635,2,2,3,0.0000,0.0000,0.0000,0.5000,"Pursue",-0.288903
1104,A0100,adaptive_eagle_v6h_e1c,DBFM,8711.787364,107.557321,125.759031,124.873259,109.365467,12799.769888,245.732023,15472.995240,81.140999,-4640.976315,185.691405,2.698996,False,False,False,False,False,True,False,2-circle,1.000000,1283.147460,93.692527,97.749699,2.250301,6.307473,-62.253148,36.175807,-2.255039,1,8,4,0.0000,0.0000,0.0000,0.5000,"HeadOnBreak",0.142329
1104,B0100,defensive,DBFM,8711.787364,107.557321,125.759031,124.873259,109.365467,12799.769888,245.732023,15472.995240,81.140999,-4640.976315,185.691405,2.698996,False,False,False,False,False,True,False,2-circle,1.000000,1283.147460,93.692527,97.749699,2.250301,6.307473,-62.253148,36.175807,-2.255039,2,2,3,0.0000,0.0000,0.0000,0.5000,"Pursue",-0.318270
1105,A0100,adaptive_eagle_v6h_e1c,DBFM,8650.743123,107.922801,126.888575,123.472085,109.546039,12785.300656,247.446906,15495.967317,114.860385,-4577.333995,190.899789,1.646197,False,False,False,False,False,True,False,2-circle,1.000000,1304.713396,93.692527,97.749699,2.250301,6.307473,-74.476637,24.178225,-1.980493,1,8,4,0.0000,0.0000,0.0000,0.5000,"HeadOnBreak",0.201732
1105,B0100,defensive,DBFM,8650.743123,107.922801,126.888575,123.472085,109.546039,12785.300656,247.446906,15495.967317,114.860385,-4577.333995,190.899789,1.646197,False,False,False,False,False,True,False,2-circle,1.000000,1304.713396,93.692527,97.749699,2.250301,6.307473,-74.476637,24.178225,-1.980493,2,2,3,0.0000,0.0000,0.0000,0.5000,"Pursue",-0.451086
1106,A0100,adaptive_eagle_v6h_e1c,DBFM,8587.720232,108.783021,128.382124,121.127845,110.241220,12772.672533,249.298050,15524.047744,140.402139,-4480.965795,195.361340,0.785492,False,False,False,False,False,True,False,2-circle,1.000000,1322.895473,93.692527,97.749699,2.250301,6.307473,-86.694942,12.175219,-1.694841,1,8,4,0.0000,0.0000,0.0000,0.5000,"HeadOnBreak",0.233694
1106,B0100,defensive,DBFM,8587.720232,108.783021,128.382124,121.127845,110.241220,12772.672533,249.298050,15524.047744,140.402139,-4480.965795,195.361340,0.785492,False,False,False,False,False,True,False,2-circle,1.000000,1322.895473,93.692527,97.749699,2.250301,6.307473,-86.694942,12.175219,-1.694841,2,2,3,0.0000,0.0000,0.0000,0.5000,"Pursue",-0.511926
1107,A0100,adaptive_eagle_v6h_e1c,DBFM,8522.745737,110.056746,130.097980,118.194519,111.349078,12761.834622,251.122510,15553.628473,147.903644,-4372.824208,198.680206,0.012307,False,False,False,False,False,True,False,2-circle,1.000000,1337.775312,93.692527,97.749699,2.250301,6.307473,-99.270200,-0.195048,-0.692321,1,8,4,0.0000,0.0000,0.0000,0.5000,"HeadOnBreak",0.179516
1107,B0100,defensive,DBFM,8522.745737,110.056746,130.097980,118.194519,111.349078,12761.834622,251.122510,15553.628473,147.903644,-4372.824208,198.680206,0.012307,False,False,False,False,False,True,False,2-circle,1.000000,1337.775312,93.692527,97.749699,2.250301,6.307473,-99.270200,-0.195048,-0.692321,2,2,3,0.0000,0.0000,0.0000,0.5000,"Pursue",-0.397016
1108,A0100,adaptive_eagle_v6h_e1c,DBFM,8456.856873,111.780688,131.375475,115.344618,112.861659,12753.092949,252.826627,15582.905583,146.385552,-4309.006983,197.404645,0.820557,False,False,False,False,False,True,False,2-circle,1.000000,1349.803105,93.692527,97.749699,2.250301,6.307473,-112.139804,-12.868213,2.449368,1,8,4,0.0000,0.0000,0.0000,0.5000,"HeadOnBreak",0.169266
1108,B0100,defensive,DBFM,8456.856873,111.780688,131.375475,115.344618,112.861659,12753.092949,252.826627,15582.905583,146.385552,-4309.006983,197.404645,0.820557,False,False,False,False,False,True,False,2-circle,1.000000,1349.803105,93.692527,97.749699,2.250301,6.307473,-112.139804,-12.868213,2.449368,2,2,3,0.0000,0.0000,0.0000,0.5000,"Pursue",-0.378467
1109,A0100,adaptive_eagle_v6h_e1c,DBFM,8391.595797,114.024211,132.460147,112.158127,114.859136,12746.911373,254.272785,15609.189417,131.419168,-4273.099750,192.659932,1.668928,False,False,False,False,False,True,False,2-circle,1.000000,1358.536966,93.692527,97.749699,2.250301,6.307473,-124.496587,-25.041914,5.930119,1,7,4,0.0000,0.0000,0.0000,0.5000,"SmartHighYoYo",0.189524
1109,B0100,defensive,DBFM,8391.595797,114.024211,132.460147,112.158127,114.859136,12746.911373,254.272785,15609.189417,131.419168,-4273.099750,192.659932,1.668928,False,False,False,False,False,True,False,2-circle,1.000000,1358.536966,93.692527,97.749699,2.250301,6.307473,-124.496587,-25.041914,5.930119,2,2,3,0.0000,0.0000,0.0000,0.5000,"Pursue",-0.418437
1110,A0100,adaptive_eagle_v6h_e1c,DBFM,8327.691764,116.760498,133.535392,108.429566,117.350735,12743.542008,255.321224,15629.472685,101.416340,-4252.710613,185.657501,2.583573,False,False,False,False,False,True,False,2-circle,1.000000,1363.288235,93.692527,97.749699,2.250301,6.307473,-135.602576,-35.984501,8.708920,1,7,4,0.0000,0.0000,0.0000,0.5000,"SmartHighYoYo",0.274222
1110,B0100,defensive,DBFM,8327.691764,116.760498,133.535392,108.429566,117.350735,12743.542008,255.321224,15629.472685,101.416340,-4252.710613,185.657501,2.583573,False,False,False,False,False,True,False,2-circle,1.000000,1363.288235,93.692527,97.749699,2.250301,6.307473,-135.602576,-35.984501,8.708920,2,2,3,0.0000,0.0000,0.0000,0.5000,"Pursue",-0.568239
1111,A0100,adaptive_eagle_v6h_e1c,DBFM,8265.556407,119.902567,134.999017,103.831576,120.275795,12742.933698,256.112046,15646.769592,86.484537,-4212.033355,178.722670,3.611504,False,False,False,False,False,True,False,2-circle,1.000000,1363.560045,93.692527,97.749699,2.250301,6.307473,-145.270555,-45.514049,10.709046,1,7,4,0.0000,0.0000,0.0000,0.5000,"SmartHighYoYo",0.322633
1111,B0100,defensive,DBFM,8265.556407,119.902567,134.999017,103.831576,120.275795,12742.933698,256.112046,15646.769592,86.484537,-4212.033355,178.722670,3.611504,False,False,False,False,False,True,False,2-circle,1.000000,1363.560045,93.692527,97.749699,2.250301,6.307473,-145.270555,-45.514049,10.709046,2,2,3,0.0000,0.0000,0.0000,0.5000,"Pursue",-0.636546
1112,A0100,adaptive_eagle_v6h_e1c,DBFM,8204.984220,123.344711,136.719805,98.686532,123.543342,12744.836801,256.716152,15662.387747,78.090772,-4166.556424,171.885060,4.842549,False,False,False,False,False,True,False,2-circle,1.000000,1359.695927,93.692527,97.749699,2.250301,6.307473,-153.710752,-53.840192,12.026768,1,7,4,0.0000,0.0000,0.0000,0.5000,"SmartHighYoYo",0.260369
1112,B0100,defensive,DBFM,8204.984220,123.344711,136.719805,98.686532,123.543342,12744.836801,256.716152,15662.387747,78.090772,-4166.556424,171.885060,4.842549,False,False,False,False,False,True,False,2-circle,1.000000,1359.695927,93.692527,97.749699,2.250301,6.307473,-153.710752,-53.840192,12.026768,2,2,3,0.0000,0.0000,0.0000,0.5000,"Pursue",-0.513501
1113,A0100,adaptive_eagle_v6h_e1c,DBFM,8146.514131,127.000205,138.058795,93.731806,127.072142,12748.884558,257.169194,15676.742127,71.771901,-4166.845033,163.035783,6.427692,False,False,False,False,False,True,False,2-circle,1.000000,1352.865944,93.692527,97.749699,2.250301,6.307473,-161.172985,-61.206697,12.686670,1,7,4,0.0000,0.0000,0.0000,0.5000,"SmartHighYoYo",0.258746
1113,B0100,defensive,DBFM,8146.514131,127.000205,138.058795,93.731806,127.072142,12748.884558,257.169194,15676.742127,71.771901,-4166.845033,163.035783,6.427692,False,False,False,False,False,True,False,2-circle,1.000000,1352.865944,93.692527,97.749699,2.250301,6.307473,-161.172985,-61.206697,12.686670,2,2,3,0.0000,0.0000,0.0000,0.5000,"Pursue",-0.497430
1114,A0100,adaptive_eagle_v6h_e1c,DBFM,8090.859820,130.809859,139.246848,88.713089,130.804269,12754.648835,257.505436,15690.167603,67.127381,-4189.078237,153.640217,8.660722,False,False,False,False,False,True,False,1-circle,1.000000,1343.545465,93.692527,97.749699,2.250301,6.307473,-167.882072,-67.836994,12.716389,1,7,4,0.0000,0.0000,0.0000,0.5000,"SmartHighYoYo",0.298863
1114,B0100,defensive,DBFM,8090.859820,130.809859,139.246848,88.713089,130.804269,12754.648835,257.505436,15690.167603,67.127381,-4189.078237,153.640217,8.660722,False,False,False,False,False,True,False,1-circle,1.000000,1343.545465,93.692527,97.749699,2.250301,6.307473,-167.882072,-67.836994,12.716389,2,2,3,0.0000,0.0000,0.0000,0.5000,"Pursue",-0.545333
1115,A0100,adaptive_eagle_v6h_e1c,DBFM,8037.956142,134.725154,140.451186,83.485794,134.690793,12761.655667,257.859230,15705.246350,75.393734,-4211.718241,144.595210,12.388560,False,False,False,False,False,True,False,1-circle,1.000000,1331.804542,93.692527,97.749699,2.250301,6.307473,-174.232501,-74.126652,12.193862,1,7,4,0.0000,0.0000,0.0000,0.5000,"SmartHighYoYo",0.431532
1115,B0100,defensive,DBFM,8037.956142,134.725154,140.451186,83.485794,134.690793,12761.655667,257.859230,15705.246350,75.393734,-4211.718241,144.595210,12.388560,False,False,False,False,False,True,False,1-circle,1.000000,1331.804542,93.692527,97.749699,2.250301,6.307473,-174.232501,-74.126652,12.193862,2,2,3,0.0000,0.0000,0.0000,0.5000,"Pursue",-0.721947
1116,A0100,adaptive_eagle_v6h_e1c,DBFM,7987.497678,138.692074,142.054966,77.693179,138.679824,12769.381344,258.158520,15719.809082,72.813661,-4205.571515,137.646693,21.076963,False,False,False,False,False,True,False,1-circle,1.000000,1317.654362,93.692527,97.749699,2.250301,6.307473,179.329817,-80.523099,11.241646,4,7,3,0.0000,0.0000,0.0000,0.5000,"SmartHighYoYo",0.520269
1116,B0100,defensive,DBFM,7987.497678,138.692074,142.054966,77.693179,138.679824,12769.381344,258.158520,15719.809082,72.813661,-4205.571515,137.646693,21.076963,False,False,False,False,False,True,False,1-circle,1.000000,1317.654362,93.692527,97.749699,2.250301,6.307473,179.329817,-80.523099,11.241646,2,2,3,0.0000,0.0000,0.0000,0.5000,"Pursue",-0.811537
1117,A0100,adaptive_eagle_v6h_e1c,DBFM,7938.500293,142.589909,143.948266,71.626794,142.663369,12777.185690,256.851534,15697.814650,-109.972159,-4238.683016,134.337278,75.922093,False,False,False,False,False,True,False,1-circle,1.000000,1301.887054,93.692527,97.749699,2.250301,6.307473,172.492739,-87.333835,9.979227,1,7,4,0.0000,0.0000,0.0000,0.5000,"SmartHighYoYo",0.549287
1117,B0100,defensive,DBFM,7938.500293,142.589909,143.948266,71.626794,142.663369,12777.185690,256.851534,15697.814650,-109.972159,-4238.683016,134.337278,75.922093,False,False,False,False,False,True,False,1-circle,1.000000,1301.887054,93.692527,97.749699,2.250301,6.307473,172.492739,-87.333835,9.979227,2,2,3,0.0000,0.0000,0.0000,0.5000,"Pursue",-0.803888
1118,A0100,adaptive_eagle_v6h_e1c,DBFM,7890.253366,146.150596,145.934988,65.789410,146.376248,12784.346741,255.520731,15674.789286,-115.126822,-4277.906386,133.417918,203.558147,False,False,False,False,False,True,False,1-circle,1.000000,1286.168362,93.692527,97.749699,2.250301,6.307473,170.103070,-89.699977,8.707277,1,7,4,0.0000,0.0000,0.0000,0.5000,"SmartHighYoYo",0.472474
1118,B0100,defensive,DBFM,7890.253366,146.150596,145.934988,65.789410,146.376248,12784.346741,255.520731,15674.789286,-115.126822,-4277.906386,133.417918,203.558147,False,False,False,False,False,True,False,1-circle,1.000000,1286.168362,93.692527,97.749699,2.250301,6.307473,170.103070,-89.699977,8.707277,2,2,3,0.0000,0.0000,0.0000,0.5000,"Pursue",-0.654791
1119,A0100,adaptive_eagle_v6h_e1c,DBFM,7842.259830,148.957941,147.581755,61.100172,149.337574,12790.601120,254.942897,15667.985557,-34.018643,-4327.110809,133.634369,32.663660,False,False,False,False,False,True,False,1-circle,1.000000,1271.668163,93.692527,97.749699,2.250301,6.307473,175.993985,-83.778730,7.874927,1,7,4,0.0000,0.0000,0.0000,0.5000,"SmartHighYoYo",0.504747
1119,B0100,defensive,DBFM,7842.259830,148.957941,147.581755,61.100172,149.337574,12790.601120,254.942897,15667.985557,-34.018643,-4327.110809,133.634369,32.663660,False,False,False,False,False,True,False,1-circle,1.000000,1271.668163,93.692527,97.749699,2.250301,6.307473,175.993985,-83.778730,7.874927,2,2,3,0.0000,0.0000,0.0000,0.5000,"Pursue",-0.666603
1120,A0100,adaptive_eagle_v6h_e1c,DBFM,7794.329044,151.911271,149.132099,56.368439,152.421805,12796.195544,254.118415,15654.999238,-64.931594,-4395.309333,133.931978,17.591659,False,False,False,False,False,True,False,1-circle,1.000000,1258.058056,93.692527,97.749699,2.250301,6.307473,-178.785717,-78.523033,7.449632,1,7,4,0.0000,0.0000,0.0000,0.5000,"SmartHighYoYo",0.616348
1120,B0100,defensive,DBFM,7794.329044,151.911271,149.132099,56.368439,152.421805,12796.195544,254.118415,15654.999238,-64.931594,-4395.309333,133.931978,17.591659,False,False,False,False,False,True,False,1-circle,1.000000,1258.058056,93.692527,97.749699,2.250301,6.307473,-178.785717,-78.523033,7.449632,2,2,3,0.0000,0.0000,0.0000,0.5000,"Pursue",-0.776051
1121,A0100,adaptive_eagle_v6h_e1c,DBFM,7746.375418,155.666191,150.744249,50.741577,156.299274,12801.591789,252.360313,15620.975418,-170.119101,-4488.858002,134.096348,19.658437,False,False,False,False,False,True,False,1-circle,1.000000,1244.553490,93.692527,97.749699,2.250301,6.307473,-179.929836,-79.634417,7.264341,0,7,3,0.0000,0.0000,0.0000,0.5000,"LeadPursuit",0.745759
1121,B0100,defensive,DBFM,7746.375418,155.666191,150.744249,50.741577,156.299274,12801.591789,252.360313,15620.975418,-170.119101,-4488.858002,134.096348,19.658437,False,False,False,False,False,True,False,1-circle,1.000000,1244.553490,93.692527,97.749699,2.250301,6.307473,-179.929836,-79.634417,7.264341,2,2,3,0.0000,0.0000,0.0000,0.5000,"Pursue",-0.881380
1122,A0100,adaptive_eagle_v6h_e1c,DBFM,7698.150891,159.507754,152.354930,44.862807,160.340345,12806.915288,250.410001,15582.889318,-190.430503,-4587.945892,135.283739,39.613775,False,False,False,False,False,True,False,1-circle,1.000000,1230.554906,93.692527,97.749699,2.250301,6.307473,174.906457,-84.774439,7.024670,0,6,3,0.0000,0.0000,0.0000,0.5000,"LeadPursuit",0.900218
1122,B0100,defensive,DBFM,7698.150891,159.507754,152.354930,44.862807,160.340345,12806.915288,250.410001,15582.889318,-190.430503,-4587.945892,135.283739,39.613775,False,False,False,False,False,True,False,1-circle,1.000000,1230.554906,93.692527,97.749699,2.250301,6.307473,174.906457,-84.774439,7.024670,2,2,3,0.0000,0.0000,0.0000,0.5000,"Pursue",-0.992501
1123,A0100,adaptive_eagle_v6h_e1c,DBFM,7649.228843,162.987889,153.903215,39.072003,164.209887,12811.741373,248.658086,15549.008807,-169.402553,-4682.380715,137.659693,208.977638,False,False,False,False,False,True,False,1-circle,1.000000,1215.959140,93.692527,97.749699,2.250301,6.307473,167.984336,-91.683463,6.458416,0,6,3,0.0000,0.0000,0.0000,0.5000,"LeadPursuit",1.088853
1123,B0100,defensive,DBFM,7649.228843,162.987889,153.903215,39.072003,164.209887,12811.741373,248.658086,15549.008807,-169.402553,-4682.380715,137.659693,208.977638,False,False,False,False,False,True,False,1-circle,1.000000,1215.959140,93.692527,97.749699,2.250301,6.307473,167.984336,-91.683463,6.458416,2,2,3,0.0000,0.0000,0.0000,0.5000,"Pursue",-1.113481
1124,A0100,adaptive_eagle_v6h_e1c,DBFM,7599.255215,165.664684,155.323873,33.743729,167.551893,12815.483411,247.429345,15525.765332,-116.217375,-4763.325640,140.893942,209.983578,False,False,False,False,False,True,False,1-circle,1.000000,1200.792932,93.692527,97.749699,2.250301,6.307473,165.294490,-94.370954,5.594118,0,6,3,0.0000,0.0000,0.0000,0.5000,"LeadPursuit",1.317647
1124,B0100,defensive,DBFM,7599.255215,165.664684,155.323873,33.743729,167.551893,12815.483411,247.429345,15525.765332,-116.217375,-4763.325640,140.893942,209.983578,False,False,False,False,False,True,False,1-circle,1.000000,1200.792932,93.692527,97.749699,2.250301,6.307473,165.294490,-94.370954,5.594118,2,2,3,0.0000,0.0000,0.0000,0.5000,"Pursue",-1.242837
1125,A0100,adaptive_eagle_v6h_e1c,DBFM,7548.032216,167.384166,156.540156,29.299552,170.040567,12817.985224,247.050424,15519.972296,-28.965179,-4821.998203,144.007780,141.932417,False,False,False,False,False,True,False,1-circle,1.000000,1184.632309,93.692527,97.749699,2.250301,6.307473,171.158664,-88.518548,4.731228,0,6,3,0.0000,0.0000,0.0000,0.5000,"LeadPursuit",1.590526
1125,B0100,defensive,DBFM,7548.032216,167.384166,156.540156,29.299552,170.040567,12817.985224,247.050424,15519.972296,-28.965179,-4821.998203,144.007780,141.932417,False,False,False,False,False,True,False,1-circle,1.000000,1184.632309,93.692527,97.749699,2.250301,6.307473,171.158664,-88.518548,4.731228,2,2,3,0.0000,0.0000,0.0000,0.5000,"Pursue",-1.391295
1126,A0100,adaptive_eagle_v6h_e1c,DBFM,7495.579012,168.743885,157.471792,25.249965,172.268932,12819.489813,246.842476,15516.930134,-15.210811,-4881.001982,146.553664,21.093534,False,False,False,False,False,True,False,1-circle,1.000000,1166.641478,93.692527,97.749699,2.250301,6.307473,179.589911,-80.120583,4.242593,0,6,3,0.0000,0.0000,0.0000,0.5000,"LeadPursuit",1.900113
1126,B0100,defensive,DBFM,7495.579012,168.743885,157.471792,25.249965,172.268932,12819.489813,246.842476,15516.930134,-15.210811,-4881.001982,146.553664,21.093534,False,False,False,False,False,True,False,1-circle,1.000000,1166.641478,93.692527,97.749699,2.250301,6.307473,179.589911,-80.120583,4.242593,2,2,3,0.0000,0.0000,0.0000,0.5000,"Pursue",-1.547218
1127,A0100,adaptive_eagle_v6h_e1c,DBFM,7441.936730,170.305421,158.046814,21.121348,174.948325,12820.398248,246.040897,15500.348054,-82.910402,-4965.522309,148.670443,13.789303,False,False,False,False,False,True,False,1-circle,1.000000,1145.820660,93.692527,97.749699,2.250301,6.307473,-175.261582,-75.036991,4.224730,0,5,3,0.0000,0.0000,0.0000,0.5000,"LeadPursuit",2.685757
1127,B0100,defensive,DBFM,7441.936730,170.305421,158.046814,21.121348,174.948325,12820.398248,246.040897,15500.348054,-82.910402,-4965.522309,148.670443,13.789303,False,False,False,False,False,True,False,1-circle,1.000000,1145.820660,93.692527,97.749699,2.250301,6.307473,-175.261582,-75.036991,4.224730,2,2,3,0.0000,0.0000,0.0000,0.5000,"Pursue",-2.024727
1128,A0100,adaptive_eagle_v6h_e1c,DBFM,7387.045441,171.711138,158.364846,16.879987,178.234776,12821.259302,244.511359,15467.992335,-161.778592,-5046.238559,150.488759,16.340159,False,False,False,False,False,True,False,1-circle,1.000000,1120.910307,93.692527,97.749699,2.250301,6.307473,-177.329522,-77.215116,4.386904,0,5,3,0.0000,0.0000,0.0000,0.5000,"LeadPursuit",3.596368
1128,B0100,defensive,DBFM,7387.045441,171.711138,158.364846,16.879987,178.234776,12821.259302,244.511359,15467.992335,-161.778592,-5046.238559,150.488759,16.340159,False,False,False,False,False,True,False,1-circle,1.000000,1120.910307,93.692527,97.749699,2.250301,6.307473,-177.329522,-77.215116,4.386904,2,2,3,0.0000,0.0000,0.0000,0.5000,"Pursue",-2.520229
1129,A0100,adaptive_eagle_v6h_e1c,DBFM,7330.884569,171.816460,158.597526,13.611145,-178.505221,12822.124411,242.975570,15435.713306,-161.395145,-5117.807433,152.803262,32.621916,False,False,False,False,False,True,False,1-circle,-1.000000,1091.495936,93.692527,97.749699,2.250301,6.307473,176.572302,-83.475710,4.400049,0,4,3,0.0000,0.0000,0.0000,0.5000,"LeadPursuit",4.916331
1129,B0100,defensive,DBFM,7330.884569,171.816460,158.597526,13.611145,-178.505221,12822.124411,242.975570,15435.713306,-161.395145,-5117.807433,152.803262,32.621916,False,False,False,False,False,True,False,1-circle,-1.000000,1091.495936,93.692527,97.749699,2.250301,6.307473,176.572302,-83.475710,4.400049,2,2,3,0.0000,0.0000,0.0000,0.5000,"Pursue",-3.280030
1130,A0100,adaptive_eagle_v6h_e1c,DBFM,7273.510035,170.670117,158.889363,12.176244,-175.675974,12822.516097,241.860975,15412.181502,-117.659022,-5156.707582,155.256191,64.317636,False,False,False,False,False,True,False,1-circle,-1.000000,1058.889688,93.692527,97.749699,2.250301,6.307473,173.587400,-86.665261,4.176630,0,4,3,0.0000,0.0000,0.0000,0.5000,"LeadPursuit",5.535830
1130,B0100,defensive,DBFM,7273.510035,170.670117,158.889363,12.176244,-175.675974,12822.516097,241.860975,15412.181502,-117.659022,-5156.707582,155.256191,64.317636,False,False,False,False,False,True,False,1-circle,-1.000000,1058.889688,93.692527,97.749699,2.250301,6.307473,173.587400,-86.665261,4.176630,2,2,3,0.0000,0.0000,0.0000,0.5000,"Pursue",-3.706795
1131,A0100,adaptive_eagle_v6h_e1c,DBFM,7215.288382,169.405022,159.553202,12.706982,-173.674585,12822.149457,241.484661,15403.762572,-42.094648,-5164.153169,157.917262,25.291775,False,False,False,False,False,True,False,1-circle,-1.000000,1025.211753,93.692527,97.749699,2.250301,6.307473,178.923126,-81.558661,3.910819,0,4,3,0.0000,0.0000,0.0000,0.5000,"LeadPursuit",2.498845
1131,B0100,defensive,DBFM,7215.288382,169.405022,159.553202,12.706982,-173.674585,12822.149457,241.484661,15403.762572,-42.094648,-5164.153169,157.917262,25.291775,False,False,False,False,False,True,False,1-circle,-1.000000,1025.211753,93.692527,97.749699,2.250301,6.307473,178.923126,-81.558661,3.910819,2,2,3,0.0000,0.0000,0.0000,0.5000,"Pursue",-1.741903
1132,A0100,adaptive_eagle_v6h_e1c,DBFM,7156.217405,168.074127,160.565528,14.377097,-171.679315,12821.167295,240.985267,15392.113824,-58.243740,-5210.556027,162.652022,15.768415,False,False,False,False,False,True,False,1-circle,-1.000000,993.136169,93.692527,97.749699,2.250301,6.307473,-175.875419,-76.584402,3.770727,0,4,3,0.0000,0.0000,0.0000,0.5000,"LeadPursuit",-1.075456
1132,B0100,defensive,DBFM,7156.217405,168.074127,160.565528,14.377097,-171.679315,12821.167295,240.985267,15392.113824,-58.243740,-5210.556027,162.652022,15.768415,False,False,False,False,False,True,False,1-circle,-1.000000,993.136169,93.692527,97.749699,2.250301,6.307473,-175.875419,-76.584402,3.770727,2,2,3,0.0000,0.0000,0.0000,0.5000,"Pursue",0.792454
1133,A0100,adaptive_eagle_v6h_e1c,DBFM,7095.625014,166.269290,161.125361,16.807790,-169.140083,12819.986430,239.844151,15366.642658,-127.355834,-5340.530226,168.994269,17.036382,False,False,False,False,False,True,False,1-circle,-1.000000,963.464282,93.692527,97.749699,2.250301,6.307473,-176.570910,-77.494032,3.744198,1,4,3,0.0000,0.0000,0.0000,0.5000,"LeadPursuit",-1.676675
1133,B0100,defensive,DBFM,7095.625014,166.269290,161.125361,16.807790,-169.140083,12819.986430,239.844151,15366.642658,-127.355834,-5340.530226,168.994269,17.036382,False,False,False,False,False,True,False,1-circle,-1.000000,963.464282,93.692527,97.749699,2.250301,6.307473,-176.570910,-77.494032,3.744198,2,2,3,0.0000,0.0000,0.0000,0.5000,"Pursue",1.195682
1134,A0100,adaptive_eagle_v6h_e1c,DBFM,7033.101940,164.155001,161.155431,19.346195,-166.532285,12818.702431,238.625665,15339.548700,-135.469790,-5472.138726,174.655781,27.693455,False,False,False,False,False,True,False,1-circle,-1.000000,934.113888,93.692527,97.749699,2.250301,6.307473,178.948357,-82.191423,3.644848,1,4,3,0.0000,0.0000,0.0000,0.5000,"LeadPursuit",-2.611339
1134,B0100,defensive,DBFM,7033.101940,164.155001,161.155431,19.346195,-166.532285,12818.702431,238.625665,15339.548700,-135.469790,-5472.138726,174.655781,27.693455,False,False,False,False,False,True,False,1-circle,-1.000000,934.113888,93.692527,97.749699,2.250301,6.307473,178.948357,-82.191423,3.644848,2,2,3,0.0000,0.0000,0.0000,0.5000,"Pursue",1.793388
1135,A0100,adaptive_eagle_v6h_e1c,DBFM,6969.043162,162.096059,160.484746,21.692209,-164.256834,12816.990098,237.766747,15319.721764,-99.134680,-5586.889700,178.105087,37.580847,False,False,False,False,False,True,False,1-circle,-1.000000,904.119945,93.692527,97.749699,2.250301,6.307473,177.157943,-84.209051,3.419797,1,4,3,0.0000,0.0000,0.0000,0.5000,"LeadPursuit",-3.194612
1135,B0100,defensive,DBFM,6969.043162,162.096059,160.484746,21.692209,-164.256834,12816.990098,237.766747,15319.721764,-99.134680,-5586.889700,178.105087,37.580847,False,False,False,False,False,True,False,1-circle,-1.000000,904.119945,93.692527,97.749699,2.250301,6.307473,177.157943,-84.209051,3.419797,2,2,3,0.0000,0.0000,0.0000,0.5000,"Pursue",2.142366
1136,A0100,adaptive_eagle_v6h_e1c,DBFM,6903.784308,160.499931,159.445734,23.809378,-162.540492,12814.646644,237.433082,15310.358942,-46.814107,-5754.367616,180.824368,19.101166,False,False,False,False,False,True,False,1-circle,-1.000000,871.620739,93.692527,97.749699,2.250301,6.307473,-177.078146,-78.700200,3.239443,1,4,3,0.0000,0.0000,0.0000,0.5000,"LeadPursuit",-1.521616
1136,B0100,defensive,DBFM,6903.784308,160.499931,159.445734,23.809378,-162.540492,12814.646644,237.433082,15310.358942,-46.814107,-5754.367616,180.824368,19.101166,False,False,False,False,False,True,False,1-circle,-1.000000,871.620739,93.692527,97.749699,2.250301,6.307473,-177.078146,-78.700200,3.239443,2,2,3,0.0000,0.0000,0.0000,0.5000,"Pursue",1.032934
1137,A0100,adaptive_eagle_v6h_e1c,DBFM,6837.250498,158.962073,159.161504,25.719460,-160.808186,12811.833326,237.008771,15298.633529,-58.627065,-5908.191704,185.442229,13.015164,False,False,False,False,False,True,False,1-circle,-1.000000,836.885671,93.692527,97.749699,2.250301,6.307473,-171.725870,-73.628272,3.221456,1,4,3,0.0000,0.0000,0.0000,0.5000,"LeadPursuit",-1.545194
1137,B0100,defensive,DBFM,6837.250498,158.962073,159.161504,25.719460,-160.808186,12811.833326,237.008771,15298.633529,-58.627065,-5908.191704,185.442229,13.015164,False,False,False,False,False,True,False,1-circle,-1.000000,836.885671,93.692527,97.749699,2.250301,6.307473,-171.725870,-73.628272,3.221456,2,2,3,0.0000,0.0000,0.0000,0.5000,"Pursue",1.063808
1138,A0100,adaptive_eagle_v6h_e1c,DBFM,6768.821621,157.091416,158.813737,28.168585,-158.665891,12808.943872,236.115438,15277.032916,-108.003064,-6106.653693,191.805844,13.790758,False,False,False,False,False,True,False,1-circle,-1.000000,800.969578,93.692527,97.749699,2.250301,6.307473,-172.250170,-74.448107,3.325358,1,4,3,0.0000,0.0000,0.0000,0.5000,"LeadPursuit",-0.741354
1138,B0100,defensive,DBFM,6768.821621,157.091416,158.813737,28.168585,-158.665891,12808.943872,236.115438,15277.032916,-108.003064,-6106.653693,191.805844,13.790758,False,False,False,False,False,True,False,1-circle,-1.000000,800.969578,93.692527,97.749699,2.250301,6.307473,-172.250170,-74.448107,3.325358,2,2,3,0.0000,0.0000,0.0000,0.5000,"Pursue",0.533961
1139,A0100,adaptive_eagle_v6h_e1c,DBFM,6697.954814,155.050971,158.951365,30.552696,-156.408876,12806.099287,235.103009,15253.068101,-119.824077,-6292.243081,199.981877,19.918281,False,False,False,False,False,True,False,1-circle,-1.000000,763.768242,93.692527,97.749699,2.250301,6.307473,-176.538478,-79.048100,3.359289,1,4,3,0.0000,0.0000,0.0000,0.5000,"LeadPursuit",-0.975027
1139,B0100,defensive,DBFM,6697.954814,155.050971,158.951365,30.552696,-156.408876,12806.099287,235.103009,15253.068101,-119.824077,-6292.243081,199.981877,19.918281,False,False,False,False,False,True,False,1-circle,-1.000000,763.768242,93.692527,97.749699,2.250301,6.307473,-176.538478,-79.048100,3.359289,2,2,3,0.0000,0.0000,0.0000,0.5000,"Pursue",0.696757
1140,A0100,adaptive_eagle_v6h_e1c,DBFM,6624.429958,152.980781,158.909116,32.913026,-154.228895,12803.036694,234.203867,15231.324622,-108.717396,-6499.347218,208.363338,45.359446,False,False,False,False,False,True,False,1-circle,-1.000000,726.556817,93.692527,97.749699,2.250301,6.307473,177.700406,-85.124563,3.100943,1,4,3,0.0000,0.0000,0.0000,0.5000,"LeadPursuit",-0.461972
1140,B0100,defensive,DBFM,6624.429958,152.980781,158.909116,32.913026,-154.228895,12803.036694,234.203867,15231.324622,-108.717396,-6499.347218,208.363338,45.359446,False,False,False,False,False,True,False,1-circle,-1.000000,726.556817,93.692527,97.749699,2.250301,6.307473,177.700406,-85.124563,3.100943,2,2,3,0.0000,0.0000,0.0000,0.5000,"Pursue",0.346592
1141,A0100,adaptive_eagle_v6h_e1c,DBFM,6548.224461,151.099614,159.228358,34.869506,-152.334230,12799.346254,233.614231,15215.422576,-79.510228,-6677.201760,216.941952,76.261277,False,False,False,False,False,True,False,1-circle,-1.000000,689.491406,93.692527,97.749699,2.250301,6.307473,176.054139,-87.088257,2.594115,1,4,3,0.0000,0.0000,0.0000,0.5000,"LeadPursuit",-0.884247
1141,B0100,defensive,DBFM,6548.224461,151.099614,159.228358,34.869506,-152.334230,12799.346254,233.614231,15215.422576,-79.510228,-6677.201760,216.941952,76.261277,False,False,False,False,False,True,False,1-circle,-1.000000,689.491406,93.692527,97.749699,2.250301,6.307473,176.054139,-87.088257,2.594115,2,2,3,0.0000,0.0000,0.0000,0.5000,"Pursue",0.636342
1142,A0100,adaptive_eagle_v6h_e1c,DBFM,6469.657500,149.629538,159.191872,36.626354,-150.861716,12794.859395,233.405925,15206.628967,-43.968045,-6866.619541,223.746251,24.626255,False,False,False,False,False,True,False,1-circle,-1.000000,653.421267,93.692527,97.749699,2.250301,6.307473,-177.587042,-81.040520,2.114896,1,4,3,0.0000,0.0000,0.0000,0.5000,"LeadPursuit",-0.635723
1142,B0100,defensive,DBFM,6469.657500,149.629538,159.191872,36.626354,-150.861716,12794.859395,233.405925,15206.628967,-43.968045,-6866.619541,223.746251,24.626255,False,False,False,False,False,True,False,1-circle,-1.000000,653.421267,93.692527,97.749699,2.250301,6.307473,-177.587042,-81.040520,2.114896,2,2,3,0.0000,0.0000,0.0000,0.5000,"Pursue",0.468178
1143,A0100,adaptive_eagle_v6h_e1c,DBFM,6389.129765,148.347360,159.335493,38.293229,-149.534788,12789.761423,233.259703,15198.510123,-40.594219,-7026.406323,230.109019,12.351618,False,False,False,False,False,True,False,1-circle,-1.000000,617.361650,93.692527,97.749699,2.250301,6.307473,-168.770629,-72.538802,1.958704,1,4,3,0.0000,0.0000,0.0000,0.5000,"LeadPursuit",-1.018336
1143,B0100,defensive,DBFM,6389.129765,148.347360,159.335493,38.293229,-149.534788,12789.761423,233.259703,15198.510123,-40.594219,-7026.406323,230.109019,12.351618,False,False,False,False,False,True,False,1-circle,-1.000000,617.361650,93.692527,97.749699,2.250301,6.307473,-168.770629,-72.538802,1.958704,2,2,3,0.0000,0.0000,0.0000,0.5000,"Pursue",0.751707
1144,A0100,adaptive_eagle_v6h_e1c,DBFM,6306.624556,146.981359,159.104509,40.367334,-148.042123,12784.454915,232.829287,15184.322469,-70.938273,-7220.421705,236.455569,9.262461,False,False,False,False,False,True,False,1-circle,-1.000000,581.259834,93.692527,97.749699,2.250301,6.307473,-163.117953,-67.205016,2.211948,1,4,3,0.0000,0.0000,0.0000,0.5000,"LeadPursuit",-0.732537
1144,B0100,defensive,DBFM,6306.624556,146.981359,159.104509,40.367334,-148.042123,12784.454915,232.829287,15184.322469,-70.938273,-7220.421705,236.455569,9.262461,False,False,False,False,False,True,False,1-circle,-1.000000,581.259834,93.692527,97.749699,2.250301,6.307473,-163.117953,-67.205016,2.211948,2,2,3,0.0000,0.0000,0.0000,0.5000,"Pursue",0.564448
1145,A0100,adaptive_eagle_v6h_e1c,DBFM,6221.873957,145.348611,159.107240,42.758200,-146.232529,12779.416743,231.993927,15162.094402,-111.140333,-7398.396759,244.156969,10.065755,False,False,False,False,False,True,False,1-circle,-1.000000,543.944413,93.692527,97.749699,2.250301,6.307473,-164.365715,-68.787878,2.648593,1,4,3,0.0000,0.0000,0.0000,0.5000,"LeadPursuit",-1.026181
1145,B0100,defensive,DBFM,6221.873957,145.348611,159.107240,42.758200,-146.232529,12779.416743,231.993927,15162.094402,-111.140333,-7398.396759,244.156969,10.065755,False,False,False,False,False,True,False,1-circle,-1.000000,543.944413,93.692527,97.749699,2.250301,6.307473,-164.365715,-68.787878,2.648593,2,2,3,0.0000,0.0000,0.0000,0.5000,"Pursue",0.795841
1146,A0100,adaptive_eagle_v6h_e1c,DBFM,6134.563883,143.589802,158.769513,45.368163,-144.331745,12774.788219,231.059896,15138.318685,-118.878588,-7607.815848,251.939598,14.061801,False,False,False,False,False,True,False,1-circle,-1.000000,505.691555,93.692527,97.749699,2.250301,6.307473,-169.642793,-74.413717,2.981328,1,4,3,0.0000,0.0000,0.0000,0.5000,"LeadPursuit",-0.753165
1146,B0100,defensive,DBFM,6134.563883,143.589802,158.769513,45.368163,-144.331745,12774.788219,231.059896,15138.318685,-118.878588,-7607.815848,251.939598,14.061801,False,False,False,False,False,True,False,1-circle,-1.000000,505.691555,93.692527,97.749699,2.250301,6.307473,-169.642793,-74.413717,2.981328,2,2,3,0.0000,0.0000,0.0000,0.5000,"Pursue",0.606187
1147,A0100,adaptive_eagle_v6h_e1c,DBFM,6044.756905,141.836659,158.678104,47.782949,-142.501082,12770.259279,230.236438,15116.973323,-106.726810,-7785.823083,259.931563,25.725203,False,False,False,False,False,True,False,1-circle,-1.000000,466.236685,93.692527,97.749699,2.250301,6.307473,-176.163237,-81.299895,2.968740,1,4,3,0.0000,0.0000,0.0000,0.5000,"LeadPursuit",-0.971484
1147,B0100,defensive,DBFM,6044.756905,141.836659,158.678104,47.782949,-142.501082,12770.259279,230.236438,15116.973323,-106.726810,-7785.823083,259.931563,25.725203,False,False,False,False,False,True,False,1-circle,-1.000000,466.236685,93.692527,97.749699,2.250301,6.307473,-176.163237,-81.299895,2.968740,2,2,3,0.0000,0.0000,0.0000,0.5000,"Pursue",0.786421
1148,A0100,adaptive_eagle_v6h_e1c,DBFM,5952.611991,140.308007,158.255978,50.001188,-140.953687,12765.371037,229.718960,15101.548016,-77.126533,-7983.600669,266.586135,36.403054,False,False,False,False,False,True,False,1-circle,-1.000000,426.489976,93.692527,97.749699,2.250301,6.307473,-178.303618,-83.814108,2.652637,1,3,3,0.0000,0.0000,0.0000,0.5000,"LeadPursuit",-0.650495
1148,B0100,defensive,DBFM,5952.611991,140.308007,158.255978,50.001188,-140.953687,12765.371037,229.718960,15101.548016,-77.126533,-7983.600669,266.586135,36.403054,False,False,False,False,False,True,False,1-circle,-1.000000,426.489976,93.692527,97.749699,2.250301,6.307473,-178.303618,-83.814108,2.652637,2,2,3,0.0000,0.0000,0.0000,0.5000,"Pursue",0.542232
1149,A0100,adaptive_eagle_v6h_e1c,DBFM,5858.715527,139.213679,158.177266,51.725192,-139.845119,12759.890800,229.576219,15093.165417,-41.912994,-8132.599755,271.991520,18.657191,False,False,False,False,False,True,False,1-circle,-1.000000,386.228504,93.692527,97.749699,2.250301,6.307473,-172.155611,-78.051139,2.317781,1,3,3,0.0000,0.0000,0.0000,0.5000,"LeadPursuit",0.083204
1149,B0100,defensive,DBFM,5858.715527,139.213679,158.177266,51.725192,-139.845119,12759.890800,229.576219,15093.165417,-41.912994,-8132.599755,271.991520,18.657191,False,False,False,False,False,True,False,1-circle,-1.000000,386.228504,93.692527,97.749699,2.250301,6.307473,-172.155611,-78.051139,2.317781,2,2,3,0.0000,0.0000,0.0000,0.5000,"Pursue",-0.044741
1150,A0100,adaptive_eagle_v6h_e1c,DBFM,5763.236710,138.143235,159.001699,53.075603,-138.727460,12753.989525,229.329212,15082.245974,-54.597215,-8200.524275,278.804165,12.244289,False,False,False,False,False,True,False,1-circle,-1.000000,347.715847,93.692527,97.749699,2.250301,6.307473,-165.840343,-72.108290,2.157718,1,3,3,0.0000,0.0000,0.0000,0.5000,"LeadPursuit",1.046257
1150,B0100,defensive,DBFM,5763.236710,138.143235,159.001699,53.075603,-138.727460,12753.989525,229.329212,15082.245974,-54.597215,-8200.524275,278.804165,12.244289,False,False,False,False,False,True,False,1-circle,-1.000000,347.715847,93.692527,97.749699,2.250301,6.307473,-165.840343,-72.108290,2.157718,2,2,3,0.0000,0.0000,0.0000,0.5000,"Pursue",-0.798670
1151,A0100,adaptive_eagle_v6h_e1c,DBFM,5665.166905,136.731528,160.786466,53.862453,-137.237832,12748.060164,228.654584,15062.638497,-98.037389,-8271.551529,289.898356,11.926489,False,False,False,False,False,True,False,1-circle,-1.000000,312.951760,93.692527,97.749699,2.250301,6.307473,-165.006923,-71.611894,2.195017,2,3,3,0.0000,0.0000,0.0000,0.5000,"LeadPursuit",1.377912
1151,B0100,defensive,DBFM,5665.166905,136.731528,160.786466,53.862453,-137.237832,12748.060164,228.654584,15062.638497,-98.037389,-8271.551529,289.898356,11.926489,False,False,False,False,False,True,False,1-circle,-1.000000,312.951760,93.692527,97.749699,2.250301,6.307473,-165.006923,-71.611894,2.195017,2,2,3,0.0000,0.0000,0.0000,0.5000,"Pursue",-1.017061
1152,A0100,adaptive_eagle_v6h_e1c,DBFM,5563.537936,135.153095,162.567857,54.330829,-135.591829,12742.311237,227.838211,15040.391437,-111.235300,-8359.770533,301.644286,14.866998,False,False,False,False,False,True,False,1-circle,-1.000000,282.109419,93.692527,97.749699,2.250301,6.307473,-168.113534,-75.016607,2.270002,2,4,3,0.0000,0.0000,0.0000,0.5000,"LeadPursuit",1.140412
1152,B0100,defensive,DBFM,5563.537936,135.153095,162.567857,54.330829,-135.591829,12742.311237,227.838211,15040.391437,-111.235300,-8359.770533,301.644286,14.866998,False,False,False,False,False,True,False,1-circle,-1.000000,282.109419,93.692527,97.749699,2.250301,6.307473,-168.113534,-75.016607,2.270002,2,2,3,0.0000,0.0000,0.0000,0.5000,"Pursue",-0.806764
1153,A0100,adaptive_eagle_v6h_e1c,DBFM,5458.308181,133.579347,163.980388,55.121762,-133.982869,12736.570520,227.115152,15020.087664,-101.518863,-8491.748246,313.056533,23.268859,False,False,False,False,False,True,False,1-circle,-1.000000,254.299228,93.692527,97.749699,2.250301,6.307473,-173.094010,-80.265626,2.164345,2,4,3,0.0000,0.0000,0.0000,0.5000,"LeadPursuit",0.986927
1153,B0100,defensive,DBFM,5458.308181,133.579347,163.980388,55.121762,-133.982869,12736.570520,227.115152,15020.087664,-101.518863,-8491.748246,313.056533,23.268859,False,False,False,False,False,True,False,1-circle,-1.000000,254.299228,93.692527,97.749699,2.250301,6.307473,-173.094010,-80.265626,2.164345,2,2,3,0.0000,0.0000,0.0000,0.5000,"Pursue",-0.680448
1154,A0100,adaptive_eagle_v6h_e1c,DBFM,5349.642851,132.215552,165.227310,56.051234,-132.618255,12730.489480,226.673688,15005.137909,-74.748774,-8630.210864,323.314968,28.363161,False,False,False,False,False,True,False,1-circle,-1.000000,229.845134,93.692527,97.749699,2.250301,6.307473,-174.566152,-81.973019,1.888518,2,4,3,0.0000,0.0000,0.0000,0.5000,"LeadPursuit",0.730882
1154,B0100,defensive,DBFM,5349.642851,132.215552,165.227310,56.051234,-132.618255,12730.489480,226.673688,15005.137909,-74.748774,-8630.210864,323.314968,28.363161,False,False,False,False,False,True,False,1-circle,-1.000000,229.845134,93.692527,97.749699,2.250301,6.307473,-174.566152,-81.973019,1.888518,2,2,3,0.0000,0.0000,0.0000,0.5000,"Pursue",-0.495869
1155,A0100,adaptive_eagle_v6h_e1c,DBFM,5238.174767,131.264244,166.311711,57.069571,-131.672806,12723.879159,226.596221,14996.973102,-40.824036,-8743.404675,331.098215,16.285282,False,False,False,False,False,True,False,1-circle,-1.000000,209.646165,93.692527,97.749699,2.250301,6.307473,-168.596842,-76.195023,1.664099,2,4,3,0.0000,0.0000,0.0000,0.5000,"LeadPursuit",-0.069014
1155,B0100,defensive,DBFM,5238.174767,131.264244,166.311711,57.069571,-131.672806,12723.879159,226.596221,14996.973102,-40.824036,-8743.404675,331.098215,16.285282,False,False,False,False,False,True,False,1-circle,-1.000000,209.646165,93.692527,97.749699,2.250301,6.307473,-168.596842,-76.195023,1.664099,2,2,3,0.0000,0.0000,0.0000,0.5000,"Pursue",0.069888
1156,A0100,adaptive_eagle_v6h_e1c,DBFM,5124.655448,130.337252,166.863428,58.725376,-130.732436,12716.906957,226.420902,14986.484830,-52.441360,-8845.484635,337.447735,11.301415,False,False,False,False,False,True,False,1-circle,-1.000000,193.697660,93.692527,97.749699,2.250301,6.307473,-162.742075,-70.486582,1.621522,2,4,3,0.0000,0.0000,0.0000,0.5000,"LeadPursuit",-0.429691
1156,B0100,defensive,DBFM,5124.655448,130.337252,166.863428,58.725376,-130.732436,12716.906957,226.420902,14986.484830,-52.441360,-8845.484635,337.447735,11.301415,False,False,False,False,False,True,False,1-circle,-1.000000,193.697660,93.692527,97.749699,2.250301,6.307473,-162.742075,-70.486582,1.621522,2,2,3,0.0000,0.0000,0.0000,0.5000,"Pursue",0.332624
1157,A0100,adaptive_eagle_v6h_e1c,DBFM,5009.208551,129.101188,167.300237,61.040363,-129.462365,12709.968982,225.823984,14967.595963,-94.444338,-8892.839148,343.723313,11.150065,False,False,False,False,False,True,False,1-circle,-1.000000,182.618961,93.692527,97.749699,2.250301,6.307473,-162.356112,-70.192787,1.749539,2,4,3,0.0000,0.0000,0.0000,0.5000,"LeadPursuit",-1.049096
1157,B0100,defensive,DBFM,5009.208551,129.101188,167.300237,61.040363,-129.462365,12709.968982,225.823984,14967.595963,-94.444338,-8892.839148,343.723313,11.150065,False,False,False,False,False,True,False,1-circle,-1.000000,182.618961,93.692527,97.749699,2.250301,6.307473,-162.356112,-70.192787,1.749539,2,2,3,0.0000,0.0000,0.0000,0.5000,"Pursue",0.783622
1158,A0100,adaptive_eagle_v6h_e1c,DBFM,4891.867463,127.767913,167.126129,63.603260,-128.104508,12703.277372,225.082948,14946.111967,-107.419978,-8961.041038,349.741237,13.787576,False,False,False,False,False,True,False,1-circle,-1.000000,177.532204,93.692527,97.749699,2.250301,6.307473,-165.851145,-73.709559,1.892308,2,4,3,0.0000,0.0000,0.0000,0.5000,"LeadPursuit",-1.430682
1158,B0100,defensive,DBFM,4891.867463,127.767913,167.126129,63.603260,-128.104508,12703.277372,225.082948,14946.111967,-107.419978,-8961.041038,349.741237,13.787576,False,False,False,False,False,True,False,1-circle,-1.000000,177.532204,93.692527,97.749699,2.250301,6.307473,-165.851145,-73.709559,1.892308,2,2,3,0.0000,0.0000,0.0000,0.5000,"Pursue",1.084478
1159,A0100,adaptive_eagle_v6h_e1c,DBFM,4772.945000,126.520063,166.322508,66.230193,-126.858330,12696.661191,224.429339,14926.488961,-98.115029,-9018.165373,353.992797,20.751901,False,False,False,False,False,True,False,1-circle,-1.000000,176.900058,93.692527,97.749699,2.250301,6.307473,-171.155410,-78.980146,1.845189,2,3,3,0.0000,0.0000,0.0000,0.5000,"LeadPursuit",-1.337529
1159,B0100,defensive,DBFM,4772.945000,126.520063,166.322508,66.230193,-126.858330,12696.661191,224.429339,14926.488961,-98.115029,-9018.165373,353.992797,20.751901,False,False,False,False,False,True,False,1-circle,-1.000000,176.900058,93.692527,97.749699,2.250301,6.307473,-171.155410,-78.980146,1.845189,2,2,3,0.0000,0.0000,0.0000,0.5000,"Pursue",1.046240
1160,A0100,adaptive_eagle_v6h_e1c,DBFM,4653.107413,125.551521,165.374502,68.512671,-125.923472,12689.775112,224.049629,14912.064011,-72.124749,-9030.891462,355.923698,24.785976,False,False,False,False,False,True,False,1-circle,-1.000000,180.545268,93.692527,97.749699,2.250301,6.307473,-172.988950,-80.723579,1.624334,2,3,3,0.0000,0.0000,0.0000,0.5000,"LeadPursuit",-0.987160
1160,B0100,defensive,DBFM,4653.107413,125.551521,165.374502,68.512671,-125.923472,12689.775112,224.049629,14912.064011,-72.124749,-9030.891462,355.923698,24.785976,False,False,False,False,False,True,False,1-circle,-1.000000,180.545268,93.692527,97.749699,2.250301,6.307473,-172.988950,-80.723579,1.624334,2,2,3,0.0000,0.0000,0.0000,0.5000,"Pursue",0.794849
1161,A0100,adaptive_eagle_v6h_e1c,DBFM,4533.211142,125.041293,164.616361,70.002291,-125.459980,12682.419570,224.027235,14904.264255,-38.998781,-9001.363082,355.634597,15.152852,False,False,False,False,False,True,False,1-circle,-1.000000,188.710113,93.692527,97.749699,2.250301,6.307473,-167.457243,-75.038668,1.449573,2,3,3,0.0000,0.0000,0.0000,0.5000,"LeadPursuit",-0.548130
1161,B0100,defensive,DBFM,4533.211142,125.041293,164.616361,70.002291,-125.459980,12682.419570,224.027235,14904.264255,-38.998781,-9001.363082,355.634597,15.152852,False,False,False,False,False,True,False,1-circle,-1.000000,188.710113,93.692527,97.749699,2.250301,6.307473,-167.457243,-75.038668,1.449573,2,2,3,0.0000,0.0000,0.0000,0.5000,"Pursue",0.457425
1162,A0100,adaptive_eagle_v6h_e1c,DBFM,4413.616650,124.573245,164.264629,70.944545,-125.025381,12674.747905,223.907174,14894.211745,-50.262548,-8952.442470,355.820924,10.736194,False,False,False,False,False,True,False,1-circle,-1.000000,200.435396,93.692527,97.749699,2.250301,6.307473,-161.950328,-69.323476,1.445257,2,3,3,0.0000,0.0000,0.0000,0.5000,"LeadPursuit",0.322600
1162,B0100,defensive,DBFM,4413.616650,124.573245,164.264629,70.944545,-125.025381,12674.747905,223.907174,14894.211745,-50.262548,-8952.442470,355.820924,10.736194,False,False,False,False,False,True,False,1-circle,-1.000000,200.435396,93.692527,97.749699,2.250301,6.307473,-161.950328,-69.323476,1.445257,2,2,3,0.0000,0.0000,0.0000,0.5000,"Pursue",-0.245234
1163,A0100,adaptive_eagle_v6h_e1c,DBFM,4293.459637,123.774394,165.179486,70.948182,-124.237541,12667.160191,223.368584,14875.959406,-91.261695,-8897.112059,360.362085,10.520692,False,False,False,False,False,True,False,1-circle,-1.000000,215.419441,93.692527,97.749699,2.250301,6.307473,-161.780287,-68.888964,1.603938,2,3,3,0.0000,0.0000,0.0000,0.5000,"LeadPursuit",1.103644
1163,B0100,defensive,DBFM,4293.459637,123.774394,165.179486,70.948182,-124.237541,12667.160191,223.368584,14875.959406,-91.261695,-8897.112059,360.362085,10.520692,False,False,False,False,False,True,False,1-circle,-1.000000,215.419441,93.692527,97.749699,2.250301,6.307473,-161.780287,-68.888964,1.603938,2,2,3,0.0000,0.0000,0.0000,0.5000,"Pursue",-0.857830
1164,A0100,adaptive_eagle_v6h_e1c,DBFM,4171.443379,122.805372,166.840018,70.263808,-123.281362,12659.883244,222.683263,14855.149548,-104.049294,-8835.465114,366.964939,12.712668,False,False,False,False,False,True,False,1-circle,-1.000000,232.442924,93.692527,97.749699,2.250301,6.307473,-165.429647,-72.228247,1.783801,2,3,3,0.0000,0.0000,0.0000,0.5000,"LeadPursuit",1.295360
1164,B0100,defensive,DBFM,4171.443379,122.805372,166.840018,70.263808,-123.281362,12659.883244,222.683263,14855.149548,-104.049294,-8835.465114,366.964939,12.712668,False,False,False,False,False,True,False,1-circle,-1.000000,232.442924,93.692527,97.749699,2.250301,6.307473,-165.429647,-72.228247,1.783801,2,2,3,0.0000,0.0000,0.0000,0.5000,"Pursue",-0.971722
1165,A0100,adaptive_eagle_v6h_e1c,DBFM,4047.232343,121.824932,168.124137,69.816230,-122.334167,12652.761355,222.078510,14836.120247,-95.146501,-8813.919781,373.301706,18.201796,False,False,False,False,False,True,False,1-circle,-1.000000,248.452038,93.692527,97.749699,2.250301,6.307473,-170.866674,-77.347668,1.790365,2,4,3,0.0000,0.0000,0.0000,0.5000,"LeadPursuit",0.976671
1165,B0100,defensive,DBFM,4047.232343,121.824932,168.124137,69.816230,-122.334167,12652.761355,222.078510,14836.120247,-95.146501,-8813.919781,373.301706,18.201796,False,False,False,False,False,True,False,1-circle,-1.000000,248.452038,93.692527,97.749699,2.250301,6.307473,-170.866674,-77.347668,1.790365,2,2,3,0.0000,0.0000,0.0000,0.5000,"Pursue",-0.708954
1166,A0100,adaptive_eagle_v6h_e1c,DBFM,3920.928822,121.038324,168.848151,69.636528,-121.610938,12645.461104,221.738673,14822.142908,-69.886696,-8839.628909,378.602741,21.162097,False,False,False,False,False,True,False,1-circle,-1.000000,262.454318,93.692527,97.749699,2.250301,6.307473,-172.885706,-79.054365,1.637668,2,4,3,0.0000,0.0000,0.0000,0.5000,"LeadPursuit",0.407527
1166,B0100,defensive,DBFM,3920.928822,121.038324,168.848151,69.636528,-121.610938,12645.461104,221.738673,14822.142908,-69.886696,-8839.628909,378.602741,21.162097,False,False,False,False,False,True,False,1-circle,-1.000000,262.454318,93.692527,97.749699,2.250301,6.307473,-172.885706,-79.054365,1.637668,2,2,3,0.0000,0.0000,0.0000,0.5000,"Pursue",-0.290826
1167,A0100,adaptive_eagle_v6h_e1c,DBFM,3793.101128,120.656241,169.209236,69.467058,-121.302783,12637.773718,221.749484,14814.667774,-37.375668,-8885.884087,382.011941,13.785230,False,False,False,False,False,True,False,1-circle,-1.000000,275.551136,93.692527,97.749699,2.250301,6.307473,-167.618428,-73.463439,1.534963,2,4,3,0.0000,0.0000,0.0000,0.5000,"LeadPursuit",-0.563819
1167,B0100,defensive,DBFM,3793.101128,120.656241,169.209236,69.467058,-121.302783,12637.773718,221.749484,14814.667774,-37.375668,-8885.884087,382.011941,13.785230,False,False,False,False,False,True,False,1-circle,-1.000000,275.551136,93.692527,97.749699,2.250301,6.307473,-167.618428,-73.463439,1.534963,2,2,3,0.0000,0.0000,0.0000,0.5000,"Pursue",0.420224
1168,A0100,adaptive_eagle_v6h_e1c,DBFM,3664.351384,120.313868,168.888613,70.054790,-121.013621,12629.837558,221.662939,14805.032734,-48.175202,-8971.607659,384.905145,10.032630,False,False,False,False,False,True,False,1-circle,-1.000000,288.930927,93.692527,97.749699,2.250301,6.307473,-162.306230,-67.796246,1.592953,2,4,3,0.0000,0.0000,0.0000,0.5000,"LeadPursuit",-1.267863
1168,B0100,defensive,DBFM,3664.351384,120.313868,168.888613,70.054790,-121.013621,12629.837558,221.662939,14805.032734,-48.175202,-8971.607659,384.905145,10.032630,False,False,False,False,False,True,False,1-circle,-1.000000,288.930927,93.692527,97.749699,2.250301,6.307473,-162.306230,-67.796246,1.592953,2,2,3,0.0000,0.0000,0.0000,0.5000,"Pursue",0.966056
1169,A0100,adaptive_eagle_v6h_e1c,DBFM,3534.588255,119.722738,167.728307,71.740216,-120.441617,12622.058285,221.160083,14787.395539,-88.185974,-9099.149623,388.055465,9.815565,False,False,False,False,False,True,False,1-circle,-1.000000,302.647630,93.692527,97.749699,2.250301,6.307473,-162.208489,-67.306368,1.801788,2,4,3,0.0000,0.0000,0.0000,0.5000,"LeadPursuit",-1.474408
1169,B0100,defensive,DBFM,3534.588255,119.722738,167.728307,71.740216,-120.441617,12622.058285,221.160083,14787.395539,-88.185974,-9099.149623,388.055465,9.815565,False,False,False,False,False,True,False,1-circle,-1.000000,302.647630,93.692527,97.749699,2.250301,6.307473,-162.208489,-67.306368,1.801788,2,2,3,0.0000,0.0000,0.0000,0.5000,"Pursue",1.167316
1170,A0100,adaptive_eagle_v6h_e1c,DBFM,3403.873964,119.120410,165.868291,74.030852,-119.856192,12614.675713,220.507375,14767.250729,-100.724053,-9254.411627,390.004674,11.658449,False,False,False,False,False,True,False,1-circle,-1.000000,315.736166,93.692527,97.749699,2.250301,6.307473,-165.871372,-70.549759,2.031362,2,3,3,0.0000,0.0000,0.0000,0.5000,"LeadPursuit",-1.441612
1170,B0100,defensive,DBFM,3403.873964,119.120410,165.868291,74.030852,-119.856192,12614.675713,220.507375,14767.250729,-100.724053,-9254.411627,390.004674,11.658449,False,False,False,False,False,True,False,1-circle,-1.000000,315.736166,93.692527,97.749699,2.250301,6.307473,-165.871372,-70.549759,2.031362,2,2,3,0.0000,0.0000,0.0000,0.5000,"Pursue",1.195153
1171,A0100,adaptive_eagle_v6h_e1c,DBFM,3272.839246,118.687599,163.753543,76.371525,-119.468831,12607.544093,219.928540,14748.832870,-92.089292,-9367.294986,389.108961,16.053890,False,False,False,False,False,True,False,1-circle,-1.000000,327.627071,93.692527,97.749699,2.250301,6.307473,-171.342768,-75.579041,2.098270,2,3,2,0.0000,0.0000,0.0000,0.5000,"LeadPursuit",-1.352950
1171,B0100,defensive,DBFM,3272.839246,118.687599,163.753543,76.371525,-119.468831,12607.544093,219.928540,14748.832870,-92.089292,-9367.294986,389.108961,16.053890,False,False,False,False,False,True,False,1-circle,-1.000000,327.627071,93.692527,97.749699,2.250301,6.307473,-171.342768,-75.579041,2.098270,2,2,3,0.0000,0.0000,0.0000,0.5000,"Pursue",1.176994
1172,A0100,adaptive_eagle_v6h_e1c,DBFM,3142.938218,118.612600,161.490022,78.473606,-119.486000,12600.336995,219.606098,14735.351585,-67.406425,-9315.262787,382.255632,18.318994,False,False,False,False,False,True,False,1-circle,-1.000000,338.568895,93.692527,97.749699,2.250301,6.307473,-173.517862,-77.281380,2.016381,1,2,2,0.0000,0.0000,0.0000,0.5000,"LeadPursuit",-1.215415
1172,B0100,defensive,DBFM,3142.938218,118.612600,161.490022,78.473606,-119.486000,12600.336995,219.606098,14735.351585,-67.406425,-9315.262787,382.255632,18.318994,False,False,False,False,False,True,False,1-circle,-1.000000,338.568895,93.692527,97.749699,2.250301,6.307473,-173.517862,-77.281380,2.016381,2,2,3,0.0000,0.0000,0.0000,0.5000,"Pursue",1.108762
1173,A0100,adaptive_eagle_v6h_e1c,DBFM,3016.176043,119.109621,159.210100,80.031648,-120.098728,12592.833325,219.627683,14728.267649,-35.419679,-9177.900111,370.563825,12.570044,False,False,False,False,False,True,False,1-circle,-1.000000,348.893606,93.692527,97.749699,2.250301,6.307473,-168.541821,-71.792306,1.986574,1,2,2,0.0000,0.0000,0.0000,0.5000,"LeadPursuit",-0.788114
1173,B0100,defensive,DBFM,3016.176043,119.109621,159.210100,80.031648,-120.098728,12592.833325,219.627683,14728.267649,-35.419679,-9177.900111,370.563825,12.570044,False,False,False,False,False,True,False,1-circle,-1.000000,348.893606,93.692527,97.749699,2.250301,6.307473,-168.541821,-71.792306,1.986574,2,2,3,0.0000,0.0000,0.0000,0.5000,"Pursue",0.750368
1174,A0100,adaptive_eagle_v6h_e1c,DBFM,2893.311417,119.790203,158.111007,80.533162,-120.876247,12585.155427,219.551770,14719.113810,-45.769196,-9040.603443,361.625290,9.369941,False,False,False,False,False,True,False,1-circle,-1.000000,359.968314,93.692527,97.749699,2.250301,6.307473,-163.516725,-66.179812,2.107628,1,2,2,0.0000,0.0000,0.0000,0.5000,"LeadPursuit",-0.205614
1174,B0100,defensive,DBFM,2893.311417,119.790203,158.111007,80.533162,-120.876247,12585.155427,219.551770,14719.113810,-45.769196,-9040.603443,361.625290,9.369941,False,False,False,False,False,True,False,1-circle,-1.000000,359.968314,93.692527,97.749699,2.250301,6.307473,-163.516725,-66.179812,2.107628,2,2,3,0.0000,0.0000,0.0000,0.5000,"Pursue",0.193974
1175,A0100,adaptive_eagle_v6h_e1c,DBFM,2772.661139,120.255802,158.352901,79.918027,-121.402509,12577.714405,219.061405,14702.151102,-84.813543,-8911.661468,358.340077,9.160177,False,False,False,False,False,True,False,1-circle,-1.000000,373.654711,93.692527,97.749699,2.250301,6.307473,-163.701860,-65.647079,2.367434,1,2,2,0.0000,0.0000,0.0000,0.5000,"LeadPursuit",0.087217
1175,B0100,defensive,DBFM,2772.661139,120.255802,158.352901,79.918027,-121.402509,12577.714405,219.061405,14702.151102,-84.813543,-8911.661468,358.340077,9.160177,False,False,False,False,False,True,False,1-circle,-1.000000,373.654711,93.692527,97.749699,2.250301,6.307473,-163.701860,-65.647079,2.367434,2,2,3,0.0000,0.0000,0.0000,0.5000,"Pursue",-0.098924
1176,A0100,adaptive_eagle_v6h_e1c,DBFM,2653.037632,120.639643,158.599367,78.989198,-121.849956,12570.762115,218.418106,14682.739826,-97.056379,-8779.650688,355.341419,10.727554,False,False,False,False,False,True,False,1-circle,-1.000000,388.095456,93.692527,97.749699,2.250301,6.307473,-167.698475,-68.810722,2.647029,1,2,2,0.0000,0.0000,0.0000,0.5000,"LeadPursuit",0.210876
1176,B0100,defensive,DBFM,2653.037632,120.639643,158.599367,78.989198,-121.849956,12570.762115,218.418106,14682.739826,-97.056379,-8779.650688,355.341419,10.727554,False,False,False,False,False,True,False,1-circle,-1.000000,388.095456,93.692527,97.749699,2.250301,6.307473,-167.698475,-68.810722,2.647029,2,2,3,0.0000,0.0000,0.0000,0.5000,"Pursue",-0.224821
1177,A0100,adaptive_eagle_v6h_e1c,DBFM,2534.182160,121.088921,158.111168,78.174811,-122.401658,12564.161042,217.842224,14665.016535,-88.616453,-8722.374051,351.052534,14.322925,False,False,False,False,False,True,False,1-circle,-1.000000,399.954426,93.692527,97.749699,2.250301,6.307473,-173.548862,-73.767959,2.773959,1,2,2,0.0000,0.0000,0.0000,0.5000,"LeadPursuit",-0.071470
1177,B0100,defensive,DBFM,2534.182160,121.088921,158.111168,78.174811,-122.401658,12564.161042,217.842224,14665.016535,-88.616453,-8722.374051,351.052534,14.322925,False,False,False,False,False,True,False,1-circle,-1.000000,399.954426,93.692527,97.749699,2.250301,6.307473,-173.548862,-73.767959,2.773959,2,2,3,0.0000,0.0000,0.0000,0.5000,"Pursue",0.053658
1178,A0100,adaptive_eagle_v6h_e1c,DBFM,2416.504252,121.642048,156.353995,78.129133,-123.102350,12557.620756,217.346211,14648.920125,-80.482053,-8727.800256,342.950609,21.594669,False,False,False,False,False,True,False,1-circle,-1.000000,406.466643,93.692527,97.749699,2.250301,6.307473,-179.725971,-79.045790,2.613840,1,2,2,0.0000,0.0000,0.0000,0.5000,"LeadPursuit",-0.393211
1178,B0100,defensive,DBFM,2416.504252,121.642048,156.353995,78.129133,-123.102350,12557.620756,217.346211,14648.920125,-80.482053,-8727.800256,342.950609,21.594669,False,False,False,False,False,True,False,1-circle,-1.000000,406.466643,93.692527,97.749699,2.250301,6.307473,-179.725971,-79.045790,2.613840,2,2,3,0.0000,0.0000,0.0000,0.5000,"Pursue",0.369452
1179,A0100,adaptive_eagle_v6h_e1c,DBFM,2301.055603,122.551837,154.036938,78.288787,-124.223188,12550.799902,217.100079,14637.365402,-57.773611,-8783.318272,331.668749,24.493442,False,False,False,False,False,True,False,1-circle,-1.000000,407.485269,93.692527,97.749699,2.250301,6.307473,178.107527,-80.304473,2.258132,1,2,2,0.0000,0.0000,0.0000,0.5000,"LeadPursuit",-0.379650
1179,B0100,defensive,DBFM,2301.055603,122.551837,154.036938,78.288787,-124.223188,12550.799902,217.100079,14637.365402,-57.773611,-8783.318272,331.668749,24.493442,False,False,False,False,False,True,False,1-circle,-1.000000,407.485269,93.692527,97.749699,2.250301,6.307473,178.107527,-80.304473,2.258132,2,2,3,0.0000,0.0000,0.0000,0.5000,"Pursue",0.351183
1180,A0100,adaptive_eagle_v6h_e1c,DBFM,2189.017216,124.049314,151.762724,77.769969,-125.954065,12543.517878,217.177514,14631.572102,-28.966504,-8816.439779,317.016891,14.935596,False,False,False,False,False,True,False,1-circle,-1.000000,403.459240,93.692527,97.749699,2.250301,6.307473,-176.871699,-74.351355,1.970571,1,2,2,0.0000,0.0000,0.0000,0.5000,"LeadPursuit",-0.369184
1180,B0100,defensive,DBFM,2189.017216,124.049314,151.762724,77.769969,-125.954065,12543.517878,217.177514,14631.572102,-28.966504,-8816.439779,317.016891,14.935596,False,False,False,False,False,True,False,1-circle,-1.000000,403.459240,93.692527,97.749699,2.250301,6.307473,-176.871699,-74.351355,1.970571,2,2,3,0.0000,0.0000,0.0000,0.5000,"Pursue",0.347576
1181,A0100,adaptive_eagle_v6h_e1c,DBFM,2081.197565,125.791060,149.659479,77.002389,-127.872879,12535.924383,217.147053,14623.392909,-40.895961,-8841.127456,301.368633,10.484446,False,False,False,False,False,True,False,1-circle,-1.000000,394.380041,93.692527,97.749699,2.250301,6.307473,-171.721332,-68.240775,1.887571,1,1,2,0.0000,0.0000,0.0000,0.5000,"LeadPursuit",-0.404222
1181,B0100,defensive,DBFM,2081.197565,125.791060,149.659479,77.002389,-127.872879,12535.924383,217.147053,14623.392909,-40.895961,-8841.127456,301.368633,10.484446,False,False,False,False,False,True,False,1-circle,-1.000000,394.380041,93.692527,97.749699,2.250301,6.307473,-171.721332,-68.240775,1.887571,2,2,3,0.0000,0.0000,0.0000,0.5000,"Pursue",0.402075
1182,A0100,adaptive_eagle_v6h_e1c,DBFM,1977.588906,127.494686,147.753070,76.454449,-129.652282,12528.425633,216.705777,14607.418668,-79.871206,-8877.493761,286.564755,9.935099,False,False,False,False,False,True,False,1-circle,-1.000000,380.549850,93.692527,97.749699,2.250301,6.307473,-171.605838,-67.114930,2.006414,1,1,2,0.0000,0.0000,0.0000,0.5000,"LeadPursuit",-0.459098
1182,B0100,defensive,DBFM,1977.588906,127.494686,147.753070,76.454449,-129.652282,12528.425633,216.705777,14607.418668,-79.871206,-8877.493761,286.564755,9.935099,False,False,False,False,False,True,False,1-circle,-1.000000,380.549850,93.692527,97.749699,2.250301,6.307473,-171.605838,-67.114930,2.006414,2,2,3,0.0000,0.0000,0.0000,0.5000,"Pursue",0.477133
1183,A0100,adaptive_eagle_v6h_e1c,DBFM,1878.172774,129.339469,146.034860,75.965398,-131.538060,12521.283191,216.114325,14588.943391,-92.376384,-8921.970367,272.014041,11.413732,False,False,False,False,False,True,False,1-circle,-1.000000,362.785907,93.692527,97.749699,2.250301,6.307473,-175.380544,-69.773348,2.200966,1,1,2,0.0000,0.0000,0.0000,0.5000,"LeadPursuit",-0.524442
1183,B0100,defensive,DBFM,1878.172774,129.339469,146.034860,75.965398,-131.538060,12521.283191,216.114325,14588.943391,-92.376384,-8921.970367,272.014041,11.413732,False,False,False,False,False,True,False,1-circle,-1.000000,362.785907,93.692527,97.749699,2.250301,6.307473,-175.380544,-69.773348,2.200966,2,2,3,0.0000,0.0000,0.0000,0.5000,"Pursue",0.568117
1184,A0100,adaptive_eagle_v6h_e1c,DBFM,1783.354321,131.449486,144.444474,75.406540,-133.727664,12514.389266,215.588898,14572.007701,-84.678450,-8968.114315,257.019514,15.100442,False,False,False,False,False,True,False,1-circle,-1.000000,342.503591,93.692527,97.749699,2.250301,6.307473,178.658125,-74.400399,2.284550,1,1,2,0.0000,0.0000,0.0000,0.5000,"LeadPursuit",-0.598128
1184,B0100,defensive,DBFM,1783.354321,131.449486,144.444474,75.406540,-133.727664,12514.389266,215.588898,14572.007701,-84.678450,-8968.114315,257.019514,15.100442,False,False,False,False,False,True,False,1-circle,-1.000000,342.503591,93.692527,97.749699,2.250301,6.307473,178.658125,-74.400399,2.284550,2,2,3,0.0000,0.0000,0.0000,0.5000,"Pursue",0.682489
1185,A0100,adaptive_eagle_v6h_e1c,DBFM,1693.740326,133.812644,142.857181,74.857625,-136.240963,12507.480431,215.141573,14556.569029,-77.193360,-9013.250508,241.089018,22.824493,False,False,False,False,False,True,False,1-circle,-1.000000,321.420254,93.692527,97.749699,2.250301,6.307473,171.790199,-79.512577,2.108070,2,1,2,0.0000,0.0000,0.0000,0.5000,"LeadPursuit",-0.676467
1185,B0100,defensive,DBFM,1693.740326,133.812644,142.857181,74.857625,-136.240963,12507.480431,215.141573,14556.569029,-77.193360,-9013.250508,241.089018,22.824493,False,False,False,False,False,True,False,1-circle,-1.000000,321.420254,93.692527,97.749699,2.250301,6.307473,171.790199,-79.512577,2.108070,2,2,3,0.0000,0.0000,0.0000,0.5000,"Pursue",0.818913
1186,A0100,adaptive_eagle_v6h_e1c,DBFM,1610.268409,136.613980,141.084796,74.216054,-139.313254,12500.234710,214.941868,14545.520955,-55.240372,-9049.688264,222.509404,26.048082,False,False,False,False,False,True,False,1-circle,-1.000000,301.393108,93.692527,97.749699,2.250301,6.307473,167.974156,-80.777381,1.747616,2,1,2,0.0000,0.0000,0.0000,0.5000,"LeadPursuit",-0.653317
1186,B0100,defensive,DBFM,1610.268409,136.613980,141.084796,74.216054,-139.313254,12500.234710,214.941868,14545.520955,-55.240372,-9049.688264,222.509404,26.048082,False,False,False,False,False,True,False,1-circle,-1.000000,301.393108,93.692527,97.749699,2.250301,6.307473,167.974156,-80.777381,1.747616,2,2,3,0.0000,0.0000,0.0000,0.5000,"Pursue",0.836497
1187,A0100,adaptive_eagle_v6h_e1c,DBFM,1534.352053,140.047542,139.323620,73.039264,-143.125939,12492.480967,215.066055,14540.131292,-26.948314,-9031.995403,201.238919,15.721114,False,False,False,False,False,True,False,1-circle,-1.000000,284.267988,93.692527,97.749699,2.250301,6.307473,169.744387,-74.948823,1.452582,2,1,2,0.0000,0.0000,0.0000,0.5000,"LeadPursuit",-200.484172
1187,B0100,defensive,DBFM,1534.352053,140.047542,139.323620,73.039264,-143.125939,12492.480967,215.066055,14540.131292,-26.948314,-9031.995403,201.238919,15.721114,False,False,False,False,False,True,False,1-circle,-1.000000,284.267988,93.692527,97.749699,2.250301,6.307473,169.744387,-74.948823,1.452582,2,2,3,0.0000,0.0000,0.0000,0.5000,"Pursue",0.644275
