step,agent_id,tree_name,bfm_situation,distance_ft,ata_deg,aa_deg,hca_deg,relative_bearing_deg,ego_altitude_ft,ego_vc_kts,specific_energy_ft,ps_fts,energy_diff_ft,closure_rate_kts,turn_rate_degs,in_wez,enm_in_wez,in_39_line,overshoot_risk,energy_advantage,alt_advantage,spd_advantage,tc_type,side_flag,alt_gap_ft,ego_health,enm_health,ego_damage_dealt,enm_damage_dealt,tau_deg,roll_deg,pitch_deg,action_alt,action_hdg,action_vel,aileron,elevator,rudder,throttle,active_node,reward
0,A0100,adaptive_eagle,HABFM,3297.631970,90.000000,90.000000,180.000000,-90.000000,15000.000480,386.782661,21622.867763,0.000000,0.000000,-0.000000,0.000000,False,False,False,False,True,True,True,2-circle,-1.000000,0.000000,100.000000,100.000000,0.000000,0.000000,90.000000,-0.000000,0.000000,2,0,3,0.0000,0.0000,0.0000,0.5000,"LeadPursuit",-0.238352
0,B0100,defensive,HABFM,3297.631970,90.000000,90.000000,180.000000,-90.000000,15000.000480,386.782661,21622.867763,0.000000,0.000000,-0.000000,0.000000,False,False,False,False,True,True,True,2-circle,-1.000000,0.000000,100.000000,100.000000,0.000000,0.000000,90.000000,-0.000000,0.000000,2,0,3,0.0000,0.0000,0.0000,0.5000,"LeadPursuit",-0.238352
1,A0100,adaptive_eagle,HABFM,3313.135949,95.508165,84.491832,179.200243,-95.508300,15000.271004,387.161443,21636.116378,66.243076,-0.002895,-91.078739,0.214497,False,False,False,False,False,True,False,2-circle,-1.000000,0.000001,100.000000,100.000000,0.000000,0.000000,84.676959,-5.323041,0.884041,2,0,3,0.0000,0.0000,0.0000,0.5000,"LeadPursuit",-0.191869
1,B0100,defensive,HABFM,3313.135949,95.508165,84.491832,179.200243,-95.508300,15000.271004,387.161443,21636.116378,66.243076,-0.002895,-91.078739,0.214497,False,False,False,False,False,True,False,2-circle,-1.000000,0.000001,100.000000,100.000000,0.000000,0.000000,84.676959,-5.323041,0.884041,2,0,3,0.0000,0.0000,0.0000,0.5000,"LeadPursuit",-0.191868
2,A0100,adaptive_eagle,HABFM,3357.903973,100.417304,79.582647,175.622633,-100.424994,15003.619675,386.218175,21607.169702,-144.733378,-0.005699,-171.179528,0.896164,False,False,False,False,False,True,False,2-circle,-1.000000,0.000012,100.000000,100.000000,0.000000,0.000000,68.774359,-21.225642,6.541938,2,0,3,0.0000,0.0000,0.0000,0.5000,"LeadPursuit",-0.136122
2,B0100,defensive,HABFM,3357.903973,100.417304,79.582647,175.622633,-100.424994,15003.619675,386.218175,21607.169702,-144.733378,-0.005699,-171.179528,0.896164,False,False,False,False,False,True,False,2-circle,-1.000000,0.000012,100.000000,100.000000,0.000000,0.000000,68.774359,-21.225642,6.541938,2,0,3,0.0000,0.0000,0.0000,0.5000,"LeadPursuit",-0.136118
3,A0100,adaptive_eagle,HABFM,3426.414481,104.194566,75.805256,171.429517,-104.235197,15012.705996,384.826105,21568.738646,-192.155282,-0.007179,-231.379942,2.091030,False,False,False,False,False,True,False,2-circle,-1.000000,0.000106,100.000000,100.000000,0.000000,0.000000,47.910491,-42.089511,11.036261,2,0,3,0.0000,0.0000,0.0000,0.5000,"LeadPursuit",-0.092518
3,B0100,defensive,HABFM,3426.414481,104.194566,75.805256,171.429517,-104.235197,15012.705996,384.826105,21568.738646,-192.155282,-0.007179,-231.379942,2.091030,False,False,False,False,False,True,False,2-circle,-1.000000,0.000106,100.000000,100.000000,0.000000,0.000000,47.910491,-42.089511,11.036261,2,0,3,0.0000,0.0000,0.0000,0.5000,"LeadPursuit",-0.092511
4,A0100,adaptive_eagle,HABFM,3512.035537,106.916782,73.082826,168.400265,-107.006464,15026.854298,382.939999,21518.779707,-249.794696,-0.007902,-273.338078,4.863555,False,False,False,False,False,True,False,2-circle,-1.000000,0.000423,100.000000,100.000000,0.000000,0.000000,25.554159,-64.445849,13.130524,2,0,3,0.0000,0.0000,0.0000,0.5000,"LeadPursuit",-0.067064
4,B0100,defensive,HABFM,3512.035537,106.916782,73.082826,168.400265,-107.006464,15026.854298,382.939999,21518.779707,-249.794696,-0.007902,-273.338078,4.863555,False,False,False,False,False,True,False,2-circle,-1.000000,0.000423,100.000000,100.000000,0.000000,0.000000,25.554159,-64.445849,13.130524,2,0,3,0.0000,0.0000,0.0000,0.5000,"LeadPursuit",-0.067056
5,A0100,adaptive_eagle,HABFM,3609.694135,108.974634,71.024698,167.233036,-109.097573,15043.878105,381.121814,21474.303041,-222.383329,-0.006245,-304.125467,51.182937,False,False,False,False,False,True,False,2-circle,-1.000000,0.001143,100.000000,100.000000,0.000000,0.000000,2.612590,-87.387430,13.301779,2,0,3,0.0000,0.0000,0.0000,0.5000,"LeadPursuit",-0.067112
5,B0100,defensive,HABFM,3609.694135,108.974634,71.024698,167.233036,-109.097573,15043.878105,381.121814,21474.303041,-222.383329,-0.006245,-304.125467,51.182937,False,False,False,False,False,True,False,2-circle,-1.000000,0.001143,100.000000,100.000000,0.000000,0.000000,2.612590,-87.387430,13.301779,2,0,3,0.0000,0.0000,0.0000,0.5000,"LeadPursuit",-0.067103
6,A0100,adaptive_eagle,HABFM,3717.577665,111.109594,68.889433,167.826857,-111.235030,15061.106609,380.295904,21463.691626,-53.057073,-0.001159,-336.252309,134.042873,False,False,False,False,False,True,False,2-circle,-1.000000,0.002459,100.000000,100.000000,0.000000,0.000000,-12.043079,-102.043123,11.973938,2,6,4,0.0000,0.0000,0.0000,0.5000,"ExtensionBreak",-0.077017
6,B0100,defensive,HABFM,3717.577665,111.109594,68.889433,167.826857,-111.235030,15061.106609,380.295904,21463.691626,-53.057073,-0.001159,-336.252309,134.042873,False,False,False,False,False,True,False,2-circle,-1.000000,0.002459,100.000000,100.000000,0.000000,0.000000,-12.043079,-102.043123,11.973938,2,0,3,0.0000,0.0000,0.0000,0.5000,"LeadPursuit",-0.071481
7,A0100,adaptive_eagle,HABFM,3837.234317,113.471918,66.340230,168.769767,-113.591305,15077.145191,380.320744,21480.566646,84.375099,-5.518992,-373.422108,134.004644,False,False,False,False,False,True,False,2-circle,-1.000000,0.009480,100.000000,100.000000,0.000000,0.000000,-10.081792,-100.081965,10.043617,2,6,4,0.0000,0.0000,0.0000,0.5000,"ExtensionBreak",-0.089273
7,B0100,defensive,HABFM,3837.234317,113.471918,66.340230,168.769767,-113.591305,15077.145191,380.320744,21480.566646,84.375099,-5.518992,-373.422108,134.004644,False,False,False,False,False,True,False,2-circle,-1.000000,0.009480,100.000000,100.000000,0.000000,0.000000,-10.081792,-100.081965,10.043617,2,0,3,0.0000,0.0000,0.0000,0.5000,"LeadPursuit",-0.054048
8,A0100,adaptive_eagle,HABFM,3969.682841,115.322657,63.245390,169.353560,-115.432789,15091.899488,379.888000,21480.757107,0.952307,-92.090303,-410.566028,134.122545,False,False,False,False,False,True,False,2-circle,-1.000000,0.357775,100.000000,100.000000,0.000000,0.000000,-2.883956,-92.890627,8.593338,2,6,4,0.0000,0.0000,0.0000,0.5000,"ExtensionBreak",-0.083074
8,B0100,defensive,HABFM,3969.682841,115.322657,63.245390,169.353560,-115.432789,15091.899488,379.888000,21480.757107,0.952307,-92.090303,-410.566028,134.122545,False,False,False,False,False,True,False,2-circle,-1.000000,0.357775,100.000000,100.000000,0.000000,0.000000,-2.883956,-92.890627,8.593338,2,0,3,0.0000,0.0000,0.0000,0.5000,"LeadPursuit",-0.037042
9,A0100,adaptive_eagle,HABFM,4113.663836,116.625922,60.221250,169.261022,-116.731978,15105.710531,378.830368,21459.043702,-108.567024,-204.091863,-442.163295,24.753613,False,False,False,False,False,True,False,2-circle,-1.000000,1.278743,100.000000,100.000000,0.000000,0.000000,5.440480,-84.583968,7.975375,2,6,4,0.0000,0.0000,0.0000,0.5000,"ExtensionBreak",-0.087876
9,B0100,defensive,HABFM,4113.663836,116.625922,60.221250,169.261022,-116.731978,15105.710531,378.830368,21459.043702,-108.567024,-204.091863,-442.163295,24.753613,False,False,False,False,False,True,False,2-circle,-1.000000,1.278743,100.000000,100.000000,0.000000,0.000000,5.440480,-84.583968,7.975375,2,0,3,0.0000,0.0000,0.0000,0.5000,"LeadPursuit",-0.018395
10,A0100,adaptive_eagle,HABFM,4267.910126,117.284745,56.856961,168.226281,-117.395741,15119.315520,377.053822,21413.199789,-229.219568,-381.409001,-470.836150,17.597684,False,False,False,False,False,True,False,2-circle,-1.000000,2.244187,100.000000,100.000000,0.000000,0.000000,7.672797,-82.371368,7.730117,1,0,4,0.0000,0.0000,0.0000,0.5000,"HeadOnBreak",-0.084215
10,B0100,defensive,HABFM,4267.910126,117.284745,56.856961,168.226281,-117.395741,15119.315520,377.053822,21413.199789,-229.219568,-381.409001,-470.836150,17.597684,False,False,False,False,False,True,False,2-circle,-1.000000,2.244187,100.000000,100.000000,0.000000,0.000000,7.672797,-82.371368,7.730117,2,0,3,0.0000,0.0000,0.0000,0.5000,"LeadPursuit",0.005655
11,A0100,adaptive_eagle,HABFM,4430.722737,117.083010,53.459294,166.312504,-117.188180,15132.948138,374.356048,21337.090646,-380.545715,-589.166417,-492.157139,135.933164,False,False,False,False,False,True,False,2-circle,-1.000000,2.687745,100.000000,100.000000,0.000000,0.000000,-2.348849,-92.403518,7.279279,1,0,4,0.0000,0.0000,0.0000,0.5000,"HeadOnBreak",-0.070056
11,B0100,defensive,HABFM,4430.722737,117.083010,53.459294,166.312504,-117.188180,15132.948138,374.356048,21337.090646,-380.545715,-589.166417,-492.157139,135.933164,False,False,False,False,False,True,False,2-circle,-1.000000,2.687745,100.000000,100.000000,0.000000,0.000000,-2.348849,-92.403518,7.279279,2,0,3,0.0000,0.0000,0.0000,0.5000,"LeadPursuit",0.002208
12,A0100,adaptive_eagle,HABFM,4599.681288,117.005239,50.496786,164.465971,-117.082879,15145.413880,372.324913,21282.415696,-273.374747,-605.446244,-508.728498,136.616495,False,False,False,False,False,True,False,2-circle,-1.000000,3.743318,100.000000,100.000000,0.000000,0.000000,-9.309688,-99.388748,6.527259,1,0,4,0.0000,0.0000,0.0000,0.5000,"HeadOnBreak",-0.041693
12,B0100,defensive,HABFM,4599.681288,117.005239,50.496786,164.465971,-117.082879,15145.413880,372.324913,21282.415696,-273.374747,-605.446244,-508.728498,136.616495,False,False,False,False,False,True,False,2-circle,-1.000000,3.743318,100.000000,100.000000,0.000000,0.000000,-9.309688,-99.388748,6.527259,2,0,3,0.0000,0.0000,0.0000,0.5000,"LeadPursuit",-0.013141
13,A0100,adaptive_eagle,HABFM,4773.802415,117.480644,48.679026,163.378696,-117.537301,15156.122254,371.581508,21268.641576,-68.870601,-570.139031,-522.135410,136.856702,False,False,False,False,False,True,False,2-circle,-1.000000,6.971431,100.000000,100.000000,0.000000,0.000000,-2.873266,-93.026908,5.657277,1,0,4,0.0000,0.0000,0.0000,0.5000,"HeadOnBreak",-0.013987
13,B0100,defensive,HABFM,4773.802415,117.480644,48.679026,163.378696,-117.537301,15156.122254,371.581508,21268.641576,-68.870601,-570.139031,-522.135410,136.856702,False,False,False,False,False,True,False,2-circle,-1.000000,6.971431,100.000000,100.000000,0.000000,0.000000,-2.873266,-93.026908,5.657277,2,0,3,0.0000,0.0000,0.0000,0.5000,"LeadPursuit",-0.012696
14,A0100,adaptive_eagle,HABFM,4951.338389,117.946354,48.071958,163.239464,-117.990335,15165.633046,371.094836,21262.151323,-32.451265,-542.014288,-528.225587,25.613110,False,False,False,False,False,True,False,2-circle,-1.000000,12.529542,100.000000,100.000000,0.000000,0.000000,5.624211,-84.665721,5.256385,1,0,4,0.0000,0.0000,0.0000,0.5000,"HeadOnBreak",-0.001618
14,B0100,defensive,HABFM,4951.338389,117.946354,48.071958,163.239464,-117.990335,15165.633046,371.094836,21262.151323,-32.451265,-542.014288,-528.225587,25.613110,False,False,False,False,False,True,False,2-circle,-1.000000,12.529542,100.000000,100.000000,0.000000,0.000000,5.624211,-84.665721,5.256385,2,0,3,0.0000,0.0000,0.0000,0.5000,"LeadPursuit",0.002803
15,A0100,adaptive_eagle,HABFM,5129.580023,117.852367,48.009276,163.440987,-117.891305,15174.687937,369.935095,21233.160225,-144.955490,-533.710895,-526.447205,18.328378,False,False,False,False,False,True,False,2-circle,-1.000000,18.212454,100.000000,100.000000,0.000000,0.000000,7.901125,-82.544915,5.173208,1,8,4,0.0000,0.0000,0.0000,0.5000,"HeadOnBreak",-0.013464
15,B0100,defensive,HABFM,5129.580023,117.852367,48.009276,163.440987,-117.891305,15174.687937,369.935095,21233.160225,-144.955490,-533.710895,-526.447205,18.328378,False,False,False,False,False,True,False,2-circle,-1.000000,18.212454,100.000000,100.000000,0.000000,0.000000,7.901125,-82.544915,5.173208,2,0,3,0.0000,0.0000,0.0000,0.5000,"LeadPursuit",0.024915
16,A0100,adaptive_eagle,HABFM,5306.582692,116.959063,47.396624,162.780741,-116.989735,15183.544350,367.819401,21172.916829,-301.216983,-614.486465,-522.527205,138.139045,False,False,False,False,False,True,False,2-circle,-1.000000,21.426821,100.000000,100.000000,0.000000,0.000000,-1.987460,-92.548259,4.849603,1,8,4,0.0000,0.0000,0.0000,0.5000,"HeadOnBreak",-0.033041
16,B0100,defensive,HABFM,5306.582692,116.959063,47.396624,162.780741,-116.989735,15183.544350,367.819401,21172.916829,-301.216983,-614.486465,-522.527205,138.139045,False,False,False,False,False,True,False,2-circle,-1.000000,21.426821,100.000000,100.000000,0.000000,0.000000,-1.987460,-92.548259,4.849603,2,0,3,0.0000,0.0000,0.0000,0.5000,"LeadPursuit",0.020315
17,A0100,adaptive_eagle,HABFM,5483.371857,116.233156,45.878352,161.222602,-116.247996,15191.091162,366.295068,21130.923678,-209.965755,-755.353148,-526.870166,138.673103,False,False,False,False,False,True,False,2-circle,-1.000000,23.168053,100.000000,100.000000,0.000000,0.000000,-8.791713,-99.446539,4.197385,1,8,4,0.0000,0.0000,0.0000,0.5000,"HeadOnBreak",-0.043622
17,B0100,defensive,HABFM,5483.371857,116.233156,45.878352,161.222602,-116.247996,15191.091162,366.295068,21130.923678,-209.965755,-755.353148,-526.870166,138.673103,False,False,False,False,False,True,False,2-circle,-1.000000,23.168053,100.000000,100.000000,0.000000,0.000000,-8.791713,-99.446539,4.197385,2,0,3,0.0000,0.0000,0.0000,0.5000,"LeadPursuit",0.002376
18,A0100,adaptive_eagle,HABFM,5663.350720,116.144668,43.829392,159.418304,-116.150583,15196.789234,366.021152,21127.741459,-15.911092,-899.951195,-540.314666,138.761077,False,False,False,False,False,True,False,2-circle,-1.000000,25.201899,100.000000,100.000000,0.000000,0.000000,-2.210179,-92.987786,3.411622,1,8,4,0.0000,0.0000,0.0000,0.5000,"HeadOnBreak",-0.037305
18,B0100,defensive,HABFM,5663.350720,116.144668,43.829392,159.418304,-116.150583,15196.789234,366.021152,21127.741459,-15.911092,-899.951195,-540.314666,138.761077,False,False,False,False,False,True,False,2-circle,-1.000000,25.201899,100.000000,100.000000,0.000000,0.000000,-2.210179,-92.987786,3.411622,2,0,3,0.0000,0.0000,0.0000,0.5000,"LeadPursuit",0.001283
19,A0100,adaptive_eagle,HABFM,5847.890279,116.096881,42.029701,157.745407,-116.099033,15201.210335,365.967017,21130.408299,13.334200,-1025.307463,-552.321561,25.175799,False,False,False,False,False,True,False,2-circle,-1.000000,27.537302,100.000000,100.000000,0.000000,0.000000,6.434859,-84.504236,3.068333,1,0,4,0.0000,0.0000,0.0000,0.5000,"HeadOnBreak",-0.027216
19,B0100,defensive,HABFM,5847.890279,116.096881,42.029701,157.745407,-116.099033,15201.210335,365.967017,21130.408299,13.334200,-1025.307463,-552.321561,25.175799,False,False,False,False,False,True,False,2-circle,-1.000000,27.537302,100.000000,100.000000,0.000000,0.000000,6.434859,-84.504236,3.068333,2,0,3,0.0000,0.0000,0.0000,0.5000,"LeadPursuit",0.005147
20,A0100,adaptive_eagle,HABFM,6035.770106,115.916077,40.689607,156.277745,-115.917334,15205.071964,365.790939,21128.565854,-9.212228,-1119.855999,-559.932824,10.107922,False,False,False,False,False,True,False,2-circle,-1.000000,29.792996,100.000000,100.000000,0.000000,0.000000,14.622366,-76.518440,3.385905,1,0,4,0.0000,0.0000,0.0000,0.5000,"HeadOnBreak",-0.014790
20,B0100,defensive,HABFM,6035.770106,115.916077,40.689607,156.277745,-115.917334,15205.071964,365.790939,21128.565854,-9.212228,-1119.855999,-559.932824,10.107922,False,False,False,False,False,True,False,2-circle,-1.000000,29.792996,100.000000,100.000000,0.000000,0.000000,14.622366,-76.518440,3.385905,2,0,3,0.0000,0.0000,0.0000,0.5000,"LeadPursuit",0.017482
21,A0100,adaptive_eagle,HABFM,6225.180422,115.309188,39.954759,154.881851,-115.311816,15209.186144,364.991844,21106.827772,-108.690410,-1189.076138,-559.838323,9.149935,False,False,False,False,False,True,False,2-circle,-1.000000,31.817342,100.000000,100.000000,0.000000,0.000000,16.259467,-75.137592,3.905650,1,0,4,0.0000,0.0000,0.0000,0.5000,"HeadOnBreak",0.007802
21,B0100,defensive,HABFM,6225.180422,115.309188,39.954759,154.881851,-115.311816,15209.186144,364.991844,21106.827772,-108.690410,-1189.076138,-559.838323,9.149935,False,False,False,False,False,True,False,2-circle,-1.000000,31.817342,100.000000,100.000000,0.000000,0.000000,16.259467,-75.137592,3.905650,2,0,3,0.0000,0.0000,0.0000,0.5000,"LeadPursuit",0.040928
22,A0100,adaptive_eagle,HABFM,6412.243284,113.906479,40.350349,153.807427,-113.909584,15213.994540,363.123642,21051.416801,-277.054853,-1242.666405,-546.264210,34.689559,False,False,False,False,False,True,False,2-circle,-1.000000,33.851049,100.000000,100.000000,0.000000,0.000000,5.780705,-85.976632,4.080363,1,0,4,0.0000,0.0000,0.0000,0.5000,"HeadOnBreak",0.015421
22,B0100,defensive,HABFM,6412.243284,113.906479,40.350349,153.807427,-113.909584,15213.994540,363.123642,21051.416801,-277.054853,-1242.666405,-546.264210,34.689559,False,False,False,False,False,True,False,2-circle,-1.000000,33.851049,100.000000,100.000000,0.000000,0.000000,5.780705,-85.976632,4.080363,2,0,3,0.0000,0.0000,0.0000,0.5000,"LeadPursuit",0.038538
23,A0100,adaptive_eagle,HABFM,6593.860937,112.608595,41.109991,153.419715,-112.608205,15218.483261,361.644745,21008.454090,-214.813556,-1255.796296,-531.214371,140.321739,False,False,False,False,False,True,False,2-circle,-1.000000,36.061752,100.000000,100.000000,0.000000,0.000000,-1.225081,-93.544030,3.864590,1,8,4,0.0000,0.0000,0.0000,0.5000,"HeadOnBreak",0.001885
23,B0100,defensive,HABFM,6593.860937,112.608595,41.109991,153.419715,-112.608205,15218.483261,361.644745,21008.454090,-214.813556,-1255.796296,-531.214371,140.321739,False,False,False,False,False,True,False,2-circle,-1.000000,36.061752,100.000000,100.000000,0.000000,0.000000,-1.225081,-93.544030,3.864590,2,0,0,0.0000,0.0000,0.0000,0.5000,"Pursue",0.016606
24,A0100,adaptive_eagle,HABFM,6772.093664,112.055118,41.185433,153.134292,-112.053310,15221.880101,361.419956,21004.655366,-18.993620,-1263.804327,-526.712869,52.107686,False,False,False,False,False,True,False,2-circle,-1.000000,37.000691,100.000000,100.000000,0.000000,0.000000,5.864336,-87.307321,3.485565,1,8,4,0.0000,0.0000,0.0000,0.5000,"HeadOnBreak",-0.017669
24,B0100,defensive,HABFM,6772.093664,112.055118,41.185433,153.134292,-112.053310,15221.880101,361.419956,21004.655366,-18.993620,-1263.804327,-526.712869,52.107686,False,False,False,False,False,True,False,2-circle,-1.000000,37.000691,100.000000,100.000000,0.000000,0.000000,5.864336,-87.307321,3.485565,2,0,0,0.0000,0.0000,0.0000,0.5000,"Pursue",0.012958
25,A0100,adaptive_eagle,HABFM,6950.324041,111.627981,40.295593,151.889408,-111.626172,15224.608123,361.411006,21007.097009,12.208216,-1349.134342,-529.994049,12.427725,False,False,False,False,False,True,False,2-circle,-1.000000,36.001876,100.000000,100.000000,0.000000,0.000000,15.855830,-78.844942,3.493076,1,8,4,0.0000,0.0000,0.0000,0.5000,"HeadOnBreak",-0.029267
25,B0100,defensive,HABFM,6950.324041,111.627981,40.295593,151.889408,-111.626172,15224.608123,361.411006,21007.097009,12.208216,-1349.134342,-529.994049,12.427725,False,False,False,False,False,True,False,2-circle,-1.000000,36.001876,100.000000,100.000000,0.000000,0.000000,15.855830,-78.844942,3.493076,2,0,0,0.0000,0.0000,0.0000,0.5000,"Pursue",0.025838
26,A0100,adaptive_eagle,HABFM,7129.967505,110.790268,38.812758,149.584749,-110.789206,15227.413719,359.185498,20938.906668,-340.951708,-1602.726959,-533.611782,10.386868,False,False,False,False,False,True,False,2-circle,-1.000000,33.415698,100.000000,100.000000,0.000000,0.000000,22.698788,-76.649396,3.785861,1,8,4,0.0000,0.0000,0.0000,0.5000,"HeadOnBreak",-0.024342
26,B0100,defensive,HABFM,7129.967505,110.790268,38.812758,149.584749,-110.789206,15227.413719,359.185498,20938.906668,-340.951708,-1602.726959,-533.611782,10.386868,False,False,False,False,False,True,False,2-circle,-1.000000,33.415698,100.000000,100.000000,0.000000,0.000000,22.698788,-76.649396,3.785861,2,0,0,0.0000,0.0000,0.0000,0.5000,"Pursue",0.051306
27,A0100,adaptive_eagle,HABFM,7309.608818,109.159314,37.557645,146.709026,-109.159097,15230.727196,355.676334,20831.165227,-538.707205,-1905.248835,-529.488961,38.287608,False,False,False,False,False,True,False,2-circle,-1.000000,29.347137,100.000000,100.000000,0.000000,0.000000,144.371424,-86.281779,3.842259,1,3,4,0.0000,0.0000,0.0000,0.5000,"HeadOnBreak",-0.021129
27,B0100,defensive,HABFM,7309.608818,109.159314,37.557645,146.709026,-109.159097,15230.727196,355.676334,20831.165227,-538.707205,-1905.248835,-529.488961,38.287608,False,False,False,False,False,True,False,2-circle,-1.000000,29.347137,100.000000,100.000000,0.000000,0.000000,144.371424,-86.281779,3.842259,2,0,0,0.0000,0.0000,0.0000,0.5000,"Pursue",0.048429
28,A0100,adaptive_eagle,HABFM,7487.468890,107.656661,36.453411,144.109701,-107.655903,15233.651193,352.516473,20735.021663,-480.717819,-2180.795144,-525.452690,143.763952,False,False,False,False,False,True,False,2-circle,-1.000000,24.957509,100.000000,100.000000,0.000000,0.000000,172.147675,-92.732080,3.587121,1,5,4,0.0000,0.0000,0.0000,0.5000,"HeadOnBreak",-0.024127
28,B0100,defensive,HABFM,7487.468890,107.656661,36.453411,144.109701,-107.655903,15233.651193,352.516473,20735.021663,-480.717819,-2180.795144,-525.452690,143.763952,False,False,False,False,False,True,False,2-circle,-1.000000,24.957509,100.000000,100.000000,0.000000,0.000000,172.147675,-92.732080,3.587121,2,0,0,0.0000,0.0000,0.0000,0.5000,"Pursue",0.025571
29,A0100,adaptive_eagle,HABFM,7665.039539,106.878038,35.173641,142.050672,-106.877310,15235.531137,350.564193,20676.135789,-294.429369,-2394.051091,-527.814922,36.560277,False,False,False,False,False,True,False,2-circle,-1.000000,21.325769,100.000000,100.000000,0.000000,0.000000,-178.381156,-86.052754,3.226621,1,5,4,0.0000,0.0000,0.0000,0.5000,"HeadOnBreak",-0.031103
29,B0100,defensive,HABFM,7665.039539,106.878038,35.173641,142.050672,-106.877310,15235.531137,350.564193,20676.135789,-294.429369,-2394.051091,-527.814922,36.560277,False,False,False,False,False,True,False,2-circle,-1.000000,21.325769,100.000000,100.000000,0.000000,0.000000,-178.381156,-86.052754,3.226621,2,0,0,0.0000,0.0000,0.0000,0.5000,"Pursue",0.021609
30,A0100,adaptive_eagle,HABFM,7844.130798,106.229638,33.489193,139.707868,-106.229138,15236.800398,348.833794,20623.827510,-261.541392,-2614.443528,-533.353461,11.340668,False,False,False,False,False,True,False,2-circle,-1.000000,17.685913,100.000000,100.000000,0.000000,0.000000,-168.713128,-77.401363,3.276966,1,6,4,0.0000,0.0000,0.0000,0.5000,"HeadOnBreak",-0.032399
30,B0100,defensive,HABFM,7844.130798,106.229638,33.489193,139.707868,-106.229138,15236.800398,348.833794,20623.827510,-261.541392,-2614.443528,-533.353461,11.340668,False,False,False,False,False,True,False,2-circle,-1.000000,17.685913,100.000000,100.000000,0.000000,0.000000,-168.713128,-77.401363,3.276966,2,0,0,0.0000,0.0000,0.0000,0.5000,"Pursue",0.036934
31,A0100,adaptive_eagle,HABFM,8024.805659,105.140189,31.694034,136.779317,-105.140262,15238.208840,346.533966,20554.437778,-346.948661,-2869.613546,-535.941725,9.467658,False,False,False,False,False,True,False,2-circle,-1.000000,12.001993,100.000000,100.000000,0.000000,0.000000,-165.595164,-74.921728,3.641648,1,7,4,0.0000,0.0000,0.0000,0.5000,"HeadOnBreak",-0.026914
31,B0100,defensive,HABFM,8024.805659,105.140189,31.694034,136.779317,-105.140262,15238.208840,346.533966,20554.437778,-346.948661,-2869.613546,-535.941725,9.467658,False,False,False,False,False,True,False,2-circle,-1.000000,12.001993,100.000000,100.000000,0.000000,0.000000,-165.595164,-74.921728,3.641648,2,0,0,0.0000,0.0000,0.0000,0.5000,"Pursue",0.065748
32,A0100,adaptive_eagle,HABFM,8205.092519,103.250144,30.180667,133.234113,-103.251623,15240.289565,343.235782,20455.804217,-493.167808,-3168.349261,-530.893772,23.738662,False,False,False,False,False,True,False,2-circle,-1.000000,2.108402,100.000000,100.000000,0.000000,0.000000,-173.906358,-83.811241,3.810754,1,8,4,0.0000,0.0000,0.0000,0.5000,"HeadOnBreak",-0.018750
32,B0100,defensive,HABFM,8205.092519,103.250144,30.180667,133.234113,-103.251623,15240.289565,343.235782,20455.804217,-493.167808,-3168.349261,-530.893772,23.738662,False,False,False,False,False,True,False,2-circle,-1.000000,2.108402,100.000000,100.000000,0.000000,0.000000,-173.906358,-83.811241,3.810754,2,0,0,0.0000,0.0000,0.0000,0.5000,"Pursue",0.063576
33,A0100,adaptive_eagle,HABFM,8383.117292,101.481080,29.136273,130.117495,-101.482855,15242.306080,340.268543,20368.035327,-438.844449,-3453.460585,-524.659435,148.700829,False,False,False,False,False,False,False,2-circle,-1.000000,-12.292513,100.000000,100.000000,0.000000,0.000000,-179.225509,-89.689129,3.678023,1,8,4,0.0000,0.0000,0.0000,0.5000,"HeadOnBreak",-0.020920
33,B0100,defensive,HABFM,8383.117292,101.481080,29.136273,130.117495,-101.482855,15242.306080,340.268543,20368.035327,-438.844449,-3453.460585,-524.659435,148.700829,False,False,False,False,False,False,False,2-circle,-1.000000,-12.292513,100.000000,100.000000,0.000000,0.000000,-179.225509,-89.689129,3.678023,2,0,0,0.0000,0.0000,0.0000,0.5000,"Pursue",0.037621
34,A0100,adaptive_eagle,HABFM,8560.065589,100.461156,27.971584,127.676586,-100.462926,15243.596137,338.481123,20315.616228,-262.095494,-3699.840017,-524.789305,21.479396,False,False,False,False,False,False,False,2-circle,-1.000000,-29.701530,100.000000,100.000000,0.000000,0.000000,-172.113164,-83.075308,3.461645,1,8,4,0.0000,0.0000,0.0000,0.5000,"HeadOnBreak",-0.039358
34,B0100,defensive,HABFM,8560.065589,100.461156,27.971584,127.676586,-100.462926,15243.596137,338.481123,20315.616228,-262.095494,-3699.840017,-524.789305,21.479396,False,False,False,False,False,False,False,2-circle,-1.000000,-29.701530,100.000000,100.000000,0.000000,0.000000,-172.113164,-83.075308,3.461645,2,0,0,0.0000,0.0000,0.0000,0.5000,"Pursue",0.046412
35,A0100,adaptive_eagle,HABFM,8737.851435,99.228489,25.681192,124.129954,-99.231083,15244.543666,336.419966,20254.980393,-303.179174,-3939.478944,-527.312787,13.999458,False,False,False,False,False,False,False,2-circle,-1.000000,-47.729630,100.000000,100.000000,0.000000,0.000000,-168.028345,-79.383939,3.397840,1,8,4,0.0000,0.0000,0.0000,0.5000,"HeadOnBreak",-0.054837
35,B0100,defensive,HABFM,8737.851435,99.228489,25.681192,124.129954,-99.231083,15244.543666,336.419966,20254.980393,-303.179174,-3939.478944,-527.312787,13.999458,False,False,False,False,False,False,False,2-circle,-1.000000,-47.729630,100.000000,100.000000,0.000000,0.000000,-168.028345,-79.383939,3.397840,2,0,0,0.0000,0.0000,0.0000,0.5000,"Pursue",0.080500
36,A0100,adaptive_eagle,HABFM,8915.718315,97.156916,22.352725,118.744698,-97.160396,15245.596111,333.320980,20164.149149,-454.156224,-4131.720236,-524.859303,37.812329,False,False,False,False,False,False,False,2-circle,-1.000000,-65.003983,100.000000,100.000000,0.000000,0.000000,-174.348056,-85.995056,3.282488,1,8,4,0.0000,0.0000,0.0000,0.5000,"HeadOnBreak",-0.058580
36,B0100,defensive,HABFM,8915.718315,97.156916,22.352725,118.744698,-97.160396,15245.596111,333.320980,20164.149149,-454.156224,-4131.720236,-524.859303,37.812329,False,False,False,False,False,False,False,2-circle,-1.000000,-65.003983,100.000000,100.000000,0.000000,0.000000,-174.348056,-85.995056,3.282488,2,0,0,0.0000,0.0000,0.0000,0.5000,"Pursue",0.079720
37,A0100,adaptive_eagle,HABFM,9092.443253,95.189878,18.648486,112.979761,-95.190737,15246.227008,330.624394,20085.519210,-393.149692,-4259.631934,-521.985140,152.855038,False,False,False,False,False,False,False,2-circle,-1.000000,-80.754159,100.000000,100.000000,0.000000,0.000000,-178.154407,-90.007060,2.990795,1,8,4,0.0000,0.0000,0.0000,0.5000,"HeadOnBreak",-0.054766
37,B0100,defensive,HABFM,9092.443253,95.189878,18.648486,112.979761,-95.190737,15246.227008,330.624394,20085.519210,-393.149692,-4259.631934,-521.985140,152.855038,False,False,False,False,False,False,False,2-circle,-1.000000,-80.754159,100.000000,100.000000,0.000000,0.000000,-178.154407,-90.007060,2.990795,2,0,0,0.0000,0.0000,0.0000,0.5000,"Pursue",0.053319
38,A0100,adaptive_eagle,HABFM,9268.733248,93.917899,15.069493,107.904151,-93.915861,15246.016785,329.051922,20039.386438,-230.663859,-4333.252737,-521.887654,21.770741,False,False,False,False,False,False,False,2-circle,-1.000000,-95.153170,100.000000,100.000000,0.000000,0.000000,-170.980480,-82.981210,2.711690,1,8,4,0.0000,0.0000,0.0000,0.5000,"HeadOnBreak",-0.049443
38,B0100,defensive,HABFM,9268.733248,93.917899,15.069493,107.904151,-93.915861,15246.016785,329.051922,20039.386438,-230.663859,-4333.252737,-521.887654,21.770741,False,False,False,False,False,False,False,2-circle,-1.000000,-95.153170,100.000000,100.000000,0.000000,0.000000,-170.980480,-82.981210,2.711690,2,0,0,0.0000,0.0000,0.0000,0.5000,"Pursue",0.065549
39,A0100,adaptive_eagle,HABFM,9444.610198,92.391461,11.794715,102.642453,-92.388652,15245.392522,327.200349,19984.969416,-272.085111,-4417.924660,-517.553184,13.987434,False,False,False,False,False,False,False,2-circle,-1.000000,-109.381749,100.000000,100.000000,0.000000,0.000000,-166.965402,-79.094426,2.660892,1,0,4,0.0000,0.0000,0.0000,0.5000,"HeadOnBreak",-0.045119
39,B0100,defensive,HABFM,9444.610198,92.391461,11.794715,102.642453,-92.388652,15245.392522,327.200349,19984.969416,-272.085111,-4417.924660,-517.553184,13.987434,False,False,False,False,False,False,False,2-circle,-1.000000,-109.381749,100.000000,100.000000,0.000000,0.000000,-166.965402,-79.094426,2.660892,2,0,0,0.0000,0.0000,0.0000,0.5000,"Pursue",0.106591
40,A0100,adaptive_eagle,HABFM,9617.576222,90.003520,8.928471,96.332434,-90.000355,15244.833434,324.318371,19901.285733,-418.418414,-4522.438996,-504.532793,32.310757,False,False,False,False,False,False,False,2-circle,-1.000000,-124.741439,100.000000,100.000000,0.000000,0.000000,-172.924092,-85.191524,2.593763,1,0,4,0.0000,0.0000,0.0000,0.5000,"HeadOnBreak",-0.523827
40,B0100,defensive,HABFM,9617.576222,90.003520,8.928471,96.332434,-90.000355,15244.833434,324.318371,19901.285733,-418.418414,-4522.438996,-504.532793,32.310757,False,False,False,False,False,False,False,2-circle,-1.000000,-124.741439,100.000000,100.000000,0.000000,0.000000,-172.924092,-85.191524,2.593763,2,0,0,0.0000,0.0000,0.0000,0.5000,"Pursue",0.107859
41,A0100,adaptive_eagle,UNKNOWN,9785.477497,87.710800,6.868706,89.654777,-87.702218,15243.904913,321.810020,19828.607669,-363.390322,-4560.319797,-489.241733,140.087228,False,False,True,False,False,False,False,1-circle,-1.000000,-140.852083,100.000000,100.000000,0.000000,0.000000,-176.469488,-88.880115,2.351279,1,8,4,0.0000,0.0000,0.0000,0.5000,"HeadOnBreak",-0.344968
41,B0100,defensive,UNKNOWN,9785.477497,87.710800,6.868706,89.654777,-87.702218,15243.904913,321.810020,19828.607669,-363.390322,-4560.319797,-489.241733,140.087228,False,False,True,False,False,False,False,1-circle,-1.000000,-140.852083,100.000000,100.000000,0.000000,0.000000,-176.469488,-88.880115,2.351279,2,0,0,0.0000,0.0000,0.0000,0.5000,"Pursue",0.078083
42,A0100,adaptive_eagle,UNKNOWN,9948.775341,86.121040,6.626465,84.165270,-86.106685,15242.204510,320.400450,19786.832027,-208.878208,-4579.188580,-477.324956,19.508245,False,False,True,False,False,False,False,1-circle,-1.000000,-155.990605,100.000000,100.000000,0.000000,0.000000,-169.444348,-81.975774,2.125561,1,8,4,0.0000,0.0000,0.0000,0.5000,"HeadOnBreak",-0.365094
42,B0100,defensive,UNKNOWN,9948.775341,86.121040,6.626465,84.165270,-86.106685,15242.204510,320.400450,19786.832027,-208.878208,-4579.188580,-477.324956,19.508245,False,False,True,False,False,False,False,1-circle,-1.000000,-155.990605,100.000000,100.000000,0.000000,0.000000,-169.444348,-81.975774,2.125561,2,0,0,0.0000,0.0000,0.0000,0.5000,"Pursue",0.091834
43,A0100,adaptive_eagle,UNKNOWN,10107.984849,84.309717,7.836556,79.017074,-84.293321,15240.119611,318.743893,19737.874708,-244.786595,-4639.466528,-463.155113,13.033597,False,False,True,False,False,False,False,1-circle,-1.000000,-169.447392,100.000000,100.000000,0.000000,0.000000,-165.404965,-78.026966,2.139993,1,8,4,0.0000,0.0000,0.0000,0.5000,"HeadOnBreak",-0.538638
43,B0100,defensive,UNKNOWN,10107.984849,84.309717,7.836556,79.017074,-84.293321,15240.119611,318.743893,19737.874708,-244.786595,-4639.466528,-463.155113,13.033597,False,False,True,False,False,False,False,1-circle,-1.000000,-169.447392,100.000000,100.000000,0.000000,0.000000,-165.404965,-78.026966,2.139993,2,0,0,0.0000,0.0000,0.0000,0.5000,"Pursue",0.141562
44,A0100,adaptive_eagle,UNKNOWN,10261.293184,81.647081,9.681932,73.434106,-81.630049,15238.156890,316.063745,19660.591519,-386.415946,-4764.079812,-442.935261,25.378796,False,False,True,False,False,False,False,1-circle,-1.000000,-180.968612,100.000000,100.000000,0.000000,0.000000,-171.050342,-83.733947,2.152647,1,8,4,0.0000,0.0000,0.0000,0.5000,"HeadOnBreak",-0.516846
44,B0100,defensive,UNKNOWN,10261.293184,81.647081,9.681932,73.434106,-81.630049,15238.156890,316.063745,19660.591519,-386.415946,-4764.079812,-442.935261,25.378796,False,False,True,False,False,False,False,1-circle,-1.000000,-180.968612,100.000000,100.000000,0.000000,0.000000,-171.050342,-83.733947,2.152647,2,0,0,0.0000,0.0000,0.0000,0.5000,"Pursue",0.145075
45,A0100,adaptive_eagle,UNKNOWN,10407.472742,79.086003,11.980232,67.968253,-79.061612,15235.969301,313.710107,19592.783895,-339.038123,-4875.432517,-422.469128,56.830709,False,False,True,False,False,False,False,1-circle,-1.000000,-190.362751,100.000000,100.000000,0.000000,0.000000,-174.454774,-87.172459,1.986628,1,8,4,0.0000,0.0000,0.0000,0.5000,"HeadOnBreak",-0.354811
45,B0100,defensive,UNKNOWN,10407.472742,79.086003,11.980232,67.968253,-79.061612,15235.969301,313.710107,19592.783895,-339.038123,-4875.432517,-422.469128,56.830709,False,False,True,False,False,False,False,1-circle,-1.000000,-190.362751,100.000000,100.000000,0.000000,0.000000,-174.454774,-87.172459,1.986628,2,0,0,0.0000,0.0000,0.0000,0.5000,"Pursue",0.108703
46,A0100,adaptive_eagle,UNKNOWN,10547.242473,77.264792,14.667227,63.113668,-77.233088,15233.147019,312.432519,19554.547525,-191.181850,-4923.420126,-404.961829,16.657735,False,False,True,False,False,False,False,1-circle,-1.000000,-197.370211,100.000000,100.000000,0.000000,0.000000,-167.674171,-80.397968,1.839424,1,8,4,0.0000,0.0000,0.0000,0.5000,"HeadOnBreak",-0.391560
46,B0100,defensive,UNKNOWN,10547.242473,77.264792,14.667227,63.113668,-77.233088,15233.147019,312.432519,19554.547525,-191.181850,-4923.420126,-404.961829,16.657735,False,False,True,False,False,False,False,1-circle,-1.000000,-197.370211,100.000000,100.000000,0.000000,0.000000,-167.674171,-80.397968,1.839424,2,0,0,0.0000,0.0000,0.0000,0.5000,"Pursue",0.124569
47,A0100,adaptive_eagle,UNKNOWN,10680.882629,75.259916,17.572924,58.034292,-75.226717,15230.026023,310.937559,19510.170491,-221.885167,-4971.534851,-384.704407,11.709079,False,False,True,False,False,False,False,1-circle,-1.000000,-202.775062,100.000000,100.000000,0.000000,0.000000,-163.691682,-76.406813,1.940252,1,8,4,0.0000,0.0000,0.0000,0.5000,"HeadOnBreak",-0.578211
47,B0100,defensive,UNKNOWN,10680.882629,75.259916,17.572924,58.034292,-75.226717,15230.026023,310.937559,19510.170491,-221.885167,-4971.534851,-384.704407,11.709079,False,False,True,False,False,False,False,1-circle,-1.000000,-202.775062,100.000000,100.000000,0.000000,0.000000,-163.691682,-76.406813,1.940252,2,0,0,0.0000,0.0000,0.0000,0.5000,"Pursue",0.187724
48,A0100,adaptive_eagle,UNKNOWN,10806.557148,72.407365,20.583027,52.105163,-72.375357,15227.148127,308.428913,19438.506727,-358.318820,-5058.398328,-358.040656,19.724530,False,False,True,False,False,False,False,1-circle,-1.000000,-207.745762,100.000000,100.000000,0.000000,0.000000,-169.058929,-81.768011,2.050139,1,8,4,0.0000,0.0000,0.0000,0.5000,"HeadOnBreak",-0.570146
48,B0100,defensive,UNKNOWN,10806.557148,72.407365,20.583027,52.105163,-72.375357,15227.148127,308.428913,19438.506727,-358.318820,-5058.398328,-358.040656,19.724530,False,False,True,False,False,False,False,1-circle,-1.000000,-207.745762,100.000000,100.000000,0.000000,0.000000,-169.058929,-81.768011,2.050139,2,0,0,0.0000,0.0000,0.0000,0.5000,"Pursue",0.196881
49,A0100,adaptive_eagle,UNKNOWN,10922.880678,69.632600,23.623620,46.266222,-69.593218,15224.252187,306.202251,19375.023593,-317.415669,-5134.797679,-330.950825,32.800186,False,False,True,False,False,False,False,1-circle,-1.000000,-212.764468,100.000000,100.000000,0.000000,0.000000,-172.280625,-84.992893,1.979268,1,0,4,0.0000,0.0000,0.0000,0.5000,"HeadOnBreak",-0.403301
49,B0100,defensive,UNKNOWN,10922.880678,69.632600,23.623620,46.266222,-69.593218,15224.252187,306.202251,19375.023593,-317.415669,-5134.797679,-330.950825,32.800186,False,False,True,False,False,False,False,1-circle,-1.000000,-212.764468,100.000000,100.000000,0.000000,0.000000,-172.280625,-84.992893,1.979268,2,0,0,0.0000,0.0000,0.0000,0.5000,"Pursue",0.153075
50,A0100,adaptive_eagle,UNKNOWN,11030.519290,67.609085,26.926920,40.952195,-67.561515,15220.905445,305.027861,19339.898668,-175.624629,-5146.270499,-305.717309,14.003740,False,False,True,False,False,False,False,1-circle,-1.000000,-218.178249,100.000000,100.000000,0.000000,0.000000,-165.632653,-78.360685,1.929359,1,0,4,0.0000,0.0000,0.0000,0.5000,"HeadOnBreak",-0.432647
50,B0100,defensive,UNKNOWN,11030.519290,67.609085,26.926920,40.952195,-67.561515,15220.905445,305.027861,19339.898668,-175.624629,-5146.270499,-305.717309,14.003740,False,False,True,False,False,False,False,1-circle,-1.000000,-218.178249,100.000000,100.000000,0.000000,0.000000,-165.632653,-78.360685,1.929359,2,0,0,0.0000,0.0000,0.0000,0.5000,"Pursue",0.173787
51,A0100,adaptive_eagle,UNKNOWN,11129.019586,65.427141,30.663154,35.030688,-65.378770,15217.382870,303.662482,19299.583384,-201.576417,-5115.141493,-275.545823,10.346429,False,False,True,False,False,False,False,1-circle,-1.000000,-224.287155,100.000000,100.000000,0.000000,0.000000,-161.596650,-74.356479,2.132230,1,8,4,0.0000,0.0000,0.0000,0.5000,"HeadOnBreak",-0.642567
51,B0100,defensive,UNKNOWN,11129.019586,65.427141,30.663154,35.030688,-65.378770,15217.382870,303.662482,19299.583384,-201.576417,-5115.141493,-275.545823,10.346429,False,False,True,False,False,False,False,1-circle,-1.000000,-224.287155,100.000000,100.000000,0.000000,0.000000,-161.596650,-74.356479,2.132230,2,0,0,0.0000,0.0000,0.0000,0.5000,"Pursue",0.258840
52,A0100,adaptive_eagle,UNKNOWN,11216.655612,62.396854,33.860552,28.742726,-62.352597,15214.264836,301.293468,19233.019474,-332.819551,-5151.819048,-242.793458,15.632619,False,False,True,False,False,False,False,1-circle,-1.000000,-230.289333,100.000000,100.000000,0.000000,0.000000,-166.623483,-79.421856,2.350889,1,8,4,0.0000,0.0000,0.0000,0.5000,"HeadOnBreak",-0.752275
52,B0100,defensive,UNKNOWN,11216.655612,62.396854,33.860552,28.742726,-62.352597,15214.264836,301.293468,19233.019474,-332.819551,-5151.819048,-242.793458,15.632619,False,False,True,False,False,False,False,1-circle,-1.000000,-230.289333,100.000000,100.000000,0.000000,0.000000,-166.623483,-79.421856,2.350889,2,0,0,0.0000,0.0000,0.0000,0.5000,"Pursue",0.315705
53,A0100,adaptive_eagle,UNKNOWN,11293.602408,59.041771,36.306955,22.858368,-58.989995,15211.392250,298.707146,19161.448530,-357.854719,-5254.139918,-212.896306,136.880672,False,False,True,False,False,False,False,1-circle,-1.000000,-235.123023,100.000000,100.000000,0.000000,0.000000,-175.937319,-88.767904,2.136101,1,8,4,0.0000,0.0000,0.0000,0.5000,"HeadOnBreak",-0.659410
53,B0100,defensive,UNKNOWN,11293.602408,59.041771,36.306955,22.858368,-58.989995,15211.392250,298.707146,19161.448530,-357.854719,-5254.139918,-212.896306,136.880672,False,False,True,False,False,False,False,1-circle,-1.000000,-235.123023,100.000000,100.000000,0.000000,0.000000,-175.937319,-88.767904,2.136101,2,1,1,0.0000,0.0000,0.0000,0.5000,"Pursue",0.298782
54,A0100,adaptive_eagle,UNKNOWN,11360.900841,56.175563,38.728042,17.482529,-56.096100,15207.778254,296.900833,19110.206177,-256.211763,-5327.494852,-185.531971,169.660357,False,False,True,False,False,False,False,1-circle,-1.000000,-237.971650,100.000000,100.000000,0.000000,0.000000,-179.885911,-92.732335,1.460796,1,8,4,0.0000,0.0000,0.0000,0.5000,"HeadOnBreak",-0.496544
54,B0100,defensive,UNKNOWN,11360.900841,56.175563,38.728042,17.482529,-56.096100,15207.778254,296.900833,19110.206177,-256.211763,-5327.494852,-185.531971,169.660357,False,False,True,False,False,False,False,1-circle,-1.000000,-237.971650,100.000000,100.000000,0.000000,0.000000,-179.885911,-92.732335,1.460796,2,1,1,0.0000,0.0000,0.0000,0.5000,"Pursue",0.245009
55,A0100,adaptive_eagle,UNKNOWN,11419.238547,54.010198,41.302271,12.708292,-53.901665,15203.025050,296.049121,19083.095500,-135.553387,-5346.148746,-159.971076,39.391374,False,False,True,False,False,False,False,1-circle,-1.000000,-238.703593,100.000000,100.000000,0.000000,0.000000,-172.844210,-85.688385,0.750659,1,8,4,0.0000,0.0000,0.0000,0.5000,"HeadOnBreak",-0.479847
55,B0100,defensive,UNKNOWN,11419.238547,54.010198,41.302271,12.708292,-53.901665,15203.025050,296.049121,19083.095500,-135.553387,-5346.148746,-159.971076,39.391374,False,False,True,False,False,False,False,1-circle,-1.000000,-238.703593,100.000000,100.000000,0.000000,0.000000,-172.844210,-85.688385,0.750659,2,1,1,0.0000,0.0000,0.0000,0.5000,"Pursue",0.250502
56,A0100,adaptive_eagle,UNKNOWN,11468.908997,51.936759,43.948451,8.002876,-51.807585,15197.478072,295.321910,19058.510025,-122.927375,-5353.122936,-133.891625,12.520120,False,False,True,False,False,False,False,1-circle,-1.000000,-238.205895,100.000000,100.000000,0.000000,0.000000,-163.789709,-76.623867,0.557502,1,8,4,0.0000,0.0000,0.0000,0.5000,"HeadOnBreak",-0.609099
56,B0100,defensive,UNKNOWN,11468.908997,51.936759,43.948451,8.002876,-51.807585,15197.478072,295.321910,19058.510025,-122.927375,-5353.122936,-133.891625,12.520120,False,False,True,False,False,False,False,1-circle,-1.000000,-238.205895,100.000000,100.000000,0.000000,0.000000,-163.789709,-76.623867,0.557502,2,1,1,0.0000,0.0000,0.0000,0.5000,"Pursue",0.328651
57,A0100,adaptive_eagle,UNKNOWN,11509.456118,49.402365,46.608767,2.838621,-49.271336,15191.743796,294.005161,19018.422219,-200.439032,-5382.722024,-105.547246,9.600712,False,False,True,False,False,False,False,1-circle,-1.000000,-237.769091,100.000000,100.000000,0.000000,0.000000,-159.867713,-72.699614,0.879578,1,0,4,0.0000,0.0000,0.0000,0.5000,"HeadOnBreak",-0.845683
57,B0100,defensive,UNKNOWN,11509.456118,49.402365,46.608767,2.838621,-49.271336,15191.743796,294.005161,19018.422219,-200.439032,-5382.722024,-105.547246,9.600712,False,False,True,False,False,False,False,1-circle,-1.000000,-237.769091,100.000000,100.000000,0.000000,0.000000,-159.867713,-72.699614,0.879578,2,1,1,0.0000,0.0000,0.0000,0.5000,"Pursue",0.480546
58,A0100,adaptive_eagle,UNKNOWN,11539.697608,46.058782,49.530409,3.479591,-45.934429,15186.488911,291.753329,18954.773549,-318.243347,-5426.515728,-72.058042,14.321131,False,False,True,False,False,False,False,1-circle,-1.000000,-238.787473,100.000000,100.000000,0.000000,0.000000,-165.264169,-78.119152,1.230910,1,0,4,0.0000,0.0000,0.0000,0.5000,"HeadOnBreak",-0.846780
58,B0100,defensive,UNKNOWN,11539.697608,46.058782,49.530409,3.479591,-45.934429,15186.488911,291.753329,18954.773549,-318.243347,-5426.515728,-72.058042,14.321131,False,False,True,False,False,False,False,1-circle,-1.000000,-238.787473,100.000000,100.000000,0.000000,0.000000,-165.264169,-78.119152,1.230910,2,1,1,0.0000,0.0000,0.0000,0.5000,"Pursue",0.527651
59,A0100,adaptive_eagle,OBFM,11557.863105,42.834143,52.921742,10.105053,-42.693994,15181.531721,289.800089,18899.529162,-276.221938,-5410.716356,-35.224364,21.212709,False,False,True,False,False,False,False,1-circle,-1.000000,-241.044515,100.000000,100.000000,0.000000,0.000000,-168.960972,-81.863444,1.375956,2,8,4,0.0000,0.0000,0.0000,0.5000,"LeadPursuit",-0.667995
59,B0100,defensive,OBFM,11557.863105,42.834143,52.921742,10.105053,-42.693994,15181.531721,289.800089,18899.529162,-276.221938,-5410.716356,-35.224364,21.212709,False,False,True,False,False,False,False,1-circle,-1.000000,-241.044515,100.000000,100.000000,0.000000,0.000000,-168.960972,-81.863444,1.375956,2,1,1,0.0000,0.0000,0.0000,0.5000,"Pursue",0.450624
60,A0100,adaptive_eagle,OBFM,11564.410565,40.383303,55.789736,15.478208,-40.221707,15176.342395,288.855539,18870.143073,-146.930446,-5383.217099,-4.844104,12.261534,False,False,True,False,False,False,False,1-circle,-1.000000,-242.537778,100.000000,100.000000,0.000000,0.000000,-163.113527,-76.063709,1.497121,2,8,4,0.0000,0.0000,0.0000,0.5000,"LeadPursuit",-0.748088
60,B0100,defensive,OBFM,11564.410565,40.383303,55.789736,15.478208,-40.221707,15176.342395,288.855539,18870.143073,-146.930446,-5383.217099,-4.844104,12.261534,False,False,True,False,False,False,False,1-circle,-1.000000,-242.537778,100.000000,100.000000,0.000000,0.000000,-163.113527,-76.063709,1.497121,2,1,1,0.0000,0.0000,0.0000,0.5000,"Pursue",0.520093
61,A0100,adaptive_eagle,OBFM,11561.923418,37.825424,57.872573,20.161248,-37.659573,15171.060976,287.775139,18837.281666,-164.307032,-5419.476181,19.343898,9.429506,False,False,True,False,False,False,False,1-circle,-1.000000,-242.472500,100.000000,100.000000,0.000000,0.000000,-159.067343,-72.054199,1.795936,2,8,4,0.0000,0.0000,0.0000,0.5000,"LeadPursuit",-1.070484
61,B0100,defensive,OBFM,11561.923418,37.825424,57.872573,20.161248,-37.659573,15171.060976,287.775139,18837.281666,-164.307032,-5419.476181,19.343898,9.429506,False,False,True,False,False,False,False,1-circle,-1.000000,-242.472500,100.000000,100.000000,0.000000,0.000000,-159.067343,-72.054199,1.795936,2,1,1,0.0000,0.0000,0.0000,0.5000,"Pursue",0.786219
62,A0100,adaptive_eagle,OBFM,11551.208593,34.430767,59.897764,25.590394,-34.275959,15166.276280,285.726835,18780.492393,-283.946364,-5497.604429,44.747916,12.637486,False,False,True,False,False,False,False,1-circle,-1.000000,-241.606426,100.000000,100.000000,0.000000,0.000000,-163.300685,-76.322580,2.102976,2,8,4,0.0000,0.0000,0.0000,0.5000,"LeadPursuit",-1.292133
62,B0100,defensive,OBFM,11551.208593,34.430767,59.897764,25.590394,-34.275959,15166.276280,285.726835,18780.492393,-283.946364,-5497.604429,44.747916,12.637486,False,False,True,False,False,False,False,1-circle,-1.000000,-241.606426,100.000000,100.000000,0.000000,0.000000,-163.300685,-76.322580,2.102976,2,1,1,0.0000,0.0000,0.0000,0.5000,"Pursue",1.037262
63,A0100,adaptive_eagle,OBFM,11531.587872,30.686215,62.068788,31.535871,-30.517843,15161.991781,283.405701,18717.725437,-313.834785,-5569.042247,71.371326,33.748927,False,False,True,False,False,False,False,1-circle,-1.000000,-240.156615,100.000000,100.000000,0.000000,0.000000,-171.692549,-84.751785,2.049921,2,8,4,0.0000,0.0000,0.0000,0.5000,"LeadPursuit",-1.238884
63,B0100,defensive,OBFM,11531.587872,30.686215,62.068788,31.535871,-30.517843,15161.991781,283.405701,18717.725437,-313.834785,-5569.042247,71.371326,33.748927,False,False,True,False,False,False,False,1-circle,-1.000000,-240.156615,100.000000,100.000000,0.000000,0.000000,-171.692549,-84.751785,2.049921,2,1,1,0.0000,0.0000,0.0000,0.5000,"Pursue",1.098414
64,A0100,adaptive_eagle,OBFM,11503.131442,27.435823,64.296690,37.094184,-27.202409,15157.371897,281.799211,18672.908331,-224.085526,-5606.495325,96.705680,119.617562,False,False,True,False,False,False,False,1-circle,-1.000000,-237.766421,100.000000,100.000000,0.000000,0.000000,-175.412569,-88.507137,1.613224,2,8,4,0.0000,0.0000,0.0000,0.5000,"LeadPursuit",-1.032460
64,B0100,defensive,OBFM,11503.131442,27.435823,64.296690,37.094184,-27.202409,15157.371897,281.799211,18672.908331,-224.085526,-5606.495325,96.705680,119.617562,False,False,True,False,False,False,False,1-circle,-1.000000,-237.766421,100.000000,100.000000,0.000000,0.000000,-175.412569,-88.507137,1.613224,2,2,3,0.0000,0.0000,0.0000,0.5000,"Pursue",1.014035
65,A0100,adaptive_eagle,OBFM,11466.055774,24.917113,66.869969,42.269940,-24.606255,15151.962111,281.105806,18650.218922,-113.447049,-5577.994316,123.383197,22.351230,False,False,True,False,False,False,False,1-circle,-1.000000,-234.508765,100.000000,100.000000,0.000000,0.000000,-168.912652,-82.040630,1.172928,2,8,4,0.0000,0.0000,0.0000,0.5000,"LeadPursuit",-1.055415
65,B0100,defensive,OBFM,11466.055774,24.917113,66.869969,42.269940,-24.606255,15151.962111,281.105806,18650.218922,-113.447049,-5577.994316,123.383197,22.351230,False,False,True,False,False,False,False,1-circle,-1.000000,-234.508765,100.000000,100.000000,0.000000,0.000000,-168.912652,-82.040630,1.172928,2,2,3,0.0000,0.0000,0.0000,0.5000,"Pursue",1.118482
66,A0100,adaptive_eagle,OBFM,11419.669179,22.534164,69.544419,47.408584,-22.159322,15145.979504,280.567884,18630.860657,-96.791325,-5527.246255,150.502492,10.408022,False,False,True,False,False,False,False,1-circle,-1.000000,-230.367918,100.000000,100.000000,0.000000,0.000000,-160.097624,-73.256396,1.193081,2,8,4,0.0000,0.0000,0.0000,0.5000,"LeadPursuit",-1.431959
66,B0100,defensive,OBFM,11419.669179,22.534164,69.544419,47.408584,-22.159322,15145.979504,280.567884,18630.860657,-96.791325,-5527.246255,150.502492,10.408022,False,False,True,False,False,False,False,1-circle,-1.000000,-230.367918,100.000000,100.000000,0.000000,0.000000,-160.097624,-73.256396,1.193081,2,2,3,0.0000,0.0000,0.0000,0.5000,"Pursue",1.596526
67,A0100,adaptive_eagle,OBFM,11364.764700,19.665453,71.704745,52.466214,-19.274815,15139.988765,279.440708,18596.925292,-169.676822,-5534.383697,173.172614,8.193810,False,False,True,False,False,False,False,1-circle,-1.000000,-225.293092,100.000000,100.000000,0.000000,0.000000,-155.823782,-69.009622,1.679899,2,8,4,0.0000,0.0000,0.0000,0.5000,"LeadPursuit",-2.165129
67,B0100,defensive,OBFM,11364.764700,19.665453,71.704745,52.466214,-19.274815,15139.988765,279.440708,18596.925292,-169.676822,-5534.383697,173.172614,8.193810,False,False,True,False,False,False,False,1-circle,-1.000000,-225.293092,100.000000,100.000000,0.000000,0.000000,-155.823782,-69.009622,1.679899,2,2,3,0.0000,0.0000,0.0000,0.5000,"Pursue",2.619189
68,A0100,adaptive_eagle,OBFM,11302.726739,15.992779,73.681511,58.095980,-15.615470,15134.731418,277.411383,18541.641052,-276.421203,-5588.412393,193.874920,10.648066,False,False,True,False,False,False,False,1-circle,-1.000000,-220.213579,100.000000,100.000000,0.000000,0.000000,-160.216790,-73.439659,2.218206,2,8,4,0.0000,0.0000,0.0000,0.5000,"LeadPursuit",-2.948357
68,B0100,defensive,OBFM,11302.726739,15.992779,73.681511,58.095980,-15.615470,15134.731418,277.411383,18541.641052,-276.421203,-5588.412393,193.874920,10.648066,False,False,True,False,False,False,False,1-circle,-1.000000,-220.213579,100.000000,100.000000,0.000000,0.000000,-160.216790,-73.439659,2.218206,2,2,3,0.0000,0.0000,0.0000,0.5000,"Pursue",3.968428
69,A0100,adaptive_eagle,OBFM,11233.789078,12.092042,75.703971,64.077270,-11.647418,15130.246358,275.203422,18483.139538,-292.507570,-5643.382931,213.755437,22.746748,False,False,True,False,False,False,False,1-circle,-1.000000,-215.580671,100.000000,100.000000,0.000000,0.000000,-168.735183,-82.013983,2.395980,2,8,4,0.0000,0.0000,0.0000,0.5000,"LeadPursuit",-3.492470
69,B0100,defensive,OBFM,11233.789078,12.092042,75.703971,64.077270,-11.647418,15130.246358,275.203422,18483.139538,-292.507570,-5643.382931,213.755437,22.746748,False,False,True,False,False,False,False,1-circle,-1.000000,-215.580671,100.000000,100.000000,0.000000,0.000000,-168.735183,-82.013983,2.395980,2,3,3,0.0000,0.0000,0.0000,0.5000,"Pursue",5.173064
70,A0100,adaptive_eagle,OBFM,11158.043884,8.821443,78.052961,69.965879,-8.101511,15125.696526,273.682154,18441.623944,-207.577966,-5643.500945,235.256683,45.985747,False,False,True,False,False,False,False,1-circle,-1.000000,-211.074051,100.000000,100.000000,0.000000,0.000000,-172.657715,-86.008679,2.171750,2,8,4,0.0000,0.0000,0.0000,0.5000,"LeadPursuit",-3.832023
70,B0100,defensive,OBFM,11158.043884,8.821443,78.052961,69.965879,-8.101511,15125.696526,273.682154,18441.623944,-207.577966,-5643.500945,235.256683,45.985747,False,False,True,False,False,False,False,1-circle,-1.000000,-211.074051,100.000000,100.000000,0.000000,0.000000,-172.657715,-86.008679,2.171750,2,3,3,0.0000,0.0000,0.0000,0.5000,"Pursue",5.904541
71,A0100,adaptive_eagle,OBFM,11074.739597,6.488453,80.504895,75.248124,-5.278730,15120.556764,273.051697,18421.224572,-101.996864,-5595.556852,257.110272,18.128160,False,False,True,False,False,False,False,1-circle,-1.000000,-205.949884,100.000000,100.000000,0.000000,0.000000,-166.511485,-79.939933,1.954375,2,8,4,0.0000,0.0000,0.0000,0.5000,"LeadPursuit",-5.360705
71,B0100,defensive,OBFM,11074.739597,6.488453,80.504895,75.248124,-5.278730,15120.556764,273.051697,18421.224572,-101.996864,-5595.556852,257.110272,18.128160,False,False,True,False,False,False,False,1-circle,-1.000000,-205.949884,100.000000,100.000000,0.000000,0.000000,-166.511485,-79.939933,1.954375,2,3,3,0.0000,0.0000,0.0000,0.5000,"Pursue",7.713501
72,A0100,adaptive_eagle,OBFM,10984.777078,4.674240,82.438345,79.856509,-2.617500,15114.975836,272.574291,18404.111896,-85.563378,-5578.265848,273.890217,9.463511,False,False,True,False,False,False,False,1-circle,-1.000000,-199.714609,100.000000,100.000000,0.000000,0.000000,-157.696759,-71.199000,2.171347,2,8,4,0.0000,0.0000,0.0000,0.5000,"LeadPursuit",-5.902587
72,B0100,defensive,OBFM,10984.777078,4.674240,82.438345,79.856509,-2.617500,15114.975836,272.574291,18404.111896,-85.563378,-5578.265848,273.890217,9.463511,False,False,True,False,False,False,False,1-circle,-1.000000,-199.714609,100.000000,100.000000,0.000000,0.000000,-157.696759,-71.199000,2.171347,2,4,3,0.0000,0.0000,0.0000,0.5000,"Pursue",6.825925
73,A0100,adaptive_eagle,OBFM,10889.761724,3.739459,84.185733,84.286389,0.063352,15109.403725,271.995182,18384.578504,-97.666960,-5578.192130,288.332151,6.375545,False,False,True,False,False,False,False,1-circle,1.000000,-192.957585,100.000000,100.000000,0.000000,0.000000,-149.558702,-63.141010,2.952419,2,8,4,0.0000,0.0000,0.0000,0.5000,"LeadPursuit",5.056092
73,B0100,defensive,OBFM,10889.761724,3.739459,84.185733,84.286389,0.063352,15109.403725,271.995182,18384.578504,-97.666960,-5578.192130,288.332151,6.375545,False,False,True,False,False,False,False,1-circle,1.000000,-192.957585,100.000000,100.000000,0.000000,0.000000,-149.558702,-63.141010,2.952419,2,4,3,0.0000,0.0000,0.0000,0.5000,"Pursue",-5.534311
74,A0100,adaptive_eagle,OBFM,10789.473719,4.303945,86.326017,88.713041,2.349790,15104.118696,271.817312,18375.011293,-47.836054,-5528.665083,306.018558,4.621021,False,False,True,False,False,False,False,1-circle,1.000000,-186.245972,100.000000,100.000000,0.000000,0.000000,-141.357574,-55.038304,4.252756,2,8,4,0.0000,0.0000,0.0000,0.5000,"LeadPursuit",4.789966
74,B0100,defensive,OBFM,10789.473719,4.303945,86.326017,88.713041,2.349790,15104.118696,271.817312,18375.011293,-47.836054,-5528.665083,306.018558,4.621021,False,False,True,False,False,False,False,1-circle,1.000000,-186.245972,100.000000,100.000000,0.000000,0.000000,-141.357574,-55.038304,4.252756,2,4,3,0.0000,0.0000,0.0000,0.5000,"Pursue",-6.418331
75,A0100,adaptive_eagle,OBFM,10682.833818,5.562674,88.558156,92.978938,4.368711,15099.004529,271.846140,18370.590982,-22.101555,-5456.356654,324.290356,3.338831,False,False,True,False,False,False,False,2-circle,1.000000,-179.090344,100.000000,100.000000,0.000000,0.000000,-132.150425,-45.940444,5.971896,2,8,4,0.0000,0.0000,0.0000,0.5000,"LeadPursuit",3.398012
75,B0100,defensive,OBFM,10682.833818,5.562674,88.558156,92.978938,4.368711,15099.004529,271.846140,18370.590982,-22.101555,-5456.356654,324.290356,3.338831,False,False,True,False,False,False,False,2-circle,1.000000,-179.090344,100.000000,100.000000,0.000000,0.000000,-132.150425,-45.940444,5.971896,2,4,3,0.0000,0.0000,0.0000,0.5000,"Pursue",-5.017022
76,A0100,adaptive_eagle,OBFM,10570.796320,7.071495,90.266526,96.696824,6.362721,15094.354723,271.633726,18360.830481,-48.802509,-5428.475335,337.435648,2.519685,False,False,True,False,False,False,False,2-circle,1.000000,-171.155902,100.000000,100.000000,0.000000,0.000000,-124.021426,-37.925857,7.868124,2,8,4,0.0000,0.0000,0.0000,0.5000,"LeadPursuit",2.571711
76,B0100,defensive,OBFM,10570.796320,7.071495,90.266526,96.696824,6.362721,15094.354723,271.633726,18360.830481,-48.802509,-5428.475335,337.435648,2.519685,False,False,True,False,False,False,False,2-circle,1.000000,-171.155902,100.000000,100.000000,0.000000,0.000000,-124.021426,-37.925857,7.868124,2,5,3,0.0000,0.0000,0.0000,0.5000,"Pursue",-4.089994
77,A0100,adaptive_eagle,OBFM,10454.651818,8.695836,91.816624,100.171948,8.284633,15090.479852,272.344285,18374.067319,66.184192,-5378.649094,349.991640,2.011917,False,False,True,False,False,False,False,2-circle,1.000000,-162.946682,100.000000,100.000000,0.000000,0.000000,-117.915363,-31.952789,9.270222,2,8,4,0.0000,0.0000,0.0000,0.5000,"LeadPursuit",1.840902
77,B0100,defensive,OBFM,10454.651818,8.695836,91.816624,100.171948,8.284633,15090.479852,272.344285,18374.067319,66.184192,-5378.649094,349.991640,2.011917,False,False,True,False,False,False,False,2-circle,1.000000,-162.946682,100.000000,100.000000,0.000000,0.000000,-117.915363,-31.952789,9.270222,2,5,3,0.0000,0.0000,0.0000,0.5000,"Pursue",-2.938079
78,A0100,adaptive_eagle,OBFM,10334.261160,10.197844,93.449952,103.415625,9.894111,15087.170267,272.532656,18375.301598,6.171396,-5340.558380,362.438857,1.671699,False,False,True,False,False,False,False,2-circle,1.000000,-154.578020,100.000000,100.000000,0.000000,0.000000,-113.213496,-27.410096,8.249687,2,8,4,0.0000,0.0000,0.0000,0.5000,"LeadPursuit",1.382661
78,B0100,defensive,OBFM,10334.261160,10.197844,93.449952,103.415625,9.894111,15087.170267,272.532656,18375.301598,6.171396,-5340.558380,362.438857,1.671699,False,False,True,False,False,False,False,2-circle,1.000000,-154.578020,100.000000,100.000000,0.000000,0.000000,-113.213496,-27.410096,8.249687,2,5,3,0.0000,0.0000,0.0000,0.5000,"Pursue",-2.202213
79,A0100,adaptive_eagle,OBFM,10209.530072,11.544403,95.097542,106.404988,11.233525,15083.774433,273.400203,18392.873154,87.857782,-5277.611534,375.708406,1.326886,False,False,True,False,False,False,False,2-circle,1.000000,-145.913595,100.000000,100.000000,0.000000,0.000000,-108.049141,-22.433915,6.026045,2,8,4,0.0000,0.0000,0.0000,0.5000,"LeadPursuit",1.142010
79,B0100,defensive,OBFM,10209.530072,11.544403,95.097542,106.404988,11.233525,15083.774433,273.400203,18392.873154,87.857782,-5277.611534,375.708406,1.326886,False,False,True,False,False,False,False,2-circle,1.000000,-145.913595,100.000000,100.000000,0.000000,0.000000,-108.049141,-22.433915,6.026045,2,5,3,0.0000,0.0000,0.0000,0.5000,"Pursue",-1.855758
80,A0100,adaptive_eagle,OBFM,10079.900830,12.791540,97.090172,109.538646,12.370688,15079.490693,274.823170,18423.124808,151.258266,-5166.350045,392.291081,0.868153,False,False,True,False,False,False,False,2-circle,1.000000,-136.665497,100.000000,100.000000,0.000000,0.000000,-100.587173,-15.188384,3.303037,2,8,4,0.0000,0.0000,0.0000,0.5000,"LeadPursuit",1.083670
80,B0100,defensive,OBFM,10079.900830,12.791540,97.090172,109.538646,12.370688,15079.490693,274.823170,18423.124808,151.258266,-5166.350045,392.291081,0.868153,False,False,True,False,False,False,False,2-circle,1.000000,-136.665497,100.000000,100.000000,0.000000,0.000000,-100.587173,-15.188384,3.303037,2,5,3,0.0000,0.0000,0.0000,0.5000,"Pursue",-1.746790
81,A0100,adaptive_eagle,OBFM,9944.221138,14.084319,99.224464,112.748295,13.432620,15073.481942,276.638999,18461.446565,191.608786,-5023.801046,410.039649,0.274135,False,False,True,False,False,False,False,2-circle,1.000000,-125.793177,100.000000,100.000000,0.000000,0.000000,-90.114984,-4.930469,0.302693,2,8,4,0.0000,0.0000,0.0000,0.5000,"LeadPursuit",1.158084
81,B0100,defensive,OBFM,9944.221138,14.084319,99.224464,112.748295,13.432620,15073.481942,276.638999,18461.446565,191.608786,-5023.801046,410.039649,0.274135,False,False,True,False,False,False,False,2-circle,1.000000,-125.793177,100.000000,100.000000,0.000000,0.000000,-90.114984,-4.930469,0.302693,2,5,3,0.0000,0.0000,0.0000,0.5000,"Pursue",-1.716383
82,A0100,adaptive_eagle,HABFM,9803.184871,15.618569,100.848603,115.551680,14.597772,15064.933201,278.677134,18503.003311,207.783729,-4906.899082,423.226670,0.463633,False,False,True,False,False,False,False,2-circle,1.000000,-111.841703,100.000000,100.000000,0.000000,0.000000,-76.680736,8.358274,-2.908978,2,8,3,0.0000,0.0000,0.0000,0.5000,"LeadPursuit",1.249687
82,B0100,defensive,HABFM,9803.184871,15.618569,100.848603,115.551680,14.597772,15064.933201,278.677134,18503.003311,207.783729,-4906.899082,423.226670,0.463633,False,False,True,False,False,False,False,2-circle,1.000000,-111.841703,100.000000,100.000000,0.000000,0.000000,-76.680736,8.358274,-2.908978,2,5,3,0.0000,0.0000,0.0000,0.5000,"Pursue",-1.733699
83,A0100,adaptive_eagle,HABFM,9658.282852,17.401930,102.284593,118.357302,15.987136,15053.316993,280.633562,18539.829879,184.132841,-4804.334133,434.012641,1.398236,False,False,True,False,False,False,False,2-circle,1.000000,-94.395253,100.000000,100.000000,0.000000,0.000000,-60.983324,24.038640,-5.576422,2,8,3,0.0000,0.0000,0.0000,0.5000,"LeadPursuit",1.090810
83,B0100,defensive,HABFM,9658.282852,17.401930,102.284593,118.357302,15.987136,15053.316993,280.633562,18539.829879,184.132841,-4804.334133,434.012641,1.398236,False,False,True,False,False,False,False,2-circle,1.000000,-94.395253,100.000000,100.000000,0.000000,0.000000,-60.983324,24.038640,-5.576422,2,6,3,0.0000,0.0000,0.0000,0.5000,"Pursue",-1.483095
84,A0100,adaptive_eagle,HABFM,9509.765922,19.015170,103.780117,121.200530,17.393832,15039.121383,282.194879,18564.536914,123.535177,-4709.018504,444.683311,2.653789,False,False,True,False,False,False,False,2-circle,1.000000,-74.300257,100.000000,100.000000,0.000000,0.000000,-44.773182,40.396099,-4.576989,2,8,3,0.0000,0.0000,0.0000,0.5000,"LeadPursuit",0.773107
84,B0100,defensive,HABFM,9509.765922,19.015170,103.780117,121.200530,17.393832,15039.121383,282.194879,18564.536914,123.535177,-4709.018504,444.683311,2.653789,False,False,True,False,False,False,False,2-circle,1.000000,-74.300257,100.000000,100.000000,0.000000,0.000000,-44.773182,40.396099,-4.576989,2,6,3,0.0000,0.0000,0.0000,0.5000,"Pursue",-1.130033
85,A0100,adaptive_eagle,HABFM,9357.235515,20.099200,105.625366,124.050500,18.469967,15023.507374,283.968790,18593.384607,144.238462,-4576.576991,458.943926,4.574560,False,False,True,False,False,False,False,2-circle,1.000000,-53.178451,100.000000,100.000000,0.000000,0.000000,-29.626924,55.872313,-1.190158,2,8,3,0.0000,0.0000,0.0000,0.5000,"LeadPursuit",0.300747
85,B0100,defensive,HABFM,9357.235515,20.099200,105.625366,124.050500,18.469967,15023.507374,283.968790,18593.384607,144.238462,-4576.576991,458.943926,4.574560,False,False,True,False,False,False,False,2-circle,1.000000,-53.178451,100.000000,100.000000,0.000000,0.000000,-29.626924,55.872313,-1.190158,2,6,3,0.0000,0.0000,0.0000,0.5000,"Pursue",-0.619506
86,A0100,adaptive_eagle,HABFM,9199.440762,20.309732,107.618994,126.331525,18.771870,15007.442904,284.908310,18600.981321,37.983570,-4459.737269,474.885667,6.795071,False,False,True,False,False,False,False,2-circle,1.000000,-31.772777,100.000000,100.000000,0.000000,0.000000,-20.634103,65.537989,0.719966,2,8,3,0.0000,0.0000,0.0000,0.5000,"LeadPursuit",-0.021245
86,B0100,defensive,HABFM,9199.440762,20.309732,107.618994,126.331525,18.771870,15007.442904,284.908310,18600.981321,37.983570,-4459.737269,474.885667,6.795071,False,False,True,False,False,False,False,2-circle,1.000000,-31.772777,100.000000,100.000000,0.000000,0.000000,-20.634103,65.537989,0.719966,2,6,3,0.0000,0.0000,0.0000,0.5000,"Pursue",-0.193504
87,A0100,adaptive_eagle,HABFM,9036.781775,19.974143,109.111962,127.614785,18.537657,14991.703903,285.158000,18591.543725,-47.187978,-4405.163927,487.325039,7.537691,False,False,True,False,False,False,False,2-circle,1.000000,-10.208099,100.000000,100.000000,0.000000,0.000000,-20.190755,67.713564,1.213061,2,8,3,0.0000,0.0000,0.0000,0.5000,"LeadPursuit",0.002354
87,B0100,defensive,HABFM,9036.781775,19.974143,109.111962,127.614785,18.537657,14991.703903,285.158000,18591.543725,-47.187978,-4405.163927,487.325039,7.537691,False,False,True,False,False,False,False,2-circle,1.000000,-10.208099,100.000000,100.000000,0.000000,0.000000,-20.190755,67.713564,1.213061,2,6,3,0.0000,0.0000,0.0000,0.5000,"Pursue",-0.191300
88,A0100,adaptive_eagle,HABFM,8870.434489,19.698080,110.431674,128.739602,18.338972,14976.226376,285.376728,18581.590784,-49.764707,-4365.809560,498.239189,7.536754,False,False,True,False,False,True,False,2-circle,1.000000,11.486900,100.000000,100.000000,0.000000,0.000000,-29.721927,67.721406,1.247404,2,8,3,0.0000,0.0000,0.0000,0.5000,"LeadPursuit",-0.039092
88,B0100,defensive,HABFM,8870.434489,19.698080,110.431674,128.739602,18.338972,14976.226376,285.376728,18581.590784,-49.764707,-4365.809560,498.239189,7.536754,False,False,True,False,False,True,False,2-circle,1.000000,11.486900,100.000000,100.000000,0.000000,0.000000,-29.721927,67.721406,1.247404,2,6,3,0.0000,0.0000,0.0000,0.5000,"Pursue",-0.154755
89,A0100,adaptive_eagle,HABFM,8700.339735,19.328035,111.830756,129.829579,18.047058,14960.984840,285.416785,18567.361462,-71.146609,-4328.022896,509.598537,7.435438,False,False,True,False,False,True,False,2-circle,1.000000,33.008363,100.000000,100.000000,0.000000,0.000000,176.108182,67.446236,1.213433,2,8,3,0.0000,0.0000,0.0000,0.5000,"LeadPursuit",-0.061345
89,B0100,defensive,HABFM,8700.339735,19.328035,111.830756,129.829579,18.047058,14960.984840,285.416785,18567.361462,-71.146609,-4328.022896,509.598537,7.435438,False,False,True,False,False,True,False,2-circle,1.000000,33.008363,100.000000,100.000000,0.000000,0.000000,176.108182,67.446236,1.213433,2,6,3,0.0000,0.0000,0.0000,0.5000,"Pursue",-0.178438
90,A0100,adaptive_eagle,HABFM,8526.186911,18.860672,113.598479,131.182671,17.661139,14946.047435,285.293405,18549.306799,-90.273314,-4269.070604,523.352365,7.423630,False,False,True,False,False,True,False,2-circle,1.000000,53.856597,100.000000,100.000000,0.000000,0.000000,168.395466,67.400940,1.197199,2,8,3,0.0000,0.0000,0.0000,0.5000,"LeadPursuit",-0.083322
90,B0100,defensive,HABFM,8526.186911,18.860672,113.598479,131.182671,17.661139,14946.047435,285.293405,18549.306799,-90.273314,-4269.070604,523.352365,7.423630,False,False,True,False,False,True,False,2-circle,1.000000,53.856597,100.000000,100.000000,0.000000,0.000000,168.395466,67.400940,1.197199,2,6,3,0.0000,0.0000,0.0000,0.5000,"Pursue",-0.170285
91,A0100,adaptive_eagle,HABFM,8347.099140,18.322194,115.532546,132.665568,17.205052,14931.470237,285.057723,18528.778729,-102.640348,-4199.371134,537.927426,7.521798,False,False,True,False,False,True,False,2-circle,1.000000,74.221984,100.000000,100.000000,0.000000,0.000000,167.028486,67.646233,1.201091,2,8,3,0.0000,0.0000,0.0000,0.5000,"LeadPursuit",-0.143535
91,B0100,defensive,HABFM,8347.099140,18.322194,115.532546,132.665568,17.205052,14931.470237,285.057723,18528.778729,-102.640348,-4199.371134,537.927426,7.521798,False,False,True,False,False,True,False,2-circle,1.000000,74.221984,100.000000,100.000000,0.000000,0.000000,167.028486,67.646233,1.201091,2,6,3,0.0000,0.0000,0.0000,0.5000,"Pursue",-0.026798
92,A0100,adaptive_eagle,HABFM,8163.674289,17.743336,116.966581,133.629259,16.707879,14917.273948,284.755669,18506.962887,-109.079214,-4168.188340,548.907743,7.707378,False,False,True,False,False,True,False,2-circle,1.000000,94.732176,100.000000,100.000000,0.000000,0.000000,166.886045,68.108627,1.211647,2,8,3,0.0000,0.0000,0.0000,0.5000,"LeadPursuit",-0.163555
92,B0100,defensive,HABFM,8163.674289,17.743336,116.966581,133.629259,16.707879,14917.273948,284.755669,18506.962887,-109.079214,-4168.188340,548.907743,7.707378,False,False,True,False,False,True,False,2-circle,1.000000,94.732176,100.000000,100.000000,0.000000,0.000000,166.886045,68.108627,1.211647,2,6,2,0.0000,0.0000,0.0000,0.5000,"Pursue",0.025480
93,A0100,adaptive_eagle,HABFM,7976.990269,17.150977,118.227568,134.387979,16.194292,14903.448289,284.418831,18484.649756,-111.565655,-4152.211779,558.590105,7.953980,False,False,True,False,False,True,False,2-circle,1.000000,115.303645,100.000000,100.000000,0.000000,0.000000,167.208748,68.699590,1.216590,2,8,3,0.0000,0.0000,0.0000,0.5000,"LeadPursuit",-0.153127
93,B0100,defensive,HABFM,7976.990269,17.150977,118.227568,134.387979,16.194292,14903.448289,284.418831,18484.649756,-111.565655,-4152.211779,558.590105,7.953980,False,False,True,False,False,True,False,2-circle,1.000000,115.303645,100.000000,100.000000,0.000000,0.000000,167.208748,68.699590,1.216590,2,6,2,0.0000,0.0000,0.0000,0.5000,"Pursue",0.008626
94,A0100,adaptive_eagle,HABFM,7786.986382,16.557967,119.571650,135.204359,15.675252,14889.962848,284.065929,18462.282832,-111.834620,-4131.475710,568.627656,8.242044,False,False,True,False,False,True,False,2-circle,1.000000,135.658323,100.000000,100.000000,0.000000,0.000000,167.740135,69.353892,1.207734,2,8,3,0.0000,0.0000,0.0000,0.5000,"LeadPursuit",-0.109646
94,B0100,defensive,HABFM,7786.986382,16.557967,119.571650,135.204359,15.675252,14889.962848,284.065929,18462.282832,-111.834620,-4131.475710,568.627656,8.242044,False,False,True,False,False,True,False,2-circle,1.000000,135.658323,100.000000,100.000000,0.000000,0.000000,167.740135,69.353892,1.207734,2,6,2,0.0000,0.0000,0.0000,0.5000,"Pursue",-0.082382
95,A0100,adaptive_eagle,HABFM,7593.404781,15.969857,121.286328,136.378589,15.154990,14876.776380,283.707012,18440.074816,-111.040078,-4083.754767,580.718506,8.559849,False,False,True,False,False,True,False,2-circle,1.000000,155.430814,100.000000,100.000000,0.000000,0.000000,168.363016,70.032848,1.180400,2,8,3,0.0000,0.0000,0.0000,0.5000,"LeadPursuit",-0.388369
95,B0100,defensive,HABFM,7593.404781,15.969857,121.286328,136.378589,15.154990,14876.776380,283.707012,18440.074816,-111.040078,-4083.754767,580.718506,8.559849,False,False,True,False,False,True,False,2-circle,1.000000,155.430814,100.000000,100.000000,0.000000,0.000000,168.363016,70.032848,1.180400,2,2,3,0.0000,0.0000,0.0000,0.5000,"Pursue",0.246994
96,A0100,adaptive_eagle,HABFM,7395.186502,14.912175,123.173555,137.325752,14.195960,14863.943950,284.368972,18443.889932,19.075578,-3982.573436,595.408155,7.159528,False,False,True,False,False,True,False,2-circle,1.000000,174.836043,100.000000,100.000000,0.000000,0.000000,164.900915,66.564058,1.284554,2,8,3,0.0000,0.0000,0.0000,0.5000,"LeadPursuit",-0.953329
96,B0100,defensive,HABFM,7395.186502,14.912175,123.173555,137.325752,14.195960,14863.943950,284.368972,18443.889932,19.075578,-3982.573436,595.408155,7.159528,False,False,True,False,False,True,False,2-circle,1.000000,174.836043,100.000000,100.000000,0.000000,0.000000,164.900915,66.564058,1.284554,2,2,3,0.0000,0.0000,0.0000,0.5000,"Pursue",1.045307
97,A0100,adaptive_eagle,HABFM,7192.481633,13.212901,124.567058,137.301576,12.726067,14852.228046,284.345889,18431.592864,-61.485339,-3943.171307,606.961265,4.617416,False,False,True,False,False,True,False,2-circle,1.000000,193.749313,100.000000,100.000000,0.000000,0.000000,154.475578,56.086778,1.745758,2,8,3,0.0000,0.0000,0.0000,0.5000,"LeadPursuit",-1.207723
97,B0100,defensive,HABFM,7192.481633,13.212901,124.567058,137.301576,12.726067,14852.228046,284.345889,18431.592864,-61.485339,-3943.171307,606.961265,4.617416,False,False,True,False,False,True,False,2-circle,1.000000,193.749313,100.000000,100.000000,0.000000,0.000000,154.475578,56.086778,1.745758,2,2,3,0.0000,0.0000,0.0000,0.5000,"Pursue",1.469941
98,A0100,adaptive_eagle,HABFM,6986.290001,11.546799,125.797391,137.207491,11.380155,14842.892172,284.096625,18415.984231,-78.043163,-3927.628499,616.861336,2.991232,False,False,True,False,False,True,False,2-circle,1.000000,210.800474,100.000000,100.000000,0.000000,0.000000,142.328332,43.908790,2.310646,2,8,3,0.0000,0.0000,0.0000,0.5000,"LeadPursuit",-0.800427
98,B0100,defensive,HABFM,6986.290001,11.546799,125.797391,137.207491,11.380155,14842.892172,284.096625,18415.984231,-78.043163,-3927.628499,616.861336,2.991232,False,False,True,False,False,True,False,2-circle,1.000000,210.800474,100.000000,100.000000,0.000000,0.000000,142.328332,43.908790,2.310646,2,2,3,0.0000,0.0000,0.0000,0.5000,"Pursue",0.976874
99,A0100,adaptive_eagle,HABFM,6776.733926,10.768491,127.117860,137.885636,10.772222,14836.762568,284.185673,18412.094907,-19.446624,-3896.225825,626.274463,1.835322,False,False,True,False,False,True,False,2-circle,1.000000,224.871860,100.000000,100.000000,0.000000,0.000000,128.962735,30.572736,2.481891,2,8,3,0.0000,0.0000,0.0000,0.5000,"LeadPursuit",-0.084454
99,B0100,defensive,HABFM,6776.733926,10.768491,127.117860,137.885636,10.772222,14836.762568,284.185673,18412.094907,-19.446624,-3896.225825,626.274463,1.835322,False,False,True,False,False,True,False,2-circle,1.000000,224.871860,100.000000,100.000000,0.000000,0.000000,128.962735,30.572736,2.481891,2,2,3,0.0000,0.0000,0.0000,0.5000,"Pursue",0.004308
100,A0100,adaptive_eagle,HABFM,6564.073218,11.025596,128.428084,139.277271,10.928884,14833.945651,284.559856,18418.699374,33.022335,-3858.698074,634.613667,0.912429,False,False,True,False,False,True,False,2-circle,1.000000,235.405234,100.000000,100.000000,0.000000,0.000000,114.670988,16.386348,2.937050,2,8,3,0.0000,0.0000,0.0000,0.5000,"LeadPursuit",0.720865
100,B0100,defensive,HABFM,6564.073218,11.025596,128.428084,139.277271,10.928884,14833.945651,284.559856,18418.699374,33.022335,-3858.698074,634.613667,0.912429,False,False,True,False,False,True,False,2-circle,1.000000,235.405234,100.000000,100.000000,0.000000,0.000000,114.670988,16.386348,2.937050,2,2,3,0.0000,0.0000,0.0000,0.5000,"Pursue",-1.141525
101,A0100,adaptive_eagle,HABFM,6348.463487,12.150228,130.074890,141.645324,11.750781,14834.321295,285.020243,18430.683875,59.922507,-3794.920232,643.498237,0.070242,False,False,True,False,False,True,False,2-circle,1.000000,242.080467,100.000000,100.000000,0.000000,0.000000,99.397985,1.298867,3.728968,2,8,3,0.0000,0.0000,0.0000,0.5000,"LeadPursuit",1.356620
101,B0100,defensive,HABFM,6348.463487,12.150228,130.074890,141.645324,11.750781,14834.321295,285.020243,18430.683875,59.922507,-3794.920232,643.498237,0.070242,False,False,True,False,False,True,False,2-circle,1.000000,242.080467,100.000000,100.000000,0.000000,0.000000,99.397985,1.298867,3.728968,2,2,3,0.0000,0.0000,0.0000,0.5000,"Pursue",-1.990169
102,A0100,adaptive_eagle,HABFM,6129.684079,13.976484,131.893234,144.714310,13.177971,14837.714515,285.317506,18441.582695,54.494102,-3723.613583,651.524487,0.801961,False,False,True,False,False,True,False,2-circle,1.000000,245.274085,100.000000,100.000000,0.000000,0.000000,83.326689,-14.527929,5.366163,2,8,3,0.0000,0.0000,0.0000,0.5000,"LeadPursuit",1.778025
102,B0100,defensive,HABFM,6129.684079,13.976484,131.893234,144.714310,13.177971,14837.714515,285.317506,18441.582695,54.494102,-3723.613583,651.524487,0.801961,False,False,True,False,False,True,False,2-circle,1.000000,245.274085,100.000000,100.000000,0.000000,0.000000,83.326689,-14.527929,5.366163,2,2,3,0.0000,0.0000,0.0000,0.5000,"Pursue",-2.403772
103,A0100,adaptive_eagle,HABFM,5908.808710,16.562695,133.167337,147.785903,15.304669,14844.297920,285.436225,18451.165828,47.915664,-3696.988897,654.734258,1.834587,False,False,True,False,False,True,False,2-circle,1.000000,245.476515,100.000000,100.000000,0.000000,0.000000,66.891493,-30.672504,9.264461,2,8,3,0.0000,0.0000,0.0000,0.5000,"LeadPursuit",2.077000
103,B0100,defensive,HABFM,5908.808710,16.562695,133.167337,147.785903,15.304669,14844.297920,285.436225,18451.165828,47.915664,-3696.988897,654.734258,1.834587,False,False,True,False,False,True,False,2-circle,1.000000,245.476515,100.000000,100.000000,0.000000,0.000000,66.891493,-30.672504,9.264461,2,2,3,0.0000,0.0000,0.0000,0.5000,"Pursue",-2.578242
104,A0100,adaptive_eagle,HABFM,5687.465564,19.886999,134.173936,151.238070,18.234395,14854.220375,285.380361,18459.676582,42.553771,-3694.494508,654.087377,3.220892,False,False,True,False,False,True,False,2-circle,1.000000,242.503869,100.000000,100.000000,0.000000,0.000000,51.056992,-46.157541,12.722512,2,8,3,0.0000,0.0000,0.0000,0.5000,"LeadPursuit",2.166262
104,B0100,defensive,HABFM,5687.465564,19.886999,134.173936,151.238070,18.234395,14854.220375,285.380361,18459.676582,42.553771,-3694.494508,654.087377,3.220892,False,False,True,False,False,True,False,2-circle,1.000000,242.503869,100.000000,100.000000,0.000000,0.000000,51.056992,-46.157541,12.722512,2,2,3,0.0000,0.0000,0.0000,0.5000,"Pursue",-2.447966
105,A0100,adaptive_eagle,HABFM,5466.677254,23.750356,135.158485,155.265069,21.894990,14867.119840,285.037450,18463.916675,21.200465,-3700.399728,650.384055,5.420331,False,False,True,False,False,True,False,2-circle,1.000000,236.432179,100.000000,100.000000,0.000000,0.000000,36.545154,-60.263117,14.855400,2,8,3,0.0000,0.0000,0.0000,0.5000,"LeadPursuit",2.142348
105,B0100,defensive,HABFM,5466.677254,23.750356,135.158485,155.265069,21.894990,14867.119840,285.037450,18463.916675,21.200465,-3700.399728,650.384055,5.420331,False,False,True,False,False,True,False,2-circle,1.000000,236.432179,100.000000,100.000000,0.000000,0.000000,36.545154,-60.263117,14.855400,2,2,3,0.0000,0.0000,0.0000,0.5000,"Pursue",-2.216290
106,A0100,adaptive_eagle,HABFM,5247.408093,27.961762,136.395056,159.930508,26.122830,14882.187230,284.526025,18466.088619,10.859717,-3688.236872,644.892170,9.943125,False,False,True,False,False,True,False,2-circle,1.000000,227.684825,100.000000,100.000000,0.000000,0.000000,23.680331,-72.678477,15.694809,2,8,3,0.0000,0.0000,0.0000,0.5000,"LeadPursuit",2.031052
106,B0100,defensive,HABFM,5247.408093,27.961762,136.395056,159.930508,26.122830,14882.187230,284.526025,18466.088619,10.859717,-3688.236872,644.892170,9.943125,False,False,True,False,False,True,False,2-circle,1.000000,227.684825,100.000000,100.000000,0.000000,0.000000,23.680331,-72.678477,15.694809,2,2,3,0.0000,0.0000,0.0000,0.5000,"Pursue",-1.908967
107,A0100,adaptive_eagle,HABFM,5030.243442,32.403165,137.700829,164.569681,30.752149,14898.411991,283.929370,18467.298162,6.047715,-3664.390755,636.819318,27.462466,False,False,True,False,False,True,False,2-circle,1.000000,217.523585,100.000000,100.000000,0.000000,0.000000,12.358271,-83.546015,15.430088,2,8,3,0.0000,0.0000,0.0000,0.5000,"LeadPursuit",1.797127
107,B0100,defensive,HABFM,5030.243442,32.403165,137.700829,164.569681,30.752149,14898.411991,283.929370,18467.298162,6.047715,-3664.390755,636.819318,27.462466,False,False,True,False,False,True,False,2-circle,1.000000,217.523585,100.000000,100.000000,0.000000,0.000000,12.358271,-83.546015,15.430088,2,2,3,0.0000,0.0000,0.0000,0.5000,"Pursue",-1.443967
108,A0100,adaptive_eagle,HABFM,4816.674373,37.034294,138.357266,168.120289,35.666707,14914.777314,283.409714,18470.611668,16.567529,-3672.639555,623.391461,178.251170,False,False,True,False,False,True,False,2-circle,1.000000,207.614146,100.000000,100.000000,0.000000,0.000000,2.450921,-93.034300,14.226851,2,8,3,0.0000,0.0000,0.0000,0.5000,"LeadPursuit",1.634640
108,B0100,defensive,HABFM,4816.674373,37.034294,138.357266,168.120289,35.666707,14914.777314,283.409714,18470.611668,16.567529,-3672.639555,623.391461,178.251170,False,False,True,False,False,True,False,2-circle,1.000000,207.614146,100.000000,100.000000,0.000000,0.000000,2.450921,-93.034300,14.226851,2,2,3,0.0000,0.0000,0.0000,0.5000,"Pursue",-1.127084
109,A0100,adaptive_eagle,HABFM,4608.506146,41.845717,138.654354,170.268711,40.799136,14930.321419,282.914709,18473.745342,15.668370,-3693.232712,605.788390,178.512681,False,False,True,False,False,True,False,2-circle,1.000000,198.852688,100.000000,100.000000,0.000000,0.000000,-6.217519,-101.335388,12.143906,2,8,3,0.0000,0.0000,0.0000,0.5000,"LeadPursuit",1.424890
109,B0100,defensive,HABFM,4608.506146,41.845717,138.654354,170.268711,40.799136,14930.321419,282.914709,18473.745342,15.668370,-3693.232712,605.788390,178.512681,False,False,True,False,False,True,False,2-circle,1.000000,198.852688,100.000000,100.000000,0.000000,0.000000,-6.217519,-101.335388,12.143906,2,2,3,0.0000,0.0000,0.0000,0.5000,"Pursue",-0.871082
110,A0100,adaptive_eagle,DBFM,4406.798117,46.438836,138.852906,170.207023,45.681523,14944.129920,281.438372,18450.668946,-115.381980,-3743.286951,585.919298,179.384820,False,False,True,False,False,True,False,2-circle,1.000000,191.888277,100.000000,100.000000,0.000000,0.000000,-8.561522,-103.377260,9.645848,2,8,3,0.0000,0.0000,0.0000,0.5000,"LeadPursuit",1.269357
110,B0100,defensive,DBFM,4406.798117,46.438836,138.852906,170.207023,45.681523,14944.129920,281.438372,18450.668946,-115.381980,-3743.286951,585.919298,179.384820,False,False,True,False,False,True,False,2-circle,1.000000,191.888277,100.000000,100.000000,0.000000,0.000000,-8.561522,-103.377260,9.645848,2,2,3,0.0000,0.0000,0.0000,0.5000,"Pursue",-0.746787
111,A0100,adaptive_eagle,DBFM,4211.769202,50.710145,139.243891,167.843091,50.138719,14956.037977,280.467871,18438.435090,-61.169279,-3746.346557,567.097941,179.955595,False,False,True,False,False,True,False,2-circle,1.000000,186.528230,100.000000,100.000000,0.000000,0.000000,-1.675663,-96.248254,7.595665,2,8,3,0.0000,0.0000,0.0000,0.5000,"LeadPursuit",1.238574
111,B0100,defensive,DBFM,4211.769202,50.710145,139.243891,167.843091,50.138719,14956.037977,280.467871,18438.435090,-61.169279,-3746.346557,567.097941,179.955595,False,False,True,False,False,True,False,2-circle,1.000000,186.528230,100.000000,100.000000,0.000000,0.000000,-1.675663,-96.248254,7.595665,2,2,3,0.0000,0.0000,0.0000,0.5000,"Pursue",-0.667155
112,A0100,adaptive_eagle,DBFM,4023.307648,55.161521,139.648149,163.936981,54.711259,14966.462218,279.562472,18426.412045,-60.115224,-3729.432668,546.065268,74.977740,False,False,True,False,False,True,False,2-circle,1.000000,182.649410,100.000000,100.000000,0.000000,0.000000,6.790473,-87.593876,6.526581,2,8,3,0.0000,0.0000,0.0000,0.5000,"LeadPursuit",1.215650
112,B0100,defensive,DBFM,4023.307648,55.161521,139.648149,163.936981,54.711259,14966.462218,279.562472,18426.412045,-60.115224,-3729.432668,546.065268,74.977740,False,False,True,False,False,True,False,2-circle,1.000000,182.649410,100.000000,100.000000,0.000000,0.000000,6.790473,-87.593876,6.526581,2,2,3,0.0000,0.0000,0.0000,0.5000,"Pursue",-0.440028
113,A0100,adaptive_eagle,DBFM,3843.229391,60.343799,139.346849,159.441771,59.966491,14975.860180,278.069265,18398.947961,-137.320421,-3767.421157,516.794589,27.101214,False,False,True,False,False,True,False,2-circle,1.000000,180.420913,100.000000,100.000000,0.000000,0.000000,10.913313,-83.335763,6.249043,2,8,3,0.0000,0.0000,0.0000,0.5000,"LeadPursuit",1.322198
113,B0100,defensive,DBFM,3843.229391,60.343799,139.346849,159.441771,59.966491,14975.860180,278.069265,18398.947961,-137.320421,-3767.421157,516.794589,27.101214,False,False,True,False,False,True,False,2-circle,1.000000,180.420913,100.000000,100.000000,0.000000,0.000000,10.913313,-83.335763,6.249043,2,2,3,0.0000,0.0000,0.0000,0.5000,"Pursue",-0.326716
114,A0100,adaptive_eagle,DBFM,3674.735805,66.554793,138.637071,154.202409,66.234519,14984.628629,275.703317,18349.713646,-246.171577,-3850.029552,478.467080,70.035526,False,False,True,False,False,True,False,2-circle,1.000000,179.342140,100.000000,100.000000,0.000000,0.000000,6.757667,-87.390042,6.142433,2,8,3,0.0000,0.0000,0.0000,0.5000,"LeadPursuit",1.345139
114,B0100,defensive,DBFM,3674.735805,66.554793,138.637071,154.202409,66.234519,14984.628629,275.703317,18349.713646,-246.171577,-3850.029552,478.467080,70.035526,False,False,True,False,False,True,False,2-circle,1.000000,179.342140,100.000000,100.000000,0.000000,0.000000,6.757667,-87.390042,6.142433,2,2,3,0.0000,0.0000,0.0000,0.5000,"Pursue",-0.237169
115,A0100,adaptive_eagle,DBFM,3520.101888,73.183125,137.788647,148.657341,72.931617,14992.551097,273.210757,18297.065476,-263.240847,-3929.797024,435.791201,184.497485,False,False,True,False,False,True,False,2-circle,1.000000,179.378314,100.000000,100.000000,0.000000,0.000000,-1.500953,-95.577541,5.711025,2,8,3,0.0000,0.0000,0.0000,0.5000,"LeadPursuit",1.205531
115,B0100,defensive,DBFM,3520.101888,73.183125,137.788647,148.657341,72.931617,14992.551097,273.210757,18297.065476,-263.240847,-3929.797024,435.791201,184.497485,False,False,True,False,False,True,False,2-circle,1.000000,179.378314,100.000000,100.000000,0.000000,0.000000,-1.500953,-95.577541,5.711025,2,2,3,0.0000,0.0000,0.0000,0.5000,"Pursue",-0.087913
116,A0100,adaptive_eagle,DBFM,3380.044165,79.471018,136.713434,143.638459,79.293672,14998.915064,271.443228,18260.810837,-181.273196,-3983.428885,393.312114,185.647786,False,False,True,False,False,True,False,2-circle,1.000000,180.838011,100.000000,100.000000,0.000000,0.000000,-5.466397,-99.508295,4.859091,2,8,3,0.0000,0.0000,0.0000,0.5000,"LeadPursuit",1.099795
116,B0100,defensive,DBFM,3380.044165,79.471018,136.713434,143.638459,79.293672,14998.915064,271.443228,18260.810837,-181.273196,-3983.428885,393.312114,185.647786,False,False,True,False,False,True,False,2-circle,1.000000,180.838011,100.000000,100.000000,0.000000,0.000000,-5.466397,-99.508295,4.859091,2,2,3,0.0000,0.0000,0.0000,0.5000,"Pursue",-0.058665
117,A0100,adaptive_eagle,DBFM,3253.910979,85.225393,135.798863,138.908430,85.102278,15003.577044,270.598470,18245.201725,-78.045559,-3976.793729,354.065336,186.198390,False,False,True,False,False,True,False,2-circle,1.000000,183.485105,100.000000,100.000000,0.000000,0.000000,0.440373,-93.598728,3.902267,2,8,2,0.0000,0.0000,0.0000,0.5000,"LeadPursuit",0.920659
117,B0100,defensive,DBFM,3253.910979,85.225393,135.798863,138.908430,85.102278,15003.577044,270.598470,18245.201725,-78.045559,-3976.793729,354.065336,186.198390,False,False,True,False,False,True,False,2-circle,1.000000,183.485105,100.000000,100.000000,0.000000,0.000000,0.440373,-93.598728,3.902267,2,2,3,0.0000,0.0000,0.0000,0.5000,"Pursue",-0.026030
118,A0100,adaptive_eagle,DBFM,3140.900757,90.999790,134.929140,134.045856,90.917197,15006.915620,269.950705,18233.039138,-60.812936,-3944.583902,314.492153,37.620920,False,False,False,False,False,True,False,2-circle,1.000000,187.199324,100.000000,100.000000,0.000000,0.000000,9.015950,-85.051206,3.324966,2,8,2,0.0000,0.0000,0.0000,0.5000,"LeadPursuit",-0.237827
118,B0100,defensive,DBFM,3140.900757,90.999790,134.929140,134.045856,90.917197,15006.915620,269.950705,18233.039138,-60.812936,-3944.583902,314.492153,37.620920,False,False,False,False,False,True,False,2-circle,1.000000,187.199324,100.000000,100.000000,0.000000,0.000000,9.015950,-85.051206,3.324966,2,2,3,0.0000,0.0000,0.0000,0.5000,"Pursue",0.165267
119,A0100,adaptive_eagle,DBFM,3042.329744,97.427855,133.399882,129.161519,97.372908,15009.374645,268.744123,18206.723390,-131.578740,-3965.494851,268.210221,19.578566,False,False,False,False,False,True,False,2-circle,1.000000,192.183504,100.000000,100.000000,0.000000,0.000000,13.614865,-80.513367,3.242694,2,8,2,0.0000,0.0000,0.0000,0.5000,"LeadPursuit",-0.267274
119,B0100,defensive,DBFM,3042.329744,97.427855,133.399882,129.161519,97.372908,15009.374645,268.744123,18206.723390,-131.578740,-3965.494851,268.210221,19.578566,False,False,False,False,False,True,False,2-circle,1.000000,192.183504,100.000000,100.000000,0.000000,0.000000,13.614865,-80.513367,3.242694,2,2,3,0.0000,0.0000,0.0000,0.5000,"Pursue",0.240149
120,A0100,adaptive_eagle,DBFM,2960.651644,104.761824,131.541588,123.694728,104.732171,15011.404688,266.705115,18160.419814,-231.517881,-4029.702716,216.051071,32.031483,False,False,False,False,False,True,False,2-circle,1.000000,197.929664,100.000000,100.000000,0.000000,0.000000,10.082346,-84.125246,3.292102,2,8,2,0.0000,0.0000,0.0000,0.5000,"LeadPursuit",-0.246603
120,B0100,defensive,DBFM,2960.651644,104.761824,131.541588,123.694728,104.732171,15011.404688,266.705115,18160.419814,-231.517881,-4029.702716,216.051071,32.031483,False,False,False,False,False,True,False,2-circle,1.000000,197.929664,100.000000,100.000000,0.000000,0.000000,10.082346,-84.125246,3.292102,2,2,3,0.0000,0.0000,0.0000,0.5000,"Pursue",0.257122
121,A0100,adaptive_eagle,DBFM,2896.551234,111.981481,129.687633,118.328195,111.997666,15012.892515,264.937448,18120.303929,-200.579426,-4077.985206,165.995013,61.579115,False,False,False,False,False,True,False,2-circle,1.000000,204.306488,100.000000,100.000000,0.000000,0.000000,7.385201,-86.916523,3.255691,2,4,4,0.0000,0.0000,0.0000,0.5000,"Accelerate",-0.189183
121,B0100,defensive,DBFM,2896.551234,111.981481,129.687633,118.328195,111.997666,15012.892515,264.937448,18120.303929,-200.579426,-4077.985206,165.995013,61.579115,False,False,False,False,False,True,False,2-circle,1.000000,204.306488,100.000000,100.000000,0.000000,0.000000,7.385201,-86.916523,3.255691,2,2,3,0.0000,0.0000,0.0000,0.5000,"Pursue",0.205656
122,A0100,adaptive_eagle,DBFM,2848.283963,118.400603,128.173217,113.403041,118.472144,15013.577986,264.109760,18101.604054,-93.499371,-4066.398177,123.275006,23.038423,False,False,False,False,False,True,False,2-circle,1.000000,211.238102,100.000000,100.000000,0.000000,0.000000,12.628827,-81.781985,3.214593,2,4,4,0.0000,0.0000,0.0000,0.5000,"Accelerate",-0.117502
122,B0100,defensive,DBFM,2848.283963,118.400603,128.173217,113.403041,118.472144,15013.577986,264.109760,18101.604054,-93.499371,-4066.398177,123.275006,23.038423,False,False,False,False,False,True,False,2-circle,1.000000,211.238102,100.000000,100.000000,0.000000,0.000000,12.628827,-81.781985,3.214593,2,2,3,0.0000,0.0000,0.0000,0.5000,"Pursue",0.081728
123,A0100,adaptive_eagle,DBFM,2813.476631,124.857979,127.284652,107.818753,124.982309,15013.654669,263.188705,18080.179977,-107.120389,-4011.144365,85.672888,15.334268,False,False,False,False,False,True,False,2-circle,1.000000,219.013361,100.000000,100.000000,0.000000,0.000000,16.826692,-77.717106,3.287885,2,4,4,0.0000,0.0000,0.0000,0.5000,"Accelerate",-0.146083
123,B0100,defensive,DBFM,2813.476631,124.857979,127.284652,107.818753,124.982309,15013.654669,263.188705,18080.179977,-107.120389,-4011.144365,85.672888,15.334268,False,False,False,False,False,True,False,2-circle,1.000000,219.013361,100.000000,100.000000,0.000000,0.000000,16.826692,-77.717106,3.287885,2,2,3,0.0000,0.0000,0.0000,0.5000,"Pursue",0.151778
124,A0100,adaptive_eagle,DBFM,2791.582986,131.996644,126.273314,101.699477,132.177385,15013.550584,261.403771,18038.622860,-207.785584,-3980.454079,47.607963,20.381259,False,False,False,False,False,True,False,2-circle,1.000000,228.935647,100.000000,100.000000,0.000000,0.000000,14.090866,-80.636323,3.385946,2,4,4,0.0000,0.0000,0.0000,0.5000,"Accelerate",-0.244146
124,B0100,defensive,DBFM,2791.582986,131.996644,126.273314,101.699477,132.177385,15013.550584,261.403771,18038.622860,-207.785584,-3980.454079,47.607963,20.381259,False,False,False,False,False,True,False,2-circle,1.000000,228.935647,100.000000,100.000000,0.000000,0.000000,14.090866,-80.636323,3.385946,2,2,3,0.0000,0.0000,0.0000,0.5000,"Pursue",0.400578
125,A0100,adaptive_eagle,DBFM,2783.231355,139.238637,124.404214,96.329002,139.528978,15013.284410,259.368160,17991.426272,-235.982941,-3982.676933,8.063817,75.376337,False,False,False,False,False,True,False,2-circle,1.000000,242.748602,100.000000,100.000000,0.000000,0.000000,7.565246,-87.427528,3.232525,2,4,4,0.0000,0.0000,0.0000,0.5000,"Accelerate",-0.319469
125,B0100,defensive,DBFM,2783.231355,139.238637,124.404214,96.329002,139.528978,15013.284410,259.368160,17991.426272,-235.982941,-3982.676933,8.063817,75.376337,False,False,False,False,False,True,False,2-circle,1.000000,242.748602,100.000000,100.000000,0.000000,0.000000,7.565246,-87.427528,3.232525,2,2,3,0.0000,0.0000,0.0000,0.5000,"Pursue",0.642066
126,A0100,adaptive_eagle,DBFM,2788.856735,145.709799,121.513928,92.698104,146.223621,15012.280410,257.972630,17958.460710,-164.827810,-4016.765902,-31.557104,195.039946,False,False,False,False,False,True,False,2-circle,1.000000,261.124424,100.000000,100.000000,0.000000,0.000000,4.726893,-90.622539,2.783137,2,4,4,0.0000,0.0000,0.0000,0.5000,"Accelerate",-0.315658
126,B0100,defensive,DBFM,2788.856735,145.709799,121.513928,92.698104,146.223621,15012.280410,257.972630,17958.460710,-164.827810,-4016.765902,-31.557104,195.039946,False,False,False,False,False,True,False,2-circle,1.000000,261.124424,100.000000,100.000000,0.000000,0.000000,4.726893,-90.622539,2.783137,2,2,3,0.0000,0.0000,0.0000,0.5000,"Pursue",0.715382
127,A0100,adaptive_eagle,DBFM,2807.994632,151.178600,118.195665,90.395242,152.017250,15010.258457,257.429975,17944.056991,-72.018596,-4045.927282,-69.049447,38.301666,False,False,False,False,False,True,False,2-circle,1.000000,282.470981,100.000000,100.000000,0.000000,0.000000,10.851570,-84.910090,2.297042,2,4,4,0.0000,0.0000,0.0000,0.5000,"Accelerate",-0.282309
127,B0100,defensive,DBFM,2807.994632,151.178600,118.195665,90.395242,152.017250,15010.258457,257.429975,17944.056991,-72.018596,-4045.927282,-69.049447,38.301666,False,False,False,False,False,True,False,2-circle,1.000000,282.470981,100.000000,100.000000,0.000000,0.000000,10.851570,-84.910090,2.297042,2,8,2,0.0000,0.0000,0.0000,0.5000,"LeadPursuit",0.703107
128,A0100,adaptive_eagle,DBFM,2840.042376,155.832497,114.764073,88.845499,157.110311,15007.367690,259.148103,17980.458180,182.005948,-4004.928508,-106.095977,12.674800,False,False,False,False,False,True,False,1-circle,1.000000,304.946334,100.000000,100.000000,0.000000,0.000000,21.162672,-75.027702,2.284161,2,4,4,0.0000,0.0000,0.0000,0.5000,"Accelerate",-0.226884
128,B0100,defensive,DBFM,2840.042376,155.832497,114.764073,88.845499,157.110311,15007.367690,259.148103,17980.458180,182.005948,-4004.928508,-106.095977,12.674800,False,False,False,False,False,True,False,1-circle,1.000000,304.946334,100.000000,100.000000,0.000000,0.000000,21.162672,-75.027702,2.284161,2,8,2,0.0000,0.0000,0.0000,0.5000,"LeadPursuit",0.605111
129,A0100,adaptive_eagle,DBFM,2884.234208,159.893810,111.496943,87.434334,161.748091,15003.750244,261.150201,18022.956532,212.491758,-3975.771559,-139.916702,6.451242,False,False,False,False,False,True,False,1-circle,1.000000,326.143171,100.000000,100.000000,0.000000,0.000000,34.130043,-62.456746,2.852662,2,4,4,0.0000,0.0000,0.0000,0.5000,"Accelerate",-0.180191
129,B0100,defensive,DBFM,2884.234208,159.893810,111.496943,87.434334,161.748091,15003.750244,261.150201,18022.956532,212.491758,-3975.771559,-139.916702,6.451242,False,False,False,False,False,True,False,1-circle,1.000000,326.143171,100.000000,100.000000,0.000000,0.000000,34.130043,-62.456746,2.852662,2,8,2,0.0000,0.0000,0.0000,0.5000,"LeadPursuit",0.506985
130,A0100,adaptive_eagle,DBFM,2938.936143,163.460691,108.431095,85.956167,166.062596,14999.588839,263.399865,18071.036745,240.401067,-3993.163076,-170.602789,4.021985,False,False,False,False,False,True,False,1-circle,1.000000,343.225235,100.000000,100.000000,0.000000,0.000000,46.576741,-50.320267,3.086904,2,4,4,0.0000,0.0000,0.0000,0.5000,"Accelerate",-0.181114
130,B0100,defensive,DBFM,2938.936143,163.460691,108.431095,85.956167,166.062596,14999.588839,263.399865,18071.036745,240.401067,-3993.163076,-170.602789,4.021985,False,False,False,False,False,True,False,1-circle,1.000000,343.225235,100.000000,100.000000,0.000000,0.000000,46.576741,-50.320267,3.086904,3,8,2,0.0000,0.0000,0.0000,0.5000,"LeadPursuit",0.550969
131,A0100,adaptive_eagle,DBFM,3003.482407,166.348748,105.262518,84.990846,169.975123,14994.930664,266.046255,18128.406567,286.849109,-4009.325953,-201.163709,2.745013,False,False,False,False,False,True,False,1-circle,1.000000,355.395611,100.000000,100.000000,0.000000,0.000000,57.392125,-39.714970,3.173901,1,8,2,0.0000,0.0000,0.0000,0.5000,"LeadPursuit",-0.172257
131,B0100,defensive,DBFM,3003.482407,166.348748,105.262518,84.990846,169.975123,14994.930664,266.046255,18128.406567,286.849109,-4009.325953,-201.163709,2.745013,False,False,False,False,False,True,False,1-circle,1.000000,355.395611,100.000000,100.000000,0.000000,0.000000,57.392125,-39.714970,3.173901,3,8,2,0.0000,0.0000,0.0000,0.5000,"LeadPursuit",0.562753
132,A0100,adaptive_eagle,DBFM,3077.919738,168.521969,102.110709,84.324152,173.587015,14989.707652,268.807549,18188.565790,300.796115,-4041.706741,-230.780291,1.886310,False,False,False,False,False,True,False,1-circle,1.000000,364.331516,100.000000,100.000000,0.000000,0.000000,67.285677,-29.964643,3.704131,1,8,2,0.0000,0.0000,0.0000,0.5000,"LeadPursuit",-0.162113
132,B0100,defensive,DBFM,3077.919738,168.521969,102.110709,84.324152,173.587015,14989.707652,268.807549,18188.565790,300.796115,-4041.706741,-230.780291,1.886310,False,False,False,False,False,True,False,1-circle,1.000000,364.331516,100.000000,100.000000,0.000000,0.000000,67.285677,-29.964643,3.704131,3,8,2,0.0000,0.0000,0.0000,0.5000,"LeadPursuit",0.570847
133,A0100,adaptive_eagle,DBFM,3161.880482,170.089068,98.976579,83.792724,177.052000,14984.156967,271.508017,18247.610052,295.221309,-4114.137677,-259.693493,1.216102,False,False,False,False,False,True,False,1-circle,1.000000,369.565850,100.000000,100.000000,0.000000,0.000000,76.747833,-20.570469,6.032584,1,8,2,0.0000,0.0000,0.0000,0.5000,"LeadPursuit",-0.140618
133,B0100,defensive,DBFM,3161.880482,170.089068,98.976579,83.792724,177.052000,14984.156967,271.508017,18247.610052,295.221309,-4114.137677,-259.693493,1.216102,False,False,False,False,False,True,False,1-circle,1.000000,369.565850,100.000000,100.000000,0.000000,0.000000,76.747833,-20.570469,6.032584,3,8,2,0.0000,0.0000,0.0000,0.5000,"LeadPursuit",0.544534
134,A0100,adaptive_eagle,DBFM,3254.801014,170.940378,96.270474,83.152769,-179.654668,14978.797653,273.959983,18301.460840,269.253944,-4156.764011,-284.759754,0.694452,False,False,False,False,False,True,False,1-circle,-1.000000,372.053919,100.000000,100.000000,0.000000,0.000000,85.132543,-12.197986,8.766592,1,8,2,0.0000,0.0000,0.0000,0.5000,"LeadPursuit",-0.095343
134,B0100,defensive,DBFM,3254.801014,170.940378,96.270474,83.152769,-179.654668,14978.797653,273.959983,18301.460840,269.253944,-4156.764011,-284.759754,0.694452,False,False,False,False,False,True,False,1-circle,-1.000000,372.053919,100.000000,100.000000,0.000000,0.000000,85.132543,-12.197986,8.766592,3,0,2,0.0000,0.0000,0.0000,0.5000,"LeadPursuit",0.418318
135,A0100,adaptive_eagle,DBFM,3354.683441,171.317343,94.489630,81.894466,-176.542578,14974.461226,275.598673,18336.992272,177.657155,-4205.817651,-301.273957,0.590796,False,False,False,False,False,True,False,1-circle,-1.000000,373.314996,100.000000,100.000000,0.000000,0.000000,86.840783,-10.479094,11.166448,1,8,3,0.0000,0.0000,0.0000,0.5000,"LeadPursuit",-0.053177
135,B0100,defensive,DBFM,3354.683441,171.317343,94.489630,81.894466,-176.542578,14974.461226,275.598673,18336.992272,177.657155,-4205.817651,-301.273957,0.590796,False,False,False,False,False,True,False,1-circle,-1.000000,373.314996,100.000000,100.000000,0.000000,0.000000,86.840783,-10.479094,11.166448,3,0,3,0.0000,0.0000,0.0000,0.5000,"LeadPursuit",0.270228
136,A0100,adaptive_eagle,DBFM,3458.477508,171.007120,93.511268,79.749153,-173.342796,14972.835727,276.061139,18346.661167,48.344480,-4261.171432,-309.422785,1.175659,False,False,False,False,False,True,False,1-circle,-1.000000,372.898708,100.000000,100.000000,0.000000,0.000000,77.045487,-20.236765,12.443959,1,8,3,0.0000,0.0000,0.0000,0.5000,"LeadPursuit",-0.010119
136,B0100,defensive,DBFM,3458.477508,171.007120,93.511268,79.749153,-173.342796,14972.835727,276.061139,18346.661167,48.344480,-4261.171432,-309.422785,1.175659,False,False,False,False,False,True,False,1-circle,-1.000000,372.898708,100.000000,100.000000,0.000000,0.000000,77.045487,-20.236765,12.443959,3,0,3,0.0000,0.0000,0.0000,0.5000,"LeadPursuit",0.099131
137,A0100,adaptive_eagle,DBFM,3563.243495,169.055727,93.344961,76.306869,-169.686556,14975.088564,275.785872,18342.189120,-22.360236,-4301.962576,-308.415772,2.210996,False,False,False,False,False,True,False,1-circle,-1.000000,369.327187,100.000000,100.000000,0.000000,0.000000,62.483302,-34.708953,12.361619,1,8,3,0.0000,0.0000,0.0000,0.5000,"LeadPursuit",0.016719
137,B0100,defensive,DBFM,3563.243495,169.055727,93.344961,76.306869,-169.686556,14975.088564,275.785872,18342.189120,-22.360236,-4301.962576,-308.415772,2.210996,False,False,False,False,False,True,False,1-circle,-1.000000,369.327187,100.000000,100.000000,0.000000,0.000000,62.483302,-34.708953,12.361619,3,0,3,0.0000,0.0000,0.0000,0.5000,"LeadPursuit",-0.009642
138,A0100,adaptive_eagle,DBFM,3665.814141,165.518855,93.673527,71.898392,-165.554632,14981.454606,275.275852,18336.112898,-30.381110,-4331.770696,-300.496724,3.744775,False,False,False,False,False,True,False,1-circle,-1.000000,361.804075,100.000000,100.000000,0.000000,0.000000,47.528811,-49.507777,13.233559,1,8,3,0.0000,0.0000,0.0000,0.5000,"LeadPursuit",0.027399
138,B0100,defensive,DBFM,3665.814141,165.518855,93.673527,71.898392,-165.554632,14981.454606,275.275852,18336.112898,-30.381110,-4331.770696,-300.496724,3.744775,False,False,False,False,False,True,False,1-circle,-1.000000,361.804075,100.000000,100.000000,0.000000,0.000000,47.528811,-49.507777,13.233559,3,0,3,0.0000,0.0000,0.0000,0.5000,"LeadPursuit",-0.053043
139,A0100,adaptive_eagle,DBFM,3764.730879,161.323144,94.171387,67.164571,-161.241693,14990.947558,274.904361,18336.557588,2.223447,-4361.510067,-288.880081,6.220089,False,False,False,False,False,True,False,1-circle,-1.000000,350.606868,100.000000,100.000000,0.000000,0.000000,34.052416,-62.767111,14.076794,1,8,3,0.0000,0.0000,0.0000,0.5000,"LeadPursuit",0.037729
139,B0100,defensive,DBFM,3764.730879,161.323144,94.171387,67.164571,-161.241693,14990.947558,274.904361,18336.557588,2.223447,-4361.510067,-288.880081,6.220089,False,False,False,False,False,True,False,1-circle,-1.000000,350.606868,100.000000,100.000000,0.000000,0.000000,34.052416,-62.767111,14.076794,3,0,3,0.0000,0.0000,0.0000,0.5000,"LeadPursuit",-0.093116
140,A0100,adaptive_eagle,DBFM,3858.829253,156.919673,94.834300,62.203133,-156.835482,15002.430895,274.570447,18339.918329,16.803705,-4393.572518,-273.760779,11.323624,False,False,False,False,False,True,False,1-circle,-1.000000,336.234815,100.000000,100.000000,0.000000,0.000000,22.349979,-74.199166,14.324963,1,8,3,0.0000,0.0000,0.0000,0.5000,"LeadPursuit",0.066090
140,B0100,defensive,DBFM,3858.829253,156.919673,94.834300,62.203133,-156.835482,15002.430895,274.570447,18339.918329,16.803705,-4393.572518,-273.760779,11.323624,False,False,False,False,False,True,False,1-circle,-1.000000,336.234815,100.000000,100.000000,0.000000,0.000000,22.349979,-74.199166,14.324963,3,0,3,0.0000,0.0000,0.0000,0.5000,"LeadPursuit",-0.204839
141,A0100,adaptive_eagle,DBFM,3946.764553,152.487666,96.007543,56.741359,-152.410211,15014.879116,274.257058,18344.752234,24.169528,-4399.962540,-252.642714,31.195060,False,False,False,False,False,True,False,1-circle,-1.000000,319.055109,100.000000,100.000000,0.000000,0.000000,12.101497,-84.129610,13.807653,2,8,3,0.0000,0.0000,0.0000,0.5000,"LeadPursuit",0.090635
141,B0100,defensive,DBFM,3946.764553,152.487666,96.007543,56.741359,-152.410211,15014.879116,274.257058,18344.752234,24.169528,-4399.962540,-252.642714,31.195060,False,False,False,False,False,True,False,1-circle,-1.000000,319.055109,100.000000,100.000000,0.000000,0.000000,12.101497,-84.129610,13.807653,2,0,3,0.0000,0.0000,0.0000,0.5000,"LeadPursuit",-0.292940
142,A0100,adaptive_eagle,DBFM,4026.353147,148.119004,97.636012,50.866110,-148.036836,15027.360210,273.953093,18349.856278,25.520217,-4387.647514,-226.341978,183.915902,False,False,False,False,False,True,False,1-circle,-1.000000,299.803979,100.000000,100.000000,0.000000,0.000000,3.123914,-92.755075,12.442775,2,8,3,0.0000,0.0000,0.0000,0.5000,"LeadPursuit",0.097326
142,B0100,defensive,DBFM,4026.353147,148.119004,97.636012,50.866110,-148.036836,15027.360210,273.953093,18349.856278,25.520217,-4387.647514,-226.341978,183.915902,False,False,False,False,False,True,False,1-circle,-1.000000,299.803979,100.000000,100.000000,0.000000,0.000000,3.123914,-92.755075,12.442775,2,0,3,0.0000,0.0000,0.0000,0.5000,"LeadPursuit",-0.304383
143,A0100,adaptive_eagle,DBFM,4096.759695,143.863148,99.379315,44.909435,-143.770101,15038.998907,273.673324,18354.712364,24.280432,-4381.160542,-197.954921,184.066643,False,False,False,False,False,True,False,1-circle,-1.000000,280.063942,100.000000,100.000000,0.000000,0.000000,-4.915084,-100.436629,10.301390,2,4,4,0.0000,0.0000,0.0000,0.5000,"Accelerate",0.121762
143,B0100,defensive,DBFM,4096.759695,143.863148,99.379315,44.909435,-143.770101,15038.998907,273.673324,18354.712364,24.280432,-4381.160542,-197.954921,184.066643,False,False,False,False,False,True,False,1-circle,-1.000000,280.063942,100.000000,100.000000,0.000000,0.000000,-4.915084,-100.436629,10.301390,2,0,3,0.0000,0.0000,0.0000,0.5000,"LeadPursuit",-0.385869
144,A0100,adaptive_eagle,DBFM,4157.372357,140.115537,101.530832,38.952030,-140.021011,15049.003934,273.863556,18369.328549,73.080923,-4334.772598,-167.398070,183.914899,False,False,False,False,False,True,False,1-circle,-1.000000,261.655856,100.000000,100.000000,0.000000,0.000000,-7.252827,-102.445867,7.855338,2,4,4,0.0000,0.0000,0.0000,0.5000,"Accelerate",0.126950
144,B0100,defensive,DBFM,4157.372357,140.115537,101.530832,38.952030,-140.021011,15049.003934,273.863556,18369.328549,73.080923,-4334.772598,-167.398070,183.914899,False,False,False,False,False,True,False,1-circle,-1.000000,261.655856,100.000000,100.000000,0.000000,0.000000,-7.252827,-102.445867,7.855338,2,0,3,0.0000,0.0000,0.0000,0.5000,"LeadPursuit",-0.394618
145,A0100,adaptive_eagle,DBFM,4208.027684,137.082122,103.754737,33.561376,-136.997350,15057.265624,274.828551,18401.030681,158.510660,-4240.378521,-139.044801,183.264713,False,False,False,False,False,True,False,1-circle,-1.000000,246.541930,100.000000,100.000000,0.000000,0.000000,-0.784778,-95.716464,5.916329,2,4,4,0.0000,0.0000,0.0000,0.5000,"Accelerate",0.079518
145,B0100,defensive,DBFM,4208.027684,137.082122,103.754737,33.561376,-136.997350,15057.265624,274.828551,18401.030681,158.510660,-4240.378521,-139.044801,183.264713,False,False,False,False,False,True,False,1-circle,-1.000000,246.541930,100.000000,100.000000,0.000000,0.000000,-0.784778,-95.716464,5.916329,2,0,3,0.0000,0.0000,0.0000,0.5000,"LeadPursuit",-0.215962
146,A0100,adaptive_eagle,DBFM,4250.538408,134.226454,105.204246,29.100858,-134.152886,15064.153435,275.884631,18433.665949,163.176344,-4164.416879,-116.925331,65.620267,False,False,False,False,False,True,False,1-circle,-1.000000,236.367082,100.000000,100.000000,0.000000,0.000000,7.549758,-87.219769,4.896322,2,4,4,0.0000,0.0000,0.0000,0.5000,"Accelerate",0.020442
146,B0100,defensive,DBFM,4250.538408,134.226454,105.204246,29.100858,-134.152886,15064.153435,275.884631,18433.665949,163.176344,-4164.416879,-116.925331,65.620267,False,False,False,False,False,True,False,1-circle,-1.000000,236.367082,100.000000,100.000000,0.000000,0.000000,7.549758,-87.219769,4.896322,2,0,3,0.0000,0.0000,0.0000,0.5000,"LeadPursuit",0.001883
147,A0100,adaptive_eagle,DBFM,4286.681329,130.945307,105.748166,25.197480,-130.877241,15070.092299,276.320524,18450.260768,82.974096,-4121.554565,-98.778716,25.313048,False,False,False,False,False,True,False,1-circle,-1.000000,232.179765,100.000000,100.000000,0.000000,0.000000,11.891965,-82.836262,4.569926,2,4,4,0.0000,0.0000,0.0000,0.5000,"Accelerate",-0.031459
147,B0100,defensive,DBFM,4286.681329,130.945307,105.748166,25.197480,-130.877241,15070.092299,276.320524,18450.260768,82.974096,-4121.554565,-98.778716,25.313048,False,False,False,False,False,True,False,1-circle,-1.000000,232.179765,100.000000,100.000000,0.000000,0.000000,11.891965,-82.836262,4.569926,2,0,3,0.0000,0.0000,0.0000,0.5000,"LeadPursuit",0.198858
148,A0100,adaptive_eagle,DBFM,4317.354627,126.956925,105.438728,21.570491,-126.890727,15075.473749,275.868377,18444.589230,-28.357692,-4140.977712,-82.270902,56.314960,False,False,False,False,False,True,False,1-circle,-1.000000,233.816818,100.000000,100.000000,0.000000,0.000000,8.044950,-86.761641,4.417133,2,4,4,0.0000,0.0000,0.0000,0.5000,"Accelerate",-0.036848
148,B0100,defensive,DBFM,4317.354627,126.956925,105.438728,21.570491,-126.890727,15075.473749,275.868377,18444.589230,-28.357692,-4140.977712,-82.270902,56.314960,False,False,False,False,False,True,False,1-circle,-1.000000,233.816818,100.000000,100.000000,0.000000,0.000000,8.044950,-86.761641,4.417133,2,0,3,0.0000,0.0000,0.0000,0.5000,"LeadPursuit",0.227439
149,A0100,adaptive_eagle,DBFM,4342.598946,122.812917,104.900168,18.058468,-122.760677,15080.103249,275.256098,18434.280090,-51.545700,-4226.890682,-65.337922,182.925774,False,False,False,False,False,True,False,1-circle,-1.000000,238.924004,100.000000,100.000000,0.000000,0.000000,-0.070630,-95.030562,3.958442,2,4,4,0.0000,0.0000,0.0000,0.5000,"Accelerate",-0.021590
149,B0100,defensive,DBFM,4342.598946,122.812917,104.900168,18.058468,-122.760677,15080.103249,275.256098,18434.280090,-51.545700,-4226.890682,-65.337922,182.925774,False,False,False,False,False,True,False,1-circle,-1.000000,238.924004,100.000000,100.000000,0.000000,0.000000,-0.070630,-95.030562,3.958442,2,0,3,0.0000,0.0000,0.0000,0.5000,"LeadPursuit",0.165759
150,A0100,adaptive_eagle,DBFM,4362.208515,119.244401,104.490392,14.964961,-119.228679,15083.252949,275.345858,18439.617715,26.688126,-4334.847824,-49.664619,182.859245,False,False,False,False,False,True,False,1-circle,-1.000000,244.850834,100.000000,100.000000,0.000000,0.000000,-4.058256,-99.195181,3.089964,2,4,4,0.0000,0.0000,0.0000,0.5000,"Accelerate",-0.017633
150,B0100,defensive,DBFM,4362.208515,119.244401,104.490392,14.964961,-119.228679,15083.252949,275.345858,18439.617715,26.688126,-4334.847824,-49.664619,182.859245,False,False,False,False,False,True,False,1-circle,-1.000000,244.850834,100.000000,100.000000,0.000000,0.000000,-4.058256,-99.195181,3.089964,2,0,3,0.0000,0.0000,0.0000,0.5000,"LeadPursuit",0.135855
151,A0100,adaptive_eagle,DBFM,4377.189447,116.458902,104.099757,12.562768,-116.481782,15084.738136,276.357585,18465.813390,130.978375,-4399.951075,-37.977940,182.204853,False,False,False,False,False,True,False,1-circle,-1.000000,250.198688,100.000000,100.000000,0.000000,0.000000,1.901794,-93.407261,2.115678,2,4,4,0.0000,0.0000,0.0000,0.5000,"Accelerate",-0.019021
151,B0100,defensive,DBFM,4377.189447,116.458902,104.099757,12.562768,-116.481782,15084.738136,276.357585,18465.813390,130.978375,-4399.951075,-37.977940,182.204853,False,False,False,False,False,True,False,1-circle,-1.000000,250.198688,100.000000,100.000000,0.000000,0.000000,1.901794,-93.407261,2.115678,2,0,3,0.0000,0.0000,0.0000,0.5000,"LeadPursuit",0.139053
152,A0100,adaptive_eagle,DBFM,4388.452456,113.880078,103.681879,10.353627,-113.933795,15084.913155,277.571623,18495.759756,149.731827,-4467.723604,-27.269939,35.868300,False,False,False,False,False,True,False,1-circle,-1.000000,254.154700,100.000000,100.000000,0.000000,0.000000,10.504218,-84.954335,1.519487,2,4,4,0.0000,0.0000,0.0000,0.5000,"Accelerate",-0.021476
152,B0100,defensive,DBFM,4388.452456,113.880078,103.681879,10.353627,-113.933795,15084.913155,277.571623,18495.759756,149.731827,-4467.723604,-27.269939,35.868300,False,False,False,False,False,True,False,1-circle,-1.000000,254.154700,100.000000,100.000000,0.000000,0.000000,10.504218,-84.954335,1.519487,2,0,3,0.0000,0.0000,0.0000,0.5000,"LeadPursuit",0.166542
153,A0100,adaptive_eagle,DBFM,4395.607547,110.839108,103.234015,7.686779,-110.906178,15084.215742,278.180797,18510.050033,71.451389,-4563.007232,-13.563283,19.338438,False,False,False,False,False,True,False,1-circle,-1.000000,256.501610,100.000000,100.000000,0.000000,0.000000,14.861676,-80.719087,1.408725,2,4,4,0.0000,0.0000,0.0000,0.5000,"Accelerate",-0.023177
153,B0100,defensive,DBFM,4395.607547,110.839108,103.234015,7.686779,-110.906178,15084.215742,278.180797,18510.050033,71.451389,-4563.007232,-13.563283,19.338438,False,False,False,False,False,True,False,1-circle,-1.000000,256.501610,100.000000,100.000000,0.000000,0.000000,14.861676,-80.719087,1.408725,2,0,3,0.0000,0.0000,0.0000,0.5000,"LeadPursuit",0.203106
154,A0100,adaptive_eagle,DBFM,4397.186728,107.044857,102.766395,4.294700,-107.116128,15083.085147,277.898653,18501.973688,-40.381726,-4694.942015,5.017415,36.409962,False,False,False,False,False,True,False,1-circle,-1.000000,257.093480,100.000000,100.000000,0.000000,0.000000,10.638958,-85.034537,1.397938,2,4,4,0.0000,0.0000,0.0000,0.5000,"Accelerate",-0.024000
154,B0100,defensive,DBFM,4397.186728,107.044857,102.766395,4.294700,-107.116128,15083.085147,277.898653,18501.973688,-40.381726,-4694.942015,5.017415,36.409962,False,False,False,False,False,True,False,1-circle,-1.000000,257.093480,100.000000,100.000000,0.000000,0.000000,10.638958,-85.034537,1.397938,2,0,3,0.0000,0.0000,0.0000,0.5000,"LeadPursuit",0.208506
155,A0100,adaptive_eagle,DBFM,4392.230672,103.405714,102.279211,1.137553,-103.496127,15081.345124,277.865314,18499.413383,-12.801528,-4830.635757,22.858945,102.874354,False,False,False,False,False,True,False,1-circle,-1.000000,256.166082,100.000000,100.000000,0.000000,0.000000,7.504176,-88.238482,1.259371,2,4,4,0.0000,0.0000,0.0000,0.5000,"Accelerate",-0.027346
155,B0100,defensive,DBFM,4392.230672,103.405714,102.279211,1.137553,-103.496127,15081.345124,277.865314,18499.413383,-12.801528,-4830.635757,22.858945,102.874354,False,False,False,False,False,True,False,1-circle,-1.000000,256.166082,100.000000,100.000000,0.000000,0.000000,7.504176,-88.238482,1.259371,2,0,3,0.0000,0.0000,0.0000,0.5000,"LeadPursuit",0.198777
156,A0100,adaptive_eagle,DBFM,4382.068433,100.594323,101.795607,1.208555,-100.703820,15078.715361,278.806461,18519.977269,102.819431,-4895.748031,35.691977,25.062373,False,False,False,False,False,True,False,1-circle,-1.000000,254.531777,100.000000,100.000000,0.000000,0.000000,12.976217,-82.828278,1.099854,2,4,4,0.0000,0.0000,0.0000,0.5000,"Accelerate",-0.027061
156,B0100,defensive,DBFM,4382.068433,100.594323,101.795607,1.208555,-100.703820,15078.715361,278.806461,18519.977269,102.819431,-4895.748031,35.691977,25.062373,False,False,False,False,False,True,False,1-circle,-1.000000,254.531777,100.000000,100.000000,0.000000,0.000000,12.976217,-82.828278,1.099854,2,0,3,0.0000,0.0000,0.0000,0.5000,"LeadPursuit",0.207508
157,A0100,adaptive_eagle,DBFM,4367.790320,97.715304,101.308543,3.609338,-97.830432,15075.429583,279.620340,18536.811961,84.173462,-4975.890427,49.186218,16.048097,False,False,False,False,False,True,False,1-circle,-1.000000,253.177656,100.000000,100.000000,0.000000,0.000000,16.967322,-78.912794,1.081629,2,4,4,0.0000,0.0000,0.0000,0.5000,"Accelerate",-0.027257
157,B0100,defensive,DBFM,4367.790320,97.715304,101.308543,3.609338,-97.830432,15075.429583,279.620340,18536.811961,84.173462,-4975.890427,49.186218,16.048097,False,False,False,False,False,True,False,1-circle,-1.000000,253.177656,100.000000,100.000000,0.000000,0.000000,16.967322,-78.912794,1.081629,2,0,3,0.0000,0.0000,0.0000,0.5000,"LeadPursuit",0.249461
158,A0100,adaptive_eagle,DBFM,4347.994338,94.030283,100.802960,6.821558,-94.140747,15071.909647,279.488062,18530.017899,-33.970312,-5113.064519,67.742574,24.940117,False,False,False,False,False,True,False,1-circle,-1.000000,250.927494,100.000000,100.000000,0.000000,0.000000,13.136126,-82.809655,1.085161,2,4,4,0.0000,0.0000,0.0000,0.5000,"Accelerate",-0.030835
158,B0100,defensive,DBFM,4347.994338,94.030283,100.802960,6.821558,-94.140747,15071.909647,279.488062,18530.017899,-33.970312,-5113.064519,67.742574,24.940117,False,False,False,False,False,True,False,1-circle,-1.000000,250.927494,100.000000,100.000000,0.000000,0.000000,13.136126,-82.809655,1.085161,2,0,3,0.0000,0.0000,0.0000,0.5000,"LeadPursuit",0.271241
159,A0100,adaptive_eagle,DBFM,4321.703133,90.403696,100.294602,9.903973,-90.522296,15068.048936,279.513309,18526.781975,-16.179620,-5204.828780,85.774286,38.855922,False,False,False,False,False,True,False,1-circle,-1.000000,248.665910,100.000000,100.000000,0.000000,0.000000,10.653931,-85.370653,0.988336,2,4,4,0.0000,0.0000,0.0000,0.5000,"Accelerate",-0.488469
159,B0100,defensive,DBFM,4321.703133,90.403696,100.294602,9.903973,-90.522296,15068.048936,279.513309,18526.781975,-16.179620,-5204.828780,85.774286,38.855922,False,False,False,False,False,True,False,1-circle,-1.000000,248.665910,100.000000,100.000000,0.000000,0.000000,10.653931,-85.370653,0.988336,2,0,3,0.0000,0.0000,0.0000,0.5000,"LeadPursuit",0.248773
160,A0100,adaptive_eagle,DBFM,4290.333228,87.579049,99.749205,12.173221,-87.707695,15063.558591,280.497045,18546.680222,99.491238,-5268.287049,98.685556,16.989391,False,False,True,False,False,True,False,1-circle,-1.000000,247.757233,100.000000,100.000000,0.000000,0.000000,16.606798,-79.542378,0.928831,2,4,4,0.0000,0.0000,0.0000,0.5000,"Accelerate",-0.646978
160,B0100,defensive,DBFM,4290.333228,87.579049,99.749205,12.173221,-87.707695,15063.558591,280.497045,18546.680222,99.491238,-5268.287049,98.685556,16.989391,False,False,True,False,False,True,False,1-circle,-1.000000,247.757233,100.000000,100.000000,0.000000,0.000000,16.606798,-79.542378,0.928831,2,0,3,0.0000,0.0000,0.0000,0.5000,"LeadPursuit",0.261279
161,A0100,adaptive_eagle,DBFM,4254.789265,84.671743,99.184906,14.519834,-84.797773,15058.650399,281.335801,18562.633954,79.768661,-5359.466018,112.028891,12.096464,False,False,True,False,False,True,False,1-circle,-1.000000,246.981183,100.000000,100.000000,0.000000,0.000000,20.785488,-75.506229,1.054083,2,4,4,0.0000,0.0000,0.0000,0.5000,"Accelerate",-0.831769
161,B0100,defensive,DBFM,4254.789265,84.671743,99.184906,14.519834,-84.797773,15058.650399,281.335801,18562.633954,79.768661,-5359.466018,112.028891,12.096464,False,False,True,False,False,True,False,1-circle,-1.000000,246.981183,100.000000,100.000000,0.000000,0.000000,20.785488,-75.506229,1.054083,2,0,3,0.0000,0.0000,0.0000,0.5000,"LeadPursuit",0.328147
162,A0100,adaptive_eagle,DBFM,4213.910828,80.943002,98.620797,17.681340,-81.055307,15053.837504,281.207773,18554.632663,-40.006458,-5447.973153,129.977790,16.802627,False,False,True,False,False,True,False,1-circle,-1.000000,246.356208,100.000000,100.000000,0.000000,0.000000,17.005261,-79.452607,1.205548,2,4,4,0.0000,0.0000,0.0000,0.5000,"Accelerate",-0.913637
162,B0100,defensive,DBFM,4213.910828,80.943002,98.620797,17.681340,-81.055307,15053.837504,281.207773,18554.632663,-40.006458,-5447.973153,129.977790,16.802627,False,False,True,False,False,True,False,1-circle,-1.000000,246.356208,100.000000,100.000000,0.000000,0.000000,17.005261,-79.452607,1.205548,2,0,3,0.0000,0.0000,0.0000,0.5000,"LeadPursuit",0.375898
163,A0100,adaptive_eagle,DBFM,4166.697434,76.845106,97.989127,21.145230,-76.956026,15049.099245,280.790705,18539.517837,-75.574130,-5556.577501,149.184112,75.484481,False,False,True,False,False,True,False,1-circle,-1.000000,246.794269,100.000000,100.000000,0.000000,0.000000,9.055362,-87.623069,1.025294,2,4,4,0.0000,0.0000,0.0000,0.5000,"Accelerate",-0.821043
163,B0100,defensive,DBFM,4166.697434,76.845106,97.989127,21.145230,-76.956026,15049.099245,280.790705,18539.517837,-75.574130,-5556.577501,149.184112,75.484481,False,False,True,False,False,True,False,1-circle,-1.000000,246.794269,100.000000,100.000000,0.000000,0.000000,9.055362,-87.623069,1.025294,2,0,3,0.0000,0.0000,0.0000,0.5000,"LeadPursuit",0.386545
164,A0100,adaptive_eagle,DBFM,4113.497379,73.189419,97.284080,24.099560,-73.319195,15043.668977,281.065992,18540.934920,7.085416,-5624.611359,164.847951,179.350004,False,False,True,False,False,True,False,1-circle,-1.000000,248.404707,100.000000,100.000000,0.000000,0.000000,5.541805,-91.422330,0.471290,2,4,4,0.0000,0.0000,0.0000,0.5000,"Accelerate",-0.674100
164,B0100,defensive,DBFM,4113.497379,73.189419,97.284080,24.099560,-73.319195,15043.668977,281.065992,18540.934920,7.085416,-5624.611359,164.847951,179.350004,False,False,True,False,False,True,False,1-circle,-1.000000,248.404707,100.000000,100.000000,0.000000,0.000000,5.541805,-91.422330,0.471290,2,0,3,0.0000,0.0000,0.0000,0.5000,"LeadPursuit",0.362084
165,A0100,adaptive_eagle,DBFM,4056.003736,70.247225,96.514456,26.282310,-70.394573,15037.180730,282.251194,18564.003494,115.342871,-5672.303731,175.842219,36.407596,False,False,True,False,False,True,False,1-circle,-1.000000,252.035814,100.000000,100.000000,0.000000,0.000000,12.239384,-85.104881,-0.124937,2,4,4,0.0000,0.0000,0.0000,0.5000,"Accelerate",-0.655864
165,B0100,defensive,DBFM,4056.003736,70.247225,96.514456,26.282310,-70.394573,15037.180730,282.251194,18564.003494,115.342871,-5672.303731,175.842219,36.407596,False,False,True,False,False,True,False,1-circle,-1.000000,252.035814,100.000000,100.000000,0.000000,0.000000,12.239384,-85.104881,-0.124937,2,0,3,0.0000,0.0000,0.0000,0.5000,"LeadPursuit",0.370734
166,A0100,adaptive_eagle,DBFM,3995.143247,67.443409,95.698193,28.267971,-67.599555,15029.886056,283.595731,18590.389712,131.931092,-5728.564175,185.500344,12.814842,False,False,True,False,False,True,False,1-circle,-1.000000,256.107636,100.000000,100.000000,0.000000,0.000000,21.399145,-76.383691,-0.297989,2,4,4,0.0000,0.0000,0.0000,0.5000,"Accelerate",-0.790803
166,B0100,defensive,DBFM,3995.143247,67.443409,95.698193,28.267971,-67.599555,15029.886056,283.595731,18590.389712,131.931092,-5728.564175,185.500344,12.814842,False,False,True,False,False,True,False,1-circle,-1.000000,256.107636,100.000000,100.000000,0.000000,0.000000,21.399145,-76.383691,-0.297989,2,0,3,0.0000,0.0000,0.0000,0.5000,"LeadPursuit",0.449248
167,A0100,adaptive_eagle,DBFM,3930.818246,64.153657,94.827648,30.683031,-64.302104,15022.323956,284.313773,18600.880256,52.452718,-5775.919348,196.728598,9.667511,False,False,True,False,False,True,False,1-circle,-1.000000,260.167435,100.000000,100.000000,0.000000,0.000000,26.039450,-72.237932,-0.003327,2,8,3,0.0000,0.0000,0.0000,0.5000,"LeadPursuit",-1.011630
167,B0100,defensive,DBFM,3930.818246,64.153657,94.827648,30.683031,-64.302104,15022.323956,284.313773,18600.880256,52.452718,-5775.919348,196.728598,9.667511,False,False,True,False,False,True,False,1-circle,-1.000000,260.167435,100.000000,100.000000,0.000000,0.000000,26.039450,-72.237932,-0.003327,2,0,3,0.0000,0.0000,0.0000,0.5000,"LeadPursuit",0.566128
168,A0100,adaptive_eagle,DBFM,3862.250146,60.035961,93.875504,33.840094,-60.164904,15015.172285,284.089914,18588.095549,-63.923535,-5881.955754,210.658761,13.412658,False,False,True,False,False,True,False,1-circle,-1.000000,264.207939,100.000000,100.000000,0.000000,0.000000,21.857675,-76.987915,0.343808,2,8,3,0.0000,0.0000,0.0000,0.5000,"LeadPursuit",-1.126683
168,B0100,defensive,DBFM,3862.250146,60.035961,93.875504,33.840094,-60.164904,15015.172285,284.089914,18588.095549,-63.923535,-5881.955754,210.658761,13.412658,False,False,True,False,False,True,False,1-circle,-1.000000,264.207939,100.000000,100.000000,0.000000,0.000000,21.857675,-76.987915,0.343808,2,0,3,0.0000,0.0000,0.0000,0.5000,"LeadPursuit",0.658555
169,A0100,adaptive_eagle,DBFM,3788.755860,55.543581,92.820636,37.279671,-55.663523,15008.391676,283.663026,18570.585304,-87.551225,-6057.034935,224.466781,45.258726,False,False,True,False,False,True,False,1-circle,-1.000000,267.015745,100.000000,100.000000,0.000000,0.000000,13.396384,-86.076130,0.306789,2,8,3,0.0000,0.0000,0.0000,0.5000,"LeadPursuit",-1.055332
169,B0100,defensive,DBFM,3788.755860,55.543581,92.820636,37.279671,-55.663523,15008.391676,283.663026,18570.585304,-87.551225,-6057.034935,224.466781,45.258726,False,False,True,False,False,True,False,1-circle,-1.000000,267.015745,100.000000,100.000000,0.000000,0.000000,13.396384,-86.076130,0.306789,2,0,3,0.0000,0.0000,0.0000,0.5000,"LeadPursuit",0.666671
170,A0100,adaptive_eagle,DBFM,3710.928179,51.419369,91.848147,40.428889,-51.549727,15001.098367,283.948762,18570.472043,-0.566305,-6175.228745,236.340469,177.695042,False,False,True,False,False,True,False,1-circle,-1.000000,269.557384,100.000000,100.000000,0.000000,0.000000,9.792808,-90.421418,-0.162515,2,8,3,0.0000,0.0000,0.0000,0.5000,"LeadPursuit",-0.899367
170,B0100,defensive,DBFM,3710.928179,51.419369,91.848147,40.428889,-51.549727,15001.098367,283.948762,18570.472043,-0.566305,-6175.228745,236.340469,177.695042,False,False,True,False,False,True,False,1-circle,-1.000000,269.557384,100.000000,100.000000,0.000000,0.000000,9.792808,-90.421418,-0.162515,2,0,3,0.0000,0.0000,0.0000,0.5000,"LeadPursuit",0.544027
171,A0100,adaptive_eagle,DBFM,3629.105511,47.946687,91.411447,43.470916,-48.086940,14992.838324,285.160233,18592.734546,111.312515,-6224.087412,249.655046,30.046864,False,False,True,False,False,True,False,1-circle,-1.000000,274.234711,100.000000,100.000000,0.000000,0.000000,17.063671,-84.129753,-0.707971,2,8,3,0.0000,0.0000,0.0000,0.5000,"LeadPursuit",-0.892385
171,B0100,defensive,DBFM,3629.105511,47.946687,91.411447,43.470916,-48.086940,14992.838324,285.160233,18592.734546,111.312515,-6224.087412,249.655046,30.046864,False,False,True,False,False,True,False,1-circle,-1.000000,274.234711,100.000000,100.000000,0.000000,0.000000,17.063671,-84.129753,-0.707971,2,0,3,0.0000,0.0000,0.0000,0.5000,"LeadPursuit",0.470045
172,A0100,adaptive_eagle,OBFM,3542.319878,44.544138,91.537297,47.008953,-44.687691,14983.842155,286.520290,18618.159285,127.123696,-6218.909553,267.125006,11.728459,False,False,True,False,False,True,False,1-circle,-1.000000,281.771159,100.000000,100.000000,0.000000,0.000000,27.199865,-75.306607,-0.834475,2,8,3,0.0000,0.0000,0.0000,0.5000,"LeadPursuit",-1.082533
172,B0100,defensive,OBFM,3542.319878,44.544138,91.537297,47.008953,-44.687691,14983.842155,286.520290,18618.159285,127.123696,-6218.909553,267.125006,11.728459,False,False,True,False,False,True,False,1-circle,-1.000000,281.771159,100.000000,100.000000,0.000000,0.000000,27.199865,-75.306607,-0.834475,2,0,3,0.0000,0.0000,0.0000,0.5000,"LeadPursuit",0.516897
173,A0100,adaptive_eagle,OBFM,3448.902581,40.594241,92.186533,51.598483,-40.725168,14974.671369,287.244392,18627.381220,46.109674,-6189.634774,290.229603,8.987780,False,False,True,False,False,True,False,1-circle,-1.000000,290.933346,100.000000,100.000000,0.000000,0.000000,33.060767,-71.150508,-0.491278,2,8,3,0.0000,0.0000,0.0000,0.5000,"LeadPursuit",-1.439135
173,B0100,defensive,OBFM,3448.902581,40.594241,92.186533,51.598483,-40.725168,14974.671369,287.244392,18627.381220,46.109674,-6189.634774,290.229603,8.987780,False,False,True,False,False,True,False,1-circle,-1.000000,290.933346,100.000000,100.000000,0.000000,0.000000,33.060767,-71.150508,-0.491278,2,0,3,0.0000,0.0000,0.0000,0.5000,"LeadPursuit",0.775869
174,A0100,adaptive_eagle,OBFM,3346.953969,35.745132,93.004962,57.261642,-35.842590,14966.041394,287.013480,18612.880878,-72.501706,-6169.395904,316.012156,12.338426,False,False,True,False,False,True,False,1-circle,-1.000000,299.969471,100.000000,100.000000,0.000000,0.000000,30.368522,-76.022618,-0.100635,2,8,3,0.0000,0.0000,0.0000,0.5000,"LeadPursuit",-1.574159
174,B0100,defensive,OBFM,3346.953969,35.745132,93.004962,57.261642,-35.842590,14966.041394,287.013480,18612.880878,-72.501706,-6169.395904,316.012156,12.338426,False,False,True,False,False,True,False,1-circle,-1.000000,299.969471,100.000000,100.000000,0.000000,0.000000,30.368522,-76.022618,-0.100635,2,1,3,0.0000,0.0000,0.0000,0.5000,"LeadPursuit",1.021908
175,A0100,adaptive_eagle,OBFM,3236.643766,30.828061,93.594753,62.791713,-30.895594,14957.881894,287.032612,18605.207574,-38.366519,-6142.966725,338.079639,16.506215,False,False,True,False,False,True,False,1-circle,-1.000000,307.710910,100.000000,100.000000,0.000000,0.000000,29.763824,-79.459504,0.133667,2,8,2,0.0000,0.0000,0.0000,0.5000,"LeadPursuit",-1.481293
175,B0100,defensive,OBFM,3236.643766,30.828061,93.594753,62.791713,-30.895594,14957.881894,287.032612,18605.207574,-38.366519,-6142.966725,338.079639,16.506215,False,False,True,False,False,True,False,1-circle,-1.000000,307.710910,100.000000,100.000000,0.000000,0.000000,29.763824,-79.459504,0.133667,2,1,2,0.0000,0.0000,0.0000,0.5000,"LeadPursuit",1.067304
176,A0100,adaptive_eagle,OBFM,3119.290107,26.523139,94.214005,67.771353,-26.559599,14949.667821,288.035608,18622.528201,86.603135,-6052.562558,357.486047,10.473511,False,False,True,False,False,True,False,1-circle,-1.000000,313.428964,100.000000,100.000000,0.000000,0.000000,39.291408,-73.706823,0.376744,2,8,2,0.0000,0.0000,0.0000,0.5000,"LeadPursuit",-1.773380
176,B0100,defensive,OBFM,3119.290107,26.523139,94.214005,67.771353,-26.559599,14949.667821,288.035608,18622.528201,86.603135,-6052.562558,357.486047,10.473511,False,False,True,False,False,True,False,1-circle,-1.000000,313.428964,100.000000,100.000000,0.000000,0.000000,39.291408,-73.706823,0.376744,2,2,2,0.0000,0.0000,0.0000,0.5000,"LeadPursuit",1.482935
177,A0100,adaptive_eagle,OBFM,2995.140738,21.982801,94.809581,73.025168,-21.947677,14941.500351,288.874562,18635.787567,66.296827,-5953.739657,375.266474,8.323321,False,False,True,False,False,True,False,1-circle,-1.000000,316.198086,100.000000,100.000000,0.000000,0.000000,48.360904,-69.856543,0.821751,2,8,2,0.0000,0.0000,0.0000,0.5000,"LeadPursuit",-2.548868
177,B0100,defensive,OBFM,2995.140738,21.982801,94.809581,73.025168,-21.947677,14941.500351,288.874562,18635.787567,66.296827,-5953.739657,375.266474,8.323321,False,False,True,False,False,True,False,1-circle,-1.000000,316.198086,100.000000,100.000000,0.000000,0.000000,48.360904,-69.856543,0.821751,2,2,2,0.0000,0.0000,0.0000,0.5000,"LeadPursuit",2.587063
178,A0100,adaptive_eagle,OBFM,2865.516577,16.519467,95.106239,79.011559,-16.315696,14934.027521,287.229434,18586.356956,-247.153055,-5962.313425,387.147980,10.926382,False,False,True,True,False,True,False,1-circle,-1.000000,315.734243,100.000000,100.000000,0.000000,0.000000,51.722984,-74.304421,1.286220,2,8,2,0.0000,0.0000,0.0000,0.5000,"LeadPursuit",-3.010574
178,B0100,defensive,OBFM,2865.516577,16.519467,95.106239,79.011559,-16.315696,14934.027521,287.229434,18586.356956,-247.153055,-5962.313425,387.147980,10.926382,False,False,True,True,False,True,False,1-circle,-1.000000,315.734243,100.000000,100.000000,0.000000,0.000000,51.722984,-74.304421,1.286220,2,3,2,0.0000,0.0000,0.0000,0.5000,"LeadPursuit",3.625752
179,A0100,adaptive_eagle,OBFM,2732.546161,10.866757,95.074199,84.953681,-10.379315,14927.256693,285.439652,18534.211204,-260.728760,-5982.925816,392.918880,13.414936,False,False,True,True,False,True,False,1-circle,-1.000000,312.772190,100.000000,100.000000,0.000000,0.000000,61.914619,-77.031395,1.618777,2,8,2,0.0000,0.0000,0.0000,0.5000,"LeadPursuit",-2.604923
179,B0100,defensive,OBFM,2732.546161,10.866757,95.074199,84.953681,-10.379315,14927.256693,285.439652,18534.211204,-260.728760,-5982.925816,392.918880,13.414936,False,False,True,True,False,True,False,1-circle,-1.000000,312.772190,100.000000,100.000000,0.000000,0.000000,61.914619,-77.031395,1.618777,2,2,2,0.0000,0.0000,0.0000,0.5000,"LeadPursuit",3.577566
180,A0100,adaptive_eagle,OBFM,2598.493999,6.051255,94.647990,90.055985,-4.859946,14920.679214,284.614458,18506.808753,-137.012255,-5972.545469,392.354412,8.928873,True,False,True,True,False,True,False,2-circle,-1.000000,308.729219,100.000000,99.938877,0.061123,0.000000,90.224969,-70.863146,1.999837,2,8,2,0.0000,0.0000,0.0000,0.5000,"LeadPursuit",-0.976989
180,B0100,defensive,OBFM,2598.493999,6.051255,94.647990,90.055985,-4.859946,14920.679214,284.614458,18506.808753,-137.012255,-5972.545469,392.354412,8.928873,True,False,True,True,False,True,False,2-circle,-1.000000,308.729219,100.000000,99.938877,0.061123,0.000000,90.224969,-70.863146,1.999837,2,3,2,0.0000,0.0000,0.0000,0.5000,"LeadPursuit",1.522343
181,A0100,adaptive_eagle,OBFM,2465.714097,4.111041,93.748383,94.764612,0.760551,14914.260697,284.084363,18487.044334,-98.822094,-5954.932082,384.603349,6.089590,True,False,True,True,False,True,False,2-circle,1.000000,304.662875,100.000000,99.773517,0.226483,0.000000,128.885017,-62.989266,2.792250,2,8,2,0.0000,0.0000,0.0000,0.5000,"LeadPursuit",1.763118
181,B0100,defensive,OBFM,2465.714097,4.111041,93.748383,94.764612,0.760551,14914.260697,284.084363,18487.044334,-98.822094,-5954.932082,384.603349,6.089590,True,False,True,True,False,True,False,2-circle,1.000000,304.662875,100.000000,99.773517,0.226483,0.000000,128.885017,-62.989266,2.792250,2,4,2,0.0000,0.0000,0.0000,0.5000,"LeadPursuit",-2.223023
182,A0100,adaptive_eagle,OBFM,2337.326962,8.244133,91.993615,99.042563,6.811232,14908.375024,283.471546,18465.761118,-106.416081,-5971.381097,365.353878,4.611944,False,False,True,True,False,True,False,2-circle,1.000000,301.107096,100.000000,99.773517,0.226483,0.000000,162.160251,-55.998060,4.068476,2,8,2,0.0000,0.0000,0.0000,0.5000,"LeadPursuit",3.044527
182,B0100,defensive,OBFM,2337.326962,8.244133,91.993615,99.042563,6.811232,14908.375024,283.471546,18465.761118,-106.416081,-5971.381097,365.353878,4.611944,False,False,True,True,False,True,False,2-circle,1.000000,301.107096,100.000000,99.773517,0.226483,0.000000,162.160251,-55.998060,4.068476,2,6,2,0.0000,0.0000,0.0000,0.5000,"LeadPursuit",-3.576588
183,A0100,adaptive_eagle,OBFM,2217.191187,14.002053,89.630190,102.862560,13.017959,14903.242084,283.238931,18454.792243,-54.844374,-5980.730708,337.025180,3.534854,False,False,True,True,False,True,False,2-circle,1.000000,297.772356,100.000000,99.773517,0.226483,0.000000,-174.523934,-48.624208,5.648759,2,8,2,0.0000,0.0000,0.0000,0.5000,"LeadPursuit",2.990031
183,B0100,defensive,OBFM,2217.191187,14.002053,89.630190,102.862560,13.017959,14903.242084,283.238931,18454.792243,-54.844374,-5980.730708,337.025180,3.534854,False,False,True,True,False,True,False,2-circle,1.000000,297.772356,100.000000,99.773517,0.226483,0.000000,-174.523934,-48.624208,5.648759,2,6,2,0.0000,0.0000,0.0000,0.5000,"LeadPursuit",-3.419847
184,A0100,adaptive_eagle,OBFM,2107.727411,20.358857,86.791800,106.560704,19.576238,14898.657270,284.721404,18487.482340,163.450482,-5916.263065,301.719301,2.615545,False,False,True,True,False,True,False,2-circle,1.000000,294.584229,100.000000,99.773517,0.226483,0.000000,-156.817369,-40.171406,7.006109,2,8,2,0.0000,0.0000,0.0000,0.5000,"LeadPursuit",2.649933
184,B0100,defensive,OBFM,2107.727411,20.358857,86.791800,106.560704,19.576238,14898.657270,284.721404,18487.482340,163.450482,-5916.263065,301.719301,2.615545,False,False,True,True,False,True,False,2-circle,1.000000,294.584229,100.000000,99.773517,0.226483,0.000000,-156.817369,-40.171406,7.006109,2,6,2,0.0000,0.0000,0.0000,0.5000,"LeadPursuit",-2.628013
185,A0100,adaptive_eagle,OBFM,2011.802916,27.003277,83.379049,109.939327,26.393240,14894.463984,286.734389,18534.214559,233.661097,-5828.446899,256.964083,1.939143,False,False,True,True,False,True,False,2-circle,1.000000,291.166391,100.000000,99.773517,0.226483,0.000000,-143.109053,-32.216832,6.033026,2,8,2,0.0000,0.0000,0.0000,0.5000,"LeadPursuit",2.357301
185,B0100,defensive,OBFM,2011.802916,27.003277,83.379049,109.939327,26.393240,14894.463984,286.734389,18534.214559,233.661097,-5828.446899,256.964083,1.939143,False,False,True,True,False,True,False,2-circle,1.000000,291.166391,100.000000,99.773517,0.226483,0.000000,-143.109053,-32.216832,6.033026,2,6,2,0.0000,0.0000,0.0000,0.5000,"LeadPursuit",-1.963334
186,A0100,adaptive_eagle,OBFM,1932.295671,33.839282,79.685048,113.245805,33.442830,14890.022648,289.682685,18605.008237,353.968388,-5674.224761,205.866336,1.346501,False,False,True,True,False,True,False,2-circle,1.000000,287.565405,100.000000,99.773517,0.226483,0.000000,-130.899866,-23.840278,3.761207,2,8,2,0.0000,0.0000,0.0000,0.5000,"LeadPursuit",2.155355
186,B0100,defensive,OBFM,1932.295671,33.839282,79.685048,113.245805,33.442830,14890.022648,289.682685,18605.008237,353.968388,-5674.224761,205.866336,1.346501,False,False,True,True,False,True,False,2-circle,1.000000,287.565405,100.000000,99.773517,0.226483,0.000000,-130.899866,-23.840278,3.761207,2,7,2,0.0000,0.0000,0.0000,0.5000,"LeadPursuit",-1.509447
187,A0100,adaptive_eagle,OBFM,1871.511540,40.957207,75.577203,116.396714,40.816746,14884.380997,293.214788,18690.512569,427.521661,-5482.035471,146.430614,0.717106,False,False,True,True,False,True,False,2-circle,1.000000,284.895406,100.000000,99.773517,0.226483,0.000000,-117.808469,-13.392725,0.973750,2,8,2,0.0000,0.0000,0.0000,0.5000,"LeadPursuit",2.016079
187,B0100,defensive,OBFM,1871.511540,40.957207,75.577203,116.396714,40.816746,14884.380997,293.214788,18690.512569,427.521661,-5482.035471,146.430614,0.717106,False,False,True,True,False,True,False,2-circle,1.000000,284.895406,100.000000,99.773517,0.226483,0.000000,-117.808469,-13.392725,0.973750,2,8,2,0.0000,0.0000,0.0000,0.5000,"LeadPursuit",-1.192209
188,A0100,adaptive_eagle,DBFM,1833.594574,48.513768,70.586530,119.051675,48.637842,14876.580880,296.934866,18779.903498,446.954644,-5317.208200,73.256475,0.003000,False,False,True,False,False,True,False,2-circle,1.000000,284.778573,100.000000,99.773517,0.226483,0.000000,-102.638020,-0.057758,-1.399779,2,8,2,0.0000,0.0000,0.0000,0.5000,"LeadPursuit",1.879568
188,B0100,defensive,DBFM,1833.594574,48.513768,70.586530,119.051675,48.637842,14876.580880,296.934866,18779.903498,446.954644,-5317.208200,73.256475,0.003000,False,False,True,False,False,True,False,2-circle,1.000000,284.778573,100.000000,99.773517,0.226483,0.000000,-102.638020,-0.057758,-1.399779,2,8,2,0.0000,0.0000,0.0000,0.5000,"LeadPursuit",-0.931467
189,A0100,adaptive_eagle,HABFM,1823.096097,56.536514,65.150588,121.670199,56.844815,14866.674889,300.220058,18856.845512,384.710073,-5180.374872,-10.193367,0.822153,False,False,True,False,False,True,False,2-circle,1.000000,287.017935,100.000000,99.773517,0.226483,0.000000,-85.665666,15.600707,0.402075,2,8,2,0.0000,0.0000,0.0000,0.5000,"LeadPursuit",1.719098
189,B0100,defensive,HABFM,1823.096097,56.536514,65.150588,121.670199,56.844815,14866.674889,300.220058,18856.845512,384.710073,-5180.374872,-10.193367,0.822153,False,False,True,False,False,True,False,2-circle,1.000000,287.017935,100.000000,99.773517,0.226483,0.000000,-85.665666,15.600707,0.402075,2,8,2,0.0000,0.0000,0.0000,0.5000,"LeadPursuit",-0.712553
190,A0100,adaptive_eagle,HABFM,1841.719380,64.580026,60.004809,124.576685,64.997181,14855.989479,301.977978,18893.025297,180.898923,-5067.040638,-94.870850,1.747336,False,False,True,False,False,True,False,2-circle,1.000000,289.894500,100.000000,99.773517,0.226483,0.000000,-69.434878,30.824358,4.664196,2,8,2,0.0000,0.0000,0.0000,0.5000,"LeadPursuit",1.544198
190,B0100,defensive,HABFM,1841.719380,64.580026,60.004809,124.576685,64.997181,14855.989479,301.977978,18893.025297,180.898923,-5067.040638,-94.870850,1.747336,False,False,True,False,False,True,False,2-circle,1.000000,289.894500,100.000000,99.773517,0.226483,0.000000,-69.434878,30.824358,4.664196,2,8,2,0.0000,0.0000,0.0000,0.5000,"LeadPursuit",-0.543751
191,A0100,adaptive_eagle,HABFM,1888.700139,72.234872,55.150731,127.375581,72.715698,14845.440842,303.043282,18911.010244,89.924735,-4965.842809,-176.524950,2.792933,False,False,True,False,False,True,False,2-circle,1.000000,292.787159,100.000000,99.773517,0.226483,0.000000,-55.723509,43.737158,7.194807,2,8,2,0.0000,0.0000,0.0000,0.5000,"LeadPursuit",1.362417
191,B0100,defensive,HABFM,1888.700139,72.234872,55.150731,127.375581,72.715698,14845.440842,303.043282,18911.010244,89.924735,-4965.842809,-176.524950,2.792933,False,False,True,False,False,True,False,2-circle,1.000000,292.787159,100.000000,99.773517,0.226483,0.000000,-55.723509,43.737158,7.194807,2,8,2,0.0000,0.0000,0.0000,0.5000,"LeadPursuit",-0.416204
192,A0100,adaptive_eagle,HABFM,1963.062957,79.256612,50.231705,129.467868,79.771573,14835.475283,303.690077,18918.417764,37.037602,-4917.914796,-255.239648,3.890888,False,False,True,False,False,True,False,2-circle,1.000000,295.934109,100.000000,99.773517,0.226483,0.000000,-45.647995,53.176394,8.244484,2,8,2,0.0000,0.0000,0.0000,0.5000,"LeadPursuit",1.135210
192,B0100,defensive,HABFM,1963.062957,79.256612,50.231705,129.467868,79.771573,14835.475283,303.690077,18918.417764,37.037602,-4917.914796,-255.239648,3.890888,False,False,True,False,False,True,False,2-circle,1.000000,295.934109,100.000000,99.773517,0.226483,0.000000,-45.647995,53.176394,8.244484,2,8,2,0.0000,0.0000,0.0000,0.5000,"LeadPursuit",-0.305173
193,A0100,adaptive_eagle,HABFM,2062.802638,85.279460,45.703827,130.944925,85.775708,14826.382957,303.585353,18906.510021,-59.538716,-4911.720657,-323.973439,4.415167,False,False,True,False,False,True,False,2-circle,1.000000,298.888531,100.000000,99.773517,0.226483,0.000000,-41.729606,56.569705,8.391016,1,8,4,0.0000,0.0000,0.0000,0.5000,"HeadOnBreak",0.687115
193,B0100,defensive,HABFM,2062.802638,85.279460,45.703827,130.944925,85.775708,14826.382957,303.585353,18906.510021,-59.538716,-4911.720657,-323.973439,4.415167,False,False,True,False,False,True,False,2-circle,1.000000,298.888531,100.000000,99.773517,0.226483,0.000000,-41.729606,56.569705,8.391016,2,8,2,0.0000,0.0000,0.0000,0.5000,"LeadPursuit",-0.239737
194,A0100,adaptive_eagle,HABFM,2183.823519,90.606066,41.821637,132.380609,91.066423,14818.552852,303.268603,18890.170232,-81.698945,-4907.522777,-382.309138,4.233023,False,False,False,False,False,True,False,2-circle,1.000000,300.841036,100.000000,99.773517,0.226483,0.000000,-42.422808,55.420827,8.125926,1,8,4,0.0000,0.0000,0.0000,0.5000,"HeadOnBreak",-0.064563
194,B0100,defensive,HABFM,2183.823519,90.606066,41.821637,132.380609,91.066423,14818.552852,303.268603,18890.170232,-81.698945,-4907.522777,-382.309138,4.233023,False,False,False,False,False,True,False,2-circle,1.000000,300.841036,100.000000,99.773517,0.226483,0.000000,-42.422808,55.420827,8.125926,2,8,2,0.0000,0.0000,0.0000,0.5000,"LeadPursuit",-0.186796
195,A0100,adaptive_eagle,HABFM,2322.690067,95.202819,38.522359,133.684567,95.606162,14811.923804,302.688756,18867.986261,-110.919858,-4914.131699,-430.784920,4.161113,False,False,False,False,False,True,False,2-circle,1.000000,301.216987,100.000000,99.773517,0.226483,0.000000,-42.520492,54.908220,8.050335,1,8,4,0.0000,0.0000,0.0000,0.5000,"HeadOnBreak",-0.044523
195,B0100,defensive,HABFM,2322.690067,95.202819,38.522359,133.684567,95.606162,14811.923804,302.688756,18867.986261,-110.919858,-4914.131699,-430.784920,4.161113,False,False,False,False,False,True,False,2-circle,1.000000,301.216987,100.000000,99.773517,0.226483,0.000000,-42.520492,54.908220,8.050335,2,8,2,0.0000,0.0000,0.0000,0.5000,"LeadPursuit",-0.145303
196,A0100,adaptive_eagle,HABFM,2475.771229,99.111364,36.079033,135.167453,99.434208,14806.692683,301.827488,18839.705817,-141.402218,-4905.562649,-468.187106,4.315730,False,False,False,False,False,True,False,2-circle,1.000000,299.124604,100.000000,99.773517,0.226483,0.000000,-41.216351,55.809836,8.378892,1,8,4,0.0000,0.0000,0.0000,0.5000,"HeadOnBreak",-0.032383
196,B0100,defensive,HABFM,2475.771229,99.111364,36.079033,135.167453,99.434208,14806.692683,301.827488,18839.705817,-141.402218,-4905.562649,-468.187106,4.315730,False,False,False,False,False,True,False,2-circle,1.000000,299.124604,100.000000,99.773517,0.226483,0.000000,-41.216351,55.809836,8.378892,2,8,2,0.0000,0.0000,0.0000,0.5000,"LeadPursuit",-0.118289
197,A0100,adaptive_eagle,HABFM,2639.540799,102.511135,34.307797,136.806513,102.751988,14802.945654,300.908353,18811.433259,-141.362792,-4886.702535,-497.560946,4.509934,False,False,False,False,False,True,False,2-circle,1.000000,294.470163,100.000000,99.773517,0.226483,0.000000,-39.737938,56.893558,8.777388,1,8,4,0.0000,0.0000,0.0000,0.5000,"HeadOnBreak",-0.027848
197,B0100,defensive,HABFM,2639.540799,102.511135,34.307797,136.806513,102.751988,14802.945654,300.908353,18811.433259,-141.362792,-4886.702535,-497.560946,4.509934,False,False,False,False,False,True,False,2-circle,1.000000,294.470163,100.000000,99.773517,0.226483,0.000000,-39.737938,56.893558,8.777388,2,8,2,0.0000,0.0000,0.0000,0.5000,"LeadPursuit",-0.097295
198,A0100,adaptive_eagle,HABFM,2812.100276,105.460284,32.881954,138.329010,105.625592,14800.609362,299.964645,18783.993583,-137.198379,-4879.733263,-521.803709,4.722449,False,False,False,False,False,True,False,2-circle,1.000000,288.108864,100.000000,99.773517,0.226483,0.000000,-38.247424,58.010010,9.161055,1,8,4,0.0000,0.0000,0.0000,0.5000,"HeadOnBreak",-0.028254
198,B0100,defensive,HABFM,2812.100276,105.460284,32.881954,138.329010,105.625592,14800.609362,299.964645,18783.993583,-137.198379,-4879.733263,-521.803709,4.722449,False,False,False,False,False,True,False,2-circle,1.000000,288.108864,100.000000,99.773517,0.226483,0.000000,-38.247424,58.010010,9.161055,2,8,2,0.0000,0.0000,0.0000,0.5000,"LeadPursuit",-0.080185
199,A0100,adaptive_eagle,HABFM,2992.154190,108.000098,31.453444,139.432097,108.099337,14799.597199,298.996168,18757.301145,-133.462191,-4907.794592,-543.521364,4.959336,False,False,False,False,False,True,False,2-circle,1.000000,280.980973,100.000000,99.773517,0.226483,0.000000,-36.739268,59.176972,9.518000,1,8,4,0.0000,0.0000,0.0000,0.5000,"HeadOnBreak",-0.022693
199,B0100,defensive,HABFM,2992.154190,108.000098,31.453444,139.432097,108.099337,14799.597199,298.996168,18757.301145,-133.462191,-4907.794592,-543.521364,4.959336,False,False,False,False,False,True,False,2-circle,1.000000,280.980973,100.000000,99.773517,0.226483,0.000000,-36.739268,59.176972,9.518000,2,8,2,0.0000,0.0000,0.0000,0.5000,"LeadPursuit",-0.065991
200,A0100,adaptive_eagle,HABFM,3178.916766,110.167407,30.267373,140.409133,110.211123,14799.820764,298.006829,18731.376993,-129.620757,-4946.884487,-561.510943,5.221167,False,False,False,False,False,True,False,2-circle,1.000000,273.078559,100.000000,99.773517,0.226483,0.000000,-35.220255,60.379053,9.842211,1,8,4,0.0000,0.0000,0.0000,0.5000,"HeadOnBreak",-0.014536
200,B0100,defensive,HABFM,3178.916766,110.167407,30.267373,140.409133,110.211123,14799.820764,298.006829,18731.376993,-129.620757,-4946.884487,-561.510943,5.221167,False,False,False,False,False,True,False,2-circle,1.000000,273.078559,100.000000,99.773517,0.226483,0.000000,-35.220255,60.379053,9.842211,2,8,2,0.0000,0.0000,0.0000,0.5000,"LeadPursuit",-0.054639
201,A0100,adaptive_eagle,HABFM,3370.863991,112.014396,29.475491,141.469728,112.013493,14801.188362,297.001116,18706.252947,-125.620232,-4978.992735,-575.285085,5.507024,False,False,False,False,False,True,False,2-circle,1.000000,264.103931,100.000000,99.773517,0.226483,0.000000,-33.701184,61.595179,10.129609,1,8,4,0.0000,0.0000,0.0000,0.5000,"HeadOnBreak",-0.008356
201,B0100,defensive,HABFM,3370.863991,112.014396,29.475491,141.469728,112.013493,14801.188362,297.001116,18706.252947,-125.620232,-4978.992735,-575.285085,5.507024,False,False,False,False,False,True,False,2-circle,1.000000,264.103931,100.000000,99.773517,0.226483,0.000000,-33.701184,61.595179,10.129609,2,8,3,0.0000,0.0000,0.0000,0.5000,"LeadPursuit",-0.045487
202,A0100,adaptive_eagle,HABFM,3566.748975,113.586366,28.975108,142.554506,113.551565,14803.606481,295.982434,18681.929110,-121.619184,-5011.310121,-585.881850,5.816901,False,False,False,False,False,True,False,2-circle,1.000000,253.540092,100.000000,99.773517,0.226483,0.000000,-32.182678,62.811098,10.377756,1,8,4,0.0000,0.0000,0.0000,0.5000,"HeadOnBreak",0.001822
202,B0100,defensive,HABFM,3566.748975,113.586366,28.975108,142.554506,113.551565,14803.606481,295.982434,18681.929110,-121.619184,-5011.310121,-585.881850,5.816901,False,False,False,False,False,True,False,2-circle,1.000000,253.540092,100.000000,99.773517,0.226483,0.000000,-32.182678,62.811098,10.377756,2,8,3,0.0000,0.0000,0.0000,0.5000,"LeadPursuit",-0.036518
203,A0100,adaptive_eagle,HABFM,3765.457248,114.875595,29.040978,143.916541,114.814601,14807.036406,296.465345,18698.024722,80.478059,-4959.130898,-592.454383,6.121787,False,False,False,False,False,True,False,2-circle,1.000000,240.754189,100.000000,99.773517,0.226483,0.000000,-30.657342,64.019687,10.571652,1,8,4,0.0000,0.0000,0.0000,0.5000,"HeadOnBreak",0.006782
203,B0100,defensive,HABFM,3765.457248,114.875595,29.040978,143.916541,114.814601,14807.036406,296.465345,18698.024722,80.478059,-4959.130898,-592.454383,6.121787,False,False,False,False,False,True,False,2-circle,1.000000,240.754189,100.000000,99.773517,0.226483,0.000000,-30.657342,64.019687,10.571652,2,8,3,0.0000,0.0000,0.0000,0.5000,"LeadPursuit",-0.030954
204,A0100,adaptive_eagle,HABFM,3965.610984,115.977630,29.464246,145.437459,115.901207,14811.459857,297.065679,18718.222417,100.988474,-4890.792490,-596.165532,6.458297,False,False,False,False,False,True,False,2-circle,1.000000,225.775171,100.000000,99.773517,0.226483,0.000000,-29.094546,65.251149,10.720635,1,8,4,0.0000,0.0000,0.0000,0.5000,"HeadOnBreak",0.005765
204,B0100,defensive,HABFM,3965.610984,115.977630,29.464246,145.437459,115.901207,14811.459857,297.065679,18718.222417,100.988474,-4890.792490,-596.165532,6.458297,False,False,False,False,False,True,False,2-circle,1.000000,225.775171,100.000000,99.773517,0.226483,0.000000,-29.094546,65.251149,10.720635,2,8,3,0.0000,0.0000,0.0000,0.5000,"LeadPursuit",-0.026183
205,A0100,adaptive_eagle,HABFM,4166.843163,116.913491,29.904926,146.813759,116.831405,14816.799392,297.712739,18740.599676,111.886296,-4832.112643,-599.031377,6.838454,False,False,False,False,False,True,False,2-circle,1.000000,209.489748,100.000000,99.773517,0.226483,0.000000,-27.493067,66.519627,10.838170,1,8,4,0.0000,0.0000,0.0000,0.5000,"HeadOnBreak",0.000403
205,B0100,defensive,HABFM,4166.843163,116.913491,29.904926,146.813759,116.831405,14816.799392,297.712739,18740.599676,111.886296,-4832.112643,-599.031377,6.838454,False,False,False,False,False,True,False,2-circle,1.000000,209.489748,100.000000,99.773517,0.226483,0.000000,-27.493067,66.519627,10.838170,2,8,3,0.0000,0.0000,0.0000,0.5000,"LeadPursuit",-0.021923
206,A0100,adaptive_eagle,HABFM,4369.143868,117.697580,30.052429,147.748485,117.617930,14822.975528,298.350497,18763.604905,115.026148,-4807.672591,-602.933599,7.269212,False,False,False,False,False,True,False,2-circle,1.000000,192.852937,100.000000,99.773517,0.226483,0.000000,-25.875963,67.815335,10.921750,1,8,4,0.0000,0.0000,0.0000,0.5000,"HeadOnBreak",0.001313
206,B0100,defensive,HABFM,4369.143868,117.697580,30.052429,147.748485,117.617930,14822.975528,298.350497,18763.604905,115.026148,-4807.672591,-602.933599,7.269212,False,False,False,False,False,True,False,2-circle,1.000000,192.852937,100.000000,99.773517,0.226483,0.000000,-25.875963,67.815335,10.921750,2,8,3,0.0000,0.0000,0.0000,0.5000,"LeadPursuit",-0.017943
207,A0100,adaptive_eagle,HABFM,4572.812428,118.336606,30.220259,148.556176,118.265881,14829.905071,298.972462,18786.981461,116.882780,-4793.634948,-606.091098,7.756787,False,False,False,False,False,True,False,2-circle,1.000000,175.872545,100.000000,99.773517,0.226483,0.000000,-24.250314,69.126172,10.967706,1,8,4,0.0000,0.0000,0.0000,0.5000,"HeadOnBreak",0.005719
207,B0100,defensive,HABFM,4572.812428,118.336606,30.220259,148.556176,118.265881,14829.905071,298.972462,18786.981461,116.882780,-4793.634948,-606.091098,7.756787,False,False,False,False,False,True,False,2-circle,1.000000,175.872545,100.000000,99.773517,0.226483,0.000000,-24.250314,69.126172,10.967706,2,8,3,0.0000,0.0000,0.0000,0.5000,"LeadPursuit",-0.014542
208,A0100,adaptive_eagle,HABFM,4777.234311,118.848880,30.608810,149.455954,118.792218,14837.503261,299.579426,18810.663020,118.407794,-4772.563986,-607.383356,8.309759,False,False,False,False,False,True,False,2-circle,1.000000,158.269336,100.000000,99.773517,0.226483,0.000000,-22.616029,70.443661,10.973133,1,8,4,0.0000,0.0000,0.0000,0.5000,"HeadOnBreak",0.014375
208,B0100,defensive,HABFM,4777.234311,118.848880,30.608810,149.455954,118.792218,14837.503261,299.579426,18810.663020,118.407794,-4772.563986,-607.383356,8.309759,False,False,False,False,False,True,False,2-circle,1.000000,158.269336,100.000000,99.773517,0.226483,0.000000,-22.616029,70.443661,10.973133,2,8,3,0.0000,0.0000,0.0000,0.5000,"LeadPursuit",-0.011695
209,A0100,adaptive_eagle,HABFM,4981.650942,119.252752,31.474005,150.721471,119.214206,14845.683880,300.172656,18834.594594,119.657871,-4721.591064,-605.282898,8.940353,False,False,False,False,False,True,False,2-circle,1.000000,139.629184,100.000000,99.773517,0.226483,0.000000,-20.966584,71.762993,10.936226,1,8,4,0.0000,0.0000,0.0000,0.5000,"HeadOnBreak",0.017587
209,B0100,defensive,HABFM,4981.650942,119.252752,31.474005,150.721471,119.214206,14845.683880,300.172656,18834.594594,119.657871,-4721.591064,-605.282898,8.940353,False,False,False,False,False,True,False,2-circle,1.000000,139.629184,100.000000,99.773517,0.226483,0.000000,-20.966584,71.762993,10.936226,2,8,3,0.0000,0.0000,0.0000,0.5000,"LeadPursuit",-0.009431
210,A0100,adaptive_eagle,HABFM,5184.945156,119.569944,32.529962,152.096022,119.552114,14854.359259,300.753852,18858.731620,120.685128,-4658.494903,-601.467224,9.665317,False,False,False,False,False,True,False,2-circle,1.000000,120.288135,100.000000,99.773517,0.226483,0.000000,-19.307619,73.081512,10.855914,1,8,4,0.0000,0.0000,0.0000,0.5000,"HeadOnBreak",0.010274
210,B0100,defensive,HABFM,5184.945156,119.569944,32.529962,152.096022,119.552114,14854.359259,300.753852,18858.731620,120.685128,-4658.494903,-601.467224,9.665317,False,False,False,False,False,True,False,2-circle,1.000000,120.288135,100.000000,99.773517,0.226483,0.000000,-19.307619,73.081512,10.855914,2,8,3,0.0000,0.0000,0.0000,0.5000,"LeadPursuit",-0.007277
211,A0100,adaptive_eagle,HABFM,5387.301469,119.806062,33.170907,152.976126,119.809766,14863.440236,301.325083,18883.038298,121.533388,-4634.040140,-599.778258,10.507291,False,False,False,False,False,True,False,2-circle,1.000000,101.041633,100.000000,99.773517,0.226483,0.000000,-17.651096,74.397560,10.731551,1,8,4,0.0000,0.0000,0.0000,0.5000,"HeadOnBreak",0.009600
211,B0100,defensive,HABFM,5387.301469,119.806062,33.170907,152.976126,119.809766,14863.440236,301.325083,18883.038298,121.533388,-4634.040140,-599.778258,10.507291,False,False,False,False,False,True,False,2-circle,1.000000,101.041633,100.000000,99.773517,0.226483,0.000000,-17.651096,74.397560,10.731551,2,8,3,0.0000,0.0000,0.0000,0.5000,"LeadPursuit",-0.005124
212,A0100,adaptive_eagle,HABFM,5589.314768,119.961334,33.752115,153.713111,119.986297,14872.836118,301.888703,18907.485321,122.235118,-4622.451085,-598.113850,11.497119,False,False,False,False,False,True,False,2-circle,1.000000,81.868010,100.000000,99.773517,0.226483,0.000000,-15.992358,75.709884,10.562736,1,8,4,0.0000,0.0000,0.0000,0.5000,"HeadOnBreak",0.012821
212,B0100,defensive,HABFM,5589.314768,119.961334,33.752115,153.713111,119.986297,14872.836118,301.888703,18907.485321,122.235118,-4622.451085,-598.113850,11.497119,False,False,False,False,False,True,False,2-circle,1.000000,81.868010,100.000000,99.773517,0.226483,0.000000,-15.992358,75.709884,10.562736,2,8,3,0.0000,0.0000,0.0000,0.5000,"LeadPursuit",-0.003239
213,A0100,adaptive_eagle,HABFM,5790.582577,120.045698,34.490481,154.534551,120.090984,14882.454682,302.447264,18932.047688,122.811833,-4605.541438,-595.134057,12.677665,False,False,False,False,False,True,False,2-circle,1.000000,62.457075,100.000000,99.773517,0.226483,0.000000,-14.321028,77.017366,10.349214,1,8,4,0.0000,0.0000,0.0000,0.5000,"HeadOnBreak",0.021091
213,B0100,defensive,HABFM,5790.582577,120.045698,34.490481,154.534551,120.090984,14882.454682,302.447264,18932.047688,122.811833,-4605.541438,-595.134057,12.677665,False,False,False,False,False,True,False,2-circle,1.000000,62.457075,100.000000,99.773517,0.226483,0.000000,-14.321028,77.017366,10.349214,2,8,3,0.0000,0.0000,0.0000,0.5000,"LeadPursuit",-0.001640
214,A0100,adaptive_eagle,HABFM,5990.496200,120.069851,35.660495,155.723752,120.134130,14892.202205,303.003452,18956.702969,123.276405,-4559.206159,-589.029975,14.110182,False,False,False,False,False,True,False,2-circle,1.000000,42.378531,100.000000,99.773517,0.226483,0.000000,-12.622213,78.318933,10.090832,1,8,4,0.0000,0.0000,0.0000,0.5000,"HeadOnBreak",0.024427
214,B0100,defensive,HABFM,5990.496200,120.069851,35.660495,155.723752,120.134130,14892.202205,303.003452,18956.702969,123.276405,-4559.206159,-589.029975,14.110182,False,False,False,False,False,True,False,2-circle,1.000000,42.378531,100.000000,99.773517,0.226483,0.000000,-12.622213,78.318933,10.090832,2,8,3,0.0000,0.0000,0.0000,0.5000,"LeadPursuit",-0.000389
215,A0100,adaptive_eagle,HABFM,6187.983886,120.048176,36.991806,157.032938,120.129279,14901.983529,303.560036,18981.430096,123.635636,-4499.666931,-581.440776,15.885326,False,False,False,False,False,True,False,2-circle,1.000000,21.944807,100.000000,99.773517,0.226483,0.000000,-10.894842,79.613530,9.787516,1,8,4,0.0000,0.0000,0.0000,0.5000,"HeadOnBreak",0.016250
215,B0100,defensive,HABFM,6187.983886,120.048176,36.991806,157.032938,120.129279,14901.983529,303.560036,18981.430096,123.635636,-4499.666931,-581.440776,15.885326,False,False,False,False,False,True,False,2-circle,1.000000,21.944807,100.000000,99.773517,0.226483,0.000000,-10.894842,79.613530,9.787516,2,8,3,0.0000,0.0000,0.0000,0.5000,"LeadPursuit",0.000853
216,A0100,adaptive_eagle,HABFM,6383.340658,119.983095,37.874545,157.853035,120.077735,14911.702132,304.119838,19006.208571,123.892377,-4477.909934,-576.497036,18.143197,False,False,False,False,False,True,False,2-circle,1.000000,1.951739,100.000000,99.773517,0.226483,0.000000,-9.147371,80.900124,9.439258,1,8,4,0.0000,0.0000,0.0000,0.5000,"HeadOnBreak",0.014727
216,B0100,defensive,HABFM,6383.340658,119.983095,37.874545,157.853035,120.077735,14911.702132,304.119838,19006.208571,123.892377,-4477.909934,-576.497036,18.143197,False,False,False,False,False,True,False,2-circle,1.000000,1.951739,100.000000,99.773517,0.226483,0.000000,-9.147371,80.900124,9.439258,2,8,3,0.0000,0.0000,0.0000,0.5000,"LeadPursuit",0.002171
217,A0100,adaptive_eagle,HABFM,6577.327026,119.872486,38.663713,158.529966,119.977059,14921.260226,304.685704,19031.017875,124.046518,-4468.953133,-571.954907,21.115729,False,False,False,False,False,False,False,2-circle,1.000000,-17.606121,100.000000,99.773517,0.226483,0.000000,-7.367663,82.178935,9.046206,1,8,4,0.0000,0.0000,0.0000,0.5000,"HeadOnBreak",0.017526
217,B0100,defensive,HABFM,6577.327026,119.872486,38.663713,158.529966,119.977059,14921.260226,304.685704,19031.017875,124.046518,-4468.953133,-571.954907,21.115729,False,False,False,False,False,False,False,2-circle,1.000000,-17.606121,100.000000,99.773517,0.226483,0.000000,-7.367663,82.178935,9.046206,2,8,0,0.0000,0.0000,0.0000,0.5000,"Pursue",0.001859
218,A0100,adaptive_eagle,HABFM,6769.546660,119.777835,39.585750,159.346708,119.887911,14930.518295,303.826868,19017.139767,-69.390538,-4511.437505,-565.765862,25.335248,False,False,False,False,False,False,False,2-circle,1.000000,-36.993103,100.000000,99.773517,0.226483,0.000000,-5.530924,83.452340,8.611828,1,8,4,0.0000,0.0000,0.0000,0.5000,"HeadOnBreak",0.026115
218,B0100,defensive,HABFM,6769.546660,119.777835,39.585750,159.346708,119.887911,14930.518295,303.826868,19017.139767,-69.390538,-4511.437505,-565.765862,25.335248,False,False,False,False,False,False,False,2-circle,1.000000,-36.993103,100.000000,99.773517,0.226483,0.000000,-5.530924,83.452340,8.611828,2,8,0,0.0000,0.0000,0.0000,0.5000,"Pursue",0.002684
219,A0100,adaptive_eagle,HABFM,6959.303133,119.656779,40.926340,160.540572,119.768750,14939.312315,302.693981,18995.514818,-108.124747,-4535.138241,-556.309451,31.301044,False,False,False,False,False,False,False,2-circle,1.000000,-56.567439,100.000000,99.773517,0.226483,0.000000,-3.650334,84.673913,8.132874,1,8,4,0.0000,0.0000,0.0000,0.5000,"HeadOnBreak",0.029936
219,B0100,defensive,HABFM,6959.303133,119.656779,40.926340,160.540572,119.768750,14939.312315,302.693981,18995.514818,-108.124747,-4535.138241,-556.309451,31.301044,False,False,False,False,False,False,False,2-circle,1.000000,-56.567439,100.000000,99.773517,0.226483,0.000000,-3.650334,84.673913,8.132874,2,8,0,0.0000,0.0000,0.0000,0.5000,"Pursue",0.003513
220,A0100,adaptive_eagle,HABFM,7145.482296,119.510145,42.423078,161.871481,119.620506,14947.543370,301.584496,18974.065414,-107.247022,-4543.938555,-545.411955,40.142300,False,False,False,False,False,False,False,2-circle,1.000000,-76.024210,100.000000,99.773517,0.226483,0.000000,-1.714605,85.828043,7.607334,1,8,4,0.0000,0.0000,0.0000,0.5000,"HeadOnBreak",0.021075
220,B0100,defensive,HABFM,7145.482296,119.510145,42.423078,161.871481,119.620506,14947.543370,301.584496,18974.065414,-107.247022,-4543.938555,-545.411955,40.142300,False,False,False,False,False,False,False,2-circle,1.000000,-76.024210,100.000000,99.773517,0.226483,0.000000,-1.714605,85.828043,7.607334,2,8,0,0.0000,0.0000,0.0000,0.5000,"Pursue",0.004304
221,A0100,adaptive_eagle,HABFM,7328.446034,119.340684,43.458825,162.725290,119.445716,14955.119542,300.503629,18952.831522,-106.169458,-4588.895639,-537.555098,54.716123,False,False,False,False,False,False,False,2-circle,1.000000,-94.566086,100.000000,99.773517,0.226483,0.000000,0.310815,86.926463,7.039350,1,8,4,0.0000,0.0000,0.0000,0.5000,"HeadOnBreak",0.019082
221,B0100,defensive,HABFM,7328.446034,119.340684,43.458825,162.725290,119.445716,14955.119542,300.503629,18952.831522,-106.169458,-4588.895639,-537.555098,54.716123,False,False,False,False,False,False,False,2-circle,1.000000,-94.566086,100.000000,99.773517,0.226483,0.000000,0.310815,86.926463,7.039350,2,8,0,0.0000,0.0000,0.0000,0.5000,"Pursue",0.005146
222,A0100,adaptive_eagle,HABFM,7509.081043,119.146707,44.386826,163.426212,119.243127,14961.952297,299.455870,18931.835415,-104.980534,-4645.381692,-530.344594,83.624512,False,False,False,False,False,False,False,2-circle,1.000000,-112.189290,100.000000,99.773517,0.226483,0.000000,2.506146,87.981255,6.432564,1,8,4,0.0000,0.0000,0.0000,0.5000,"HeadOnBreak",0.021787
222,B0100,defensive,HABFM,7509.081043,119.146707,44.386826,163.426212,119.243127,14961.952297,299.455870,18931.835415,-104.980534,-4645.381692,-530.344594,83.624512,False,False,False,False,False,False,False,2-circle,1.000000,-112.189290,100.000000,99.773517,0.226483,0.000000,2.506146,87.981255,6.432564,2,8,0,0.0000,0.0000,0.0000,0.5000,"Pursue",0.005880
223,A0100,adaptive_eagle,HABFM,7687.116054,118.932092,45.435270,164.185347,119.017294,14967.956235,298.445128,18911.085791,-103.748122,-4694.863400,-522.137563,169.344029,False,False,False,False,False,False,False,2-circle,1.000000,-129.201523,100.000000,99.773517,0.226483,0.000000,5.009340,88.999624,5.789423,1,0,4,0.0000,0.0000,0.0000,0.5000,"HeadOnBreak",0.029904
223,B0100,defensive,HABFM,7687.116054,118.932092,45.435270,164.185347,119.017294,14967.956235,298.445128,18911.085791,-103.748122,-4694.863400,-522.137563,169.344029,False,False,False,False,False,False,False,2-circle,1.000000,-129.201523,100.000000,99.773517,0.226483,0.000000,5.009340,88.999624,5.789423,2,8,0,0.0000,0.0000,0.0000,0.5000,"Pursue",0.006496
224,A0100,adaptive_eagle,HABFM,7862.063204,118.701101,46.845972,165.231098,118.773171,14973.048842,297.474818,18890.580125,-102.528329,-4717.312045,-511.102386,169.929790,False,False,False,False,False,False,False,2-circle,1.000000,-146.036018,100.000000,99.773517,0.226483,0.000000,8.069419,89.984991,5.111594,1,0,4,0.0000,0.0000,0.0000,0.5000,"HeadOnBreak",0.042609
224,B0100,defensive,HABFM,7862.063204,118.701101,46.845972,165.231098,118.773171,14973.048842,297.474818,18890.580125,-102.528329,-4717.312045,-511.102386,169.929790,False,False,False,False,False,False,False,2-circle,1.000000,-146.036018,100.000000,99.773517,0.226483,0.000000,8.069419,89.984991,5.111594,2,8,0,0.0000,0.0000,0.0000,0.5000,"Pursue",0.006906
225,A0100,adaptive_eagle,HABFM,8032.516129,118.461794,48.773940,166.831384,118.519160,14977.150361,296.547878,18870.305416,-101.373545,-4687.913065,-495.812224,170.433650,False,False,False,False,False,False,False,2-circle,1.000000,-162.253216,100.000000,99.773517,0.226483,0.000000,12.136567,90.938742,4.400379,1,8,4,0.0000,0.0000,0.0000,0.5000,"HeadOnBreak",0.031587
225,B0100,defensive,HABFM,8032.516129,118.461794,48.773940,166.831384,118.519160,14977.150361,296.547878,18870.305416,-101.373545,-4687.913065,-495.812224,170.433650,False,False,False,False,False,False,False,2-circle,1.000000,-162.253216,100.000000,99.773517,0.226483,0.000000,12.136567,90.938742,4.400379,2,8,0,0.0000,0.0000,0.0000,0.5000,"Pursue",0.007257
226,A0100,adaptive_eagle,HABFM,8198.147045,118.216949,50.133472,168.005667,118.258160,14980.183735,295.666831,18850.239917,-100.327495,-4681.017612,-484.351964,170.917694,False,False,False,False,False,False,False,2-circle,1.000000,-175.998074,100.000000,99.773517,0.226483,0.000000,18.155111,91.861371,3.656941,1,8,4,0.0000,0.0000,0.0000,0.5000,"HeadOnBreak",0.014270
226,B0100,defensive,HABFM,8198.147045,118.216949,50.133472,168.005667,118.258160,14980.183735,295.666831,18850.239917,-100.327495,-4681.017612,-484.351964,170.917694,False,False,False,False,False,False,False,2-circle,1.000000,-175.998074,100.000000,99.773517,0.226483,0.000000,18.155111,91.861371,3.656941,2,8,0,0.0000,0.0000,0.0000,0.5000,"Pursue",0.018849
227,A0100,adaptive_eagle,HABFM,8360.661297,117.558252,50.716082,167.998602,117.583168,14982.069722,294.347953,18817.676678,-162.816197,-4748.855923,-476.196731,126.721779,False,False,False,False,False,False,False,2-circle,1.000000,-186.384093,100.000000,99.773517,0.226483,0.000000,24.929701,88.645537,3.047157,1,8,4,0.0000,0.0000,0.0000,0.5000,"HeadOnBreak",0.014423
227,B0100,defensive,HABFM,8360.661297,117.558252,50.716082,167.998602,117.583168,14982.069722,294.347953,18817.676678,-162.816197,-4748.855923,-476.196731,126.721779,False,False,False,False,False,False,False,2-circle,1.000000,-186.384093,100.000000,99.773517,0.226483,0.000000,24.929701,88.645537,3.047157,2,8,0,0.0000,0.0000,0.0000,0.5000,"Pursue",0.017719
228,A0100,adaptive_eagle,HABFM,8520.309702,116.941349,51.298748,168.040146,116.955596,14983.006320,293.138561,18787.159187,-152.587451,-4816.206476,-468.406445,30.443001,False,False,False,False,False,False,False,2-circle,1.000000,-193.872996,100.000000,99.773517,0.226483,0.000000,47.333310,84.356740,2.615701,1,0,4,0.0000,0.0000,0.0000,0.5000,"HeadOnBreak",0.025969
228,B0100,defensive,HABFM,8520.309702,116.941349,51.298748,168.040146,116.955596,14983.006320,293.138561,18787.159187,-152.587451,-4816.206476,-468.406445,30.443001,False,False,False,False,False,False,False,2-circle,1.000000,-193.872996,100.000000,99.773517,0.226483,0.000000,47.333310,84.356740,2.615701,2,8,0,0.0000,0.0000,0.0000,0.5000,"Pursue",0.007983
229,A0100,adaptive_eagle,HABFM,8677.278508,116.676759,52.352316,168.911804,116.680993,14983.133079,292.417332,18768.589736,-92.847259,-4818.150751,-459.063684,40.369335,False,False,False,False,False,False,False,2-circle,1.000000,-198.474847,100.000000,99.773517,0.226483,0.000000,110.376560,85.728274,2.346714,1,1,4,0.0000,0.0000,0.0000,0.5000,"HeadOnBreak",0.030716
229,B0100,defensive,HABFM,8677.278508,116.676759,52.352316,168.911804,116.680993,14983.133079,292.417332,18768.589736,-92.847259,-4818.150751,-459.063684,40.369335,False,False,False,False,False,False,False,2-circle,1.000000,-198.474847,100.000000,99.773517,0.226483,0.000000,110.376560,85.728274,2.346714,2,8,0,0.0000,0.0000,0.0000,0.5000,"Pursue",0.012056
230,A0100,adaptive_eagle,HABFM,8830.290922,116.270780,53.554681,169.813078,116.265501,14982.420636,291.579062,18746.204936,-111.924001,-4772.113708,-447.096362,93.702999,False,False,False,False,False,False,False,2-circle,1.000000,-199.084942,100.000000,99.773517,0.226483,0.000000,147.388507,88.151715,2.022292,1,1,4,0.0000,0.0000,0.0000,0.5000,"HeadOnBreak",0.005165
230,B0100,defensive,HABFM,8830.290922,116.270780,53.554681,169.813078,116.265501,14982.420636,291.579062,18746.204936,-111.924001,-4772.113708,-447.096362,93.702999,False,False,False,False,False,False,False,2-circle,1.000000,-199.084942,100.000000,99.773517,0.226483,0.000000,147.388507,88.151715,2.022292,2,8,0,0.0000,0.0000,0.0000,0.5000,"Pursue",0.011407
231,A0100,adaptive_eagle,HABFM,8980.272886,115.891439,53.686957,169.557423,115.877771,14980.762570,290.838186,18725.444303,-103.803165,-4764.094280,-443.214452,173.664250,False,False,False,False,False,False,False,2-circle,1.000000,-194.380313,100.000000,99.773517,0.226483,0.000000,161.659259,90.110087,1.524755,1,1,4,0.0000,0.0000,0.0000,0.5000,"HeadOnBreak",-0.020717
231,B0100,defensive,HABFM,8980.272886,115.891439,53.686957,169.557423,115.877771,14980.762570,290.838186,18725.444303,-103.803165,-4764.094280,-443.214452,173.664250,False,False,False,False,False,False,False,2-circle,1.000000,-194.380313,100.000000,99.773517,0.226483,0.000000,161.659259,90.110087,1.524755,2,8,0,0.0000,0.0000,0.0000,0.5000,"Pursue",0.023052
232,A0100,adaptive_eagle,HABFM,9130.030157,115.107741,52.773997,167.796528,115.088672,14978.044341,289.695281,18693.353002,-160.456502,-4808.527555,-444.478877,71.667589,False,False,False,False,False,False,False,2-circle,1.000000,-184.811059,100.000000,99.773517,0.226483,0.000000,165.068194,87.568660,1.040275,1,1,4,0.0000,0.0000,0.0000,0.5000,"HeadOnBreak",-0.034692
232,B0100,defensive,HABFM,9130.030157,115.107741,52.773997,167.796528,115.088672,14978.044341,289.695281,18693.353002,-160.456502,-4808.527555,-444.478877,71.667589,False,False,False,False,False,False,False,2-circle,1.000000,-184.811059,100.000000,99.773517,0.226483,0.000000,165.068194,87.568660,1.040275,2,8,0,0.0000,0.0000,0.0000,0.5000,"Pursue",0.037618
233,A0100,adaptive_eagle,HABFM,9280.179312,113.824750,51.282216,164.958739,113.805200,14974.495201,288.025235,18647.091027,-231.309875,-4875.632612,-446.494709,16.813564,False,False,False,False,False,False,False,2-circle,1.000000,-171.594578,100.000000,99.773517,0.226483,0.000000,160.707254,79.684315,0.809449,1,0,4,0.0000,0.0000,0.0000,0.5000,"HeadOnBreak",-0.042186
233,B0100,defensive,HABFM,9280.179312,113.824750,51.282216,164.958739,113.805200,14974.495201,288.025235,18647.091027,-231.309875,-4875.632612,-446.494709,16.813564,False,False,False,False,False,False,False,2-circle,1.000000,-171.594578,100.000000,99.773517,0.226483,0.000000,160.707254,79.684315,0.809449,2,8,0,0.0000,0.0000,0.0000,0.5000,"Pursue",0.023134
234,A0100,adaptive_eagle,HABFM,9431.771209,113.042382,49.453853,162.307869,113.024894,14970.628528,286.997906,18617.072250,-150.093887,-4914.882229,-453.638420,11.998210,False,False,False,False,False,False,False,2-circle,1.000000,-156.271209,100.000000,99.773517,0.226483,0.000000,158.988492,75.642664,0.914830,1,0,4,0.0000,0.0000,0.0000,0.5000,"HeadOnBreak",-0.049103
234,B0100,defensive,HABFM,9431.771209,113.042382,49.453853,162.307869,113.024894,14970.628528,286.997906,18617.072250,-150.093887,-4914.882229,-453.638420,11.998210,False,False,False,False,False,False,False,2-circle,1.000000,-156.271209,100.000000,99.773517,0.226483,0.000000,158.988492,75.642664,0.914830,2,8,0,0.0000,0.0000,0.0000,0.5000,"Pursue",0.012336
235,A0100,adaptive_eagle,HABFM,9586.586403,112.628819,47.278184,159.722943,112.614220,14966.443108,286.489934,18599.990208,-85.410209,-4912.247930,-464.659896,14.595604,False,False,False,False,False,False,False,2-circle,1.000000,-139.826272,100.000000,99.773517,0.226483,0.000000,163.079804,78.097028,1.193450,1,0,4,0.0000,0.0000,0.0000,0.5000,"HeadOnBreak",-0.069455
235,B0100,defensive,HABFM,9586.586403,112.628819,47.278184,159.722943,112.614220,14966.443108,286.489934,18599.990208,-85.410209,-4912.247930,-464.659896,14.595604,False,False,False,False,False,False,False,2-circle,1.000000,-139.826272,100.000000,99.773517,0.226483,0.000000,163.079804,78.097028,1.193450,2,8,0,0.0000,0.0000,0.0000,0.5000,"Pursue",0.018157
236,A0100,adaptive_eagle,HABFM,9745.737793,112.025447,44.081300,155.949181,112.014735,14961.871030,285.837909,18578.897707,-105.462505,-4908.110585,-479.992848,20.498726,False,False,False,False,False,False,False,2-circle,1.000000,-122.649636,100.000000,99.773517,0.226483,0.000000,167.640767,81.445252,1.307525,1,8,4,0.0000,0.0000,0.0000,0.5000,"HeadOnBreak",-0.068790
236,B0100,defensive,HABFM,9745.737793,112.025447,44.081300,155.949181,112.014735,14961.871030,285.837909,18578.897707,-105.462505,-4908.110585,-479.992848,20.498726,False,False,False,False,False,False,False,2-circle,1.000000,-122.649636,100.000000,99.773517,0.226483,0.000000,167.640767,81.445252,1.307525,2,8,0,0.0000,0.0000,0.0000,0.5000,"Pursue",0.018838
237,A0100,adaptive_eagle,HABFM,9910.379165,111.406436,40.784115,152.112150,111.400980,14956.784418,285.270466,18559.464357,-97.166752,-4919.330940,-495.044618,29.371446,False,False,False,False,False,False,False,2-circle,1.000000,-105.813065,100.000000,99.773517,0.226483,0.000000,171.100766,83.994787,1.144555,1,8,4,0.0000,0.0000,0.0000,0.5000,"HeadOnBreak",-0.044484
237,B0100,defensive,HABFM,9910.379165,111.406436,40.784115,152.112150,111.400980,14956.784418,285.270466,18559.464357,-97.166752,-4919.330940,-495.044618,29.371446,False,False,False,False,False,False,False,2-circle,1.000000,-105.813065,100.000000,99.773517,0.226483,0.000000,171.100766,83.994787,1.144555,2,8,0,0.0000,0.0000,0.0000,0.5000,"Pursue",0.018950
238,A0100,adaptive_eagle,HABFM,10079.181758,110.789855,38.574885,149.330155,110.791430,14951.031728,284.798006,18541.788169,-88.380939,-5006.672984,-504.727214,41.214061,False,False,False,False,False,False,False,2-circle,1.000000,-89.778083,100.000000,99.773517,0.226483,0.000000,173.508246,85.705390,0.763778,1,8,4,0.0000,0.0000,0.0000,0.5000,"HeadOnBreak",-0.030011
238,B0100,defensive,HABFM,10079.181758,110.789855,38.574885,149.330155,110.791430,14951.031728,284.798006,18541.788169,-88.380939,-5006.672984,-504.727214,41.214061,False,False,False,False,False,False,False,2-circle,1.000000,-89.778083,100.000000,99.773517,0.226483,0.000000,173.508246,85.705390,0.763778,2,8,0,0.0000,0.0000,0.0000,0.5000,"Pursue",0.019550
239,A0100,adaptive_eagle,HABFM,10250.683186,110.159030,37.048780,147.194160,110.169809,14944.501523,284.383303,18524.808340,-84.899146,-5150.967199,-511.486354,56.599934,False,False,False,False,False,False,False,2-circle,1.000000,-73.890957,100.000000,99.773517,0.226483,0.000000,175.229260,86.865342,0.246570,1,0,4,0.0000,0.0000,0.0000,0.5000,"HeadOnBreak",-0.036395
239,B0100,defensive,HABFM,10250.683186,110.159030,37.048780,147.194160,110.169809,14944.501523,284.383303,18524.808340,-84.899146,-5150.967199,-511.486354,56.599934,False,False,False,False,False,False,False,2-circle,1.000000,-73.890957,100.000000,99.773517,0.226483,0.000000,175.229260,86.865342,0.246570,2,8,0,0.0000,0.0000,0.0000,0.5000,"Pursue",0.033764
240,A0100,adaptive_eagle,HABFM,10424.281212,109.085634,35.143880,144.222532,109.106247,14937.132312,283.520494,18495.747054,-145.306430,-5274.471534,-516.490202,28.944092,False,False,False,False,False,False,False,2-circle,1.000000,-57.711073,100.000000,99.773517,0.226483,0.000000,172.702186,83.868798,-0.192507,1,0,4,0.0000,0.0000,0.0000,0.5000,"HeadOnBreak",-0.045142
240,B0100,defensive,HABFM,10424.281212,109.085634,35.143880,144.222532,109.106247,14937.132312,283.520494,18495.747054,-145.306430,-5274.471534,-516.490202,28.944092,False,False,False,False,False,False,False,2-circle,1.000000,-57.711073,100.000000,99.773517,0.226483,0.000000,172.702186,83.868798,-0.192507,2,8,0,0.0000,0.0000,0.0000,0.5000,"Pursue",0.033811
241,A0100,adaptive_eagle,HABFM,10599.422784,108.026154,32.703292,140.715458,108.055225,14929.173265,282.720124,18467.724615,-140.112193,-5330.133040,-522.495317,16.856430,False,False,False,False,False,False,False,2-circle,1.000000,-40.885635,100.000000,99.773517,0.226483,0.000000,168.759269,79.519946,-0.480990,1,0,4,0.0000,0.0000,0.0000,0.5000,"HeadOnBreak",-0.063899
241,B0100,defensive,HABFM,10599.422784,108.026154,32.703292,140.715458,108.055225,14929.173265,282.720124,18467.724615,-140.112193,-5330.133040,-522.495317,16.856430,False,False,False,False,False,False,False,2-circle,1.000000,-40.885635,100.000000,99.773517,0.226483,0.000000,168.759269,79.519946,-0.480990,2,8,0,0.0000,0.0000,0.0000,0.5000,"Pursue",0.023022
242,A0100,adaptive_eagle,HABFM,10777.674031,107.309893,29.107992,136.385880,107.349967,14920.673344,282.412200,18451.520897,-81.018591,-5293.286520,-533.423566,18.592557,False,False,False,False,False,False,False,2-circle,1.000000,-22.795246,100.000000,99.773517,0.226483,0.000000,170.075398,80.468671,-0.602742,1,0,4,0.0000,0.0000,0.0000,0.5000,"HeadOnBreak",-0.066379
242,B0100,defensive,HABFM,10777.674031,107.309893,29.107992,136.385880,107.349967,14920.673344,282.412200,18451.520897,-81.018591,-5293.286520,-533.423566,18.592557,False,False,False,False,False,False,False,2-circle,1.000000,-22.795246,100.000000,99.773517,0.226483,0.000000,170.075398,80.468671,-0.602742,2,8,0,0.0000,0.0000,0.0000,0.5000,"Pursue",0.030516
243,A0100,adaptive_eagle,HABFM,10959.344479,106.376448,25.197539,131.558583,106.427610,14911.621369,281.953690,18431.013227,-102.538350,-5245.912402,-542.109419,24.096508,False,False,False,False,False,False,False,2-circle,1.000000,-4.559267,100.000000,99.773517,0.226483,0.000000,172.532305,82.605758,-0.752717,1,8,4,0.0000,0.0000,0.0000,0.5000,"HeadOnBreak",-0.050882
243,B0100,defensive,HABFM,10959.344479,106.376448,25.197539,131.558583,106.427610,14911.621369,281.953690,18431.013227,-102.538350,-5245.912402,-542.109419,24.096508,False,False,False,False,False,False,False,2-circle,1.000000,-4.559267,100.000000,99.773517,0.226483,0.000000,172.532305,82.605758,-0.752717,2,8,0,0.0000,0.0000,0.0000,0.5000,"Pursue",0.032315
244,A0100,adaptive_eagle,HABFM,11143.394491,105.405399,22.060675,127.464376,105.468080,14901.949863,281.555576,18411.410080,-98.015735,-5250.633357,-547.126310,31.762865,False,False,False,False,False,True,False,2-circle,1.000000,11.417639,100.000000,99.773517,0.226483,0.000000,174.541539,84.368746,-1.056207,1,8,4,0.0000,0.0000,0.0000,0.5000,"HeadOnBreak",-0.030794
244,B0100,defensive,HABFM,11143.394491,105.405399,22.060675,127.464376,105.468080,14901.949863,281.555576,18411.410080,-98.015735,-5250.633357,-547.126310,31.762865,False,False,False,False,False,True,False,2-circle,1.000000,11.417639,100.000000,99.773517,0.226483,0.000000,174.541539,84.368746,-1.056207,2,8,0,0.0000,0.0000,0.0000,0.5000,"Pursue",0.033005
245,A0100,adaptive_eagle,HABFM,11328.612650,104.430925,20.095556,124.501558,104.505510,14891.556685,281.239261,18393.135899,-91.370904,-5347.127912,-549.426597,40.647261,False,False,False,False,False,True,False,2-circle,1.000000,25.225803,100.000000,99.773517,0.226483,0.000000,175.948850,85.588597,-1.497199,1,8,4,0.0000,0.0000,0.0000,0.5000,"HeadOnBreak",-0.020062
245,B0100,defensive,HABFM,11328.612650,104.430925,20.095556,124.501558,104.505510,14891.556685,281.239261,18393.135899,-91.370904,-5347.127912,-549.426597,40.647261,False,False,False,False,False,True,False,2-circle,1.000000,25.225803,100.000000,99.773517,0.226483,0.000000,175.948850,85.588597,-1.497199,2,8,0,0.0000,0.0000,0.0000,0.5000,"Pursue",0.048502
246,A0100,adaptive_eagle,HABFM,11514.132580,103.034405,18.787257,121.775208,103.117925,14880.384477,280.499814,18363.574857,-147.805208,-5524.167825,-548.190115,24.437057,False,False,False,False,False,True,False,2-circle,1.000000,38.269907,100.000000,99.773517,0.226483,0.000000,173.185593,82.668021,-1.877391,1,8,4,0.0000,0.0000,0.0000,0.5000,"HeadOnBreak",-0.021190
246,B0100,defensive,HABFM,11514.132580,103.034405,18.787257,121.775208,103.117925,14880.384477,280.499814,18363.574857,-147.805208,-5524.167825,-548.190115,24.437057,False,False,False,False,False,True,False,2-circle,1.000000,38.269907,100.000000,99.773517,0.226483,0.000000,173.185593,82.668021,-1.877391,2,8,0,0.0000,0.0000,0.0000,0.5000,"Pursue",0.048287
247,A0100,adaptive_eagle,HABFM,11698.970766,101.678318,17.377840,118.987587,101.766366,14868.694115,279.830466,18335.280685,-141.470861,-5693.316349,-547.130283,15.272702,False,False,False,False,False,True,False,2-circle,1.000000,50.807721,100.000000,99.773517,0.226483,0.000000,168.991058,78.338313,-2.121034,1,8,4,0.0000,0.0000,0.0000,0.5000,"HeadOnBreak",-0.023369
247,B0100,defensive,HABFM,11698.970766,101.678318,17.377840,118.987587,101.766366,14868.694115,279.830466,18335.280685,-141.470861,-5693.316349,-547.130283,15.272702,False,False,False,False,False,True,False,2-circle,1.000000,50.807721,100.000000,99.773517,0.226483,0.000000,168.991058,78.338313,-2.121034,2,8,0,0.0000,0.0000,0.0000,0.5000,"Pursue",0.035158
248,A0100,adaptive_eagle,HABFM,11884.040262,100.707227,15.794345,116.415950,100.802238,14856.512142,279.664955,18318.999165,-81.407603,-5825.064357,-548.207589,16.527436,False,False,False,False,False,True,False,2-circle,1.000000,62.887558,100.000000,99.773517,0.226483,0.000000,169.963762,79.194041,-2.202066,1,0,4,0.0000,0.0000,0.0000,0.5000,"HeadOnBreak",-0.026298
248,B0100,defensive,HABFM,11884.040262,100.707227,15.794345,116.415950,100.802238,14856.512142,279.664955,18318.999165,-81.407603,-5825.064357,-548.207589,16.527436,False,False,False,False,False,True,False,2-circle,1.000000,62.887558,100.000000,99.773517,0.226483,0.000000,169.963762,79.194041,-2.202066,2,8,0,0.0000,0.0000,0.0000,0.5000,"Pursue",0.042567
249,A0100,adaptive_eagle,HABFM,12069.153421,99.556065,13.985005,113.467249,99.656484,14843.828503,279.348802,18298.491468,-102.538485,-5926.194761,-547.533504,20.529260,False,False,False,False,False,True,False,2-circle,1.000000,75.066624,100.000000,99.773517,0.226483,0.000000,172.130821,81.253089,-2.307525,1,0,4,0.0000,0.0000,0.0000,0.5000,"HeadOnBreak",-0.031540
249,B0100,defensive,HABFM,12069.153421,99.556065,13.985005,113.467249,99.656484,14843.828503,279.348802,18298.491468,-102.538485,-5926.194761,-547.533504,20.529260,False,False,False,False,False,True,False,2-circle,1.000000,75.066624,100.000000,99.773517,0.226483,0.000000,172.130821,81.253089,-2.307525,2,8,0,0.0000,0.0000,0.0000,0.5000,"Pursue",0.043940
250,A0100,adaptive_eagle,HABFM,12253.862012,98.390844,11.784748,110.143916,98.497576,14830.585762,279.088274,18278.807906,-98.417808,-5964.885922,-545.734947,25.574899,False,False,False,False,False,True,False,2-circle,1.000000,88.192367,100.000000,99.773517,0.226483,0.000000,173.939457,82.951657,-2.562688,1,0,4,0.0000,0.0000,0.0000,0.5000,"HeadOnBreak",-0.045105
250,B0100,defensive,HABFM,12253.862012,98.390844,11.784748,110.143916,98.497576,14830.585762,279.088274,18278.807906,-98.417808,-5964.885922,-545.734947,25.574899,False,False,False,False,False,True,False,2-circle,1.000000,88.192367,100.000000,99.773517,0.226483,0.000000,173.939457,82.951657,-2.562688,2,8,0,0.0000,0.0000,0.0000,0.5000,"Pursue",0.061682
251,A0100,adaptive_eagle,HABFM,12437.578440,96.800597,8.564080,105.364659,96.909997,14816.723907,278.419344,18248.436205,-151.858507,-5944.788375,-540.449242,18.765416,False,False,False,False,False,True,False,2-circle,1.000000,103.182670,100.000000,99.773517,0.226483,0.000000,171.521563,80.411246,-2.807808,1,0,4,0.0000,0.0000,0.0000,0.5000,"HeadOnBreak",-0.044667
251,B0100,defensive,HABFM,12437.578440,96.800597,8.564080,105.364659,96.909997,14816.723907,278.419344,18248.436205,-151.858507,-5944.788375,-540.449242,18.765416,False,False,False,False,False,True,False,2-circle,1.000000,103.182670,100.000000,99.773517,0.226483,0.000000,171.521563,80.411246,-2.807808,2,8,0,0.0000,0.0000,0.0000,0.5000,"Pursue",0.062845
252,A0100,adaptive_eagle,HABFM,12618.984517,95.229245,5.172861,100.401741,95.337550,14802.519667,277.819396,18219.458330,-144.889372,-5916.414705,-533.730827,13.010831,False,False,False,False,False,True,False,2-circle,1.000000,118.694072,100.000000,99.773517,0.226483,0.000000,167.506984,76.276024,-2.958111,1,8,4,0.0000,0.0000,0.0000,0.5000,"HeadOnBreak",-0.028207
252,B0100,defensive,HABFM,12618.984517,95.229245,5.172861,100.401741,95.337550,14802.519667,277.819396,18219.458330,-144.889372,-5916.414705,-533.730827,13.010831,False,False,False,False,False,True,False,2-circle,1.000000,118.694072,100.000000,99.773517,0.226483,0.000000,167.506984,76.276024,-2.958111,2,8,0,0.0000,0.0000,0.0000,0.5000,"Pursue",0.047911
253,A0100,adaptive_eagle,HABFM,12798.581997,94.058468,2.603190,96.603670,94.168270,14787.948892,277.755559,18203.317475,-80.704279,-5933.244533,-528.829746,13.913330,False,False,False,False,False,True,False,2-circle,1.000000,132.249230,100.000000,99.773517,0.226483,0.000000,168.455554,77.130178,-2.962418,1,8,4,0.0000,0.0000,0.0000,0.5000,"HeadOnBreak",-0.007420
253,B0100,defensive,HABFM,12798.581997,94.058468,2.603190,96.603670,94.168270,14787.948892,277.755559,18203.317475,-80.704279,-5933.244533,-528.829746,13.913330,False,False,False,False,False,True,False,2-circle,1.000000,132.249230,100.000000,99.773517,0.226483,0.000000,168.455554,77.130178,-2.962418,2,8,0,0.0000,0.0000,0.0000,0.5000,"Pursue",0.056548
254,A0100,adaptive_eagle,HABFM,12976.407983,92.714794,1.394703,93.744217,92.822439,14772.985943,277.544353,18183.162388,-100.775432,-6045.984642,-523.688684,16.602480,False,False,False,False,False,True,False,2-circle,1.000000,143.736311,100.000000,99.773517,0.226483,0.000000,170.545372,79.150615,-2.995044,1,8,4,0.0000,0.0000,0.0000,0.5000,"HeadOnBreak",0.001000
254,B0100,defensive,HABFM,12976.407983,92.714794,1.394703,93.744217,92.822439,14772.985943,277.544353,18183.162388,-100.775432,-6045.984642,-523.688684,16.602480,False,False,False,False,False,True,False,2-circle,1.000000,143.736311,100.000000,99.773517,0.226483,0.000000,170.545372,79.150615,-2.995044,2,8,0,0.0000,0.0000,0.0000,0.5000,"Pursue",0.058223
255,A0100,adaptive_eagle,HABFM,13152.663960,91.367311,1.113866,91.479786,91.471858,14757.582185,277.377072,18163.649118,-97.566352,-6216.657527,-519.497745,19.693251,False,False,False,False,False,True,False,2-circle,1.000000,154.305649,100.000000,99.773517,0.226483,0.000000,172.266318,80.814431,-3.177463,1,8,4,0.0000,0.0000,0.0000,0.5000,"HeadOnBreak",0.005517
255,B0100,defensive,HABFM,13152.663960,91.367311,1.113866,91.479786,91.471858,14757.582185,277.377072,18163.649118,-97.566352,-6216.657527,-519.497745,19.693251,False,False,False,False,False,True,False,2-circle,1.000000,154.305649,100.000000,99.773517,0.226483,0.000000,172.266318,80.814431,-3.177463,2,8,0,0.0000,0.0000,0.0000,0.5000,"Pursue",0.058853
256,A0100,adaptive_eagle,UNKNOWN,13327.514944,90.040004,1.554215,89.111459,90.140568,14741.643327,277.279392,18145.311733,-91.686924,-6379.798677,-515.140066,22.482028,False,False,False,False,False,True,False,1-circle,1.000000,164.420857,100.000000,99.773517,0.226483,0.000000,173.435266,81.933224,-3.494489,1,8,4,0.0000,0.0000,0.0000,0.5000,"HeadOnBreak",-0.306118
256,B0100,defensive,UNKNOWN,13327.514944,90.040004,1.554215,89.111459,90.140568,14741.643327,277.279392,18145.311733,-91.686924,-6379.798677,-515.140066,22.482028,False,False,False,False,False,True,False,1-circle,1.000000,164.420857,100.000000,99.773517,0.226483,0.000000,173.435266,81.933224,-3.494489,2,8,0,0.0000,0.0000,0.0000,0.5000,"Pursue",0.079849
257,A0100,adaptive_eagle,UNKNOWN,13500.503400,88.300615,2.477721,86.163603,88.390510,14725.135693,276.752960,18115.892233,-147.097500,-6539.540364,-507.692561,16.413584,False,False,True,False,False,True,False,1-circle,1.000000,174.214703,100.000000,99.773517,0.226483,0.000000,170.538652,78.991370,-3.754906,1,0,4,0.0000,0.0000,0.0000,0.5000,"HeadOnBreak",-0.344779
257,B0100,defensive,UNKNOWN,13500.503400,88.300615,2.477721,86.163603,88.390510,14725.135693,276.752960,18115.892233,-147.097500,-6539.540364,-507.692561,16.413584,False,False,True,False,False,True,False,1-circle,1.000000,174.214703,100.000000,99.773517,0.226483,0.000000,170.538652,78.991370,-3.754906,2,8,0,0.0000,0.0000,0.0000,0.5000,"Pursue",0.080574
258,A0100,adaptive_eagle,UNKNOWN,13670.592043,86.609612,3.643439,83.105473,86.686626,14708.368899,276.284378,18087.653093,-141.195700,-6657.871542,-499.435115,11.628615,False,False,True,False,False,True,False,1-circle,1.000000,183.915282,100.000000,99.773517,0.226483,0.000000,166.208406,74.618081,-3.884141,1,0,4,0.0000,0.0000,0.0000,0.5000,"HeadOnBreak",-0.256300
258,B0100,defensive,UNKNOWN,13670.592043,86.609612,3.643439,83.105473,86.686626,14708.368899,276.284378,18087.653093,-141.195700,-6657.871542,-499.435115,11.628615,False,False,True,False,False,True,False,1-circle,1.000000,183.915282,100.000000,99.773517,0.226483,0.000000,166.208406,74.618081,-3.884141,2,8,0,0.0000,0.0000,0.0000,0.5000,"Pursue",0.063590
259,A0100,adaptive_eagle,UNKNOWN,13838.223315,85.310669,5.214122,80.108549,85.378873,14691.308726,276.309767,18071.214020,-82.195366,-6693.425223,-491.573747,12.226780,False,False,True,False,False,True,False,1-circle,1.000000,194.396336,100.000000,99.773517,0.226483,0.000000,166.973966,75.335091,-3.844411,1,0,4,0.0000,0.0000,0.0000,0.5000,"HeadOnBreak",-0.279637
259,B0100,defensive,UNKNOWN,13838.223315,85.310669,5.214122,80.108549,85.378873,14691.308726,276.309767,18071.214020,-82.195366,-6693.425223,-491.573747,12.226780,False,False,True,False,False,True,False,1-circle,1.000000,194.396336,100.000000,99.773517,0.226483,0.000000,166.973966,75.335091,-3.844411,2,8,0,0.0000,0.0000,0.0000,0.5000,"Pursue",0.074957
260,A0100,adaptive_eagle,UNKNOWN,14002.483394,83.824266,7.967167,75.880279,83.881476,14673.950920,276.172973,18050.510420,-103.518000,-6664.096894,-479.378557,14.207781,False,False,True,False,False,True,False,1-circle,1.000000,206.635467,100.000000,99.773517,0.226483,0.000000,169.000785,77.299464,-3.821914,1,0,4,0.0000,0.0000,0.0000,0.5000,"HeadOnBreak",-0.277350
260,B0100,defensive,UNKNOWN,14002.483394,83.824266,7.967167,75.880279,83.881476,14673.950920,276.172973,18050.510420,-103.518000,-6664.096894,-479.378557,14.207781,False,False,True,False,False,True,False,1-circle,1.000000,206.635467,100.000000,99.773517,0.226483,0.000000,169.000785,77.299464,-3.821914,2,8,0,0.0000,0.0000,0.0000,0.5000,"Pursue",0.078560
261,A0100,adaptive_eagle,UNKNOWN,14162.243238,82.313625,10.948111,71.394599,82.358560,14656.256119,276.079306,18030.525637,-99.923916,-6629.046558,-465.422946,16.377802,False,False,True,False,False,True,False,1-circle,1.000000,219.572344,100.000000,99.773517,0.226483,0.000000,170.700305,78.931317,-3.943046,1,8,4,0.0000,0.0000,0.0000,0.5000,"HeadOnBreak",-0.284932
261,B0100,defensive,UNKNOWN,14162.243238,82.313625,10.948111,71.394599,82.358560,14656.256119,276.079306,18030.525637,-99.923916,-6629.046558,-465.422946,16.377802,False,False,True,False,False,True,False,1-circle,1.000000,219.572344,100.000000,99.773517,0.226483,0.000000,170.700305,78.931317,-3.943046,2,8,0,0.0000,0.0000,0.0000,0.5000,"Pursue",0.080931
262,A0100,adaptive_eagle,UNKNOWN,14317.440140,80.808295,13.187359,67.624227,80.837859,14638.130664,276.055543,18011.819319,-93.531588,-6659.007216,-453.121444,18.211879,False,False,True,False,False,True,False,1-circle,1.000000,230.717921,100.000000,99.773517,0.226483,0.000000,171.840920,80.018952,-4.195754,1,8,4,0.0000,0.0000,0.0000,0.5000,"HeadOnBreak",-0.390926
262,B0100,defensive,UNKNOWN,14317.440140,80.808295,13.187359,67.624227,80.837859,14638.130664,276.055543,18011.819319,-93.531588,-6659.007216,-453.121444,18.211879,False,False,True,False,False,True,False,1-circle,1.000000,230.717921,100.000000,99.773517,0.226483,0.000000,171.840920,80.018952,-4.195754,2,8,0,0.0000,0.0000,0.0000,0.5000,"Pursue",0.107659
263,A0100,adaptive_eagle,UNKNOWN,14468.805048,78.890100,14.345092,64.545052,78.896131,14619.550462,275.602548,17982.176059,-148.216301,-6790.585382,-442.053690,13.987502,False,False,True,False,False,True,False,1-circle,1.000000,239.953611,100.000000,99.773517,0.226483,0.000000,168.930566,77.070889,-4.393629,1,8,4,0.0000,0.0000,0.0000,0.5000,"HeadOnBreak",-0.389770
263,B0100,defensive,UNKNOWN,14468.805048,78.890100,14.345092,64.545052,78.896131,14619.550462,275.602548,17982.176059,-148.216301,-6790.585382,-442.053690,13.987502,False,False,True,False,False,True,False,1-circle,1.000000,239.953611,100.000000,99.773517,0.226483,0.000000,168.930566,77.070889,-4.393629,2,8,0,0.0000,0.0000,0.0000,0.5000,"Pursue",0.109309
264,A0100,adaptive_eagle,UNKNOWN,14616.680146,77.030393,14.953069,62.078772,77.013658,14600.849938,275.204236,17953.762945,-142.065573,-6978.412655,-433.686527,10.322102,False,False,True,False,False,True,False,1-circle,1.000000,248.015005,100.000000,99.773517,0.226483,0.000000,164.580687,72.692487,-4.463041,1,8,4,0.0000,0.0000,0.0000,0.5000,"HeadOnBreak",-0.301184
264,B0100,defensive,UNKNOWN,14616.680146,77.030393,14.953069,62.078772,77.013658,14600.849938,275.204236,17953.762945,-142.065573,-6978.412655,-433.686527,10.322102,False,False,True,False,False,True,False,1-circle,1.000000,248.015005,100.000000,99.773517,0.226483,0.000000,164.580687,72.692487,-4.463041,2,8,0,0.0000,0.0000,0.0000,0.5000,"Pursue",0.088526
265,A0100,adaptive_eagle,UNKNOWN,14762.243134,75.577779,15.699222,59.882374,75.540935,14581.962907,275.296476,17937.123877,-83.195339,-7141.195381,-427.002472,10.774671,False,False,True,False,False,True,False,1-circle,1.000000,255.266565,100.000000,99.773517,0.226483,0.000000,165.289747,73.379252,-4.360403,1,8,4,0.0000,0.0000,0.0000,0.5000,"HeadOnBreak",-0.337675
265,B0100,defensive,UNKNOWN,14762.243134,75.577779,15.699222,59.882374,75.540935,14581.962907,275.296476,17937.123877,-83.195339,-7141.195381,-427.002472,10.774671,False,False,True,False,False,True,False,1-circle,1.000000,255.266565,100.000000,99.773517,0.226483,0.000000,165.289747,73.379252,-4.360403,2,8,0,0.0000,0.0000,0.0000,0.5000,"Pursue",0.102585
266,A0100,adaptive_eagle,UNKNOWN,14905.176309,73.957579,16.588967,57.372680,73.897076,14562.886190,275.222070,17916.233772,-104.450521,-7292.147238,-418.578936,12.287963,False,False,True,False,False,True,False,1-circle,1.000000,261.794255,100.000000,99.773517,0.226483,0.000000,167.252199,75.324473,-4.273670,1,0,4,0.0000,0.0000,0.0000,0.5000,"HeadOnBreak",-0.337258
266,B0100,defensive,UNKNOWN,14905.176309,73.957579,16.588967,57.372680,73.897076,14562.886190,275.222070,17916.233772,-104.450521,-7292.147238,-418.578936,12.287963,False,False,True,False,False,True,False,1-circle,1.000000,261.794255,100.000000,99.773517,0.226483,0.000000,167.252199,75.324473,-4.273670,2,8,0,0.0000,0.0000,0.0000,0.5000,"Pursue",0.106489
267,A0100,adaptive_eagle,UNKNOWN,15045.072678,72.338836,17.627304,54.711827,72.251774,14543.587053,275.186275,17896.062436,-100.856683,-7402.297972,-408.850357,13.881959,False,False,True,False,False,True,False,1-circle,1.000000,268.143917,100.000000,99.773517,0.226483,0.000000,168.887454,76.943168,-4.329015,1,0,4,0.0000,0.0000,0.0000,0.5000,"HeadOnBreak",-0.329297
267,B0100,defensive,UNKNOWN,15045.072678,72.338836,17.627304,54.711827,72.251774,14543.587053,275.186275,17896.062436,-100.856683,-7402.297972,-408.850357,13.881959,False,False,True,False,False,True,False,1-circle,1.000000,268.143917,100.000000,99.773517,0.226483,0.000000,168.887454,76.943168,-4.329015,2,8,0,0.0000,0.0000,0.0000,0.5000,"Pursue",0.109073
268,A0100,adaptive_eagle,UNKNOWN,15181.405513,70.742176,19.008187,51.743503,70.625771,14523.971720,275.216673,17877.187804,-94.373162,-7443.935835,-396.766700,15.170705,False,False,True,False,False,True,False,1-circle,1.000000,275.216843,100.000000,99.773517,0.226483,0.000000,169.983623,78.016729,-4.514649,1,0,4,0.0000,0.0000,0.0000,0.5000,"HeadOnBreak",-0.315258
268,B0100,defensive,UNKNOWN,15181.405513,70.742176,19.008187,51.743503,70.625771,14523.971720,275.216673,17877.187804,-94.373162,-7443.935835,-396.766700,15.170705,False,False,True,False,False,True,False,1-circle,1.000000,275.216843,100.000000,99.773517,0.226483,0.000000,169.983623,78.016729,-4.514649,2,8,0,0.0000,0.0000,0.0000,0.5000,"Pursue",0.113727
269,A0100,adaptive_eagle,UNKNOWN,15312.808472,69.138776,21.485866,47.719867,68.990272,14503.965039,275.288228,17858.924987,-91.314081,-7416.355940,-379.430597,16.133767,False,False,True,False,False,True,False,1-circle,1.000000,284.056767,100.000000,99.773517,0.226483,0.000000,170.716006,78.712624,-4.786242,1,0,4,0.0000,0.0000,0.0000,0.5000,"HeadOnBreak",-0.321792
269,B0100,defensive,UNKNOWN,15312.808472,69.138776,21.485866,47.719867,68.990272,14503.965039,275.288228,17858.924987,-91.314081,-7416.355940,-379.430597,16.133767,False,False,True,False,False,True,False,1-circle,1.000000,284.056767,100.000000,99.773517,0.226483,0.000000,170.716006,78.712624,-4.786242,2,8,0,0.0000,0.0000,0.0000,0.5000,"Pursue",0.120533
270,A0100,adaptive_eagle,UNKNOWN,15438.050986,67.505962,23.967781,43.631388,67.321245,14483.516472,275.379418,17840.699455,-91.127661,-7404.462978,-361.408495,16.892705,False,False,True,False,False,True,False,1-circle,1.000000,293.573145,100.000000,99.773517,0.226483,0.000000,171.254008,79.207741,-5.107131,1,8,4,0.0000,0.0000,0.0000,0.5000,"HeadOnBreak",-0.434781
270,B0100,defensive,UNKNOWN,15438.050986,67.505962,23.967781,43.631388,67.321245,14483.516472,275.379418,17840.699455,-91.127661,-7404.462978,-361.408495,16.892705,False,False,True,False,False,True,False,1-circle,1.000000,293.573145,100.000000,99.773517,0.226483,0.000000,171.254008,79.207741,-5.107131,2,8,0,0.0000,0.0000,0.0000,0.5000,"Pursue",0.160898
271,A0100,adaptive_eagle,UNKNOWN,15557.445724,65.437919,25.764180,39.777573,65.209408,14462.643973,275.019608,17811.059732,-148.198617,-7481.680574,-344.642871,12.888918,False,False,True,False,False,True,False,1-circle,1.000000,302.407777,100.000000,99.773517,0.226483,0.000000,168.037233,75.951365,-5.316073,1,0,4,0.0000,0.0000,0.0000,0.5000,"HeadOnBreak",-0.436222
271,B0100,defensive,UNKNOWN,15557.445724,65.437919,25.764180,39.777573,65.209408,14462.643973,275.019608,17811.059732,-148.198617,-7481.680574,-344.642871,12.888918,False,False,True,False,False,True,False,1-circle,1.000000,302.407777,100.000000,99.773517,0.226483,0.000000,168.037233,75.951365,-5.316073,2,8,0,0.0000,0.0000,0.0000,0.5000,"Pursue",0.166287
272,A0100,adaptive_eagle,UNKNOWN,15671.434711,63.420978,27.193972,36.355560,63.156122,14441.709287,274.716598,17782.750689,-141.545215,-7566.048373,-329.563080,9.620664,False,False,True,False,False,True,False,1-circle,1.000000,310.559516,100.000000,99.773517,0.226483,0.000000,163.565176,71.443085,-5.365659,1,0,4,0.0000,0.0000,0.0000,0.5000,"HeadOnBreak",-0.344322
272,B0100,defensive,UNKNOWN,15671.434711,63.420978,27.193972,36.355560,63.156122,14441.709287,274.716598,17782.750689,-141.545215,-7566.048373,-329.563080,9.620664,False,False,True,False,False,True,False,1-circle,1.000000,310.559516,100.000000,99.773517,0.226483,0.000000,163.565176,71.443085,-5.365659,2,8,0,0.0000,0.0000,0.0000,0.5000,"Pursue",0.142391
273,A0100,adaptive_eagle,UNKNOWN,15780.248418,61.773706,29.254693,32.722765,61.473406,14420.640997,274.867754,17765.360065,-86.953119,-7591.067051,-312.346390,9.991534,False,False,True,False,False,True,False,1-circle,1.000000,318.744637,100.000000,99.773517,0.226483,0.000000,164.250805,72.090833,-5.228035,1,0,4,0.0000,0.0000,0.0000,0.5000,"HeadOnBreak",-0.378128
273,B0100,defensive,UNKNOWN,15780.248418,61.773706,29.254693,32.722765,61.473406,14420.640997,274.867754,17765.360065,-86.953119,-7591.067051,-312.346390,9.991534,False,False,True,False,False,True,False,1-circle,1.000000,318.744637,100.000000,99.773517,0.226483,0.000000,164.250805,72.090833,-5.228035,2,8,0,0.0000,0.0000,0.0000,0.5000,"Pursue",0.166537
274,A0100,adaptive_eagle,UNKNOWN,15882.031425,59.941624,32.052614,28.146886,59.602195,14399.453893,274.848776,17743.711102,-108.244816,-7541.862309,-288.691872,11.286283,False,False,True,False,False,True,False,1-circle,1.000000,326.874900,100.000000,99.773517,0.226483,0.000000,166.228364,74.028672,-5.102445,1,8,4,0.0000,0.0000,0.0000,0.5000,"HeadOnBreak",-0.395560
274,B0100,defensive,UNKNOWN,15882.031425,59.941624,32.052614,28.146886,59.602195,14399.453893,274.848776,17743.711102,-108.244816,-7541.862309,-288.691872,11.286283,False,False,True,False,False,True,False,1-circle,1.000000,326.874900,100.000000,99.773517,0.226483,0.000000,166.228364,74.028672,-5.102445,2,7,1,0.0000,0.0000,0.0000,0.5000,"Pursue",0.175868
275,A0100,adaptive_eagle,UNKNOWN,15976.149688,58.107371,34.134124,24.183635,57.721068,14378.117094,274.873332,17722.971910,-103.695957,-7565.294604,-269.203751,12.617381,False,False,True,False,False,True,False,1-circle,1.000000,333.000163,100.000000,99.773517,0.226483,0.000000,167.865377,75.636941,-5.115992,1,8,4,0.0000,0.0000,0.0000,0.5000,"HeadOnBreak",-0.415987
275,B0100,defensive,UNKNOWN,15976.149688,58.107371,34.134124,24.183635,57.721068,14378.117094,274.873332,17722.971910,-103.695957,-7565.294604,-269.203751,12.617381,False,False,True,False,False,True,False,1-circle,1.000000,333.000163,100.000000,99.773517,0.226483,0.000000,167.865377,75.636941,-5.115992,2,7,1,0.0000,0.0000,0.0000,0.5000,"Pursue",0.182603
276,A0100,adaptive_eagle,UNKNOWN,16064.983567,56.303682,35.066721,21.430436,55.861869,14356.534695,274.966924,17703.667677,-96.521165,-7676.480742,-257.220887,13.659975,False,False,True,False,False,True,False,1-circle,1.000000,336.951640,100.000000,99.773517,0.226483,0.000000,168.937268,76.692816,-5.257711,1,8,4,0.0000,0.0000,0.0000,0.5000,"HeadOnBreak",-0.430691
276,B0100,defensive,UNKNOWN,16064.983567,56.303682,35.066721,21.430436,55.861869,14356.534695,274.966924,17703.667677,-96.521165,-7676.480742,-257.220887,13.659975,False,False,True,False,False,True,False,1-circle,1.000000,336.951640,100.000000,99.773517,0.226483,0.000000,168.937268,76.692816,-5.257711,2,7,1,0.0000,0.0000,0.0000,0.5000,"Pursue",0.191242
277,A0100,adaptive_eagle,UNKNOWN,16150.626838,54.515089,35.400609,19.325365,54.009522,14334.630791,275.101996,17685.053010,-93.073337,-7850.785043,-249.694519,14.414375,False,False,True,False,False,True,False,1-circle,1.000000,339.823319,100.000000,99.773517,0.226483,0.000000,169.622703,77.368191,-5.484177,1,8,4,0.0000,0.0000,0.0000,0.5000,"HeadOnBreak",-0.435990
277,B0100,defensive,UNKNOWN,16150.626838,54.515089,35.400609,19.325365,54.009522,14334.630791,275.101996,17685.053010,-93.073337,-7850.785043,-249.694519,14.414375,False,False,True,False,False,True,False,1-circle,1.000000,339.823319,100.000000,99.773517,0.226483,0.000000,169.622703,77.368191,-5.484177,2,7,1,0.0000,0.0000,0.0000,0.5000,"Pursue",0.202529
278,A0100,adaptive_eagle,UNKNOWN,16233.620403,52.723845,35.890327,17.088206,52.145953,14312.355782,275.255388,17666.515325,-92.688422,-8010.337803,-241.149251,14.992889,False,False,True,False,False,True,False,1-circle,1.000000,342.037170,100.000000,99.773517,0.226483,0.000000,170.104678,77.843314,-5.759321,1,0,4,0.0000,0.0000,0.0000,0.5000,"HeadOnBreak",-0.550115
278,B0100,defensive,UNKNOWN,16233.620403,52.723845,35.890327,17.088206,52.145953,14312.355782,275.255388,17666.515325,-92.688422,-8010.337803,-241.149251,14.992889,False,False,True,False,False,True,False,1-circle,1.000000,342.037170,100.000000,99.773517,0.226483,0.000000,170.104678,77.843314,-5.759321,2,7,1,0.0000,0.0000,0.0000,0.5000,"Pursue",0.267911
279,A0100,adaptive_eagle,UNKNOWN,16313.228883,50.510200,36.616486,14.266081,49.852429,14289.736005,274.953253,17636.536183,-149.895710,-8143.322584,-229.066268,11.718681,False,False,True,False,False,True,False,1-circle,1.000000,343.874686,100.000000,99.773517,0.226483,0.000000,166.838136,74.570940,-5.923765,1,0,4,0.0000,0.0000,0.0000,0.5000,"HeadOnBreak",-0.545020
279,B0100,defensive,UNKNOWN,16313.228883,50.510200,36.616486,14.266081,49.852429,14289.736005,274.953253,17636.536183,-149.895710,-8143.322584,-229.066268,11.718681,False,False,True,False,False,True,False,1-circle,1.000000,343.874686,100.000000,99.773517,0.226483,0.000000,166.838136,74.570940,-5.923765,2,7,1,0.0000,0.0000,0.0000,0.5000,"Pursue",0.282615
280,A0100,adaptive_eagle,UNKNOWN,16388.222244,48.347649,37.753557,11.232446,47.626994,14267.152788,274.705444,17607.922888,-143.066480,-8207.754902,-213.894300,8.924489,False,False,True,False,False,True,False,1-circle,1.000000,345.565350,100.000000,99.773517,0.226483,0.000000,162.331052,70.057065,-5.930209,1,0,4,0.0000,0.0000,0.0000,0.5000,"HeadOnBreak",-0.462734
280,B0100,defensive,UNKNOWN,16388.222244,48.347649,37.753557,11.232446,47.626994,14267.152788,274.705444,17607.922888,-143.066480,-8207.754902,-213.894300,8.924489,False,False,True,False,False,True,False,1-circle,1.000000,345.565350,100.000000,99.773517,0.226483,0.000000,162.331052,70.057065,-5.930209,2,7,1,0.0000,0.0000,0.0000,0.5000,"Pursue",0.213761
281,A0100,adaptive_eagle,UNKNOWN,16457.097102,46.560199,39.971914,7.851387,45.773425,14244.512723,274.910286,17590.266975,-88.279560,-8194.046266,-192.472357,9.243827,False,False,True,False,False,True,False,1-circle,1.000000,347.621584,100.000000,99.773517,0.226483,0.000000,162.986807,70.701192,-5.746632,1,8,4,0.0000,0.0000,0.0000,0.5000,"HeadOnBreak",-0.533607
281,B0100,defensive,UNKNOWN,16457.097102,46.560199,39.971914,7.851387,45.773425,14244.512723,274.910286,17590.266975,-88.279560,-8194.046266,-192.472357,9.243827,False,False,True,False,False,True,False,1-circle,1.000000,347.621584,100.000000,99.773517,0.226483,0.000000,162.986807,70.701192,-5.746632,2,7,1,0.0000,0.0000,0.0000,0.5000,"Pursue",0.253557
282,A0100,adaptive_eagle,OBFM,16518.663337,44.594907,41.777152,5.003818,43.735249,14221.832378,274.941435,17568.344858,-109.610587,-8234.519695,-173.433568,10.352008,False,False,True,False,False,True,False,1-circle,1.000000,348.410619,100.000000,99.773517,0.226483,0.000000,164.924327,72.632572,-5.575469,1,8,4,0.0000,0.0000,0.0000,0.5000,"HeadOnBreak",-0.563907
282,B0100,defensive,OBFM,16518.663337,44.594907,41.777152,5.003818,43.735249,14221.832378,274.941435,17568.344858,-109.610587,-8234.519695,-173.433568,10.352008,False,False,True,False,False,True,False,1-circle,1.000000,348.410619,100.000000,99.773517,0.226483,0.000000,164.924327,72.632572,-5.575469,2,7,1,0.0000,0.0000,0.0000,0.5000,"Pursue",0.275065
283,A0100,adaptive_eagle,OBFM,16575.219066,42.645425,42.493650,4.138327,41.697765,14199.084418,275.013566,17547.353042,-104.959082,-8355.276233,-162.663387,11.467433,False,False,True,False,False,True,False,1-circle,1.000000,347.363455,100.000000,99.773517,0.226483,0.000000,166.520429,74.232515,-5.542802,1,8,4,0.0000,0.0000,0.0000,0.5000,"HeadOnBreak",-0.576740
283,B0100,defensive,OBFM,16575.219066,42.645425,42.493650,4.138327,41.697765,14199.084418,275.013566,17547.353042,-104.959082,-8355.276233,-162.663387,11.467433,False,False,True,False,False,True,False,1-circle,1.000000,347.363455,100.000000,99.773517,0.226483,0.000000,166.520429,74.232515,-5.542802,2,7,1,0.0000,0.0000,0.0000,0.5000,"Pursue",0.291834
284,A0100,adaptive_eagle,OBFM,16629.087948,40.740072,42.680901,4.737521,39.688049,14176.172210,275.152006,17527.812675,-97.701835,-8533.423100,-156.569997,12.323190,False,False,True,False,False,True,False,1-circle,1.000000,345.256905,100.000000,99.773517,0.226483,0.000000,167.558850,75.280354,-5.637077,1,0,4,0.0000,0.0000,0.0000,0.5000,"HeadOnBreak",-0.573355
284,B0100,defensive,OBFM,16629.087948,40.740072,42.680901,4.737521,39.688049,14176.172210,275.152006,17527.812675,-97.701835,-8533.423100,-156.569997,12.323190,False,False,True,False,False,True,False,1-circle,1.000000,345.256905,100.000000,99.773517,0.226483,0.000000,167.558850,75.280354,-5.637077,2,7,1,0.0000,0.0000,0.0000,0.5000,"Pursue",0.313839
285,A0100,adaptive_eagle,OBFM,16680.321483,38.857113,43.458025,6.637154,37.683756,14153.019475,275.328936,17508.971706,-94.204846,-8639.443750,-145.755305,12.932208,False,False,True,False,False,True,False,1-circle,1.000000,342.535128,100.000000,99.773517,0.226483,0.000000,168.215657,75.949245,-5.815411,1,0,4,0.0000,0.0000,0.0000,0.5000,"HeadOnBreak",-0.574877
285,B0100,defensive,OBFM,16680.321483,38.857113,43.458025,6.637154,37.683756,14153.019475,275.328936,17508.971706,-94.204846,-8639.443750,-145.755305,12.932208,False,False,True,False,False,True,False,1-circle,1.000000,342.535128,100.000000,99.773517,0.226483,0.000000,168.215657,75.949245,-5.815411,2,7,1,0.0000,0.0000,0.0000,0.5000,"Pursue",0.344209
286,A0100,adaptive_eagle,OBFM,16726.937356,36.972400,44.915878,9.778260,35.659623,14129.577233,275.521073,17490.214969,-93.783684,-8714.819166,-129.945043,13.393967,False,False,True,False,False,True,False,1-circle,1.000000,340.004351,100.000000,99.773517,0.226483,0.000000,168.677368,76.419724,-6.042348,1,0,4,0.0000,0.0000,0.0000,0.5000,"HeadOnBreak",-0.584251
286,B0100,defensive,OBFM,16726.937356,36.972400,44.915878,9.778260,35.659623,14129.577233,275.521073,17490.214969,-93.783684,-8714.819166,-129.945043,13.393967,False,False,True,False,False,True,False,1-circle,1.000000,340.004351,100.000000,99.773517,0.226483,0.000000,168.677368,76.419724,-6.042348,2,7,1,0.0000,0.0000,0.0000,0.5000,"Pursue",0.381244
287,A0100,adaptive_eagle,OBFM,16767.568048,35.074485,46.826346,13.675977,33.602576,14105.812929,275.718317,17471.264105,-94.754318,-8711.351925,-109.751055,13.792099,False,False,True,False,False,True,False,1-circle,1.000000,338.780104,100.000000,99.773517,0.226483,0.000000,169.062298,76.802201,-6.296683,1,0,4,0.0000,0.0000,0.0000,0.5000,"HeadOnBreak",-0.590955
287,B0100,defensive,OBFM,16767.568048,35.074485,46.826346,13.675977,33.602576,14105.812929,275.718317,17471.264105,-94.754318,-8711.351925,-109.751055,13.792099,False,False,True,False,False,True,False,1-circle,1.000000,338.780104,100.000000,99.773517,0.226483,0.000000,169.062298,76.802201,-6.296683,2,7,1,0.0000,0.0000,0.0000,0.5000,"Pursue",0.424636
288,A0100,adaptive_eagle,OBFM,16800.447594,33.161416,49.307812,18.067951,31.507057,14081.701324,275.919048,17452.054583,-96.047612,-8649.869283,-84.393636,14.174530,False,False,True,False,False,True,False,1-circle,1.000000,339.029975,100.000000,99.773517,0.226483,0.000000,169.426173,77.150653,-6.567853,1,8,4,0.0000,0.0000,0.0000,0.5000,"HeadOnBreak",-0.773622
288,B0100,defensive,OBFM,16800.447594,33.161416,49.307812,18.067951,31.507057,14081.701324,275.919048,17452.054583,-96.047612,-8649.869283,-84.393636,14.174530,False,False,True,False,False,True,False,1-circle,1.000000,339.029975,100.000000,99.773517,0.226483,0.000000,169.426173,77.150653,-6.567853,2,7,1,0.0000,0.0000,0.0000,0.5000,"Pursue",0.587111
289,A0100,adaptive_eagle,OBFM,16825.241294,30.831457,51.110973,22.045926,28.966093,14057.282906,275.660177,17421.314904,-153.698395,-8692.330703,-64.233752,11.152522,False,False,True,False,False,True,False,1-circle,1.000000,338.562567,100.000000,99.773517,0.226483,0.000000,166.102549,73.813084,-6.714309,1,8,4,0.0000,0.0000,0.0000,0.5000,"HeadOnBreak",-0.828093
289,B0100,defensive,OBFM,16825.241294,30.831457,51.110973,22.045926,28.966093,14057.282906,275.660177,17421.314904,-153.698395,-8692.330703,-64.233752,11.152522,False,False,True,False,False,True,False,1-circle,1.000000,338.562567,100.000000,99.773517,0.226483,0.000000,166.102549,73.813084,-6.714309,2,6,1,0.0000,0.0000,0.0000,0.5000,"Pursue",0.652507
290,A0100,adaptive_eagle,OBFM,16844.974144,28.550838,51.732678,24.901685,26.497176,14032.953031,275.461521,17392.138175,-145.883645,-8820.426183,-54.539385,8.571253,False,False,True,False,False,True,False,1-circle,1.000000,336.178582,100.000000,99.773517,0.226483,0.000000,161.581457,69.288398,-6.696992,1,8,4,0.0000,0.0000,0.0000,0.5000,"HeadOnBreak",-0.729553
290,B0100,defensive,OBFM,16844.974144,28.550838,51.732678,24.901685,26.497176,14032.953031,275.461521,17392.138175,-145.883645,-8820.426183,-54.539385,8.571253,False,False,True,False,False,True,False,1-circle,1.000000,336.178582,100.000000,99.773517,0.226483,0.000000,161.581457,69.288398,-6.696992,2,6,4,0.0000,0.0000,0.0000,0.5000,"Pursue",0.597810
291,A0100,adaptive_eagle,OBFM,16862.706770,26.670434,51.795309,26.924664,24.405385,14008.608136,275.712038,17373.906032,-91.160718,-8994.526456,-50.932400,8.878247,False,False,True,False,False,True,False,1-circle,1.000000,332.614705,100.000000,99.773517,0.226483,0.000000,162.246438,69.956275,-6.485611,1,0,4,0.0000,0.0000,0.0000,0.5000,"HeadOnBreak",-0.809028
291,B0100,defensive,OBFM,16862.706770,26.670434,51.795309,26.924664,24.405385,14008.608136,275.712038,17373.906032,-91.160718,-8994.526456,-50.932400,8.878247,False,False,True,False,False,True,False,1-circle,1.000000,332.614705,100.000000,99.773517,0.226483,0.000000,162.246438,69.956275,-6.485611,2,6,4,0.0000,0.0000,0.0000,0.5000,"Pursue",0.715893
292,A0100,adaptive_eagle,OBFM,16878.581860,24.656722,52.418695,29.711098,22.141057,13984.267855,275.789507,17351.457175,-112.244281,-9103.263795,-42.186285,9.907420,False,False,True,False,False,True,False,1-circle,1.000000,328.258013,100.000000,99.773517,0.226483,0.000000,164.177373,71.894081,-6.288381,1,0,4,0.0000,0.0000,0.0000,0.5000,"LeadPursuit",-0.842468
292,B0100,defensive,OBFM,16878.581860,24.656722,52.418695,29.711098,22.141057,13984.267855,275.789507,17351.457175,-112.244281,-9103.263795,-42.186285,9.907420,False,False,True,False,False,True,False,1-circle,1.000000,328.258013,100.000000,99.773517,0.226483,0.000000,164.177373,71.894081,-6.288381,2,6,4,0.0000,0.0000,0.0000,0.5000,"Pursue",0.809718
293,A0100,adaptive_eagle,OBFM,16890.145000,22.632735,53.714389,33.316591,19.808740,13959.871702,277.445925,17367.629809,80.863170,-9119.587451,-26.158341,10.871938,False,False,True,False,False,True,False,1-circle,1.000000,324.023461,100.000000,99.773517,0.226483,0.000000,165.773201,73.493753,-6.239744,2,0,4,0.0000,0.0000,0.0000,0.5000,"LeadPursuit",-0.843124
293,B0100,defensive,OBFM,16890.145000,22.632735,53.714389,33.316591,19.808740,13959.871702,277.445925,17367.629809,80.863170,-9119.587451,-26.158341,10.871938,False,False,True,False,False,True,False,1-circle,1.000000,324.023461,100.000000,99.773517,0.226483,0.000000,165.773201,73.493753,-6.239744,2,6,4,0.0000,0.0000,0.0000,0.5000,"Pursue",0.868495
294,A0100,adaptive_eagle,OBFM,16895.929350,20.700451,55.166000,37.138009,17.492438,13935.283375,279.303534,17388.826787,105.984891,-9084.246695,-8.454750,11.604555,False,False,True,False,False,True,False,1-circle,1.000000,321.138703,100.000000,99.773517,0.226483,0.000000,166.862250,74.574412,-6.321548,2,0,4,0.0000,0.0000,0.0000,0.5000,"LeadPursuit",-0.840736
294,B0100,defensive,OBFM,16895.929350,20.700451,55.166000,37.138009,17.492438,13935.283375,279.303534,17388.826787,105.984891,-9084.246695,-8.454750,11.604555,False,False,True,False,False,True,False,1-circle,1.000000,321.138703,100.000000,99.773517,0.226483,0.000000,166.862250,74.574412,-6.321548,2,6,4,0.0000,0.0000,0.0000,0.5000,"Pursue",0.927602
295,A0100,adaptive_eagle,OBFM,16895.563724,18.853224,56.825727,41.248248,15.166941,13910.426097,281.257633,17412.462807,118.180099,-8996.954511,11.341895,12.152974,False,False,True,False,False,True,False,1-circle,1.000000,320.781121,100.000000,99.773517,0.226483,0.000000,167.647373,75.329819,-6.480388,2,0,4,0.0000,0.0000,0.0000,0.5000,"LeadPursuit",-0.817339
295,B0100,defensive,OBFM,16895.563724,18.853224,56.825727,41.248248,15.166941,13910.426097,281.257633,17412.462807,118.180099,-8996.954511,11.341895,12.152974,False,False,True,False,False,True,False,1-circle,1.000000,320.781121,100.000000,99.773517,0.226483,0.000000,167.647373,75.329819,-6.480388,2,6,4,0.0000,0.0000,0.0000,0.5000,"Pursue",0.977174
296,A0100,adaptive_eagle,OBFM,16887.663845,17.100190,59.044118,45.873126,12.810520,13885.251285,283.224437,17436.437953,119.875727,-8852.622978,36.248534,12.618121,False,False,True,False,False,True,False,1-circle,1.000000,323.406376,100.000000,99.773517,0.226483,0.000000,168.308612,75.935321,-6.683192,2,0,4,0.0000,0.0000,0.0000,0.5000,"LeadPursuit",-0.996549
296,B0100,defensive,OBFM,16887.663845,17.100190,59.044118,45.873126,12.810520,13885.251285,283.224437,17436.437953,119.875727,-8852.622978,36.248534,12.618121,False,False,True,False,False,True,False,1-circle,1.000000,323.406376,100.000000,99.773517,0.226483,0.000000,168.308612,75.935321,-6.683192,2,5,4,0.0000,0.0000,0.0000,0.5000,"Pursue",1.241756
297,A0100,adaptive_eagle,OBFM,16871.640809,15.128026,60.961048,50.447721,10.002280,13859.799387,284.699673,17448.076652,58.193496,-8781.804467,57.842246,10.062631,False,False,True,False,False,True,False,1-circle,1.000000,326.888800,100.000000,99.773517,0.226483,0.000000,165.077204,72.636356,-6.769037,2,0,4,0.0000,0.0000,0.0000,0.5000,"LeadPursuit",-0.973400
297,B0100,defensive,OBFM,16871.640809,15.128026,60.961048,50.447721,10.002280,13859.799387,284.699673,17448.076652,58.193496,-8781.804467,57.842246,10.062631,False,False,True,False,False,True,False,1-circle,1.000000,326.888800,100.000000,99.773517,0.226483,0.000000,165.077204,72.636356,-6.769037,2,5,4,0.0000,0.0000,0.0000,0.5000,"Pursue",1.272266
298,A0100,adaptive_eagle,OBFM,16849.234569,13.360131,62.418721,54.489505,7.262491,13834.506698,286.220605,17461.225217,65.742824,-8765.810017,74.552416,7.827473,False,False,True,False,False,True,False,1-circle,1.000000,329.221030,100.000000,99.773517,0.226483,0.000000,160.702113,68.196459,-6.694232,1,0,4,0.0000,0.0000,0.0000,0.5000,"LeadPursuit",-0.666375
298,B0100,defensive,OBFM,16849.234569,13.360131,62.418721,54.489505,7.262491,13834.506698,286.220605,17461.225217,65.742824,-8765.810017,74.552416,7.827473,False,False,True,False,False,True,False,1-circle,1.000000,329.221030,100.000000,99.773517,0.226483,0.000000,160.702113,68.196459,-6.694232,2,5,4,0.0000,0.0000,0.0000,0.5000,"Pursue",0.942113
299,A0100,adaptive_eagle,OBFM,16821.212286,12.170877,63.931194,58.282730,4.879556,13809.255585,288.187514,17485.991019,123.829011,-8722.472082,91.546994,8.169382,False,False,True,False,False,True,False,1-circle,1.000000,330.761494,100.000000,99.773517,0.226483,0.000000,161.718434,69.148304,-6.420200,1,0,4,0.0000,0.0000,0.0000,0.5000,"LeadPursuit",-0.647836
299,B0100,defensive,OBFM,16821.212286,12.170877,63.931194,58.282730,4.879556,13809.255585,288.187514,17485.991019,123.829011,-8722.472082,91.546994,8.169382,False,False,True,False,False,True,False,1-circle,1.000000,330.761494,100.000000,99.773517,0.226483,0.000000,161.718434,69.148304,-6.420200,2,4,4,0.0000,0.0000,0.0000,0.5000,"Pursue",0.955102
300,A0100,adaptive_eagle,OBFM,16787.433221,11.083610,65.483990,62.696036,1.963765,13784.157040,289.536087,17495.383540,46.962608,-8686.824856,108.262109,7.399205,False,False,True,False,False,True,False,1-circle,1.000000,332.144451,100.000000,99.773517,0.226483,0.000000,159.916040,67.276350,-6.084027,1,0,4,0.0000,0.0000,0.0000,0.5000,"LeadPursuit",-0.584370
300,B0100,defensive,OBFM,16787.433221,11.083610,65.483990,62.696036,1.963765,13784.157040,289.536087,17495.383540,46.962608,-8686.824856,108.262109,7.399205,False,False,True,False,False,True,False,1-circle,1.000000,332.144451,100.000000,99.773517,0.226483,0.000000,159.916040,67.276350,-6.084027,2,4,4,0.0000,0.0000,0.0000,0.5000,"Pursue",0.910777
301,A0100,adaptive_eagle,OBFM,16747.977387,10.238311,67.250858,67.979622,-1.545775,13759.981756,289.999657,17483.101701,-61.409197,-8646.033828,126.018647,4.850618,False,False,True,False,False,True,False,1-circle,-1.000000,333.535401,100.000000,99.773517,0.226483,0.000000,150.176085,57.459330,-5.571314,1,0,4,0.0000,0.0000,0.0000,0.5000,"LeadPursuit",-0.283556
301,B0100,defensive,OBFM,16747.977387,10.238311,67.250858,67.979622,-1.545775,13759.981756,289.999657,17483.101701,-61.409197,-8646.033828,126.018647,4.850618,False,False,True,False,False,True,False,1-circle,-1.000000,333.535401,100.000000,99.773517,0.226483,0.000000,150.176085,57.459330,-5.571314,2,4,4,0.0000,0.0000,0.0000,0.5000,"Pursue",0.546807
302,A0100,adaptive_eagle,OBFM,16701.803104,10.011705,69.480592,73.668589,-5.007099,13738.101663,290.098191,17463.752071,-96.748150,-8570.605107,147.484701,3.025318,False,False,True,False,False,True,False,1-circle,-1.000000,333.627419,100.000000,99.773517,0.226483,0.000000,137.139499,44.347693,-4.477335,1,0,4,0.0000,0.0000,0.0000,0.5000,"LeadPursuit",0.028966
302,B0100,defensive,OBFM,16701.803104,10.011705,69.480592,73.668589,-5.007099,13738.101663,290.098191,17463.752071,-96.748150,-8570.605107,147.484701,3.025318,False,False,True,False,False,True,False,1-circle,-1.000000,333.627419,100.000000,99.773517,0.226483,0.000000,137.139499,44.347693,-4.477335,2,3,4,0.0000,0.0000,0.0000,0.5000,"Pursue",0.112213
303,A0100,adaptive_eagle,OBFM,16648.908540,10.370467,71.218339,78.187708,-7.797493,13719.576491,290.359800,17451.949451,-59.013101,-8553.476457,163.698089,1.827724,False,False,True,False,False,True,False,1-circle,-1.000000,329.177513,100.000000,99.773517,0.226483,0.000000,123.415394,30.578741,-2.617871,1,0,4,0.0000,0.0000,0.0000,0.5000,"LeadPursuit",0.192133
303,B0100,defensive,OBFM,16648.908540,10.370467,71.218339,78.187708,-7.797493,13719.576491,290.359800,17451.949451,-59.013101,-8553.476457,163.698089,1.827724,False,False,True,False,False,True,False,1-circle,-1.000000,329.177513,100.000000,99.773517,0.226483,0.000000,123.415394,30.578741,-2.617871,2,3,4,0.0000,0.0000,0.0000,0.5000,"Pursue",-0.126280
304,A0100,adaptive_eagle,OBFM,16591.376030,11.001079,72.485221,81.625790,-9.868605,13705.041276,290.788660,17448.447784,-17.508332,-8593.607066,175.130407,0.946179,False,False,True,False,False,True,False,1-circle,-1.000000,318.343655,100.000000,99.773517,0.226483,0.000000,109.859490,17.028289,-0.715017,2,0,4,0.0000,0.0000,0.0000,0.5000,"LeadPursuit",0.244221
304,B0100,defensive,OBFM,16591.376030,11.001079,72.485221,81.625790,-9.868605,13705.041276,290.788660,17448.447784,-17.508332,-8593.607066,175.130407,0.946179,False,False,True,False,False,True,False,1-circle,-1.000000,318.343655,100.000000,99.773517,0.226483,0.000000,109.859490,17.028289,-0.715017,2,3,4,0.0000,0.0000,0.0000,0.5000,"Pursue",-0.187786
305,A0100,adaptive_eagle,OBFM,16529.761371,11.632111,73.854945,84.523608,-11.227964,13694.526415,291.417347,17454.136944,28.445801,-8627.669407,187.898454,0.194746,False,False,True,False,False,True,False,1-circle,-1.000000,301.440890,100.000000,99.773517,0.226483,0.000000,96.386580,3.614035,0.031291,2,0,4,0.0000,0.0000,0.0000,0.5000,"LeadPursuit",0.205228
305,B0100,defensive,OBFM,16529.761371,11.632111,73.854945,84.523608,-11.227964,13694.526415,291.417347,17454.136944,28.445801,-8627.669407,187.898454,0.194746,False,False,True,False,False,True,False,1-circle,-1.000000,301.440890,100.000000,99.773517,0.226483,0.000000,96.386580,3.614035,0.031291,2,3,4,0.0000,0.0000,0.0000,0.5000,"Pursue",-0.124237
306,A0100,adaptive_eagle,OBFM,16463.480130,12.103503,75.331768,86.956785,-12.002467,13687.590968,292.092972,17464.654352,52.587036,-8650.850933,202.131397,0.567606,False,False,True,False,False,True,False,1-circle,-1.000000,279.561718,100.000000,99.773517,0.226483,0.000000,82.212154,-10.452604,0.290750,2,0,4,0.0000,0.0000,0.0000,0.5000,"LeadPursuit",0.111498
306,B0100,defensive,OBFM,16463.480130,12.103503,75.331768,86.956785,-12.002467,13687.590968,292.092972,17464.654352,52.587036,-8650.850933,202.131397,0.567606,False,False,True,False,False,True,False,1-circle,-1.000000,279.561718,100.000000,99.773517,0.226483,0.000000,82.212154,-10.452604,0.290750,2,3,4,0.0000,0.0000,0.0000,0.5000,"Pursue",-0.004472
307,A0100,adaptive_eagle,OBFM,16392.262509,12.352317,76.813316,88.930182,-12.342255,13683.449815,292.773540,17478.134607,67.401279,-8670.657661,216.850367,1.469978,False,False,True,False,False,True,False,1-circle,-1.000000,254.379524,100.000000,99.773517,0.226483,0.000000,66.931760,-25.586315,0.011828,2,0,4,0.0000,0.0000,0.0000,0.5000,"LeadPursuit",-0.098068
307,B0100,defensive,OBFM,16392.262509,12.352317,76.813316,88.930182,-12.342255,13683.449815,292.773540,17478.134607,67.401279,-8670.657661,216.850367,1.469978,False,False,True,False,False,True,False,1-circle,-1.000000,254.379524,100.000000,99.773517,0.226483,0.000000,66.931760,-25.586315,0.011828,2,3,4,0.0000,0.0000,0.0000,0.5000,"Pursue",0.200255
308,A0100,adaptive_eagle,OBFM,16316.129247,12.297270,78.223270,90.412552,-12.297267,13681.280035,293.230228,17487.812476,48.389344,-8690.403228,231.163849,2.762830,False,False,True,False,False,True,False,2-circle,-1.000000,227.740549,100.000000,99.773517,0.226483,0.000000,50.318003,-42.028067,0.346807,2,0,4,0.0000,0.0000,0.0000,0.5000,"LeadPursuit",-0.590228
308,B0100,defensive,OBFM,16316.129247,12.297270,78.223270,90.412552,-12.297267,13681.280035,293.230228,17487.812476,48.389344,-8690.403228,231.163849,2.762830,False,False,True,False,False,True,False,2-circle,-1.000000,227.740549,100.000000,99.773517,0.226483,0.000000,50.318003,-42.028067,0.346807,2,3,4,0.0000,0.0000,0.0000,0.5000,"Pursue",0.889402
309,A0100,adaptive_eagle,OBFM,16235.007904,11.635508,79.801805,91.413661,-11.607171,13680.729920,293.544271,17495.420131,38.038277,-8679.183857,247.967189,5.177143,False,False,True,False,False,True,False,2-circle,-1.000000,201.162877,100.000000,99.773517,0.226483,0.000000,32.765064,-59.395941,2.961402,2,0,4,0.0000,0.0000,0.0000,0.5000,"LeadPursuit",-0.937540
309,B0100,defensive,OBFM,16235.007904,11.635508,79.801805,91.413661,-11.607171,13680.729920,293.544271,17495.420131,38.038277,-8679.183857,247.967189,5.177143,False,False,True,False,False,True,False,2-circle,-1.000000,201.162877,100.000000,99.773517,0.226483,0.000000,32.765064,-59.395941,2.961402,2,3,4,0.0000,0.0000,0.0000,0.5000,"Pursue",1.402728
310,A0100,adaptive_eagle,OBFM,16147.728493,10.598643,81.380513,91.977561,-10.538314,13681.448063,294.386930,17518.070907,113.253878,-8650.071994,265.825016,8.196469,False,False,True,False,False,True,False,2-circle,-1.000000,175.510245,100.000000,99.773517,0.226483,0.000000,22.403658,-69.566495,5.386994,2,0,4,0.0000,0.0000,0.0000,0.5000,"LeadPursuit",-1.617466
310,B0100,defensive,OBFM,16147.728493,10.598643,81.380513,91.977561,-10.538314,13681.448063,294.386930,17518.070907,113.253878,-8650.071994,265.825016,8.196469,False,False,True,False,False,True,False,2-circle,-1.000000,175.510245,100.000000,99.773517,0.226483,0.000000,22.403658,-69.566495,5.386994,2,3,4,0.0000,0.0000,0.0000,0.5000,"Pursue",2.416192
311,A0100,adaptive_eagle,OBFM,16055.235760,9.051892,82.586516,91.626165,-8.928610,13682.935321,294.854025,17531.742738,68.359157,-8669.383098,279.917019,9.190830,False,False,True,False,False,True,False,2-circle,-1.000000,150.934768,100.000000,99.773517,0.226483,0.000000,20.126491,-71.647464,6.600119,2,0,4,0.0000,0.0000,0.0000,0.5000,"LeadPursuit",-2.840623
311,B0100,defensive,OBFM,16055.235760,9.051892,82.586516,91.626165,-8.928610,13682.935321,294.854025,17531.742738,68.359157,-8669.383098,279.917019,9.190830,False,False,True,False,False,True,False,2-circle,-1.000000,150.934768,100.000000,99.773517,0.226483,0.000000,20.126491,-71.647464,6.600119,2,3,4,0.0000,0.0000,0.0000,0.5000,"Pursue",4.338048
312,A0100,adaptive_eagle,OBFM,15958.018017,6.876491,83.972865,90.741845,-6.622399,13685.459740,294.470509,17524.261389,-37.406750,-8675.877779,295.180620,14.177675,False,False,True,False,False,True,False,2-circle,-1.000000,128.072846,100.000000,99.773517,0.226483,0.000000,13.729914,-77.848837,6.968849,2,0,4,0.0000,0.0000,0.0000,0.5000,"LeadPursuit",-4.224609
312,B0100,defensive,OBFM,15958.018017,6.876491,83.972865,90.741845,-6.622399,13685.459740,294.470509,17524.261389,-37.406750,-8675.877779,295.180620,14.177675,False,False,True,False,False,True,False,2-circle,-1.000000,128.072846,100.000000,99.773517,0.226483,0.000000,13.729914,-77.848837,6.968849,2,3,4,0.0000,0.0000,0.0000,0.5000,"Pursue",6.399516
313,A0100,adaptive_eagle,OBFM,15854.713931,4.577193,85.991209,90.305912,-4.179988,13688.556632,294.120710,17518.243544,-30.089222,-8614.602566,316.409384,46.372721,False,False,True,False,False,True,False,2-circle,-1.000000,108.191159,100.000000,99.773517,0.226483,0.000000,5.171612,-86.229534,6.705792,2,0,4,0.0000,0.0000,0.0000,0.5000,"LeadPursuit",-6.246378
313,B0100,defensive,OBFM,15854.713931,4.577193,85.991209,90.305912,-4.179988,13688.556632,294.120710,17518.243544,-30.089222,-8614.602566,316.409384,46.372721,False,False,True,False,False,True,False,2-circle,-1.000000,108.191159,100.000000,99.773517,0.226483,0.000000,5.171612,-86.229534,6.705792,2,4,4,0.0000,0.0000,0.0000,0.5000,"Pursue",8.195545
314,A0100,adaptive_eagle,OBFM,15744.317653,2.566026,87.852458,90.058026,-2.098392,13691.339174,293.988840,17517.592737,-3.254037,-8590.950514,335.568832,175.150987,False,False,True,False,False,True,False,2-circle,-1.000000,90.448721,100.000000,99.773517,0.226483,0.000000,2.178192,-89.054636,6.112895,2,0,4,0.0000,0.0000,0.0000,0.5000,"LeadPursuit",-8.451366
314,B0100,defensive,OBFM,15744.317653,2.566026,87.852458,90.058026,-2.098392,13691.339174,293.988840,17517.592737,-3.254037,-8590.950514,335.568832,175.150987,False,False,True,False,False,True,False,2-circle,-1.000000,90.448721,100.000000,99.773517,0.226483,0.000000,2.178192,-89.054636,6.112895,2,4,4,0.0000,0.0000,0.0000,0.5000,"Pursue",7.429873
315,A0100,adaptive_eagle,OBFM,15628.295097,1.352687,89.223848,90.000623,-0.690330,13693.454916,294.702568,17538.309313,103.582881,-8596.780933,350.290633,16.137381,False,False,True,False,False,True,False,2-circle,-1.000000,73.549656,100.000000,99.773517,0.226483,0.000000,11.760021,-79.297288,5.747740,2,0,4,0.0000,0.0000,0.0000,0.5000,"LeadPursuit",-4.901267
315,B0100,defensive,OBFM,15628.295097,1.352687,89.223848,90.000623,-0.690330,13693.454916,294.702568,17538.309313,103.582881,-8596.780933,350.290633,16.137381,False,False,True,False,False,True,False,2-circle,-1.000000,73.549656,100.000000,99.773517,0.226483,0.000000,11.760021,-79.297288,5.747740,2,4,4,0.0000,0.0000,0.0000,0.5000,"Pursue",2.450701
316,A0100,adaptive_eagle,OBFM,15507.417514,0.979208,90.558896,90.638084,-0.009274,13695.211347,296.026659,17574.693022,181.918547,-8576.770513,365.177790,6.089826,False,False,True,False,False,True,False,2-circle,-1.000000,57.465382,100.000000,99.773517,0.226483,0.000000,27.376305,-63.497211,5.963737,2,0,4,0.0000,0.0000,0.0000,0.5000,"LeadPursuit",-1.481828
316,B0100,defensive,OBFM,15507.417514,0.979208,90.558896,90.638084,-0.009274,13695.211347,296.026659,17574.693022,181.918547,-8576.770513,365.177790,6.089826,False,False,True,False,False,True,False,2-circle,-1.000000,57.465382,100.000000,99.773517,0.226483,0.000000,27.376305,-63.497211,5.963737,2,4,4,0.0000,0.0000,0.0000,0.5000,"Pursue",0.259973
317,A0100,adaptive_eagle,OBFM,15381.076394,0.788466,92.193954,92.152415,0.090245,13696.706955,297.981713,17627.600508,264.537429,-8485.550061,383.735708,3.293240,False,False,True,False,False,True,False,2-circle,1.000000,43.044198,100.000000,99.773517,0.226483,0.000000,43.189589,-47.504495,5.606407,2,0,4,0.0000,0.0000,0.0000,0.5000,"LeadPursuit",-3.815147
317,B0100,defensive,OBFM,15381.076394,0.788466,92.193954,92.152415,0.090245,13696.706955,297.981713,17627.600508,264.537429,-8485.550061,383.735708,3.293240,False,False,True,False,False,True,False,2-circle,1.000000,43.044198,100.000000,99.773517,0.226483,0.000000,43.189589,-47.504495,5.606407,2,4,4,0.0000,0.0000,0.0000,0.5000,"Pursue",0.836416
318,A0100,adaptive_eagle,OBFM,15247.989673,0.457989,93.822166,94.129255,-0.287337,13697.672630,300.683151,17700.162529,362.810103,-8370.055467,403.061559,1.889009,False,False,True,False,False,True,False,2-circle,-1.000000,30.686599,100.000000,99.773517,0.226483,0.000000,58.250609,-32.276311,4.954237,2,0,4,0.0000,0.0000,0.0000,0.5000,"LeadPursuit",10.900798
318,B0100,defensive,OBFM,15247.989673,0.457989,93.822166,94.129255,-0.287337,13697.672630,300.683151,17700.162529,362.810103,-8370.055467,403.061559,1.889009,False,False,True,False,False,True,False,2-circle,-1.000000,30.686599,100.000000,99.773517,0.226483,0.000000,58.250609,-32.276311,4.954237,2,4,4,0.0000,0.0000,0.0000,0.5000,"Pursue",-4.910752
319,A0100,adaptive_eagle,OBFM,15109.053471,0.912410,95.134850,95.984878,-0.865885,13697.578610,303.737222,17781.788855,408.131631,-8271.236736,419.622688,0.906779,False,False,True,False,False,True,False,2-circle,-1.000000,20.368500,100.000000,99.773517,0.226483,0.000000,73.350986,-17.023133,4.189970,2,0,4,0.0000,0.0000,0.0000,0.5000,"LeadPursuit",6.691473
319,B0100,defensive,OBFM,15109.053471,0.912410,95.134850,95.984878,-0.865885,13697.578610,303.737222,17781.788855,408.131631,-8271.236736,419.622688,0.906779,False,False,True,False,False,True,False,2-circle,-1.000000,20.368500,100.000000,99.773517,0.226483,0.000000,73.350986,-17.023133,4.189970,2,4,4,0.0000,0.0000,0.0000,0.5000,"Pursue",-5.893848
320,A0100,adaptive_eagle,OBFM,14964.191421,1.868776,96.723531,98.165414,-1.489710,13695.924868,307.093478,17870.893775,445.524597,-8111.819402,439.009457,0.067576,False,False,True,False,False,True,False,2-circle,-1.000000,13.313615,100.000000,99.773517,0.226483,0.000000,88.941883,-1.321049,3.293687,2,0,4,0.0000,0.0000,0.0000,0.5000,"LeadPursuit",3.485696
320,B0100,defensive,OBFM,14964.191421,1.868776,96.723531,98.165414,-1.489710,13695.924868,307.093478,17870.893775,445.524597,-8111.819402,439.009457,0.067576,False,False,True,False,False,True,False,2-circle,-1.000000,13.313615,100.000000,99.773517,0.226483,0.000000,88.941883,-1.321049,3.293687,2,4,4,0.0000,0.0000,0.0000,0.5000,"Pursue",-4.289895
321,A0100,adaptive_eagle,OBFM,14811.836236,2.689104,98.859149,100.895857,-2.100450,13692.587411,310.416063,17958.386848,437.465365,-7895.886364,463.376326,0.424277,False,False,True,False,False,True,False,2-circle,-1.000000,9.850450,100.000000,99.773517,0.226483,0.000000,98.533702,8.323319,2.264281,2,0,4,0.0000,0.0000,0.0000,0.5000,"LeadPursuit",1.612144
321,B0100,defensive,OBFM,14811.836236,2.689104,98.859149,100.895857,-2.100450,13692.587411,310.416063,17958.386848,437.465365,-7895.886364,463.376326,0.424277,False,False,True,False,False,True,False,2-circle,-1.000000,9.850450,100.000000,99.773517,0.226483,0.000000,98.533702,8.323319,2.264281,2,4,4,0.0000,0.0000,0.0000,0.5000,"Pursue",-2.299781
322,A0100,adaptive_eagle,HABFM,14651.897340,3.176224,100.565781,103.311734,-2.815977,13688.867613,312.630861,18015.756595,286.848736,-7782.180179,482.298182,0.294522,False,False,True,False,False,True,False,2-circle,-1.000000,6.451454,100.000000,99.773517,0.226483,0.000000,95.988436,5.838441,1.442825,2,0,4,0.0000,0.0000,0.0000,0.5000,"LeadPursuit",1.701627
322,B0100,defensive,HABFM,14651.897340,3.176224,100.565781,103.311734,-2.815977,13688.867613,312.630861,18015.756595,286.848736,-7782.180179,482.298182,0.294522,False,False,True,False,False,True,False,2-circle,-1.000000,6.451454,100.000000,99.773517,0.226483,0.000000,95.988436,5.838441,1.442825,2,4,4,0.0000,0.0000,0.0000,0.5000,"Pursue",-2.469358
323,A0100,adaptive_eagle,HABFM,14486.532571,3.780984,101.792228,105.211514,-3.503161,13685.795377,314.894831,18075.579082,299.112436,-7733.079989,496.705788,0.027343,False,False,True,False,False,True,False,2-circle,-1.000000,0.680222,100.000000,99.773517,0.226483,0.000000,90.565038,0.547686,0.548311,2,0,4,0.0000,0.0000,0.0000,0.5000,"LeadPursuit",2.114926
323,B0100,defensive,HABFM,14486.532571,3.780984,101.792228,105.211514,-3.503161,13685.795377,314.894831,18075.579082,299.112436,-7733.079989,496.705788,0.027343,False,False,True,False,False,True,False,2-circle,-1.000000,0.680222,100.000000,99.773517,0.226483,0.000000,90.565038,0.547686,0.548311,2,4,4,0.0000,0.0000,0.0000,0.5000,"Pursue",-3.189737
324,A0100,adaptive_eagle,HABFM,14316.108607,4.678436,103.116420,107.184809,-4.207464,13681.936685,317.934526,18156.879033,406.499754,-7642.845235,512.683859,0.049351,False,False,True,False,False,False,False,2-circle,-1.000000,-5.739890,100.000000,99.773517,0.226483,0.000000,90.835464,0.997633,-0.488484,2,0,4,0.0000,0.0000,0.0000,0.5000,"LeadPursuit",1.832428
324,B0100,defensive,HABFM,14316.108607,4.678436,103.116420,107.184809,-4.207464,13681.936685,317.934526,18156.879033,406.499754,-7642.845235,512.683859,0.049351,False,False,True,False,False,False,False,2-circle,-1.000000,-5.739890,100.000000,99.773517,0.226483,0.000000,90.835464,0.997633,-0.488484,2,4,4,0.0000,0.0000,0.0000,0.5000,"Pursue",-2.891476
325,A0100,adaptive_eagle,HABFM,14140.163424,5.606342,104.544588,109.294237,-4.942797,13676.624544,320.724568,18230.451427,367.861972,-7546.299385,529.109911,0.267430,False,False,True,False,False,False,False,2-circle,-1.000000,-11.466040,100.000000,99.773517,0.226483,0.000000,95.072893,5.435786,-1.013668,2,0,4,0.0000,0.0000,0.0000,0.5000,"LeadPursuit",1.318949
325,B0100,defensive,HABFM,14140.163424,5.606342,104.544588,109.294237,-4.942797,13676.624544,320.724568,18230.451427,367.861972,-7546.299385,529.109911,0.267430,False,False,True,False,False,False,False,2-circle,-1.000000,-11.466040,100.000000,99.773517,0.226483,0.000000,95.072893,5.435786,-1.013668,2,4,4,0.0000,0.0000,0.0000,0.5000,"Pursue",-2.156574
326,A0100,adaptive_eagle,HABFM,13958.792725,6.354353,105.965033,111.542971,-5.768652,13670.473344,322.821804,18284.050389,267.994811,-7463.114026,544.522636,0.313494,False,False,True,False,False,False,False,2-circle,-1.000000,-16.219870,100.000000,99.773517,0.226483,0.000000,95.821113,6.404327,-1.029630,2,0,4,0.0000,0.0000,0.0000,0.5000,"LeadPursuit",0.915333
326,B0100,defensive,HABFM,13958.792725,6.354353,105.965033,111.542971,-5.768652,13670.473344,322.821804,18284.050389,267.994811,-7463.114026,544.522636,0.313494,False,False,True,False,False,False,False,2-circle,-1.000000,-16.219870,100.000000,99.773517,0.226483,0.000000,95.821113,6.404327,-1.029630,2,3,4,0.0000,0.0000,0.0000,0.5000,"Pursue",-1.577553
327,A0100,adaptive_eagle,HABFM,13772.251646,6.877572,107.607699,114.117657,-6.624391,13665.284457,323.892400,18309.512889,127.312501,-7384.237257,560.634735,0.056500,False,False,True,False,False,False,False,2-circle,-1.000000,-20.754866,100.000000,99.773517,0.226483,0.000000,87.974293,-1.162534,-0.938765,2,0,4,0.0000,0.0000,0.0000,0.5000,"LeadPursuit",0.668695
327,B0100,defensive,HABFM,13772.251646,6.877572,107.607699,114.117657,-6.624391,13665.284457,323.892400,18309.512889,127.312501,-7384.237257,560.634735,0.056500,False,False,True,False,False,False,False,2-circle,-1.000000,-20.754866,100.000000,99.773517,0.226483,0.000000,87.974293,-1.162534,-0.938765,2,3,4,0.0000,0.0000,0.0000,0.5000,"Pursue",-1.263152
328,A0100,adaptive_eagle,HABFM,13579.611374,7.213703,109.798808,116.941425,-7.183253,13662.615716,324.237538,18316.747149,36.171296,-7278.899516,580.575009,0.757958,False,False,True,False,False,False,False,2-circle,-1.000000,-26.367331,100.000000,99.773517,0.226483,0.000000,73.459438,-15.243100,-0.327845,2,0,4,0.0000,0.0000,0.0000,0.5000,"LeadPursuit",0.311138
328,B0100,defensive,HABFM,13579.611374,7.213703,109.798808,116.941425,-7.183253,13662.615716,324.237538,18316.747149,36.171296,-7278.899516,580.575009,0.757958,False,False,True,False,False,False,False,2-circle,-1.000000,-26.367331,100.000000,99.773517,0.226483,0.000000,73.459438,-15.243100,-0.327845,2,3,4,0.0000,0.0000,0.0000,0.5000,"Pursue",-0.666324
329,A0100,adaptive_eagle,HABFM,13380.629606,7.309294,111.554223,118.863249,-7.301551,13662.603958,324.552002,18325.767467,45.101594,-7233.735561,596.717612,1.806457,False,False,True,False,False,False,False,2-circle,-1.000000,-35.276680,100.000000,99.773517,0.226483,0.000000,54.857580,-33.026634,0.490903,2,0,4,0.0000,0.0000,0.0000,0.5000,"LeadPursuit",-0.196928
329,B0100,defensive,HABFM,13380.629606,7.309294,111.554223,118.863249,-7.301551,13662.603958,324.552002,18325.767467,45.101594,-7233.735561,596.717612,1.806457,False,False,True,False,False,False,False,2-circle,-1.000000,-35.276680,100.000000,99.773517,0.226483,0.000000,54.857580,-33.026634,0.490903,2,3,4,0.0000,0.0000,0.0000,0.5000,"Pursue",0.161818
330,A0100,adaptive_eagle,HABFM,13177.041587,7.046909,112.790589,119.815153,-6.976645,13664.621154,324.665163,18331.037029,26.347807,-7270.241551,608.560266,3.643047,False,False,True,False,False,False,False,2-circle,-1.000000,-48.115355,100.000000,99.773517,0.226483,0.000000,33.655160,-52.674188,1.120995,2,0,4,0.0000,0.0000,0.0000,0.5000,"LeadPursuit",-1.286235
330,B0100,defensive,HABFM,13177.041587,7.046909,112.790589,119.815153,-6.976645,13664.621154,324.665163,18331.037029,26.347807,-7270.241551,608.560266,3.643047,False,False,True,False,False,False,False,2-circle,-1.000000,-48.115355,100.000000,99.773517,0.226483,0.000000,33.655160,-52.674188,1.120995,2,3,4,0.0000,0.0000,0.0000,0.5000,"Pursue",1.803757
331,A0100,adaptive_eagle,HABFM,12969.474669,6.029024,114.084831,120.021636,-5.854937,13668.067812,324.661787,18334.386642,16.748067,-7310.820416,621.260424,8.900098,False,False,True,False,False,False,False,2-circle,-1.000000,-63.854570,100.000000,99.773517,0.226483,0.000000,10.720442,-72.666725,3.474842,2,0,4,0.0000,0.0000,0.0000,0.5000,"LeadPursuit",-3.192504
331,B0100,defensive,HABFM,12969.474669,6.029024,114.084831,120.021636,-5.854937,13668.067812,324.661787,18334.386642,16.748067,-7310.820416,621.260424,8.900098,False,False,True,False,False,False,False,2-circle,-1.000000,-63.854570,100.000000,99.773517,0.226483,0.000000,10.720442,-72.666725,3.474842,2,3,3,0.0000,0.0000,0.0000,0.5000,"Pursue",4.585236
332,A0100,adaptive_eagle,HABFM,12757.393329,4.130791,115.499670,119.488311,-3.907206,13672.193582,324.574642,18336.007702,8.105300,-7342.094886,635.080975,159.168664,False,False,True,False,False,False,False,2-circle,-1.000000,-80.980490,100.000000,99.773517,0.226483,0.000000,-14.532737,-91.845174,4.382418,2,0,4,0.0000,0.0000,0.0000,0.5000,"LeadPursuit",-5.375527
332,B0100,defensive,HABFM,12757.393329,4.130791,115.499670,119.488311,-3.907206,13672.193582,324.574642,18336.007702,8.105300,-7342.094886,635.080975,159.168664,False,False,True,False,False,False,False,2-circle,-1.000000,-80.980490,100.000000,99.773517,0.226483,0.000000,-14.532737,-91.845174,4.382418,2,4,3,0.0000,0.0000,0.0000,0.5000,"Pursue",6.972997
333,A0100,adaptive_eagle,HABFM,12540.748984,2.140068,116.927920,119.030560,-2.071540,13675.357395,324.487803,18336.676243,3.342704,-7359.555094,648.353921,159.202610,False,False,True,False,False,False,False,2-circle,-1.000000,-96.897874,100.000000,99.773517,0.226483,0.000000,-40.346157,-101.788647,3.659748,2,0,4,0.0000,0.0000,0.0000,0.5000,"LeadPursuit",-7.825286
333,B0100,defensive,HABFM,12540.748984,2.140068,116.927920,119.030560,-2.071540,13675.357395,324.487803,18336.676243,3.342704,-7359.555094,648.353921,159.202610,False,False,True,False,False,False,False,2-circle,-1.000000,-96.897874,100.000000,99.773517,0.226483,0.000000,-40.346157,-101.788647,3.659748,2,4,3,0.0000,0.0000,0.0000,0.5000,"Pursue",7.187444
334,A0100,adaptive_eagle,HABFM,12319.418303,0.806410,118.598968,119.354371,-0.770803,13676.764669,325.212885,18358.938655,111.312062,-7303.882463,663.641095,158.856126,False,False,True,False,False,False,False,2-circle,-1.000000,-109.706852,100.000000,99.773517,0.226483,0.000000,-92.039129,-94.725710,2.592148,2,0,4,0.0000,0.0000,0.0000,0.5000,"LeadPursuit",-8.651673
334,B0100,defensive,HABFM,12319.418303,0.806410,118.598968,119.354371,-0.770803,13676.764669,325.212885,18358.938655,111.312062,-7303.882463,663.641095,158.856126,False,False,True,False,False,False,False,2-circle,-1.000000,-109.706852,100.000000,99.773517,0.226483,0.000000,-92.039129,-94.725710,2.592148,2,4,3,0.0000,0.0000,0.0000,0.5000,"Pursue",3.980974
335,A0100,adaptive_eagle,HABFM,12092.091450,0.720668,120.866386,120.712375,0.114871,13676.853747,326.528706,18396.992788,190.270663,-7161.539014,683.545166,14.312032,False,False,True,False,False,False,False,2-circle,1.000000,-119.449201,100.000000,99.773517,0.226483,0.000000,-132.108007,-79.076945,2.331699,2,0,4,0.0000,0.0000,0.0000,0.5000,"LeadPursuit",12.336794
335,B0100,defensive,HABFM,12092.091450,0.720668,120.866386,120.712375,0.114871,13676.853747,326.528706,18396.992788,190.270663,-7161.539014,683.545166,14.312032,False,False,True,False,False,False,False,2-circle,1.000000,-119.449201,100.000000,99.773517,0.226483,0.000000,-132.108007,-79.076945,2.331699,2,2,3,0.0000,0.0000,0.0000,0.5000,"Pursue",-7.635453
336,A0100,adaptive_eagle,HABFM,11858.384117,1.599260,122.768923,121.285360,1.442421,13676.489651,327.385804,18421.440809,122.240104,-7089.803623,699.766925,6.295456,False,False,True,False,False,False,False,2-circle,1.000000,-128.965699,100.000000,99.773517,0.226483,0.000000,-133.957177,-66.364528,3.022940,2,0,4,0.0000,0.0000,0.0000,0.5000,"LeadPursuit",8.198354
336,B0100,defensive,HABFM,11858.384117,1.599260,122.768923,121.285360,1.442421,13676.489651,327.385804,18421.440809,122.240104,-7089.803623,699.766925,6.295456,False,False,True,False,False,False,False,2-circle,1.000000,-128.965699,100.000000,99.773517,0.226483,0.000000,-133.957177,-66.364528,3.022940,2,2,3,0.0000,0.0000,0.0000,0.5000,"Pursue",-9.552283
337,A0100,adaptive_eagle,HABFM,11620.207603,3.335864,124.148181,120.813125,3.332322,13676.950477,327.263312,18418.351619,-15.445948,-7132.375532,710.660917,5.910691,False,False,True,False,False,False,False,2-circle,1.000000,-140.838166,100.000000,99.773517,0.226483,0.000000,-137.867601,-65.001290,4.114569,2,0,4,0.0000,0.0000,0.0000,0.5000,"LeadPursuit",5.906288
337,B0100,defensive,HABFM,11620.207603,3.335864,124.148181,120.813125,3.332322,13676.950477,327.263312,18418.351619,-15.445948,-7132.375532,710.660917,5.910691,False,False,True,False,False,False,False,2-circle,1.000000,-140.838166,100.000000,99.773517,0.226483,0.000000,-137.867601,-65.001290,4.114569,2,2,3,0.0000,0.0000,0.0000,0.5000,"Pursue",-8.722572
338,A0100,adaptive_eagle,HABFM,11378.857446,6.065338,125.567297,119.568992,6.047261,13679.093021,326.033515,18384.926438,-167.125906,-7222.933640,719.403709,10.647420,False,False,True,False,False,False,False,2-circle,1.000000,-155.483456,100.000000,99.773517,0.226483,0.000000,-150.672121,-75.437511,4.908133,2,0,4,0.0000,0.0000,0.0000,0.5000,"LeadPursuit",3.989619
338,B0100,defensive,HABFM,11378.857446,6.065338,125.567297,119.568992,6.047261,13679.093021,326.033515,18384.926438,-167.125906,-7222.933640,719.403709,10.647420,False,False,True,False,False,False,False,2-circle,1.000000,-155.483456,100.000000,99.773517,0.226483,0.000000,-150.672121,-75.437511,4.908133,2,2,3,0.0000,0.0000,0.0000,0.5000,"Pursue",-6.091950
339,A0100,adaptive_eagle,HABFM,11134.756826,9.090775,127.113672,118.088668,9.079745,13682.307070,324.680741,18349.170741,-178.778486,-7299.102653,727.387162,159.095207,False,False,True,False,False,False,False,2-circle,1.000000,-171.469690,100.000000,99.773517,0.226483,0.000000,-166.442434,-90.015452,4.919522,2,0,4,0.0000,0.0000,0.0000,0.5000,"LeadPursuit",2.446774
339,B0100,defensive,HABFM,11134.756826,9.090775,127.113672,118.088668,9.079745,13682.307070,324.680741,18349.170741,-178.778486,-7299.102653,727.387162,159.095207,False,False,True,False,False,False,False,2-circle,1.000000,-171.469690,100.000000,99.773517,0.226483,0.000000,-166.442434,-90.015452,4.919522,2,2,3,0.0000,0.0000,0.0000,0.5000,"Pursue",-3.622539
340,A0100,adaptive_eagle,HABFM,10887.915568,11.550949,128.672536,117.133552,11.550726,13684.842050,324.255071,18339.476844,-48.469485,-7328.836033,735.929024,159.291371,False,False,True,False,False,False,False,2-circle,1.000000,-186.060837,100.000000,99.773517,0.226483,0.000000,-174.029734,-96.844403,4.189065,2,0,4,0.0000,0.0000,0.0000,0.5000,"LeadPursuit",1.601450
340,B0100,defensive,HABFM,10887.915568,11.550949,128.672536,117.133552,11.550726,13684.842050,324.255071,18339.476844,-48.469485,-7328.836033,735.929024,159.291371,False,False,True,False,False,False,False,2-circle,1.000000,-186.060837,100.000000,99.773517,0.226483,0.000000,-174.029734,-96.844403,4.189065,2,2,3,0.0000,0.0000,0.0000,0.5000,"Pursue",-2.329187
341,A0100,adaptive_eagle,HABFM,10637.789127,13.305774,130.467279,117.162196,13.283038,13686.021972,324.950336,18360.639024,105.810901,-7272.125153,747.188589,158.959067,False,False,True,False,False,False,False,2-circle,1.000000,-197.446416,100.000000,99.773517,0.226483,0.000000,-167.522372,-89.704496,3.271096,2,0,4,0.0000,0.0000,0.0000,0.5000,"LeadPursuit",1.568362
341,B0100,defensive,HABFM,10637.789127,13.305774,130.467279,117.162196,13.283038,13686.021972,324.950336,18360.639024,105.810901,-7272.125153,747.188589,158.959067,False,False,True,False,False,False,False,2-circle,1.000000,-197.446416,100.000000,99.773517,0.226483,0.000000,-167.522372,-89.704496,3.271096,2,2,3,0.0000,0.0000,0.0000,0.5000,"Pursue",-2.246951
342,A0100,adaptive_eagle,HABFM,10383.215855,15.025023,132.904044,117.888920,14.983192,13686.278562,325.688368,18382.153845,107.574105,-7148.481817,761.558567,16.221613,False,False,True,False,False,False,False,2-circle,1.000000,-205.517585,100.000000,99.773517,0.226483,0.000000,-158.695144,-80.314622,2.909937,2,0,4,0.0000,0.0000,0.0000,0.5000,"LeadPursuit",1.757269
342,B0100,defensive,HABFM,10383.215855,15.025023,132.904044,117.888920,14.983192,13686.278562,325.688368,18382.153845,107.574105,-7148.481817,761.558567,16.221613,False,False,True,False,False,False,False,2-circle,1.000000,-205.517585,100.000000,99.773517,0.226483,0.000000,-158.695144,-80.314622,2.909937,2,2,3,0.0000,0.0000,0.0000,0.5000,"Pursue",-2.346518
343,A0100,adaptive_eagle,HABFM,10124.187033,17.208302,135.080552,117.876283,17.173412,13686.318577,325.708471,18382.773580,3.098673,-7102.186224,771.927979,11.680812,False,False,True,False,False,False,False,2-circle,1.000000,-212.862643,100.000000,99.773517,0.226483,0.000000,-155.428067,-76.666757,3.088434,2,0,4,0.0000,0.0000,0.0000,0.5000,"LeadPursuit",1.993698
343,B0100,defensive,HABFM,10124.187033,17.208302,135.080552,117.876283,17.173412,13686.318577,325.708471,18382.773580,3.098673,-7102.186224,771.927979,11.680812,False,False,True,False,False,False,False,2-circle,1.000000,-212.862643,100.000000,99.773517,0.226483,0.000000,-155.428067,-76.666757,3.088434,2,2,3,0.0000,0.0000,0.0000,0.5000,"Pursue",-2.419258
344,A0100,adaptive_eagle,HABFM,9862.884556,20.219389,136.739130,116.519870,20.195182,13686.756210,324.666942,18353.223226,-147.751770,-7167.528135,775.580442,23.974817,False,False,True,False,False,False,False,2-circle,1.000000,-221.522462,100.000000,99.773517,0.226483,0.000000,-162.302438,-83.392990,3.246223,2,0,4,0.0000,0.0000,0.0000,0.5000,"LeadPursuit",1.694764
344,B0100,defensive,HABFM,9862.884556,20.219389,136.739130,116.519870,20.195182,13686.756210,324.666942,18353.223226,-147.751770,-7167.528135,775.580442,23.974817,False,False,True,False,False,False,False,2-circle,1.000000,-221.522462,100.000000,99.773517,0.226483,0.000000,-162.302438,-83.392990,3.246223,2,2,3,0.0000,0.0000,0.0000,0.5000,"Pursue",-1.943718
345,A0100,adaptive_eagle,HABFM,9600.660562,23.049709,138.417405,115.368659,23.012915,13687.131751,324.088642,18336.989640,-81.167928,-7216.678012,779.075925,59.826606,False,False,True,False,False,False,False,2-circle,1.000000,-230.651910,100.000000,99.773517,0.226483,0.000000,-166.244119,-87.337862,3.158904,2,0,3,0.0000,0.0000,0.0000,0.5000,"LeadPursuit",1.230078
345,B0100,defensive,HABFM,9600.660562,23.049709,138.417405,115.368659,23.012915,13687.131751,324.088642,18336.989640,-81.167928,-7216.678012,779.075925,59.826606,False,False,True,False,False,False,False,2-circle,1.000000,-230.651910,100.000000,99.773517,0.226483,0.000000,-166.244119,-87.337862,3.158904,2,2,3,0.0000,0.0000,0.0000,0.5000,"Pursue",-1.406508
346,A0100,adaptive_eagle,HABFM,9336.936199,25.027191,140.209567,115.188133,24.975282,13686.937869,323.089536,18308.170642,-144.094991,-7273.345916,784.003642,16.491797,False,False,True,False,False,False,False,2-circle,1.000000,-238.889478,100.000000,99.773517,0.226483,0.000000,-159.240130,-80.397706,3.065440,2,1,3,0.0000,0.0000,0.0000,0.5000,"LeadPursuit",1.382060
346,B0100,defensive,HABFM,9336.936199,25.027191,140.209567,115.188133,24.975282,13686.937869,323.089536,18308.170642,-144.094991,-7273.345916,784.003642,16.491797,False,False,True,False,False,False,False,2-circle,1.000000,-238.889478,100.000000,99.773517,0.226483,0.000000,-159.240130,-80.397706,3.065440,2,2,3,0.0000,0.0000,0.0000,0.5000,"Pursue",-1.544860
347,A0100,adaptive_eagle,HABFM,9071.519330,27.185518,142.411752,115.239987,27.136535,13686.514769,321.469517,18261.520631,-233.250053,-7296.179463,788.452209,11.809917,False,False,True,False,False,False,False,2-circle,1.000000,-245.484165,100.000000,99.773517,0.226483,0.000000,-155.405882,-76.645197,3.230745,2,1,3,0.0000,0.0000,0.0000,0.5000,"LeadPursuit",1.914311
347,B0100,defensive,HABFM,9071.519330,27.185518,142.411752,115.239987,27.136535,13686.514769,321.469517,18261.520631,-233.250053,-7296.179463,788.452209,11.809917,False,False,True,False,False,False,False,2-circle,1.000000,-245.484165,100.000000,99.773517,0.226483,0.000000,-155.405882,-76.645197,3.230745,2,2,3,0.0000,0.0000,0.0000,0.5000,"Pursue",-2.034982
348,A0100,adaptive_eagle,HABFM,8804.828681,30.241430,145.436001,115.211029,30.203111,13686.421420,318.727266,18183.707263,-389.066842,-7296.790609,791.103143,21.842239,False,False,True,False,False,False,False,2-circle,1.000000,-250.541374,100.000000,99.773517,0.226483,0.000000,-161.253282,-82.625256,3.370581,2,1,3,0.0000,0.0000,0.0000,0.5000,"LeadPursuit",1.797394
348,B0100,defensive,HABFM,8804.828681,30.241430,145.436001,115.211029,30.203111,13686.421420,318.727266,18183.707263,-389.066842,-7296.790609,791.103143,21.842239,False,False,True,False,False,False,False,2-circle,1.000000,-250.541374,100.000000,99.773517,0.226483,0.000000,-161.253282,-82.625256,3.370581,2,2,3,0.0000,0.0000,0.0000,0.5000,"Pursue",-1.799888
349,A0100,adaptive_eagle,HABFM,8537.696830,33.229370,148.222343,115.002704,33.181047,13686.310287,316.337789,18116.417214,-336.450243,-7330.051797,791.763714,39.132717,False,False,True,False,False,False,False,2-circle,1.000000,-255.896206,100.000000,99.773517,0.226483,0.000000,-164.183822,-85.837907,3.288982,2,1,3,0.0000,0.0000,0.0000,0.5000,"LeadPursuit",1.421787
349,B0100,defensive,HABFM,8537.696830,33.229370,148.222343,115.002704,33.181047,13686.310287,316.337789,18116.417214,-336.450243,-7330.051797,791.763714,39.132717,False,False,True,False,False,False,False,2-circle,1.000000,-255.896206,100.000000,99.773517,0.226483,0.000000,-164.183822,-85.837907,3.288982,2,2,3,0.0000,0.0000,0.0000,0.5000,"Pursue",-1.386950
350,A0100,adaptive_eagle,HABFM,8270.211058,35.437415,150.565429,115.131809,35.377139,13685.734640,315.085475,18080.835297,-177.909584,-7380.944481,793.658027,14.335283,False,False,True,False,False,False,False,2-circle,1.000000,-262.612546,100.000000,99.773517,0.226483,0.000000,-156.605299,-78.722250,3.232136,2,1,3,0.0000,0.0000,0.0000,0.5000,"LeadPursuit",1.593743
350,B0100,defensive,HABFM,8270.211058,35.437415,150.565429,115.131809,35.377139,13685.734640,315.085475,18080.835297,-177.909584,-7380.944481,793.658027,14.335283,False,False,True,False,False,False,False,2-circle,1.000000,-262.612546,100.000000,99.773517,0.226483,0.000000,-156.605299,-78.722250,3.232136,2,2,3,0.0000,0.0000,0.0000,0.5000,"Pursue",-1.486843
351,A0100,adaptive_eagle,HABFM,8002.238164,37.849461,153.030593,115.181449,37.794178,13685.037888,313.540741,18037.149433,-218.429324,-7441.368624,793.721097,10.557903,False,False,True,False,False,False,False,2-circle,1.000000,-270.629418,100.000000,99.773517,0.226483,0.000000,-152.018131,-74.780615,3.474070,2,2,3,0.0000,0.0000,0.0000,0.5000,"LeadPursuit",2.049766
351,B0100,defensive,HABFM,8002.238164,37.849461,153.030593,115.181449,37.794178,13685.037888,313.540741,18037.149433,-218.429324,-7441.368624,793.721097,10.557903,False,False,True,False,False,False,False,2-circle,1.000000,-270.629418,100.000000,99.773517,0.226483,0.000000,-152.018131,-74.780615,3.474070,2,2,3,0.0000,0.0000,0.0000,0.5000,"Pursue",-1.775730
352,A0100,adaptive_eagle,HABFM,7735.229149,41.163461,155.707488,114.544070,41.122412,13684.837257,310.905130,17964.088978,-365.302275,-7530.013027,788.134467,16.938745,False,False,True,False,False,False,False,2-circle,1.000000,-279.719608,100.000000,99.773517,0.226483,0.000000,-156.676843,-80.298147,3.723278,2,2,3,0.0000,0.0000,0.0000,0.5000,"LeadPursuit",2.334553
352,B0100,defensive,HABFM,7735.229149,41.163461,155.707488,114.544070,41.122412,13684.837257,310.905130,17964.088978,-365.302275,-7530.013027,788.134467,16.938745,False,False,True,False,False,False,False,2-circle,1.000000,-279.719608,100.000000,99.773517,0.226483,0.000000,-156.676843,-80.298147,3.723278,2,2,3,0.0000,0.0000,0.0000,0.5000,"Pursue",-1.914981
353,A0100,adaptive_eagle,HABFM,7470.805848,44.837590,158.480678,113.645273,44.790121,13684.888604,308.110336,17887.551851,-382.685634,-7616.960945,779.139795,167.367911,False,False,True,False,False,False,False,2-circle,1.000000,-288.572003,100.000000,99.773517,0.226483,0.000000,-165.346050,-90.029509,3.488034,2,2,3,0.0000,0.0000,0.0000,0.5000,"LeadPursuit",2.668989
353,B0100,defensive,HABFM,7470.805848,44.837590,158.480678,113.645273,44.790121,13684.888604,308.110336,17887.551851,-382.685634,-7616.960945,779.139795,167.367911,False,False,True,False,False,False,False,2-circle,1.000000,-288.572003,100.000000,99.773517,0.226483,0.000000,-165.346050,-90.029509,3.488034,2,2,3,0.0000,0.0000,0.0000,0.5000,"Pursue",-2.142124
354,A0100,adaptive_eagle,DBFM,7209.318753,48.091950,161.579234,113.524496,48.009378,13684.101015,306.128536,17832.874160,-273.388452,-7631.967176,771.062781,168.420596,False,False,True,False,False,False,False,2-circle,1.000000,-294.868684,100.000000,99.773517,0.226483,0.000000,-167.900294,-93.789557,2.761909,2,2,3,0.0000,0.0000,0.0000,0.5000,"LeadPursuit",3.542776
354,B0100,defensive,DBFM,7209.318753,48.091950,161.579234,113.524496,48.009378,13684.101015,306.128536,17832.874160,-273.388452,-7631.967176,771.062781,168.420596,False,False,True,False,False,False,False,2-circle,1.000000,-294.868684,100.000000,99.773517,0.226483,0.000000,-167.900294,-93.789557,2.761909,2,2,3,0.0000,0.0000,0.0000,0.5000,"Pursue",-2.744405
355,A0100,adaptive_eagle,DBFM,6949.953726,50.700014,165.422233,114.821160,50.584713,13682.104900,305.196952,17805.666086,-136.040374,-7540.814621,765.425579,44.650797,False,False,True,False,False,False,False,2-circle,1.000000,-297.808508,100.000000,99.773517,0.226483,0.000000,-158.943647,-86.221872,2.022257,2,3,3,0.0000,0.0000,0.0000,0.5000,"LeadPursuit",4.124861
355,B0100,defensive,DBFM,6949.953726,50.700014,165.422233,114.821160,50.584713,13682.104900,305.196952,17805.666086,-136.040374,-7540.814621,765.425579,44.650797,False,False,True,False,False,False,False,2-circle,1.000000,-297.808508,100.000000,99.773517,0.226483,0.000000,-158.943647,-86.221872,2.022257,2,2,3,0.0000,0.0000,0.0000,0.5000,"Pursue",-2.927670
356,A0100,adaptive_eagle,DBFM,6692.688413,53.310565,169.142268,115.911164,53.178320,13679.317409,304.365673,17780.446100,-126.099928,-7491.023405,757.659675,12.844672,False,False,True,False,False,False,False,2-circle,1.000000,-299.931394,100.000000,99.773517,0.226483,0.000000,-147.925744,-77.037739,1.860275,2,4,3,0.0000,0.0000,0.0000,0.5000,"LeadPursuit",4.550499
356,B0100,defensive,DBFM,6692.688413,53.310565,169.142268,115.911164,53.178320,13679.317409,304.365673,17780.446100,-126.099928,-7491.023405,757.659675,12.844672,False,False,True,False,False,False,False,2-circle,1.000000,-299.931394,100.000000,99.773517,0.226483,0.000000,-147.925744,-77.037739,1.860275,2,2,3,0.0000,0.0000,0.0000,0.5000,"Pursue",-2.978045
357,A0100,adaptive_eagle,DBFM,6438.842351,56.458546,172.420739,116.011030,56.336441,13676.394009,302.888582,17737.813634,-213.162330,-7536.117149,744.779497,9.913190,False,False,True,False,False,False,False,2-circle,1.000000,-303.372857,100.000000,99.773517,0.226483,0.000000,-141.618149,-73.318378,2.233858,2,4,3,0.0000,0.0000,0.0000,0.5000,"LeadPursuit",5.375974
357,B0100,defensive,DBFM,6438.842351,56.458546,172.420739,116.011030,56.336441,13676.394009,302.888582,17737.813634,-213.162330,-7536.117149,744.779497,9.913190,False,False,True,False,False,False,False,2-circle,1.000000,-303.372857,100.000000,99.773517,0.226483,0.000000,-141.618149,-73.318378,2.233858,2,2,3,0.0000,0.0000,0.0000,0.5000,"Pursue",-3.338543
358,A0100,adaptive_eagle,DBFM,6190.640709,60.539005,175.460205,115.004933,60.439085,13674.015926,300.400809,17668.992660,-344.104870,-7657.724229,724.513121,15.688757,False,False,True,False,False,False,False,2-circle,1.000000,-307.989273,100.000000,99.773517,0.226483,0.000000,-143.810822,-79.193562,2.610453,2,4,3,0.0000,0.0000,0.0000,0.5000,"LeadPursuit",5.841825
358,B0100,defensive,DBFM,6190.640709,60.539005,175.460205,115.004933,60.439085,13674.015926,300.400809,17668.992660,-344.104870,-7657.724229,724.513121,15.688757,False,False,True,False,False,False,False,2-circle,1.000000,-307.989273,100.000000,99.773517,0.226483,0.000000,-143.810822,-79.193562,2.610453,2,2,3,0.0000,0.0000,0.0000,0.5000,"Pursue",-3.598682
359,A0100,adaptive_eagle,DBFM,5950.161829,65.023420,177.908494,113.470463,64.920776,13671.947965,297.794988,17597.916604,-355.380279,-7791.795354,699.823909,173.024534,False,False,True,False,False,False,False,2-circle,1.000000,-311.859258,100.000000,99.773517,0.226483,0.000000,-148.509746,-89.136624,2.485925,2,4,3,0.0000,0.0000,0.0000,0.5000,"LeadPursuit",2.894334
359,B0100,defensive,DBFM,5950.161829,65.023420,177.908494,113.470463,64.920776,13671.947965,297.794988,17597.916604,-355.380279,-7791.795354,699.823909,173.024534,False,False,True,False,False,False,False,2-circle,1.000000,-311.859258,100.000000,99.773517,0.226483,0.000000,-148.509746,-89.136624,2.485925,2,2,3,0.0000,0.0000,0.0000,0.5000,"Pursue",-1.679736
360,A0100,adaptive_eagle,DBFM,5717.771219,69.124078,177.858528,111.517677,68.986926,13669.117091,296.001876,17547.949234,-249.836853,-7940.621633,676.852773,174.049973,False,False,True,False,False,False,False,2-circle,1.000000,-313.058875,100.000000,99.773517,0.226483,0.000000,-145.106251,-93.297408,1.847695,2,4,3,0.0000,0.0000,0.0000,0.5000,"LeadPursuit",-0.723182
360,B0100,defensive,DBFM,5717.771219,69.124078,177.858528,111.517677,68.986926,13669.117091,296.001876,17547.949234,-249.836853,-7940.621633,676.852773,174.049973,False,False,True,False,False,False,False,2-circle,1.000000,-313.058875,100.000000,99.773517,0.226483,0.000000,-145.106251,-93.297408,1.847695,2,2,3,0.0000,0.0000,0.0000,0.5000,"Pursue",0.777681
361,A0100,adaptive_eagle,DBFM,5492.345696,72.556803,176.847742,109.695644,72.388898,13665.118497,295.242403,17524.071779,-119.387272,-8053.247642,657.521567,45.797261,False,False,True,False,False,False,False,2-circle,1.000000,-311.951945,100.000000,99.773517,0.226483,0.000000,-126.636408,-86.195048,1.147048,2,4,3,0.0000,0.0000,0.0000,0.5000,"LeadPursuit",-1.902303
361,B0100,defensive,DBFM,5492.345696,72.556803,176.847742,109.695644,72.388898,13665.118497,295.242403,17524.071779,-119.387272,-8053.247642,657.521567,45.797261,False,False,True,False,False,False,False,2-circle,1.000000,-311.951945,100.000000,99.773517,0.226483,0.000000,-126.636408,-86.195048,1.147048,2,2,3,0.0000,0.0000,0.0000,0.5000,"Pursue",1.560032
362,A0100,adaptive_eagle,DBFM,5273.299829,75.960004,175.618840,107.808072,75.777573,13660.308570,294.595249,17502.363204,-108.542874,-8154.245060,637.647257,13.287084,False,False,True,False,False,False,False,2-circle,1.000000,-309.997434,100.000000,99.773517,0.226483,0.000000,-100.149204,-77.061511,0.960044,2,4,3,0.0000,0.0000,0.0000,0.5000,"LeadPursuit",-1.651023
362,B0100,defensive,DBFM,5273.299829,75.960004,175.618840,107.808072,75.777573,13660.308570,294.595249,17502.363204,-108.542874,-8154.245060,637.647257,13.287084,False,False,True,False,False,False,False,2-circle,1.000000,-309.997434,100.000000,99.773517,0.226483,0.000000,-100.149204,-77.061511,0.960044,2,2,3,0.0000,0.0000,0.0000,0.5000,"Pursue",1.425418
363,A0100,adaptive_eagle,DBFM,5061.617711,79.898336,174.149041,105.395530,79.729007,13655.302226,293.309030,17463.880849,-192.411776,-8240.684872,612.880042,10.036886,False,False,True,False,False,False,False,2-circle,1.000000,-307.594361,100.000000,99.773517,0.226483,0.000000,-72.523310,-73.014640,1.298641,2,4,3,0.0000,0.0000,0.0000,0.5000,"LeadPursuit",-1.794457
363,B0100,defensive,DBFM,5061.617711,79.898336,174.149041,105.395530,79.729007,13655.302226,293.309030,17463.880849,-192.411776,-8240.684872,612.880042,10.036886,False,False,True,False,False,False,False,2-circle,1.000000,-307.594361,100.000000,99.773517,0.226483,0.000000,-72.523310,-73.014640,1.298641,2,2,3,0.0000,0.0000,0.0000,0.5000,"Pursue",1.620081
364,A0100,adaptive_eagle,DBFM,4859.358470,84.744825,172.603326,102.175805,84.603511,13650.787425,291.040894,17400.690914,-315.949677,-8377.652967,582.157040,14.777122,False,False,True,False,False,False,False,2-circle,1.000000,-305.159561,100.000000,99.773517,0.226483,0.000000,-53.862243,-78.192155,1.677587,2,4,3,0.0000,0.0000,0.0000,0.5000,"LeadPursuit",-1.337368
364,B0100,defensive,DBFM,4859.358470,84.744825,172.603326,102.175805,84.603511,13650.787425,291.040894,17400.690914,-315.949677,-8377.652967,582.157040,14.777122,False,False,True,False,False,False,False,2-circle,1.000000,-305.159561,100.000000,99.773517,0.226483,0.000000,-53.862243,-78.192155,1.677587,2,2,3,0.0000,0.0000,0.0000,0.5000,"Pursue",1.398775
365,A0100,adaptive_eagle,DBFM,4668.132373,89.969400,170.815680,98.713069,89.834625,13646.627271,288.642511,17334.981688,-328.546131,-8494.351920,548.073167,70.740760,False,False,True,False,False,False,False,2-circle,1.000000,-302.702269,100.000000,99.773517,0.226483,0.000000,-45.395301,-87.479175,1.620015,2,4,3,0.0000,0.0000,0.0000,0.5000,"LeadPursuit",-2.401305
365,B0100,defensive,DBFM,4668.132373,89.969400,170.815680,98.713069,89.834625,13646.627271,288.642511,17334.981688,-328.546131,-8494.351920,548.073167,70.740760,False,False,True,False,False,False,False,2-circle,1.000000,-302.702269,100.000000,99.773517,0.226483,0.000000,-45.395301,-87.479175,1.620015,2,2,3,0.0000,0.0000,0.0000,0.5000,"Pursue",1.511859
366,A0100,adaptive_eagle,DBFM,4488.119473,94.806321,168.964975,95.804968,94.649217,13641.857275,287.029613,17289.106749,-229.374691,-8599.895396,516.508900,179.410178,False,False,False,False,False,False,False,2-circle,1.000000,-298.722483,100.000000,99.773517,0.226483,0.000000,-37.682296,-91.502514,1.098679,2,4,3,0.0000,0.0000,0.0000,0.5000,"LeadPursuit",-2.183925
366,B0100,defensive,DBFM,4488.119473,94.806321,168.964975,95.804968,94.649217,13641.857275,287.029613,17289.106749,-229.374691,-8599.895396,516.508900,179.410178,False,False,False,False,False,False,False,2-circle,1.000000,-298.722483,100.000000,99.773517,0.226483,0.000000,-37.682296,-91.502514,1.098679,2,2,3,0.0000,0.0000,0.0000,0.5000,"Pursue",1.431940
367,A0100,adaptive_eagle,DBFM,4317.960811,98.976771,166.930530,93.713163,98.800951,13636.061798,286.419302,17267.817466,-106.446415,-8674.886410,488.433080,34.031882,False,False,False,False,False,False,False,2-circle,1.000000,-293.559334,100.000000,99.773517,0.226483,0.000000,-23.114706,-84.731156,0.515004,2,4,3,0.0000,0.0000,0.0000,0.5000,"LeadPursuit",-1.999408
367,B0100,defensive,DBFM,4317.960811,98.976771,166.930530,93.713163,98.800951,13636.061798,286.419302,17267.817466,-106.446415,-8674.886410,488.433080,34.031882,False,False,False,False,False,False,False,2-circle,1.000000,-293.559334,100.000000,99.773517,0.226483,0.000000,-23.114706,-84.731156,0.515004,2,2,3,0.0000,0.0000,0.0000,0.5000,"Pursue",1.393961
368,A0100,adaptive_eagle,DBFM,4157.170654,103.125597,164.802407,91.763020,102.945774,13629.531591,285.938758,17249.111007,-93.532296,-8756.765705,460.152163,12.354916,False,False,False,False,False,False,False,2-circle,1.000000,-287.159717,100.000000,99.773517,0.226483,0.000000,-8.678756,-75.723580,0.394286,2,5,3,0.0000,0.0000,0.0000,0.5000,"LeadPursuit",-1.857459
368,B0100,defensive,DBFM,4157.170654,103.125597,164.802407,91.763020,102.945774,13629.531591,285.938758,17249.111007,-93.532296,-8756.765705,460.152163,12.354916,False,False,False,False,False,False,False,2-circle,1.000000,-287.159717,100.000000,99.773517,0.226483,0.000000,-8.678756,-75.723580,0.394286,2,2,3,0.0000,0.0000,0.0000,0.5000,"Pursue",1.373522
369,A0100,adaptive_eagle,DBFM,4006.300922,107.846286,162.575231,89.371755,107.685571,13622.850889,284.822905,17214.235198,-174.379046,-8920.623432,429.361941,9.424310,False,False,False,False,False,False,False,1-circle,1.000000,-281.141068,100.000000,99.773517,0.226483,0.000000,-0.576590,-71.484780,0.771245,2,5,3,0.0000,0.0000,0.0000,0.5000,"LeadPursuit",-1.612514
369,B0100,defensive,DBFM,4006.300922,107.846286,162.575231,89.371755,107.685571,13622.850889,284.822905,17214.235198,-174.379046,-8920.623432,429.361941,9.424310,False,False,False,False,False,False,False,1-circle,1.000000,-281.141068,100.000000,99.773517,0.226483,0.000000,-0.576590,-71.484780,0.771245,2,2,3,0.0000,0.0000,0.0000,0.5000,"Pursue",1.257806
370,A0100,adaptive_eagle,DBFM,3866.815509,113.484545,160.177135,86.188868,113.357047,13616.736007,282.744429,17155.895791,-291.697036,-9132.422467,393.640871,12.887758,False,False,False,False,False,False,False,1-circle,1.000000,-277.276352,100.000000,99.773517,0.226483,0.000000,-2.486549,-76.143608,1.204277,2,6,3,0.0000,0.0000,0.0000,0.5000,"LeadPursuit",-1.160263
370,B0100,defensive,DBFM,3866.815509,113.484545,160.177135,86.188868,113.357047,13616.736007,282.744429,17155.895791,-291.697036,-9132.422467,393.640871,12.887758,False,False,False,False,False,False,False,1-circle,1.000000,-277.276352,100.000000,99.773517,0.226483,0.000000,-2.486549,-76.143608,1.204277,2,2,3,0.0000,0.0000,0.0000,0.5000,"Pursue",0.937865
371,A0100,adaptive_eagle,DBFM,3739.837462,119.498669,157.976272,82.378880,119.389165,13611.149441,280.513177,17094.671710,-306.120400,-9319.743744,356.976794,36.023259,False,False,False,False,False,False,False,1-circle,1.000000,-274.736817,100.000000,99.773517,0.226483,0.000000,-9.232177,-84.917528,1.251344,2,6,3,0.0000,0.0000,0.0000,0.5000,"LeadPursuit",-0.438964
371,B0100,defensive,DBFM,3739.837462,119.498669,157.976272,82.378880,119.389165,13611.149441,280.513177,17094.671710,-306.120400,-9319.743744,356.976794,36.023259,False,False,False,False,False,False,False,1-circle,1.000000,-274.736817,100.000000,99.773517,0.226483,0.000000,-9.232177,-84.917528,1.251344,2,2,3,0.0000,0.0000,0.0000,0.5000,"Pursue",0.297027
372,A0100,adaptive_eagle,DBFM,3624.244656,125.073170,156.850115,77.885842,124.956695,13605.205626,279.038946,17052.208972,-212.313690,-9418.517539,326.595711,159.279178,False,False,False,False,False,False,False,1-circle,1.000000,-270.898870,100.000000,99.773517,0.226483,0.000000,-11.537625,-88.841625,0.880722,2,6,3,0.0000,0.0000,0.0000,0.5000,"LeadPursuit",-0.145058
372,B0100,defensive,DBFM,3624.244656,125.073170,156.850115,77.885842,124.956695,13605.205626,279.038946,17052.208972,-212.313690,-9418.517539,326.595711,159.279178,False,False,False,False,False,False,False,1-circle,1.000000,-270.898870,100.000000,99.773517,0.226483,0.000000,-11.537625,-88.841625,0.880722,2,2,3,0.0000,0.0000,0.0000,0.5000,"Pursue",0.035619
373,A0100,adaptive_eagle,DBFM,3517.626158,129.848632,156.338983,73.579394,129.726791,13598.448008,278.531468,17032.924858,-96.420575,-9412.214301,302.219790,24.133030,False,False,False,False,False,False,False,1-circle,1.000000,-264.373465,100.000000,99.773517,0.226483,0.000000,-3.711357,-82.384454,0.452633,2,6,3,0.0000,0.0000,0.0000,0.5000,"LeadPursuit",-0.068063
373,B0100,defensive,DBFM,3517.626158,129.848632,156.338983,73.579394,129.726791,13598.448008,278.531468,17032.924858,-96.420575,-9412.214301,302.219790,24.133030,False,False,False,False,False,False,False,1-circle,1.000000,-264.373465,100.000000,99.773517,0.226483,0.000000,-3.711357,-82.384454,0.452633,2,2,3,0.0000,0.0000,0.0000,0.5000,"Pursue",-0.031068
374,A0100,adaptive_eagle,DBFM,3418.508835,134.421157,156.078658,69.247081,134.304626,13591.089842,278.172977,17016.731534,-80.966617,-9382.984297,280.847512,10.923844,False,False,False,False,False,False,False,1-circle,1.000000,-255.861586,100.000000,99.773517,0.226483,0.000000,6.319118,-73.522602,0.441240,2,6,3,0.0000,0.0000,0.0000,0.5000,"LeadPursuit",-0.028518
374,B0100,defensive,DBFM,3418.508835,134.421157,156.078658,69.247081,134.304626,13591.089842,278.172977,17016.731534,-80.966617,-9382.984297,280.847512,10.923844,False,False,False,False,False,False,False,1-circle,1.000000,-255.861586,100.000000,99.773517,0.226483,0.000000,6.319118,-73.522602,0.441240,2,2,3,0.0000,0.0000,0.0000,0.5000,"Pursue",-0.074481
375,A0100,adaptive_eagle,DBFM,3326.325699,139.381934,156.011391,64.345023,139.287396,13583.692287,277.181410,16984.955631,-158.879514,-9370.855981,260.790770,8.512341,False,False,False,False,False,False,False,1-circle,1.000000,-246.782924,100.000000,99.773517,0.226483,0.000000,11.668661,-69.145964,0.892748,2,6,3,0.0000,0.0000,0.0000,0.5000,"LeadPursuit",-0.003502
375,B0100,defensive,DBFM,3326.325699,139.381934,156.011391,64.345023,139.287396,13583.692287,277.181410,16984.955631,-158.879514,-9370.855981,260.790770,8.512341,False,False,False,False,False,False,False,1-circle,1.000000,-246.782924,100.000000,99.773517,0.226483,0.000000,11.668661,-69.145964,0.892748,2,2,3,0.0000,0.0000,0.0000,0.5000,"Pursue",-0.107091
376,A0100,adaptive_eagle,DBFM,3240.834886,145.026753,156.113718,58.600440,144.967940,13577.013657,275.243406,16930.881191,-270.372200,-9393.277640,242.069392,10.935406,False,False,False,False,False,False,False,1-circle,1.000000,-238.903309,100.000000,99.773517,0.226483,0.000000,8.201812,-73.374400,1.406504,2,6,2,0.0000,0.0000,0.0000,0.5000,"LeadPursuit",0.007018
376,B0100,defensive,DBFM,3240.834886,145.026753,156.113718,58.600440,144.967940,13577.013657,275.243406,16930.881191,-270.372200,-9393.277640,242.069392,10.935406,False,False,False,False,False,False,False,1-circle,1.000000,-238.903309,100.000000,99.773517,0.226483,0.000000,8.201812,-73.374400,1.406504,2,2,3,0.0000,0.0000,0.0000,0.5000,"Pursue",-0.110968
377,A0100,adaptive_eagle,DBFM,3161.343830,150.818707,156.360986,52.607114,150.787758,13571.114205,273.130465,16873.686600,-285.972958,-9426.613732,226.656010,22.607148,False,False,False,False,False,False,False,1-circle,1.000000,-233.365425,100.000000,99.773517,0.226483,0.000000,0.410588,-81.719349,1.578560,2,6,2,0.0000,0.0000,0.0000,0.5000,"LeadPursuit",0.136967
377,B0100,defensive,DBFM,3161.343830,150.818707,156.360986,52.607114,150.787758,13571.114205,273.130465,16873.686600,-285.972958,-9426.613732,226.656010,22.607148,False,False,False,False,False,False,False,1-circle,1.000000,-233.365425,100.000000,99.773517,0.226483,0.000000,0.410588,-81.719349,1.578560,2,2,3,0.0000,0.0000,0.0000,0.5000,"Pursue",-0.223530
378,A0100,adaptive_eagle,DBFM,3086.464825,155.989863,157.030696,46.854975,155.961730,13565.169122,271.739012,16834.177576,-197.545118,-9406.121293,216.154348,42.698889,False,False,False,False,False,False,False,1-circle,1.000000,-230.480025,100.000000,99.773517,0.226483,0.000000,-3.069804,-85.571379,1.378835,2,6,2,0.0000,0.0000,0.0000,0.5000,"LeadPursuit",0.253753
378,B0100,defensive,DBFM,3086.464825,155.989863,157.030696,46.854975,155.961730,13565.169122,271.739012,16834.177576,-197.545118,-9406.121293,216.154348,42.698889,False,False,False,False,False,False,False,1-circle,1.000000,-230.480025,100.000000,99.773517,0.226483,0.000000,-3.069804,-85.571379,1.378835,2,2,3,0.0000,0.0000,0.0000,0.5000,"Pursue",-0.318537
379,A0100,adaptive_eagle,DBFM,3014.561732,160.197997,157.945390,41.787224,160.170159,13558.663885,271.281849,16816.682272,-87.476521,-9346.198358,209.660869,17.735830,False,False,False,False,False,False,False,1-circle,1.000000,-230.161964,100.000000,99.773517,0.226483,0.000000,3.299406,-79.420151,1.131137,2,6,2,0.0000,0.0000,0.0000,0.5000,"LeadPursuit",0.341915
379,B0100,defensive,DBFM,3014.561732,160.197997,157.945390,41.787224,160.170159,13558.663885,271.281849,16816.682272,-87.476521,-9346.198358,209.660869,17.735830,False,False,False,False,False,False,False,1-circle,1.000000,-230.161964,100.000000,99.773517,0.226483,0.000000,3.299406,-79.420151,1.131137,2,2,3,0.0000,0.0000,0.0000,0.5000,"Pursue",-0.392116
380,A0100,adaptive_eagle,DBFM,2944.545630,164.034305,158.951654,36.957674,164.018097,13551.725740,270.990989,16802.761593,-69.603396,-9291.013635,205.589509,9.490642,False,False,False,False,False,False,False,1-circle,1.000000,-231.761569,100.000000,99.773517,0.226483,0.000000,12.085535,-70.737918,1.256808,2,6,2,0.0000,0.0000,0.0000,0.5000,"LeadPursuit",0.456509
380,B0100,defensive,DBFM,2944.545630,164.034305,158.951654,36.957674,164.018097,13551.725740,270.990989,16802.761593,-69.603396,-9291.013635,205.589509,9.490642,False,False,False,False,False,False,False,1-circle,1.000000,-231.761569,100.000000,99.773517,0.226483,0.000000,12.085535,-70.737918,1.256808,2,2,3,0.0000,0.0000,0.0000,0.5000,"Pursue",-0.496306
381,A0100,adaptive_eagle,DBFM,2875.642233,168.088083,160.047251,31.755642,168.131236,13544.895766,270.070733,16773.888770,-144.364114,-9266.031730,203.672299,7.575561,False,False,False,False,False,False,False,1-circle,1.000000,-234.760498,100.000000,99.773517,0.226483,0.000000,16.553164,-66.284444,1.804440,2,6,2,0.0000,0.0000,0.0000,0.5000,"LeadPursuit",0.437979
381,B0100,defensive,DBFM,2875.642233,168.088083,160.047251,31.755642,168.131236,13544.895766,270.070733,16773.888770,-144.364114,-9266.031730,203.672299,7.575561,False,False,False,False,False,False,False,1-circle,1.000000,-234.760498,100.000000,99.773517,0.226483,0.000000,16.553164,-66.284444,1.804440,2,2,3,0.0000,0.0000,0.0000,0.5000,"Pursue",-0.468926
382,A0100,adaptive_eagle,DBFM,2807.068239,172.522104,160.989521,26.138489,172.806493,13538.978097,268.219453,16723.854645,-250.170625,-9309.866678,204.190098,9.289054,False,False,False,False,False,False,False,1-circle,1.000000,-238.947830,100.000000,99.773517,0.226483,0.000000,12.605158,-70.165378,2.411866,2,6,2,0.0000,0.0000,0.0000,0.5000,"LeadPursuit",0.499008
382,B0100,defensive,DBFM,2807.068239,172.522104,160.989521,26.138489,172.806493,13538.978097,268.219453,16723.854645,-250.170625,-9309.866678,204.190098,9.289054,False,False,False,False,False,False,False,1-circle,1.000000,-238.947830,100.000000,99.773517,0.226483,0.000000,12.605158,-70.165378,2.411866,2,2,3,0.0000,0.0000,0.0000,0.5000,"Pursue",-0.496446
383,A0100,adaptive_eagle,DBFM,2737.917555,176.338634,162.099859,20.308524,177.542456,13534.123972,266.171261,16670.545180,-266.547324,-9370.299102,207.652109,16.113324,False,False,False,False,False,False,False,1-circle,1.000000,-244.492456,100.000000,99.773517,0.226483,0.000000,4.450692,-78.166696,2.720319,2,5,2,0.0000,0.0000,0.0000,0.5000,"LeadPursuit",0.600865
383,B0100,defensive,DBFM,2737.917555,176.338634,162.099859,20.308524,177.542456,13534.123972,266.171261,16670.545180,-266.547324,-9370.299102,207.652109,16.113324,False,False,False,False,False,False,False,1-circle,1.000000,-244.492456,100.000000,99.773517,0.226483,0.000000,4.450692,-78.166696,2.720319,2,2,3,0.0000,0.0000,0.0000,0.5000,"Pursue",-0.538310
384,A0100,adaptive_eagle,DBFM,2667.333375,176.696595,163.525607,14.889772,-178.428068,13529.557808,264.806259,16633.892588,-183.262960,-9402.684509,212.855453,24.111722,False,False,False,False,False,False,False,1-circle,-1.000000,-251.192964,100.000000,99.773517,0.226483,0.000000,0.392449,-81.989349,2.700448,2,5,2,0.0000,0.0000,0.0000,0.5000,"LeadPursuit",0.827210
384,B0100,defensive,DBFM,2667.333375,176.696595,163.525607,14.889772,-178.428068,13529.557808,264.806259,16633.892588,-183.262960,-9402.684509,212.855453,24.111722,False,False,False,False,False,False,False,1-circle,-1.000000,-251.192964,100.000000,99.773517,0.226483,0.000000,0.392449,-81.989349,2.700448,2,2,3,0.0000,0.0000,0.0000,0.5000,"Pursue",-0.698792
385,A0100,adaptive_eagle,DBFM,2595.012539,174.524363,165.508457,10.005350,-175.437395,13524.699806,264.346166,16618.256585,-78.180016,-9371.950267,218.423224,13.791899,False,False,False,False,False,False,False,1-circle,-1.000000,-259.170590,100.000000,99.773517,0.226483,0.000000,5.904114,-76.154355,2.639231,2,6,2,0.0000,0.0000,0.0000,0.5000,"LeadPursuit",1.061442
385,B0100,defensive,DBFM,2595.012539,174.524363,165.508457,10.005350,-175.437395,13524.699806,264.346166,16618.256585,-78.180016,-9371.950267,218.423224,13.791899,False,False,False,False,False,False,False,1-circle,-1.000000,-259.170590,100.000000,99.773517,0.226483,0.000000,5.904114,-76.154355,2.639231,2,2,3,0.0000,0.0000,0.0000,0.5000,"Pursue",-0.860996
386,A0100,adaptive_eagle,DBFM,2520.840034,171.840612,167.793155,5.101489,-172.592102,13519.655846,263.686253,16597.786400,-102.350928,-9340.737438,224.867350,9.859236,False,False,False,False,False,False,False,1-circle,-1.000000,-268.388826,100.000000,99.773517,0.226483,0.000000,10.708661,-70.932342,2.779576,2,6,2,0.0000,0.0000,0.0000,0.5000,"LeadPursuit",1.294305
386,B0100,defensive,DBFM,2520.840034,171.840612,167.793155,5.101489,-172.592102,13519.655846,263.686253,16597.786400,-102.350928,-9340.737438,224.867350,9.859236,False,False,False,False,False,False,False,1-circle,-1.000000,-268.388826,100.000000,99.773517,0.226483,0.000000,10.708661,-70.932342,2.779576,2,2,3,0.0000,0.0000,0.0000,0.5000,"Pursue",-1.000567
387,A0100,adaptive_eagle,DBFM,2444.208967,168.439897,170.169245,2.466438,-169.219113,13515.062031,262.056724,16555.265671,-212.603645,-9352.032094,233.350893,10.952838,False,False,False,False,False,False,False,1-circle,-1.000000,-278.439682,100.000000,99.773517,0.226483,0.000000,8.509176,-72.617320,3.046831,2,6,2,0.0000,0.0000,0.0000,0.5000,"LeadPursuit",1.269685
387,B0100,defensive,DBFM,2444.208967,168.439897,170.169245,2.466438,-169.219113,13515.062031,262.056724,16555.265671,-212.603645,-9352.032094,233.350893,10.952838,False,False,False,False,False,False,False,1-circle,-1.000000,-278.439682,100.000000,99.773517,0.226483,0.000000,8.509176,-72.617320,3.046831,2,2,3,0.0000,0.0000,0.0000,0.5000,"Pursue",-0.932964
388,A0100,adaptive_eagle,DBFM,2364.493253,165.029331,172.324310,7.303086,-165.841523,13511.190077,260.125443,16506.748010,-242.588305,-9409.398921,242.744683,16.922525,False,False,False,False,False,False,False,1-circle,-1.000000,-288.571791,100.000000,99.773517,0.226483,0.000000,2.055080,-78.464473,3.171045,2,6,2,0.0000,0.0000,0.0000,0.5000,"LeadPursuit",1.002230
388,B0100,defensive,DBFM,2364.493253,165.029331,172.324310,7.303086,-165.841523,13511.190077,260.125443,16506.748010,-242.588305,-9409.398921,242.744683,16.922525,False,False,False,False,False,False,False,1-circle,-1.000000,-288.571791,100.000000,99.773517,0.226483,0.000000,2.055080,-78.464473,3.171045,2,2,3,0.0000,0.0000,0.0000,0.5000,"Pursue",-0.707665
389,A0100,adaptive_eagle,DBFM,2281.731691,162.487714,174.441416,12.434111,-163.274720,13507.501344,258.828315,16473.258788,-167.446105,-9451.869162,250.290410,21.983170,False,False,False,False,False,False,False,1-circle,-1.000000,-298.296739,100.000000,99.773517,0.226483,0.000000,-1.207437,-81.027522,3.115841,2,5,2,0.0000,0.0000,0.0000,0.5000,"LeadPursuit",0.202065
389,B0100,defensive,DBFM,2281.731691,162.487714,174.441416,12.434111,-163.274720,13507.501344,258.828315,16473.258788,-167.446105,-9451.869162,250.290410,21.983170,False,False,False,False,False,False,False,1-circle,-1.000000,-298.296739,100.000000,99.773517,0.226483,0.000000,-1.207437,-81.027522,3.115841,2,2,3,0.0000,0.0000,0.0000,0.5000,"Pursue",-0.123774
390,A0100,adaptive_eagle,DBFM,2196.943879,161.048491,175.967388,16.986689,-161.858350,13503.533496,258.398539,16459.450023,-69.043825,-9457.629880,254.122248,13.049944,False,False,False,False,False,False,False,1-circle,-1.000000,-307.621967,100.000000,99.773517,0.226483,0.000000,3.929503,-75.081559,3.108094,2,4,2,0.0000,0.0000,0.0000,0.5000,"LeadPursuit",-1.034343
390,B0100,defensive,DBFM,2196.943879,161.048491,175.967388,16.986689,-161.858350,13503.533496,258.398539,16459.450023,-69.043825,-9457.629880,254.122248,13.049944,False,False,False,False,False,False,False,1-circle,-1.000000,-307.621967,100.000000,99.773517,0.226483,0.000000,3.929503,-75.081559,3.108094,2,2,3,0.0000,0.0000,0.0000,0.5000,"Pursue",0.784874
391,A0100,adaptive_eagle,DBFM,2111.351495,159.793812,175.005560,21.973789,-160.728454,13499.392401,257.783975,16441.265203,-90.924103,-9439.419361,255.409516,9.574316,False,False,False,False,False,False,False,1-circle,-1.000000,-317.241216,100.000000,99.773517,0.226483,0.000000,8.044136,-69.998018,3.315410,2,3,2,0.0000,0.0000,0.0000,0.5000,"LeadPursuit",-1.834649
391,B0100,defensive,DBFM,2111.351495,159.793812,175.005560,21.973789,-160.728454,13499.392401,257.783975,16441.265203,-90.924103,-9439.419361,255.409516,9.574316,False,False,False,False,False,False,False,1-circle,-1.000000,-317.241216,100.000000,99.773517,0.226483,0.000000,8.044136,-69.998018,3.315410,2,2,3,0.0000,0.0000,0.0000,0.5000,"Pursue",1.435389
392,A0100,adaptive_eagle,DBFM,2025.770184,158.102093,170.970181,28.160321,-159.274826,13495.711541,256.222305,16402.048248,-196.084775,-9396.969467,253.619160,10.578866,False,False,False,False,False,False,False,1-circle,-1.000000,-327.147865,100.000000,99.773517,0.226483,0.000000,5.191348,-71.663473,3.633257,2,2,2,0.0000,0.0000,0.0000,0.5000,"LeadPursuit",-1.823812
392,B0100,defensive,DBFM,2025.770184,158.102093,170.970181,28.160321,-159.274826,13495.711541,256.222305,16402.048248,-196.084775,-9396.969467,253.619160,10.578866,False,False,False,False,False,False,False,1-circle,-1.000000,-327.147865,100.000000,99.773517,0.226483,0.000000,5.191348,-71.663473,3.633257,2,2,3,0.0000,0.0000,0.0000,0.5000,"Pursue",1.514443
393,A0100,adaptive_eagle,DBFM,1941.046047,156.639769,166.100308,33.986025,-158.046946,13492.782351,254.352405,16356.853195,-225.975266,-9393.024403,247.984741,15.808342,False,False,False,False,False,False,False,1-circle,-1.000000,-335.167557,100.000000,99.773517,0.226483,0.000000,-1.946729,-77.407264,3.806980,3,2,2,0.0000,0.0000,0.0000,0.5000,"LeadPursuit",-1.548301
393,B0100,defensive,DBFM,1941.046047,156.639769,166.100308,33.986025,-158.046946,13492.782351,254.352405,16356.853195,-225.975266,-9393.024403,247.984741,15.808342,False,False,False,False,False,False,False,1-circle,-1.000000,-335.167557,100.000000,99.773517,0.226483,0.000000,-1.946729,-77.407264,3.806980,2,2,3,0.0000,0.0000,0.0000,0.5000,"Pursue",1.373730
394,A0100,adaptive_eagle,DBFM,1858.204150,155.913106,161.230631,38.855464,-157.436714,13490.132041,252.687416,16316.829236,-200.119792,-9400.075468,237.299991,38.506633,False,False,False,False,False,False,False,1-circle,-1.000000,-338.415965,100.000000,99.773517,0.226483,0.000000,-10.805425,-84.726205,3.613928,3,3,2,0.0000,0.0000,0.0000,0.5000,"LeadPursuit",-1.254226
394,B0100,defensive,DBFM,1858.204150,155.913106,161.230631,38.855464,-157.436714,13490.132041,252.687416,16316.829236,-200.119792,-9400.075468,237.299991,38.506633,False,False,False,False,False,False,False,1-circle,-1.000000,-338.415965,100.000000,99.773517,0.226483,0.000000,-10.805425,-84.726205,3.613928,2,2,3,0.0000,0.0000,0.0000,0.5000,"Pursue",1.181909
395,A0100,adaptive_eagle,DBFM,1778.445548,156.288848,156.795318,42.308853,-157.801611,13487.060385,251.608250,16289.664867,-135.821847,-9398.059423,221.876142,82.966599,False,False,False,False,False,False,False,1-circle,-1.000000,-334.685530,100.000000,99.773517,0.226483,0.000000,-15.240754,-87.536480,3.104605,3,2,2,0.0000,0.0000,0.0000,0.5000,"LeadPursuit",-0.975601
395,B0100,defensive,DBFM,1778.445548,156.288848,156.795318,42.308853,-157.801611,13487.060385,251.608250,16289.664867,-135.821847,-9398.059423,221.876142,82.966599,False,False,False,False,False,False,False,1-circle,-1.000000,-334.685530,100.000000,99.773517,0.226483,0.000000,-15.240754,-87.536480,3.104605,2,2,3,0.0000,0.0000,0.0000,0.5000,"Pursue",0.962170
396,A0100,adaptive_eagle,DBFM,1703.087460,157.834345,153.080115,44.040863,-159.344582,13483.232453,251.349787,16280.081970,-47.914483,-9368.832788,203.466601,23.900055,False,False,False,False,False,False,False,1-circle,-1.000000,-323.403573,100.000000,99.773517,0.226483,0.000000,-10.887448,-81.496748,2.601164,2,2,2,0.0000,0.0000,0.0000,0.5000,"LeadPursuit",-0.751610
396,B0100,defensive,DBFM,1703.087460,157.834345,153.080115,44.040863,-159.344582,13483.232453,251.349787,16280.081970,-47.914483,-9368.832788,203.466601,23.900055,False,False,False,False,False,False,False,1-circle,-1.000000,-323.403573,100.000000,99.773517,0.226483,0.000000,-10.887448,-81.496748,2.601164,2,2,3,0.0000,0.0000,0.0000,0.5000,"Pursue",0.771687
397,A0100,adaptive_eagle,DBFM,1632.697028,159.854260,150.290489,44.645279,-161.380018,13478.785764,251.218424,16272.712618,-36.846759,-9326.703541,186.621698,11.584206,False,False,False,False,False,False,False,1-circle,-1.000000,-305.512392,100.000000,99.773517,0.226483,0.000000,-4.033689,-72.847715,2.478375,2,1,2,0.0000,0.0000,0.0000,0.5000,"LeadPursuit",-0.657373
397,B0100,defensive,DBFM,1632.697028,159.854260,150.290489,44.645279,-161.380018,13478.785764,251.218424,16272.712618,-36.846759,-9326.703541,186.621698,11.584206,False,False,False,False,False,False,False,1-circle,-1.000000,-305.512392,100.000000,99.773517,0.226483,0.000000,-4.033689,-72.847715,2.478375,2,2,3,0.0000,0.0000,0.0000,0.5000,"Pursue",0.706291
398,A0100,adaptive_eagle,DBFM,1566.716724,161.587219,148.354434,44.925390,-163.208065,13474.193513,250.484577,16251.821251,-104.456837,-9305.179766,174.602233,8.723365,False,False,False,False,False,False,False,1-circle,-1.000000,-283.696126,100.000000,99.773517,0.226483,0.000000,-0.982072,-67.654301,2.804273,2,1,2,0.0000,0.0000,0.0000,0.5000,"LeadPursuit",-0.766151
398,B0100,defensive,DBFM,1566.716724,161.587219,148.354434,44.925390,-163.208065,13474.193513,250.484577,16251.821251,-104.456837,-9305.179766,174.602233,8.723365,False,False,False,False,False,False,False,1-circle,-1.000000,-283.696126,100.000000,99.773517,0.226483,0.000000,-0.982072,-67.654301,2.804273,2,2,3,0.0000,0.0000,0.0000,0.5000,"Pursue",0.879197
399,A0100,adaptive_eagle,DBFM,1504.338732,162.763978,146.571905,45.777801,-164.579040,13470.196962,248.897875,16212.746216,-195.375173,-9356.837712,165.784676,9.875970,False,False,False,False,False,False,False,1-circle,-1.000000,-261.693409,100.000000,99.773517,0.226483,0.000000,-6.338197,-69.928909,3.276469,2,1,2,0.0000,0.0000,0.0000,0.5000,"LeadPursuit",-0.850935
399,B0100,defensive,DBFM,1504.338732,162.763978,146.571905,45.777801,-164.579040,13470.196962,248.897875,16212.746216,-195.375173,-9356.837712,165.784676,9.875970,False,False,False,False,False,False,False,1-circle,-1.000000,-261.693409,100.000000,99.773517,0.226483,0.000000,-6.338197,-69.928909,3.276469,2,2,3,0.0000,0.0000,0.0000,0.5000,"Pursue",1.052470
400,A0100,adaptive_eagle,DBFM,1445.815750,164.083096,144.320668,47.058017,-166.081676,13467.039040,247.127300,16170.707956,-210.191303,-9453.129059,154.694908,15.013735,False,False,False,False,False,False,False,1-circle,-1.000000,-241.697015,100.000000,99.773517,0.226483,0.000000,-17.929902,-76.393761,3.584062,2,1,2,0.0000,0.0000,0.0000,0.5000,"LeadPursuit",-0.714700
400,B0100,defensive,DBFM,1445.815750,164.083096,144.320668,47.058017,-166.081676,13467.039040,247.127300,16170.707956,-210.191303,-9453.129059,154.694908,15.013735,False,False,False,False,False,False,False,1-circle,-1.000000,-241.697015,100.000000,99.773517,0.226483,0.000000,-17.929902,-76.393761,3.584062,2,2,3,0.0000,0.0000,0.0000,0.5000,"Pursue",0.950797
401,A0100,adaptive_eagle,DBFM,1392.030514,165.939775,142.123188,47.829330,-168.027863,13464.190562,245.560997,16133.696160,-185.058977,-9490.151101,141.537254,36.060226,False,False,False,False,False,False,False,1-circle,-1.000000,-223.887366,100.000000,99.773517,0.226483,0.000000,-35.042848,-84.209539,3.489348,2,1,2,0.0000,0.0000,0.0000,0.5000,"LeadPursuit",-0.622297
401,B0100,defensive,DBFM,1392.030514,165.939775,142.123188,47.829330,-168.027863,13464.190562,245.560997,16133.696160,-185.058977,-9490.151101,141.537254,36.060226,False,False,False,False,False,False,False,1-circle,-1.000000,-223.887366,100.000000,99.773517,0.226483,0.000000,-35.042848,-84.209539,3.489348,2,2,3,0.0000,0.0000,0.0000,0.5000,"Pursue",0.886137
402,A0100,adaptive_eagle,DBFM,1343.650368,168.624994,139.805857,47.862796,-170.771065,13460.936272,244.579762,16109.150368,-122.728962,-9476.583249,125.247462,83.011566,False,False,False,False,False,False,False,1-circle,-1.000000,-207.741211,100.000000,99.773517,0.226483,0.000000,-56.526003,-87.467629,3.032727,2,1,2,0.0000,0.0000,0.0000,0.5000,"LeadPursuit",-0.562451
402,B0100,defensive,DBFM,1343.650368,168.624994,139.805857,47.862796,-170.771065,13460.936272,244.579762,16109.150368,-122.728962,-9476.583249,125.247462,83.011566,False,False,False,False,False,False,False,1-circle,-1.000000,-207.741211,100.000000,99.773517,0.226483,0.000000,-56.526003,-87.467629,3.032727,2,2,3,0.0000,0.0000,0.0000,0.5000,"Pursue",0.856944
403,A0100,adaptive_eagle,DBFM,1301.663721,171.968604,137.263267,47.016077,-174.526217,13456.916717,244.397611,16101.187777,-39.812956,-9425.811826,105.885205,25.687111,False,False,False,False,False,False,False,1-circle,-1.000000,-192.409274,100.000000,99.773517,0.226483,0.000000,-84.108348,-81.859689,2.533489,2,0,2,0.0000,0.0000,0.0000,0.5000,"LeadPursuit",-0.513242
403,B0100,defensive,DBFM,1301.663721,171.968604,137.263267,47.016077,-174.526217,13456.916717,244.397611,16101.187777,-39.812956,-9425.811826,105.885205,25.687111,False,False,False,False,False,False,False,1-circle,-1.000000,-192.409274,100.000000,99.773517,0.226483,0.000000,-84.108348,-81.859689,2.533489,2,2,3,0.0000,0.0000,0.0000,0.5000,"Pursue",0.848728
404,A0100,adaptive_eagle,DBFM,1266.723873,174.663404,134.485008,45.952518,-178.643232,13452.238348,244.359371,16095.681979,-27.528990,-9365.548026,85.249548,12.273239,False,False,False,False,False,False,False,1-circle,-1.000000,-177.177874,100.000000,99.773517,0.226483,0.000000,-110.778885,-73.330276,2.364772,2,0,2,0.0000,0.0000,0.0000,0.5000,"LeadPursuit",-0.429725
404,B0100,defensive,DBFM,1266.723873,174.663404,134.485008,45.952518,-178.643232,13452.238348,244.359371,16095.681979,-27.528990,-9365.548026,85.249548,12.273239,False,False,False,False,False,False,False,1-circle,-1.000000,-177.177874,100.000000,99.773517,0.226483,0.000000,-110.778885,-73.330276,2.364772,2,2,3,0.0000,0.0000,0.0000,0.5000,"Pursue",0.771823
405,A0100,adaptive_eagle,DBFM,1238.792814,174.716799,131.793487,45.057630,177.592301,13447.343740,243.725777,16077.096893,-92.925428,-9289.417309,66.232814,9.077672,False,False,False,False,False,False,False,1-circle,1.000000,-161.531824,100.000000,99.773517,0.226483,0.000000,-126.011187,-67.907290,2.626010,2,0,2,0.0000,0.0000,0.0000,0.5000,"LeadPursuit",-0.332363
405,B0100,defensive,DBFM,1238.792814,174.716799,131.793487,45.057630,177.592301,13447.343740,243.725777,16077.096893,-92.925428,-9289.417309,66.232814,9.077672,False,False,False,False,False,False,False,1-circle,1.000000,-161.531824,100.000000,99.773517,0.226483,0.000000,-126.011187,-67.907290,2.626010,2,2,3,0.0000,0.0000,0.0000,0.5000,"Pursue",0.641686
406,A0100,adaptive_eagle,DBFM,1216.776490,172.849715,129.653802,44.231289,174.483915,13442.952710,242.267232,16041.325212,-178.858407,-9184.244464,51.864750,9.985375,False,False,False,False,False,False,False,1-circle,1.000000,-146.355063,100.000000,99.773517,0.226483,0.000000,-138.487642,-69.634405,3.053614,2,0,2,0.0000,0.0000,0.0000,0.5000,"LeadPursuit",-0.396893
406,B0100,defensive,DBFM,1216.776490,172.849715,129.653802,44.231289,174.483915,13442.952710,242.267232,16041.325212,-178.858407,-9184.244464,51.864750,9.985375,False,False,False,False,False,False,False,1-circle,1.000000,-146.355063,100.000000,99.773517,0.226483,0.000000,-138.487642,-69.634405,3.053614,2,2,3,0.0000,0.0000,0.0000,0.5000,"Pursue",0.827565
407,A0100,adaptive_eagle,DBFM,1200.345671,170.457198,126.964457,44.148214,171.530563,13439.340251,240.624064,16002.585565,-193.698235,-9142.461226,34.709783,14.478386,False,False,False,False,False,False,False,1-circle,1.000000,-134.363375,100.000000,99.773517,0.226483,0.000000,-150.286274,-75.546904,3.360251,2,0,2,0.0000,0.0000,0.0000,0.5000,"LeadPursuit",-0.437350
407,B0100,defensive,DBFM,1200.345671,170.457198,126.964457,44.148214,171.530563,13439.340251,240.624064,16002.585565,-193.698235,-9142.461226,34.709783,14.478386,False,False,False,False,False,False,False,1-circle,1.000000,-134.363375,100.000000,99.773517,0.226483,0.000000,-150.286274,-75.546904,3.360251,2,2,3,0.0000,0.0000,0.0000,0.5000,"Pursue",0.996671
408,A0100,adaptive_eagle,DBFM,1191.252806,167.717029,123.451737,44.680566,168.389378,13436.047074,239.168840,15968.382625,-171.014698,-9168.771869,12.013307,30.296719,False,False,False,False,False,False,False,1-circle,1.000000,-126.226662,100.000000,99.773517,0.226483,0.000000,-161.129804,-82.936281,3.313478,2,0,2,0.0000,0.0000,0.0000,0.5000,"LeadPursuit",-0.388758
408,B0100,defensive,DBFM,1191.252806,167.717029,123.451737,44.680566,168.389378,13436.047074,239.168840,15968.382625,-171.014698,-9168.771869,12.013307,30.296719,False,False,False,False,False,False,False,1-circle,1.000000,-126.226662,100.000000,99.773517,0.226483,0.000000,-161.129804,-82.936281,3.313478,2,2,3,0.0000,0.0000,0.0000,0.5000,"Pursue",0.980199
409,A0100,adaptive_eagle,DBFM,1190.546500,164.352724,119.827667,44.741534,164.700148,13432.416376,238.278718,15945.937658,-112.224837,-9183.545566,-11.844249,55.286667,False,False,False,False,False,False,False,1-circle,1.000000,-120.772092,100.000000,99.773517,0.226483,0.000000,-166.485313,-86.100960,2.937961,2,0,2,0.0000,0.0000,0.0000,0.5000,"LeadPursuit",-0.322024
409,B0100,defensive,DBFM,1190.546500,164.352724,119.827667,44.741534,164.700148,13432.416376,238.278718,15945.937658,-112.224837,-9183.545566,-11.844249,55.286667,False,False,False,False,False,False,False,1-circle,1.000000,-120.772092,100.000000,99.773517,0.226483,0.000000,-166.485313,-86.100960,2.937961,2,8,2,0.0000,0.0000,0.0000,0.5000,"LeadPursuit",0.897656
410,A0100,adaptive_eagle,DBFM,1198.147065,160.223379,116.407280,43.921435,160.377885,13428.088911,239.841431,15974.687372,143.748569,-9110.030124,-35.722131,21.467112,False,False,False,False,False,False,False,1-circle,1.000000,-117.005145,100.000000,99.773517,0.226483,0.000000,-161.963263,-80.105987,2.617276,2,0,2,0.0000,0.0000,0.0000,0.5000,"LeadPursuit",-0.266534
410,B0100,defensive,DBFM,1198.147065,160.223379,116.407280,43.921435,160.377885,13428.088911,239.841431,15974.687372,143.748569,-9110.030124,-35.722131,21.467112,False,False,False,False,False,False,False,1-circle,1.000000,-117.005145,100.000000,99.773517,0.226483,0.000000,-161.963263,-80.105987,2.617276,2,8,2,0.0000,0.0000,0.0000,0.5000,"LeadPursuit",0.818205
411,A0100,adaptive_eagle,DBFM,1213.458022,155.483051,113.217884,42.306050,155.521572,13423.107046,242.132484,16018.589947,219.512879,-9008.895390,-56.446168,9.368031,False,False,False,False,False,False,False,1-circle,1.000000,-114.040099,100.000000,99.773517,0.226483,0.000000,-151.307789,-68.395928,2.663101,2,0,2,0.0000,0.0000,0.0000,0.5000,"LeadPursuit",-0.220315
411,B0100,defensive,DBFM,1213.458022,155.483051,113.217884,42.306050,155.521572,13423.107046,242.132484,16018.589947,219.512879,-9008.895390,-56.446168,9.368031,False,False,False,False,False,False,False,1-circle,1.000000,-114.040099,100.000000,99.773517,0.226483,0.000000,-151.307789,-68.395928,2.663101,2,8,2,0.0000,0.0000,0.0000,0.5000,"LeadPursuit",0.738043
412,A0100,adaptive_eagle,DBFM,1235.130552,150.565985,110.277633,40.292960,150.528315,13417.410879,244.853860,16071.563962,264.870071,-8891.168816,-73.569168,5.138936,False,False,False,False,False,False,False,1-circle,1.000000,-110.677979,100.000000,99.773517,0.226483,0.000000,-138.214355,-54.469243,2.595175,2,0,2,0.0000,0.0000,0.0000,0.5000,"LeadPursuit",-0.159902
412,B0100,defensive,DBFM,1235.130552,150.565985,110.277633,40.292960,150.528315,13417.410879,244.853860,16071.563962,264.870071,-8891.168816,-73.569168,5.138936,False,False,False,False,False,False,False,1-circle,1.000000,-110.677979,100.000000,99.773517,0.226483,0.000000,-138.214355,-54.469243,2.595175,2,8,2,0.0000,0.0000,0.0000,0.5000,"LeadPursuit",0.586594
413,A0100,adaptive_eagle,DBFM,1261.649398,145.813324,107.921149,37.900849,145.728723,13411.036890,247.821087,16129.907715,291.718769,-8727.399142,-84.702766,3.142128,False,False,False,False,False,False,False,1-circle,1.000000,-105.673566,100.000000,99.773517,0.226483,0.000000,-125.391438,-40.902731,2.460311,2,0,2,0.0000,0.0000,0.0000,0.5000,"LeadPursuit",-0.080642
413,B0100,defensive,DBFM,1261.649398,145.813324,107.921149,37.900849,145.728723,13411.036890,247.821087,16129.907715,291.718769,-8727.399142,-84.702766,3.142128,False,False,False,False,False,False,False,1-circle,1.000000,-105.673566,100.000000,99.773517,0.226483,0.000000,-125.391438,-40.902731,2.460311,2,8,2,0.0000,0.0000,0.0000,0.5000,"LeadPursuit",0.348178
414,A0100,adaptive_eagle,DBFM,1290.037459,141.267652,106.678183,34.654705,141.156479,13403.959827,251.017211,16193.412898,317.525911,-8487.217588,-85.318163,1.941635,False,False,False,False,False,False,False,1-circle,1.000000,-98.482936,100.000000,99.773517,0.226483,0.000000,-113.652690,-28.458927,2.329706,2,0,2,0.0000,0.0000,0.0000,0.5000,"LeadPursuit",-0.070567
414,B0100,defensive,DBFM,1290.037459,141.267652,106.678183,34.654705,141.156479,13403.959827,251.017211,16193.412898,317.525911,-8487.217588,-85.318163,1.941635,False,False,False,False,False,False,False,1-circle,1.000000,-98.482936,100.000000,99.773517,0.226483,0.000000,-113.652690,-28.458927,2.329706,2,8,2,0.0000,0.0000,0.0000,0.5000,"LeadPursuit",0.321437
415,A0100,adaptive_eagle,DBFM,1317.726541,136.974339,105.673899,31.422671,136.852986,13396.041431,254.422262,16261.685694,341.363980,-8269.818206,-82.827592,1.068261,False,False,False,False,False,False,False,1-circle,1.000000,-90.779156,100.000000,99.773517,0.226483,0.000000,-102.613230,-16.811660,2.178019,2,0,2,0.0000,0.0000,0.0000,0.5000,"LeadPursuit",-0.089731
415,B0100,defensive,DBFM,1317.726541,136.974339,105.673899,31.422671,136.852986,13396.041431,254.422262,16261.685694,341.363980,-8269.818206,-82.827592,1.068261,False,False,False,False,False,False,False,1-circle,1.000000,-90.779156,100.000000,99.773517,0.226483,0.000000,-102.613230,-16.811660,2.178019,2,8,2,0.0000,0.0000,0.0000,0.5000,"LeadPursuit",0.392420
416,A0100,adaptive_eagle,DBFM,1345.052416,132.951521,104.319491,28.814032,132.832710,13387.123000,257.828455,16330.011114,341.627100,-8125.911848,-82.438711,0.336614,False,False,False,False,False,False,False,1-circle,1.000000,-83.623971,100.000000,99.773517,0.226483,0.000000,-91.808452,-5.508545,2.549340,2,0,2,0.0000,0.0000,0.0000,0.5000,"LeadPursuit",-0.080284
416,B0100,defensive,DBFM,1345.052416,132.951521,104.319491,28.814032,132.832710,13387.123000,257.828455,16330.011114,341.627100,-8125.911848,-82.438711,0.336614,False,False,False,False,False,False,False,1-circle,1.000000,-83.623971,100.000000,99.773517,0.226483,0.000000,-91.808452,-5.508545,2.549340,2,8,2,0.0000,0.0000,0.0000,0.5000,"LeadPursuit",0.366061
417,A0100,adaptive_eagle,DBFM,1372.289528,129.183219,103.028076,26.391516,129.073701,13377.474180,261.174797,16397.249211,336.190488,-8005.412254,-81.005061,0.326562,False,False,False,False,False,False,False,1-circle,1.000000,-76.692867,100.000000,99.773517,0.226483,0.000000,-81.317887,5.411684,4.991412,2,0,2,0.0000,0.0000,0.0000,0.5000,"LeadPursuit",-0.054793
417,B0100,defensive,DBFM,1372.289528,129.183219,103.028076,26.391516,129.073701,13377.474180,261.174797,16397.249211,336.190488,-8005.412254,-81.005061,0.326562,False,False,False,False,False,False,False,1-circle,1.000000,-76.692867,100.000000,99.773517,0.226483,0.000000,-81.317887,5.411684,4.991412,2,8,2,0.0000,0.0000,0.0000,0.5000,"LeadPursuit",0.280882
418,A0100,adaptive_eagle,DBFM,1398.403723,125.572628,102.086646,23.778717,125.473673,13367.682805,264.271408,16459.490083,311.204359,-7876.749876,-75.815120,0.911486,False,False,False,False,False,False,False,1-circle,1.000000,-69.591487,100.000000,99.773517,0.226483,0.000000,-72.147689,14.972842,7.649618,2,0,2,0.0000,0.0000,0.0000,0.5000,"LeadPursuit",-0.019260
418,B0100,defensive,DBFM,1398.403723,125.572628,102.086646,23.778717,125.473673,13367.682805,264.271408,16459.490083,311.204359,-7876.749876,-75.815120,0.911486,False,False,False,False,False,False,False,1-circle,1.000000,-69.591487,100.000000,99.773517,0.226483,0.000000,-72.147689,14.972842,7.649618,2,8,2,0.0000,0.0000,0.0000,0.5000,"LeadPursuit",0.156361
419,A0100,adaptive_eagle,DBFM,1421.953934,122.034691,101.703099,20.719648,121.948369,13358.328398,267.021130,16514.810409,276.601632,-7717.166637,-64.799885,1.381855,False,False,False,False,False,False,False,1-circle,1.000000,-61.721753,100.000000,99.773517,0.226483,0.000000,-65.235374,22.269974,9.718233,2,0,2,0.0000,0.0000,0.0000,0.5000,"LeadPursuit",0.036646
419,B0100,defensive,DBFM,1421.953934,122.034691,101.703099,20.719648,121.948369,13358.328398,267.021130,16514.810409,276.601632,-7717.166637,-64.799885,1.381855,False,False,False,False,False,False,False,1-circle,1.000000,-61.721753,100.000000,99.773517,0.226483,0.000000,-65.235374,22.269974,9.718233,2,8,2,0.0000,0.0000,0.0000,0.5000,"LeadPursuit",-0.043477
420,A0100,adaptive_eagle,DBFM,1440.089448,118.559930,102.291964,16.749303,118.488624,13349.775943,267.902004,16527.118080,61.538353,-7554.383232,-43.608423,1.718256,False,False,False,False,False,False,False,1-circle,1.000000,-53.044442,100.000000,99.773517,0.226483,0.000000,-60.832169,27.057357,11.193989,2,0,2,0.0000,0.0000,0.0000,0.5000,"LeadPursuit",0.032510
420,B0100,defensive,DBFM,1440.089448,118.559930,102.291964,16.749303,118.488624,13349.775943,267.902004,16527.118080,61.538353,-7554.383232,-43.608423,1.718256,False,False,False,False,False,False,False,1-circle,1.000000,-53.044442,100.000000,99.773517,0.226483,0.000000,-60.832169,27.057357,11.193989,2,8,2,0.0000,0.0000,0.0000,0.5000,"LeadPursuit",-0.023176
421,A0100,adaptive_eagle,DBFM,1450.645038,115.147477,102.864749,12.656914,115.088253,13342.214685,268.229367,16527.326678,1.042993,-7444.830933,-21.835328,1.921092,False,False,False,False,False,False,False,1-circle,1.000000,-45.712402,100.000000,99.773517,0.226483,0.000000,-58.438035,29.756672,12.211812,2,0,2,0.0000,0.0000,0.0000,0.5000,"LeadPursuit",0.000260
421,B0100,defensive,DBFM,1450.645038,115.147477,102.864749,12.656914,115.088253,13342.214685,268.229367,16527.326678,1.042993,-7444.830933,-21.835328,1.921092,False,False,False,False,False,False,False,1-circle,1.000000,-45.712402,100.000000,99.773517,0.226483,0.000000,-58.438035,29.756672,12.211812,2,8,2,0.0000,0.0000,0.0000,0.5000,"LeadPursuit",0.097845
422,A0100,adaptive_eagle,DBFM,1454.704807,111.762493,102.896779,9.087376,111.711090,13335.800048,268.245612,16521.297849,-30.144148,-7421.578655,-4.025297,2.067725,False,False,False,False,False,False,False,1-circle,1.000000,-41.237890,100.000000,99.773517,0.226483,0.000000,-56.767569,31.604661,12.935154,2,0,2,0.0000,0.0000,0.0000,0.5000,"LeadPursuit",-0.003690
422,B0100,defensive,DBFM,1454.704807,111.762493,102.896779,9.087376,111.711090,13335.800048,268.245612,16521.297849,-30.144148,-7421.578655,-4.025297,2.067725,False,False,False,False,False,False,False,1-circle,1.000000,-41.237890,100.000000,99.773517,0.226483,0.000000,-56.767569,31.604661,12.935154,2,8,2,0.0000,0.0000,0.0000,0.5000,"LeadPursuit",0.117857
423,A0100,adaptive_eagle,DBFM,1453.027696,108.390252,102.848255,5.657927,108.345769,13330.604394,268.033719,16511.071602,-51.131235,-7428.621061,13.600965,2.255234,False,False,False,False,False,False,False,1-circle,1.000000,-39.202153,100.000000,99.773517,0.226483,0.000000,-54.600191,33.843665,13.551029,2,0,2,0.0000,0.0000,0.0000,0.5000,"LeadPursuit",0.010092
423,B0100,defensive,DBFM,1453.027696,108.390252,102.848255,5.657927,108.345769,13330.604394,268.033719,16511.071602,-51.131235,-7428.621061,13.600965,2.255234,False,False,False,False,False,False,False,1-circle,1.000000,-39.202153,100.000000,99.773517,0.226483,0.000000,-54.600191,33.843665,13.551029,2,8,2,0.0000,0.0000,0.0000,0.5000,"LeadPursuit",0.074799
424,A0100,adaptive_eagle,DBFM,1445.044393,105.031081,103.011096,2.110769,104.995244,13326.650810,267.691251,16498.995812,-60.378953,-7423.436444,33.306809,2.488725,False,False,False,False,False,False,False,1-circle,1.000000,-38.749264,100.000000,99.773517,0.226483,0.000000,-51.978740,36.464494,14.070806,2,0,2,0.0000,0.0000,0.0000,0.5000,"LeadPursuit",0.036368
424,B0100,defensive,DBFM,1445.044393,105.031081,103.011096,2.110769,104.995244,13326.650810,267.691251,16498.995812,-60.378953,-7423.436444,33.306809,2.488725,False,False,False,False,False,False,False,1-circle,1.000000,-38.749264,100.000000,99.773517,0.226483,0.000000,-51.978740,36.464494,14.070806,2,8,2,0.0000,0.0000,0.0000,0.5000,"LeadPursuit",-0.010931
425,A0100,adaptive_eagle,DBFM,1429.953470,101.670381,103.583796,1.969312,101.645823,13323.911929,267.274690,16486.391492,-63.021599,-7379.836304,56.692539,2.746876,False,False,False,False,False,False,False,1-circle,1.000000,-38.770105,100.000000,99.773517,0.226483,0.000000,-49.253731,39.158847,14.486400,2,0,2,0.0000,0.0000,0.0000,0.5000,"LeadPursuit",0.084048
425,B0100,defensive,DBFM,1429.953470,101.670381,103.583796,1.969312,101.645823,13323.911929,267.274690,16486.391492,-63.021599,-7379.836304,56.692539,2.746876,False,False,False,False,False,False,False,1-circle,1.000000,-38.770105,100.000000,99.773517,0.226483,0.000000,-49.253731,39.158847,14.486400,2,8,2,0.0000,0.0000,0.0000,0.5000,"LeadPursuit",-0.166682
426,A0100,adaptive_eagle,DBFM,1405.865557,98.319737,104.920002,6.600831,98.308212,13322.329581,266.812075,16473.870988,-62.602516,-7276.953083,86.512095,3.015033,False,False,False,False,False,False,False,1-circle,1.000000,-38.983691,100.000000,99.773517,0.226483,0.000000,-46.615436,41.744265,14.810764,2,0,2,0.0000,0.0000,0.0000,0.5000,"LeadPursuit",0.065231
426,B0100,defensive,DBFM,1405.865557,98.319737,104.920002,6.600831,98.308212,13322.329581,266.812075,16473.870988,-62.602516,-7276.953083,86.512095,3.015033,False,False,False,False,False,False,False,1-circle,1.000000,-38.983691,100.000000,99.773517,0.226483,0.000000,-46.615436,41.744265,14.810764,2,8,2,0.0000,0.0000,0.0000,0.5000,"LeadPursuit",-0.088059
427,A0100,adaptive_eagle,DBFM,1371.784776,94.974122,105.980796,11.058975,94.976717,13321.832468,266.316101,16461.668044,-61.014721,-7213.229314,114.047894,3.286881,False,False,False,True,False,False,False,1-circle,1.000000,-41.401802,100.000000,99.773517,0.226483,0.000000,-44.034914,44.158187,15.057600,2,0,2,0.0000,0.0000,0.0000,0.5000,"LeadPursuit",0.018456
427,B0100,defensive,DBFM,1371.784776,94.974122,105.980796,11.058975,94.976717,13321.832468,266.316101,16461.668044,-61.014721,-7213.229314,114.047894,3.286881,False,False,False,True,False,False,False,1-circle,1.000000,-41.401802,100.000000,99.773517,0.226483,0.000000,-44.034914,44.158187,15.057600,2,8,2,0.0000,0.0000,0.0000,0.5000,"LeadPursuit",0.082645
428,A0100,adaptive_eagle,DBFM,1329.525728,91.565054,106.332003,14.922336,91.584660,13322.344553,265.793115,16449.860341,-59.038519,-7226.796679,136.205821,3.564350,False,False,False,True,False,False,False,1-circle,1.000000,-47.214981,100.000000,99.773517,0.226483,0.000000,-41.419440,46.424379,15.238490,2,0,2,0.0000,0.0000,0.0000,0.5000,"LeadPursuit",-0.395490
428,B0100,defensive,DBFM,1329.525728,91.565054,106.332003,14.922336,91.584660,13322.344553,265.793115,16449.860341,-59.038519,-7226.796679,136.205821,3.564350,False,False,False,True,False,False,False,1-circle,1.000000,-47.214981,100.000000,99.773517,0.226483,0.000000,-41.419440,46.424379,15.238490,2,8,2,0.0000,0.0000,0.0000,0.5000,"LeadPursuit",0.145474
429,A0100,adaptive_eagle,DBFM,1280.263112,88.029447,106.478128,18.667570,88.070673,13323.788143,265.247880,16438.485844,-56.872481,-7261.696596,157.365569,3.854556,False,False,True,True,False,False,False,1-circle,1.000000,-55.827480,100.000000,99.773517,0.226483,0.000000,-38.707119,48.600961,15.361810,2,0,2,0.0000,0.0000,0.0000,0.5000,"LeadPursuit",-0.814817
429,B0100,defensive,DBFM,1280.263112,88.029447,106.478128,18.667570,88.070673,13323.788143,265.247880,16438.485844,-56.872481,-7261.696596,157.365569,3.854556,False,False,True,True,False,False,False,1-circle,1.000000,-55.827480,100.000000,99.773517,0.226483,0.000000,-38.707119,48.600961,15.361810,2,8,2,0.0000,0.0000,0.0000,0.5000,"LeadPursuit",0.162371
430,A0100,adaptive_eagle,DBFM,1223.558977,84.060559,106.693733,22.872780,84.140126,13326.248641,264.327215,16419.361882,-95.619813,-7290.437856,181.241894,4.006585,False,False,True,True,False,False,False,1-circle,1.000000,-66.520805,100.000000,99.773517,0.226483,0.000000,-36.974526,49.602456,15.443828,2,0,2,0.0000,0.0000,0.0000,0.5000,"LeadPursuit",-0.867021
430,B0100,defensive,DBFM,1223.558977,84.060559,106.693733,22.872780,84.140126,13326.248641,264.327215,16419.361882,-95.619813,-7290.437856,181.241894,4.006585,False,False,True,True,False,False,False,1-circle,1.000000,-66.520805,100.000000,99.773517,0.226483,0.000000,-36.974526,49.602456,15.443828,2,8,2,0.0000,0.0000,0.0000,0.5000,"LeadPursuit",0.218490
431,A0100,adaptive_eagle,DBFM,1158.920087,79.866891,106.750898,27.075865,79.995245,13330.016350,263.413858,16401.790605,-87.856384,-7310.731398,204.620051,3.954590,False,False,True,True,False,False,False,1-circle,1.000000,-78.558831,100.000000,99.773517,0.226483,0.000000,-36.491164,49.138394,15.543261,2,0,2,0.0000,0.0000,0.0000,0.5000,"LeadPursuit",-0.916260
431,B0100,defensive,DBFM,1158.920087,79.866891,106.750898,27.075865,79.995245,13330.016350,263.413858,16401.790605,-87.856384,-7310.731398,204.620051,3.954590,False,False,True,True,False,False,False,1-circle,1.000000,-78.558831,100.000000,99.773517,0.226483,0.000000,-36.491164,49.138394,15.543261,2,8,2,0.0000,0.0000,0.0000,0.5000,"LeadPursuit",0.235734
432,A0100,adaptive_eagle,DBFM,1086.501383,75.409979,106.821125,31.512836,75.594675,13334.991747,262.519708,16385.947317,-79.216440,-7293.520378,228.845145,3.934085,False,False,True,True,False,False,False,1-circle,1.000000,-90.639907,100.000000,99.773517,0.226483,0.000000,-35.563687,48.898746,15.754523,2,0,2,0.0000,0.0000,0.0000,0.5000,"LeadPursuit",-0.969498
432,B0100,defensive,DBFM,1086.501383,75.409979,106.821125,31.512836,75.594675,13334.991747,262.519708,16385.947317,-79.216440,-7293.520378,228.845145,3.934085,False,False,True,True,False,False,False,1-circle,1.000000,-90.639907,100.000000,99.773517,0.226483,0.000000,-35.563687,48.898746,15.754523,2,8,2,0.0000,0.0000,0.0000,0.5000,"LeadPursuit",0.200380
433,A0100,adaptive_eagle,DBFM,1005.221162,70.585078,107.283151,36.740802,70.832908,13341.179256,261.587310,16370.500995,-77.231609,-7216.216331,257.287705,4.000101,False,False,True,True,False,False,False,1-circle,1.000000,-102.287048,100.000000,99.773517,0.226483,0.000000,-33.721858,49.274612,16.061017,2,0,2,0.0000,0.0000,0.0000,0.5000,"LeadPursuit",-1.126615
433,B0100,defensive,DBFM,1005.221162,70.585078,107.283151,36.740802,70.832908,13341.179256,261.587310,16370.500995,-77.231609,-7216.216331,257.287705,4.000101,False,False,True,True,False,False,False,1-circle,1.000000,-102.287048,100.000000,99.773517,0.226483,0.000000,-33.721858,49.274612,16.061017,2,8,2,0.0000,0.0000,0.0000,0.5000,"LeadPursuit",0.443200
434,A0100,adaptive_eagle,DBFM,914.700342,65.273490,107.133907,41.885099,65.587377,13348.583924,260.637229,16355.940735,-72.801302,-7170.249103,282.212801,4.133071,False,False,True,True,False,False,False,1-circle,1.000000,-115.311007,100.000000,99.773517,0.226483,0.000000,-30.813092,50.101451,16.422945,2,0,2,0.0000,0.0000,0.0000,0.5000,"LeadPursuit",-1.390001
434,B0100,defensive,DBFM,914.700342,65.273490,107.133907,41.885099,65.587377,13348.583924,260.637229,16355.940735,-72.801302,-7170.249103,282.212801,4.133071,False,False,True,True,False,False,False,1-circle,1.000000,-115.311007,100.000000,99.773517,0.226483,0.000000,-30.813092,50.101451,16.422945,2,8,2,0.0000,0.0000,0.0000,0.5000,"LeadPursuit",0.887519
435,A0100,adaptive_eagle,DBFM,817.761526,59.196971,105.509379,46.315103,59.555518,13357.170431,259.689532,16342.697025,-66.218550,-7200.575966,297.358228,4.305029,False,False,True,True,False,False,False,1-circle,1.000000,-130.970584,100.000000,99.773517,0.226483,0.000000,-26.568352,51.150230,16.807697,2,0,2,0.0000,0.0000,0.0000,0.5000,"LeadPursuit",-1.720038
435,B0100,defensive,DBFM,817.761526,59.196971,105.509379,46.315103,59.555518,13357.170431,259.689532,16342.697025,-66.218550,-7200.575966,297.358228,4.305029,False,False,True,True,False,False,False,1-circle,1.000000,-130.970584,100.000000,99.773517,0.226483,0.000000,-26.568352,51.150230,16.807697,2,8,2,0.0000,0.0000,0.0000,0.5000,"LeadPursuit",1.367417
436,A0100,adaptive_eagle,DBFM,717.676043,51.973739,102.437205,50.492522,52.269497,13366.875661,258.748053,16330.794043,-59.514909,-7253.839472,302.990424,4.497760,False,False,True,True,False,False,False,1-circle,1.000000,-148.715354,100.000000,99.773517,0.226483,0.000000,-20.346107,52.275573,17.192384,2,0,2,0.0000,0.0000,0.0000,0.5000,"LeadPursuit",-2.134424
436,B0100,defensive,DBFM,717.676043,51.973739,102.437205,50.492522,52.269497,13366.875661,258.748053,16330.794043,-59.514909,-7253.839472,302.990424,4.497760,False,False,True,True,False,False,False,1-circle,1.000000,-148.715354,100.000000,99.773517,0.226483,0.000000,-20.346107,52.275573,17.192384,2,8,2,0.0000,0.0000,0.0000,0.5000,"LeadPursuit",1.986534
437,A0100,adaptive_eagle,UNKNOWN,617.700776,43.176466,97.611253,54.759242,43.040897,13377.626633,257.807305,16320.031946,-53.810487,-7286.781146,295.509114,4.702919,False,False,True,True,False,False,False,1-circle,1.000000,-167.557482,100.000000,99.773517,0.226483,0.000000,-10.489888,53.411867,17.562116,2,0,2,0.0000,0.0000,0.0000,0.5000,"LeadPursuit",-2.544435
437,B0100,defensive,UNKNOWN,617.700776,43.176466,97.611253,54.759242,43.040897,13377.626633,257.807305,16320.031946,-53.810487,-7286.781146,295.509114,4.702919,False,False,True,True,False,False,False,1-circle,1.000000,-167.557482,100.000000,99.773517,0.226483,0.000000,-10.489888,53.411867,17.562116,2,8,2,0.0000,0.0000,0.0000,0.5000,"LeadPursuit",2.589641
438,A0100,adaptive_eagle,UNKNOWN,523.500109,32.554133,90.290496,59.333675,30.769159,13389.350247,256.860383,16310.180449,-49.257482,-7277.290120,265.363670,4.918036,False,False,True,True,False,False,False,1-circle,1.000000,-186.286756,100.000000,99.773517,0.226483,0.000000,7.148699,54.537394,17.908013,2,0,2,0.0000,0.0000,0.0000,0.5000,"LeadPursuit",-2.185984
438,B0100,defensive,UNKNOWN,523.500109,32.554133,90.290496,59.333675,30.769159,13389.350247,256.860383,16310.180449,-49.257482,-7277.290120,265.363670,4.918036,False,False,True,True,False,False,False,1-circle,1.000000,-186.286756,100.000000,99.773517,0.226483,0.000000,7.148699,54.537394,17.908013,2,7,2,0.0000,0.0000,0.0000,0.5000,"LeadPursuit",1.193523
439,A0100,adaptive_eagle,UNKNOWN,444.675555,22.024687,79.993654,64.680230,13.920325,13401.976271,255.902614,16301.064967,-45.577410,-7207.542178,200.328700,5.143206,False,False,True,False,False,False,False,1-circle,1.000000,-204.450712,100.000000,99.773517,0.226483,0.000000,40.148513,55.647831,18.225272,2,0,2,0.0000,0.0000,0.0000,0.5000,"LeadPursuit",0.576141
439,B0100,defensive,UNKNOWN,444.675555,22.024687,79.993654,64.680230,13.920325,13401.976271,255.902614,16301.064967,-45.577410,-7207.542178,200.328700,5.143206,False,False,True,False,False,False,False,1-circle,1.000000,-204.450712,100.000000,99.773517,0.226483,0.000000,40.148513,55.647831,18.225272,2,5,2,0.0000,0.0000,0.0000,0.5000,"LeadPursuit",-0.733231
440,A0100,adaptive_eagle,UNKNOWN,399.412968,23.107279,66.099535,69.907598,-8.567987,13415.437303,254.932038,16292.576629,-42.441690,-7169.980608,81.079258,5.379311,False,False,True,False,False,False,False,1-circle,-1.000000,-223.903963,100.000000,99.773517,0.226483,0.000000,79.696257,56.743471,18.511568,2,0,2,0.0000,0.0000,0.0000,0.5000,"LeadPursuit",3.436379
440,B0100,defensive,UNKNOWN,399.412968,23.107279,66.099535,69.907598,-8.567987,13415.437303,254.932038,16292.576629,-42.441690,-7169.980608,81.079258,5.379311,False,False,True,False,False,False,False,1-circle,-1.000000,-223.903963,100.000000,99.773517,0.226483,0.000000,79.696257,56.743471,18.511568,2,4,2,0.0000,0.0000,0.0000,0.5000,"LeadPursuit",-2.207584
441,A0100,adaptive_eagle,UNKNOWN,411.237210,39.143463,50.789651,74.805160,-34.360704,13429.891502,254.939799,16307.206007,73.146890,-7177.289008,-77.460486,4.919262,False,False,True,False,False,False,False,1-circle,-1.000000,-246.129042,100.000000,99.773517,0.226483,0.000000,99.973779,54.361566,18.849228,2,0,2,0.0000,0.0000,0.0000,0.5000,"LeadPursuit",3.637727
441,B0100,defensive,UNKNOWN,411.237210,39.143463,50.789651,74.805160,-34.360704,13429.891502,254.939799,16307.206007,73.146890,-7177.289008,-77.460486,4.919262,False,False,True,False,False,False,False,1-circle,-1.000000,-246.129042,100.000000,99.773517,0.226483,0.000000,99.973779,54.361566,18.849228,2,1,2,0.0000,0.0000,0.0000,0.5000,"LeadPursuit",-1.604532
442,A0100,adaptive_eagle,UNKNOWN,485.817363,56.793959,38.632150,79.875371,-57.244487,13446.205482,254.452588,16312.532940,26.634667,-7223.909188,-223.316064,3.621307,False,False,True,False,False,False,False,1-circle,-1.000000,-271.520056,100.000000,99.773517,0.226483,0.000000,102.425429,45.710559,19.080145,2,0,2,0.0000,0.0000,0.0000,0.5000,"LeadPursuit",2.824990
442,B0100,defensive,UNKNOWN,485.817363,56.793959,38.632150,79.875371,-57.244487,13446.205482,254.452588,16312.532940,26.634667,-7223.909188,-223.316064,3.621307,False,False,True,False,False,False,False,1-circle,-1.000000,-271.520056,100.000000,99.773517,0.226483,0.000000,102.425429,45.710559,19.080145,2,0,2,0.0000,0.0000,0.0000,0.5000,"LeadPursuit",-0.887579
443,A0100,adaptive_eagle,UNKNOWN,607.194350,70.672125,31.086574,84.757326,-73.889397,13465.239524,253.866528,16318.378621,29.228405,-7254.542827,-328.036042,2.344875,False,False,True,False,False,False,False,1-circle,-1.000000,-300.084442,100.000000,99.773517,0.226483,0.000000,96.204762,33.523581,17.905131,2,0,2,0.0000,0.0000,0.0000,0.5000,"LeadPursuit",1.856494
443,B0100,defensive,UNKNOWN,607.194350,70.672125,31.086574,84.757326,-73.889397,13465.239524,253.866528,16318.378621,29.228405,-7254.542827,-328.036042,2.344875,False,False,True,False,False,False,False,1-circle,-1.000000,-300.084442,100.000000,99.773517,0.226483,0.000000,96.204762,33.523581,17.905131,2,0,2,0.0000,0.0000,0.0000,0.5000,"LeadPursuit",-0.481523
444,A0100,adaptive_eagle,UNKNOWN,757.241883,80.472767,26.570878,88.679144,-85.017566,13486.950396,253.815861,16338.950741,102.860599,-7259.635989,-397.677002,1.260393,False,False,True,False,False,False,False,1-circle,-1.000000,-330.723523,100.000000,99.773517,0.226483,0.000000,85.858351,19.602571,15.578345,3,0,2,0.0000,0.0000,0.0000,0.5000,"LeadPursuit",-0.024806
444,B0100,defensive,UNKNOWN,757.241883,80.472767,26.570878,88.679144,-85.017566,13486.950396,253.815861,16338.950741,102.860599,-7259.635989,-397.677002,1.260393,False,False,True,False,False,False,False,1-circle,-1.000000,-330.723523,100.000000,99.773517,0.226483,0.000000,85.858351,19.602571,15.578345,1,0,2,0.0000,0.0000,0.0000,0.5000,"LeadPursuit",-0.282900
445,A0100,adaptive_eagle,HABFM,924.468983,87.324783,23.438933,91.712209,-92.533598,13510.788412,253.032649,16345.214804,31.320313,-7284.868767,-445.400039,0.269894,False,False,True,False,False,False,False,2-circle,-1.000000,-361.747842,100.000000,99.773517,0.226483,0.000000,72.978665,4.349405,14.644866,3,8,2,0.0000,0.0000,0.0000,0.5000,"LeadPursuit",-0.007814
445,B0100,defensive,HABFM,924.468983,87.324783,23.438933,91.712209,-92.533598,13510.788412,253.032649,16345.214804,31.320313,-7284.868767,-445.400039,0.269894,False,False,True,False,False,False,False,2-circle,-1.000000,-361.747842,100.000000,99.773517,0.226483,0.000000,72.978665,4.349405,14.644866,1,0,2,0.0000,0.0000,0.0000,0.5000,"LeadPursuit",-0.175550
446,A0100,adaptive_eagle,HABFM,1102.497599,92.173274,21.207942,93.486608,-97.695986,13536.195657,252.230548,16352.680553,37.328745,-7350.204236,-479.079506,0.752365,False,False,False,False,False,False,False,2-circle,-1.000000,-391.787691,100.000000,99.773517,0.226483,0.000000,58.415350,-11.938966,13.810214,3,8,2,0.0000,0.0000,0.0000,0.5000,"LeadPursuit",0.003161
446,B0100,defensive,HABFM,1102.497599,92.173274,21.207942,93.486608,-97.695986,13536.195657,252.230548,16352.680553,37.328745,-7350.204236,-479.079506,0.752365,False,False,False,False,False,False,False,2-circle,-1.000000,-391.787691,100.000000,99.773517,0.226483,0.000000,58.415350,-11.938966,13.810214,1,0,2,0.0000,0.0000,0.0000,0.5000,"LeadPursuit",-0.108069
447,A0100,adaptive_eagle,HABFM,1287.561931,95.360921,19.723014,93.908947,-101.063723,13562.899266,251.087555,16353.915959,6.177031,-7485.729953,-502.090511,1.995207,False,False,False,False,False,False,False,2-circle,-1.000000,-420.714976,100.000000,99.773517,0.226483,0.000000,42.493950,-29.181905,15.188048,3,8,2,0.0000,0.0000,0.0000,0.5000,"LeadPursuit",0.008822
447,B0100,defensive,HABFM,1287.561931,95.360921,19.723014,93.908947,-101.063723,13562.899266,251.087555,16353.915959,6.177031,-7485.729953,-502.090511,1.995207,False,False,False,False,False,False,False,2-circle,-1.000000,-420.714976,100.000000,99.773517,0.226483,0.000000,42.493950,-29.181905,15.188048,1,0,2,0.0000,0.0000,0.0000,0.5000,"LeadPursuit",-0.055403
448,A0100,adaptive_eagle,HABFM,1476.589891,97.020788,19.019785,93.080916,-102.838182,13591.028708,249.505626,16346.987655,-34.641521,-7663.011068,-514.885729,3.836300,False,False,False,False,False,False,False,2-circle,-1.000000,-448.696357,100.000000,99.773517,0.226483,0.000000,25.844693,-46.873280,18.823525,3,8,2,0.0000,0.0000,0.0000,0.5000,"LeadPursuit",0.013915
448,B0100,defensive,HABFM,1476.589891,97.020788,19.019785,93.080916,-102.838182,13591.028708,249.505626,16346.987655,-34.641521,-7663.011068,-514.885729,3.836300,False,False,False,False,False,False,False,2-circle,-1.000000,-448.696357,100.000000,99.773517,0.226483,0.000000,25.844693,-46.873280,18.823525,1,0,2,0.0000,0.0000,0.0000,0.5000,"LeadPursuit",-0.009656
449,A0100,adaptive_eagle,HABFM,1666.727475,97.389561,18.911465,91.071706,-103.189316,13620.533207,247.655868,16335.779955,-56.038498,-7834.450254,-518.735123,7.381434,False,False,False,False,False,False,False,2-circle,-1.000000,-476.192495,100.000000,99.773517,0.226483,0.000000,9.653844,-63.888445,21.851317,1,8,4,0.0000,0.0000,0.0000,0.5000,"SmartHighYoYo",0.024169
449,B0100,defensive,HABFM,1666.727475,97.389561,18.911465,91.071706,-103.189316,13620.533207,247.655868,16335.779955,-56.038498,-7834.450254,-518.735123,7.381434,False,False,False,False,False,False,False,2-circle,-1.000000,-476.192495,100.000000,99.773517,0.226483,0.000000,9.653844,-63.888445,21.851317,1,0,2,0.0000,0.0000,0.0000,0.5000,"LeadPursuit",0.026121
450,A0100,adaptive_eagle,UNKNOWN,1855.523934,96.897829,19.127181,87.867298,-102.476195,13650.902388,246.042337,16330.883572,-24.481913,-8002.549053,-517.312411,19.218290,False,False,False,False,False,False,False,1-circle,-1.000000,-502.035818,100.000000,99.773517,0.226483,0.000000,-5.039620,-79.276374,23.167046,1,8,4,0.0000,0.0000,0.0000,0.5000,"SmartHighYoYo",0.030441
450,B0100,defensive,UNKNOWN,1855.523934,96.897829,19.127181,87.867298,-102.476195,13650.902388,246.042337,16330.883572,-24.481913,-8002.549053,-517.312411,19.218290,False,False,False,False,False,False,False,1-circle,-1.000000,-502.035818,100.000000,99.773517,0.226483,0.000000,-5.039620,-79.276374,23.167046,1,0,2,0.0000,0.0000,0.0000,0.5000,"LeadPursuit",0.051979
451,A0100,adaptive_eagle,UNKNOWN,2041.117397,95.902612,20.165228,83.712719,-101.066325,13681.373599,245.464457,16348.780617,89.485220,-8109.324843,-510.408712,208.894022,False,False,False,False,False,False,False,1-circle,-1.000000,-525.038520,100.000000,99.773517,0.226483,0.000000,-17.536893,-92.401735,22.926844,1,3,4,0.0000,0.0000,0.0000,0.5000,"HeadOnBreak",0.033082
451,B0100,defensive,UNKNOWN,2041.117397,95.902612,20.165228,83.712719,-101.066325,13681.373599,245.464457,16348.780617,89.485220,-8109.324843,-510.408712,208.894022,False,False,False,False,False,False,False,1-circle,-1.000000,-525.038520,100.000000,99.773517,0.226483,0.000000,-17.536893,-92.401735,22.926844,1,0,2,0.0000,0.0000,0.0000,0.5000,"LeadPursuit",0.069691
452,A0100,adaptive_eagle,UNKNOWN,2221.820869,94.650921,22.054556,79.049478,-99.262762,13711.107777,244.970002,16367.779363,94.993733,-8160.404199,-498.173117,209.213167,False,False,False,False,False,False,False,1-circle,-1.000000,-545.211306,100.000000,99.773517,0.226483,0.000000,-27.907232,-103.348298,21.512272,1,3,4,0.0000,0.0000,0.0000,0.5000,"HeadOnBreak",0.029262
452,B0100,defensive,UNKNOWN,2221.820869,94.650921,22.054556,79.049478,-99.262762,13711.107777,244.970002,16367.779363,94.993733,-8160.404199,-498.173117,209.213167,False,False,False,False,False,False,False,1-circle,-1.000000,-545.211306,100.000000,99.773517,0.226483,0.000000,-27.907232,-103.348298,21.512272,1,0,2,0.0000,0.0000,0.0000,0.5000,"LeadPursuit",0.082135
453,A0100,adaptive_eagle,UNKNOWN,2396.474370,93.274852,24.022546,74.606164,-97.260905,13739.248509,244.638754,16388.740259,104.804481,-8165.471864,-483.721300,209.401725,False,False,False,False,False,False,False,1-circle,-1.000000,-562.849789,100.000000,99.773517,0.226483,0.000000,-36.700776,-112.670469,19.258534,1,3,4,0.0000,0.0000,0.0000,0.5000,"HeadOnBreak",0.016289
453,B0100,defensive,UNKNOWN,2396.474370,93.274852,24.022546,74.606164,-97.260905,13739.248509,244.638754,16388.740259,104.804481,-8165.471864,-483.721300,209.401725,False,False,False,False,False,False,False,1-circle,-1.000000,-562.849789,100.000000,99.773517,0.226483,0.000000,-36.700776,-112.670469,19.258534,1,0,2,0.0000,0.0000,0.0000,0.5000,"LeadPursuit",0.089636
454,A0100,adaptive_eagle,UNKNOWN,2565.216491,91.900186,25.182050,71.154358,-95.231433,13765.040263,244.407024,16409.515010,103.873753,-8147.877346,-471.513441,209.514641,False,False,False,False,False,False,False,1-circle,-1.000000,-577.775296,100.000000,99.773517,0.226483,0.000000,-44.443518,-120.909856,16.404824,1,3,4,0.0000,0.0000,0.0000,0.5000,"HeadOnBreak",0.002465
454,B0100,defensive,UNKNOWN,2565.216491,91.900186,25.182050,71.154358,-95.231433,13765.040263,244.407024,16409.515010,103.873753,-8147.877346,-471.513441,209.514641,False,False,False,False,False,False,False,1-circle,-1.000000,-577.775296,100.000000,99.773517,0.226483,0.000000,-44.443518,-120.909856,16.404824,1,0,2,0.0000,0.0000,0.0000,0.5000,"LeadPursuit",0.078425
455,A0100,adaptive_eagle,UNKNOWN,2729.333909,90.889454,25.551085,69.050426,-93.626468,13787.924292,244.659770,16437.871269,141.781293,-8079.918586,-463.459884,209.230416,False,False,False,False,False,False,False,1-circle,-1.000000,-589.807487,100.000000,99.773517,0.226483,0.000000,-47.054072,-123.999337,13.201926,1,3,4,0.0000,0.0000,0.0000,0.5000,"HeadOnBreak",-0.008289
455,B0100,defensive,UNKNOWN,2729.333909,90.889454,25.551085,69.050426,-93.626468,13787.924292,244.659770,16437.871269,141.781293,-8079.918586,-463.459884,209.230416,False,False,False,False,False,False,False,1-circle,-1.000000,-589.807487,100.000000,99.773517,0.226483,0.000000,-47.054072,-123.999337,13.201926,1,0,2,0.0000,0.0000,0.0000,0.5000,"LeadPursuit",0.056246
456,A0100,adaptive_eagle,UNKNOWN,2890.349762,90.284911,25.362978,68.179396,-92.577150,13808.148077,245.677590,16480.189244,211.589879,-7917.670578,-458.264165,208.318006,False,False,False,False,False,False,False,1-circle,-1.000000,-599.667290,100.000000,99.773517,0.226483,0.000000,-41.151170,-118.551472,10.170664,1,3,4,0.0000,0.0000,0.0000,0.5000,"HeadOnBreak",-0.015271
456,B0100,defensive,UNKNOWN,2890.349762,90.284911,25.362978,68.179396,-92.577150,13808.148077,245.677590,16480.189244,211.589879,-7917.670578,-458.264165,208.318006,False,False,False,False,False,False,False,1-circle,-1.000000,-599.667290,100.000000,99.773517,0.226483,0.000000,-41.151170,-118.551472,10.170664,1,0,2,0.0000,0.0000,0.0000,0.5000,"LeadPursuit",0.053377
457,A0100,adaptive_eagle,UNKNOWN,3049.145988,89.666788,24.841477,67.807550,-91.589487,13826.201256,246.854197,16523.897770,218.542626,-7707.773295,-453.326480,207.289429,False,False,True,False,False,False,False,1-circle,-1.000000,-608.341885,100.000000,99.773517,0.226483,0.000000,-32.466756,-110.285320,7.803008,1,3,4,0.0000,0.0000,0.0000,0.5000,"HeadOnBreak",-0.024112
457,B0100,defensive,UNKNOWN,3049.145988,89.666788,24.841477,67.807550,-91.589487,13826.201256,246.854197,16523.897770,218.542626,-7707.773295,-453.326480,207.289429,False,False,True,False,False,False,False,1-circle,-1.000000,-608.341885,100.000000,99.773517,0.226483,0.000000,-32.466756,-110.285320,7.803008,1,0,2,0.0000,0.0000,0.0000,0.5000,"LeadPursuit",0.059994
458,A0100,adaptive_eagle,UNKNOWN,3205.802649,88.842498,23.902415,67.834877,-90.445007,13842.195106,247.880809,16562.376504,192.393673,-7507.067928,-448.754101,206.399318,False,False,True,False,False,False,False,1-circle,-1.000000,-616.438395,100.000000,99.773517,0.226483,0.000000,-23.926035,-102.119643,6.293014,1,3,4,0.0000,0.0000,0.0000,0.5000,"HeadOnBreak",-0.026691
458,B0100,defensive,UNKNOWN,3205.802649,88.842498,23.902415,67.834877,-90.445007,13842.195106,247.880809,16562.376504,192.393673,-7507.067928,-448.754101,206.399318,False,False,True,False,False,False,False,1-circle,-1.000000,-616.438395,100.000000,99.773517,0.226483,0.000000,-23.926035,-102.119643,6.293014,1,0,2,0.0000,0.0000,0.0000,0.5000,"LeadPursuit",0.057533
459,A0100,adaptive_eagle,UNKNOWN,3360.717070,88.004346,22.688192,68.177168,-89.350137,13856.375465,248.964654,16600.396561,190.100285,-7302.405016,-444.742292,205.476040,False,False,True,False,False,False,False,1-circle,-1.000000,-624.431773,100.000000,99.773517,0.226483,0.000000,-16.563628,-95.086680,5.529202,1,3,4,0.0000,0.0000,0.0000,0.5000,"HeadOnBreak",-0.216311
459,B0100,defensive,UNKNOWN,3360.717070,88.004346,22.688192,68.177168,-89.350137,13856.375465,248.964654,16600.396561,190.100285,-7302.405016,-444.742292,205.476040,False,False,True,False,False,False,False,1-circle,-1.000000,-624.431773,100.000000,99.773517,0.226483,0.000000,-16.563628,-95.086680,5.529202,1,0,3,0.0000,0.0000,0.0000,0.5000,"LeadPursuit",0.074236
460,A0100,adaptive_eagle,UNKNOWN,3513.878891,86.755787,21.296751,68.288505,-87.884678,13869.029602,249.667822,16628.572845,140.881421,-7132.068384,-439.259879,204.870737,False,False,True,False,False,False,False,1-circle,-1.000000,-632.184300,100.000000,99.773517,0.226483,0.000000,-13.668887,-92.483513,5.189118,1,4,4,0.0000,0.0000,0.0000,0.5000,"HeadOnBreak",-0.522902
460,B0100,defensive,UNKNOWN,3513.878891,86.755787,21.296751,68.288505,-87.884678,13869.029602,249.667822,16628.572845,140.881421,-7132.068384,-439.259879,204.870737,False,False,True,False,False,False,False,1-circle,-1.000000,-632.184300,100.000000,99.773517,0.226483,0.000000,-13.668887,-92.483513,5.189118,1,0,3,0.0000,0.0000,0.0000,0.5000,"LeadPursuit",0.113168
461,A0100,adaptive_eagle,UNKNOWN,3663.966830,84.756386,20.255663,67.214614,-85.661360,13880.206917,249.606150,16638.387031,49.070926,-6965.110470,-427.998178,204.885784,False,False,True,False,False,False,False,1-circle,-1.000000,-639.334939,100.000000,99.773517,0.226483,0.000000,-18.335400,-97.411356,4.854270,1,4,4,0.0000,0.0000,0.0000,0.5000,"HeadOnBreak",-0.492113
461,B0100,defensive,UNKNOWN,3663.966830,84.756386,20.255663,67.214614,-85.661360,13880.206917,249.606150,16638.387031,49.070926,-6965.110470,-427.998178,204.885784,False,False,True,False,False,False,False,1-circle,-1.000000,-639.334939,100.000000,99.773517,0.226483,0.000000,-18.335400,-97.411356,4.854270,1,0,3,0.0000,0.0000,0.0000,0.5000,"LeadPursuit",0.111673
462,A0100,adaptive_eagle,UNKNOWN,3809.525379,82.947933,19.352933,66.212702,-83.619019,13889.556362,249.766928,16651.290856,64.519126,-6792.585403,-417.187220,204.727930,False,False,True,False,False,False,False,1-circle,-1.000000,-645.417996,100.000000,99.773517,0.226483,0.000000,-22.102963,-101.419381,4.326100,1,3,4,0.0000,0.0000,0.0000,0.5000,"HeadOnBreak",-0.298686
462,B0100,defensive,UNKNOWN,3809.525379,82.947933,19.352933,66.212702,-83.619019,13889.556362,249.766928,16651.290856,64.519126,-6792.585403,-417.187220,204.727930,False,False,True,False,False,False,False,1-circle,-1.000000,-645.417996,100.000000,99.773517,0.226483,0.000000,-22.102963,-101.419381,4.326100,1,0,3,0.0000,0.0000,0.0000,0.5000,"LeadPursuit",0.069476
463,A0100,adaptive_eagle,UNKNOWN,3951.722682,81.963069,18.785408,65.770533,-82.454253,13897.060570,250.892875,16683.750918,162.300309,-6581.403254,-409.357688,203.806070,False,False,True,False,False,False,False,1-circle,-1.000000,-650.685838,100.000000,99.773517,0.226483,0.000000,-17.916084,-97.454196,3.639180,1,3,4,0.0000,0.0000,0.0000,0.5000,"HeadOnBreak",-0.235511
463,B0100,defensive,UNKNOWN,3951.722682,81.963069,18.785408,65.770533,-82.454253,13897.060570,250.892875,16683.750918,162.300309,-6581.403254,-409.357688,203.806070,False,False,True,False,False,False,False,1-circle,-1.000000,-650.685838,100.000000,99.773517,0.226483,0.000000,-17.916084,-97.454196,3.639180,1,0,3,0.0000,0.0000,0.0000,0.5000,"LeadPursuit",0.055667
464,A0100,adaptive_eagle,UNKNOWN,4091.281940,81.200929,18.385449,65.469982,-81.551166,13903.057900,252.326822,16721.693252,189.711672,-6363.990303,-402.174389,202.654927,False,False,True,False,False,False,False,1-circle,-1.000000,-655.650769,100.000000,99.773517,0.226483,0.000000,-10.742109,-90.480101,3.074176,1,3,4,0.0000,0.0000,0.0000,0.5000,"HeadOnBreak",-0.342219
464,B0100,defensive,UNKNOWN,4091.281940,81.200929,18.385449,65.469982,-81.551166,13903.057900,252.326822,16721.693252,189.711672,-6363.990303,-402.174389,202.654927,False,False,True,False,False,False,False,1-circle,-1.000000,-655.650769,100.000000,99.773517,0.226483,0.000000,-10.742109,-90.480101,3.074176,1,0,3,0.0000,0.0000,0.0000,0.5000,"LeadPursuit",0.084732
465,A0100,adaptive_eagle,UNKNOWN,4227.864014,79.871257,18.117377,64.564649,-80.107251,13907.818818,253.219031,16746.422390,123.645690,-6174.757115,-391.862856,61.858770,False,False,True,False,False,False,False,1-circle,-1.000000,-660.841737,100.000000,99.773517,0.226483,0.000000,-6.828421,-86.738627,2.792386,1,3,4,0.0000,0.0000,0.0000,0.5000,"HeadOnBreak",-0.513961
465,B0100,defensive,UNKNOWN,4227.864014,79.871257,18.117377,64.564649,-80.107251,13907.818818,253.219031,16746.422390,123.645690,-6174.757115,-391.862856,61.858770,False,False,True,False,False,False,False,1-circle,-1.000000,-660.841737,100.000000,99.773517,0.226483,0.000000,-6.828421,-86.738627,2.792386,1,0,3,0.0000,0.0000,0.0000,0.5000,"LeadPursuit",0.134161
466,A0100,adaptive_eagle,UNKNOWN,4360.167273,77.727151,17.957170,62.816393,-77.850491,13911.553929,253.308483,16752.163378,28.704942,-6019.681362,-377.250811,201.861145,False,False,True,False,False,False,False,1-circle,-1.000000,-666.709533,100.000000,99.773517,0.226483,0.000000,-10.384169,-90.432968,2.564057,1,3,4,0.0000,0.0000,0.0000,0.5000,"HeadOnBreak",-0.597592
466,B0100,defensive,UNKNOWN,4360.167273,77.727151,17.957170,62.816393,-77.850491,13911.553929,253.308483,16752.163378,28.704942,-6019.681362,-377.250811,201.861145,False,False,True,False,False,False,False,1-circle,-1.000000,-666.709533,100.000000,99.773517,0.226483,0.000000,-10.384169,-90.432968,2.564057,1,0,3,0.0000,0.0000,0.0000,0.5000,"LeadPursuit",0.164795
467,A0100,adaptive_eagle,UNKNOWN,4487.099413,75.286750,17.889220,60.719244,-75.259533,13914.050134,253.132227,16750.707861,-7.277588,-5878.777333,-361.091304,201.991000,False,False,True,False,False,False,False,1-circle,-1.000000,-673.266190,100.000000,99.773517,0.226483,0.000000,-17.896066,-98.051035,2.046523,1,2,4,0.0000,0.0000,0.0000,0.5000,"HeadOnBreak",-0.482719
467,B0100,defensive,UNKNOWN,4487.099413,75.286750,17.889220,60.719244,-75.259533,13914.050134,253.132227,16750.707861,-7.277588,-5878.777333,-361.091304,201.991000,False,False,True,False,False,False,False,1-circle,-1.000000,-673.266190,100.000000,99.773517,0.226483,0.000000,-17.896066,-98.051035,2.046523,1,0,3,0.0000,0.0000,0.0000,0.5000,"LeadPursuit",0.139215
468,A0100,adaptive_eagle,UNKNOWN,4608.916494,73.470270,17.918595,59.189132,-73.260193,13914.736715,253.653675,16763.093421,61.927799,-5719.874208,-347.913540,201.582905,False,False,True,False,False,False,False,1-circle,-1.000000,-680.148617,100.000000,99.773517,0.226483,0.000000,-21.885634,-102.122663,1.141362,1,2,4,0.0000,0.0000,0.0000,0.5000,"HeadOnBreak",-0.305543
468,B0100,defensive,UNKNOWN,4608.916494,73.470270,17.918595,59.189132,-73.260193,13914.736715,253.653675,16763.093421,61.927799,-5719.874208,-347.913540,201.582905,False,False,True,False,False,False,False,1-circle,-1.000000,-680.148617,100.000000,99.773517,0.226483,0.000000,-21.885634,-102.122663,1.141362,1,0,3,0.0000,0.0000,0.0000,0.5000,"LeadPursuit",0.090129
469,A0100,adaptive_eagle,UNKNOWN,4726.879258,72.415253,18.065923,58.422191,-72.054177,13913.546991,255.096386,16794.397159,156.518690,-5536.857141,-338.205177,200.471886,False,False,True,False,False,False,False,1-circle,-1.000000,-687.468317,100.000000,99.773517,0.226483,0.000000,-16.817730,-97.114885,0.081365,1,2,4,0.0000,0.0000,0.0000,0.5000,"HeadOnBreak",-0.247114
469,B0100,defensive,UNKNOWN,4726.879258,72.415253,18.065923,58.422191,-72.054177,13913.546991,255.096386,16794.397159,156.518690,-5536.857141,-338.205177,200.471886,False,False,True,False,False,False,False,1-circle,-1.000000,-687.468317,100.000000,99.773517,0.226483,0.000000,-16.817730,-97.114885,0.081365,1,0,3,0.0000,0.0000,0.0000,0.5000,"LeadPursuit",0.074425
470,A0100,adaptive_eagle,UNKNOWN,4841.874267,71.566649,18.350962,57.837883,-71.082845,13910.830863,256.819246,16830.725563,181.642020,-5352.806563,-329.248657,199.165486,False,False,True,False,False,False,False,1-circle,-1.000000,-695.718160,100.000000,99.773517,0.226483,0.000000,-8.725181,-89.056458,-0.719721,1,2,4,0.0000,0.0000,0.0000,0.5000,"HeadOnBreak",-0.366111
470,B0100,defensive,UNKNOWN,4841.874267,71.566649,18.350962,57.837883,-71.082845,13910.830863,256.819246,16830.725563,181.642020,-5352.806563,-329.248657,199.165486,False,False,True,False,False,False,False,1-circle,-1.000000,-695.718160,100.000000,99.773517,0.226483,0.000000,-8.725181,-89.056458,-0.719721,1,0,3,0.0000,0.0000,0.0000,0.5000,"LeadPursuit",0.115568
471,A0100,adaptive_eagle,UNKNOWN,4953.535248,70.124034,18.780403,56.624070,-69.538250,13906.912128,257.945849,16852.480744,108.775905,-5198.812355,-317.239182,35.193206,False,False,True,False,False,False,False,1-circle,-1.000000,-705.330721,100.000000,99.773517,0.226483,0.000000,-4.047424,-84.382120,-1.085125,1,2,4,0.0000,0.0000,0.0000,0.5000,"HeadOnBreak",-0.550397
471,B0100,defensive,UNKNOWN,4953.535248,70.124034,18.780403,56.624070,-69.538250,13906.912128,257.945849,16852.480744,108.775905,-5198.812355,-317.239182,35.193206,False,False,True,False,False,False,False,1-circle,-1.000000,-705.330721,100.000000,99.773517,0.226483,0.000000,-4.047424,-84.382120,-1.085125,1,0,3,0.0000,0.0000,0.0000,0.5000,"LeadPursuit",0.183875
472,A0100,adaptive_eagle,UNKNOWN,5060.582396,67.847323,19.314606,54.415211,-67.154840,13902.112479,258.223762,16854.031672,7.754640,-5084.216939,-301.260202,75.220193,False,False,True,False,False,False,False,1-circle,-1.000000,-716.606607,100.000000,99.773517,0.226483,0.000000,-7.063746,-87.367549,-1.293776,1,2,4,0.0000,0.0000,0.0000,0.5000,"HeadOnBreak",-0.624302
472,B0100,defensive,UNKNOWN,5060.582396,67.847323,19.314606,54.415211,-67.154840,13902.112479,258.223762,16854.031672,7.754640,-5084.216939,-301.260202,75.220193,False,False,True,False,False,False,False,1-circle,-1.000000,-716.606607,100.000000,99.773517,0.226483,0.000000,-7.063746,-87.367549,-1.293776,1,0,3,0.0000,0.0000,0.0000,0.5000,"LeadPursuit",0.222757
473,A0100,adaptive_eagle,UNKNOWN,5162.223543,65.333766,19.760698,51.514125,-64.480617,13896.323824,258.295351,16849.880012,-20.758298,-5034.023974,-285.913334,198.096321,False,False,True,False,False,False,False,1-circle,-1.000000,-728.684652,100.000000,99.773517,0.226483,0.000000,-14.313027,-94.564958,-1.734371,1,1,4,0.0000,0.0000,0.0000,0.5000,"HeadOnBreak",-0.514749
473,B0100,defensive,UNKNOWN,5162.223543,65.333766,19.760698,51.514125,-64.480617,13896.323824,258.295351,16849.880012,-20.758298,-5034.023974,-285.913334,198.096321,False,False,True,False,False,False,False,1-circle,-1.000000,-728.684652,100.000000,99.773517,0.226483,0.000000,-14.313027,-94.564958,-1.734371,1,0,3,0.0000,0.0000,0.0000,0.5000,"LeadPursuit",0.195228
474,A0100,adaptive_eagle,UNKNOWN,5259.158228,63.406614,19.948834,48.870227,-62.337952,13888.984721,259.043291,16859.670761,48.953746,-5004.785399,-275.069370,197.559217,False,False,True,False,False,False,False,1-circle,-1.000000,-739.628435,100.000000,99.773517,0.226483,0.000000,-18.073619,-98.281368,-2.514463,1,1,4,0.0000,0.0000,0.0000,0.5000,"HeadOnBreak",-0.338109
474,B0100,defensive,UNKNOWN,5259.158228,63.406614,19.948834,48.870227,-62.337952,13888.984721,259.043291,16859.670761,48.953746,-5004.785399,-275.069370,197.559217,False,False,True,False,False,False,False,1-circle,-1.000000,-739.628435,100.000000,99.773517,0.226483,0.000000,-18.073619,-98.281368,-2.514463,1,0,3,0.0000,0.0000,0.0000,0.5000,"LeadPursuit",0.134601
475,A0100,adaptive_eagle,UNKNOWN,5352.803360,62.203942,19.728623,47.003123,-60.951531,13879.959849,260.710391,16889.005243,146.672411,-4944.998773,-268.505714,196.351649,False,False,True,False,False,False,False,1-circle,-1.000000,-747.997576,100.000000,99.773517,0.226483,0.000000,-12.641767,-92.833674,-3.395777,1,1,4,0.0000,0.0000,0.0000,0.5000,"HeadOnBreak",-0.287494
475,B0100,defensive,UNKNOWN,5352.803360,62.203942,19.728623,47.003123,-60.951531,13879.959849,260.710391,16889.005243,146.672411,-4944.998773,-268.505714,196.351649,False,False,True,False,False,False,False,1-circle,-1.000000,-747.997576,100.000000,99.773517,0.226483,0.000000,-12.641767,-92.833674,-3.395777,1,0,3,0.0000,0.0000,0.0000,0.5000,"LeadPursuit",0.118395
476,A0100,adaptive_eagle,UNKNOWN,5444.169949,61.160749,18.599628,45.667903,-59.765057,13869.552662,262.634392,16923.174475,170.846160,-4881.446693,-265.087516,35.473367,False,False,True,False,False,False,False,1-circle,-1.000000,-751.911429,100.000000,99.773517,0.226483,0.000000,-4.291193,-84.519777,-3.968992,1,0,4,0.0000,0.0000,0.0000,0.5000,"HeadOnBreak",-0.424906
476,B0100,defensive,UNKNOWN,5444.169949,61.160749,18.599628,45.667903,-59.765057,13869.552662,262.634392,16923.174475,170.846160,-4881.446693,-265.087516,35.473367,False,False,True,False,False,False,False,1-circle,-1.000000,-751.911429,100.000000,99.773517,0.226483,0.000000,-4.291193,-84.519777,-3.968992,1,0,3,0.0000,0.0000,0.0000,0.5000,"LeadPursuit",0.177519
477,A0100,adaptive_eagle,UNKNOWN,5533.365969,59.499769,16.454819,44.734552,-58.005324,13858.148759,263.936755,16942.130538,94.780314,-4808.939398,-260.578169,18.986920,False,False,True,False,False,False,False,1-circle,-1.000000,-749.042619,100.000000,99.773517,0.226483,0.000000,0.460971,-79.884109,-4.100199,1,0,4,0.0000,0.0000,0.0000,0.5000,"HeadOnBreak",-0.640072
477,B0100,defensive,UNKNOWN,5533.365969,59.499769,16.454819,44.734552,-58.005324,13858.148759,263.936755,16942.130538,94.780314,-4808.939398,-260.578169,18.986920,False,False,True,False,False,False,False,1-circle,-1.000000,-749.042619,100.000000,99.773517,0.226483,0.000000,0.460971,-79.884109,-4.100199,1,0,3,0.0000,0.0000,0.0000,0.5000,"LeadPursuit",0.275954
478,A0100,adaptive_eagle,UNKNOWN,5619.441672,56.997126,13.779257,44.040460,-55.417351,13846.204822,264.348276,16939.810969,-11.597846,-4736.748896,-252.514607,28.448327,False,False,True,False,False,False,False,1-circle,-1.000000,-739.140679,100.000000,99.773517,0.226483,0.000000,-2.678711,-83.218436,-4.105950,1,0,4,0.0000,0.0000,0.0000,0.5000,"HeadOnBreak",-0.630323
478,B0100,defensive,UNKNOWN,5619.441672,56.997126,13.779257,44.040460,-55.417351,13846.204822,264.348276,16939.810969,-11.597846,-4736.748896,-252.514607,28.448327,False,False,True,False,False,False,False,1-circle,-1.000000,-739.140679,100.000000,99.773517,0.226483,0.000000,-2.678711,-83.218436,-4.105950,1,0,3,0.0000,0.0000,0.0000,0.5000,"LeadPursuit",0.282752
479,A0100,adaptive_eagle,UNKNOWN,5701.879006,54.679242,10.858937,44.275795,-52.979862,13833.670976,264.964702,16941.721738,9.553845,-4641.630081,-244.595953,45.094306,False,False,True,False,False,False,False,1-circle,-1.000000,-723.574797,100.000000,99.773517,0.226483,0.000000,-4.926875,-85.718617,-4.170471,1,0,4,0.0000,0.0000,0.0000,0.5000,"HeadOnBreak",-0.416891
479,B0100,defensive,UNKNOWN,5701.879006,54.679242,10.858937,44.275795,-52.979862,13833.670976,264.964702,16941.721738,9.553845,-4641.630081,-244.595953,45.094306,False,False,True,False,False,False,False,1-circle,-1.000000,-723.574797,100.000000,99.773517,0.226483,0.000000,-4.926875,-85.718617,-4.170471,1,0,3,0.0000,0.0000,0.0000,0.5000,"LeadPursuit",0.189164
480,A0100,adaptive_eagle,UNKNOWN,5781.615265,53.231132,8.153188,45.586967,-51.449180,13820.299591,266.549435,16965.639537,119.588996,-4512.467197,-238.850929,19.655045,False,False,True,False,False,False,False,1-circle,-1.000000,-704.473872,100.000000,99.773517,0.226483,0.000000,0.765481,-80.307641,-4.207204,1,8,4,0.0000,0.0000,0.0000,0.5000,"HeadOnBreak",-0.431599
480,B0100,defensive,UNKNOWN,5781.615265,53.231132,8.153188,45.586967,-51.449180,13820.299591,266.549435,16965.639537,119.588996,-4512.467197,-238.850929,19.655045,False,False,True,False,False,False,False,1-circle,-1.000000,-704.473872,100.000000,99.773517,0.226483,0.000000,0.765481,-80.307641,-4.207204,1,0,3,0.0000,0.0000,0.0000,0.5000,"LeadPursuit",0.203031
481,A0100,adaptive_eagle,UNKNOWN,5859.361722,51.690130,6.627014,45.989234,-49.873253,13806.274242,268.006031,16986.084408,102.224355,-4439.469959,-232.249209,13.606147,False,False,True,False,False,False,False,1-circle,-1.000000,-684.718900,100.000000,99.773517,0.226483,0.000000,5.140661,-76.208328,-4.113390,1,8,4,0.0000,0.0000,0.0000,0.5000,"HeadOnBreak",-0.657160
481,B0100,defensive,UNKNOWN,5859.361722,51.690130,6.627014,45.989234,-49.873253,13806.274242,268.006031,16986.084408,102.224355,-4439.469959,-232.249209,13.606147,False,False,True,False,False,False,False,1-circle,-1.000000,-684.718900,100.000000,99.773517,0.226483,0.000000,5.140661,-76.208328,-4.113390,1,0,3,0.0000,0.0000,0.0000,0.5000,"LeadPursuit",0.335224
482,A0100,adaptive_eagle,UNKNOWN,5934.604025,49.291122,6.120139,44.315882,-47.444596,13792.079195,268.503402,16983.702625,-11.908917,-4478.974289,-223.659199,17.958213,False,False,True,False,False,False,False,1-circle,-1.000000,-665.743839,100.000000,99.773517,0.226483,0.000000,2.125505,-79.480866,-4.004698,1,8,4,0.0000,0.0000,0.0000,0.5000,"HeadOnBreak",-0.775753
482,B0100,defensive,UNKNOWN,5934.604025,49.291122,6.120139,44.315882,-47.444596,13792.079195,268.503402,16983.702625,-11.908917,-4478.974289,-223.659199,17.958213,False,False,True,False,False,False,False,1-circle,-1.000000,-665.743839,100.000000,99.773517,0.226483,0.000000,2.125505,-79.480866,-4.004698,1,0,3,0.0000,0.0000,0.0000,0.5000,"LeadPursuit",0.425065
483,A0100,adaptive_eagle,UNKNOWN,6007.009615,46.604142,6.025946,41.605904,-44.652710,13777.764115,268.705109,16974.184610,-47.590074,-4582.813781,-215.455121,59.621223,False,False,True,False,False,False,False,1-circle,-1.000000,-647.144449,100.000000,99.773517,0.226483,0.000000,-4.945265,-86.800492,-4.176972,1,0,4,0.0000,0.0000,0.0000,0.5000,"HeadOnBreak",-0.658618
483,B0100,defensive,UNKNOWN,6007.009615,46.604142,6.025946,41.605904,-44.652710,13777.764115,268.705109,16974.184610,-47.590074,-4582.813781,-215.455121,59.621223,False,False,True,False,False,False,False,1-circle,-1.000000,-647.144449,100.000000,99.773517,0.226483,0.000000,-4.945265,-86.800492,-4.176972,1,0,3,0.0000,0.0000,0.0000,0.5000,"LeadPursuit",0.383393
484,A0100,adaptive_eagle,OBFM,6076.895468,44.502703,5.483271,39.864873,-42.359353,13762.692926,269.574058,16979.820251,28.178203,-4634.539404,-209.116063,190.379893,False,False,True,False,False,False,False,1-circle,-1.000000,-627.762614,100.000000,99.773517,0.226483,0.000000,-8.050352,-90.161986,-4.663343,1,0,4,0.0000,0.0000,0.0000,0.5000,"HeadOnBreak",-0.436694
484,B0100,defensive,OBFM,6076.895468,44.502703,5.483271,39.864873,-42.359353,13762.692926,269.574058,16979.820251,28.178203,-4634.539404,-209.116063,190.379893,False,False,True,False,False,False,False,1-circle,-1.000000,-627.762614,100.000000,99.773517,0.226483,0.000000,-8.050352,-90.161986,-4.663343,1,0,3,0.0000,0.0000,0.0000,0.5000,"LeadPursuit",0.266957
485,A0100,adaptive_eagle,OBFM,6144.759104,43.141280,4.271756,39.508059,-40.852685,13746.535002,271.368502,17006.635096,134.074227,-4595.516662,-204.080926,31.187813,False,False,True,False,False,False,False,1-circle,-1.000000,-606.319277,100.000000,99.773517,0.226483,0.000000,-1.565696,-83.955525,-5.173207,1,0,4,0.0000,0.0000,0.0000,0.5000,"HeadOnBreak",-0.369242
485,B0100,defensive,OBFM,6144.759104,43.141280,4.271756,39.508059,-40.852685,13746.535002,271.368502,17006.635096,134.074227,-4595.516662,-204.080926,31.187813,False,False,True,False,False,False,False,1-circle,-1.000000,-606.319277,100.000000,99.773517,0.226483,0.000000,-1.565696,-83.955525,-5.173207,1,0,3,0.0000,0.0000,0.0000,0.5000,"LeadPursuit",0.236013
486,A0100,adaptive_eagle,OBFM,6210.560480,41.941051,2.060109,40.607780,-39.574574,13729.490340,273.360479,17037.627532,154.962179,-4472.794178,-197.866855,12.457965,False,False,True,False,False,False,False,1-circle,-1.000000,-581.673703,100.000000,99.773517,0.226483,0.000000,7.450392,-75.250425,-5.297391,1,0,4,0.0000,0.0000,0.0000,0.5000,"HeadOnBreak",-0.525853
486,B0100,defensive,OBFM,6210.560480,41.941051,2.060109,40.607780,-39.574574,13729.490340,273.360479,17037.627532,154.962179,-4472.794178,-197.866855,12.457965,False,False,True,False,False,False,False,1-circle,-1.000000,-581.673703,100.000000,99.773517,0.226483,0.000000,7.450392,-75.250425,-5.297391,1,0,3,0.0000,0.0000,0.0000,0.5000,"LeadPursuit",0.347173
487,A0100,adaptive_eagle,OBFM,6273.611652,40.190969,2.185016,41.576440,-37.831080,13712.068159,274.691928,17052.509522,74.409952,-4343.481986,-188.538219,9.375520,False,False,True,False,False,False,False,1-circle,-1.000000,-554.471295,100.000000,99.773517,0.226483,0.000000,12.235624,-70.798629,-4.980653,1,8,4,0.0000,0.0000,0.0000,0.5000,"HeadOnBreak",-0.810162
487,B0100,defensive,OBFM,6273.611652,40.190969,2.185016,41.576440,-37.831080,13712.068159,274.691928,17052.509522,74.409952,-4343.481986,-188.538219,9.375520,False,False,True,False,False,False,False,1-circle,-1.000000,-554.471295,100.000000,99.773517,0.226483,0.000000,12.235624,-70.798629,-4.980653,1,1,3,0.0000,0.0000,0.0000,0.5000,"LeadPursuit",0.559097
488,A0100,adaptive_eagle,OBFM,6333.317955,37.635827,4.081456,40.922756,-35.306853,13694.993107,274.956652,17041.876030,-53.167464,-4299.402482,-177.917651,12.075441,False,False,True,False,False,False,False,1-circle,-1.000000,-527.657293,100.000000,99.773517,0.226483,0.000000,8.476127,-74.879169,-4.597531,1,8,4,0.0000,0.0000,0.0000,0.5000,"HeadOnBreak",-0.958733
488,B0100,defensive,OBFM,6333.317955,37.635827,4.081456,40.922756,-35.306853,13694.993107,274.956652,17041.876030,-53.167464,-4299.402482,-177.917651,12.075441,False,False,True,False,False,False,False,1-circle,-1.000000,-527.657293,100.000000,99.773517,0.226483,0.000000,8.476127,-74.879169,-4.597531,1,1,3,0.0000,0.0000,0.0000,0.5000,"LeadPursuit",0.706046
489,A0100,adaptive_eagle,OBFM,6389.958492,34.886457,4.859798,38.881378,-32.478792,13678.356473,275.079650,17028.234414,-68.208076,-4342.136839,-169.666720,27.465041,False,False,True,False,False,False,False,1-circle,-1.000000,-502.248226,100.000000,99.773517,0.226483,0.000000,0.430354,-83.226146,-4.542274,1,8,4,0.0000,0.0000,0.0000,0.5000,"HeadOnBreak",-0.822039
489,B0100,defensive,OBFM,6389.958492,34.886457,4.859798,38.881378,-32.478792,13678.356473,275.079650,17028.234414,-68.208076,-4342.136839,-169.666720,27.465041,False,False,True,False,False,False,False,1-circle,-1.000000,-502.248226,100.000000,99.773517,0.226483,0.000000,0.430354,-83.226146,-4.542274,1,1,3,0.0000,0.0000,0.0000,0.5000,"LeadPursuit",0.643626
490,A0100,adaptive_eagle,OBFM,6444.582262,32.766704,4.832532,36.720450,-30.143987,13661.381878,275.905748,17031.410239,15.879123,-4417.980177,-165.246981,65.280136,False,False,True,False,False,False,False,1-circle,-1.000000,-477.021172,100.000000,99.773517,0.226483,0.000000,-3.189492,-87.146712,-4.851136,1,0,4,0.0000,0.0000,0.0000,0.5000,"HeadOnBreak",-0.547586
490,B0100,defensive,OBFM,6444.582262,32.766704,4.832532,36.720450,-30.143987,13661.381878,275.905748,17031.410239,15.879123,-4417.980177,-165.246981,65.280136,False,False,True,False,False,False,False,1-circle,-1.000000,-477.021172,100.000000,99.773517,0.226483,0.000000,-3.189492,-87.146712,-4.851136,1,1,3,0.0000,0.0000,0.0000,0.5000,"LeadPursuit",0.453499
491,A0100,adaptive_eagle,OBFM,6497.985483,31.386452,5.058295,35.709016,-28.595472,13643.593424,277.682376,17057.162460,128.761104,-4432.641463,-161.595883,20.084008,False,False,True,False,False,False,False,1-circle,-1.000000,-451.016212,100.000000,99.773517,0.226483,0.000000,3.417785,-80.852122,-5.203359,1,0,4,0.0000,0.0000,0.0000,0.5000,"HeadOnBreak",-0.633445
491,B0100,defensive,OBFM,6497.985483,31.386452,5.058295,35.709016,-28.595472,13643.593424,277.682376,17057.162460,128.761104,-4432.641463,-161.595883,20.084008,False,False,True,False,False,False,False,1-circle,-1.000000,-451.016212,100.000000,99.773517,0.226483,0.000000,3.417785,-80.852122,-5.203359,1,1,3,0.0000,0.0000,0.0000,0.5000,"LeadPursuit",0.554438
492,A0100,adaptive_eagle,OBFM,6549.911707,29.770143,5.826816,35.122883,-26.878544,13625.200282,279.221923,17076.725768,97.816538,-4394.798594,-155.704448,12.549676,False,False,True,False,False,False,False,1-circle,-1.000000,-423.530366,100.000000,99.773517,0.226483,0.000000,8.982217,-75.619533,-5.313503,1,0,4,0.0000,0.0000,0.0000,0.5000,"HeadOnBreak",-1.034704
492,B0100,defensive,OBFM,6549.911707,29.770143,5.826816,35.122883,-26.878544,13625.200282,279.221923,17076.725768,97.816538,-4394.798594,-155.704448,12.549676,False,False,True,False,False,False,False,1-circle,-1.000000,-423.530366,100.000000,99.773517,0.226483,0.000000,8.982217,-75.619533,-5.313503,1,1,3,0.0000,0.0000,0.0000,0.5000,"LeadPursuit",0.968236
493,A0100,adaptive_eagle,OBFM,6599.040215,27.279896,7.999557,34.975468,-24.278053,13606.781545,279.714730,17070.501199,-31.122841,-4315.928817,-145.306557,15.244476,False,False,True,False,False,False,False,1-circle,-1.000000,-393.825127,100.000000,99.773517,0.226483,0.000000,6.862659,-78.098254,-5.278092,1,0,4,0.0000,0.0000,0.0000,0.5000,"HeadOnBreak",-1.017463
493,B0100,defensive,OBFM,6599.040215,27.279896,7.999557,34.975468,-24.278053,13606.781545,279.714730,17070.501199,-31.122841,-4315.928817,-145.306557,15.244476,False,False,True,False,False,False,False,1-circle,-1.000000,-393.825127,100.000000,99.773517,0.226483,0.000000,6.862659,-78.098254,-5.278092,2,2,2,0.0000,0.0000,0.0000,0.5000,"Pursue",1.021948
494,A0100,adaptive_eagle,OBFM,6644.578894,25.035769,10.766925,35.385988,-21.833671,13588.453541,278.808606,17029.768380,-203.664099,-4256.717580,-135.394669,17.279790,False,False,True,False,False,False,False,1-circle,-1.000000,-362.238235,100.000000,99.773517,0.226483,0.000000,5.911146,-79.431319,-5.180324,1,8,4,0.0000,0.0000,0.0000,0.5000,"HeadOnBreak",-0.654655
494,B0100,defensive,OBFM,6644.578894,25.035769,10.766925,35.385988,-21.833671,13588.453541,278.808606,17029.768380,-203.664099,-4256.717580,-135.394669,17.279790,False,False,True,False,False,False,False,1-circle,-1.000000,-362.238235,100.000000,99.773517,0.226483,0.000000,5.911146,-79.431319,-5.180324,2,2,2,0.0000,0.0000,0.0000,0.5000,"Pursue",0.692093
495,A0100,adaptive_eagle,OBFM,6687.441672,23.613707,12.742710,35.681936,-20.285962,13569.946432,278.582471,17005.681217,-120.435815,-4226.475866,-128.862493,10.481645,False,False,True,False,False,False,False,1-circle,-1.000000,-330.840479,100.000000,99.773517,0.226483,0.000000,12.835519,-72.885477,-4.901153,1,8,4,0.0000,0.0000,0.0000,0.5000,"HeadOnBreak",-0.536713
495,B0100,defensive,OBFM,6687.441672,23.613707,12.742710,35.681936,-20.285962,13569.946432,278.582471,17005.681217,-120.435815,-4226.475866,-128.862493,10.481645,False,False,True,False,False,False,False,1-circle,-1.000000,-330.840479,100.000000,99.773517,0.226483,0.000000,12.835519,-72.885477,-4.901153,2,2,2,0.0000,0.0000,0.0000,0.5000,"Pursue",0.577834
496,A0100,adaptive_eagle,OBFM,6729.033865,22.444093,13.511892,35.153045,-19.087174,13551.310376,278.658596,16988.923091,-83.790627,-4269.083337,-126.564816,6.846920,False,False,True,False,False,False,False,1-circle,-1.000000,-300.514784,100.000000,99.773517,0.226483,0.000000,21.326262,-64.761661,-4.237394,1,8,4,0.0000,0.0000,0.0000,0.5000,"HeadOnBreak",-0.860315
496,B0100,defensive,OBFM,6729.033865,22.444093,13.511892,35.153045,-19.087174,13551.310376,278.658596,16988.923091,-83.790627,-4269.083337,-126.564816,6.846920,False,False,True,False,False,False,False,1-circle,-1.000000,-300.514784,100.000000,99.773517,0.226483,0.000000,21.326262,-64.761661,-4.237394,2,2,2,0.0000,0.0000,0.0000,0.5000,"Pursue",0.950112
497,A0100,adaptive_eagle,OBFM,6770.516297,20.719504,13.540907,33.454531,-17.471645,13533.079156,278.087969,16956.627452,-161.478193,-4392.079718,-126.613694,5.926145,False,False,True,False,False,False,False,1-circle,-1.000000,-271.229506,100.000000,99.773517,0.226483,0.000000,25.074636,-61.371671,-3.278827,1,0,4,0.0000,0.0000,0.0000,0.5000,"HeadOnBreak",-1.467214
497,B0100,defensive,OBFM,6770.516297,20.719504,13.540907,33.454531,-17.471645,13533.079156,278.087969,16956.627452,-161.478193,-4392.079718,-126.613694,5.926145,False,False,True,False,False,False,False,1-circle,-1.000000,-271.229506,100.000000,99.773517,0.226483,0.000000,25.074636,-61.371671,-3.278827,2,2,2,0.0000,0.0000,0.0000,0.5000,"Pursue",1.730648
498,A0100,adaptive_eagle,OBFM,6811.988538,18.153008,13.964476,31.326452,-15.052404,13516.162290,276.519391,16901.197903,-277.147748,-4521.353686,-125.010550,7.537796,False,False,True,False,False,False,False,1-circle,-1.000000,-243.377393,100.000000,99.773517,0.226483,0.000000,20.138375,-66.653484,-2.451063,1,0,4,0.0000,0.0000,0.0000,0.5000,"HeadOnBreak",-1.573477
498,B0100,defensive,OBFM,6811.988538,18.153008,13.964476,31.326452,-15.052404,13516.162290,276.519391,16901.197903,-277.147748,-4521.353686,-125.010550,7.537796,False,False,True,False,False,False,False,1-circle,-1.000000,-243.377393,100.000000,99.773517,0.226483,0.000000,20.138375,-66.653484,-2.451063,2,2,2,0.0000,0.0000,0.0000,0.5000,"Pursue",2.002809
499,A0100,adaptive_eagle,OBFM,6852.784912,15.785358,15.008694,29.984725,-12.641714,13500.659144,275.110608,16851.291145,-249.533791,-4585.587399,-121.499407,9.132295,False,False,True,False,False,False,False,1-circle,-1.000000,-216.247779,100.000000,99.773517,0.226483,0.000000,16.836959,-70.296063,-1.822218,1,0,4,0.0000,0.0000,0.0000,0.5000,"HeadOnBreak",-1.032549
499,B0100,defensive,OBFM,6852.784912,15.785358,15.008694,29.984725,-12.641714,13500.659144,275.110608,16851.291145,-249.533791,-4585.587399,-121.499407,9.132295,False,False,True,False,False,False,False,1-circle,-1.000000,-216.247779,100.000000,99.773517,0.226483,0.000000,16.836959,-70.296063,-1.822218,2,3,2,0.0000,0.0000,0.0000,0.5000,"Pursue",1.417318
500,A0100,adaptive_eagle,OBFM,6891.754754,14.281692,17.378419,30.820088,-11.097667,13485.839712,274.705367,16826.607950,-123.415975,-4536.134543,-113.590006,6.948859,False,False,True,False,False,False,False,1-circle,-1.000000,-188.019563,100.000000,99.773517,0.226483,0.000000,22.732721,-64.758947,-1.150286,1,0,4,0.0000,0.0000,0.0000,0.5000,"HeadOnBreak",-0.819629
500,B0100,defensive,OBFM,6891.754754,14.281692,17.378419,30.820088,-11.097667,13485.839712,274.705367,16826.607950,-123.415975,-4536.134543,-113.590006,6.948859,False,False,True,False,False,False,False,1-circle,-1.000000,-188.019563,100.000000,99.773517,0.226483,0.000000,22.732721,-64.758947,-1.150286,2,3,2,0.0000,0.0000,0.0000,0.5000,"Pursue",1.178609
501,A0100,adaptive_eagle,OBFM,6927.648017,13.068610,20.120817,32.188387,-9.946962,13471.454957,274.608998,16809.879661,-83.641443,-4449.125723,-103.589697,5.052792,False,False,True,False,False,False,False,1-circle,-1.000000,-158.984012,100.000000,99.773517,0.226483,0.000000,30.834641,-57.028189,-0.138269,1,8,4,0.0000,0.0000,0.0000,0.5000,"HeadOnBreak",-1.380171
501,B0100,defensive,OBFM,6927.648017,13.068610,20.120817,32.188387,-9.946962,13471.454957,274.608998,16809.879661,-83.641443,-4449.125723,-103.589697,5.052792,False,False,True,False,False,False,False,1-circle,-1.000000,-158.984012,100.000000,99.773517,0.226483,0.000000,30.834641,-57.028189,-0.138269,2,3,2,0.0000,0.0000,0.0000,0.5000,"Pursue",1.993754
502,A0100,adaptive_eagle,OBFM,6960.754689,11.350865,21.969001,32.143394,-8.502748,13458.012211,273.875469,16778.625696,-156.269826,-4442.781979,-96.951370,4.485348,False,False,True,False,False,False,False,1-circle,-1.000000,-132.074069,100.000000,99.773517,0.226483,0.000000,34.443862,-53.764837,1.140380,1,8,4,0.0000,0.0000,0.0000,0.5000,"HeadOnBreak",-2.638485
502,B0100,defensive,OBFM,6960.754689,11.350865,21.969001,32.143394,-8.502748,13458.012211,273.875469,16778.625696,-156.269826,-4442.781979,-96.951370,4.485348,False,False,True,False,False,False,False,1-circle,-1.000000,-132.074069,100.000000,99.773517,0.226483,0.000000,34.443862,-53.764837,1.140380,2,3,2,0.0000,0.0000,0.0000,0.5000,"Pursue",3.910012
503,A0100,adaptive_eagle,OBFM,6992.768390,8.846512,22.668896,30.287218,-6.358098,13446.555694,272.155000,16725.580445,-265.226256,-4558.480809,-96.126835,5.482433,False,False,True,False,False,False,False,1-circle,-1.000000,-108.882398,100.000000,99.773517,0.226483,0.000000,29.614312,-58.895181,2.293649,1,8,4,0.0000,0.0000,0.0000,0.5000,"HeadOnBreak",-4.031130
503,B0100,defensive,OBFM,6992.768390,8.846512,22.668896,30.287218,-6.358098,13446.555694,272.155000,16725.580445,-265.226256,-4558.480809,-96.126835,5.482433,False,False,True,False,False,False,False,1-circle,-1.000000,-108.882398,100.000000,99.773517,0.226483,0.000000,29.614312,-58.895181,2.293649,2,3,2,0.0000,0.0000,0.0000,0.5000,"Pursue",6.059703
504,A0100,adaptive_eagle,OBFM,7025.451559,6.209939,22.706396,27.475020,-3.763217,13437.457566,270.079330,16666.656140,-294.621525,-4745.795322,-99.556039,8.094506,False,False,True,False,False,False,False,1-circle,-1.000000,-88.944379,100.000000,99.773517,0.226483,0.000000,21.152357,-67.619417,3.076829,1,0,4,0.0000,0.0000,0.0000,0.5000,"HeadOnBreak",-3.656184
504,B0100,defensive,OBFM,7025.451559,6.209939,22.706396,27.475020,-3.763217,13437.457566,270.079330,16666.656140,-294.621525,-4745.795322,-99.556039,8.094506,False,False,True,False,False,False,False,1-circle,-1.000000,-88.944379,100.000000,99.773517,0.226483,0.000000,21.152357,-67.619417,3.076829,2,4,2,0.0000,0.0000,0.0000,0.5000,"Pursue",5.233179
505,A0100,adaptive_eagle,OBFM,7059.204588,4.591136,23.185840,25.648029,-1.536976,13429.867686,268.698952,16626.141706,-202.572167,-4878.492484,-101.146538,9.945004,False,False,True,False,False,False,False,1-circle,-1.000000,-70.870918,100.000000,99.773517,0.226483,0.000000,17.630761,-71.382729,3.583708,1,0,4,0.0000,0.0000,0.0000,0.5000,"HeadOnBreak",-1.282412
505,B0100,defensive,OBFM,7059.204588,4.591136,23.185840,25.648029,-1.536976,13429.867686,268.698952,16626.141706,-202.572167,-4878.492484,-101.146538,9.945004,False,False,True,False,False,False,False,1-circle,-1.000000,-70.870918,100.000000,99.773517,0.226483,0.000000,17.630761,-71.382729,3.583708,2,4,2,0.0000,0.0000,0.0000,0.5000,"Pursue",1.726965
506,A0100,adaptive_eagle,OBFM,7092.982043,3.945257,24.286818,25.282829,-0.093552,13422.914021,268.214862,16607.681544,-92.300812,-4920.279460,-98.824809,6.837522,False,False,True,False,False,False,False,1-circle,-1.000000,-53.158266,100.000000,99.773517,0.226483,0.000000,25.400016,-63.854165,4.187124,1,0,4,0.0000,0.0000,0.0000,0.5000,"HeadOnBreak",0.235802
506,B0100,defensive,OBFM,7092.982043,3.945257,24.286818,25.282829,-0.093552,13422.914021,268.214862,16607.681544,-92.300812,-4920.279460,-98.824809,6.837522,False,False,True,False,False,False,False,1-circle,-1.000000,-53.158266,100.000000,99.773517,0.226483,0.000000,25.400016,-63.854165,4.187124,2,4,2,0.0000,0.0000,0.0000,0.5000,"Pursue",-0.256592
507,A0100,adaptive_eagle,OBFM,7124.823649,3.700925,26.680194,26.888267,0.634012,13416.345031,268.389812,16605.268593,-12.064754,-4861.356563,-89.434893,4.015045,False,False,True,False,False,False,False,1-circle,1.000000,-34.858534,100.000000,99.773517,0.226483,0.000000,39.385985,-50.120623,5.315953,1,0,4,0.0000,0.0000,0.0000,0.5000,"HeadOnBreak",0.129489
507,B0100,defensive,OBFM,7124.823649,3.700925,26.680194,26.888267,0.634012,13416.345031,268.389812,16605.268593,-12.064754,-4861.356563,-89.434893,4.015045,False,False,True,False,False,False,False,1-circle,1.000000,-34.858534,100.000000,99.773517,0.226483,0.000000,39.385985,-50.120623,5.315953,2,4,2,0.0000,0.0000,0.0000,0.5000,"Pursue",-0.112008
508,A0100,adaptive_eagle,OBFM,7152.911308,3.435199,29.313712,28.927503,1.029920,13410.072540,268.704773,16606.485028,6.082171,-4775.941962,-77.769929,2.409900,False,False,True,False,False,False,False,1-circle,1.000000,-16.903781,100.000000,99.773517,0.226483,0.000000,54.037003,-35.721182,7.076463,1,8,4,0.0000,0.0000,0.0000,0.5000,"HeadOnBreak",-0.964509
508,B0100,defensive,OBFM,7152.911308,3.435199,29.313712,28.927503,1.029920,13410.072540,268.704773,16606.485028,6.082171,-4775.941962,-77.769929,2.409900,False,False,True,False,False,False,False,1-circle,1.000000,-16.903781,100.000000,99.773517,0.226483,0.000000,54.037003,-35.721182,7.076463,2,4,2,0.0000,0.0000,0.0000,0.5000,"Pursue",1.277437
509,A0100,adaptive_eagle,OBFM,7177.771831,2.899871,31.001401,29.994649,1.368925,13404.591333,268.656868,16599.864209,-33.104093,-4765.232146,-70.877141,1.592223,False,False,True,False,False,False,False,1-circle,1.000000,-2.205442,100.000000,99.773517,0.226483,0.000000,64.559836,-25.408222,9.169053,1,8,4,0.0000,0.0000,0.0000,0.5000,"HeadOnBreak",-1.301556
509,B0100,defensive,OBFM,7177.771831,2.899871,31.001401,29.994649,1.368925,13404.591333,268.656868,16599.864209,-33.104093,-4765.232146,-70.877141,1.592223,False,False,True,False,False,False,False,1-circle,1.000000,-2.205442,100.000000,99.773517,0.226483,0.000000,64.559836,-25.408222,9.169053,2,4,2,0.0000,0.0000,0.0000,0.5000,"Pursue",1.604765
510,A0100,adaptive_eagle,OBFM,7201.419795,2.393294,31.575207,30.316748,1.462682,13400.247275,268.616588,16594.562096,-26.510566,-4844.129801,-70.234012,1.195430,False,False,True,False,False,True,False,1-circle,1.000000,8.817780,100.000000,99.773517,0.226483,0.000000,70.505253,-19.624180,11.342749,1,8,4,0.0000,0.0000,0.0000,0.5000,"HeadOnBreak",-1.819400
510,B0100,defensive,OBFM,7201.419795,2.393294,31.575207,30.316748,1.462682,13400.247275,268.616588,16594.562096,-26.510566,-4844.129801,-70.234012,1.195430,False,False,True,False,False,True,False,1-circle,1.000000,8.817780,100.000000,99.773517,0.226483,0.000000,70.505253,-19.624180,11.342749,2,4,2,0.0000,0.0000,0.0000,0.5000,"Pursue",2.060295
511,A0100,adaptive_eagle,OBFM,7225.704844,1.883817,31.505389,30.203610,1.412329,13397.070658,268.249473,16582.660181,-59.509575,-4994.907685,-73.894482,0.973070,False,False,True,False,False,True,False,1-circle,1.000000,17.369736,100.000000,99.773517,0.226483,0.000000,74.095067,-16.163465,12.793655,1,8,4,0.0000,0.0000,0.0000,0.5000,"HeadOnBreak",-1.644484
511,B0100,defensive,OBFM,7225.704844,1.883817,31.505389,30.203610,1.412329,13397.070658,268.249473,16582.660181,-59.509575,-4994.907685,-73.894482,0.973070,False,False,True,False,False,True,False,1-circle,1.000000,17.369736,100.000000,99.773517,0.226483,0.000000,74.095067,-16.163465,12.793655,2,4,2,0.0000,0.0000,0.0000,0.5000,"Pursue",1.693186
512,A0100,adaptive_eagle,OBFM,7251.112662,1.489804,31.555100,30.444642,1.179662,13394.743187,268.341580,16582.520708,-0.697365,-5123.846696,-76.360241,0.801249,False,False,True,False,False,True,False,1-circle,1.000000,24.301002,100.000000,99.773517,0.226483,0.000000,76.940046,-13.426862,11.436765,1,0,4,0.0000,0.0000,0.0000,0.5000,"HeadOnBreak",-2.333945
512,B0100,defensive,OBFM,7251.112662,1.489804,31.555100,30.444642,1.179662,13394.743187,268.341580,16582.520708,-0.697365,-5123.846696,-76.360241,0.801249,False,False,True,False,False,True,False,1-circle,1.000000,24.301002,100.000000,99.773517,0.226483,0.000000,76.940046,-13.426862,11.436765,2,4,2,0.0000,0.0000,0.0000,0.5000,"Pursue",2.126226
513,A0100,adaptive_eagle,OBFM,7276.966248,1.036657,31.921337,31.122449,0.842640,13392.832930,268.753237,16590.398552,39.389221,-5205.837294,-76.309317,0.661616,False,False,True,False,False,True,False,1-circle,1.000000,30.515354,100.000000,99.773517,0.226483,0.000000,79.300213,-11.167479,8.731389,1,0,4,0.0000,0.0000,0.0000,0.5000,"HeadOnBreak",-1.444871
513,B0100,defensive,OBFM,7276.966248,1.036657,31.921337,31.122449,0.842640,13392.832930,268.753237,16590.398552,39.389221,-5205.837294,-76.309317,0.661616,False,False,True,False,False,True,False,1-circle,1.000000,30.515354,100.000000,99.773517,0.226483,0.000000,79.300213,-11.167479,8.731389,2,4,2,0.0000,0.0000,0.0000,0.5000,"Pursue",1.163106
514,A0100,adaptive_eagle,OBFM,7302.310242,0.661911,32.774100,32.428227,0.389509,13391.298765,269.443707,16605.315616,74.585319,-5219.559709,-72.565054,0.541552,False,False,True,False,False,True,False,1-circle,1.000000,36.867862,100.000000,99.773517,0.226483,0.000000,81.372639,-9.201545,5.522174,1,0,4,0.0000,0.0000,0.0000,0.5000,"HeadOnBreak",2.701470
514,B0100,defensive,OBFM,7302.310242,0.661911,32.774100,32.428227,0.389509,13391.298765,269.443707,16605.315616,74.585319,-5219.559709,-72.565054,0.541552,False,False,True,False,False,True,False,1-circle,1.000000,36.867862,100.000000,99.773517,0.226483,0.000000,81.372639,-9.201545,5.522174,2,4,2,0.0000,0.0000,0.0000,0.5000,"Pursue",-2.215301
515,A0100,adaptive_eagle,OBFM,7325.131120,0.861698,34.867425,35.149320,-0.201351,13389.413252,270.401229,16626.313973,104.991786,-5146.078507,-61.161986,0.369391,False,False,True,False,False,True,False,1-circle,-1.000000,45.080785,100.000000,99.773517,0.226483,0.000000,84.387943,-6.326815,2.202790,1,0,4,0.0000,0.0000,0.0000,0.5000,"HeadOnBreak",4.604384
515,B0100,defensive,OBFM,7325.131120,0.861698,34.867425,35.149320,-0.201351,13389.413252,270.401229,16626.313973,104.991786,-5146.078507,-61.161986,0.369391,False,False,True,False,False,True,False,1-circle,-1.000000,45.080785,100.000000,99.773517,0.226483,0.000000,84.387943,-6.326815,2.202790,2,4,2,0.0000,0.0000,0.0000,0.5000,"Pursue",-4.777693
516,A0100,adaptive_eagle,OBFM,7343.425138,1.721628,37.305985,38.340148,-0.901003,13386.479526,271.420337,16647.825179,107.556032,-5049.076581,-47.205169,0.152500,False,False,True,False,False,True,False,1-circle,-1.000000,55.081529,100.000000,99.773517,0.226483,0.000000,88.261203,-2.630322,-1.131175,1,0,4,0.0000,0.0000,0.0000,0.5000,"SmartHighYoYo",4.128780
516,B0100,defensive,OBFM,7343.425138,1.721628,37.305985,38.340148,-0.901003,13386.479526,271.420337,16647.825179,107.556032,-5049.076581,-47.205169,0.152500,False,False,True,False,False,True,False,1-circle,-1.000000,55.081529,100.000000,99.773517,0.226483,0.000000,88.261203,-2.630322,-1.131175,2,4,2,0.0000,0.0000,0.0000,0.5000,"Pursue",-5.295333
517,A0100,adaptive_eagle,OBFM,7357.576792,2.927838,39.052447,40.895428,-1.671310,13381.858540,272.442445,16667.813416,99.941183,-5000.543969,-37.317824,0.101702,False,False,True,False,False,True,False,1-circle,-1.000000,64.933093,100.000000,99.773517,0.226483,0.000000,92.837070,1.761168,-4.459915,1,0,4,0.0000,0.0000,0.0000,0.5000,"SmartHighYoYo",2.555882
517,B0100,defensive,OBFM,7357.576792,2.927838,39.052447,40.895428,-1.671310,13381.858540,272.442445,16667.813416,99.941183,-5000.543969,-37.317824,0.101702,False,False,True,False,False,True,False,1-circle,-1.000000,64.933093,100.000000,99.773517,0.226483,0.000000,92.837070,1.761168,-4.459915,2,4,2,0.0000,0.0000,0.0000,0.5000,"Pursue",-3.638128
518,A0100,adaptive_eagle,OBFM,7369.305985,3.972580,40.169919,42.813471,-2.477602,13375.301926,272.755501,16668.812739,4.996616,-5035.675308,-32.452059,0.176067,False,False,True,False,False,True,False,1-circle,-1.000000,74.064549,100.000000,99.773517,0.226483,0.000000,94.309475,3.050145,-7.033770,1,0,4,0.0000,0.0000,0.0000,0.5000,"SmartHighYoYo",1.729348
518,B0100,defensive,OBFM,7369.305985,3.972580,40.169919,42.813471,-2.477602,13375.301926,272.755501,16668.812739,4.996616,-5035.675308,-32.452059,0.176067,False,False,True,False,False,True,False,1-circle,-1.000000,74.064549,100.000000,99.773517,0.226483,0.000000,94.309475,3.050145,-7.033770,2,4,2,0.0000,0.0000,0.0000,0.5000,"Pursue",-2.539429
519,A0100,adaptive_eagle,OBFM,7379.462938,4.854099,41.429126,44.837254,-3.278572,13367.692164,272.872521,16664.029620,-23.915593,-5073.416971,-26.802466,0.034576,False,False,True,False,False,True,False,1-circle,-1.000000,81.927877,100.000000,99.773517,0.226483,0.000000,92.032568,0.599721,-5.998237,1,0,4,0.0000,0.0000,0.0000,0.5000,"SmartHighYoYo",1.679615
519,B0100,defensive,OBFM,7379.462938,4.854099,41.429126,44.837254,-3.278572,13367.692164,272.872521,16664.029620,-23.915593,-5073.416971,-26.802466,0.034576,False,False,True,False,False,True,False,1-circle,-1.000000,81.927877,100.000000,99.773517,0.226483,0.000000,92.032568,0.599721,-5.998237,2,4,2,0.0000,0.0000,0.0000,0.5000,"Pursue",-2.488058
520,A0100,adaptive_eagle,OBFM,7387.187605,5.868344,42.884908,47.130134,-4.143260,13358.796684,274.200301,16687.291721,116.310501,-5056.557962,-18.339399,0.156639,False,False,True,False,False,True,False,1-circle,-1.000000,89.119349,100.000000,99.773517,0.226483,0.000000,94.335056,2.727448,-1.486735,1,0,4,0.0000,0.0000,0.0000,0.5000,"SmartHighYoYo",0.447340
520,B0100,defensive,OBFM,7387.187605,5.868344,42.884908,47.130134,-4.143260,13358.796684,274.200301,16687.291721,116.310501,-5056.557962,-18.339399,0.156639,False,False,True,False,False,True,False,1-circle,-1.000000,89.119349,100.000000,99.773517,0.226483,0.000000,94.335056,2.727448,-1.486735,2,4,2,0.0000,0.0000,0.0000,0.5000,"Pursue",-0.626951
521,A0100,adaptive_eagle,OBFM,7391.912868,6.265341,44.390371,49.574300,-5.147483,13349.557878,274.966576,16696.682404,46.953419,-5054.873262,-9.603030,0.233273,False,False,True,False,False,True,False,1-circle,-1.000000,95.347149,100.000000,99.773517,0.226483,0.000000,95.848243,4.068572,4.030406,1,0,4,0.0000,0.0000,0.0000,0.5000,"SmartHighYoYo",-0.326510
521,B0100,defensive,OBFM,7391.912868,6.265341,44.390371,49.574300,-5.147483,13349.557878,274.966576,16696.682404,46.953419,-5054.873262,-9.603030,0.233273,False,False,True,False,False,True,False,1-circle,-1.000000,95.347149,100.000000,99.773517,0.226483,0.000000,95.848243,4.068572,4.030406,2,3,2,0.0000,0.0000,0.0000,0.5000,"Pursue",0.555956
522,A0100,adaptive_eagle,OBFM,7393.478684,6.390772,46.340610,52.498866,-6.169486,13342.750323,274.235133,16672.091043,-122.956807,-5061.218576,1.245085,0.138302,False,False,True,False,False,True,False,1-circle,-1.000000,98.647246,100.000000,99.773517,0.226483,0.000000,89.503826,-2.408294,8.037909,4,0,3,0.0000,0.0000,0.0000,0.5000,"SmartHighYoYo",-0.072874
522,B0100,defensive,OBFM,7393.478684,6.390772,46.340610,52.498866,-6.169486,13342.750323,274.235133,16672.091043,-122.956807,-5061.218576,1.245085,0.138302,False,False,True,False,False,True,False,1-circle,-1.000000,98.647246,100.000000,99.773517,0.226483,0.000000,89.503826,-2.408294,8.037909,2,3,2,0.0000,0.0000,0.0000,0.5000,"Pursue",0.176151
523,A0100,adaptive_eagle,OBFM,7391.154595,6.921483,48.319239,55.194203,-6.850898,13340.560427,272.379823,16625.004896,-235.430736,-5113.654462,11.011015,0.726697,False,False,True,False,False,True,False,1-circle,-1.000000,97.059848,100.000000,99.773517,0.226483,0.000000,79.580715,-12.381222,10.812320,1,0,4,0.0000,0.0000,0.0000,0.5000,"SmartHighYoYo",0.675454
523,B0100,defensive,OBFM,7391.154595,6.921483,48.319239,55.194203,-6.850898,13340.560427,272.379823,16625.004896,-235.430736,-5113.654462,11.011015,0.726697,False,False,True,False,False,True,False,1-circle,-1.000000,97.059848,100.000000,99.773517,0.226483,0.000000,79.580715,-12.381222,10.812320,2,3,2,0.0000,0.0000,0.0000,0.5000,"Pursue",-0.949539
524,A0100,adaptive_eagle,OBFM,7385.799665,7.833909,50.347775,57.509979,-7.018992,13343.524427,270.376278,16579.827816,-225.885399,-5167.646387,21.112156,1.436555,False,False,True,False,False,True,False,1-circle,-1.000000,90.026303,100.000000,99.773517,0.226483,0.000000,68.596246,-23.309140,13.092621,1,0,4,0.0000,0.0000,0.0000,0.5000,"SmartHighYoYo",1.000124
524,B0100,defensive,OBFM,7385.799665,7.833909,50.347775,57.509979,-7.018992,13343.524427,270.376278,16579.827816,-225.885399,-5167.646387,21.112156,1.436555,False,False,True,False,False,True,False,1-circle,-1.000000,90.026303,100.000000,99.773517,0.226483,0.000000,68.596246,-23.309140,13.092621,2,3,2,0.0000,0.0000,0.0000,0.5000,"Pursue",-1.403804
525,A0100,adaptive_eagle,OBFM,7375.914420,8.766519,53.126005,60.172264,-6.710523,13351.092628,268.231808,16536.262596,-217.826097,-5165.182045,37.211730,2.267859,False,False,True,False,False,True,False,1-circle,-1.000000,77.909456,100.000000,99.773517,0.226483,0.000000,57.715348,-34.019028,15.204037,1,0,4,0.0000,0.0000,0.0000,0.5000,"SmartHighYoYo",1.008972
525,B0100,defensive,OBFM,7375.914420,8.766519,53.126005,60.172264,-6.710523,13351.092628,268.231808,16536.262596,-217.826097,-5165.182045,37.211730,2.267859,False,False,True,False,False,True,False,1-circle,-1.000000,77.909456,100.000000,99.773517,0.226483,0.000000,57.715348,-34.019028,15.204037,2,3,2,0.0000,0.0000,0.0000,0.5000,"Pursue",-1.412229
526,A0100,adaptive_eagle,OBFM,7360.570661,9.543172,55.554347,62.196144,-5.986918,13362.591588,266.051653,16496.194650,-200.339735,-5198.701914,51.092900,3.269836,False,False,True,False,False,True,False,1-circle,-1.000000,59.626970,100.000000,99.773517,0.226483,0.000000,47.404104,-43.998899,17.072505,1,0,4,0.0000,0.0000,0.0000,0.5000,"SmartHighYoYo",0.901193
526,B0100,defensive,OBFM,7360.570661,9.543172,55.554347,62.196144,-5.986918,13362.591588,266.051653,16496.194650,-200.339735,-5198.701914,51.092900,3.269836,False,False,True,False,False,True,False,1-circle,-1.000000,59.626970,100.000000,99.773517,0.226483,0.000000,47.404104,-43.998899,17.072505,2,3,2,0.0000,0.0000,0.0000,0.5000,"Pursue",-1.261089
527,A0100,adaptive_eagle,OBFM,7341.604647,10.102352,57.223762,63.129220,-4.908449,13377.310226,263.834414,16458.900858,-186.468958,-5307.279290,59.344532,4.559801,False,False,True,False,False,True,False,1-circle,-1.000000,35.203958,100.000000,99.773517,0.226483,0.000000,37.695824,-53.183619,18.462046,1,0,4,0.0000,0.0000,0.0000,0.5000,"SmartHighYoYo",0.743661
527,B0100,defensive,OBFM,7341.604647,10.102352,57.223762,63.129220,-4.908449,13377.310226,263.834414,16458.900858,-186.468958,-5307.279290,59.344532,4.559801,False,False,True,False,False,True,False,1-circle,-1.000000,35.203958,100.000000,99.773517,0.226483,0.000000,37.695824,-53.183619,18.462046,2,4,2,0.0000,0.0000,0.0000,0.5000,"Pursue",-1.018339
528,A0100,adaptive_eagle,OBFM,7320.165818,10.409699,58.765625,63.923549,-3.905965,13394.396549,262.021794,16433.789767,-125.555457,-5421.400820,67.451540,5.197020,False,False,True,False,False,True,False,1-circle,-1.000000,6.213613,100.000000,99.773517,0.226483,0.000000,33.631557,-56.533971,19.481342,1,0,4,0.0000,0.0000,0.0000,0.5000,"SmartHighYoYo",0.703829
528,B0100,defensive,OBFM,7320.165818,10.409699,58.765625,63.923549,-3.905965,13394.396549,262.021794,16433.789767,-125.555457,-5421.400820,67.451540,5.197020,False,False,True,False,False,True,False,1-circle,-1.000000,6.213613,100.000000,99.773517,0.226483,0.000000,33.631557,-56.533971,19.481342,2,4,2,0.0000,0.0000,0.0000,0.5000,"Pursue",-0.939028
529,A0100,adaptive_eagle,OBFM,7295.655030,10.632938,60.455510,65.409590,-3.588257,13412.899801,260.929556,16427.006410,-33.916780,-5499.227071,77.928212,3.955765,False,False,True,False,False,False,False,1-circle,-1.000000,-25.618069,100.000000,99.773517,0.226483,0.000000,40.349172,-48.919131,20.188946,1,0,4,0.0000,0.0000,0.0000,0.5000,"SmartHighYoYo",0.517498
529,B0100,defensive,OBFM,7295.655030,10.632938,60.455510,65.409590,-3.588257,13412.899801,260.929556,16427.006410,-33.916780,-5499.227071,77.928212,3.955765,False,False,True,False,False,False,False,1-circle,-1.000000,-25.618069,100.000000,99.773517,0.226483,0.000000,40.349172,-48.919131,20.188946,2,4,2,0.0000,0.0000,0.0000,0.5000,"Pursue",-0.663177
530,A0100,adaptive_eagle,OBFM,7267.546864,10.676963,62.124694,67.514454,-4.085459,13431.997993,260.457579,16435.210448,41.020185,-5546.799627,89.496413,2.542426,False,False,True,False,False,False,False,1-circle,-1.000000,-58.561172,100.000000,99.773517,0.226483,0.000000,51.835129,-36.359013,18.964219,1,0,4,0.0000,0.0000,0.0000,0.5000,"SmartHighYoYo",0.397071
530,B0100,defensive,OBFM,7267.546864,10.676963,62.124694,67.514454,-4.085459,13431.997993,260.457579,16435.210448,41.020185,-5546.799627,89.496413,2.542426,False,False,True,False,False,False,False,1-circle,-1.000000,-58.561172,100.000000,99.773517,0.226483,0.000000,51.835129,-36.359013,18.964219,2,4,2,0.0000,0.0000,0.0000,0.5000,"Pursue",-0.474531
531,A0100,adaptive_eagle,OBFM,7235.241614,10.636869,64.100052,70.211677,-4.998364,13451.029568,260.623913,16458.079083,114.343175,-5538.140338,104.715921,1.503652,False,False,True,False,False,False,False,1-circle,-1.000000,-90.934477,100.000000,99.773517,0.226483,0.000000,63.399137,-23.546525,16.271207,4,0,3,0.0000,0.0000,0.0000,0.5000,"SmartHighYoYo",0.211487
531,B0100,defensive,OBFM,7235.241614,10.636869,64.100052,70.211677,-4.998364,13451.029568,260.623913,16458.079083,114.343175,-5538.140338,104.715921,1.503652,False,False,True,False,False,False,False,1-circle,-1.000000,-90.934477,100.000000,99.773517,0.226483,0.000000,63.399137,-23.546525,16.271207,2,4,2,0.0000,0.0000,0.0000,0.5000,"Pursue",-0.215875
532,A0100,adaptive_eagle,OBFM,7197.460559,10.491323,66.013217,73.096389,-6.189244,13469.293133,261.228775,16490.316504,161.187106,-5522.322304,120.191628,0.688156,False,False,True,False,False,False,False,1-circle,-1.000000,-121.625673,100.000000,99.773517,0.226483,0.000000,74.193465,-11.306842,13.177206,1,0,4,0.0000,0.0000,0.0000,0.5000,"SmartHighYoYo",0.341968
532,B0100,defensive,OBFM,7197.460559,10.491323,66.013217,73.096389,-6.189244,13469.293133,261.228775,16490.316504,161.187106,-5522.322304,120.191628,0.688156,False,False,True,False,False,False,False,1-circle,-1.000000,-121.625673,100.000000,99.773517,0.226483,0.000000,74.193465,-11.306842,13.177206,2,3,2,0.0000,0.0000,0.0000,0.5000,"Pursue",-0.392334
533,A0100,adaptive_eagle,OBFM,7155.050211,10.617381,67.857592,75.992719,-7.438831,13486.248706,261.564726,16515.047410,123.654530,-5508.350366,134.773939,0.216880,False,False,True,False,False,False,False,1-circle,-1.000000,-150.268074,100.000000,99.773517,0.226483,0.000000,80.182474,-3.611130,9.900633,1,0,4,0.0000,0.0000,0.0000,0.5000,"SmartHighYoYo",0.702364
533,B0100,defensive,OBFM,7155.050211,10.617381,67.857592,75.992719,-7.438831,13486.248706,261.564726,16515.047410,123.654530,-5508.350366,134.773939,0.216880,False,False,True,False,False,False,False,1-circle,-1.000000,-150.268074,100.000000,99.773517,0.226483,0.000000,80.182474,-3.611130,9.900633,2,3,2,0.0000,0.0000,0.0000,0.5000,"Pursue",-0.836520
534,A0100,adaptive_eagle,OBFM,7106.910731,11.220713,70.455071,79.714661,-8.670584,13502.416709,261.112510,16520.751561,28.520757,-5462.543604,154.340323,0.312517,False,False,True,False,False,False,False,1-circle,-1.000000,-177.324624,100.000000,99.773517,0.226483,0.000000,76.495513,-5.188636,6.528546,2,0,3,0.0000,0.0000,0.0000,0.5000,"LeadPursuit",0.817372
534,B0100,defensive,OBFM,7106.910731,11.220713,70.455071,79.714661,-8.670584,13502.416709,261.112510,16520.751561,28.520757,-5462.543604,154.340323,0.312517,False,False,True,False,False,False,False,1-circle,-1.000000,-177.324624,100.000000,99.773517,0.226483,0.000000,76.495513,-5.188636,6.528546,2,3,2,0.0000,0.0000,0.0000,0.5000,"Pursue",-0.974518
535,A0100,adaptive_eagle,OBFM,7052.453186,12.023225,72.801627,83.235152,-9.839826,13518.456411,259.747329,16505.312096,-77.197324,-5477.806210,170.563473,0.818874,False,False,True,False,False,False,False,1-circle,-1.000000,-205.015321,100.000000,99.773517,0.226483,0.000000,65.528571,-13.321083,3.345477,2,0,3,0.0000,0.0000,0.0000,0.5000,"LeadPursuit",0.581581
535,B0100,defensive,OBFM,7052.453186,12.023225,72.801627,83.235152,-9.839826,13518.456411,259.747329,16505.312096,-77.197324,-5477.806210,170.563473,0.818874,False,False,True,False,False,False,False,1-circle,-1.000000,-205.015321,100.000000,99.773517,0.226483,0.000000,65.528571,-13.321083,3.345477,2,3,2,0.0000,0.0000,0.0000,0.5000,"Pursue",-0.682591
536,A0100,adaptive_eagle,OBFM,6993.990888,12.664586,74.294100,85.843437,-10.995899,13534.168791,258.089964,16483.029717,-111.411900,-5573.045398,179.556619,1.718389,False,False,True,False,False,False,False,1-circle,-1.000000,-234.055566,100.000000,99.773517,0.226483,0.000000,48.558656,-26.284340,0.664820,2,0,3,0.0000,0.0000,0.0000,0.5000,"LeadPursuit",0.485181
536,B0100,defensive,OBFM,6993.990888,12.664586,74.294100,85.843437,-10.995899,13534.168791,258.089964,16483.029717,-111.411900,-5573.045398,179.556619,1.718389,False,False,True,False,False,False,False,1-circle,-1.000000,-234.055566,100.000000,99.773517,0.226483,0.000000,48.558656,-26.284340,0.664820,2,3,2,0.0000,0.0000,0.0000,0.5000,"Pursue",-0.555833
537,A0100,adaptive_eagle,OBFM,6933.188672,13.328431,75.559368,88.233258,-12.221670,13548.795064,256.021779,16450.584402,-162.226574,-5695.388873,186.230144,3.194517,False,False,True,False,False,False,False,1-circle,-1.000000,-263.117178,100.000000,99.773517,0.226483,0.000000,26.663011,-42.338383,-1.352667,2,0,3,0.0000,0.0000,0.0000,0.5000,"LeadPursuit",0.481803
537,B0100,defensive,OBFM,6933.188672,13.328431,75.559368,88.233258,-12.221670,13548.795064,256.021779,16450.584402,-162.226574,-5695.388873,186.230144,3.194517,False,False,True,False,False,False,False,1-circle,-1.000000,-263.117178,100.000000,99.773517,0.226483,0.000000,26.663011,-42.338383,-1.352667,2,3,2,0.0000,0.0000,0.0000,0.5000,"Pursue",-0.537373
538,A0100,adaptive_eagle,OBFM,6870.150536,14.096437,76.856203,90.620587,-13.438932,13561.940218,253.810416,16413.818203,-183.830993,-5807.669666,192.974764,6.157836,False,False,True,False,False,False,False,2-circle,-1.000000,-290.966633,100.000000,99.773517,0.226483,0.000000,-0.100196,-60.140034,-2.266908,2,0,3,0.0000,0.0000,0.0000,0.5000,"LeadPursuit",0.290597
538,B0100,defensive,OBFM,6870.150536,14.096437,76.856203,90.620587,-13.438932,13561.940218,253.810416,16413.818203,-183.830993,-5807.669666,192.974764,6.157836,False,False,True,False,False,False,False,2-circle,-1.000000,-290.966633,100.000000,99.773517,0.226483,0.000000,-0.100196,-60.140034,-2.266908,2,3,2,0.0000,0.0000,0.0000,0.5000,"Pursue",-0.281141
539,A0100,adaptive_eagle,OBFM,6804.500995,14.527589,78.476441,92.829987,-14.141010,13573.689256,251.857277,16381.844187,-159.870079,-5871.641522,203.273267,18.071678,False,False,True,False,False,False,False,2-circle,-1.000000,-316.687164,100.000000,99.773517,0.226483,0.000000,-33.318774,-78.851574,-1.093919,2,0,3,0.0000,0.0000,0.0000,0.5000,"LeadPursuit",-0.151861
539,B0100,defensive,OBFM,6804.500995,14.527589,78.476441,92.829987,-14.141010,13573.689256,251.857277,16381.844187,-159.870079,-5871.641522,203.273267,18.071678,False,False,True,False,False,False,False,2-circle,-1.000000,-316.687164,100.000000,99.773517,0.226483,0.000000,-33.318774,-78.851574,-1.093919,2,3,2,0.0000,0.0000,0.0000,0.5000,"Pursue",0.289951
540,A0100,adaptive_eagle,OBFM,6733.930219,14.239559,80.861105,95.040058,-14.063562,13584.121349,250.573003,16363.710531,-90.668279,-5854.832817,221.709664,205.023048,False,False,True,False,False,False,False,2-circle,-1.000000,-339.865114,100.000000,99.773517,0.226483,0.000000,-75.723070,-98.201458,0.487256,3,0,3,0.0000,0.0000,0.0000,0.5000,"LeadPursuit",-0.383139
540,B0100,defensive,OBFM,6733.930219,14.239559,80.861105,95.040058,-14.063562,13584.121349,250.573003,16363.710531,-90.668279,-5854.832817,221.709664,205.023048,False,False,True,False,False,False,False,2-circle,-1.000000,-339.865114,100.000000,99.773517,0.226483,0.000000,-75.723070,-98.201458,0.487256,2,3,2,0.0000,0.0000,0.0000,0.5000,"Pursue",0.570488
541,A0100,adaptive_eagle,OBFM,6656.817506,13.843703,83.047445,96.889157,-13.837789,13592.590898,249.815526,16355.400209,-41.551610,-5844.688469,239.171728,205.605395,False,False,True,False,False,False,False,2-circle,-1.000000,-361.277682,100.000000,99.773517,0.226483,0.000000,-118.957659,-112.702579,1.205580,3,0,3,0.0000,0.0000,0.0000,0.5000,"LeadPursuit",-0.119357
541,B0100,defensive,OBFM,6656.817506,13.843703,83.047445,96.889157,-13.837789,13592.590898,249.815526,16355.400209,-41.551610,-5844.688469,239.171728,205.605395,False,False,True,False,False,False,False,2-circle,-1.000000,-361.277682,100.000000,99.773517,0.226483,0.000000,-118.957659,-112.702579,1.205580,2,3,2,0.0000,0.0000,0.0000,0.5000,"Pursue",0.210452
542,A0100,adaptive_eagle,OBFM,6575.067179,14.028206,84.370755,98.287478,-14.040516,13598.741430,249.802371,16361.259782,29.297862,-5878.682808,249.595418,205.596985,False,False,True,False,False,False,False,2-circle,-1.000000,-381.558333,100.000000,99.773517,0.226483,0.000000,-145.241597,-115.504133,0.966490,3,0,3,0.0000,0.0000,0.0000,0.5000,"LeadPursuit",0.042707
542,B0100,defensive,OBFM,6575.067179,14.028206,84.370755,98.287478,-14.040516,13598.741430,249.802371,16361.259782,29.297862,-5878.682808,249.595418,205.596985,False,False,True,False,False,False,False,2-circle,-1.000000,-381.558333,100.000000,99.773517,0.226483,0.000000,-145.241597,-115.504133,0.966490,2,3,2,0.0000,0.0000,0.0000,0.5000,"Pursue",-0.001312
543,A0100,adaptive_eagle,OBFM,6490.310336,14.482873,85.442648,99.590216,-14.391147,13602.903047,250.048609,16370.870284,48.052509,-5916.994906,257.926249,205.385941,False,False,True,False,False,False,False,2-circle,-1.000000,-400.532527,100.000000,99.773517,0.226483,0.000000,-153.992213,-109.396712,-0.180538,3,0,3,0.0000,0.0000,0.0000,0.5000,"LeadPursuit",-0.464969
543,B0100,defensive,OBFM,6490.310336,14.482873,85.442648,99.590216,-14.391147,13602.903047,250.048609,16370.870284,48.052509,-5916.994906,257.926249,205.385941,False,False,True,False,False,False,False,2-circle,-1.000000,-400.532527,100.000000,99.773517,0.226483,0.000000,-153.992213,-109.396712,-0.180538,1,3,3,0.0000,0.0000,0.0000,0.5000,"LeadPursuit",0.643917
544,A0100,adaptive_eagle,OBFM,6402.612772,14.315651,86.520670,100.134716,-13.967711,13604.999637,249.454619,16359.831875,-55.192042,-5968.018135,266.198989,205.858191,False,False,True,False,False,False,False,2-circle,-1.000000,-417.272782,100.000000,99.773517,0.226483,0.000000,-157.536445,-103.770567,-1.430603,3,0,3,0.0000,0.0000,0.0000,0.5000,"LeadPursuit",-1.117915
544,B0100,defensive,OBFM,6402.612772,14.315651,86.520670,100.134716,-13.967711,13604.999637,249.454619,16359.831875,-55.192042,-5968.018135,266.198989,205.858191,False,False,True,False,False,False,False,2-circle,-1.000000,-417.272782,100.000000,99.773517,0.226483,0.000000,-157.536445,-103.770567,-1.430603,1,3,3,0.0000,0.0000,0.0000,0.5000,"LeadPursuit",1.517096
545,A0100,adaptive_eagle,OBFM,6312.086187,13.559823,87.487833,99.755433,-12.701870,13604.744846,248.015400,16327.880987,-159.754439,-6037.822709,273.349899,207.028500,False,False,True,False,False,False,False,2-circle,-1.000000,-430.569971,100.000000,99.773517,0.226483,0.000000,-164.541604,-104.751253,-2.503328,3,0,3,0.0000,0.0000,0.0000,0.5000,"LeadPursuit",-1.423910
545,B0100,defensive,OBFM,6312.086187,13.559823,87.487833,99.755433,-12.701870,13604.744846,248.015400,16327.880987,-159.754439,-6037.822709,273.349899,207.028500,False,False,True,False,False,False,False,2-circle,-1.000000,-430.569971,100.000000,99.773517,0.226483,0.000000,-164.541604,-104.751253,-2.503328,1,4,3,0.0000,0.0000,0.0000,0.5000,"LeadPursuit",2.028093
546,A0100,adaptive_eagle,OBFM,6218.765122,12.969124,88.697536,99.449913,-11.204102,13601.782659,246.404360,16289.656222,-191.123828,-6072.686975,282.044417,208.363278,False,False,True,False,False,False,False,2-circle,-1.000000,-439.038269,100.000000,99.773517,0.226483,0.000000,-174.196471,-110.108181,-3.577567,3,0,3,0.0000,0.0000,0.0000,0.5000,"LeadPursuit",-0.858691
546,B0100,defensive,OBFM,6218.765122,12.969124,88.697536,99.449913,-11.204102,13601.782659,246.404360,16289.656222,-191.123828,-6072.686975,282.044417,208.363278,False,False,True,False,False,False,False,2-circle,-1.000000,-439.038269,100.000000,99.773517,0.226483,0.000000,-174.196471,-110.108181,-3.577567,1,4,3,0.0000,0.0000,0.0000,0.5000,"LeadPursuit",1.282437
547,A0100,adaptive_eagle,OBFM,6121.054644,13.227488,90.724125,100.603481,-10.302886,13595.844702,245.492824,16263.868269,-128.939765,-6019.155143,297.118234,209.139761,False,False,True,False,False,False,False,2-circle,-1.000000,-441.584999,100.000000,99.773517,0.226483,0.000000,179.766778,-112.823082,-4.837309,3,0,3,0.0000,0.0000,0.0000,0.5000,"LeadPursuit",0.011016
547,B0100,defensive,OBFM,6121.054644,13.227488,90.724125,100.603481,-10.302886,13595.844702,245.492824,16263.868269,-128.939765,-6019.155143,297.118234,209.139761,False,False,True,False,False,False,False,2-circle,-1.000000,-441.584999,100.000000,99.773517,0.226483,0.000000,179.766778,-112.823082,-4.837309,1,4,3,0.0000,0.0000,0.0000,0.5000,"LeadPursuit",-0.309806
548,A0100,adaptive_eagle,OBFM,6017.482477,14.006406,92.725387,102.397409,-10.141740,13587.272256,245.501906,16255.493245,-41.875120,-5954.866196,312.266957,209.159193,False,False,True,False,False,False,False,2-circle,-1.000000,-439.749332,100.000000,99.773517,0.226483,0.000000,-176.525685,-106.456786,-6.171177,3,0,3,0.0000,0.0000,0.0000,0.5000,"LeadPursuit",0.714456
548,B0100,defensive,OBFM,6017.482477,14.006406,92.725387,102.397409,-10.141740,13587.272256,245.501906,16255.493245,-41.875120,-5954.866196,312.266957,209.159193,False,False,True,False,False,False,False,2-circle,-1.000000,-439.749332,100.000000,99.773517,0.226483,0.000000,-176.525685,-106.456786,-6.171177,1,4,3,0.0000,0.0000,0.0000,0.5000,"LeadPursuit",-1.181204
549,A0100,adaptive_eagle,OBFM,5909.787821,15.074406,93.842135,104.018163,-10.694845,13576.728937,246.221769,16260.620427,25.635912,-5934.694842,320.662837,208.593304,False,False,True,False,False,False,False,2-circle,-1.000000,-435.565499,100.000000,99.773517,0.226483,0.000000,-166.656995,-94.425445,-7.102447,3,0,3,0.0000,0.0000,0.0000,0.5000,"LeadPursuit",1.235876
549,B0100,defensive,OBFM,5909.787821,15.074406,93.842135,104.018163,-10.694845,13576.728937,246.221769,16260.620427,25.635912,-5934.694842,320.662837,208.593304,False,False,True,False,False,False,False,2-circle,-1.000000,-435.565499,100.000000,99.773517,0.226483,0.000000,-166.656995,-94.425445,-7.102447,1,4,3,0.0000,0.0000,0.0000,0.5000,"LeadPursuit",-1.843109
550,A0100,adaptive_eagle,OBFM,5799.704357,16.492904,94.653096,106.058527,-11.922173,13564.694270,247.364258,16273.550488,64.650306,-5910.006640,326.462736,22.239429,False,False,True,False,False,False,False,2-circle,-1.000000,-429.288669,100.000000,99.773517,0.226483,0.000000,-154.795343,-80.741783,-7.350772,3,0,3,0.0000,0.0000,0.0000,0.5000,"LeadPursuit",1.419379
550,B0100,defensive,OBFM,5799.704357,16.492904,94.653096,106.058527,-11.922173,13564.694270,247.364258,16273.550488,64.650306,-5910.006640,326.462736,22.239429,False,False,True,False,False,False,False,2-circle,-1.000000,-429.288669,100.000000,99.773517,0.226483,0.000000,-154.795343,-80.741783,-7.350772,1,3,3,0.0000,0.0000,0.0000,0.5000,"LeadPursuit",-2.074332
551,A0100,adaptive_eagle,OBFM,5687.173831,18.160536,95.780727,108.871690,-13.520893,13551.269964,249.081203,16297.860801,121.551562,-5821.038051,334.751938,8.661448,False,False,True,False,False,False,False,2-circle,-1.000000,-420.086380,100.000000,99.773517,0.226483,0.000000,-143.076598,-67.422345,-7.524187,3,0,3,0.0000,0.0000,0.0000,0.5000,"LeadPursuit",1.094006
551,B0100,defensive,OBFM,5687.173831,18.160536,95.780727,108.871690,-13.520893,13551.269964,249.081203,16297.860801,121.551562,-5821.038051,334.751938,8.661448,False,False,True,False,False,False,False,2-circle,-1.000000,-420.086380,100.000000,99.773517,0.226483,0.000000,-143.076598,-67.422345,-7.524187,1,3,3,0.0000,0.0000,0.0000,0.5000,"LeadPursuit",-1.687836
552,A0100,adaptive_eagle,OBFM,5570.645618,19.442501,97.674208,112.162081,-14.828092,13536.574441,250.296082,16310.023296,60.812477,-5686.723688,348.771888,5.842581,False,False,True,False,False,False,False,2-circle,-1.000000,-407.421141,100.000000,99.773517,0.226483,0.000000,-135.562082,-58.465873,-7.058362,3,0,3,0.0000,0.0000,0.0000,0.5000,"LeadPursuit",0.344413
552,B0100,defensive,OBFM,5570.645618,19.442501,97.674208,112.162081,-14.828092,13536.574441,250.296082,16310.023296,60.812477,-5686.723688,348.771888,5.842581,False,False,True,False,False,False,False,2-circle,-1.000000,-407.421141,100.000000,99.773517,0.226483,0.000000,-135.562082,-58.465873,-7.058362,1,3,3,0.0000,0.0000,0.0000,0.5000,"LeadPursuit",-0.682355
553,A0100,adaptive_eagle,OBFM,5448.977002,19.660479,99.419748,114.273943,-15.218131,13521.444877,250.684627,16303.511097,-32.560997,-5601.167661,362.382788,6.027489,False,False,True,False,False,False,False,2-circle,-1.000000,-393.416434,100.000000,99.773517,0.226483,0.000000,-137.632438,-59.288482,-5.363397,3,0,3,0.0000,0.0000,0.0000,0.5000,"LeadPursuit",-0.391809
553,B0100,defensive,OBFM,5448.977002,19.660479,99.419748,114.273943,-15.218131,13521.444877,250.684627,16303.511097,-32.560997,-5601.167661,362.382788,6.027489,False,False,True,False,False,False,False,2-circle,-1.000000,-393.416434,100.000000,99.773517,0.226483,0.000000,-137.632438,-59.288482,-5.363397,1,3,3,0.0000,0.0000,0.0000,0.5000,"LeadPursuit",0.363362
554,A0100,adaptive_eagle,HABFM,5323.859119,18.893151,100.300047,114.607248,-14.652033,13506.873363,250.057532,16275.038149,-142.364737,-5614.897040,369.931567,8.306870,False,False,True,False,False,False,False,2-circle,-1.000000,-380.203437,100.000000,99.773517,0.226483,0.000000,-146.008081,-66.626886,-3.718873,3,0,3,0.0000,0.0000,0.0000,0.5000,"LeadPursuit",-0.764156
554,B0100,defensive,HABFM,5323.859119,18.893151,100.300047,114.607248,-14.652033,13506.873363,250.057532,16275.038149,-142.364737,-5614.897040,369.931567,8.306870,False,False,True,False,False,False,False,2-circle,-1.000000,-380.203437,100.000000,99.773517,0.226483,0.000000,-146.008081,-66.626886,-3.718873,1,3,3,0.0000,0.0000,0.0000,0.5000,"LeadPursuit",0.886991
555,A0100,adaptive_eagle,HABFM,5196.756127,17.826953,100.924158,114.209561,-13.560638,13493.173444,248.936713,16236.578659,-192.297450,-5655.858770,375.373793,15.260579,False,False,True,False,False,False,False,2-circle,-1.000000,-367.740704,100.000000,99.773517,0.226483,0.000000,-156.952848,-76.702853,-2.817962,3,0,3,0.0000,0.0000,0.0000,0.5000,"LeadPursuit",-0.740832
555,B0100,defensive,HABFM,5196.756127,17.826953,100.924158,114.209561,-13.560638,13493.173444,248.936713,16236.578659,-192.297450,-5655.858770,375.373793,15.260579,False,False,True,False,False,False,False,2-circle,-1.000000,-367.740704,100.000000,99.773517,0.226483,0.000000,-156.952848,-76.702853,-2.817962,1,3,3,0.0000,0.0000,0.0000,0.5000,"LeadPursuit",0.887499
556,A0100,adaptive_eagle,HABFM,5067.886990,17.071949,101.512004,113.790700,-12.447935,13479.692996,247.882936,16199.921090,-183.287845,-5682.047634,379.956557,64.344609,False,False,True,False,False,False,False,2-circle,-1.000000,-354.566943,100.000000,99.773517,0.226483,0.000000,-167.795556,-86.777833,-2.762403,3,0,3,0.0000,0.0000,0.0000,0.5000,"LeadPursuit",-0.573895
556,B0100,defensive,HABFM,5067.886990,17.071949,101.512004,113.790700,-12.447935,13479.692996,247.882936,16199.921090,-183.287845,-5682.047634,379.956557,64.344609,False,False,True,False,False,False,False,2-circle,-1.000000,-354.566943,100.000000,99.773517,0.226483,0.000000,-167.795556,-86.777833,-2.762403,1,3,3,0.0000,0.0000,0.0000,0.5000,"LeadPursuit",0.643560
557,A0100,adaptive_eagle,HABFM,4937.256239,16.712181,102.372818,113.770860,-11.394690,13465.586319,246.949160,16165.358800,-172.811453,-5664.569531,385.961361,208.339678,False,False,True,False,False,False,False,2-circle,-1.000000,-338.858419,100.000000,99.773517,0.226483,0.000000,-177.372617,-95.624394,-3.527535,3,0,3,0.0000,0.0000,0.0000,0.5000,"LeadPursuit",-0.231797
557,B0100,defensive,HABFM,4937.256239,16.712181,102.372818,113.770860,-11.394690,13465.586319,246.949160,16165.358800,-172.811453,-5664.569531,385.961361,208.339678,False,False,True,False,False,False,False,2-circle,-1.000000,-338.858419,100.000000,99.773517,0.226483,0.000000,-177.372617,-95.624394,-3.527535,1,3,3,0.0000,0.0000,0.0000,0.5000,"LeadPursuit",0.082243
558,A0100,adaptive_eagle,HABFM,4803.474730,16.763619,104.044291,114.636487,-10.433855,13450.093066,246.148320,16132.383551,-164.876245,-5581.408129,397.390523,209.052445,False,False,True,True,False,False,False,2-circle,-1.000000,-319.146299,100.000000,99.773517,0.226483,0.000000,174.396263,-103.120054,-5.039977,2,0,3,0.0000,0.0000,0.0000,0.5000,"LeadPursuit",0.400594
558,B0100,defensive,HABFM,4803.474730,16.763619,104.044291,114.636487,-10.433855,13450.093066,246.148320,16132.383551,-164.876245,-5581.408129,397.390523,209.052445,False,False,True,True,False,False,False,2-circle,-1.000000,-319.146299,100.000000,99.773517,0.226483,0.000000,174.396263,-103.120054,-5.039977,2,4,3,0.0000,0.0000,0.0000,0.5000,"LeadPursuit",-0.812197
559,A0100,adaptive_eagle,HABFM,4665.103471,17.321353,106.061723,116.088296,-9.954730,13432.616727,245.872330,16108.895647,-117.439518,-5473.050621,411.011655,209.337413,False,False,True,True,False,False,False,2-circle,-1.000000,-296.137229,100.000000,99.773517,0.226483,0.000000,171.679063,-105.106940,-6.935708,2,0,3,0.0000,0.0000,0.0000,0.5000,"LeadPursuit",0.777340
559,B0100,defensive,HABFM,4665.103471,17.321353,106.061723,116.088296,-9.954730,13432.616727,245.872330,16108.895647,-117.439518,-5473.050621,411.011655,209.337413,False,False,True,True,False,False,False,2-circle,-1.000000,-296.137229,100.000000,99.773517,0.226483,0.000000,171.679063,-105.106940,-6.935708,2,4,3,0.0000,0.0000,0.0000,0.5000,"LeadPursuit",-1.199726
560,A0100,adaptive_eagle,HABFM,4522.915265,18.091382,107.312157,117.195315,-10.157495,13413.193497,246.373120,16100.385531,-42.550579,-5400.343182,419.503741,208.981560,False,False,True,True,False,False,False,2-circle,-1.000000,-272.628710,100.000000,99.773517,0.226483,0.000000,179.134320,-96.974218,-8.598919,2,0,3,0.0000,0.0000,0.0000,0.5000,"LeadPursuit",0.935558
560,B0100,defensive,HABFM,4522.915265,18.091382,107.312157,117.195315,-10.157495,13413.193497,246.373120,16100.385531,-42.550579,-5400.343182,419.503741,208.981560,False,False,True,True,False,False,False,2-circle,-1.000000,-272.628710,100.000000,99.773517,0.226483,0.000000,179.134320,-96.974218,-8.598919,2,4,3,0.0000,0.0000,0.0000,0.5000,"LeadPursuit",-1.282251
561,A0100,adaptive_eagle,HABFM,4378.959490,18.988070,107.791386,118.153137,-10.979262,13392.257541,247.430383,16102.562198,10.883333,-5368.722337,422.896475,28.944940,False,False,True,True,False,False,False,2-circle,-1.000000,-249.984069,100.000000,99.773517,0.226483,0.000000,-167.348281,-82.844695,-9.460330,2,0,3,0.0000,0.0000,0.0000,0.5000,"LeadPursuit",0.628686
561,B0100,defensive,HABFM,4378.959490,18.988070,107.791386,118.153137,-10.979262,13392.257541,247.430383,16102.562198,10.883333,-5368.722337,422.896475,28.944940,False,False,True,True,False,False,False,2-circle,-1.000000,-249.984069,100.000000,99.773517,0.226483,0.000000,-167.348281,-82.844695,-9.460330,2,3,3,0.0000,0.0000,0.0000,0.5000,"LeadPursuit",-0.851703
562,A0100,adaptive_eagle,HABFM,4234.179572,19.525125,108.213535,118.933963,-11.596946,13370.240046,248.136313,16096.032016,-32.650911,-5348.963820,426.015059,9.753089,False,False,True,True,False,False,False,2-circle,-1.000000,-228.102673,100.000000,99.773517,0.226483,0.000000,-154.675918,-69.612440,-9.376156,2,0,3,0.0000,0.0000,0.0000,0.5000,"LeadPursuit",0.360848
562,B0100,defensive,HABFM,4234.179572,19.525125,108.213535,118.933963,-11.596946,13370.240046,248.136313,16096.032016,-32.650911,-5348.963820,426.015059,9.753089,False,False,True,True,False,False,False,2-circle,-1.000000,-228.102673,100.000000,99.773517,0.226483,0.000000,-154.675918,-69.612440,-9.376156,2,3,3,0.0000,0.0000,0.0000,0.5000,"LeadPursuit",-0.510277
563,A0100,adaptive_eagle,HABFM,4088.368559,19.687720,108.670124,119.657578,-11.994422,13347.809892,248.458293,16080.680389,-76.758133,-5329.083301,429.497731,6.777634,False,False,True,True,False,False,False,2-circle,-1.000000,-206.972680,100.000000,99.773517,0.226483,0.000000,-147.459942,-61.884016,-8.596622,2,0,3,0.0000,0.0000,0.0000,0.5000,"LeadPursuit",0.188920
563,B0100,defensive,HABFM,4088.368559,19.687720,108.670124,119.657578,-11.994422,13347.809892,248.458293,16080.680389,-76.758133,-5329.083301,429.497731,6.777634,False,False,True,True,False,False,False,2-circle,-1.000000,-206.972680,100.000000,99.773517,0.226483,0.000000,-147.459942,-61.884016,-8.596622,2,3,3,0.0000,0.0000,0.0000,0.5000,"LeadPursuit",-0.280353
564,A0100,adaptive_eagle,HABFM,3941.610683,19.572198,109.003188,120.334312,-12.322357,13325.399440,248.508341,16059.371029,-106.546799,-5315.127577,432.209603,6.407502,False,False,True,True,False,False,False,2-circle,-1.000000,-186.198098,100.000000,99.773517,0.226483,0.000000,-146.577989,-60.522599,-7.476350,2,0,3,0.0000,0.0000,0.0000,0.5000,"LeadPursuit",0.265593
564,B0100,defensive,HABFM,3941.610683,19.572198,109.003188,120.334312,-12.322357,13325.399440,248.508341,16059.371029,-106.546799,-5315.127577,432.209603,6.407502,False,False,True,True,False,False,False,2-circle,-1.000000,-186.198098,100.000000,99.773517,0.226483,0.000000,-146.577989,-60.522599,-7.476350,2,3,3,0.0000,0.0000,0.0000,0.5000,"LeadPursuit",-0.411487
565,A0100,adaptive_eagle,HABFM,3793.927099,19.523682,109.591562,121.444526,-12.738284,13303.481472,248.535777,16038.056787,-106.571212,-5269.500592,436.418299,7.040890,False,False,True,True,False,False,False,2-circle,-1.000000,-165.348640,100.000000,99.773517,0.226483,0.000000,-149.288866,-62.773424,-6.370527,2,0,3,0.0000,0.0000,0.0000,0.5000,"LeadPursuit",0.712753
565,B0100,defensive,HABFM,3793.927099,19.523682,109.591562,121.444526,-12.738284,13303.481472,248.535777,16038.056787,-106.571212,-5269.500592,436.418299,7.040890,False,False,True,True,False,False,False,2-circle,-1.000000,-165.348640,100.000000,99.773517,0.226483,0.000000,-149.288866,-62.773424,-6.370527,2,3,3,0.0000,0.0000,0.0000,0.5000,"LeadPursuit",-1.039407
566,A0100,adaptive_eagle,HABFM,3644.146675,20.029594,110.892412,123.788550,-13.792567,13281.652612,249.106847,16028.809019,-46.238840,-5151.227086,445.014375,6.167450,False,False,True,False,False,False,False,2-circle,-1.000000,-143.600078,100.000000,99.773517,0.226483,0.000000,-146.596033,-59.618782,-5.275988,2,0,3,0.0000,0.0000,0.0000,0.5000,"LeadPursuit",0.602055
566,B0100,defensive,HABFM,3644.146675,20.029594,110.892412,123.788550,-13.792567,13281.652612,249.106847,16028.809019,-46.238840,-5151.227086,445.014375,6.167450,False,False,True,False,False,False,False,2-circle,-1.000000,-143.600078,100.000000,99.773517,0.226483,0.000000,-146.596033,-59.618782,-5.275988,2,3,3,0.0000,0.0000,0.0000,0.5000,"LeadPursuit",-0.839097
567,A0100,adaptive_eagle,HABFM,3491.620402,20.434607,111.893851,125.662137,-14.841332,13259.982814,249.403552,16013.687259,-75.608799,-5065.446554,451.331889,4.992742,False,False,True,True,False,False,False,2-circle,-1.000000,-122.386165,100.000000,99.773517,0.226483,0.000000,-141.526322,-54.111126,-4.209397,2,0,3,0.0000,0.0000,0.0000,0.5000,"LeadPursuit",0.554674
567,B0100,defensive,HABFM,3491.620402,20.434607,111.893851,125.662137,-14.841332,13259.982814,249.403552,16013.687259,-75.608799,-5065.446554,451.331889,4.992742,False,False,True,True,False,False,False,2-circle,-1.000000,-122.386165,100.000000,99.773517,0.226483,0.000000,-141.526322,-54.111126,-4.209397,2,3,3,0.0000,0.0000,0.0000,0.5000,"LeadPursuit",-0.626962
568,A0100,adaptive_eagle,HABFM,3338.417165,20.943039,111.867808,126.768025,-16.073818,13238.810979,249.586376,15996.554089,-85.665853,-5052.266269,450.395871,4.108641,False,False,True,True,False,False,False,2-circle,-1.000000,-102.923818,100.000000,99.773517,0.226483,0.000000,-136.497292,-48.686697,-3.053319,2,0,3,0.0000,0.0000,0.0000,0.5000,"LeadPursuit",0.414076
568,B0100,defensive,HABFM,3338.417165,20.943039,111.867808,126.768025,-16.073818,13238.810979,249.586376,15996.554089,-85.665853,-5052.266269,450.395871,4.108641,False,False,True,True,False,False,False,2-circle,-1.000000,-102.923818,100.000000,99.773517,0.226483,0.000000,-136.497292,-48.686697,-3.053319,2,3,3,0.0000,0.0000,0.0000,0.5000,"LeadPursuit",-0.403396
569,A0100,adaptive_eagle,HABFM,3186.317940,21.300253,111.461175,127.633809,-17.283759,13218.525949,249.345912,15970.957726,-127.981811,-5066.095377,446.588643,3.952065,False,False,True,True,False,False,False,2-circle,-1.000000,-85.071794,100.000000,99.773517,0.226483,0.000000,-135.715841,-47.544697,-1.853591,2,0,2,0.0000,0.0000,0.0000,0.5000,"LeadPursuit",0.152453
569,B0100,defensive,HABFM,3186.317940,21.300253,111.461175,127.633809,-17.283759,13218.525949,249.345912,15970.957726,-127.981811,-5066.095377,446.588643,3.952065,False,False,True,True,False,False,False,2-circle,-1.000000,-85.071794,100.000000,99.773517,0.226483,0.000000,-135.715841,-47.544697,-1.853591,2,2,2,0.0000,0.0000,0.0000,0.5000,"LeadPursuit",-0.151175
570,A0100,adaptive_eagle,HABFM,3035.479561,21.192839,111.333052,128.512235,-18.067990,13199.994054,248.393916,15931.448535,-197.545957,-5064.254148,444.558198,4.969947,False,False,True,True,False,False,False,2-circle,-1.000000,-68.857174,100.000000,99.773517,0.226483,0.000000,-142.351790,-53.853573,-0.843441,2,0,2,0.0000,0.0000,0.0000,0.5000,"LeadPursuit",0.182129
570,B0100,defensive,HABFM,3035.479561,21.192839,111.333052,128.512235,-18.067990,13199.994054,248.393916,15931.448535,-197.545957,-5064.254148,444.558198,4.969947,False,False,True,True,False,False,False,2-circle,-1.000000,-68.857174,100.000000,99.773517,0.226483,0.000000,-142.351790,-53.853573,-0.843441,2,2,2,0.0000,0.0000,0.0000,0.5000,"LeadPursuit",-0.272028
571,A0100,adaptive_eagle,HABFM,2884.743173,21.130470,111.844644,129.781285,-18.692511,13183.491898,247.241822,15889.667209,-208.906629,-5015.074451,446.395472,7.130420,False,False,True,False,False,False,False,2-circle,-1.000000,-54.191922,100.000000,99.773517,0.226483,0.000000,-151.701379,-62.906488,-0.164678,2,0,2,0.0000,0.0000,0.0000,0.5000,"LeadPursuit",0.325092
571,B0100,defensive,HABFM,2884.743173,21.130470,111.844644,129.781285,-18.692511,13183.491898,247.241822,15889.667209,-208.906629,-5015.074451,446.395472,7.130420,False,False,True,False,False,False,False,2-circle,-1.000000,-54.191922,100.000000,99.773517,0.226483,0.000000,-151.701379,-62.906488,-0.164678,2,2,2,0.0000,0.0000,0.0000,0.5000,"LeadPursuit",-0.354887
572,A0100,adaptive_eagle,HABFM,2733.759829,21.501370,111.904357,130.577684,-19.491639,13168.435821,246.298493,15854.000207,-178.335013,-4984.508796,444.554839,10.866023,False,False,True,False,False,False,False,2-circle,-1.000000,-41.793998,100.000000,99.773517,0.226483,0.000000,-160.420880,-71.373940,0.081938,2,0,2,0.0000,0.0000,0.0000,0.5000,"LeadPursuit",0.530189
572,B0100,defensive,HABFM,2733.759829,21.501370,111.904357,130.577684,-19.491639,13168.435821,246.298493,15854.000207,-178.335013,-4984.508796,444.554839,10.866023,False,False,True,False,False,False,False,2-circle,-1.000000,-41.793998,100.000000,99.773517,0.226483,0.000000,-160.420880,-71.373940,0.081938,2,2,2,0.0000,0.0000,0.0000,0.5000,"LeadPursuit",-0.401775
573,A0100,adaptive_eagle,HABFM,2584.896535,22.521792,110.875283,130.748971,-20.770891,13154.046713,245.753714,15827.744020,-131.280932,-5008.177030,434.553396,12.583288,False,False,True,False,False,False,False,2-circle,-1.000000,-31.581478,100.000000,99.773517,0.226483,0.000000,-162.993444,-73.735807,0.029013,2,0,2,0.0000,0.0000,0.0000,0.5000,"LeadPursuit",0.856579
573,B0100,defensive,HABFM,2584.896535,22.521792,110.875283,130.748971,-20.770891,13154.046713,245.753714,15827.744020,-131.280932,-5008.177030,434.553396,12.583288,False,False,True,False,False,False,False,2-circle,-1.000000,-31.581478,100.000000,99.773517,0.226483,0.000000,-162.993444,-73.735807,0.029013,2,2,2,0.0000,0.0000,0.0000,0.5000,"LeadPursuit",-0.624626
574,A0100,adaptive_eagle,HABFM,2440.387308,24.388744,109.358116,131.314017,-22.892909,13139.876103,245.723010,15812.905362,-74.193293,-5028.541512,419.682634,8.577231,False,False,True,False,False,False,False,2-circle,-1.000000,-22.510862,100.000000,99.773517,0.226483,0.000000,-156.273894,-66.822003,0.039751,2,0,2,0.0000,0.0000,0.0000,0.5000,"LeadPursuit",0.867020
574,B0100,defensive,HABFM,2440.387308,24.388744,109.358116,131.314017,-22.892909,13139.876103,245.723010,15812.905362,-74.193293,-5028.541512,419.682634,8.577231,False,False,True,False,False,False,False,2-circle,-1.000000,-22.510862,100.000000,99.773517,0.226483,0.000000,-156.273894,-66.822003,0.039751,2,2,2,0.0000,0.0000,0.0000,0.5000,"LeadPursuit",-0.522883
575,A0100,adaptive_eagle,HABFM,2301.569955,26.489626,107.497910,131.947804,-25.310089,13126.027063,245.458715,15793.309287,-97.980371,-5048.053330,400.973136,6.422187,False,False,True,False,False,False,False,2-circle,-1.000000,-13.896614,100.000000,99.773517,0.226483,0.000000,-149.854880,-60.207198,0.339200,2,0,2,0.0000,0.0000,0.0000,0.5000,"LeadPursuit",0.801146
575,B0100,defensive,HABFM,2301.569955,26.489626,107.497910,131.947804,-25.310089,13126.027063,245.458715,15793.309287,-97.980371,-5048.053330,400.973136,6.422187,False,False,True,False,False,False,False,2-circle,-1.000000,-13.896614,100.000000,99.773517,0.226483,0.000000,-149.854880,-60.207198,0.339200,2,2,2,0.0000,0.0000,0.0000,0.5000,"LeadPursuit",-0.402608
576,A0100,adaptive_eagle,HABFM,2169.508004,28.604533,105.615578,132.712927,-27.762401,13113.169675,244.668016,15763.295287,-150.070001,-5048.967194,380.763922,6.374181,False,False,True,False,False,False,False,2-circle,-1.000000,-5.499321,100.000000,99.773517,0.226483,0.000000,-149.792108,-59.938157,0.867410,2,0,2,0.0000,0.0000,0.0000,0.5000,"LeadPursuit",0.914416
576,B0100,defensive,HABFM,2169.508004,28.604533,105.615578,132.712927,-27.762401,13113.169675,244.668016,15763.295287,-150.070001,-5048.967194,380.763922,6.374181,False,False,True,False,False,False,False,2-circle,-1.000000,-5.499321,100.000000,99.773517,0.226483,0.000000,-149.792108,-59.938157,0.867410,2,1,2,0.0000,0.0000,0.0000,0.5000,"LeadPursuit",-0.507432
577,A0100,adaptive_eagle,HABFM,2044.076655,31.121776,104.135473,134.162124,-30.548377,13101.584569,243.775314,15732.406821,-154.442334,-4997.122336,361.682225,7.616928,False,False,True,False,False,True,False,2-circle,-1.000000,2.934905,100.000000,99.773517,0.226483,0.000000,-154.154120,-64.071847,1.424065,2,0,2,0.0000,0.0000,0.0000,0.5000,"LeadPursuit",0.991406
577,B0100,defensive,HABFM,2044.076655,31.121776,104.135473,134.162124,-30.548377,13101.584569,243.775314,15732.406821,-154.442334,-4997.122336,361.682225,7.616928,False,False,True,False,False,True,False,2-circle,-1.000000,2.934905,100.000000,99.773517,0.226483,0.000000,-154.154120,-64.071847,1.424065,2,1,2,0.0000,0.0000,0.0000,0.5000,"LeadPursuit",-0.393489
578,A0100,adaptive_eagle,HABFM,1925.839169,34.183855,102.007064,135.276179,-33.788480,13091.014239,242.957486,15704.214116,-140.963526,-4964.738363,335.887965,10.259458,False,False,True,False,False,True,False,2-circle,-1.000000,10.435747,100.000000,99.773517,0.226483,0.000000,-160.401020,-70.089370,1.748398,2,0,2,0.0000,0.0000,0.0000,0.5000,"LeadPursuit",1.020576
578,B0100,defensive,HABFM,1925.839169,34.183855,102.007064,135.276179,-33.788480,13091.014239,242.957486,15704.214116,-140.963526,-4964.738363,335.887965,10.259458,False,False,True,False,False,True,False,2-circle,-1.000000,10.435747,100.000000,99.773517,0.226483,0.000000,-160.401020,-70.089370,1.748398,2,1,2,0.0000,0.0000,0.0000,0.5000,"LeadPursuit",-0.091829
579,A0100,adaptive_eagle,OBFM,1818.552762,37.824373,98.460363,135.464821,-37.537388,13081.034746,242.219076,15678.374399,-129.198584,-4996.552919,297.082303,15.277416,False,False,True,False,False,True,False,2-circle,-1.000000,16.508328,100.000000,99.773517,0.226483,0.000000,-166.818071,-76.287737,1.681154,2,0,2,0.0000,0.0000,0.0000,0.5000,"LeadPursuit",1.150207
579,B0100,defensive,OBFM,1818.552762,37.824373,98.460363,135.464821,-37.537388,13081.034746,242.219076,15678.374399,-129.198584,-4996.552919,297.082303,15.277416,False,False,True,False,False,True,False,2-circle,-1.000000,16.508328,100.000000,99.773517,0.226483,0.000000,-166.818071,-76.287737,1.681154,2,1,2,0.0000,0.0000,0.0000,0.5000,"LeadPursuit",0.055955
580,A0100,adaptive_eagle,HABFM,1726.132188,42.273282,94.127965,135.641341,-42.055682,13071.163692,241.749524,15658.442989,-99.657050,-5031.692557,248.521578,17.019328,False,False,True,False,False,True,False,2-circle,-1.000000,22.097615,100.000000,99.773517,0.226483,0.000000,-168.393000,-77.621155,1.382070,2,0,2,0.0000,0.0000,0.0000,0.5000,"LeadPursuit",1.213528
580,B0100,defensive,HABFM,1726.132188,42.273282,94.127965,135.641341,-42.055682,13071.163692,241.749524,15658.442989,-99.657050,-5031.692557,248.521578,17.019328,False,False,True,False,False,True,False,2-circle,-1.000000,22.097615,100.000000,99.773517,0.226483,0.000000,-168.393000,-77.621155,1.382070,2,0,2,0.0000,0.0000,0.0000,0.5000,"LeadPursuit",0.085710
581,A0100,adaptive_eagle,DBFM,1651.147418,47.260583,89.672490,136.302338,-47.118360,13061.217102,241.219841,15637.171143,-106.359227,-5028.812962,195.430897,13.070131,False,False,True,False,False,True,False,2-circle,-1.000000,28.246042,100.000000,99.773517,0.226483,0.000000,-165.102289,-74.015543,1.053712,2,0,2,0.0000,0.0000,0.0000,0.5000,"LeadPursuit",1.224033
581,B0100,defensive,DBFM,1651.147418,47.260583,89.672490,136.302338,-47.118360,13061.217102,241.219841,15637.171143,-106.359227,-5028.812962,195.430897,13.070131,False,False,True,False,False,True,False,2-circle,-1.000000,28.246042,100.000000,99.773517,0.226483,0.000000,-165.102289,-74.015543,1.053712,2,0,2,0.0000,0.0000,0.0000,0.5000,"LeadPursuit",-0.699031
582,A0100,adaptive_eagle,DBFM,1594.095788,52.532132,85.545667,137.560729,-52.464554,13051.442286,240.455193,15611.091075,-130.400344,-4977.190689,142.343926,13.039905,False,False,True,False,False,True,False,2-circle,-1.000000,35.201605,100.000000,99.773517,0.226483,0.000000,-165.448563,-73.930738,0.773424,2,0,2,0.0000,0.0000,0.0000,0.5000,"LeadPursuit",1.232433
582,B0100,defensive,DBFM,1594.095788,52.532132,85.545667,137.560729,-52.464554,13051.442286,240.455193,15611.091075,-130.400344,-4977.190689,142.343926,13.039905,False,False,True,False,False,True,False,2-circle,-1.000000,35.201605,100.000000,99.773517,0.226483,0.000000,-165.448563,-73.930738,0.773424,2,0,2,0.0000,0.0000,0.0000,0.5000,"LeadPursuit",-0.626083
583,A0100,adaptive_eagle,DBFM,1555.913005,58.215390,80.779746,138.477828,-58.209324,13041.839618,239.725578,15585.978451,-125.563118,-4947.029975,81.614804,16.048071,False,False,True,False,False,True,False,2-circle,-1.000000,41.780162,100.000000,99.773517,0.226483,0.000000,-168.852512,-76.786732,0.534631,2,0,2,0.0000,0.0000,0.0000,0.5000,"LeadPursuit",1.198028
583,B0100,defensive,DBFM,1555.913005,58.215390,80.779746,138.477828,-58.209324,13041.839618,239.725578,15585.978451,-125.563118,-4947.029975,81.614804,16.048071,False,False,True,False,False,True,False,2-circle,-1.000000,41.780162,100.000000,99.773517,0.226483,0.000000,-168.852512,-76.786732,0.534631,2,0,2,0.0000,0.0000,0.0000,0.5000,"LeadPursuit",-0.546893
584,A0100,adaptive_eagle,HABFM,1540.144695,64.151304,74.919834,138.536301,-64.195258,13032.206346,239.053664,15562.103513,-119.374691,-4979.349820,10.514429,24.715633,False,False,True,False,False,True,False,2-circle,-1.000000,47.401758,100.000000,99.773517,0.226483,0.000000,-174.075296,-81.307065,0.163415,2,0,2,0.0000,0.0000,0.0000,0.5000,"LeadPursuit",1.209743
584,B0100,defensive,HABFM,1540.144695,64.151304,74.919834,138.536301,-64.195258,13032.206346,239.053664,15562.103513,-119.374691,-4979.349820,10.514429,24.715633,False,False,True,False,False,True,False,2-circle,-1.000000,47.401758,100.000000,99.773517,0.226483,0.000000,-174.075296,-81.307065,0.163415,2,0,2,0.0000,0.0000,0.0000,0.5000,"LeadPursuit",-0.480278
585,A0100,adaptive_eagle,HABFM,1549.088915,70.322817,68.846106,138.622676,-70.416283,13022.211852,238.641315,15543.388779,-93.573668,-5014.693394,-63.314643,27.593262,False,False,True,False,False,True,False,2-circle,-1.000000,52.907532,100.000000,99.773517,0.226483,0.000000,-175.990090,-82.187614,-0.302480,2,0,2,0.0000,0.0000,0.0000,0.5000,"LeadPursuit",1.241478
585,B0100,defensive,HABFM,1549.088915,70.322817,68.846106,138.622676,-70.416283,13022.211852,238.641315,15543.388779,-93.573668,-5014.693394,-63.314643,27.593262,False,False,True,False,False,True,False,2-circle,-1.000000,52.907532,100.000000,99.773517,0.226483,0.000000,-175.990090,-82.187614,-0.302480,2,0,2,0.0000,0.0000,0.0000,0.5000,"LeadPursuit",-0.419954
586,A0100,adaptive_eagle,HABFM,1582.461275,76.667429,63.428820,139.595245,-76.819232,13011.703413,238.576898,15531.519436,-59.346717,-4999.313722,-132.251293,14.792041,False,False,True,False,False,True,False,2-circle,-1.000000,59.303993,100.000000,99.773517,0.226483,0.000000,-171.231504,-75.638028,-0.623268,2,0,2,0.0000,0.0000,0.0000,0.5000,"LeadPursuit",1.166016
586,B0100,defensive,HABFM,1582.461275,76.667429,63.428820,139.595245,-76.819232,13011.703413,238.576898,15531.519436,-59.346717,-4999.313722,-132.251293,14.792041,False,False,True,False,False,True,False,2-circle,-1.000000,59.303993,100.000000,99.773517,0.226483,0.000000,-171.231504,-75.638028,-0.623268,2,0,2,0.0000,0.0000,0.0000,0.5000,"LeadPursuit",-0.338270
587,A0100,adaptive_eagle,HABFM,1637.339872,82.595182,59.192830,141.334311,-82.806184,13000.897823,238.383696,15516.634360,-74.425379,-4931.928678,-189.559391,10.320006,False,False,True,False,False,True,False,2-circle,-1.000000,66.859062,100.000000,99.773517,0.226483,0.000000,-169.133812,-69.828878,-0.668012,2,0,2,0.0000,0.0000,0.0000,0.5000,"LeadPursuit",0.979169
587,B0100,defensive,HABFM,1637.339872,82.595182,59.192830,141.334311,-82.806184,13000.897823,238.383696,15516.634360,-74.425379,-4931.928678,-189.559391,10.320006,False,False,True,False,False,True,False,2-circle,-1.000000,66.859062,100.000000,99.773517,0.226483,0.000000,-169.133812,-69.828878,-0.668012,2,0,2,0.0000,0.0000,0.0000,0.5000,"LeadPursuit",-0.254765
588,A0100,adaptive_eagle,HABFM,1710.165896,87.664002,55.158753,142.344570,-87.917788,12990.234226,237.738182,15492.364598,-121.348811,-4900.871509,-240.510809,10.555478,False,False,True,False,False,True,False,2-circle,-1.000000,73.973206,100.000000,99.773517,0.226483,0.000000,179.836927,-70.192173,-0.505014,2,0,2,0.0000,0.0000,0.0000,0.5000,"LeadPursuit",0.279201
588,B0100,defensive,HABFM,1710.165896,87.664002,55.158753,142.344570,-87.917788,12990.234226,237.738182,15492.364598,-121.348811,-4900.871509,-240.510809,10.555478,False,False,True,False,False,True,False,2-circle,-1.000000,73.973206,100.000000,99.773517,0.226483,0.000000,179.836927,-70.192173,-0.505014,2,0,2,0.0000,0.0000,0.0000,0.5000,"LeadPursuit",-0.197638
589,A0100,adaptive_eagle,HABFM,1799.845233,92.017126,50.832998,142.362975,-92.300466,12979.907966,236.945578,15465.382257,-134.911705,-4938.321078,-289.202810,13.897132,False,False,False,False,False,True,False,2-circle,-1.000000,79.710003,100.000000,99.773517,0.226483,0.000000,100.815619,-74.649802,-0.362999,2,0,2,0.0000,0.0000,0.0000,0.5000,"LeadPursuit",-0.088124
589,B0100,defensive,HABFM,1799.845233,92.017126,50.832998,142.362975,-92.300466,12979.907966,236.945578,15465.382257,-134.911705,-4938.321078,-289.202810,13.897132,False,False,False,False,False,True,False,2-circle,-1.000000,79.710003,100.000000,99.773517,0.226483,0.000000,100.815619,-74.649802,-0.362999,2,0,2,0.0000,0.0000,0.0000,0.5000,"LeadPursuit",-0.158424
590,A0100,adaptive_eagle,HABFM,1904.976684,95.792126,46.922810,142.233625,-96.107952,12969.673993,236.250952,15440.596882,-123.926876,-4984.064658,-331.151116,23.603434,False,False,False,False,False,True,False,2-circle,-1.000000,84.838001,100.000000,99.773517,0.226483,0.000000,30.259393,-80.791490,-0.483658,2,0,2,0.0000,0.0000,0.0000,0.5000,"LeadPursuit",-0.062500
590,B0100,defensive,HABFM,1904.976684,95.792126,46.922810,142.233625,-96.107952,12969.673993,236.250952,15440.596882,-123.926876,-4984.064658,-331.151116,23.603434,False,False,False,False,False,True,False,2-circle,-1.000000,84.838001,100.000000,99.773517,0.226483,0.000000,30.259393,-80.791490,-0.483658,2,0,2,0.0000,0.0000,0.0000,0.5000,"LeadPursuit",-0.134601
591,A0100,adaptive_eagle,HABFM,2022.766627,99.206145,44.052140,142.800878,-99.570766,12959.104810,235.853689,15421.724832,-94.360248,-4981.242397,-363.557891,30.609581,False,False,False,False,False,True,False,2-circle,-1.000000,90.635586,100.000000,99.773517,0.226483,0.000000,18.817769,-82.861598,-0.837615,1,0,4,0.0000,0.0000,0.0000,0.5000,"HeadOnBreak",-0.032856
591,B0100,defensive,HABFM,2022.766627,99.206145,44.052140,142.800878,-99.570766,12959.104810,235.853689,15421.724832,-94.360248,-4981.242397,-363.557891,30.609581,False,False,False,False,False,True,False,2-circle,-1.000000,90.635586,100.000000,99.773517,0.226483,0.000000,18.817769,-82.861598,-0.837615,2,0,2,0.0000,0.0000,0.0000,0.5000,"LeadPursuit",-0.122231
592,A0100,adaptive_eagle,HABFM,2149.914243,102.501369,42.498083,144.521435,-102.922780,12947.980185,235.831088,15410.128247,-57.982925,-4906.214925,-386.543168,16.363022,False,False,False,False,False,True,False,2-circle,-1.000000,97.811681,100.000000,99.773517,0.226483,0.000000,21.609275,-76.811441,-1.155374,1,0,4,0.0000,0.0000,0.0000,0.5000,"HeadOnBreak",-0.027413
592,B0100,defensive,HABFM,2149.914243,102.501369,42.498083,144.521435,-102.922780,12947.980185,235.831088,15410.128247,-57.982925,-4906.214925,-386.543168,16.363022,False,False,False,False,False,True,False,2-circle,-1.000000,97.811681,100.000000,99.773517,0.226483,0.000000,21.609275,-76.811441,-1.155374,2,0,2,0.0000,0.0000,0.0000,0.5000,"LeadPursuit",-0.098869
593,A0100,adaptive_eagle,HABFM,2284.081859,105.334944,41.096809,145.833759,-105.797057,12936.486055,235.700099,15395.899764,-71.142417,-4856.232246,-406.416531,11.130565,False,False,False,False,False,True,False,2-circle,-1.000000,105.043002,100.000000,99.773517,0.226483,0.000000,25.774916,-70.978545,-1.262140,1,0,4,0.0000,0.0000,0.0000,0.5000,"HeadOnBreak",-0.036000
593,B0100,defensive,HABFM,2284.081859,105.334944,41.096809,145.833759,-105.797057,12936.486055,235.700099,15395.899764,-71.142417,-4856.232246,-406.416531,11.130565,False,False,False,False,False,True,False,2-circle,-1.000000,105.043002,100.000000,99.773517,0.226483,0.000000,25.774916,-70.978545,-1.262140,2,0,2,0.0000,0.0000,0.0000,0.5000,"LeadPursuit",-0.067921
594,A0100,adaptive_eagle,HABFM,2424.848612,107.391188,39.246470,145.990503,-107.864950,12925.036707,235.128604,15372.538327,-116.807181,-4888.002551,-425.543956,11.191489,False,False,False,False,False,True,False,2-circle,-1.000000,111.187541,100.000000,99.773517,0.226483,0.000000,24.659124,-71.029709,-1.172087,1,0,4,0.0000,0.0000,0.0000,0.5000,"HeadOnBreak",-0.023843
594,B0100,defensive,HABFM,2424.848612,107.391188,39.246470,145.990503,-107.864950,12925.036707,235.128604,15372.538327,-116.807181,-4888.002551,-425.543956,11.191489,False,False,False,False,False,True,False,2-circle,-1.000000,111.187541,100.000000,99.773517,0.226483,0.000000,24.659124,-71.029709,-1.172087,2,0,2,0.0000,0.0000,0.0000,0.5000,"LeadPursuit",-0.048752
595,A0100,adaptive_eagle,HABFM,2571.178714,108.919811,38.018492,146.287889,-109.398002,12913.829980,234.410002,15346.394318,-130.720048,-4901.501059,-438.260762,14.515459,False,False,False,False,False,True,False,2-circle,-1.000000,116.587502,100.000000,99.773517,0.226483,0.000000,19.835241,-75.110981,-1.082414,1,0,4,0.0000,0.0000,0.0000,0.5000,"HeadOnBreak",-0.001449
595,B0100,defensive,HABFM,2571.178714,108.919811,38.018492,146.287889,-109.398002,12913.829980,234.410002,15346.394318,-130.720048,-4901.501059,-438.260762,14.515459,False,False,False,False,False,True,False,2-circle,-1.000000,116.587502,100.000000,99.773517,0.226483,0.000000,19.835241,-75.110981,-1.082414,2,0,2,0.0000,0.0000,0.0000,0.5000,"LeadPursuit",-0.039383
596,A0100,adaptive_eagle,HABFM,2720.373971,110.168772,37.914060,147.313602,-110.666226,12902.648022,233.789197,15322.344755,-120.247814,-4855.538137,-443.070424,24.277123,False,False,False,False,False,True,False,2-circle,-1.000000,121.721933,100.000000,99.773517,0.226483,0.000000,13.463433,-80.942708,-1.227087,1,0,4,0.0000,0.0000,0.0000,0.5000,"HeadOnBreak",-0.001878
596,B0100,defensive,HABFM,2720.373971,110.168772,37.914060,147.313602,-110.666226,12902.648022,233.789197,15322.344755,-120.247814,-4855.538137,-443.070424,24.277123,False,False,False,False,False,True,False,2-circle,-1.000000,121.721933,100.000000,99.773517,0.226483,0.000000,13.463433,-80.942708,-1.227087,2,0,2,0.0000,0.0000,0.0000,0.5000,"LeadPursuit",-0.038160
597,A0100,adaptive_eagle,HABFM,2870.918272,111.386839,37.718355,147.997547,-111.924696,12891.091787,233.461735,15304.014852,-91.649516,-4824.292119,-448.662756,31.046308,False,False,False,False,False,True,False,2-circle,-1.000000,125.894090,100.000000,99.773517,0.226483,0.000000,11.088249,-82.883655,-1.583425,1,8,4,0.0000,0.0000,0.0000,0.5000,"HeadOnBreak",-0.016895
597,B0100,defensive,HABFM,2870.918272,111.386839,37.718355,147.997547,-111.924696,12891.091787,233.461735,15304.014852,-91.649516,-4824.292119,-448.662756,31.046308,False,False,False,False,False,True,False,2-circle,-1.000000,125.894090,100.000000,99.773517,0.226483,0.000000,11.088249,-82.883655,-1.583425,2,0,2,0.0000,0.0000,0.0000,0.5000,"LeadPursuit",-0.041759
598,A0100,adaptive_eagle,HABFM,3024.266309,112.759677,36.773701,148.139747,-113.337843,12878.954731,233.507255,15292.818834,-55.980090,-4856.080770,-460.004043,16.648272,False,False,False,False,False,True,False,2-circle,-1.000000,128.892404,100.000000,99.773517,0.226483,0.000000,16.708786,-76.894089,-1.896507,1,0,4,0.0000,0.0000,0.0000,0.5000,"HeadOnBreak",-0.023347
598,B0100,defensive,HABFM,3024.266309,112.759677,36.773701,148.139747,-113.337843,12878.954731,233.507255,15292.818834,-55.980090,-4856.080770,-460.004043,16.648272,False,False,False,False,False,True,False,2-circle,-1.000000,128.892404,100.000000,99.773517,0.226483,0.000000,16.708786,-76.894089,-1.896507,2,0,2,0.0000,0.0000,0.0000,0.5000,"LeadPursuit",-0.037871
599,A0100,adaptive_eagle,HABFM,3181.883886,114.048482,35.537068,148.111172,-114.650557,12866.384548,233.622928,15282.640750,-50.890417,-4909.613760,-472.654554,9.812435,False,False,False,False,False,True,False,2-circle,-1.000000,131.535706,100.000000,99.773517,0.226483,0.000000,24.848506,-68.451423,-1.896876,1,0,4,0.0000,0.0000,0.0000,0.5000,"HeadOnBreak",-0.014336
599,B0100,defensive,HABFM,3181.883886,114.048482,35.537068,148.111172,-114.650557,12866.384548,233.622928,15282.640750,-50.890417,-4909.613760,-472.654554,9.812435,False,False,False,False,False,True,False,2-circle,-1.000000,131.535706,100.000000,99.773517,0.226483,0.000000,24.848506,-68.451423,-1.896876,2,0,2,0.0000,0.0000,0.0000,0.5000,"LeadPursuit",-0.025938
600,A0100,adaptive_eagle,HABFM,3343.173628,114.974936,34.813721,148.421697,-115.563940,12853.783611,233.529703,15268.111843,-72.644534,-4946.796318,-480.686187,7.685643,False,False,False,False,False,True,False,2-circle,-1.000000,134.342579,100.000000,99.773517,0.226483,0.000000,29.826010,-63.230926,-1.513689,1,0,4,0.0000,0.0000,0.0000,0.5000,"HeadOnBreak",0.007894
600,B0100,defensive,HABFM,3343.173628,114.974936,34.813721,148.421697,-115.563940,12853.783611,233.529703,15268.111843,-72.644534,-4946.796318,-480.686187,7.685643,False,False,False,False,False,True,False,2-circle,-1.000000,134.342579,100.000000,99.773517,0.226483,0.000000,29.826010,-63.230926,-1.513689,2,0,3,0.0000,0.0000,0.0000,0.5000,"LeadPursuit",-0.011401
601,A0100,adaptive_eagle,HABFM,3505.624894,115.421059,35.288354,149.466977,-115.966872,12841.659981,233.040517,15245.883979,-111.139323,-4924.897665,-479.581072,8.341525,False,False,False,False,False,True,False,2-circle,-1.000000,137.467041,100.000000,99.773517,0.226483,0.000000,27.840509,-65.022102,-0.971957,1,0,4,0.0000,0.0000,0.0000,0.5000,"HeadOnBreak",0.018226
601,B0100,defensive,HABFM,3505.624894,115.421059,35.288354,149.466977,-115.966872,12841.659981,233.040517,15245.883979,-111.139323,-4924.897665,-479.581072,8.341525,False,False,False,False,False,True,False,2-circle,-1.000000,137.467041,100.000000,99.773517,0.226483,0.000000,27.840509,-65.022102,-0.971957,2,0,3,0.0000,0.0000,0.0000,0.5000,"LeadPursuit",-0.003625
602,A0100,adaptive_eagle,HABFM,3666.827010,115.591226,36.212989,150.384464,-116.097388,12830.187229,232.425838,15221.744957,-120.695108,-4892.853844,-474.836330,11.255486,False,False,False,False,False,True,False,2-circle,-1.000000,139.843762,100.000000,99.773517,0.226483,0.000000,21.781577,-70.904486,-0.548364,1,8,4,0.0000,0.0000,0.0000,0.5000,"HeadOnBreak",0.007169
602,B0100,defensive,HABFM,3666.827010,115.591226,36.212989,150.384464,-116.097388,12830.187229,232.425838,15221.744957,-120.695108,-4892.853844,-474.836330,11.255486,False,False,False,False,False,True,False,2-circle,-1.000000,139.843762,100.000000,99.773517,0.226483,0.000000,21.781577,-70.904486,-0.548364,2,0,3,0.0000,0.0000,0.0000,0.5000,"LeadPursuit",0.001364
603,A0100,adaptive_eagle,HABFM,3826.788388,115.575974,36.478327,150.166171,-116.058172,12819.050591,233.475358,15232.255269,52.551558,-4867.284425,-474.164383,18.299826,False,False,False,False,False,True,False,2-circle,-1.000000,139.628741,100.000000,99.773517,0.226483,0.000000,14.461526,-78.029166,-0.484827,1,8,4,0.0000,0.0000,0.0000,0.5000,"HeadOnBreak",-0.015809
603,B0100,defensive,HABFM,3826.788388,115.575974,36.478327,150.166171,-116.058172,12819.050591,233.475358,15232.255269,52.551558,-4867.284425,-474.164383,18.299826,False,False,False,False,False,True,False,2-circle,-1.000000,139.628741,100.000000,99.773517,0.226483,0.000000,14.461526,-78.029166,-0.484827,2,0,3,0.0000,0.0000,0.0000,0.5000,"LeadPursuit",-0.001403
604,A0100,adaptive_eagle,HABFM,3987.699796,115.642345,35.591777,149.013418,-116.125367,12807.766414,234.951880,15251.590316,96.675237,-4915.786099,-481.035417,23.523978,False,False,False,False,False,True,False,2-circle,-1.000000,137.125187,100.000000,99.773517,0.226483,0.000000,11.595216,-80.689300,-0.728439,1,8,4,0.0000,0.0000,0.0000,0.5000,"HeadOnBreak",-0.030044
604,B0100,defensive,HABFM,3987.699796,115.642345,35.591777,149.013418,-116.125367,12807.766414,234.951880,15251.590316,96.675237,-4915.786099,-481.035417,23.523978,False,False,False,False,False,True,False,2-circle,-1.000000,137.125187,100.000000,99.773517,0.226483,0.000000,11.595216,-80.689300,-0.728439,2,0,3,0.0000,0.0000,0.0000,0.5000,"LeadPursuit",-0.008683
605,A0100,adaptive_eagle,HABFM,4152.012448,115.967209,33.970808,147.576701,-116.454032,12796.057361,236.831024,15279.128966,137.693248,-5015.054710,-493.733218,14.169271,False,False,False,False,False,True,False,2-circle,-1.000000,133.717184,100.000000,99.773517,0.226483,0.000000,17.205899,-74.884324,-0.976291,1,0,4,0.0000,0.0000,0.0000,0.5000,"HeadOnBreak",-0.019640
605,B0100,defensive,HABFM,4152.012448,115.967209,33.970808,147.576701,-116.454032,12796.057361,236.831024,15279.128966,137.693248,-5015.054710,-493.733218,14.169271,False,False,False,False,False,True,False,2-circle,-1.000000,133.717184,100.000000,99.773517,0.226483,0.000000,17.205899,-74.884324,-0.976291,2,0,3,0.0000,0.0000,0.0000,0.5000,"LeadPursuit",-0.003878
606,A0100,adaptive_eagle,HABFM,4320.216763,116.138711,32.929290,146.729040,-116.607158,12784.080375,238.585439,15304.076823,124.739287,-5074.598690,-502.124155,9.941546,False,False,False,False,False,True,False,2-circle,-1.000000,129.944527,100.000000,99.773517,0.226483,0.000000,22.833789,-69.079596,-1.036671,1,0,4,0.0000,0.0000,0.0000,0.5000,"HeadOnBreak",-0.003661
606,B0100,defensive,HABFM,4320.216763,116.138711,32.929290,146.729040,-116.607158,12784.080375,238.585439,15304.076823,124.739287,-5074.598690,-502.124155,9.941546,False,False,False,False,False,True,False,2-circle,-1.000000,129.944527,100.000000,99.773517,0.226483,0.000000,22.833789,-69.079596,-1.036671,2,0,3,0.0000,0.0000,0.0000,0.5000,"LeadPursuit",0.009862
607,A0100,adaptive_eagle,HABFM,4489.965213,115.836494,32.814075,146.591087,-116.261823,12772.273769,239.869799,15319.474670,76.989238,-5089.987860,-502.935080,9.932970,False,False,False,False,False,True,False,2-circle,-1.000000,126.461205,100.000000,99.773517,0.226483,0.000000,22.600374,-69.160326,-0.903027,1,0,4,0.0000,0.0000,0.0000,0.5000,"HeadOnBreak",0.015744
607,B0100,defensive,HABFM,4489.965213,115.836494,32.814075,146.591087,-116.261823,12772.273769,239.869799,15319.474670,76.989238,-5089.987860,-502.935080,9.932970,False,False,False,False,False,True,False,2-circle,-1.000000,126.461205,100.000000,99.773517,0.226483,0.000000,22.600374,-69.160326,-0.903027,2,0,3,0.0000,0.0000,0.0000,0.5000,"LeadPursuit",0.016474
608,A0100,adaptive_eagle,HABFM,4658.687041,115.297035,33.767691,147.263745,-115.683036,12760.868799,240.980003,15331.703009,61.141692,-5036.135123,-496.422469,12.610738,False,False,False,False,False,True,False,2-circle,-1.000000,124.053702,100.000000,99.773517,0.226483,0.000000,18.260834,-73.378424,-0.761891,1,0,4,0.0000,0.0000,0.0000,0.5000,"HeadOnBreak",0.023681
608,B0100,defensive,HABFM,4658.687041,115.297035,33.767691,147.263745,-115.683036,12760.868799,240.980003,15331.703009,61.141692,-5036.135123,-496.422469,12.610738,False,False,False,False,False,True,False,2-circle,-1.000000,124.053702,100.000000,99.773517,0.226483,0.000000,18.260834,-73.378424,-0.761891,2,0,3,0.0000,0.0000,0.0000,0.5000,"LeadPursuit",0.017359
609,A0100,adaptive_eagle,HABFM,4824.698562,114.715908,35.060113,147.832231,-115.083040,12749.649170,242.167927,15345.891985,70.944883,-4969.326227,-487.910416,20.257812,False,False,False,False,False,True,False,2-circle,-1.000000,122.082407,100.000000,99.773517,0.226483,0.000000,12.016289,-79.520414,-0.850628,1,8,4,0.0000,0.0000,0.0000,0.5000,"HeadOnBreak",0.009599
609,B0100,defensive,HABFM,4824.698562,114.715908,35.060113,147.832231,-115.083040,12749.649170,242.167927,15345.891985,70.944883,-4969.326227,-487.910416,20.257812,False,False,False,False,False,True,False,2-circle,-1.000000,122.082407,100.000000,99.773517,0.226483,0.000000,12.016289,-79.520414,-0.850628,2,0,3,0.0000,0.0000,0.0000,0.5000,"LeadPursuit",0.012641
610,A0100,adaptive_eagle,HABFM,4988.518653,114.291138,35.533324,147.397968,-114.660143,12738.186763,243.640717,15366.104676,101.063451,-4960.807886,-485.159464,25.447291,False,False,False,False,False,True,False,2-circle,-1.000000,118.743116,100.000000,99.773517,0.226483,0.000000,9.757518,-81.671016,-1.148556,1,8,4,0.0000,0.0000,0.0000,0.5000,"HeadOnBreak",-0.012500
610,B0100,defensive,HABFM,4988.518653,114.291138,35.533324,147.397968,-114.660143,12738.186763,243.640717,15366.104676,101.063451,-4960.807886,-485.159464,25.447291,False,False,False,False,False,True,False,2-circle,-1.000000,118.743116,100.000000,99.773517,0.226483,0.000000,9.757518,-81.671016,-1.148556,2,0,3,0.0000,0.0000,0.0000,0.5000,"LeadPursuit",0.003549
611,A0100,adaptive_eagle,HABFM,5152.875424,114.184680,34.855926,146.314612,-114.555506,12726.245551,245.480728,15394.006209,139.507667,-5019.745965,-490.839248,14.357463,False,False,False,False,False,True,False,2-circle,-1.000000,113.943630,100.000000,99.773517,0.226483,0.000000,15.760039,-75.553610,-1.393159,1,8,4,0.0000,0.0000,0.0000,0.5000,"HeadOnBreak",-0.025087
611,B0100,defensive,HABFM,5152.875424,114.184680,34.855926,146.314612,-114.555506,12726.245551,245.480728,15394.006209,139.507667,-5019.745965,-490.839248,14.357463,False,False,False,False,False,True,False,2-circle,-1.000000,113.943630,100.000000,99.773517,0.226483,0.000000,15.760039,-75.553610,-1.393159,2,0,3,0.0000,0.0000,0.0000,0.5000,"LeadPursuit",0.007462
612,A0100,adaptive_eagle,HABFM,5319.964763,113.957312,33.509418,144.687546,-114.310236,12714.020035,247.176873,15418.773744,123.837675,-5140.972219,-499.977178,10.068044,False,False,False,False,False,True,False,2-circle,-1.000000,108.301638,100.000000,99.773517,0.226483,0.000000,21.249650,-69.949437,-1.413520,1,0,4,0.0000,0.0000,0.0000,0.5000,"HeadOnBreak",-0.013318
612,B0100,defensive,HABFM,5319.964763,113.957312,33.509418,144.687546,-114.310236,12714.020035,247.176873,15418.773744,123.837675,-5140.972219,-499.977178,10.068044,False,False,False,False,False,True,False,2-circle,-1.000000,108.301638,100.000000,99.773517,0.226483,0.000000,21.249650,-69.949437,-1.413520,2,0,3,0.0000,0.0000,0.0000,0.5000,"LeadPursuit",0.021842
613,A0100,adaptive_eagle,HABFM,5489.247185,113.254101,32.816003,143.403376,-113.568400,12701.960751,248.374961,15432.998358,71.123071,-5229.467209,-502.635119,10.456526,False,False,False,False,False,True,False,2-circle,-1.000000,101.870698,100.000000,99.773517,0.226483,0.000000,20.365740,-70.719608,-1.247934,1,0,4,0.0000,0.0000,0.0000,0.5000,"HeadOnBreak",0.002980
613,B0100,defensive,HABFM,5489.247185,113.254101,32.816003,143.403376,-113.568400,12701.960751,248.374961,15432.998358,71.123071,-5229.467209,-502.635119,10.456526,False,False,False,False,False,True,False,2-circle,-1.000000,101.870698,100.000000,99.773517,0.226483,0.000000,20.365740,-70.719608,-1.247934,2,0,3,0.0000,0.0000,0.0000,0.5000,"LeadPursuit",0.029111
614,A0100,adaptive_eagle,HABFM,5658.249098,112.312903,33.050769,142.985073,-112.592829,12690.262914,249.394913,15443.776598,53.891200,-5259.595072,-498.650294,14.276915,False,False,False,False,False,True,False,2-circle,-1.000000,95.548876,100.000000,99.773517,0.226483,0.000000,15.299225,-75.682548,-1.130799,1,0,4,0.0000,0.0000,0.0000,0.5000,"HeadOnBreak",0.022528
614,B0100,defensive,HABFM,5658.249098,112.312903,33.050769,142.985073,-112.592829,12690.262914,249.394913,15443.776598,53.891200,-5259.595072,-498.650294,14.276915,False,False,False,False,False,True,False,2-circle,-1.000000,95.548876,100.000000,99.773517,0.226483,0.000000,15.299225,-75.682548,-1.130799,2,0,3,0.0000,0.0000,0.0000,0.5000,"LeadPursuit",0.023731
615,A0100,adaptive_eagle,HABFM,5824.931732,111.548508,34.342498,143.671466,-111.815469,12678.616861,250.705041,15461.136197,86.797995,-5202.129560,-489.283346,16.792433,False,False,False,False,False,True,False,2-circle,-1.000000,90.570913,100.000000,99.773517,0.226483,0.000000,13.083574,-77.816051,-1.126453,1,0,4,0.0000,0.0000,0.0000,0.5000,"HeadOnBreak",0.023149
615,B0100,defensive,HABFM,5824.931732,111.548508,34.342498,143.671466,-111.815469,12678.616861,250.705041,15461.136197,86.797995,-5202.129560,-489.283346,16.792433,False,False,False,False,False,True,False,2-circle,-1.000000,90.570913,100.000000,99.773517,0.226483,0.000000,13.083574,-77.816051,-1.126453,2,0,3,0.0000,0.0000,0.0000,0.5000,"LeadPursuit",0.011466
616,A0100,adaptive_eagle,HABFM,5988.542498,111.188875,35.604739,144.415992,-111.448209,12666.764168,252.428015,15487.660746,132.622745,-5146.742321,-482.308382,11.039536,False,False,False,False,False,True,False,2-circle,-1.000000,86.209457,100.000000,99.773517,0.226483,0.000000,18.900742,-71.928966,-1.054546,1,0,4,0.0000,0.0000,0.0000,0.5000,"HeadOnBreak",0.010009
616,B0100,defensive,HABFM,5988.542498,111.188875,35.604739,144.415992,-111.448209,12666.764168,252.428015,15487.660746,132.622745,-5146.742321,-482.308382,11.039536,False,False,False,False,False,True,False,2-circle,-1.000000,86.209457,100.000000,99.773517,0.226483,0.000000,18.900742,-71.928966,-1.054546,2,0,3,0.0000,0.0000,0.0000,0.5000,"LeadPursuit",0.013624
617,A0100,adaptive_eagle,HABFM,6150.684594,110.768987,36.153356,144.484119,-111.006188,12654.868823,253.996289,15510.925365,116.323095,-5155.993664,-479.341778,8.424387,False,False,False,False,False,True,False,2-circle,-1.000000,81.305962,100.000000,99.773517,0.226483,0.000000,23.788474,-66.971236,-0.794907,1,0,4,0.0000,0.0000,0.0000,0.5000,"HeadOnBreak",0.007074
617,B0100,defensive,HABFM,6150.684594,110.768987,36.153356,144.484119,-111.006188,12654.868823,253.996289,15510.925365,116.323095,-5155.993664,-479.341778,8.424387,False,False,False,False,False,True,False,2-circle,-1.000000,81.305962,100.000000,99.773517,0.226483,0.000000,23.788474,-66.971236,-0.794907,2,0,3,0.0000,0.0000,0.0000,0.5000,"LeadPursuit",0.029922
618,A0100,adaptive_eagle,HABFM,6311.600907,109.838666,36.554339,144.101145,-110.037374,12643.473417,254.957870,15521.195841,51.352380,-5196.921124,-474.425768,9.206282,False,False,False,False,False,True,False,2-circle,-1.000000,75.597594,100.000000,99.773517,0.226483,0.000000,21.873091,-68.813960,-0.430942,1,0,4,0.0000,0.0000,0.0000,0.5000,"HeadOnBreak",0.016641
618,B0100,defensive,HABFM,6311.600907,109.838666,36.554339,144.101145,-110.037374,12643.473417,254.957870,15521.195841,51.352380,-5196.921124,-474.425768,9.206282,False,False,False,False,False,True,False,2-circle,-1.000000,75.597594,100.000000,99.773517,0.226483,0.000000,21.873091,-68.813960,-0.430942,2,0,3,0.0000,0.0000,0.0000,0.5000,"LeadPursuit",0.038112
619,A0100,adaptive_eagle,HABFM,6470.114916,108.663599,37.462877,144.085838,-108.830331,12632.766417,255.717884,15527.671048,32.376033,-5199.046624,-464.738893,13.095905,False,False,False,False,False,True,False,2-circle,-1.000000,69.679626,100.000000,99.773517,0.226483,0.000000,15.818752,-74.798383,-0.203093,1,0,4,0.0000,0.0000,0.0000,0.5000,"HeadOnBreak",0.033421
619,B0100,defensive,HABFM,6470.114916,108.663599,37.462877,144.085838,-108.830331,12632.766417,255.717884,15527.671048,32.376033,-5199.046624,-464.738893,13.095905,False,False,False,False,False,True,False,2-circle,-1.000000,69.679626,100.000000,99.773517,0.226483,0.000000,15.818752,-74.798383,-0.203093,2,0,3,0.0000,0.0000,0.0000,0.5000,"LeadPursuit",0.039770
620,A0100,adaptive_eagle,HABFM,6624.386764,107.452350,39.206727,144.685428,-107.603639,12622.369094,256.564549,15536.475144,44.020483,-5136.013274,-449.331015,26.236425,False,False,False,False,False,True,False,2-circle,-1.000000,64.395843,100.000000,99.773517,0.226483,0.000000,8.257444,-82.299542,-0.350748,1,0,4,0.0000,0.0000,0.0000,0.5000,"HeadOnBreak",0.032941
620,B0100,defensive,HABFM,6624.386764,107.452350,39.206727,144.685428,-107.603639,12622.369094,256.564549,15536.475144,44.020483,-5136.013274,-449.331015,26.236425,False,False,False,False,False,True,False,2-circle,-1.000000,64.395843,100.000000,99.773517,0.226483,0.000000,8.257444,-82.299542,-0.350748,2,0,0,0.0000,0.0000,0.0000,0.5000,"Pursue",0.032102
621,A0100,adaptive_eagle,HABFM,6773.293521,106.488744,40.866111,145.060175,-106.640708,12611.683457,256.144123,15516.246780,-101.141821,-5128.504779,-435.128735,40.310177,False,False,False,False,False,True,False,2-circle,-1.000000,59.069351,100.000000,99.773517,0.226483,0.000000,5.538289,-84.961767,-0.804897,1,8,4,0.0000,0.0000,0.0000,0.5000,"HeadOnBreak",0.015918
621,B0100,defensive,HABFM,6773.293521,106.488744,40.866111,145.060175,-106.640708,12611.683457,256.144123,15516.246780,-101.141821,-5128.504779,-435.128735,40.310177,False,False,False,False,False,True,False,2-circle,-1.000000,59.069351,100.000000,99.773517,0.226483,0.000000,5.538289,-84.961767,-0.804897,2,0,0,0.0000,0.0000,0.0000,0.5000,"Pursue",0.012623
622,A0100,adaptive_eagle,HABFM,6918.809640,106.119945,41.662740,145.185977,-106.275460,12600.413140,256.055825,15502.974301,-66.362399,-5182.921784,-429.778491,17.469805,False,False,False,False,False,True,False,2-circle,-1.000000,53.103085,100.000000,99.773517,0.226483,0.000000,11.944944,-78.495855,-1.223178,1,0,4,0.0000,0.0000,0.0000,0.5000,"HeadOnBreak",0.004287
622,B0100,defensive,HABFM,6918.809640,106.119945,41.662740,145.185977,-106.275460,12600.413140,256.055825,15502.974301,-66.362399,-5182.921784,-429.778491,17.469805,False,False,False,False,False,True,False,2-circle,-1.000000,53.103085,100.000000,99.773517,0.226483,0.000000,11.944944,-78.495855,-1.223178,2,0,0,0.0000,0.0000,0.0000,0.5000,"Pursue",0.018227
623,A0100,adaptive_eagle,HABFM,7063.386751,105.592451,41.892722,144.874721,-105.740236,12588.742790,255.743075,15484.217821,-93.782396,-5270.769357,-426.991897,11.440015,False,False,False,False,False,True,False,2-circle,-1.000000,47.046606,100.000000,99.773517,0.226483,0.000000,17.671135,-72.712323,-1.361232,1,0,4,0.0000,0.0000,0.0000,0.5000,"HeadOnBreak",0.011078
623,B0100,defensive,HABFM,7063.386751,105.592451,41.892722,144.874721,-105.740236,12588.742790,255.743075,15484.217821,-93.782396,-5270.769357,-426.991897,11.440015,False,False,False,False,False,True,False,2-circle,-1.000000,47.046606,100.000000,99.773517,0.226483,0.000000,17.671135,-72.712323,-1.361232,2,0,0,0.0000,0.0000,0.0000,0.5000,"Pursue",0.043842
624,A0100,adaptive_eagle,HABFM,7206.103387,104.329473,42.456147,144.417293,-104.454850,12577.266475,254.609745,15447.135662,-185.410797,-5359.655994,-417.878373,12.193298,False,False,False,False,False,True,False,2-circle,-1.000000,41.151058,100.000000,99.773517,0.226483,0.000000,16.677618,-73.652201,-1.293188,1,0,4,0.0000,0.0000,0.0000,0.5000,"HeadOnBreak",0.032948
624,B0100,defensive,HABFM,7206.103387,104.329473,42.456147,144.417293,-104.454850,12577.266475,254.609745,15447.135662,-185.410797,-5359.655994,-417.878373,12.193298,False,False,False,False,False,True,False,2-circle,-1.000000,41.151058,100.000000,99.773517,0.226483,0.000000,16.677618,-73.652201,-1.293188,2,0,0,0.0000,0.0000,0.0000,0.5000,"Pursue",0.051528
625,A0100,adaptive_eagle,HABFM,7344.294864,102.875529,44.055886,144.703182,-102.982718,12566.174887,253.338807,15407.464467,-198.355973,-5378.370205,-400.631503,18.233367,False,False,False,False,False,True,False,2-circle,-1.000000,35.849787,100.000000,99.773517,0.226483,0.000000,11.436162,-78.846889,-1.286517,1,0,4,0.0000,0.0000,0.0000,0.5000,"HeadOnBreak",0.031502
625,B0100,defensive,HABFM,7344.294864,102.875529,44.055886,144.703182,-102.982718,12566.174887,253.338807,15407.464467,-198.355973,-5378.370205,-400.631503,18.233367,False,False,False,False,False,True,False,2-circle,-1.000000,35.849787,100.000000,99.773517,0.226483,0.000000,11.436162,-78.846889,-1.286517,2,0,0,0.0000,0.0000,0.0000,0.5000,"Pursue",0.043354
626,A0100,adaptive_eagle,HABFM,7476.577427,101.680507,45.544266,144.757926,-101.779903,12555.059114,252.445327,15376.342618,-155.609249,-5403.088503,-385.561638,22.984970,False,False,False,False,False,True,False,2-circle,-1.000000,30.416120,100.000000,99.773517,0.226483,0.000000,9.157771,-81.079264,-1.411785,1,8,4,0.0000,0.0000,0.0000,0.5000,"HeadOnBreak",0.011460
626,B0100,defensive,HABFM,7476.577427,101.680507,45.544266,144.757926,-101.779903,12555.059114,252.445327,15376.342618,-155.609249,-5403.088503,-385.561638,22.984970,False,False,False,False,False,True,False,2-circle,-1.000000,30.416120,100.000000,99.773517,0.226483,0.000000,9.157771,-81.079264,-1.411785,2,0,0,0.0000,0.0000,0.0000,0.5000,"Pursue",0.016303
627,A0100,adaptive_eagle,HABFM,7605.524427,101.244483,46.087103,144.624446,-101.341264,12543.578645,252.359024,15362.933476,-67.045706,-5477.675393,-381.214254,13.628491,False,False,False,False,False,True,False,2-circle,-1.000000,24.241770,100.000000,99.773517,0.226483,0.000000,15.021719,-75.165032,-1.470352,1,0,4,0.0000,0.0000,0.0000,0.5000,"HeadOnBreak",0.002171
627,B0100,defensive,HABFM,7605.524427,101.244483,46.087103,144.624446,-101.341264,12543.578645,252.359024,15362.933476,-67.045706,-5477.675393,-381.214254,13.628491,False,False,False,False,False,True,False,2-circle,-1.000000,24.241770,100.000000,99.773517,0.226483,0.000000,15.021719,-75.165032,-1.470352,2,0,0,0.0000,0.0000,0.0000,0.5000,"Pursue",0.020070
628,A0100,adaptive_eagle,HABFM,7733.893958,100.712241,46.203185,144.226435,-100.799465,12531.832895,252.112406,15345.679973,-86.267515,-5575.719204,-379.097117,9.988559,False,False,False,False,False,True,False,2-circle,-1.000000,17.851529,100.000000,99.773517,0.226483,0.000000,20.025905,-70.110190,-1.323025,1,0,4,0.0000,0.0000,0.0000,0.5000,"HeadOnBreak",0.013188
628,B0100,defensive,HABFM,7733.893958,100.712241,46.203185,144.226435,-100.799465,12531.832895,252.112406,15345.679973,-86.267515,-5575.719204,-379.097117,9.988559,False,False,False,False,False,True,False,2-circle,-1.000000,17.851529,100.000000,99.773517,0.226483,0.000000,20.025905,-70.110190,-1.323025,2,0,0,0.0000,0.0000,0.0000,0.5000,"Pursue",0.051579
629,A0100,adaptive_eagle,HABFM,7860.362893,99.351082,46.824149,143.778494,-99.416870,12520.437181,250.944595,15308.276577,-187.016980,-5672.182029,-368.988174,10.982686,False,False,False,False,False,True,False,2-circle,-1.000000,11.490733,100.000000,99.773517,0.226483,0.000000,18.380848,-71.705952,-1.074023,1,0,4,0.0000,0.0000,0.0000,0.5000,"HeadOnBreak",0.036815
629,B0100,defensive,HABFM,7860.362893,99.351082,46.824149,143.778494,-99.416870,12520.437181,250.944595,15308.276577,-187.016980,-5672.182029,-368.988174,10.982686,False,False,False,False,False,True,False,2-circle,-1.000000,11.490733,100.000000,99.773517,0.226483,0.000000,18.380848,-71.705952,-1.074023,2,0,0,0.0000,0.0000,0.0000,0.5000,"Pursue",0.063510
630,A0100,adaptive_eagle,HABFM,7981.735266,97.717239,48.496925,144.000647,-97.764627,12509.651446,249.555437,15266.710889,-207.828442,-5693.154163,-349.709704,16.258113,False,False,False,False,False,True,False,2-circle,-1.000000,5.555143,100.000000,99.773517,0.226483,0.000000,12.699386,-77.342261,-0.958130,1,0,4,0.0000,0.0000,0.0000,0.5000,"HeadOnBreak",0.035215
630,B0100,defensive,HABFM,7981.735266,97.717239,48.496925,144.000647,-97.764627,12509.651446,249.555437,15266.710889,-207.828442,-5693.154163,-349.709704,16.258113,False,False,False,False,False,True,False,2-circle,-1.000000,5.555143,100.000000,99.773517,0.226483,0.000000,12.699386,-77.342261,-0.958130,2,0,0,0.0000,0.0000,0.0000,0.5000,"Pursue",0.050080
631,A0100,adaptive_eagle,HABFM,8096.574193,96.465839,50.059877,144.089508,-96.502816,12499.005528,248.673866,15236.620397,-150.452459,-5716.264390,-333.264013,20.698632,False,False,False,False,False,False,False,2-circle,-1.000000,-0.707020,100.000000,99.773517,0.226483,0.000000,10.034675,-79.960055,-1.004866,1,8,4,0.0000,0.0000,0.0000,0.5000,"HeadOnBreak",0.013734
631,B0100,defensive,HABFM,8096.574193,96.465839,50.059877,144.089508,-96.502816,12499.005528,248.673866,15236.620397,-150.452459,-5716.264390,-333.264013,20.698632,False,False,False,False,False,False,False,2-circle,-1.000000,-0.707020,100.000000,99.773517,0.226483,0.000000,10.034675,-79.960055,-1.004866,2,0,0,0.0000,0.0000,0.0000,0.5000,"Pursue",0.018129
632,A0100,adaptive_eagle,HABFM,8207.752956,96.027940,50.670282,144.020572,-96.059220,12488.059497,248.643313,15225.001703,-58.093468,-5789.664116,-328.140662,13.109797,False,False,False,False,False,False,False,2-circle,-1.000000,-7.849560,100.000000,99.773517,0.226483,0.000000,15.563344,-74.378395,-1.005958,1,0,4,0.0000,0.0000,0.0000,0.5000,"HeadOnBreak",0.003780
632,B0100,defensive,HABFM,8207.752956,96.027940,50.670282,144.020572,-96.059220,12488.059497,248.643313,15225.001703,-58.093468,-5789.664116,-328.140662,13.109797,False,False,False,False,False,False,False,2-circle,-1.000000,-7.849560,100.000000,99.773517,0.226483,0.000000,15.563344,-74.378395,-1.005958,2,0,0,0.0000,0.0000,0.0000,0.5000,"Pursue",0.022409
633,A0100,adaptive_eagle,HABFM,8318.133878,95.489446,50.848435,143.669242,-95.511623,12476.873790,248.443817,15209.425846,-77.879287,-5887.630247,-325.460644,9.744094,False,False,False,False,False,False,False,2-circle,-1.000000,-15.290926,100.000000,99.773517,0.226483,0.000000,20.520818,-69.366063,-0.830074,1,0,4,0.0000,0.0000,0.0000,0.5000,"HeadOnBreak",0.015905
633,B0100,defensive,HABFM,8318.133878,95.489446,50.848435,143.669242,-95.511623,12476.873790,248.443817,15209.425846,-77.879287,-5887.630247,-325.460644,9.744094,False,False,False,False,False,False,False,2-circle,-1.000000,-15.290926,100.000000,99.773517,0.226483,0.000000,20.520818,-69.366063,-0.830074,2,0,0,0.0000,0.0000,0.0000,0.5000,"Pursue",0.055177
634,A0100,adaptive_eagle,HABFM,8426.437690,94.169809,51.542297,143.310590,-94.176563,12466.059175,247.377650,15175.208719,-171.085636,-5982.216220,-314.883480,10.545518,False,False,False,False,False,False,False,2-circle,-1.000000,-22.803347,100.000000,99.773517,0.226483,0.000000,19.094295,-70.737374,-0.564665,1,0,4,0.0000,0.0000,0.0000,0.5000,"HeadOnBreak",0.041295
634,B0100,defensive,HABFM,8426.437690,94.169809,51.542297,143.310590,-94.176563,12466.059175,247.377650,15175.208719,-171.085636,-5982.216220,-314.883480,10.545518,False,False,False,False,False,False,False,2-circle,-1.000000,-22.803347,100.000000,99.773517,0.226483,0.000000,19.094295,-70.737374,-0.564665,2,0,0,0.0000,0.0000,0.0000,0.5000,"Pursue",0.064131
635,A0100,adaptive_eagle,HABFM,8529.522839,92.676071,53.290472,143.699599,-92.669313,12455.845478,246.182622,15138.883604,-181.625574,-5997.503553,-295.270816,14.937893,False,False,False,False,False,False,False,2-circle,-1.000000,-30.057480,100.000000,99.773517,0.226483,0.000000,13.702236,-76.076015,-0.415446,1,0,4,0.0000,0.0000,0.0000,0.5000,"HeadOnBreak",0.038926
635,B0100,defensive,HABFM,8529.522839,92.676071,53.290472,143.699599,-92.669313,12455.845478,246.182622,15138.883604,-181.625574,-5997.503553,-295.270816,14.937893,False,False,False,False,False,False,False,2-circle,-1.000000,-30.057480,100.000000,99.773517,0.226483,0.000000,13.702236,-76.076015,-0.415446,2,0,0,0.0000,0.0000,0.0000,0.5000,"Pursue",0.062951
636,A0100,adaptive_eagle,HABFM,8625.816366,91.255297,54.905941,143.648256,-91.236006,12445.822812,245.172422,15106.886656,-159.984741,-6025.882675,-277.019172,30.154273,False,False,False,False,False,False,False,2-circle,-1.000000,-37.992655,100.000000,99.773517,0.226483,0.000000,6.750171,-82.969209,-0.597638,1,8,4,0.0000,0.0000,0.0000,0.5000,"HeadOnBreak",0.015888
636,B0100,defensive,HABFM,8625.816366,91.255297,54.905941,143.648256,-91.236006,12445.822812,245.172422,15106.886656,-159.984741,-6025.882675,-277.019172,30.154273,False,False,False,False,False,False,False,2-circle,-1.000000,-37.992655,100.000000,99.773517,0.226483,0.000000,6.750171,-82.969209,-0.597638,2,0,0,0.0000,0.0000,0.0000,0.5000,"Pursue",0.052123
637,A0100,adaptive_eagle,HABFM,8717.353239,90.116323,55.568322,142.872570,-90.083230,12435.411784,244.547299,15082.922944,-119.818561,-6120.506932,-267.594976,47.587295,False,False,False,False,False,False,False,2-circle,-1.000000,-47.009153,100.000000,99.773517,0.226483,0.000000,4.132291,-85.519573,-1.064754,1,0,4,0.0000,0.0000,0.0000,0.5000,"HeadOnBreak",-0.088552
637,B0100,defensive,HABFM,8717.353239,90.116323,55.568322,142.872570,-90.083230,12435.411784,244.547299,15082.922944,-119.818561,-6120.506932,-267.594976,47.587295,False,False,False,False,False,False,False,2-circle,-1.000000,-47.009153,100.000000,99.773517,0.226483,0.000000,4.132291,-85.519573,-1.064754,2,0,0,0.0000,0.0000,0.0000,0.5000,"Pursue",0.022549
638,A0100,adaptive_eagle,HABFM,8807.065005,89.642284,55.796685,142.449789,-89.597437,12424.323222,244.608083,15073.150652,-48.861456,-6214.936647,-264.769777,20.120220,False,False,True,False,False,False,False,2-circle,-1.000000,-56.102775,100.000000,99.773517,0.226483,0.000000,10.081565,-79.501399,-1.511468,1,0,4,0.0000,0.0000,0.0000,0.5000,"HeadOnBreak",-0.035617
638,B0100,defensive,HABFM,8807.065005,89.642284,55.796685,142.449789,-89.597437,12424.323222,244.608083,15073.150652,-48.861456,-6214.936647,-264.769777,20.120220,False,False,True,False,False,False,False,2-circle,-1.000000,-56.102775,100.000000,99.773517,0.226483,0.000000,10.081565,-79.501399,-1.511468,2,0,0,0.0000,0.0000,0.0000,0.5000,"Pursue",0.011921
639,A0100,adaptive_eagle,HABFM,8895.701147,89.400009,56.566606,142.922974,-89.345439,12412.648881,244.854213,15066.809613,-31.705196,-6272.769433,-258.961878,10.759853,False,False,True,False,False,False,False,2-circle,-1.000000,-64.561520,100.000000,99.773517,0.226483,0.000000,18.615854,-70.901937,-1.599451,1,0,4,0.0000,0.0000,0.0000,0.5000,"HeadOnBreak",-0.106066
639,B0100,defensive,HABFM,8895.701147,89.400009,56.566606,142.922974,-89.345439,12412.648881,244.854213,15066.809613,-31.705196,-6272.769433,-258.961878,10.759853,False,False,True,False,False,False,False,2-circle,-1.000000,-64.561520,100.000000,99.773517,0.226483,0.000000,18.615854,-70.901937,-1.599451,2,0,0,0.0000,0.0000,0.0000,0.5000,"Pursue",0.033565
640,A0100,adaptive_eagle,HABFM,8980.569571,88.690876,58.386785,143.997246,-88.626968,12400.838727,244.512203,15047.590039,-96.097873,-6264.264119,-242.254992,8.268240,False,False,True,False,False,False,False,2-circle,-1.000000,-72.447207,100.000000,99.773517,0.226483,0.000000,23.744303,-65.711231,-1.268378,1,8,4,0.0000,0.0000,0.0000,0.5000,"HeadOnBreak",-0.220780
640,B0100,defensive,HABFM,8980.569571,88.690876,58.386785,143.997246,-88.626968,12400.838727,244.512203,15047.590039,-96.097873,-6264.264119,-242.254992,8.268240,False,False,True,False,False,False,False,2-circle,-1.000000,-72.447207,100.000000,99.773517,0.226483,0.000000,23.744303,-65.711231,-1.268378,2,0,0,0.0000,0.0000,0.0000,0.5000,"Pursue",0.057438
641,A0100,adaptive_eagle,HABFM,9059.380576,87.492595,59.745947,143.988606,-87.419185,12389.571829,243.600516,15016.622590,-154.837241,-6314.186188,-226.659318,9.220899,False,False,True,False,False,False,False,2-circle,-1.000000,-81.948697,100.000000,99.773517,0.226483,0.000000,21.486882,-67.892377,-0.793233,1,8,4,0.0000,0.0000,0.0000,0.5000,"HeadOnBreak",-0.282049
641,B0100,defensive,HABFM,9059.380576,87.492595,59.745947,143.988606,-87.419185,12389.571829,243.600516,15016.622590,-154.837241,-6314.186188,-226.659318,9.220899,False,False,True,False,False,False,False,2-circle,-1.000000,-81.948697,100.000000,99.773517,0.226483,0.000000,21.486882,-67.892377,-0.793233,2,0,0,0.0000,0.0000,0.0000,0.5000,"Pursue",0.064856
642,A0100,adaptive_eagle,HABFM,9134.734288,86.178779,59.752428,142.662766,-86.093912,12378.963195,242.631377,14985.152665,-157.349627,-6463.977482,-221.298184,13.299799,False,False,True,False,False,False,False,2-circle,-1.000000,-93.805660,100.000000,99.773517,0.226483,0.000000,15.072822,-74.210067,-0.464850,1,8,4,0.0000,0.0000,0.0000,0.5000,"HeadOnBreak",-0.297017
642,B0100,defensive,HABFM,9134.734288,86.178779,59.752428,142.662766,-86.093912,12378.963195,242.631377,14985.152665,-157.349627,-6463.977482,-221.298184,13.299799,False,False,True,False,False,False,False,2-circle,-1.000000,-93.805660,100.000000,99.773517,0.226483,0.000000,15.072822,-74.210067,-0.464850,2,0,0,0.0000,0.0000,0.0000,0.5000,"Pursue",0.064878
643,A0100,adaptive_eagle,HABFM,9209.675119,84.908512,58.912818,140.556352,-84.806876,12368.584990,241.828255,14957.549771,-138.014469,-6679.040994,-223.134516,25.944401,False,False,True,False,False,False,False,2-circle,-1.000000,-106.921868,100.000000,99.773517,0.226483,0.000000,7.450359,-81.723967,-0.530263,1,0,4,0.0000,0.0000,0.0000,0.5000,"HeadOnBreak",-0.229446
643,B0100,defensive,HABFM,9209.675119,84.908512,58.912818,140.556352,-84.806876,12368.584990,241.828255,14957.549771,-138.014469,-6679.040994,-223.134516,25.944401,False,False,True,False,False,False,False,2-circle,-1.000000,-106.921868,100.000000,99.773517,0.226483,0.000000,7.450359,-81.723967,-0.530263,2,0,0,0.0000,0.0000,0.0000,0.5000,"Pursue",0.053388
644,A0100,adaptive_eagle,HABFM,9285.056696,83.900907,58.583578,139.183625,-83.775935,12357.867873,241.391538,14937.490288,-100.297414,-6835.036371,-222.059655,38.969402,False,False,True,False,False,False,False,2-circle,-1.000000,-120.184358,100.000000,99.773517,0.226483,0.000000,4.603656,-84.458071,-0.933050,1,0,4,0.0000,0.0000,0.0000,0.5000,"HeadOnBreak",-0.115903
644,B0100,defensive,HABFM,9285.056696,83.900907,58.583578,139.183625,-83.775935,12357.867873,241.391538,14937.490288,-100.297414,-6835.036371,-222.059655,38.969402,False,False,True,False,False,False,False,2-circle,-1.000000,-120.184358,100.000000,99.773517,0.226483,0.000000,4.603656,-84.458071,-0.933050,2,0,0,0.0000,0.0000,0.0000,0.5000,"Pursue",0.032428
645,A0100,adaptive_eagle,HABFM,9359.176406,83.309409,59.181604,139.320026,-83.162997,12346.535773,241.383286,14925.981816,-57.542362,-6906.015935,-215.458269,18.360315,False,False,True,False,False,False,False,2-circle,-1.000000,-131.922792,100.000000,99.773517,0.226483,0.000000,10.596695,-78.360929,-1.346788,1,0,4,0.0000,0.0000,0.0000,0.5000,"HeadOnBreak",-0.064253
645,B0100,defensive,HABFM,9359.176406,83.309409,59.181604,139.320026,-83.162997,12346.535773,241.383286,14925.981816,-57.542362,-6906.015935,-215.458269,18.360315,False,False,True,False,False,False,False,2-circle,-1.000000,-131.922792,100.000000,99.773517,0.226483,0.000000,10.596695,-78.360929,-1.346788,2,0,0,0.0000,0.0000,0.0000,0.5000,"Pursue",0.027093
646,A0100,adaptive_eagle,HABFM,9429.644554,82.818172,60.841647,140.594851,-82.656623,12334.747479,241.419702,14914.971875,-55.049707,-6887.047628,-200.476898,10.187525,False,False,True,False,False,False,False,2-circle,-1.000000,-141.277328,100.000000,99.773517,0.226483,0.000000,19.235296,-69.633197,-1.427203,2,0,3,0.0000,0.0000,0.0000,0.5000,"LeadPursuit",-0.111559
646,B0100,defensive,HABFM,9429.644554,82.818172,60.841647,140.594851,-82.656623,12334.747479,241.419702,14914.971875,-55.049707,-6887.047628,-200.476898,10.187525,False,False,True,False,False,False,False,2-circle,-1.000000,-141.277328,100.000000,99.773517,0.226483,0.000000,19.235296,-69.633197,-1.427203,2,0,0,0.0000,0.0000,0.0000,0.5000,"Pursue",0.038294
647,A0100,adaptive_eagle,HABFM,9494.757734,82.116082,62.328952,141.291569,-81.947976,12322.941102,241.138657,14897.161528,-89.051733,-6913.408128,-186.019001,7.877444,False,False,True,False,False,False,False,2-circle,-1.000000,-150.137534,100.000000,99.773517,0.226483,0.000000,24.454371,-64.324616,-1.082473,2,0,3,0.0000,0.0000,0.0000,0.5000,"LeadPursuit",-0.206126
647,B0100,defensive,HABFM,9494.757734,82.116082,62.328952,141.291569,-81.947976,12322.941102,241.138657,14897.161528,-89.051733,-6913.408128,-186.019001,7.877444,False,False,True,False,False,False,False,2-circle,-1.000000,-150.137534,100.000000,99.773517,0.226483,0.000000,24.454371,-64.324616,-1.082473,2,0,0,0.0000,0.0000,0.0000,0.5000,"Pursue",0.059475
648,A0100,adaptive_eagle,HABFM,9555.637029,81.037454,63.257220,141.168310,-80.867828,12311.645722,240.416161,14870.463589,-133.489697,-7008.985563,-174.441563,8.664501,False,False,True,False,False,False,False,2-circle,-1.000000,-160.364055,100.000000,99.773517,0.226483,0.000000,22.347874,-66.325695,-0.561830,2,0,3,0.0000,0.0000,0.0000,0.5000,"LeadPursuit",-0.234274
648,B0100,defensive,HABFM,9555.637029,81.037454,63.257220,141.168310,-80.867828,12311.645722,240.416161,14870.463589,-133.489697,-7008.985563,-174.441563,8.664501,False,False,True,False,False,False,False,2-circle,-1.000000,-160.364055,100.000000,99.773517,0.226483,0.000000,22.347874,-66.325695,-0.561830,2,0,0,0.0000,0.0000,0.0000,0.5000,"Pursue",0.069823
649,A0100,adaptive_eagle,HABFM,9612.369705,79.807441,64.368700,141.129873,-79.632977,12301.011076,239.582689,14842.117937,-141.728258,-7099.749877,-160.588893,12.079947,False,False,True,False,False,False,False,2-circle,-1.000000,-171.863246,100.000000,99.773517,0.226483,0.000000,16.067464,-72.484391,-0.175510,2,0,3,0.0000,0.0000,0.0000,0.5000,"LeadPursuit",-0.226539
649,B0100,defensive,HABFM,9612.369705,79.807441,64.368700,141.129873,-79.632977,12301.011076,239.582689,14842.117937,-141.728258,-7099.749877,-160.588893,12.079947,False,False,True,False,False,False,False,2-circle,-1.000000,-171.863246,100.000000,99.773517,0.226483,0.000000,16.067464,-72.484391,-0.175510,2,0,0,0.0000,0.0000,0.0000,0.5000,"Pursue",0.071565
650,A0100,adaptive_eagle,HABFM,9664.025920,78.591798,65.708001,141.352238,-78.402597,12290.676724,238.860733,14816.491968,-128.129844,-7157.237994,-144.665910,21.340555,False,False,True,False,False,False,False,2-circle,-1.000000,-183.443845,100.000000,99.773517,0.226483,0.000000,8.582349,-79.840165,-0.170412,2,0,3,0.0000,0.0000,0.0000,0.5000,"LeadPursuit",-0.163788
650,B0100,defensive,HABFM,9664.025920,78.591798,65.708001,141.352238,-78.402597,12290.676724,238.860733,14816.491968,-128.129844,-7157.237994,-144.665910,21.340555,False,False,True,False,False,False,False,2-circle,-1.000000,-183.443845,100.000000,99.773517,0.226483,0.000000,8.582349,-79.840165,-0.170412,2,0,0,0.0000,0.0000,0.0000,0.5000,"Pursue",0.059752
651,A0100,adaptive_eagle,HABFM,9709.948447,77.615510,67.466863,142.238501,-77.400751,12280.119933,238.458206,14797.429354,-95.313072,-7154.224479,-126.009956,28.964820,False,False,True,False,False,False,False,2-circle,-1.000000,-193.458658,100.000000,99.773517,0.226483,0.000000,5.833863,-82.465021,-0.489131,2,0,3,0.0000,0.0000,0.0000,0.5000,"LeadPursuit",-0.051720
651,B0100,defensive,HABFM,9709.948447,77.615510,67.466863,142.238501,-77.400751,12280.119933,238.458206,14797.429354,-95.313072,-7154.224479,-126.009956,28.964820,False,False,True,False,False,False,False,2-circle,-1.000000,-193.458658,100.000000,99.773517,0.226483,0.000000,5.833863,-82.465021,-0.489131,2,0,0,0.0000,0.0000,0.0000,0.5000,"Pursue",0.036818
652,A0100,adaptive_eagle,HABFM,9748.634032,77.032475,70.043981,144.159337,-76.794821,12269.068078,238.441794,14786.031002,-56.991758,-7076.319897,-102.032378,15.825286,False,False,True,False,False,False,False,2-circle,-1.000000,-201.182098,100.000000,99.773517,0.226483,0.000000,11.799441,-76.387559,-0.814484,2,0,3,0.0000,0.0000,0.0000,0.5000,"LeadPursuit",-0.068653
652,B0100,defensive,HABFM,9748.634032,77.032475,70.043981,144.159337,-76.794821,12269.068078,238.441794,14786.031002,-56.991758,-7076.319897,-102.032378,15.825286,False,False,True,False,False,False,False,2-circle,-1.000000,-201.182098,100.000000,99.773517,0.226483,0.000000,11.799441,-76.387559,-0.814484,2,0,0,0.0000,0.0000,0.0000,0.5000,"Pursue",0.040705
653,A0100,adaptive_eagle,HABFM,9779.143704,76.386987,72.397726,145.521455,-76.135613,12257.700876,238.302816,14771.730589,-71.502067,-7031.244044,-79.635797,10.774575,False,False,True,False,False,False,False,2-circle,-1.000000,-208.671114,100.000000,99.773517,0.226483,0.000000,17.660385,-70.407670,-0.930335,2,0,3,0.0000,0.0000,0.0000,0.5000,"LeadPursuit",-0.183518
653,B0100,defensive,HABFM,9779.143704,76.386987,72.397726,145.521455,-76.135613,12257.700876,238.302816,14771.730589,-71.502067,-7031.244044,-79.635797,10.774575,False,False,True,False,False,False,False,2-circle,-1.000000,-208.671114,100.000000,99.773517,0.226483,0.000000,17.660385,-70.407670,-0.930335,2,0,0,0.0000,0.0000,0.0000,0.5000,"Pursue",0.067532
654,A0100,adaptive_eagle,HABFM,9803.092972,75.322803,73.930464,145.820427,-75.064649,12246.450337,237.704503,14747.871819,-119.293851,-7075.630340,-62.385341,10.786177,False,False,True,False,False,False,False,2-circle,-1.000000,-217.649226,100.000000,99.773517,0.226483,0.000000,17.545709,-70.379342,-0.835699,2,0,3,0.0000,0.0000,0.0000,0.5000,"LeadPursuit",-0.227734
654,B0100,defensive,HABFM,9803.092972,75.322803,73.930464,145.820427,-75.064649,12246.450337,237.704503,14747.871819,-119.293851,-7075.630340,-62.385341,10.786177,False,False,True,False,False,False,False,2-circle,-1.000000,-217.649226,100.000000,99.773517,0.226483,0.000000,17.545709,-70.379342,-0.835699,2,0,0,0.0000,0.0000,0.0000,0.5000,"Pursue",0.080645
655,A0100,adaptive_eagle,HABFM,9821.580079,74.088736,75.255546,145.884862,-73.821196,12235.526442,236.955228,14721.203187,-133.343158,-7143.357042,-46.119289,13.851712,False,False,True,False,False,False,False,2-circle,-1.000000,-227.838926,100.000000,99.773517,0.226483,0.000000,13.321066,-74.437279,-0.731591,2,0,3,0.0000,0.0000,0.0000,0.5000,"LeadPursuit",-0.217697
655,B0100,defensive,HABFM,9821.580079,74.088736,75.255546,145.884862,-73.821196,12235.526442,236.955228,14721.203187,-133.343158,-7143.357042,-46.119289,13.851712,False,False,True,False,False,False,False,2-circle,-1.000000,-227.838926,100.000000,99.773517,0.226483,0.000000,13.321066,-74.437279,-0.731591,2,0,0,0.0000,0.0000,0.0000,0.5000,"Pursue",0.081461
656,A0100,adaptive_eagle,HABFM,9834.365711,72.890086,76.703391,146.155771,-72.601206,12224.706038,236.306054,14696.781685,-122.107510,-7188.143160,-28.835517,22.607085,False,False,True,False,False,False,False,2-circle,-1.000000,-238.121726,100.000000,99.773517,0.226483,0.000000,7.287450,-80.288910,-0.856677,2,0,3,0.0000,0.0000,0.0000,0.5000,"LeadPursuit",-0.151555
656,B0100,defensive,HABFM,9834.365711,72.890086,76.703391,146.155771,-72.601206,12224.706038,236.306054,14696.781685,-122.107510,-7188.143160,-28.835517,22.607085,False,False,True,False,False,False,False,2-circle,-1.000000,-238.121726,100.000000,99.773517,0.226483,0.000000,7.287450,-80.288910,-0.856677,2,0,0,0.0000,0.0000,0.0000,0.5000,"Pursue",0.067743
657,A0100,adaptive_eagle,HABFM,9841.030856,71.935342,78.535401,147.060059,-71.611136,12213.577757,235.957952,14678.375546,-92.030694,-7179.624326,-9.166345,28.283218,False,False,True,False,False,False,False,2-circle,-1.000000,-246.971658,100.000000,99.773517,0.226483,0.000000,5.194314,-82.198518,-1.188768,2,0,3,0.0000,0.0000,0.0000,0.5000,"LeadPursuit",-0.032211
657,B0100,defensive,HABFM,9841.030856,71.935342,78.535401,147.060059,-71.611136,12213.577757,235.957952,14678.375546,-92.030694,-7179.624326,-9.166345,28.283218,False,False,True,False,False,False,False,2-circle,-1.000000,-246.971658,100.000000,99.773517,0.226483,0.000000,5.194314,-82.198518,-1.188768,2,0,0,0.0000,0.0000,0.0000,0.5000,"Pursue",0.041367
658,A0100,adaptive_eagle,HABFM,9840.110559,71.372922,81.171104,148.944326,-71.017261,12201.925220,235.991040,14667.414324,-54.806111,-7098.107744,15.770938,15.683599,False,False,True,False,False,False,False,2-circle,-1.000000,-253.741088,100.000000,99.773517,0.226483,0.000000,11.092647,-76.120966,-1.470140,2,0,3,0.0000,0.0000,0.0000,0.5000,"LeadPursuit",-0.051304
658,B0100,defensive,HABFM,9840.110559,71.372922,81.171104,148.944326,-71.017261,12201.925220,235.991040,14667.414324,-54.806111,-7098.107744,15.770938,15.683599,False,False,True,False,False,False,False,2-circle,-1.000000,-253.741088,100.000000,99.773517,0.226483,0.000000,11.092647,-76.120966,-1.470140,2,0,0,0.0000,0.0000,0.0000,0.5000,"Pursue",0.045792
659,A0100,adaptive_eagle,HABFM,9830.752830,70.747179,83.552522,150.216181,-70.373123,12189.932723,235.912177,14653.774267,-68.200287,-7049.345975,38.717769,10.860240,False,False,True,False,False,False,False,2-circle,-1.000000,-260.461389,100.000000,99.773517,0.226483,0.000000,16.662197,-70.353083,-1.537948,2,0,3,0.0000,0.0000,0.0000,0.5000,"LeadPursuit",-0.175669
659,B0100,defensive,HABFM,9830.752830,70.747179,83.552522,150.216181,-70.373123,12189.932723,235.912177,14653.774267,-68.200287,-7049.345975,38.717769,10.860240,False,False,True,False,False,False,False,2-circle,-1.000000,-260.461389,100.000000,99.773517,0.226483,0.000000,16.662197,-70.353083,-1.537948,2,0,0,0.0000,0.0000,0.0000,0.5000,"Pursue",0.077100
660,A0100,adaptive_eagle,HABFM,9814.717407,69.697342,85.090602,150.469916,-69.314865,12178.021420,235.381218,14630.784887,-114.946896,-7090.788116,56.194050,10.973973,False,False,True,False,False,False,False,2-circle,-1.000000,-268.757368,100.000000,99.773517,0.226483,0.000000,16.277787,-70.498189,-1.416225,2,0,3,0.0000,0.0000,0.0000,0.5000,"LeadPursuit",-0.223377
660,B0100,defensive,HABFM,9814.717407,69.697342,85.090602,150.469916,-69.314865,12178.021420,235.381218,14630.784887,-114.946896,-7090.788116,56.194050,10.973973,False,False,True,False,False,False,False,2-circle,-1.000000,-268.757368,100.000000,99.773517,0.226483,0.000000,16.277787,-70.498189,-1.416225,2,0,0,0.0000,0.0000,0.0000,0.5000,"Pursue",0.092595
661,A0100,adaptive_eagle,DBFM,9793.176592,68.475998,86.411488,150.513752,-68.081017,12166.393013,234.698798,14604.954940,-129.149736,-7156.852783,72.525057,14.191005,False,False,True,False,False,False,False,2-circle,-1.000000,-278.287015,100.000000,99.773517,0.226483,0.000000,11.854192,-74.639712,-1.303387,2,0,3,0.0000,0.0000,0.0000,0.5000,"LeadPursuit",-0.211701
661,B0100,defensive,DBFM,9793.176592,68.475998,86.411488,150.513752,-68.081017,12166.393013,234.698798,14604.954940,-129.149736,-7156.852783,72.525057,14.191005,False,False,True,False,False,False,False,2-circle,-1.000000,-278.287015,100.000000,99.773517,0.226483,0.000000,11.854192,-74.639712,-1.303387,2,0,0,0.0000,0.0000,0.0000,0.5000,"Pursue",0.093476
662,A0100,adaptive_eagle,DBFM,9765.943126,67.296114,87.849240,150.760801,-66.871582,12154.825947,234.115557,14581.282973,-118.359836,-7201.654655,89.692001,23.336889,False,False,True,False,False,False,False,2-circle,-1.000000,-287.918062,100.000000,99.773517,0.226483,0.000000,5.684461,-80.492237,-1.429712,2,0,3,0.0000,0.0000,0.0000,0.5000,"LeadPursuit",-0.139106
662,B0100,defensive,DBFM,9765.943126,67.296114,87.849240,150.760801,-66.871582,12154.825947,234.115557,14581.282973,-118.359836,-7201.654655,89.692001,23.336889,False,False,True,False,False,False,False,2-circle,-1.000000,-287.918062,100.000000,99.773517,0.226483,0.000000,5.684461,-80.492237,-1.429712,2,0,0,0.0000,0.0000,0.0000,0.5000,"Pursue",0.077386
663,A0100,adaptive_eagle,DBFM,9732.635672,66.366897,89.679506,151.631228,-65.893325,12142.916761,233.830971,14563.478272,-89.023503,-7193.700185,109.164612,29.398963,False,False,True,False,False,False,False,2-circle,-1.000000,-296.130418,100.000000,99.773517,0.226483,0.000000,3.422154,-82.416798,-1.768772,2,0,3,0.0000,0.0000,0.0000,0.5000,"LeadPursuit",-0.009130
663,B0100,defensive,DBFM,9732.635672,66.366897,89.679506,151.631228,-65.893325,12142.916761,233.830971,14563.478272,-89.023503,-7193.700185,109.164612,29.398963,False,False,True,False,False,False,False,2-circle,-1.000000,-296.130418,100.000000,99.773517,0.226483,0.000000,3.422154,-82.416798,-1.768772,2,0,0,0.0000,0.0000,0.0000,0.5000,"Pursue",-0.361059
664,A0100,adaptive_eagle,DBFM,9691.809649,65.827080,92.322108,153.412676,-65.309399,12130.453575,233.925586,14552.974352,-52.519600,-7112.095057,133.800720,16.176614,False,False,True,False,False,False,False,2-circle,-1.000000,-302.256903,100.000000,99.773517,0.226483,0.000000,9.084198,-76.401579,-2.062995,2,0,3,0.0000,0.0000,0.0000,0.5000,"LeadPursuit",-0.032166
664,B0100,defensive,DBFM,9691.809649,65.827080,92.322108,153.412676,-65.309399,12130.453575,233.925586,14552.974352,-52.519600,-7112.095057,133.800720,16.176614,False,False,True,False,False,False,False,2-circle,-1.000000,-302.256903,100.000000,99.773517,0.226483,0.000000,9.084198,-76.401579,-2.062995,2,0,0,0.0000,0.0000,0.0000,0.5000,"Pursue",-0.444282
665,A0100,adaptive_eagle,DBFM,9642.666914,65.214352,94.704237,154.522856,-64.670144,12117.616842,233.910596,14539.827151,-65.736007,-7062.223066,156.351200,11.117955,False,False,True,False,False,False,False,2-circle,-1.000000,-308.279661,100.000000,99.773517,0.226483,0.000000,14.476857,-70.605432,-2.150640,2,0,3,0.0000,0.0000,0.0000,0.5000,"LeadPursuit",-0.168871
665,B0100,defensive,DBFM,9642.666914,65.214352,94.704237,154.522856,-64.670144,12117.616842,233.910596,14539.827151,-65.736007,-7062.223066,156.351200,11.117955,False,False,True,False,False,False,False,2-circle,-1.000000,-308.279661,100.000000,99.773517,0.226483,0.000000,14.476857,-70.605432,-2.150640,2,0,0,0.0000,0.0000,0.0000,0.5000,"Pursue",-0.226597
666,A0100,adaptive_eagle,DBFM,9586.973559,64.171363,96.233918,154.707168,-63.614262,12104.821268,233.448031,14517.461069,-111.830408,-7102.172327,173.485729,11.141523,False,False,True,False,False,False,False,2-circle,-1.000000,-315.787774,100.000000,99.773517,0.226483,0.000000,13.986208,-70.605031,-2.048841,2,4,4,0.0000,0.0000,0.0000,0.5000,"Accelerate",-0.220368
666,B0100,defensive,DBFM,9586.973559,64.171363,96.233918,154.707168,-63.614262,12104.821268,233.448031,14517.461069,-111.830408,-7102.172327,173.485729,11.141523,False,False,True,False,False,False,False,2-circle,-1.000000,-315.787774,100.000000,99.773517,0.226483,0.000000,13.986208,-70.605031,-2.048841,2,0,0,0.0000,0.0000,0.0000,0.5000,"Pursue",-0.162654
667,A0100,adaptive_eagle,DBFM,9525.909082,62.959630,97.531227,154.722276,-62.384485,12092.272944,232.834634,14492.250730,-126.051698,-7167.917876,189.324600,14.249629,False,False,True,False,False,False,False,2-circle,-1.000000,-324.459114,100.000000,99.773517,0.226483,0.000000,9.429535,-74.568769,-1.946356,2,4,4,0.0000,0.0000,0.0000,0.5000,"Accelerate",-0.192386
667,B0100,defensive,DBFM,9525.909082,62.959630,97.531227,154.722276,-62.384485,12092.272944,232.834634,14492.250730,-126.051698,-7167.917876,189.324600,14.249629,False,False,True,False,False,False,False,2-circle,-1.000000,-324.459114,100.000000,99.773517,0.226483,0.000000,9.429535,-74.568769,-1.946356,2,0,0,0.0000,0.0000,0.0000,0.5000,"Pursue",-0.073399
668,A0100,adaptive_eagle,DBFM,9459.987519,62.002200,98.306520,154.536502,-61.387921,12079.735880,232.504802,14472.918896,-96.659167,-7246.286859,199.883527,16.109842,False,False,True,False,False,False,False,2-circle,-1.000000,-333.214495,100.000000,99.773517,0.226483,0.000000,7.040753,-76.258256,-1.903166,2,4,4,0.0000,0.0000,0.0000,0.5000,"Accelerate",-0.129602
668,B0100,defensive,DBFM,9459.987519,62.002200,98.306520,154.536502,-61.387921,12079.735880,232.504802,14472.918896,-96.659167,-7246.286859,199.883527,16.109842,False,False,True,False,False,False,False,2-circle,-1.000000,-333.214495,100.000000,99.773517,0.226483,0.000000,7.040753,-76.258256,-1.903166,2,0,0,0.0000,0.0000,0.0000,0.5000,"Pursue",0.035970
669,A0100,adaptive_eagle,DBFM,9391.923026,61.470896,98.373157,154.265975,-60.820871,12066.976854,232.566985,14461.440139,-57.393785,-7359.307243,203.071393,11.333689,False,False,True,False,False,False,False,2-circle,-1.000000,-341.190347,100.000000,99.773517,0.226483,0.000000,11.648003,-70.833801,-1.779998,3,0,3,0.0000,0.0000,0.0000,0.5000,"LeadPursuit",-0.134998
669,B0100,defensive,DBFM,9391.923026,61.470896,98.373157,154.265975,-60.820871,12066.976854,232.566985,14461.440139,-57.393785,-7359.307243,203.071393,11.333689,False,False,True,False,False,False,False,2-circle,-1.000000,-341.190347,100.000000,99.773517,0.226483,0.000000,11.648003,-70.833801,-1.779998,2,0,0,0.0000,0.0000,0.0000,0.5000,"Pursue",0.049747
670,A0100,adaptive_eagle,DBFM,9323.231954,60.913684,98.341613,154.300572,-60.252581,12054.124289,232.538545,14448.001984,-67.190777,-7444.025913,205.384364,8.789967,False,False,True,False,False,False,False,2-circle,-1.000000,-347.579797,100.000000,99.773517,0.226483,0.000000,15.675176,-65.853272,-1.511924,3,0,3,0.0000,0.0000,0.0000,0.5000,"LeadPursuit",-0.182644
670,B0100,defensive,DBFM,9323.231954,60.913684,98.341613,154.300572,-60.252581,12054.124289,232.538545,14448.001984,-67.190777,-7444.025913,205.384364,8.789967,False,False,True,False,False,False,False,2-circle,-1.000000,-347.579797,100.000000,99.773517,0.226483,0.000000,15.675176,-65.853272,-1.511924,2,0,0,0.0000,0.0000,0.0000,0.5000,"Pursue",-0.092161
671,A0100,adaptive_eagle,DBFM,9252.410841,59.944799,99.085684,155.163928,-59.297576,12041.601908,232.065142,14425.742596,-111.296940,-7457.078976,215.389477,9.161115,False,False,True,False,False,False,False,2-circle,-1.000000,-350.627238,100.000000,99.773517,0.226483,0.000000,13.759891,-66.679936,-1.152598,3,0,3,0.0000,0.0000,0.0000,0.5000,"LeadPursuit",-0.169219
671,B0100,defensive,DBFM,9252.410841,59.944799,99.085684,155.163928,-59.297576,12041.601908,232.065142,14425.742596,-111.296940,-7457.078976,215.389477,9.161115,False,False,True,False,False,False,False,2-circle,-1.000000,-350.627238,100.000000,99.773517,0.226483,0.000000,13.759891,-66.679936,-1.152598,2,1,1,0.0000,0.0000,0.0000,0.5000,"Pursue",-0.285852
672,A0100,adaptive_eagle,DBFM,9176.456926,58.796734,100.823423,156.593933,-58.162891,12029.613350,231.434640,14400.816615,-124.629903,-7398.646616,233.958624,11.674731,False,False,True,False,False,False,False,2-circle,-1.000000,-349.177999,100.000000,99.773517,0.226483,0.000000,7.941576,-71.261139,-0.869919,3,0,3,0.0000,0.0000,0.0000,0.5000,"LeadPursuit",-0.173963
672,B0100,defensive,DBFM,9176.456926,58.796734,100.823423,156.593933,-58.162891,12029.613350,231.434640,14400.816615,-124.629903,-7398.646616,233.958624,11.674731,False,False,True,False,False,False,False,2-circle,-1.000000,-349.177999,100.000000,99.773517,0.226483,0.000000,7.941576,-71.261139,-0.869919,2,1,1,0.0000,0.0000,0.0000,0.5000,"Pursue",-0.247559
673,A0100,adaptive_eagle,DBFM,9094.016261,57.680033,102.460622,157.340127,-57.035475,12017.918455,230.894569,14378.067858,-113.743788,-7381.877088,251.592046,17.667253,False,False,True,False,False,False,False,2-circle,-1.000000,-344.976672,100.000000,99.773517,0.226483,0.000000,0.362846,-77.334461,-0.837258,3,0,3,0.0000,0.0000,0.0000,0.5000,"LeadPursuit",-0.152296
673,B0100,defensive,DBFM,9094.016261,57.680033,102.460622,157.340127,-57.035475,12017.918455,230.894569,14378.067858,-113.743788,-7381.877088,251.592046,17.667253,False,False,True,False,False,False,False,2-circle,-1.000000,-344.976672,100.000000,99.773517,0.226483,0.000000,0.362846,-77.334461,-0.837258,2,1,1,0.0000,0.0000,0.0000,0.5000,"Pursue",-0.142894
674,A0100,adaptive_eagle,DBFM,9006.488386,56.812295,103.524915,157.576733,-56.128482,12006.100801,230.642510,14361.100037,-84.839101,-7410.223441,263.813527,21.228817,False,False,True,False,False,False,False,2-circle,-1.000000,-339.412446,100.000000,99.773517,0.226483,0.000000,-3.660358,-79.393648,-1.007788,3,0,3,0.0000,0.0000,0.0000,0.5000,"LeadPursuit",-0.052828
674,B0100,defensive,DBFM,9006.488386,56.812295,103.524915,157.576733,-56.128482,12006.100801,230.642510,14361.100037,-84.839101,-7410.223441,263.813527,21.228817,False,False,True,False,False,False,False,2-circle,-1.000000,-339.412446,100.000000,99.773517,0.226483,0.000000,-3.660358,-79.393648,-1.007788,2,1,1,0.0000,0.0000,0.0000,0.5000,"Pursue",-0.184089
675,A0100,adaptive_eagle,DBFM,8915.169688,56.340196,104.561374,158.278440,-55.623549,11993.917441,230.757775,14351.271104,-49.144669,-7418.701893,274.365684,13.388297,False,False,True,False,False,False,False,2-circle,-1.000000,-332.018709,100.000000,99.773517,0.226483,0.000000,-0.412506,-73.467426,-1.142141,3,0,3,0.0000,0.0000,0.0000,0.5000,"LeadPursuit",-0.032964
675,B0100,defensive,DBFM,8915.169688,56.340196,104.561374,158.278440,-55.623549,11993.917441,230.757775,14351.271104,-49.144669,-7418.701893,274.365684,13.388297,False,False,True,False,False,False,False,2-circle,-1.000000,-332.018709,100.000000,99.773517,0.226483,0.000000,-0.412506,-73.467426,-1.142141,2,1,1,0.0000,0.0000,0.0000,0.5000,"Pursue",-0.277063
676,A0100,adaptive_eagle,DBFM,8819.897991,55.801858,106.008828,159.604537,-55.083511,11981.524698,230.757166,14338.865931,-62.025862,-7372.764565,288.069904,9.623774,False,False,True,False,False,False,False,2-circle,-1.000000,-321.802826,100.000000,99.773517,0.226483,0.000000,1.640300,-67.558315,-1.089437,2,0,3,0.0000,0.0000,0.0000,0.5000,"LeadPursuit",-0.072111
676,B0100,defensive,DBFM,8819.897991,55.801858,106.008828,159.604537,-55.083511,11981.524698,230.757166,14338.865931,-62.025862,-7372.764565,288.069904,9.623774,False,False,True,False,False,False,False,2-circle,-1.000000,-321.802826,100.000000,99.773517,0.226483,0.000000,1.640300,-67.558315,-1.089437,2,1,1,0.0000,0.0000,0.0000,0.5000,"Pursue",-0.424849
677,A0100,adaptive_eagle,DBFM,8718.572814,54.832257,108.341629,161.399170,-54.142507,11969.363928,230.306786,14317.512266,-106.768325,-7270.327448,309.648704,9.486964,False,False,True,False,False,False,False,2-circle,-1.000000,-308.503384,100.000000,99.773517,0.226483,0.000000,-4.101557,-67.224356,-0.858656,2,0,3,0.0000,0.0000,0.0000,0.5000,"LeadPursuit",-0.119939
677,B0100,defensive,DBFM,8718.572814,54.832257,108.341629,161.399170,-54.142507,11969.363928,230.306786,14317.512266,-106.768325,-7270.327448,309.648704,9.486964,False,False,True,False,False,False,False,2-circle,-1.000000,-308.503384,100.000000,99.773517,0.226483,0.000000,-4.101557,-67.224356,-0.858656,2,1,1,0.0000,0.0000,0.0000,0.5000,"Pursue",-0.374756
678,A0100,adaptive_eagle,DBFM,8609.543045,53.684154,110.601756,162.591673,-53.022989,11957.685094,229.697250,14293.420538,-120.458642,-7196.642964,330.943373,11.471157,False,False,True,False,False,False,False,2-circle,-1.000000,-294.140809,100.000000,99.773517,0.226483,0.000000,-18.819620,-70.801618,-0.611537,2,0,3,0.0000,0.0000,0.0000,0.5000,"LeadPursuit",-0.172423
678,B0100,defensive,DBFM,8609.543045,53.684154,110.601756,162.591673,-53.022989,11957.685094,229.697250,14293.420538,-120.458642,-7196.642964,330.943373,11.471157,False,False,True,False,False,False,False,2-circle,-1.000000,-294.140809,100.000000,99.773517,0.226483,0.000000,-18.819620,-70.801618,-0.611537,2,1,1,0.0000,0.0000,0.0000,0.5000,"Pursue",-0.189992
679,A0100,adaptive_eagle,DBFM,8494.499740,52.574386,112.036572,162.918270,-51.917046,11946.313768,229.170046,14271.339487,-110.405253,-7194.187325,345.940958,16.254690,False,False,True,False,False,False,False,2-circle,-1.000000,-280.121672,100.000000,99.773517,0.226483,0.000000,-48.073668,-76.161729,-0.553844,2,0,3,0.0000,0.0000,0.0000,0.5000,"LeadPursuit",-0.129720
679,B0100,defensive,DBFM,8494.499740,52.574386,112.036572,162.918270,-51.917046,11946.313768,229.170046,14271.339487,-110.405253,-7194.187325,345.940958,16.254690,False,False,True,False,False,False,False,2-circle,-1.000000,-280.121672,100.000000,99.773517,0.226483,0.000000,-48.073668,-76.161729,-0.553844,2,1,1,0.0000,0.0000,0.0000,0.5000,"Pursue",-0.164520
680,A0100,adaptive_eagle,DBFM,8374.988653,51.712421,113.223901,163.229403,-51.029796,11934.882832,228.919485,14254.827238,-82.561246,-7200.175124,358.266771,18.636181,False,False,True,False,False,False,False,2-circle,-1.000000,-265.786539,100.000000,99.773517,0.226483,0.000000,-93.007667,-77.859433,-0.665498,2,0,3,0.0000,0.0000,0.0000,0.5000,"LeadPursuit",0.019349
680,B0100,defensive,DBFM,8374.988653,51.712421,113.223901,163.229403,-51.029796,11934.882832,228.919485,14254.827238,-82.561246,-7200.175124,358.266771,18.636181,False,False,True,False,False,False,False,2-circle,-1.000000,-265.786539,100.000000,99.773517,0.226483,0.000000,-93.007667,-77.859433,-0.665498,2,1,1,0.0000,0.0000,0.0000,0.5000,"Pursue",-0.334261
681,A0100,adaptive_eagle,DBFM,8251.110348,51.245103,114.906237,164.514018,-50.544319,11923.160627,229.030899,14245.363796,-47.317209,-7142.223094,372.540019,12.302139,False,False,True,False,False,False,False,2-circle,-1.000000,-249.994381,100.000000,99.773517,0.226483,0.000000,-120.968774,-71.955213,-0.718050,2,0,3,0.0000,0.0000,0.0000,0.5000,"LeadPursuit",0.085044
681,B0100,defensive,DBFM,8251.110348,51.245103,114.906237,164.514018,-50.544319,11923.160627,229.030899,14245.363796,-47.317209,-7142.223094,372.540019,12.302139,False,False,True,False,False,False,False,2-circle,-1.000000,-249.994381,100.000000,99.773517,0.226483,0.000000,-120.968774,-71.955213,-0.718050,2,1,1,0.0000,0.0000,0.0000,0.5000,"Pursue",-0.522515
682,A0100,adaptive_eagle,DBFM,8121.505831,50.709854,117.427639,166.490553,-50.023276,11911.294939,229.029153,14233.462704,-59.505463,-7025.128711,392.325925,9.082433,False,False,True,False,False,False,False,2-circle,-1.000000,-232.645136,100.000000,99.773517,0.226483,0.000000,-131.065906,-66.185439,-0.585980,2,0,3,0.0000,0.0000,0.0000,0.5000,"LeadPursuit",-0.039093
682,B0100,defensive,DBFM,8121.505831,50.709854,117.427639,166.490553,-50.023276,11911.294939,229.029153,14233.462704,-59.505463,-7025.128711,392.325925,9.082433,False,False,True,False,False,False,False,2-circle,-1.000000,-232.645136,100.000000,99.773517,0.226483,0.000000,-131.065906,-66.185439,-0.585980,2,1,1,0.0000,0.0000,0.0000,0.5000,"Pursue",-0.404498
683,A0100,adaptive_eagle,DBFM,7985.066111,49.744616,119.701447,167.556986,-49.100404,11899.730509,228.579874,14212.796559,-103.330722,-6949.597465,411.256654,9.008198,False,False,True,False,False,False,False,2-circle,-1.000000,-216.163393,100.000000,99.773517,0.226483,0.000000,-138.705001,-65.966367,-0.292731,2,0,3,0.0000,0.0000,0.0000,0.5000,"LeadPursuit",-0.158765
683,B0100,defensive,DBFM,7985.066111,49.744616,119.701447,167.556986,-49.100404,11899.730509,228.579874,14212.796559,-103.330722,-6949.597465,411.256654,9.008198,False,False,True,False,False,False,False,2-circle,-1.000000,-216.163393,100.000000,99.773517,0.226483,0.000000,-138.705001,-65.966367,-0.292731,2,1,1,0.0000,0.0000,0.0000,0.5000,"Pursue",-0.183756
684,A0100,adaptive_eagle,DBFM,7843.245460,48.611482,121.135367,167.724751,-48.005733,11888.721688,227.969071,14189.442480,-116.770396,-6954.087868,425.088338,10.840272,False,False,True,False,False,False,False,2-circle,-1.000000,-201.940063,100.000000,99.773517,0.226483,0.000000,-146.785040,-69.614616,0.004935,2,0,3,0.0000,0.0000,0.0000,0.5000,"LeadPursuit",-0.111674
684,B0100,defensive,DBFM,7843.245460,48.611482,121.135367,167.724751,-48.005733,11888.721688,227.969071,14189.442480,-116.770396,-6954.087868,425.088338,10.840272,False,False,True,False,False,False,False,2-circle,-1.000000,-201.940063,100.000000,99.773517,0.226483,0.000000,-146.785040,-69.614616,0.004935,2,2,3,0.0000,0.0000,0.0000,0.5000,"Pursue",-0.172911
685,A0100,adaptive_eagle,DBFM,7697.278341,47.726990,122.376208,167.942246,-47.130733,11878.055151,227.619740,14171.730273,-88.561034,-6969.452357,436.876680,11.822237,False,False,True,False,False,False,False,2-circle,-1.000000,-189.187951,100.000000,99.773517,0.226483,0.000000,-151.128622,-71.154701,0.267439,2,0,3,0.0000,0.0000,0.0000,0.5000,"LeadPursuit",0.022385
685,B0100,defensive,DBFM,7697.278341,47.726990,122.376208,167.942246,-47.130733,11878.055151,227.619740,14171.730273,-88.561034,-6969.452357,436.876680,11.822237,False,False,True,False,False,False,False,2-circle,-1.000000,-189.187951,100.000000,99.773517,0.226483,0.000000,-151.128622,-71.154701,0.267439,2,2,3,0.0000,0.0000,0.0000,0.5000,"Pursue",-0.269075
686,A0100,adaptive_eagle,DBFM,7547.454952,47.269054,123.733114,168.760129,-46.681280,11867.464423,227.642627,14161.600826,-50.647237,-6957.651857,447.907768,9.012641,False,False,True,False,False,False,False,2-circle,-1.000000,-176.821536,100.000000,99.773517,0.226483,0.000000,-147.801183,-65.880162,0.621825,2,0,3,0.0000,0.0000,0.0000,0.5000,"LeadPursuit",0.076008
686,B0100,defensive,DBFM,7547.454952,47.269054,123.733114,168.760129,-46.681280,11867.464423,227.642627,14161.600826,-50.647237,-6957.651857,447.907768,9.012641,False,False,True,False,False,False,False,2-circle,-1.000000,-176.821536,100.000000,99.773517,0.226483,0.000000,-147.801183,-65.880162,0.621825,2,2,3,0.0000,0.0000,0.0000,0.5000,"Pursue",-0.379777
687,A0100,adaptive_eagle,DBFM,7393.771268,46.796064,125.499941,170.226748,-46.245824,11857.035556,227.569363,14149.695515,-59.526553,-6906.831608,460.964417,7.271390,False,False,True,False,False,False,False,2-circle,-1.000000,-163.947218,100.000000,99.773517,0.226483,0.000000,-144.341951,-60.960164,1.103851,2,0,3,0.0000,0.0000,0.0000,0.5000,"LeadPursuit",0.076249
687,B0100,defensive,DBFM,7393.771268,46.796064,125.499941,170.226748,-46.245824,11857.035556,227.569363,14149.695515,-59.526553,-6906.831608,460.964417,7.271390,False,False,True,False,False,False,False,2-circle,-1.000000,-163.947218,100.000000,99.773517,0.226483,0.000000,-144.341951,-60.960164,1.103851,2,2,3,0.0000,0.0000,0.0000,0.5000,"Pursue",-0.534475
688,A0100,adaptive_eagle,DBFM,7234.783277,45.919100,128.089468,172.025379,-45.435837,11847.217258,227.051151,14129.447597,-101.239593,-6809.547770,479.231218,7.489319,False,False,True,False,False,False,False,2-circle,-1.000000,-150.778381,100.000000,99.773517,0.226483,0.000000,-146.128029,-61.615255,1.661359,2,0,3,0.0000,0.0000,0.0000,0.5000,"LeadPursuit",0.003052
688,B0100,defensive,DBFM,7234.783277,45.919100,128.089468,172.025379,-45.435837,11847.217258,227.051151,14129.447597,-101.239593,-6809.547770,479.231218,7.489319,False,False,True,False,False,False,False,2-circle,-1.000000,-150.778381,100.000000,99.773517,0.226483,0.000000,-146.128029,-61.615255,1.661359,2,2,3,0.0000,0.0000,0.0000,0.5000,"Pursue",-0.432340
689,A0100,adaptive_eagle,HABFM,7069.658255,44.857181,130.393077,172.857055,-44.434108,11838.260165,226.365210,14106.721703,-113.629469,-6747.251752,495.806930,9.088731,False,False,True,False,False,False,False,2-circle,-1.000000,-139.459402,100.000000,99.773517,0.226483,0.000000,-151.278851,-65.931919,2.158174,2,0,3,0.0000,0.0000,0.0000,0.5000,"LeadPursuit",-0.100514
689,B0100,defensive,HABFM,7069.658255,44.857181,130.393077,172.857055,-44.434108,11838.260165,226.365210,14106.721703,-113.629469,-6747.251752,495.806930,9.088731,False,False,True,False,False,False,False,2-circle,-1.000000,-139.459402,100.000000,99.773517,0.226483,0.000000,-151.278851,-65.931919,2.158174,2,2,3,0.0000,0.0000,0.0000,0.5000,"Pursue",-0.206976
690,A0100,adaptive_eagle,HABFM,6899.898491,43.816285,131.821237,172.902954,-43.423948,11829.960318,225.750485,14086.117965,-103.018690,-6760.125097,507.579499,12.290954,False,False,True,False,False,False,False,2-circle,-1.000000,-130.761594,100.000000,99.773517,0.226483,0.000000,-157.623371,-71.674512,2.414629,2,0,3,0.0000,0.0000,0.0000,0.5000,"LeadPursuit",-0.119191
690,B0100,defensive,HABFM,6899.898491,43.816285,131.821237,172.902954,-43.423948,11829.960318,225.750485,14086.117965,-103.018690,-6760.125097,507.579499,12.290954,False,False,True,False,False,False,False,2-circle,-1.000000,-130.761594,100.000000,99.773517,0.226483,0.000000,-157.623371,-71.674512,2.414629,2,2,3,0.0000,0.0000,0.0000,0.5000,"Pursue",-0.157700
691,A0100,adaptive_eagle,HABFM,6726.527277,42.804442,133.046634,172.833031,-42.412245,11821.957347,225.220259,14067.529254,-92.943554,-6790.073354,518.135680,18.199663,False,False,True,False,False,False,False,2-circle,-1.000000,-123.660862,100.000000,99.773517,0.226483,0.000000,-163.768525,-77.361810,2.314995,2,0,3,0.0000,0.0000,0.0000,0.5000,"LeadPursuit",-0.031552
691,B0100,defensive,HABFM,6726.527277,42.804442,133.046634,172.833031,-42.412245,11821.957347,225.220259,14067.529254,-92.943554,-6790.073354,518.135680,18.199663,False,False,True,False,False,False,False,2-circle,-1.000000,-123.660862,100.000000,99.773517,0.226483,0.000000,-163.768525,-77.361810,2.314995,2,2,3,0.0000,0.0000,0.0000,0.5000,"Pursue",-0.228835
692,A0100,adaptive_eagle,HABFM,6549.615180,42.028684,134.370372,172.999593,-41.608211,11813.853681,224.950968,14054.058823,-67.352156,-6798.971620,528.318001,20.256523,False,False,True,False,False,False,False,2-circle,-1.000000,-116.914638,100.000000,99.773517,0.226483,0.000000,-165.381102,-78.595306,1.992538,2,0,3,0.0000,0.0000,0.0000,0.5000,"LeadPursuit",0.162402
692,B0100,defensive,HABFM,6549.615180,42.028684,134.370372,172.999593,-41.608211,11813.853681,224.950968,14054.058823,-67.352156,-6798.971620,528.318001,20.256523,False,False,True,False,False,False,False,2-circle,-1.000000,-116.914638,100.000000,99.773517,0.226483,0.000000,-165.381102,-78.595306,1.992538,2,2,3,0.0000,0.0000,0.0000,0.5000,"Pursue",-0.426940
693,A0100,adaptive_eagle,HABFM,6369.269210,41.631753,136.111489,173.811148,-41.187627,11805.437140,225.011599,14046.850058,-36.043827,-6757.622403,539.102597,12.792918,False,False,True,False,False,False,False,2-circle,-1.000000,-109.326595,100.000000,99.773517,0.226483,0.000000,-159.422842,-72.288412,1.751153,2,0,3,0.0000,0.0000,0.0000,0.5000,"LeadPursuit",0.307760
693,B0100,defensive,HABFM,6369.269210,41.631753,136.111489,173.811148,-41.187627,11805.437140,225.011599,14046.850058,-36.043827,-6757.622403,539.102597,12.792918,False,False,True,False,False,False,False,2-circle,-1.000000,-109.326595,100.000000,99.773517,0.226483,0.000000,-159.422842,-72.288412,1.751153,2,2,3,0.0000,0.0000,0.0000,0.5000,"Pursue",-0.669615
694,A0100,adaptive_eagle,HABFM,6184.755850,41.149953,138.682822,174.505523,-40.712528,11796.868059,224.936913,14036.793288,-50.283849,-6659.624937,553.130133,9.205894,False,False,True,False,False,False,False,2-circle,-1.000000,-100.778311,100.000000,99.773517,0.226483,0.000000,-153.520960,-66.058571,1.749825,2,0,3,0.0000,0.0000,0.0000,0.5000,"LeadPursuit",0.161558
694,B0100,defensive,HABFM,6184.755850,41.149953,138.682822,174.505523,-40.712528,11796.868059,224.936913,14036.793288,-50.283849,-6659.624937,553.130133,9.205894,False,False,True,False,False,False,False,2-circle,-1.000000,-100.778311,100.000000,99.773517,0.226483,0.000000,-153.520960,-66.058571,1.749825,2,2,3,0.0000,0.0000,0.0000,0.5000,"Pursue",-0.518772
695,A0100,adaptive_eagle,HABFM,5995.471771,40.237180,140.968285,174.081822,-39.835420,11788.598796,224.418630,14018.213769,-92.897596,-6601.803097,566.241909,8.881241,False,False,True,False,False,False,False,2-circle,-1.000000,-93.522499,100.000000,99.773517,0.226483,0.000000,-152.954893,-65.234246,1.976900,2,1,3,0.0000,0.0000,0.0000,0.5000,"LeadPursuit",-0.042068
695,B0100,defensive,HABFM,5995.471771,40.237180,140.968285,174.081822,-39.835420,11788.598796,224.418630,14018.213769,-92.897596,-6601.803097,566.241909,8.881241,False,False,True,False,False,False,False,2-circle,-1.000000,-93.522499,100.000000,99.773517,0.226483,0.000000,-152.954893,-65.234246,1.976900,2,2,3,0.0000,0.0000,0.0000,0.5000,"Pursue",-0.223566
696,A0100,adaptive_eagle,HABFM,5802.411915,39.167875,142.366678,173.769276,-38.800255,11780.905620,223.744667,13997.148952,-105.324083,-6624.931440,576.017135,10.365151,False,False,True,False,False,False,False,2-circle,-1.000000,-88.762620,100.000000,99.773517,0.226483,0.000000,-156.264148,-68.371069,2.277503,2,1,3,0.0000,0.0000,0.0000,0.5000,"LeadPursuit",-0.063155
696,B0100,defensive,HABFM,5802.411915,39.167875,142.366678,173.769276,-38.800255,11780.905620,223.744667,13997.148952,-105.324083,-6624.931440,576.017135,10.365151,False,False,True,False,False,False,False,2-circle,-1.000000,-88.762620,100.000000,99.773517,0.226483,0.000000,-156.264148,-68.371069,2.277503,2,2,3,0.0000,0.0000,0.0000,0.5000,"Pursue",-0.170294
697,A0100,adaptive_eagle,HABFM,5606.336255,38.143247,143.563103,173.607340,-37.786627,11773.648726,223.139379,13977.917238,-96.158570,-6665.435575,584.791456,13.839814,False,False,True,False,False,False,False,2-circle,-1.000000,-85.686379,100.000000,99.773517,0.226483,0.000000,-161.425910,-73.417034,2.430309,2,1,3,0.0000,0.0000,0.0000,0.5000,"LeadPursuit",-0.021167
697,B0100,defensive,HABFM,5606.336255,38.143247,143.563103,173.607340,-37.786627,11773.648726,223.139379,13977.917238,-96.158570,-6665.435575,584.791456,13.839814,False,False,True,False,False,False,False,2-circle,-1.000000,-85.686379,100.000000,99.773517,0.226483,0.000000,-161.425910,-73.417034,2.430309,2,2,3,0.0000,0.0000,0.0000,0.5000,"Pursue",-0.211257
698,A0100,adaptive_eagle,HABFM,5407.306317,37.158016,144.849144,173.530164,-36.784165,11766.521647,222.615924,13960.460468,-87.283849,-6691.178597,593.467233,20.918389,False,False,True,False,False,False,False,2-circle,-1.000000,-83.131638,100.000000,99.773517,0.226483,0.000000,-166.927425,-78.827964,2.280187,2,1,3,0.0000,0.0000,0.0000,0.5000,"LeadPursuit",0.183160
698,B0100,defensive,HABFM,5407.306317,37.158016,144.849144,173.530164,-36.784165,11766.521647,222.615924,13960.460468,-87.283849,-6691.178597,593.467233,20.918389,False,False,True,False,False,False,False,2-circle,-1.000000,-83.131638,100.000000,99.773517,0.226483,0.000000,-166.927425,-78.827964,2.280187,2,2,3,0.0000,0.0000,0.0000,0.5000,"Pursue",-0.422001
699,A0100,adaptive_eagle,HABFM,5205.315845,36.416087,146.559227,173.349167,-35.996521,11759.160349,222.352751,13947.914950,-62.727593,-6668.984813,602.580641,23.736630,False,False,True,False,False,False,False,2-circle,-1.000000,-79.741192,100.000000,99.773517,0.226483,0.000000,-168.311819,-80.114247,1.928393,2,1,3,0.0000,0.0000,0.0000,0.5000,"LeadPursuit",0.581542
699,B0100,defensive,HABFM,5205.315845,36.416087,146.559227,173.349167,-35.996521,11759.160349,222.352751,13947.914950,-62.727593,-6668.984813,602.580641,23.736630,False,False,True,False,False,False,False,2-circle,-1.000000,-79.741192,100.000000,99.773517,0.226483,0.000000,-168.311819,-80.114247,1.928393,2,2,3,0.0000,0.0000,0.0000,0.5000,"Pursue",-0.831957
700,A0100,adaptive_eagle,HABFM,5000.009048,36.039245,149.107640,172.182237,-35.579182,11751.373401,222.424637,13941.543471,-31.857393,-6576.459577,612.921276,14.451560,False,False,True,False,False,False,False,2-circle,-1.000000,-74.980485,100.000000,99.773517,0.226483,0.000000,-162.345096,-74.029777,1.651196,2,1,3,0.0000,0.0000,0.0000,0.5000,"LeadPursuit",0.541320
700,B0100,defensive,HABFM,5000.009048,36.039245,149.107640,172.182237,-35.579182,11751.373401,222.424637,13941.543471,-31.857393,-6576.459577,612.921276,14.451560,False,False,True,False,False,False,False,2-circle,-1.000000,-74.980485,100.000000,99.773517,0.226483,0.000000,-162.345096,-74.029777,1.651196,2,2,3,0.0000,0.0000,0.0000,0.5000,"Pursue",-0.740240
701,A0100,adaptive_eagle,HABFM,4791.350862,35.567718,151.370926,170.511098,-35.095735,11743.318440,222.378723,13932.584389,-44.795409,-6512.993805,621.941795,10.211796,False,False,True,False,False,False,False,2-circle,-1.000000,-70.724715,100.000000,99.773517,0.226483,0.000000,-156.357148,-67.945504,1.593357,2,1,3,0.0000,0.0000,0.0000,0.5000,"LeadPursuit",0.156467
701,B0100,defensive,HABFM,4791.350862,35.567718,151.370926,170.511098,-35.095735,11743.318440,222.378723,13932.584389,-44.795409,-6512.993805,621.941795,10.211796,False,False,True,False,False,False,False,2-circle,-1.000000,-70.724715,100.000000,99.773517,0.226483,0.000000,-156.357148,-67.945504,1.593357,2,2,3,0.0000,0.0000,0.0000,0.5000,"Pursue",-0.315308
702,A0100,adaptive_eagle,HABFM,4580.007734,34.674495,152.733889,169.928755,-34.219320,11735.416925,221.899988,13915.266945,-86.587221,-6536.848519,629.263790,9.818713,False,False,True,False,False,False,False,2-circle,-1.000000,-68.332848,100.000000,99.773517,0.226483,0.000000,-155.564320,-67.105734,1.751384,2,1,3,0.0000,0.0000,0.0000,0.5000,"LeadPursuit",0.058120
702,B0100,defensive,HABFM,4580.007734,34.674495,152.733889,169.928755,-34.219320,11735.416925,221.899988,13915.266945,-86.587221,-6536.848519,629.263790,9.818713,False,False,True,False,False,False,False,2-circle,-1.000000,-68.332848,100.000000,99.773517,0.226483,0.000000,-155.564320,-67.105734,1.751384,2,2,3,0.0000,0.0000,0.0000,0.5000,"Pursue",-0.204269
703,A0100,adaptive_eagle,HABFM,4366.315243,33.635807,153.888262,169.830917,-33.197093,11727.928808,221.265078,13895.322508,-99.722187,-6583.928690,636.156794,11.502379,False,False,True,False,False,False,False,2-circle,-1.000000,-67.426225,100.000000,99.773517,0.226483,0.000000,-158.588256,-70.122791,1.980687,2,2,3,0.0000,0.0000,0.0000,0.5000,"LeadPursuit",0.141434
703,B0100,defensive,HABFM,4366.315243,33.635807,153.888262,169.830917,-33.197093,11727.928808,221.265078,13895.322508,-99.722187,-6583.928690,636.156794,11.502379,False,False,True,False,False,False,False,2-circle,-1.000000,-67.426225,100.000000,99.773517,0.226483,0.000000,-158.588256,-70.122791,1.980687,2,2,3,0.0000,0.0000,0.0000,0.5000,"Pursue",-0.269110
704,A0100,adaptive_eagle,HABFM,4150.345272,32.657924,155.132346,169.783663,-32.210340,11720.724413,220.702528,13877.111250,-91.056287,-6616.189707,642.742652,15.579258,False,False,True,False,False,False,False,2-circle,-1.000000,-67.000382,100.000000,99.773517,0.226483,0.000000,-163.471263,-75.016871,2.064640,2,2,3,0.0000,0.0000,0.0000,0.5000,"LeadPursuit",0.466966
704,B0100,defensive,HABFM,4150.345272,32.657924,155.132346,169.783663,-32.210340,11720.724413,220.702528,13877.111250,-91.056287,-6616.189707,642.742652,15.579258,False,False,True,False,False,False,False,2-circle,-1.000000,-67.000382,100.000000,99.773517,0.226483,0.000000,-163.471263,-75.016871,2.064640,2,2,3,0.0000,0.0000,0.0000,0.5000,"Pursue",-0.557856
705,A0100,adaptive_eagle,HABFM,3932.187463,31.936790,156.795130,169.347842,-31.447542,11713.483931,220.398850,13863.940647,-65.853014,-6600.513310,649.159139,17.602376,False,False,True,False,False,False,False,2-circle,-1.000000,-65.713945,100.000000,99.773517,0.226483,0.000000,-165.110734,-76.654911,2.002410,2,2,3,0.0000,0.0000,0.0000,0.5000,"LeadPursuit",1.128985
705,B0100,defensive,HABFM,3932.187463,31.936790,156.795130,169.347842,-31.447542,11713.483931,220.398850,13863.940647,-65.853014,-6600.513310,649.159139,17.602376,False,False,True,False,False,False,False,2-circle,-1.000000,-65.713945,100.000000,99.773517,0.226483,0.000000,-165.110734,-76.654911,2.002410,2,2,3,0.0000,0.0000,0.0000,0.5000,"Pursue",-1.129718
706,A0100,adaptive_eagle,HABFM,3711.815543,31.603718,159.289789,167.694473,-31.076216,11705.982304,220.445263,13857.344831,-32.979082,-6514.191292,655.657692,12.255008,False,False,True,False,False,False,False,2-circle,-1.000000,-62.908096,100.000000,99.773517,0.226483,0.000000,-159.671742,-71.186111,1.997187,2,2,3,0.0000,0.0000,0.0000,0.5000,"LeadPursuit",1.113702
706,B0100,defensive,HABFM,3711.815543,31.603718,159.289789,167.694473,-31.076216,11705.982304,220.445263,13857.344831,-32.979082,-6514.191292,655.657692,12.255008,False,False,True,False,False,False,False,2-circle,-1.000000,-62.908096,100.000000,99.773517,0.226483,0.000000,-159.671742,-71.186111,1.997187,2,2,3,0.0000,0.0000,0.0000,0.5000,"Pursue",-1.036365
707,A0100,adaptive_eagle,HABFM,3489.391281,31.194093,161.502720,165.901575,-30.660370,11698.337279,220.390802,13848.636949,-43.539409,-6455.702240,661.201736,9.233319,False,False,True,False,False,False,False,2-circle,-1.000000,-60.326173,100.000000,99.773517,0.226483,0.000000,-154.162986,-65.660031,2.143751,2,2,3,0.0000,0.0000,0.0000,0.5000,"LeadPursuit",0.517124
707,B0100,defensive,HABFM,3489.391281,31.194093,161.502720,165.901575,-30.660370,11698.337279,220.390802,13848.636949,-43.539409,-6455.702240,661.201736,9.233319,False,False,True,False,False,False,False,2-circle,-1.000000,-60.326173,100.000000,99.773517,0.226483,0.000000,-154.162986,-65.660031,2.143751,2,2,3,0.0000,0.0000,0.0000,0.5000,"Pursue",-0.468799
708,A0100,adaptive_eagle,HABFM,3265.246788,30.378732,162.808115,165.367343,-29.870664,11690.962775,219.910923,13831.908517,-83.642161,-6482.884467,666.156784,9.083750,False,False,True,False,False,False,False,2-circle,-1.000000,-59.354469,100.000000,99.773517,0.226483,0.000000,-153.729933,-65.257557,2.432563,2,3,2,0.0000,0.0000,0.0000,0.5000,"LeadPursuit",0.397387
708,B0100,defensive,HABFM,3265.246788,30.378732,162.808115,165.367343,-29.870664,11690.962775,219.910923,13831.908517,-83.642161,-6482.884467,666.156784,9.083750,False,False,True,False,False,False,False,2-circle,-1.000000,-59.354469,100.000000,99.773517,0.226483,0.000000,-153.729933,-65.257557,2.432563,2,2,3,0.0000,0.0000,0.0000,0.5000,"Pursue",-0.338945
709,A0100,adaptive_eagle,HABFM,3039.485837,29.435666,163.908304,165.300323,-28.949973,11684.111437,219.273781,13812.669339,-96.195888,-6530.922063,670.867184,10.678645,False,False,True,False,False,False,False,2-circle,-1.000000,-59.642036,100.000000,99.773517,0.226483,0.000000,-156.934231,-68.536177,2.743824,2,3,2,0.0000,0.0000,0.0000,0.5000,"LeadPursuit",0.517654
709,B0100,defensive,HABFM,3039.485837,29.435666,163.908304,165.300323,-28.949973,11684.111437,219.273781,13812.669339,-96.195888,-6530.922063,670.867184,10.678645,False,False,True,False,False,False,False,2-circle,-1.000000,-59.642036,100.000000,99.773517,0.226483,0.000000,-156.934231,-68.536177,2.743824,2,2,3,0.0000,0.0000,0.0000,0.5000,"Pursue",-0.409574
710,A0100,adaptive_eagle,DBFM,2812.535095,28.574054,165.013865,165.280653,-28.079463,11677.642092,218.705126,13795.174091,-87.476240,-6478.420639,672.918812,14.244320,False,False,True,False,False,False,False,2-circle,-1.000000,-60.171059,100.000000,99.773517,0.226483,0.000000,-161.837093,-73.535279,2.887824,2,2,2,0.0000,0.0000,0.0000,0.5000,"LeadPursuit",1.039861
710,B0100,defensive,DBFM,2812.535095,28.574054,165.013865,165.280653,-28.079463,11677.642092,218.705126,13795.174091,-87.476240,-6478.420639,672.918812,14.244320,False,False,True,False,False,False,False,2-circle,-1.000000,-60.171059,100.000000,99.773517,0.226483,0.000000,-161.837093,-73.535279,2.887824,2,2,3,0.0000,0.0000,0.0000,0.5000,"Pursue",-0.786079
711,A0100,adaptive_eagle,DBFM,2585.062030,27.791334,166.491782,164.963911,-27.250642,11671.259866,218.217150,13779.353115,-79.104878,-6371.031912,674.108426,21.315498,False,False,True,False,False,False,False,2-circle,-1.000000,-59.632468,100.000000,99.773517,0.226483,0.000000,-167.020789,-78.802765,2.728481,2,2,2,0.0000,0.0000,0.0000,0.5000,"LeadPursuit",2.286650
711,B0100,defensive,DBFM,2585.062030,27.791334,166.491782,164.963911,-27.250642,11671.259866,218.217150,13779.353115,-79.104878,-6371.031912,674.108426,21.315498,False,False,True,False,False,False,False,2-circle,-1.000000,-59.632468,100.000000,99.773517,0.226483,0.000000,-167.020789,-78.802765,2.728481,2,2,3,0.0000,0.0000,0.0000,0.5000,"Pursue",-1.659606
712,A0100,adaptive_eagle,DBFM,2357.236976,27.259226,168.793667,163.483061,-26.634940,11664.619227,217.983442,13768.199415,-55.768504,-6199.094369,674.601041,24.075885,False,True,True,False,False,False,False,2-circle,-1.000000,-57.167649,99.952583,99.773517,0.226483,0.047417,-168.222266,-80.048081,2.370312,2,2,2,0.0000,0.0000,0.0000,0.5000,"LeadPursuit",2.467687
712,B0100,defensive,DBFM,2357.236976,27.259226,168.793667,163.483061,-26.634940,11664.619227,217.983442,13768.199415,-55.768504,-6199.094369,674.601041,24.075885,False,True,True,False,False,False,False,2-circle,-1.000000,-57.167649,99.952583,99.773517,0.226483,0.047417,-168.222266,-80.048081,2.370312,2,2,3,0.0000,0.0000,0.0000,0.5000,"Pursue",-1.714183
713,A0100,adaptive_eagle,DBFM,2129.412073,27.089748,170.859308,161.578216,-26.384961,11657.535435,218.079592,13762.971753,-26.138309,-6038.283748,674.064948,14.834991,False,True,True,False,False,False,False,2-circle,-1.000000,-54.092598,99.616015,99.773517,0.226483,0.383985,-162.243313,-74.110161,2.082718,2,2,2,0.0000,0.0000,0.0000,0.5000,"LeadPursuit",1.312805
713,B0100,defensive,DBFM,2129.412073,27.089748,170.859308,161.578216,-26.384961,11657.535435,218.079592,13762.971753,-26.138309,-6038.283748,674.064948,14.834991,False,True,True,False,False,False,False,2-circle,-1.000000,-54.092598,99.616015,99.773517,0.226483,0.383985,-162.243313,-74.110161,2.082718,2,2,3,0.0000,0.0000,0.0000,0.5000,"Pursue",-0.872270
714,A0100,adaptive_eagle,DBFM,1901.797814,26.898290,171.941121,160.666414,-26.148032,11650.155696,218.064091,13755.292725,-38.395140,-5952.119297,673.572135,10.483340,False,True,True,False,False,False,False,2-circle,-1.000000,-51.560654,99.029689,99.773517,0.226483,0.970311,-156.109263,-68.055289,2.002561,2,2,2,0.0000,0.0000,0.0000,0.5000,"LeadPursuit",0.886096
714,B0100,defensive,DBFM,1901.797814,26.898290,171.941121,160.666414,-26.148032,11650.155696,218.064091,13755.292725,-38.395140,-5952.119297,673.572135,10.483340,False,True,True,False,False,False,False,2-circle,-1.000000,-51.560654,99.029689,99.773517,0.226483,0.970311,-156.109263,-68.055289,2.002561,2,2,3,0.0000,0.0000,0.0000,0.5000,"Pursue",-0.541059
715,A0100,adaptive_eagle,DBFM,1674.316148,26.402211,172.698686,160.507759,-25.646211,11642.887158,217.627231,13739.597951,-78.473871,-5890.976201,673.093327,9.981257,False,True,True,False,False,False,False,2-circle,-1.000000,-49.440088,98.181757,99.773517,0.226483,1.818243,-154.950559,-67.020346,2.132333,2,2,2,0.0000,0.0000,0.0000,0.5000,"LeadPursuit",1.835573
715,B0100,defensive,DBFM,1674.316148,26.402211,172.698686,160.507759,-25.646211,11642.887158,217.627231,13739.597951,-78.473871,-5890.976201,673.093327,9.981257,False,True,True,False,False,False,False,2-circle,-1.000000,-49.440088,98.181757,99.773517,0.226483,1.818243,-154.950559,-67.020346,2.132333,2,2,3,0.0000,0.0000,0.0000,0.5000,"Pursue",-1.159904
716,A0100,adaptive_eagle,DBFM,1447.105786,25.900734,173.759774,160.182285,-25.140814,11635.991013,217.036649,13721.337430,-91.302602,-5792.930096,671.583579,11.511340,False,True,True,False,False,False,False,2-circle,-1.000000,-47.072879,96.915695,99.773517,0.226483,3.084305,-157.534207,-69.760269,2.344732,2,2,1,0.0000,0.0000,0.0000,0.5000,"LeadPursuit",3.489765
716,B0100,defensive,DBFM,1447.105786,25.900734,173.759774,160.182285,-25.140814,11635.991013,217.036649,13721.337430,-91.302602,-5792.930096,671.583579,11.511340,False,True,True,False,False,False,False,2-circle,-1.000000,-47.072879,96.915695,99.773517,0.226483,3.084305,-157.534207,-69.760269,2.344732,2,2,3,0.0000,0.0000,0.0000,0.5000,"Pursue",-2.271498
717,A0100,adaptive_eagle,DBFM,1220.608009,25.601757,175.472653,158.908395,-24.802579,11629.357115,216.513806,13704.668396,-83.345169,-5637.593215,668.576024,15.247650,False,True,True,False,False,False,False,2-circle,-1.000000,-43.857974,95.007484,99.773517,0.226483,4.992516,-162.006871,-74.407907,2.434140,2,3,1,0.0000,0.0000,0.0000,0.5000,"LeadPursuit",1.191950
717,B0100,defensive,DBFM,1220.608009,25.601757,175.472653,158.908395,-24.802579,11629.357115,216.513806,13704.668396,-83.345169,-5637.593215,668.576024,15.247650,False,True,True,False,False,False,False,2-circle,-1.000000,-43.857974,95.007484,99.773517,0.226483,4.992516,-162.006871,-74.407907,2.434140,2,2,3,0.0000,0.0000,0.0000,0.5000,"Pursue",-0.779874
718,A0100,adaptive_eagle,DBFM,995.204972,25.566121,176.759130,157.669295,-24.658466,11622.718824,216.070458,13689.539712,-75.643421,-5507.110548,665.210528,23.004827,False,True,True,False,False,False,False,2-circle,-1.000000,-40.818794,92.703901,99.773517,0.226483,7.296099,-166.822771,-79.499274,2.248250,2,3,1,0.0000,0.0000,0.0000,0.5000,"LeadPursuit",-1.665979
718,B0100,defensive,DBFM,995.204972,25.566121,176.759130,157.669295,-24.658466,11622.718824,216.070458,13689.539712,-75.643421,-5507.110548,665.210528,23.004827,False,True,True,False,False,False,False,2-circle,-1.000000,-40.818794,92.703901,99.773517,0.226483,7.296099,-166.822771,-79.499274,2.248250,2,2,3,0.0000,0.0000,0.0000,0.5000,"Pursue",1.049263
719,A0100,adaptive_eagle,DBFM,770.891060,26.351030,176.580989,157.066885,-25.239900,11615.751011,215.879751,13678.925094,-53.073089,-5436.689223,661.458226,26.195388,False,True,True,False,False,False,False,2-circle,-1.000000,-38.380339,90.405596,99.773517,0.226483,9.594404,-167.580598,-80.745801,1.875475,2,5,1,0.0000,0.0000,0.0000,0.5000,"SmartGunAttack",-3.572242
719,B0100,defensive,DBFM,770.891060,26.351030,176.580989,157.066885,-25.239900,11615.751011,215.879751,13678.925094,-53.073089,-5436.689223,661.458226,26.195388,False,True,True,False,False,False,False,2-circle,-1.000000,-38.380339,90.405596,99.773517,0.226483,9.594404,-167.580598,-80.745801,1.875475,2,2,3,0.0000,0.0000,0.0000,0.5000,"Pursue",2.138137
720,A0100,adaptive_eagle,DBFM,548.165295,28.945085,174.300491,156.754298,-27.587522,11608.280706,216.019857,13674.133663,-23.957160,-5395.292748,653.900886,15.842911,False,True,True,False,False,False,False,2-circle,-1.000000,-35.831427,88.719443,99.773517,0.226483,11.280557,-160.910042,-74.929786,1.570692,2,5,1,0.0000,0.0000,0.0000,0.5000,"SmartGunAttack",-6.185857
720,B0100,defensive,DBFM,548.165295,28.945085,174.300491,156.754298,-27.587522,11608.280706,216.019857,13674.133663,-23.957160,-5395.292748,653.900886,15.842911,False,True,True,False,False,False,False,2-circle,-1.000000,-35.831427,88.719443,99.773517,0.226483,11.280557,-160.910042,-74.929786,1.570692,2,2,3,0.0000,0.0000,0.0000,0.5000,"Pursue",4.149306
721,A0100,adaptive_eagle,DBFM,329.850502,35.958550,166.997941,157.043390,-34.329186,11600.453730,216.054263,13666.964803,-35.844298,-5357.633172,627.291225,11.077118,False,False,True,False,False,False,False,2-circle,-1.000000,-32.576011,88.719443,99.773517,0.226483,11.280557,-153.154842,-68.938543,1.462235,2,7,1,0.0000,0.0000,0.0000,0.5000,"SmartGunAttack",-3.567865
721,B0100,defensive,DBFM,329.850502,35.958550,166.997941,157.043390,-34.329186,11600.453730,216.054263,13666.964803,-35.844298,-5357.633172,627.291225,11.077118,False,False,True,False,False,False,False,2-circle,-1.000000,-32.576011,88.719443,99.773517,0.226483,11.280557,-153.154842,-68.938543,1.462235,2,2,3,0.0000,0.0000,0.0000,0.5000,"Pursue",8.945684
722,A0100,adaptive_eagle,DBFM,138.590769,67.571034,133.801676,158.588647,-65.799892,11592.662520,215.674734,13651.919754,-75.225245,-5477.412851,397.932286,10.497265,False,False,True,False,False,False,False,2-circle,-1.000000,-28.943113,88.719443,99.773517,0.226483,11.280557,-145.238116,-67.847737,1.556339,2,0,2,0.0000,0.0000,0.0000,0.5000,"LeadPursuit",0.466483
722,B0100,defensive,DBFM,138.590769,67.571034,133.801676,158.588647,-65.799892,11592.662520,215.674734,13651.919754,-75.225245,-5477.412851,397.932286,10.497265,False,False,True,False,False,False,False,2-circle,-1.000000,-28.943113,88.719443,99.773517,0.226483,11.280557,-145.238116,-67.847737,1.556339,2,2,3,0.0000,0.0000,0.0000,0.5000,"Pursue",6.662523
723,A0100,adaptive_eagle,HABFM,181.624583,153.757377,45.458182,160.563056,-153.777959,11585.161106,215.144727,13634.309791,-88.049813,-5517.212294,-533.602686,12.074604,False,False,False,False,False,False,False,2-circle,-1.000000,-25.915647,88.719443,99.773517,0.226483,11.280557,-1.729044,-70.463373,1.734089,2,0,2,0.0000,0.0000,0.0000,0.5000,"LeadPursuit",-0.379898
723,B0100,defensive,HABFM,181.624583,153.757377,45.458182,160.563056,-153.777959,11585.161106,215.144727,13634.309791,-88.049813,-5517.212294,-533.602686,12.074604,False,False,False,False,False,False,False,2-circle,-1.000000,-25.915647,88.719443,99.773517,0.226483,11.280557,-1.729044,-70.463373,1.734089,2,0,2,0.0000,0.0000,0.0000,0.5000,"LeadPursuit",-0.286909
724,A0100,adaptive_eagle,HABFM,388.376542,172.757127,24.497811,162.035188,-172.940133,11577.850419,214.682490,13618.203394,-80.531987,-5468.605084,-646.596921,15.964806,False,False,False,False,False,False,False,2-circle,-1.000000,-21.577209,88.719443,99.773517,0.226483,11.280557,10.412605,-74.945259,1.778181,2,0,2,0.0000,0.0000,0.0000,0.5000,"LeadPursuit",-0.067665
724,B0100,defensive,HABFM,388.376542,172.757127,24.497811,162.035188,-172.940133,11577.850419,214.682490,13618.203394,-80.531987,-5468.605084,-646.596921,15.964806,False,False,False,False,False,False,False,2-circle,-1.000000,-21.577209,88.719443,99.773517,0.226483,11.280557,10.412605,-74.945259,1.778181,2,0,2,0.0000,0.0000,0.0000,0.5000,"LeadPursuit",-0.054621
725,A0100,adaptive_eagle,HABFM,609.012523,175.442664,19.923977,162.238542,-177.537362,11570.477220,214.298923,13603.545834,-73.287797,-5332.712951,-657.031331,24.103476,False,False,False,False,False,False,False,2-circle,-1.000000,-12.596326,88.719443,99.773517,0.226483,11.280557,8.579464,-79.879977,1.534090,2,0,2,0.0000,0.0000,0.0000,0.5000,"LeadPursuit",-0.009363
725,B0100,defensive,HABFM,609.012523,175.442664,19.923977,162.238542,-177.537362,11570.477220,214.298923,13603.545834,-73.287797,-5332.712951,-657.031331,24.103476,False,False,False,False,False,False,False,2-circle,-1.000000,-12.596326,88.719443,99.773517,0.226483,11.280557,8.579464,-79.879977,1.534090,2,0,2,0.0000,0.0000,0.0000,0.5000,"LeadPursuit",-0.017453
726,A0100,adaptive_eagle,HABFM,830.246392,174.505907,19.532432,161.241783,-179.301834,11562.726944,214.165782,13593.270102,-51.378661,-5171.738973,-653.703853,27.491036,False,False,False,False,False,True,False,2-circle,-1.000000,1.048637,88.719443,99.773517,0.226483,11.280557,8.989774,-81.099314,1.106820,2,0,2,0.0000,0.0000,0.0000,0.5000,"LeadPursuit",0.009260
726,B0100,defensive,HABFM,830.246392,174.505907,19.532432,161.241783,-179.301834,11562.726944,214.165782,13593.270102,-51.378661,-5171.738973,-653.703853,27.491036,False,False,False,False,False,True,False,2-circle,-1.000000,1.048637,88.719443,99.773517,0.226483,11.280557,8.989774,-81.099314,1.106820,2,0,2,0.0000,0.0000,0.0000,0.5000,"LeadPursuit",-0.006834
727,A0100,adaptive_eagle,HABFM,1050.358224,173.352454,20.373283,159.471180,179.646313,11554.431611,214.363905,13588.733381,-22.683604,-5090.921442,-649.719093,16.512894,False,False,False,False,False,True,False,2-circle,1.000000,16.731372,88.719443,99.773517,0.226483,11.280557,15.686706,-75.397906,0.750475,2,0,2,0.0000,0.0000,0.0000,0.5000,"LeadPursuit",0.009155
727,B0100,defensive,HABFM,1050.358224,173.352454,20.373283,159.471180,179.646313,11554.431611,214.363905,13588.733381,-22.683604,-5090.921442,-649.719093,16.512894,False,False,False,False,False,True,False,2-circle,1.000000,16.731372,88.719443,99.773517,0.226483,11.280557,15.686706,-75.397906,0.750475,2,8,2,0.0000,0.0000,0.0000,0.5000,"LeadPursuit",-0.001145
728,A0100,adaptive_eagle,HABFM,1269.593383,172.456322,20.986278,157.804344,178.809038,11545.644520,214.814978,13588.516620,-1.083807,-5054.045777,-647.847486,9.748513,False,False,False,False,False,True,False,2-circle,1.000000,31.727446,88.719443,99.773517,0.226483,11.280557,25.428246,-66.229629,0.808155,2,0,2,0.0000,0.0000,0.0000,0.5000,"LeadPursuit",0.006388
728,B0100,defensive,HABFM,1269.593383,172.456322,20.986278,157.804344,178.809038,11545.644520,214.814978,13588.516620,-1.083807,-5054.045777,-647.847486,9.748513,False,False,False,False,False,True,False,2-circle,1.000000,31.727446,88.719443,99.773517,0.226483,11.280557,25.428246,-66.229629,0.808155,2,8,2,0.0000,0.0000,0.0000,0.5000,"LeadPursuit",0.000034
729,A0100,adaptive_eagle,HABFM,1489.049767,171.940402,21.331413,156.646072,178.202999,11536.498194,217.077495,13622.629604,170.564919,-5019.587771,-650.138502,6.063490,False,False,False,False,False,True,False,2-circle,1.000000,45.090264,88.719443,99.773517,0.226483,11.280557,36.996303,-54.972681,1.297742,2,0,2,0.0000,0.0000,0.0000,0.5000,"LeadPursuit",0.012124
729,B0100,defensive,HABFM,1489.049767,171.940402,21.331413,156.646072,178.202999,11536.498194,217.077495,13622.629604,170.564919,-5019.587771,-650.138502,6.063490,False,False,False,False,False,True,False,2-circle,1.000000,45.090264,88.719443,99.773517,0.226483,11.280557,36.996303,-54.972681,1.297742,2,8,2,0.0000,0.0000,0.0000,0.5000,"LeadPursuit",0.001136
730,A0100,adaptive_eagle,HABFM,1709.295147,171.621685,22.036924,155.245575,177.616136,11527.190705,219.617391,13662.424894,198.976449,-4977.172653,-651.803441,4.042941,False,False,False,False,False,True,False,2-circle,1.000000,57.169912,88.719443,99.773517,0.226483,11.280557,48.245977,-43.894073,1.330670,2,0,2,0.0000,0.0000,0.0000,0.5000,"LeadPursuit",0.016373
730,B0100,defensive,HABFM,1709.295147,171.621685,22.036924,155.245575,177.616136,11527.190705,219.617391,13662.424894,198.976449,-4977.172653,-651.803441,4.042941,False,False,False,False,False,True,False,2-circle,1.000000,57.169912,88.719443,99.773517,0.226483,11.280557,48.245977,-43.894073,1.330670,2,8,2,0.0000,0.0000,0.0000,0.5000,"LeadPursuit",0.005019
731,A0100,adaptive_eagle,HABFM,1929.962128,171.190252,23.043433,153.447903,176.836663,11517.756645,222.462341,13708.669307,231.222069,-4917.075422,-652.556353,2.787974,False,False,False,False,False,True,False,2-circle,1.000000,68.632809,88.719443,99.773517,0.226483,11.280557,58.349810,-33.895205,0.730538,2,0,2,0.0000,0.0000,0.0000,0.5000,"LeadPursuit",0.025742
731,B0100,defensive,HABFM,1929.962128,171.190252,23.043433,153.447903,176.836663,11517.756645,222.462341,13708.669307,231.222069,-4917.075422,-652.556353,2.787974,False,False,False,False,False,True,False,2-circle,1.000000,68.632809,88.719443,99.773517,0.226483,11.280557,58.349810,-33.895205,0.730538,2,8,2,0.0000,0.0000,0.0000,0.5000,"LeadPursuit",0.010087
732,A0100,adaptive_eagle,HABFM,2150.616631,170.445473,24.671681,150.899811,175.838944,11507.921984,225.719408,13763.458507,273.945998,-4809.996581,-650.649892,1.855931,False,False,False,False,False,True,False,2-circle,1.000000,80.593004,88.719443,99.773517,0.226483,11.280557,67.938084,-24.400627,-0.873185,1,0,4,0.0000,0.0000,0.0000,0.5000,"HeadOnBreak",0.042065
732,B0100,defensive,HABFM,2150.616631,170.445473,24.671681,150.899811,175.838944,11507.921984,225.719408,13763.458507,273.945998,-4809.996581,-650.649892,1.855931,False,False,False,False,False,True,False,2-circle,1.000000,80.593004,88.719443,99.773517,0.226483,11.280557,67.938084,-24.400627,-0.873185,2,8,2,0.0000,0.0000,0.0000,0.5000,"LeadPursuit",0.011893
733,A0100,adaptive_eagle,HABFM,2369.876787,169.585168,27.214366,147.312322,174.752552,11497.469080,228.945312,13817.936991,272.392419,-4648.330109,-643.916194,1.028486,False,False,False,False,False,True,False,2-circle,1.000000,93.670195,88.719443,99.773517,0.226483,11.280557,78.142118,-14.299461,-1.226147,1,0,4,0.0000,0.0000,0.0000,0.5000,"HeadOnBreak",0.039544
733,B0100,defensive,HABFM,2369.876787,169.585168,27.214366,147.312322,174.752552,11497.469080,228.945312,13817.936991,272.392419,-4648.330109,-643.916194,1.028486,False,False,False,False,False,True,False,2-circle,1.000000,93.670195,88.719443,99.773517,0.226483,11.280557,78.142118,-14.299461,-1.226147,2,8,2,0.0000,0.0000,0.0000,0.5000,"LeadPursuit",0.011023
734,A0100,adaptive_eagle,HABFM,2586.800590,168.898886,29.431958,143.882322,173.646982,11486.616233,232.205846,13873.648860,278.559344,-4506.202775,-638.296027,0.236408,False,False,False,False,False,True,False,2-circle,1.000000,106.466385,88.719443,99.773517,0.226483,11.280557,89.119483,-3.399409,0.942194,1,8,4,0.0000,0.0000,0.0000,0.5000,"HeadOnBreak",0.021895
734,B0100,defensive,HABFM,2586.800590,168.898886,29.431958,143.882322,173.646982,11486.616233,232.205846,13873.648860,278.559344,-4506.202775,-638.296027,0.236408,False,False,False,False,False,True,False,2-circle,1.000000,106.466385,88.719443,99.773517,0.226483,11.280557,89.119483,-3.399409,0.942194,2,8,2,0.0000,0.0000,0.0000,0.5000,"LeadPursuit",0.010613
735,A0100,adaptive_eagle,HABFM,2802.647429,168.410547,30.615937,141.517373,172.492308,11475.867151,235.324067,13927.439692,268.954162,-4440.405403,-637.728339,0.504224,False,False,False,False,False,True,False,2-circle,1.000000,117.846201,88.719443,99.773517,0.226483,11.280557,99.866141,7.313790,3.898847,1,0,4,0.0000,0.0000,0.0000,0.5000,"HeadOnBreak",0.012650
735,B0100,defensive,HABFM,2802.647429,168.410547,30.615937,141.517373,172.492308,11475.867151,235.324067,13927.439692,268.954162,-4440.405403,-637.728339,0.504224,False,False,False,False,False,True,False,2-circle,1.000000,117.846201,88.719443,99.773517,0.226483,11.280557,99.866141,7.313790,3.898847,2,8,2,0.0000,0.0000,0.0000,0.5000,"LeadPursuit",0.012107
736,A0100,adaptive_eagle,HABFM,3018.766324,167.951955,31.329489,139.644186,171.231293,11465.745160,238.187856,13977.349875,249.550916,-4405.782673,-639.061438,1.166399,False,False,False,False,False,True,False,2-circle,1.000000,128.114466,88.719443,99.773517,0.226483,11.280557,109.278814,16.720904,6.486646,1,0,4,0.0000,0.0000,0.0000,0.5000,"HeadOnBreak",0.020689
736,B0100,defensive,HABFM,3018.766324,167.951955,31.329489,139.644186,171.231293,11465.745160,238.187856,13977.349875,249.550916,-4405.782673,-639.061438,1.166399,False,False,False,False,False,True,False,2-circle,1.000000,128.114466,88.719443,99.773517,0.226483,11.280557,109.278814,16.720904,6.486646,2,8,2,0.0000,0.0000,0.0000,0.5000,"LeadPursuit",0.015614
737,A0100,adaptive_eagle,HABFM,3234.669602,167.285438,32.541559,137.192195,169.819824,11456.587138,239.123305,13987.958530,53.043271,-4398.834851,-635.260623,1.734293,False,False,False,False,False,True,False,2-circle,1.000000,137.808411,88.719443,99.773517,0.226483,11.280557,116.700792,24.148674,8.502140,1,0,4,0.0000,0.0000,0.0000,0.5000,"HeadOnBreak",0.043201
737,B0100,defensive,HABFM,3234.669602,167.285438,32.541559,137.192195,169.819824,11456.587138,239.123305,13987.958530,53.043271,-4398.834851,-635.260623,1.734293,False,False,False,False,False,True,False,2-circle,1.000000,137.808411,88.719443,99.773517,0.226483,11.280557,116.700792,24.148674,8.502140,2,8,2,0.0000,0.0000,0.0000,0.5000,"LeadPursuit",0.019229
738,A0100,adaptive_eagle,HABFM,3447.949530,166.366412,34.966011,133.357742,168.250425,11448.538446,239.545674,13988.860182,4.508263,-4337.840832,-623.774254,2.186748,False,False,False,False,False,True,False,2-circle,1.000000,147.609172,88.719443,99.773517,0.226483,11.280557,122.070049,29.519535,10.016697,1,0,4,0.0000,0.0000,0.0000,0.5000,"HeadOnBreak",0.051887
738,B0100,defensive,HABFM,3447.949530,166.366412,34.966011,133.357742,168.250425,11448.538446,239.545674,13988.860182,4.508263,-4337.840832,-623.774254,2.186748,False,False,False,False,False,True,False,2-circle,1.000000,147.609172,88.719443,99.773517,0.226483,11.280557,122.070049,29.519535,10.016697,2,8,3,0.0000,0.0000,0.0000,0.5000,"LeadPursuit",0.022708
739,A0100,adaptive_eagle,HABFM,3656.676943,165.195494,37.654518,128.945124,166.538365,11441.701512,239.792741,13987.266100,-7.970412,-4267.525733,-609.619127,2.516870,False,False,False,False,False,True,False,2-circle,1.000000,156.546711,88.719443,99.773517,0.226483,11.280557,125.654139,33.116314,11.096222,1,8,4,0.0000,0.0000,0.0000,0.5000,"HeadOnBreak",0.038118
739,B0100,defensive,HABFM,3656.676943,165.195494,37.654518,128.945124,166.538365,11441.701512,239.792741,13987.266100,-7.970412,-4267.525733,-609.619127,2.516870,False,False,False,False,False,True,False,2-circle,1.000000,156.546711,88.719443,99.773517,0.226483,11.280557,125.654139,33.116314,11.096222,2,8,3,0.0000,0.0000,0.0000,0.5000,"LeadPursuit",0.025581
740,A0100,adaptive_eagle,HABFM,3860.959001,163.814032,39.470126,125.209540,164.722522,11436.132246,239.892264,13983.810289,-17.279053,-4261.191976,-599.539725,2.751760,False,False,False,False,False,True,False,2-circle,1.000000,162.383829,88.719443,99.773517,0.226483,11.280557,127.986266,35.504290,11.853219,1,8,4,0.0000,0.0000,0.0000,0.5000,"HeadOnBreak",0.012401
740,B0100,defensive,HABFM,3860.959001,163.814032,39.470126,125.209540,164.722522,11436.132246,239.892264,13983.810289,-17.279053,-4261.191976,-599.539725,2.751760,False,False,False,False,False,True,False,2-circle,1.000000,162.383829,88.719443,99.773517,0.226483,11.280557,127.986266,35.504290,11.853219,2,8,3,0.0000,0.0000,0.0000,0.5000,"LeadPursuit",0.027485
741,A0100,adaptive_eagle,HABFM,4062.902120,162.277774,40.019540,122.762235,162.856491,11431.848177,239.873075,13979.118661,-23.458139,-4344.224161,-596.403156,2.959078,False,False,False,False,False,True,False,2-circle,1.000000,164.865377,88.719443,99.773517,0.226483,11.280557,129.875095,37.489817,12.438116,1,8,4,0.0000,0.0000,0.0000,0.5000,"HeadOnBreak",-0.004847
741,B0100,defensive,HABFM,4062.902120,162.277774,40.019540,122.762235,162.856491,11431.848177,239.873075,13979.118661,-23.458139,-4344.224161,-596.403156,2.959078,False,False,False,False,False,True,False,2-circle,1.000000,164.865377,88.719443,99.773517,0.226483,11.280557,129.875095,37.489817,12.438116,2,8,3,0.0000,0.0000,0.0000,0.5000,"LeadPursuit",0.028565
742,A0100,adaptive_eagle,HABFM,4264.585784,160.641413,39.744632,121.171847,160.984388,11428.835763,239.758057,13973.664021,-27.273203,-4492.231150,-597.934071,3.208011,False,False,False,False,False,True,False,2-circle,1.000000,164.984227,88.719443,99.773517,0.226483,11.280557,131.997927,39.731412,12.968008,1,0,4,0.0000,0.0000,0.0000,0.5000,"HeadOnBreak",0.002225
742,B0100,defensive,HABFM,4264.585784,160.641413,39.744632,121.171847,160.984388,11428.835763,239.758057,13973.664021,-27.273203,-4492.231150,-597.934071,3.208011,False,False,False,False,False,True,False,2-circle,1.000000,164.984227,88.719443,99.773517,0.226483,11.280557,131.997927,39.731412,12.968008,2,8,3,0.0000,0.0000,0.0000,0.5000,"LeadPursuit",0.029302
743,A0100,adaptive_eagle,HABFM,4466.406385,158.936809,39.859774,119.217628,159.120457,11427.058429,239.559652,13967.676625,-29.936981,-4615.966087,-596.580959,3.514588,False,False,False,False,False,True,False,2-circle,1.000000,163.350806,88.719443,99.773517,0.226483,11.280557,134.432680,42.296100,13.438582,1,0,4,0.0000,0.0000,0.0000,0.5000,"HeadOnBreak",0.014131
743,B0100,defensive,HABFM,4466.406385,158.936809,39.859774,119.217628,159.120457,11427.058429,239.559652,13967.676625,-29.936981,-4615.966087,-596.580959,3.514588,False,False,False,False,False,True,False,2-circle,1.000000,163.350806,88.719443,99.773517,0.226483,11.280557,134.432680,42.296100,13.438582,2,8,3,0.0000,0.0000,0.0000,0.5000,"LeadPursuit",0.030190
744,A0100,adaptive_eagle,HABFM,4667.047959,157.165971,40.613759,116.627651,157.249554,11426.451391,239.307570,13961.725563,-29.755307,-4688.612196,-590.597080,3.870781,False,False,False,False,False,True,False,2-circle,1.000000,160.859906,88.719443,99.773517,0.226483,11.280557,137.036206,45.027625,13.827834,1,0,4,0.0000,0.0000,0.0000,0.5000,"HeadOnBreak",0.041461
744,B0100,defensive,HABFM,4667.047959,157.165971,40.613759,116.627651,157.249554,11426.451391,239.307570,13961.725563,-29.755307,-4688.612196,-590.597080,3.870781,False,False,False,False,False,True,False,2-circle,1.000000,160.859906,88.719443,99.773517,0.226483,11.280557,137.036206,45.027625,13.827834,2,8,3,0.0000,0.0000,0.0000,0.5000,"LeadPursuit",0.031395
745,A0100,adaptive_eagle,HABFM,4864.199406,155.323788,42.720983,112.650415,155.350387,11426.929819,239.020870,13956.132917,-27.963231,-4687.925592,-575.789692,4.265072,False,False,False,False,False,True,False,2-circle,1.000000,158.764568,88.719443,99.773517,0.226483,11.280557,139.666502,47.768635,14.129370,1,0,4,0.0000,0.0000,0.0000,0.5000,"HeadOnBreak",0.057681
745,B0100,defensive,HABFM,4864.199406,155.323788,42.720983,112.650415,155.350387,11426.929819,239.020870,13956.132917,-27.963231,-4687.925592,-575.789692,4.265072,False,False,False,False,False,True,False,2-circle,1.000000,158.764568,88.719443,99.773517,0.226483,11.280557,139.666502,47.768635,14.129370,2,8,3,0.0000,0.0000,0.0000,0.5000,"LeadPursuit",0.032908
746,A0100,adaptive_eagle,HABFM,5055.347252,153.406330,45.462439,107.960152,153.404372,11428.398488,238.709716,13951.020900,-25.560086,-4660.638421,-556.218420,4.688627,False,False,False,False,False,True,False,2-circle,1.000000,156.845712,88.719443,99.773517,0.226483,11.280557,142.217052,50.416684,14.343354,1,8,4,0.0000,0.0000,0.0000,0.5000,"HeadOnBreak",0.046204
746,B0100,defensive,HABFM,5055.347252,153.406330,45.462439,107.960152,153.404372,11428.398488,238.709716,13951.020900,-25.560086,-4660.638421,-556.218420,4.688627,False,False,False,False,False,True,False,2-circle,1.000000,156.845712,88.719443,99.773517,0.226483,11.280557,142.217052,50.416684,14.343354,2,8,3,0.0000,0.0000,0.0000,0.5000,"LeadPursuit",0.034353
747,A0100,adaptive_eagle,HABFM,5240.138318,151.427722,47.524355,103.903476,151.415287,11430.758163,238.379461,13946.405302,-23.077987,-4683.063106,-540.225200,5.139265,False,False,False,False,False,True,False,2-circle,1.000000,153.005776,88.719443,99.773517,0.226483,11.280557,144.627936,52.936726,14.473835,1,8,4,0.0000,0.0000,0.0000,0.5000,"HeadOnBreak",0.017534
747,B0100,defensive,HABFM,5240.138318,151.427722,47.524355,103.903476,151.415287,11430.758163,238.379461,13946.405302,-23.077987,-4683.063106,-540.225200,5.139265,False,False,False,False,False,True,False,2-circle,1.000000,153.005776,88.719443,99.773517,0.226483,11.280557,144.627936,52.936726,14.473835,2,8,3,0.0000,0.0000,0.0000,0.5000,"LeadPursuit",0.038286
748,A0100,adaptive_eagle,HABFM,5420.792724,149.267054,48.283515,101.001371,149.257379,11433.976930,237.856062,13938.589219,-39.080418,-4793.165658,-531.734025,5.419257,False,False,False,False,False,True,False,2-circle,1.000000,146.704504,88.719443,99.773517,0.226483,11.280557,145.894871,54.329924,14.553391,1,8,4,0.0000,0.0000,0.0000,0.5000,"HeadOnBreak",-0.001646
748,B0100,defensive,HABFM,5420.792724,149.267054,48.283515,101.001371,149.257379,11433.976930,237.856062,13938.589219,-39.080418,-4793.165658,-531.734025,5.419257,False,False,False,False,False,True,False,2-circle,1.000000,146.704504,88.719443,99.773517,0.226483,11.280557,145.894871,54.329924,14.553391,2,8,3,0.0000,0.0000,0.0000,0.5000,"LeadPursuit",0.039222
749,A0100,adaptive_eagle,HABFM,5599.556425,147.099463,48.202597,98.951738,147.104688,11438.142957,237.290131,13930.850982,-38.691185,-4966.461586,-528.620010,5.403115,False,False,False,False,False,True,False,2-circle,1.000000,138.581664,88.719443,99.773517,0.226483,11.280557,145.615953,54.186874,14.634302,1,0,4,0.0000,0.0000,0.0000,0.5000,"HeadOnBreak",0.006022
749,B0100,defensive,HABFM,5599.556425,147.099463,48.202597,98.951738,147.104688,11438.142957,237.290131,13930.850982,-38.691185,-4966.461586,-528.620010,5.403115,False,False,False,False,False,True,False,2-circle,1.000000,138.581664,88.719443,99.773517,0.226483,11.280557,145.615953,54.186874,14.634302,2,8,3,0.0000,0.0000,0.0000,0.5000,"LeadPursuit",0.039414
750,A0100,adaptive_eagle,HABFM,5776.978938,144.969170,48.483602,96.580755,144.998012,11443.191270,236.714112,13923.811938,-35.195218,-5111.425105,-522.682469,5.373300,False,False,False,False,False,True,False,2-circle,1.000000,129.207500,88.719443,99.773517,0.226483,11.280557,145.263085,53.973168,14.781473,1,0,4,0.0000,0.0000,0.0000,0.5000,"HeadOnBreak",0.018997
750,B0100,defensive,HABFM,5776.978938,144.969170,48.483602,96.580755,144.998012,11443.191270,236.714112,13923.811938,-35.195218,-5111.425105,-522.682469,5.373300,False,False,False,False,False,True,False,2-circle,1.000000,129.207500,88.719443,99.773517,0.226483,11.280557,145.263085,53.973168,14.781473,2,8,3,0.0000,0.0000,0.0000,0.5000,"LeadPursuit",0.040284
751,A0100,adaptive_eagle,HABFM,5951.700535,142.844575,49.358632,93.604569,142.903358,11449.101931,236.098932,13916.845927,-34.830054,-5196.580619,-511.891333,5.430359,False,False,False,False,False,True,False,2-circle,1.000000,119.509867,88.719443,99.773517,0.226483,11.280557,145.350208,54.193360,15.005412,1,0,4,0.0000,0.0000,0.0000,0.5000,"HeadOnBreak",0.050175
751,B0100,defensive,HABFM,5951.700535,142.844575,49.358632,93.604569,142.903358,11449.101931,236.098932,13916.845927,-34.830054,-5196.580619,-511.891333,5.430359,False,False,False,False,False,True,False,2-circle,1.000000,119.509867,88.719443,99.773517,0.226483,11.280557,145.350208,54.193360,15.005412,2,8,3,0.0000,0.0000,0.0000,0.5000,"LeadPursuit",0.041517
752,A0100,adaptive_eagle,UNKNOWN,6121.208404,140.712787,51.575232,89.257760,140.804261,11455.860646,235.448826,13910.033327,-34.063001,-5209.370928,-491.421636,5.573150,False,False,False,False,False,True,False,1-circle,1.000000,110.798827,88.719443,99.773517,0.226483,11.280557,145.867361,54.825523,15.280120,1,0,4,0.0000,0.0000,0.0000,0.5000,"HeadOnBreak",0.068602
752,B0100,defensive,UNKNOWN,6121.208404,140.712787,51.575232,89.257760,140.804261,11455.860646,235.448826,13910.033327,-34.063001,-5209.370928,-491.421636,5.573150,False,False,False,False,False,True,False,1-circle,1.000000,110.798827,88.719443,99.773517,0.226483,11.280557,145.867361,54.825523,15.280120,2,8,3,0.0000,0.0000,0.0000,0.5000,"LeadPursuit",0.042978
753,A0100,adaptive_eagle,UNKNOWN,6282.694481,138.565934,54.443018,84.284811,138.690205,11463.435764,234.775206,13903.585732,-32.237977,-5194.955803,-465.740679,5.773779,False,False,False,False,False,True,False,1-circle,1.000000,102.812786,88.719443,99.773517,0.226483,11.280557,146.642756,55.701669,15.574026,1,8,4,0.0000,0.0000,0.0000,0.5000,"HeadOnBreak",0.053960
753,B0100,defensive,UNKNOWN,6282.694481,138.565934,54.443018,84.284811,138.690205,11463.435764,234.775206,13903.585732,-32.237977,-5194.955803,-465.740679,5.773779,False,False,False,False,False,True,False,1-circle,1.000000,102.812786,88.719443,99.773517,0.226483,11.280557,146.642756,55.701669,15.574026,2,8,3,0.0000,0.0000,0.0000,0.5000,"LeadPursuit",0.044353
754,A0100,adaptive_eagle,UNKNOWN,6435.969596,136.407233,56.587519,80.091325,136.564663,11471.779851,234.086372,13897.631944,-29.768938,-5236.295728,-444.629019,6.007394,False,False,False,False,False,True,False,1-circle,1.000000,93.246616,88.719443,99.773517,0.226483,11.280557,147.511525,56.678968,15.863281,1,8,4,0.0000,0.0000,0.0000,0.5000,"HeadOnBreak",0.021487
754,B0100,defensive,UNKNOWN,6435.969596,136.407233,56.587519,80.091325,136.564663,11471.779851,234.086372,13897.631944,-29.768938,-5236.295728,-444.629019,6.007394,False,False,False,False,False,True,False,1-circle,1.000000,93.246616,88.719443,99.773517,0.226483,11.280557,147.511525,56.678968,15.863281,2,8,3,0.0000,0.0000,0.0000,0.5000,"LeadPursuit",0.045507
755,A0100,adaptive_eagle,UNKNOWN,6583.698558,134.249178,57.422477,77.205137,134.439760,11480.837535,233.386260,13892.200719,-27.156125,-5362.179590,-432.641289,6.259154,False,False,False,False,False,True,False,1-circle,1.000000,81.515929,88.719443,99.773517,0.226483,11.280557,148.387903,57.676888,16.133586,1,8,4,0.0000,0.0000,0.0000,0.5000,"HeadOnBreak",0.001238
755,B0100,defensive,UNKNOWN,6583.698558,134.249178,57.422477,77.205137,134.439760,11480.837535,233.386260,13892.200719,-27.156125,-5362.179590,-432.641289,6.259154,False,False,False,False,False,True,False,1-circle,1.000000,81.515929,88.719443,99.773517,0.226483,11.280557,148.387903,57.676888,16.133586,2,8,0,0.0000,0.0000,0.0000,0.5000,"Pursue",0.046562
756,A0100,adaptive_eagle,UNKNOWN,6728.531559,132.100666,57.472193,75.098711,132.322998,11490.551557,232.676184,13887.263967,-24.683760,-5547.820353,-426.324627,6.522672,False,False,False,False,False,True,False,1-circle,1.000000,68.362543,88.719443,99.773517,0.226483,11.280557,149.245388,58.662264,16.377769,1,0,4,0.0000,0.0000,0.0000,0.5000,"HeadOnBreak",0.010533
756,B0100,defensive,UNKNOWN,6728.531559,132.100666,57.472193,75.098711,132.322998,11490.551557,232.676184,13887.263967,-24.683760,-5547.820353,-426.324627,6.522672,False,False,False,False,False,True,False,1-circle,1.000000,68.362543,88.719443,99.773517,0.226483,11.280557,149.245388,58.662264,16.377769,2,8,0,0.0000,0.0000,0.0000,0.5000,"Pursue",0.047692
757,A0100,adaptive_eagle,UNKNOWN,6870.896129,129.962043,57.889990,72.606228,130.213585,11500.865678,231.956594,13882.776540,-22.437137,-5700.303632,-416.882715,6.796559,False,False,False,False,False,True,False,1-circle,1.000000,54.362971,88.719443,99.773517,0.226483,11.280557,150.080642,59.626752,16.592875,1,0,4,0.0000,0.0000,0.0000,0.5000,"HeadOnBreak",0.024793
757,B0100,defensive,UNKNOWN,6870.896129,129.962043,57.889990,72.606228,130.213585,11500.865678,231.956594,13882.776540,-22.437137,-5700.303632,-416.882715,6.796559,False,False,False,False,False,True,False,1-circle,1.000000,54.362971,88.719443,99.773517,0.226483,11.280557,150.080642,59.626752,16.592875,2,8,0,0.0000,0.0000,0.0000,0.5000,"Pursue",0.049008
758,A0100,adaptive_eagle,UNKNOWN,7009.440130,127.830122,58.855579,69.518917,128.106804,11511.725477,231.228038,13878.697077,-20.397315,-5791.038892,-402.688263,7.081633,False,False,False,False,False,True,False,1-circle,1.000000,40.471506,88.719443,99.773517,0.226483,11.280557,150.902432,60.571330,16.778032,1,0,4,0.0000,0.0000,0.0000,0.5000,"HeadOnBreak",0.061346
758,B0100,defensive,UNKNOWN,7009.440130,127.830122,58.855579,69.518917,128.106804,11511.725477,231.228038,13878.697077,-20.397315,-5791.038892,-402.688263,7.081633,False,False,False,False,False,True,False,1-circle,1.000000,40.471506,88.719443,99.773517,0.226483,11.280557,150.902432,60.571330,16.778032,2,8,0,0.0000,0.0000,0.0000,0.5000,"Pursue",0.050624
759,A0100,adaptive_eagle,UNKNOWN,7141.496349,125.698629,61.163606,65.048853,125.994481,11523.078230,230.491474,13874.994123,-18.514769,-5805.330382,-378.001553,7.379319,False,False,False,False,False,True,False,1-circle,1.000000,27.984231,88.719443,99.773517,0.226483,11.280557,151.723348,61.498709,16.933235,2,6,4,0.0000,0.0000,0.0000,0.5000,"ExtensionBreak",0.064184
759,B0100,defensive,UNKNOWN,7141.496349,125.698629,61.163606,65.048853,125.994481,11523.078230,230.491474,13874.994123,-18.514769,-5805.330382,-378.001553,7.379319,False,False,False,False,False,True,False,1-circle,1.000000,27.984231,88.719443,99.773517,0.226483,11.280557,151.723348,61.498709,16.933235,2,8,0,0.0000,0.0000,0.0000,0.5000,"Pursue",0.052493
760,A0100,adaptive_eagle,UNKNOWN,7264.569619,123.560025,63.481415,60.643849,123.869419,11534.872556,229.748237,13871.645056,-16.745334,-5831.780917,-352.863758,7.690982,False,False,False,False,False,True,False,1-circle,1.000000,16.480687,88.719443,99.773517,0.226483,11.280557,152.540741,62.410718,17.058768,2,6,4,0.0000,0.0000,0.0000,0.5000,"ExtensionBreak",0.017476
760,B0100,defensive,UNKNOWN,7264.569619,123.560025,63.481415,60.643849,123.869419,11534.872556,229.748237,13871.645056,-16.745334,-5831.780917,-352.863758,7.690982,False,False,False,False,False,True,False,1-circle,1.000000,16.480687,88.719443,99.773517,0.226483,11.280557,152.540741,62.410718,17.058768,2,8,0,0.0000,0.0000,0.0000,0.5000,"Pursue",0.054245
761,A0100,adaptive_eagle,UNKNOWN,7381.196244,121.419786,64.096851,57.958908,121.738825,11547.058153,228.999912,13868.633002,-15.060273,-5945.159831,-340.386768,8.017765,False,False,False,False,False,True,False,1-circle,1.000000,4.683827,88.719443,99.773517,0.226483,11.280557,153.344336,63.307973,17.154997,2,6,4,0.0000,0.0000,0.0000,0.5000,"ExtensionBreak",-0.024667
761,B0100,defensive,UNKNOWN,7381.196244,121.419786,64.096851,57.958908,121.738825,11547.058153,228.999912,13868.633002,-15.060273,-5945.159831,-340.386768,8.017765,False,False,False,False,False,True,False,1-circle,1.000000,4.683827,88.719443,99.773517,0.226483,11.280557,153.344336,63.307973,17.154997,2,8,0,0.0000,0.0000,0.0000,0.5000,"Pursue",0.055806
762,A0100,adaptive_eagle,UNKNOWN,7495.782060,119.286840,63.226173,56.818682,119.612739,11559.585646,228.248206,13865.944093,-13.444546,-6143.642625,-339.331602,8.360624,False,False,False,False,False,False,False,1-circle,1.000000,-8.077116,88.719443,99.773517,0.226483,11.280557,154.128517,64.190258,17.222307,2,6,4,0.0000,0.0000,0.0000,0.5000,"ExtensionBreak",-0.033816
762,B0100,defensive,UNKNOWN,7495.782060,119.286840,63.226173,56.818682,119.612739,11559.585646,228.248206,13865.944093,-13.444546,-6143.642625,-339.331602,8.360624,False,False,False,False,False,False,False,1-circle,1.000000,-8.077116,88.719443,99.773517,0.226483,11.280557,154.128517,64.190258,17.222307,2,8,0,0.0000,0.0000,0.0000,0.5000,"Pursue",0.057266
763,A0100,adaptive_eagle,UNKNOWN,7610.647231,117.164355,62.019483,56.127769,117.496153,11572.406541,227.494866,13863.565693,-11.891996,-6363.779884,-340.865280,8.720413,False,False,False,False,False,False,False,1-circle,1.000000,-23.091686,88.719443,99.773517,0.226483,11.280557,154.883100,65.056942,17.261109,2,6,4,0.0000,0.0000,0.0000,0.5000,"ExtensionBreak",-0.031347
763,B0100,defensive,UNKNOWN,7610.647231,117.164355,62.019483,56.127769,117.496153,11572.406541,227.494866,13863.565693,-11.891996,-6363.779884,-340.865280,8.720413,False,False,False,False,False,False,False,1-circle,1.000000,-23.091686,88.719443,99.773517,0.226483,11.280557,154.883100,65.056942,17.261109,2,8,0,0.0000,0.0000,0.0000,0.5000,"Pursue",0.058725
764,A0100,adaptive_eagle,UNKNOWN,7726.045247,115.051568,60.896211,55.503809,115.390021,11585.473237,226.741631,13861.485459,-10.401173,-6590.497314,-341.817163,9.097947,False,False,False,False,False,False,False,1-circle,1.000000,-41.623564,88.719443,99.773517,0.226483,11.280557,155.598568,65.907250,17.271842,2,6,4,0.0000,0.0000,0.0000,0.5000,"ExtensionBreak",-0.022721
764,B0100,defensive,UNKNOWN,7726.045247,115.051568,60.896211,55.503809,115.390021,11585.473237,226.741631,13861.485459,-10.401173,-6590.497314,-341.817163,9.097947,False,False,False,False,False,False,False,1-circle,1.000000,-41.623564,88.719443,99.773517,0.226483,11.280557,155.598568,65.907250,17.271842,2,8,0,0.0000,0.0000,0.0000,0.5000,"Pursue",0.060252
765,A0100,adaptive_eagle,UNKNOWN,7841.494293,112.945963,60.101823,54.728029,113.293233,11598.739057,225.990212,13859.690920,-8.972692,-6827.115646,-340.459967,9.494032,False,False,False,False,False,False,False,1-circle,1.000000,-64.741296,88.719443,99.773517,0.226483,11.280557,156.267307,66.740394,17.254984,2,6,4,0.0000,0.0000,0.0000,0.5000,"ExtensionBreak",-0.012486
765,B0100,defensive,UNKNOWN,7841.494293,112.945963,60.101823,54.728029,113.293233,11598.739057,225.990212,13859.690920,-8.972692,-6827.115646,-340.459967,9.494032,False,False,False,False,False,False,False,1-circle,1.000000,-64.741296,88.719443,99.773517,0.226483,11.280557,156.267307,66.740394,17.254984,2,8,0,0.0000,0.0000,0.0000,0.5000,"Pursue",0.061919
766,A0100,adaptive_eagle,UNKNOWN,7956.097778,110.844204,59.712184,53.649503,111.203121,11612.158290,225.242281,13858.169350,-7.607852,-7066.384093,-336.140226,9.909474,False,False,False,False,False,False,False,1-circle,1.000000,-92.967572,88.719443,99.773517,0.226483,11.280557,156.885996,67.555627,17.211047,1,1,4,0.0000,0.0000,0.0000,0.5000,"HeadOnBreak",-0.016637
766,B0100,defensive,UNKNOWN,7956.097778,110.844204,59.712184,53.649503,111.203121,11612.158290,225.242281,13858.169350,-7.607852,-7066.384093,-336.140226,9.909474,False,False,False,False,False,False,False,1-circle,1.000000,-92.967572,88.719443,99.773517,0.226483,11.280557,156.885996,67.555627,17.211047,2,8,0,0.0000,0.0000,0.0000,0.5000,"Pursue",0.063800
767,A0100,adaptive_eagle,UNKNOWN,8069.389183,108.746418,59.148540,52.375356,109.117762,11625.686229,224.499467,13856.907742,-6.308041,-7276.853577,-332.664746,10.345081,False,False,False,False,False,False,False,1-circle,1.000000,-124.552444,88.719443,99.773517,0.226483,11.280557,157.467589,68.352246,17.140582,1,1,4,0.0000,0.0000,0.0000,0.5000,"HeadOnBreak",-0.022494
767,B0100,defensive,UNKNOWN,8069.389183,108.746418,59.148540,52.375356,109.117762,11625.686229,224.499467,13856.907742,-6.308041,-7276.853577,-332.664746,10.345081,False,False,False,False,False,False,False,1-circle,1.000000,-124.552444,88.719443,99.773517,0.226483,11.280557,157.467589,68.352246,17.140582,2,8,0,0.0000,0.0000,0.0000,0.5000,"Pursue",0.065850
768,A0100,adaptive_eagle,UNKNOWN,8181.954107,106.660143,58.298140,50.901305,107.039901,11639.279210,223.763358,13855.892837,-5.074522,-7406.066350,-330.299032,10.801647,False,False,False,False,False,False,False,1-circle,1.000000,-155.256702,88.719443,99.773517,0.226483,11.280557,158.041847,69.129599,17.044166,1,1,4,0.0000,0.0000,0.0000,0.5000,"HeadOnBreak",-0.007086
768,B0100,defensive,UNKNOWN,8181.954107,106.660143,58.298140,50.901305,107.039901,11639.279210,223.763358,13855.892837,-5.074522,-7406.066350,-330.299032,10.801647,False,False,False,False,False,False,False,1-circle,1.000000,-155.256702,88.719443,99.773517,0.226483,11.280557,158.041847,69.129599,17.044166,2,8,0,0.0000,0.0000,0.0000,0.5000,"Pursue",0.068136
769,A0100,adaptive_eagle,UNKNOWN,8293.079106,104.587480,57.989272,48.745875,104.968806,11652.894635,223.035493,13855.111161,-3.908382,-7482.249535,-323.452038,11.279939,False,False,False,False,False,False,False,1-circle,1.000000,-182.299855,88.719443,99.773517,0.226483,11.280557,158.626714,69.887079,16.922407,1,0,4,0.0000,0.0000,0.0000,0.5000,"HeadOnBreak",0.013638
769,B0100,defensive,UNKNOWN,8293.079106,104.587480,57.989272,48.745875,104.968806,11652.894635,223.035493,13855.111161,-3.908382,-7482.249535,-323.452038,11.279939,False,False,False,False,False,False,False,1-circle,1.000000,-182.299855,88.719443,99.773517,0.226483,11.280557,158.626714,69.887079,16.922407,2,8,0,0.0000,0.0000,0.0000,0.5000,"Pursue",0.070757
770,A0100,adaptive_eagle,UNKNOWN,8400.950523,102.522063,58.467246,45.899598,102.898572,11666.491000,222.317367,13854.549055,-2.810531,-7531.894341,-310.676642,11.780688,False,False,False,False,False,False,False,1-circle,1.000000,-205.632381,88.719443,99.773517,0.226483,11.280557,159.220356,70.624124,16.775939,1,0,4,0.0000,0.0000,0.0000,0.5000,"HeadOnBreak",0.045129
770,B0100,defensive,UNKNOWN,8400.950523,102.522063,58.467246,45.899598,102.898572,11666.491000,222.317367,13854.549055,-2.810531,-7531.894341,-310.676642,11.780688,False,False,False,False,False,False,False,1-circle,1.000000,-205.632381,88.719443,99.773517,0.226483,11.280557,159.220356,70.624124,16.775939,2,8,0,0.0000,0.0000,0.0000,0.5000,"Pursue",0.073855
771,A0100,adaptive_eagle,UNKNOWN,8503.041119,100.454456,60.117225,41.930750,100.820412,11680.027919,221.610432,13854.192712,-1.781711,-7566.508313,-289.176538,12.304566,False,False,False,False,False,False,False,1-circle,1.000000,-225.319828,88.719443,99.773517,0.226483,11.280557,159.820072,71.340216,16.605417,1,0,4,0.0000,0.0000,0.0000,0.5000,"SmartHighYoYo",0.066700
771,B0100,defensive,UNKNOWN,8503.041119,100.454456,60.117225,41.930750,100.820412,11680.027919,221.610432,13854.192712,-1.781711,-7566.508313,-289.176538,12.304566,False,False,False,False,False,False,False,1-circle,1.000000,-225.319828,88.719443,99.773517,0.226483,11.280557,159.820072,71.340216,16.605417,2,8,0,0.0000,0.0000,0.0000,0.5000,"Pursue",0.077439
772,A0100,adaptive_eagle,UNKNOWN,8596.636219,98.374259,62.546880,37.447231,98.725796,11693.466133,220.916089,13854.028212,-0.822503,-7586.224266,-261.457042,12.852172,False,False,False,False,False,False,False,1-circle,1.000000,-242.534568,88.719443,99.773517,0.226483,11.280557,160.415846,72.034888,16.411519,1,0,4,0.0000,0.0000,0.0000,0.5000,"SmartHighYoYo",0.058848
772,B0100,defensive,UNKNOWN,8596.636219,98.374259,62.546880,37.447231,98.725796,11693.466133,220.916089,13854.028212,-0.822503,-7586.224266,-261.457042,12.852172,False,False,False,False,False,False,False,1-circle,1.000000,-242.534568,88.719443,99.773517,0.226483,11.280557,160.415846,72.034888,16.411519,2,8,0,0.0000,0.0000,0.0000,0.5000,"Pursue",0.081219
773,A0100,adaptive_eagle,UNKNOWN,8681.034870,96.277257,64.666003,33.551393,96.613831,11706.767528,220.235693,13854.041545,0.066666,-7648.537844,-236.092915,13.424008,False,False,False,False,False,False,False,1-circle,1.000000,-259.959443,88.719443,99.773517,0.226483,11.280557,160.988521,72.707721,16.194939,1,0,4,0.0000,0.0000,0.0000,0.5000,"SmartHighYoYo",0.045256
773,B0100,defensive,UNKNOWN,8681.034870,96.277257,64.666003,33.551393,96.613831,11706.767528,220.235693,13854.041545,0.066666,-7648.537844,-236.092915,13.424008,False,False,False,False,False,False,False,1-circle,1.000000,-259.959443,88.719443,99.773517,0.226483,11.280557,160.988521,72.707721,16.194939,2,8,0,0.0000,0.0000,0.0000,0.5000,"Pursue",0.085105
774,A0100,adaptive_eagle,UNKNOWN,8757.797295,94.165316,66.264372,30.224064,94.487871,11719.895143,219.570552,13854.218650,0.885524,-7766.873481,-214.914047,14.020458,False,False,False,False,False,False,False,1-circle,1.000000,-278.771514,88.719443,99.773517,0.226483,11.280557,161.530032,73.358346,15.956388,1,0,4,0.0000,0.0000,0.0000,0.5000,"SmartHighYoYo",0.054495
774,B0100,defensive,UNKNOWN,8757.797295,94.165316,66.264372,30.224064,94.487871,11719.895143,219.570552,13854.218650,0.885524,-7766.873481,-214.914047,14.020458,False,False,False,False,False,False,False,1-circle,1.000000,-278.771514,88.719443,99.773517,0.226483,11.280557,161.530032,73.358346,15.956388,2,8,0,0.0000,0.0000,0.0000,0.5000,"Pursue",0.089270
775,A0100,adaptive_eagle,UNKNOWN,8827.195604,92.039007,68.125271,26.687004,92.348511,11732.813176,218.921926,13854.545439,1.633944,-7867.769679,-191.211631,14.641759,False,False,False,False,False,False,False,1-circle,1.000000,-298.797984,88.719443,99.773517,0.226483,11.280557,162.041157,73.986448,15.696592,1,0,4,0.0000,0.0000,0.0000,0.5000,"SmartHighYoYo",0.063981
775,B0100,defensive,UNKNOWN,8827.195604,92.039007,68.125271,26.687004,92.348511,11732.813176,218.921926,13854.545439,1.633944,-7867.769679,-191.211631,14.641759,False,False,False,False,False,False,False,1-circle,1.000000,-298.797984,88.719443,99.773517,0.226483,11.280557,162.041157,73.986448,15.696592,2,8,0,0.0000,0.0000,0.0000,0.5000,"Pursue",0.093812
776,A0100,adaptive_eagle,UNKNOWN,8888.205747,89.897840,70.220715,22.941494,90.194995,11745.486982,218.291026,13855.007827,2.311940,-7947.875867,-165.148405,15.287976,False,False,True,False,False,False,False,1-circle,1.000000,-319.548863,88.719443,99.773517,0.226483,11.280557,162.524402,74.591761,15.416286,2,0,3,0.0000,0.0000,0.0000,0.5000,"LeadPursuit",-0.277414
776,B0100,defensive,UNKNOWN,8888.205747,89.897840,70.220715,22.941494,90.194995,11745.486982,218.291026,13855.007827,2.311940,-7947.875867,-165.148405,15.287976,False,False,True,False,False,False,False,1-circle,1.000000,-319.548863,88.719443,99.773517,0.226483,11.280557,162.524402,74.591761,15.416286,2,8,0,0.0000,0.0000,0.0000,0.5000,"Pursue",0.098745
777,A0100,adaptive_eagle,UNKNOWN,8940.187301,87.742459,72.463568,19.051369,88.027441,11757.883080,217.679012,13855.591759,2.919663,-8008.959757,-137.450689,15.958963,False,False,True,False,False,False,False,1-circle,1.000000,-340.212707,88.719443,99.773517,0.226483,11.280557,162.984328,75.174072,15.116218,3,0,3,0.0000,0.0000,0.0000,0.5000,"LeadPursuit",-0.378710
777,B0100,defensive,UNKNOWN,8940.187301,87.742459,72.463568,19.051369,88.027441,11757.883080,217.679012,13855.591759,2.919663,-8008.959757,-137.450689,15.958963,False,False,True,False,False,False,False,1-circle,1.000000,-340.212707,88.719443,99.773517,0.226483,11.280557,162.984328,75.174072,15.116218,2,8,0,0.0000,0.0000,0.0000,0.5000,"Pursue",0.104106
778,A0100,adaptive_eagle,UNKNOWN,8982.618851,85.573924,74.774499,15.096180,85.846244,11769.969145,217.087000,13856.283237,3.457391,-8054.069575,-108.838485,16.654334,False,False,True,False,False,False,False,1-circle,1.000000,-359.745585,88.719443,99.773517,0.226483,11.280557,163.426917,75.733220,14.797142,3,0,3,0.0000,0.0000,0.0000,0.5000,"LeadPursuit",-0.365682
778,B0100,defensive,UNKNOWN,8982.618851,85.573924,74.774499,15.096180,85.846244,11769.969145,217.087000,13856.283237,3.457391,-8054.069575,-108.838485,16.654334,False,False,True,False,False,False,False,1-circle,1.000000,-359.745585,88.719443,99.773517,0.226483,11.280557,163.426917,75.733220,14.797142,2,8,0,0.0000,0.0000,0.0000,0.5000,"Pursue",0.109908
779,A0100,adaptive_eagle,UNKNOWN,9014.949839,83.394157,77.444772,10.983562,83.652597,11781.714005,216.516052,13857.068342,3.925523,-8047.978408,-76.779755,17.373427,False,False,True,False,False,False,False,1-circle,1.000000,-376.895877,88.719443,99.773517,0.226483,11.280557,163.859423,76.269094,14.459817,3,0,3,0.0000,0.0000,0.0000,0.5000,"LeadPursuit",-0.332763
779,B0100,defensive,UNKNOWN,9014.949839,83.394157,77.444772,10.983562,83.652597,11781.714005,216.516052,13857.068342,3.925523,-8047.978408,-76.779755,17.373427,False,False,True,False,False,False,False,1-circle,1.000000,-376.895877,88.719443,99.773517,0.226483,11.280557,163.859423,76.269094,14.459817,2,8,0,0.0000,0.0000,0.0000,0.5000,"Pursue",0.116135
780,A0100,adaptive_eagle,UNKNOWN,9035.047025,81.204994,80.992941,8.047171,81.448263,11793.087631,215.967184,13857.933257,4.324573,-7969.534936,-36.980546,18.115262,False,False,True,False,False,False,False,1-circle,1.000000,-391.005514,88.719443,99.773517,0.226483,11.280557,164.284905,76.781631,14.105007,3,0,3,0.0000,0.0000,0.0000,0.5000,"LeadPursuit",-0.339415
780,B0100,defensive,UNKNOWN,9035.047025,81.204994,80.992941,8.047171,81.448263,11793.087631,215.967184,13857.933257,4.324573,-7969.534936,-36.980546,18.115262,False,False,True,False,False,False,False,1-circle,1.000000,-391.005514,88.719443,99.773517,0.226483,11.280557,164.284905,76.781631,14.105007,2,8,0,0.0000,0.0000,0.0000,0.5000,"Pursue",0.122656
781,A0100,adaptive_eagle,UNKNOWN,9041.488968,79.007214,84.340514,9.405483,79.235857,11804.061130,215.441361,13858.864289,4.655161,-7919.930467,0.993415,18.878507,False,False,True,False,False,False,False,1-circle,1.000000,-403.929403,88.719443,99.773517,0.226483,11.280557,164.690678,77.270818,13.733477,3,0,3,0.0000,0.0000,0.0000,0.5000,"LeadPursuit",-0.372995
781,B0100,defensive,UNKNOWN,9041.488968,79.007214,84.340514,9.405483,79.235857,11804.061130,215.441361,13858.864289,4.655161,-7919.930467,0.993415,18.878507,False,False,True,False,False,False,False,1-circle,1.000000,-403.929403,88.719443,99.773517,0.226483,11.280557,164.690678,77.270818,13.733477,2,8,0,0.0000,0.0000,0.0000,0.5000,"Pursue",0.129637
782,A0100,adaptive_eagle,UNKNOWN,9036.485885,76.800368,86.824675,12.511067,77.015996,11814.606733,214.939499,13859.847890,4.918007,-7946.745368,31.482016,19.661437,False,False,True,False,False,False,False,1-circle,1.000000,-417.094504,88.719443,99.773517,0.226483,11.280557,165.067913,77.736688,13.345993,3,0,3,0.0000,0.0000,0.0000,0.5000,"LeadPursuit",-0.382781
782,B0100,defensive,UNKNOWN,9036.485885,76.800368,86.824675,12.511067,77.015996,11814.606733,214.939499,13859.847890,4.918007,-7946.745368,31.482016,19.661437,False,False,True,False,False,False,False,1-circle,1.000000,-417.094504,88.719443,99.773517,0.226483,11.280557,165.067913,77.736688,13.345993,2,8,0,0.0000,0.0000,0.0000,0.5000,"Pursue",0.137308
783,A0100,adaptive_eagle,DBFM,9021.731174,74.584220,89.081448,16.071035,74.787966,11824.697781,214.462467,13860.870675,5.113923,-7989.636454,60.011391,20.461907,False,False,True,False,False,False,False,1-circle,1.000000,-430.032176,88.719443,99.773517,0.226483,11.280557,165.419817,78.179320,12.943321,3,0,3,0.0000,0.0000,0.0000,0.5000,"LeadPursuit",-0.379964
783,B0100,defensive,DBFM,9021.731174,74.584220,89.081448,16.071035,74.787966,11824.697781,214.462467,13860.870675,5.113923,-7989.636454,60.011391,20.461907,False,False,True,False,False,False,False,1-circle,1.000000,-430.032176,88.719443,99.773517,0.226483,11.280557,165.419817,78.179320,12.943321,2,8,0,0.0000,0.0000,0.0000,0.5000,"Pursue",-0.141946
784,A0100,adaptive_eagle,DBFM,8997.161658,72.360309,91.403077,19.966189,72.552603,11834.308713,214.011081,13861.919436,5.243806,-8012.553606,89.026960,21.277317,False,False,True,False,False,False,False,1-circle,1.000000,-441.792284,88.719443,99.773517,0.226483,11.280557,165.752270,78.598835,12.526223,3,0,3,0.0000,0.0000,0.0000,0.5000,"LeadPursuit",-0.361797
784,B0100,defensive,DBFM,8997.161658,72.360309,91.403077,19.966189,72.552603,11834.308713,214.011081,13861.919436,5.243806,-8012.553606,89.026960,21.277317,False,False,True,False,False,False,False,1-circle,1.000000,-441.792284,88.719443,99.773517,0.226483,11.280557,165.752270,78.598835,12.526223,2,8,0,0.0000,0.0000,0.0000,0.5000,"Pursue",-0.431517
785,A0100,adaptive_eagle,DBFM,8962.408695,70.131169,94.080521,24.391604,70.311728,11843.415047,213.586111,13862.981162,5.308633,-7988.379942,120.837697,22.104588,False,False,True,False,False,False,False,1-circle,1.000000,-451.224086,88.719443,99.773517,0.226483,11.280557,166.072508,78.995398,12.095457,3,0,3,0.0000,0.0000,0.0000,0.5000,"LeadPursuit",-0.315573
785,B0100,defensive,DBFM,8962.408695,70.131169,94.080521,24.391604,70.311728,11843.415047,213.586111,13862.981162,5.308633,-7988.379942,120.837697,22.104588,False,False,True,False,False,False,False,1-circle,1.000000,-451.224086,88.719443,99.773517,0.226483,11.280557,166.072508,78.995398,12.095457,2,8,0,0.0000,0.0000,0.0000,0.5000,"Pursue",-0.603146
786,A0100,adaptive_eagle,DBFM,8915.630946,67.902008,97.617738,29.909344,68.070390,11851.993368,213.188278,13864.043053,5.309452,-7897.002980,159.325387,22.940155,False,False,True,False,False,False,False,1-circle,1.000000,-457.836629,88.719443,99.773517,0.226483,11.280557,166.383258,79.369211,11.651776,2,4,4,0.0000,0.0000,0.0000,0.5000,"Accelerate",-0.324181
786,B0100,defensive,DBFM,8915.630946,67.902008,97.617738,29.909344,68.070390,11851.993368,213.188278,13864.043053,5.309452,-7897.002980,159.325387,22.940155,False,False,True,False,False,False,False,1-circle,1.000000,-457.836629,88.719443,99.773517,0.226483,11.280557,166.383258,79.369211,11.651776,2,8,0,0.0000,0.0000,0.0000,0.5000,"Pursue",-0.532239
787,A0100,adaptive_eagle,DBFM,8855.749820,65.676170,100.942060,35.397984,65.832967,11860.021307,212.818269,13865.092849,5.248980,-7828.835325,195.444408,23.779959,False,False,True,False,False,False,False,1-circle,1.000000,-463.597359,88.719443,99.773517,0.226483,11.280557,166.671539,79.720516,11.195929,2,4,4,0.0000,0.0000,0.0000,0.5000,"Accelerate",-0.386276
787,B0100,defensive,DBFM,8855.749820,65.676170,100.942060,35.397984,65.832967,11860.021307,212.818269,13865.092849,5.248980,-7828.835325,195.444408,23.779959,False,False,True,False,False,False,False,1-circle,1.000000,-463.597359,88.719443,99.773517,0.226483,11.280557,166.671539,79.720516,11.195929,2,8,0,0.0000,0.0000,0.0000,0.5000,"Pursue",-0.286599
788,A0100,adaptive_eagle,DBFM,8785.193500,63.449004,103.154268,39.795895,63.594961,11867.477520,212.476739,13866.118751,5.129510,-7852.037958,222.341299,24.619471,False,False,True,False,False,False,False,1-circle,1.000000,-469.788966,88.719443,99.773517,0.226483,11.280557,166.929683,80.049596,10.728655,3,0,3,0.0000,0.0000,0.0000,0.5000,"LeadPursuit",-0.437091
788,B0100,defensive,DBFM,8785.193500,63.449004,103.154268,39.795895,63.594961,11867.477520,212.476739,13866.118751,5.129510,-7852.037958,222.341299,24.619471,False,False,True,False,False,False,False,1-circle,1.000000,-469.788966,88.719443,99.773517,0.226483,11.280557,166.929683,80.049596,10.728655,2,8,0,0.0000,0.0000,0.0000,0.5000,"Pursue",-0.116557
789,A0100,adaptive_eagle,DBFM,8706.832322,61.214374,104.592472,43.422331,61.349220,11874.341675,212.164258,13867.108592,4.949204,-7914.375748,242.905587,25.453708,False,False,True,False,False,False,False,1-circle,1.000000,-475.572297,88.719443,99.773517,0.226483,11.280557,167.164109,80.356761,10.250685,3,0,3,0.0000,0.0000,0.0000,0.5000,"LeadPursuit",-0.410634
789,B0100,defensive,DBFM,8706.832322,61.214374,104.592472,43.422331,61.349220,11874.341675,212.164258,13867.108592,4.949204,-7914.375748,242.905587,25.453708,False,False,True,False,False,False,False,1-circle,1.000000,-475.572297,88.719443,99.773517,0.226483,11.280557,167.164109,80.356761,10.250685,2,8,0,0.0000,0.0000,0.0000,0.5000,"Pursue",-0.221764
790,A0100,adaptive_eagle,DBFM,8621.244087,58.971837,106.527423,47.562598,59.094436,11880.594429,211.881352,13868.050452,4.709300,-7935.137274,267.039889,26.277271,False,False,True,False,False,False,False,1-circle,1.000000,-480.020023,88.719443,99.773517,0.226483,11.280557,167.381382,80.642351,9.762741,3,0,3,0.0000,0.0000,0.0000,0.5000,"LeadPursuit",-0.325023
790,B0100,defensive,DBFM,8621.244087,58.971837,106.527423,47.562598,59.094436,11880.594429,211.881352,13868.050452,4.709300,-7935.137274,267.039889,26.277271,False,False,True,False,False,False,False,1-circle,1.000000,-480.020023,88.719443,99.773517,0.226483,11.280557,167.381382,80.642351,9.762741,2,7,1,0.0000,0.0000,0.0000,0.5000,"Pursue",-0.493241
791,A0100,adaptive_eagle,DBFM,8525.696333,56.731124,109.750144,53.019842,56.839767,11886.217409,211.628496,13868.932671,4.411095,-7868.973153,300.389701,27.084420,False,False,True,False,False,False,False,1-circle,1.000000,-482.493543,88.719443,99.773517,0.226483,11.280557,167.585295,80.906734,9.265535,3,0,3,0.0000,0.0000,0.0000,0.5000,"LeadPursuit",-0.339653
791,B0100,defensive,DBFM,8525.696333,56.731124,109.750144,53.019842,56.839767,11886.217409,211.628496,13868.932671,4.411095,-7868.973153,300.389701,27.084420,False,False,True,False,False,False,False,1-circle,1.000000,-482.493543,88.719443,99.773517,0.226483,11.280557,167.585295,80.906734,9.265535,2,7,1,0.0000,0.0000,0.0000,0.5000,"Pursue",-0.420118
792,A0100,adaptive_eagle,DBFM,8418.830245,54.499370,112.773038,58.276378,54.592224,11891.193194,211.406121,13869.743856,4.055923,-7824.536111,331.466319,27.869166,False,False,True,False,False,False,False,1-circle,1.000000,-484.812200,88.719443,99.773517,0.226483,11.280557,167.763244,81.150307,8.759769,3,0,3,0.0000,0.0000,0.0000,0.5000,"LeadPursuit",-0.397495
792,B0100,defensive,DBFM,8418.830245,54.499370,112.773038,58.276378,54.592224,11891.193194,211.406121,13869.743856,4.055923,-7824.536111,331.466319,27.869166,False,False,True,False,False,False,False,1-circle,1.000000,-484.812200,88.719443,99.773517,0.226483,11.280557,167.763244,81.150307,8.759769,2,7,1,0.0000,0.0000,0.0000,0.5000,"Pursue",-0.240715
793,A0100,adaptive_eagle,DBFM,8302.580601,52.270645,115.048846,62.784050,52.344940,11895.505291,211.214611,13870.472886,3.645152,-7847.527508,356.728034,28.625373,False,False,True,False,False,False,False,1-circle,1.000000,-488.156517,88.719443,99.773517,0.226483,11.280557,167.907544,81.373495,8.246135,3,0,3,0.0000,0.0000,0.0000,0.5000,"LeadPursuit",-0.406588
793,B0100,defensive,DBFM,8302.580601,52.270645,115.048846,62.784050,52.344940,11895.505291,211.214611,13870.472886,3.645152,-7847.527508,356.728034,28.625373,False,False,True,False,False,False,False,1-circle,1.000000,-488.156517,88.719443,99.773517,0.226483,11.280557,167.907544,81.373495,8.246135,2,7,1,0.0000,0.0000,0.0000,0.5000,"Pursue",-0.216240
794,A0100,adaptive_eagle,DBFM,8178.132654,50.041386,117.250918,67.225605,50.092831,11899.138120,211.054303,13871.108922,3.180182,-7878.101756,381.009592,29.346878,False,False,True,False,False,False,False,1-circle,1.000000,-491.984298,88.719443,99.773517,0.226483,11.280557,168.022089,81.576744,7.725310,3,0,3,0.0000,0.0000,0.0000,0.5000,"LeadPursuit",-0.396486
794,B0100,defensive,DBFM,8178.132654,50.041386,117.250918,67.225605,50.092831,11899.138120,211.054303,13871.108922,3.180182,-7878.101756,381.009592,29.346878,False,False,True,False,False,False,False,1-circle,1.000000,-491.984298,88.719443,99.773517,0.226483,11.280557,168.022089,81.576744,7.725310,2,7,1,0.0000,0.0000,0.0000,0.5000,"Pursue",-0.240978
795,A0100,adaptive_eagle,DBFM,8045.364946,47.814927,119.582378,71.810722,47.837682,11902.076987,210.925490,13871.641410,2.662439,-7889.323542,405.494249,30.027628,False,False,True,False,False,False,False,1-circle,1.000000,-495.458990,88.719443,99.773517,0.226483,11.280557,168.112698,81.760525,7.197961,3,0,3,0.0000,0.0000,0.0000,0.5000,"LeadPursuit",-0.399722
795,B0100,defensive,DBFM,8045.364946,47.814927,119.582378,71.810722,47.837682,11902.076987,210.925490,13871.641410,2.662439,-7889.323542,405.494249,30.027628,False,False,True,False,False,False,False,1-circle,1.000000,-495.458990,88.719443,99.773517,0.226483,11.280557,168.112698,81.760525,7.197961,1,7,1,0.0000,0.0000,0.0000,0.5000,"Pursue",-0.227346
796,A0100,adaptive_eagle,DBFM,7904.370205,45.594070,121.873243,76.381610,45.580833,11904.308068,210.828420,13872.060084,2.093367,-7890.405063,428.949982,30.661814,False,False,True,False,False,False,False,1-circle,1.000000,-497.595548,88.719443,99.773517,0.226483,11.280557,168.186793,81.925326,6.664742,3,0,3,0.0000,0.0000,0.0000,0.5000,"LeadPursuit",-0.447007
796,B0100,defensive,DBFM,7904.370205,45.594070,121.873243,76.381610,45.580833,11904.308068,210.828420,13872.060084,2.093367,-7890.405063,428.949982,30.661814,False,False,True,False,False,False,False,1-circle,1.000000,-497.595548,88.719443,99.773517,0.226483,11.280557,168.186793,81.925326,6.664742,2,2,3,0.0000,0.0000,0.0000,0.5000,"Pursue",-0.253348
797,A0100,adaptive_eagle,UNKNOWN,7754.953938,43.076316,124.471688,81.606899,43.023858,11905.861220,212.179001,13898.905100,134.225083,-7811.987609,455.459954,23.387230,False,False,True,False,False,False,False,1-circle,1.000000,-497.329375,88.719443,99.773517,0.226483,11.280557,165.709660,79.528418,6.238877,3,0,3,0.0000,0.0000,0.0000,0.5000,"LeadPursuit",-0.434381
797,B0100,defensive,UNKNOWN,7754.953938,43.076316,124.471688,81.606899,43.023858,11905.861220,212.179001,13898.905100,134.225083,-7811.987609,455.459954,23.387230,False,False,True,False,False,False,False,1-circle,1.000000,-497.329375,88.719443,99.773517,0.226483,11.280557,165.709660,79.528418,6.238877,2,2,3,0.0000,0.0000,0.0000,0.5000,"Pursue",-0.393301
798,A0100,adaptive_eagle,UNKNOWN,7595.547493,40.231482,127.945437,88.030319,40.151222,11906.958619,213.378930,13922.608624,118.517622,-7671.352918,486.745122,13.194370,False,False,True,False,False,False,False,1-circle,1.000000,-494.383468,88.719443,99.773517,0.226483,11.280557,158.068791,71.955221,6.131385,3,0,3,0.0000,0.0000,0.0000,0.5000,"LeadPursuit",-0.452187
798,B0100,defensive,UNKNOWN,7595.547493,40.231482,127.945437,88.030319,40.151222,11906.958619,213.378930,13922.608624,118.517622,-7671.352918,486.745122,13.194370,False,False,True,False,False,False,False,1-circle,1.000000,-494.383468,88.719443,99.773517,0.226483,11.280557,158.068791,71.955221,6.131385,2,2,3,0.0000,0.0000,0.0000,0.5000,"Pursue",-0.301029
799,A0100,adaptive_eagle,HABFM,7425.507306,37.338217,131.300089,94.269870,37.258806,11908.065975,214.500920,13944.969110,111.802429,-7559.161774,516.061136,7.921093,False,False,True,False,False,False,False,2-circle,1.000000,-491.072352,88.719443,99.773517,0.226483,11.280557,147.677664,61.637279,6.272935,3,0,3,0.0000,0.0000,0.0000,0.5000,"LeadPursuit",-0.424814
799,B0100,defensive,HABFM,7425.507306,37.338217,131.300089,94.269870,37.258806,11908.065975,214.500920,13944.969110,111.802429,-7559.161774,516.061136,7.921093,False,False,True,False,False,False,False,2-circle,1.000000,-491.072352,88.719443,99.773517,0.226483,11.280557,147.677664,61.637279,6.272935,2,2,3,0.0000,0.0000,0.0000,0.5000,"Pursue",-0.125627
800,A0100,adaptive_eagle,HABFM,7246.791135,34.861792,133.760829,99.170438,34.804329,11909.646108,215.863219,13972.504222,137.675558,-7518.979751,538.860394,5.104311,False,False,True,False,False,False,False,2-circle,1.000000,-489.155604,88.719443,99.773517,0.226483,11.280557,136.168666,50.221292,6.307314,3,0,3,0.0000,0.0000,0.0000,0.5000,"LeadPursuit",-0.284900
800,B0100,defensive,HABFM,7246.791135,34.861792,133.760829,99.170438,34.804329,11909.646108,215.863219,13972.504222,137.675558,-7518.979751,538.860394,5.104311,False,False,True,False,False,False,False,2-circle,1.000000,-489.155604,88.719443,99.773517,0.226483,11.280557,136.168666,50.221292,6.307314,2,2,3,0.0000,0.0000,0.0000,0.5000,"Pursue",-0.160205
801,A0100,adaptive_eagle,HABFM,7061.063522,32.853352,135.952654,103.344585,32.828982,11911.984728,217.392846,14004.181634,158.387058,-7494.671847,558.556168,3.348522,False,False,True,False,False,False,False,2-circle,1.000000,-488.412194,88.719443,99.773517,0.226483,11.280557,124.267593,38.432262,6.397585,3,0,3,0.0000,0.0000,0.0000,0.5000,"LeadPursuit",-0.087188
801,B0100,defensive,HABFM,7061.063522,32.853352,135.952654,103.344585,32.828982,11911.984728,217.392846,14004.181634,158.387058,-7494.671847,558.556168,3.348522,False,False,True,False,False,False,False,2-circle,1.000000,-488.412194,88.719443,99.773517,0.226483,11.280557,124.267593,38.432262,6.397585,2,2,3,0.0000,0.0000,0.0000,0.5000,"Pursue",-0.305887
802,A0100,adaptive_eagle,HABFM,6868.937433,31.281553,138.177196,107.137434,31.293229,11915.254398,219.033541,14039.150686,174.845261,-7452.476699,576.581201,2.074646,False,False,True,False,False,False,False,2-circle,1.000000,-488.132942,88.719443,99.773517,0.226483,11.280557,112.059019,26.349980,6.673574,3,0,3,0.0000,0.0000,0.0000,0.5000,"LeadPursuit",0.187996
802,B0100,defensive,HABFM,6868.937433,31.281553,138.177196,107.137434,31.293229,11915.254398,219.033541,14039.150686,174.845261,-7452.476699,576.581201,2.074646,False,False,True,False,False,False,False,2-circle,1.000000,-488.132942,88.719443,99.773517,0.226483,11.280557,112.059019,26.349980,6.673574,2,2,3,0.0000,0.0000,0.0000,0.5000,"Pursue",-0.574115
803,A0100,adaptive_eagle,HABFM,6670.830549,30.113540,140.736900,110.897477,30.158488,11919.559074,220.742355,14076.724245,187.867799,-7365.197041,594.096453,1.029874,False,False,True,False,False,False,False,2-circle,1.000000,-487.370691,88.719443,99.773517,0.226483,11.280557,99.492827,13.916835,7.149655,3,1,3,0.0000,0.0000,0.0000,0.5000,"LeadPursuit",0.400296
803,B0100,defensive,HABFM,6670.830549,30.113540,140.736900,110.897477,30.158488,11919.559074,220.742355,14076.724245,187.867799,-7365.197041,594.096453,1.029874,False,False,True,False,False,False,False,2-circle,1.000000,-487.370691,88.719443,99.773517,0.226483,11.280557,99.492827,13.916835,7.149655,2,2,3,0.0000,0.0000,0.0000,0.5000,"Pursue",-0.728657
804,A0100,adaptive_eagle,HABFM,6466.794209,29.336051,143.303607,114.265969,29.407278,11924.950148,222.447524,14115.570956,194.233554,-7281.817522,610.024076,0.082790,False,False,True,False,False,False,False,2-circle,1.000000,-485.802064,88.719443,99.773517,0.226483,11.280557,86.588726,1.149912,7.763059,3,1,3,0.0000,0.0000,0.0000,0.5000,"LeadPursuit",0.515190
804,B0100,defensive,HABFM,6466.794209,29.336051,143.303607,114.265969,29.407278,11924.950148,222.447524,14115.570956,194.233554,-7281.817522,610.024076,0.082790,False,False,True,False,False,False,False,2-circle,1.000000,-485.802064,88.719443,99.773517,0.226483,11.280557,86.588726,1.149912,7.763059,2,2,3,0.0000,0.0000,0.0000,0.5000,"Pursue",-0.744347
805,A0100,adaptive_eagle,HABFM,6257.957259,28.933348,145.386348,116.777828,29.023973,11931.467295,224.032113,14153.408733,189.188886,-7234.562215,622.579621,0.858198,False,False,True,False,False,False,False,2-circle,1.000000,-483.910596,88.719443,99.773517,0.226483,11.280557,73.457726,-11.835185,8.842916,3,1,3,0.0000,0.0000,0.0000,0.5000,"LeadPursuit",0.902520
805,B0100,defensive,HABFM,6257.957259,28.933348,145.386348,116.777828,29.023973,11931.467295,224.032113,14153.408733,189.188886,-7234.562215,622.579621,0.858198,False,False,True,False,False,False,False,2-circle,1.000000,-483.910596,88.719443,99.773517,0.226483,11.280557,73.457726,-11.835185,8.842916,2,2,3,0.0000,0.0000,0.0000,0.5000,"Pursue",-1.103881
806,A0100,adaptive_eagle,HABFM,6045.048482,28.981255,147.733230,119.153208,29.080395,11939.349635,225.514485,14190.792563,186.919148,-7144.323623,633.772426,1.885637,False,False,True,False,False,False,False,2-circle,1.000000,-481.162367,88.719443,99.773517,0.226483,11.280557,60.276354,-24.866997,11.624782,3,1,3,0.0000,0.0000,0.0000,0.5000,"LeadPursuit",1.561032
806,B0100,defensive,HABFM,6045.048482,28.981255,147.733230,119.153208,29.080395,11939.349635,225.514485,14190.792563,186.919148,-7144.323623,633.772426,1.885637,False,False,True,False,False,False,False,2-circle,1.000000,-481.162367,88.719443,99.773517,0.226483,11.280557,60.276354,-24.866997,11.624782,2,2,3,0.0000,0.0000,0.0000,0.5000,"Pursue",-1.720463
807,A0100,adaptive_eagle,HABFM,5828.246159,29.585705,150.927997,121.863471,29.673905,11948.868915,226.733716,14224.722239,169.648380,-6996.917983,644.804248,3.092725,False,False,True,False,False,False,False,2-circle,1.000000,-477.257810,88.719443,99.773517,0.226483,11.280557,47.601653,-37.392186,14.712428,3,1,3,0.0000,0.0000,0.0000,0.5000,"LeadPursuit",1.992517
807,B0100,defensive,HABFM,5828.246159,29.585705,150.927997,121.863471,29.673905,11948.868915,226.733716,14224.722239,169.648380,-6996.917983,644.804248,3.092725,False,False,True,False,False,False,False,2-circle,1.000000,-477.257810,88.719443,99.773517,0.226483,11.280557,47.601653,-37.392186,14.712428,2,2,3,0.0000,0.0000,0.0000,0.5000,"Pursue",-1.981656
808,A0100,adaptive_eagle,HABFM,5607.937858,30.750148,154.240350,124.081681,30.816335,11960.095130,227.724890,14255.889882,155.838216,-6881.887436,653.773159,4.578085,False,False,True,False,False,False,False,2-circle,1.000000,-474.003727,88.719443,99.773517,0.226483,11.280557,36.170353,-48.655618,17.035899,3,2,3,0.0000,0.0000,0.0000,0.5000,"LeadPursuit",2.041737
808,B0100,defensive,HABFM,5607.937858,30.750148,154.240350,124.081681,30.816335,11960.095130,227.724890,14255.889882,155.838216,-6881.887436,653.773159,4.578085,False,False,True,False,False,False,False,2-circle,1.000000,-474.003727,88.719443,99.773517,0.226483,11.280557,36.170353,-48.655618,17.035899,2,2,3,0.0000,0.0000,0.0000,0.5000,"Pursue",-1.844937
809,A0100,adaptive_eagle,HABFM,5385.371003,32.377332,156.751203,125.074599,32.431567,11972.866300,228.530138,14284.925891,145.180045,-6848.092408,658.887407,6.490756,False,False,True,False,False,False,False,2-circle,1.000000,-472.617287,88.719443,99.773517,0.226483,11.280557,26.354681,-58.269909,18.419251,3,2,3,0.0000,0.0000,0.0000,0.5000,"LeadPursuit",2.322294
809,B0100,defensive,HABFM,5385.371003,32.377332,156.751203,125.074599,32.431567,11972.866300,228.530138,14284.925891,145.180045,-6848.092408,658.887407,6.490756,False,False,True,False,False,False,False,2-circle,1.000000,-472.617287,88.719443,99.773517,0.226483,11.280557,26.354681,-58.269909,18.419251,2,2,3,0.0000,0.0000,0.0000,0.5000,"Pursue",-1.955200
810,A0100,adaptive_eagle,HABFM,5161.591617,34.361106,158.923769,125.529231,34.428886,11986.880857,229.215521,14312.829392,139.517502,-6835.320083,661.281374,9.126240,False,False,True,False,False,False,False,2-circle,1.000000,-472.387421,88.719443,99.773517,0.226483,11.280557,18.066655,-66.327995,18.975118,3,2,3,0.0000,0.0000,0.0000,0.5000,"LeadPursuit",3.270646
810,B0100,defensive,HABFM,5161.591617,34.361106,158.923769,125.529231,34.428886,11986.880857,229.215521,14312.829392,139.517502,-6835.320083,661.281374,9.126240,False,False,True,False,False,False,False,2-circle,1.000000,-472.387421,88.719443,99.773517,0.226483,11.280557,18.066655,-66.327995,18.975118,2,2,3,0.0000,0.0000,0.0000,0.5000,"Pursue",-2.582116
811,A0100,adaptive_eagle,HABFM,4937.346459,36.638875,161.251809,126.215601,36.748690,12001.780008,229.818393,14339.979850,135.752291,-6776.549476,661.147462,13.122149,False,False,True,False,False,False,False,2-circle,1.000000,-472.061202,88.719443,99.773517,0.226483,11.280557,11.060465,-73.088889,18.824053,3,3,3,0.0000,0.0000,0.0000,0.5000,"LeadPursuit",4.326780
811,B0100,defensive,HABFM,4937.346459,36.638875,161.251809,126.215601,36.748690,12001.780008,229.818393,14339.979850,135.752291,-6776.549476,661.147462,13.122149,False,False,True,False,False,False,False,2-circle,1.000000,-472.061202,88.719443,99.773517,0.226483,11.280557,11.060465,-73.088889,18.824053,2,2,3,0.0000,0.0000,0.0000,0.5000,"Pursue",-3.147557
812,A0100,adaptive_eagle,HABFM,4713.352985,39.194615,163.436197,126.828493,39.370274,12017.207614,230.475391,14368.795316,144.077328,-6720.530570,658.873476,20.098186,False,False,True,False,False,False,False,2-circle,1.000000,-471.041908,88.719443,99.773517,0.226483,11.280557,5.090749,-78.805691,18.042769,3,3,3,0.0000,0.0000,0.0000,0.5000,"LeadPursuit",5.356015
812,B0100,defensive,HABFM,4713.352985,39.194615,163.436197,126.828493,39.370274,12017.207614,230.475391,14368.795316,144.077328,-6720.530570,658.873476,20.098186,False,False,True,False,False,False,False,2-circle,1.000000,-471.041908,88.719443,99.773517,0.226483,11.280557,5.090749,-78.805691,18.042769,2,2,3,0.0000,0.0000,0.0000,0.5000,"Pursue",-3.618814
813,A0100,adaptive_eagle,HABFM,4490.571533,41.937845,164.885077,127.017016,42.195197,12032.715660,229.526845,14364.986776,-19.042699,-6739.598933,652.650109,37.518286,False,False,True,False,False,False,False,2-circle,1.000000,-469.185585,88.719443,99.773517,0.226483,11.280557,-0.287487,-83.925407,16.749295,3,4,3,0.0000,0.0000,0.0000,0.5000,"LeadPursuit",7.831530
813,B0100,defensive,HABFM,4490.571533,41.937845,164.885077,127.017016,42.195197,12032.715660,229.526845,14364.986776,-19.042699,-6739.598933,652.650109,37.518286,False,False,True,False,False,False,False,2-circle,1.000000,-469.185585,88.719443,99.773517,0.226483,11.280557,-0.287487,-83.925407,16.749295,2,2,3,0.0000,0.0000,0.0000,0.5000,"Pursue",-5.115510
814,A0100,adaptive_eagle,HABFM,4270.206825,44.912706,165.506900,127.105254,45.250189,12047.793090,228.292718,14355.051173,-49.678015,-6753.619848,642.829797,215.546222,False,False,True,False,False,False,False,2-circle,1.000000,-465.307182,88.719443,99.773517,0.226483,11.280557,-5.541685,-88.933385,15.096466,3,4,3,0.0000,0.0000,0.0000,0.5000,"LeadPursuit",9.282631
814,B0100,defensive,HABFM,4270.206825,44.912706,165.506900,127.105254,45.250189,12047.793090,228.292718,14355.051173,-49.678015,-6753.619848,642.829797,215.546222,False,False,True,False,False,False,False,2-circle,1.000000,-465.307182,88.719443,99.773517,0.226483,11.280557,-5.541685,-88.933385,15.096466,2,2,3,0.0000,0.0000,0.0000,0.5000,"Pursue",-6.524982
815,A0100,adaptive_eagle,DBFM,4053.203668,48.130113,165.201280,126.700910,48.530306,12062.054072,227.091588,14345.097391,-49.768908,-6792.595988,630.527848,231.055651,False,False,True,False,False,False,False,2-circle,1.000000,-458.342817,88.719443,99.773517,0.226483,11.280557,-10.991779,-94.168633,13.226692,3,4,3,0.0000,0.0000,0.0000,0.5000,"LeadPursuit",1.065848
815,B0100,defensive,DBFM,4053.203668,48.130113,165.201280,126.700910,48.530306,12062.054072,227.091588,14345.097391,-49.768908,-6792.595988,630.527848,231.055651,False,False,True,False,False,False,False,2-circle,1.000000,-458.342817,88.719443,99.773517,0.226483,11.280557,-10.991779,-94.168633,13.226692,2,2,3,0.0000,0.0000,0.0000,0.5000,"Pursue",-0.589688
816,A0100,adaptive_eagle,DBFM,3840.342713,51.572084,163.991579,125.898192,52.002568,12075.108578,225.951529,14335.286488,-49.054518,-6816.105631,614.769989,232.157941,False,False,True,False,False,False,False,2-circle,1.000000,-447.513763,88.719443,99.773517,0.226483,11.280557,-16.768413,-99.779008,11.241878,3,4,3,0.0000,0.0000,0.0000,0.5000,"LeadPursuit",-8.693410
816,B0100,defensive,DBFM,3840.342713,51.572084,163.991579,125.898192,52.002568,12075.108578,225.951529,14335.286488,-49.054518,-6816.105631,614.769989,232.157941,False,False,True,False,False,False,False,2-circle,1.000000,-447.513763,88.719443,99.773517,0.226483,11.280557,-16.768413,-99.779008,11.241878,2,2,3,0.0000,0.0000,0.0000,0.5000,"Pursue",6.469813
817,A0100,adaptive_eagle,DBFM,3632.741949,55.034942,161.713147,125.110830,55.451322,12086.575853,225.075369,14329.259422,-30.135327,-6788.116467,594.885004,233.007641,False,False,True,False,False,False,False,2-circle,1.000000,-431.117773,88.719443,99.773517,0.226483,11.280557,-19.004836,-101.934119,9.353713,3,4,3,0.0000,0.0000,0.0000,0.5000,"LeadPursuit",-7.561616
817,B0100,defensive,DBFM,3632.741949,55.034942,161.713147,125.110830,55.451322,12086.575853,225.075369,14329.259422,-30.135327,-6788.116467,594.885004,233.007641,False,False,True,False,False,False,False,2-circle,1.000000,-431.117773,88.719443,99.773517,0.226483,11.280557,-19.004836,-101.934119,9.353713,2,2,3,0.0000,0.0000,0.0000,0.5000,"Pursue",5.241466
818,A0100,adaptive_eagle,DBFM,3431.810056,58.434079,158.508260,124.989087,58.810408,12096.387616,224.559465,14328.801886,-2.287684,-6687.267197,570.381896,233.500286,False,False,True,False,False,False,False,2-circle,1.000000,-407.215854,88.719443,99.773517,0.226483,11.280557,-14.150847,-97.132208,7.883576,3,4,3,0.0000,0.0000,0.0000,0.5000,"LeadPursuit",-3.679536
818,B0100,defensive,DBFM,3431.810056,58.434079,158.508260,124.989087,58.810408,12096.387616,224.559465,14328.801886,-2.287684,-6687.267197,570.381896,233.500286,False,False,True,False,False,False,False,2-circle,1.000000,-407.215854,88.719443,99.773517,0.226483,11.280557,-14.150847,-97.132208,7.883576,2,2,3,0.0000,0.0000,0.0000,0.5000,"Pursue",2.890018
819,A0100,adaptive_eagle,DBFM,3238.447274,62.049825,156.109814,124.935944,62.381990,12104.780200,224.148569,14329.032250,1.151820,-6647.961807,547.589553,233.892242,False,False,True,False,False,False,False,2-circle,1.000000,-376.926810,88.719443,99.773517,0.226483,11.280557,-6.458571,-89.626684,6.887650,3,5,2,0.0000,0.0000,0.0000,0.5000,"LeadPursuit",-1.152259
819,B0100,defensive,DBFM,3238.447274,62.049825,156.109814,124.935944,62.381990,12104.780200,224.148569,14329.032250,1.151820,-6647.961807,547.589553,233.892242,False,False,True,False,False,False,False,2-circle,1.000000,-376.926810,88.719443,99.773517,0.226483,11.280557,-6.458571,-89.626684,6.887650,2,2,3,0.0000,0.0000,0.0000,0.5000,"Pursue",1.274577
820,A0100,adaptive_eagle,DBFM,3052.032198,66.258278,154.997943,123.604505,66.558987,12112.034032,223.468369,14322.807168,-31.125407,-6720.997080,527.836792,42.449975,False,False,True,False,False,False,False,2-circle,1.000000,-343.732710,88.719443,99.773517,0.226483,11.280557,-1.051032,-84.490735,6.360914,3,5,2,0.0000,0.0000,0.0000,0.5000,"LeadPursuit",-0.372149
820,B0100,defensive,DBFM,3052.032198,66.258278,154.997943,123.604505,66.558987,12112.034032,223.468369,14322.807168,-31.125407,-6720.997080,527.836792,42.449975,False,False,True,False,False,False,False,2-circle,1.000000,-343.732710,88.719443,99.773517,0.226483,11.280557,-1.051032,-84.490735,6.360914,2,2,3,0.0000,0.0000,0.0000,0.5000,"Pursue",0.830507
821,A0100,adaptive_eagle,DBFM,2872.718370,71.170617,154.348713,121.461820,71.448806,12118.405061,222.433784,14308.755271,-70.259485,-6824.769996,506.295219,51.847601,False,False,True,False,False,False,False,2-circle,1.000000,-309.969564,88.719443,99.773517,0.226483,11.280557,-1.704935,-85.464565,6.082079,2,6,2,0.0000,0.0000,0.0000,0.5000,"LeadPursuit",0.010570
821,B0100,defensive,DBFM,2872.718370,71.170617,154.348713,121.461820,71.448806,12118.405061,222.433784,14308.755271,-70.259485,-6824.769996,506.295219,51.847601,False,False,True,False,False,False,False,2-circle,1.000000,-309.969564,88.719443,99.773517,0.226483,11.280557,-1.704935,-85.464565,6.082079,2,2,3,0.0000,0.0000,0.0000,0.5000,"Pursue",0.641255
822,A0100,adaptive_eagle,DBFM,2701.241410,76.555818,154.105053,119.074168,76.802417,12123.915365,221.325614,14292.495197,-81.300370,-6961.575271,484.188122,236.762436,False,False,True,False,False,False,False,2-circle,1.000000,-277.458110,88.719443,99.773517,0.226483,11.280557,-6.104703,-90.200475,5.763445,2,6,2,0.0000,0.0000,0.0000,0.5000,"LeadPursuit",-0.226226
822,B0100,defensive,DBFM,2701.241410,76.555818,154.105053,119.074168,76.802417,12123.915365,221.325614,14292.495197,-81.300370,-6961.575271,484.188122,236.762436,False,False,True,False,False,False,False,2-circle,1.000000,-277.458110,88.719443,99.773517,0.226483,11.280557,-6.104703,-90.200475,5.763445,2,2,3,0.0000,0.0000,0.0000,0.5000,"Pursue",0.953836
823,A0100,adaptive_eagle,DBFM,2538.245004,82.043069,153.308623,117.185784,82.238968,12128.326199,220.541571,14281.568907,-54.631452,-7086.392457,459.163309,237.575944,False,False,True,False,False,False,False,2-circle,1.000000,-247.732666,88.719443,99.773517,0.226483,11.280557,-8.280146,-92.694537,5.291956,2,6,2,0.0000,0.0000,0.0000,0.5000,"LeadPursuit",-0.480841
823,B0100,defensive,DBFM,2538.245004,82.043069,153.308623,117.185784,82.238968,12128.326199,220.541571,14281.568907,-54.631452,-7086.392457,459.163309,237.575944,False,False,True,False,False,False,False,2-circle,1.000000,-247.732666,88.719443,99.773517,0.226483,11.280557,-8.280146,-92.694537,5.291956,2,2,3,0.0000,0.0000,0.0000,0.5000,"Pursue",1.349153
824,A0100,adaptive_eagle,DBFM,2384.972414,87.546243,151.421285,116.005278,87.694856,12131.544331,220.179592,14277.724535,-19.221860,-7207.879797,429.619567,130.109199,False,False,True,False,False,False,False,2-circle,1.000000,-221.469686,88.719443,99.773517,0.226483,11.280557,-3.476917,-88.171593,4.791388,2,6,2,0.0000,0.0000,0.0000,0.5000,"LeadPursuit",-1.204051
824,B0100,defensive,DBFM,2384.972414,87.546243,151.421285,116.005278,87.694856,12131.544331,220.179592,14277.724535,-19.221860,-7207.879797,429.619567,130.109199,False,False,True,False,False,False,False,2-circle,1.000000,-221.469686,88.719443,99.773517,0.226483,11.280557,-3.476917,-88.171593,4.791388,2,2,3,0.0000,0.0000,0.0000,0.5000,"Pursue",1.595464
825,A0100,adaptive_eagle,DBFM,2243.508335,93.382767,148.169117,115.127011,93.498312,12133.741270,219.978996,14276.012663,-8.559358,-7323.609715,391.924966,25.839087,False,False,False,False,False,False,False,2-circle,1.000000,-198.945128,88.719443,99.773517,0.226483,11.280557,4.060878,-80.860523,4.467448,2,7,2,0.0000,0.0000,0.0000,0.5000,"LeadPursuit",-1.272671
825,B0100,defensive,DBFM,2243.508335,93.382767,148.169117,115.127011,93.498312,12133.741270,219.978996,14276.012663,-8.559358,-7323.609715,391.924966,25.839087,False,False,False,False,False,False,False,2-circle,1.000000,-198.945128,88.719443,99.773517,0.226483,11.280557,4.060878,-80.860523,4.467448,2,2,3,0.0000,0.0000,0.0000,0.5000,"Pursue",1.344138
826,A0100,adaptive_eagle,DBFM,2116.839796,99.987797,144.413512,113.036563,100.093157,12135.212854,219.530888,14268.765313,-36.236751,-7354.051163,345.246602,16.601703,False,False,False,False,False,False,False,2-circle,1.000000,-178.683080,88.719443,99.773517,0.226483,11.280557,9.208604,-75.915509,4.438933,2,7,2,0.0000,0.0000,0.0000,0.5000,"LeadPursuit",-0.725347
826,B0100,defensive,DBFM,2116.839796,99.987797,144.413512,113.036563,100.093157,12135.212854,219.530888,14268.765313,-36.236751,-7354.051163,345.246602,16.601703,False,False,False,False,False,False,False,2-circle,1.000000,-178.683080,88.719443,99.773517,0.226483,11.280557,9.208604,-75.915509,4.438933,2,2,3,0.0000,0.0000,0.0000,0.5000,"Pursue",0.748712
827,A0100,adaptive_eagle,DBFM,2006.416145,107.410483,141.664022,108.614829,107.518287,12136.294009,218.725558,14254.221681,-72.718159,-7292.644388,297.525751,18.144985,False,False,False,False,False,False,False,2-circle,1.000000,-158.265608,88.719443,99.773517,0.226483,11.280557,8.340478,-77.026298,4.560193,2,7,2,0.0000,0.0000,0.0000,0.5000,"LeadPursuit",-0.545845
827,B0100,defensive,DBFM,2006.416145,107.410483,141.664022,108.614829,107.518287,12136.294009,218.725558,14254.221681,-72.718159,-7292.644388,297.525751,18.144985,False,False,False,False,False,False,False,2-circle,1.000000,-158.265608,88.719443,99.773517,0.226483,11.280557,8.340478,-77.026298,4.560193,2,2,3,0.0000,0.0000,0.0000,0.5000,"Pursue",0.571981
828,A0100,adaptive_eagle,DBFM,1911.967360,115.316648,139.351322,103.287801,115.416290,12137.079903,217.811376,14237.340457,-84.406120,-7265.829365,251.603079,29.203302,False,False,False,False,False,False,False,2-circle,1.000000,-136.730163,88.719443,99.773517,0.226483,11.280557,3.866440,-81.820544,4.595889,2,7,2,0.0000,0.0000,0.0000,0.5000,"LeadPursuit",-0.518644
828,B0100,defensive,DBFM,1911.967360,115.316648,139.351322,103.287801,115.416290,12137.079903,217.811376,14237.340457,-84.406120,-7265.829365,251.603079,29.203302,False,False,False,False,False,False,False,2-circle,1.000000,-136.730163,88.719443,99.773517,0.226483,11.280557,3.866440,-81.820544,4.595889,2,2,3,0.0000,0.0000,0.0000,0.5000,"Pursue",0.607705
829,A0100,adaptive_eagle,DBFM,1833.127543,123.431581,136.948645,97.973922,123.499317,12137.340213,217.022039,14222.405880,-74.672885,-7242.664366,206.267072,116.068875,False,False,False,False,False,False,False,2-circle,1.000000,-114.206343,88.719443,99.773517,0.226483,11.280557,-1.823249,-87.921419,4.320598,2,8,2,0.0000,0.0000,0.0000,0.5000,"LeadPursuit",-0.489190
829,B0100,defensive,DBFM,1833.127543,123.431581,136.948645,97.973922,123.499317,12137.340213,217.022039,14222.405880,-74.672885,-7242.664366,206.267072,116.068875,False,False,False,False,False,False,False,2-circle,1.000000,-114.206343,88.719443,99.773517,0.226483,11.280557,-1.823249,-87.921419,4.320598,2,2,3,0.0000,0.0000,0.0000,0.5000,"Pursue",0.642021
830,A0100,adaptive_eagle,DBFM,1769.566508,131.475239,134.441605,92.927296,131.495281,12136.724291,216.538257,14212.504339,-49.507706,-7216.275276,162.905834,241.873762,False,False,False,False,False,False,False,2-circle,1.000000,-90.940162,88.719443,99.773517,0.226483,11.280557,-3.679497,-90.294279,3.762752,2,8,2,0.0000,0.0000,0.0000,0.5000,"LeadPursuit",-0.454443
830,B0100,defensive,DBFM,1769.566508,131.475239,134.441605,92.927296,131.495281,12136.724291,216.538257,14212.504339,-49.507706,-7216.275276,162.905834,241.873762,False,False,False,False,False,False,False,2-circle,1.000000,-90.940162,88.719443,99.773517,0.226483,11.280557,-3.679497,-90.294279,3.762752,2,2,3,0.0000,0.0000,0.0000,0.5000,"Pursue",0.663865
831,A0100,adaptive_eagle,DBFM,1720.471994,139.221044,131.833423,88.259664,139.208619,12135.094900,216.434815,14208.892174,-18.060828,-7182.309745,122.375325,49.902032,False,False,False,False,False,False,False,1-circle,1.000000,-67.446064,88.719443,99.773517,0.226483,11.280557,2.083110,-85.161665,3.164275,2,8,2,0.0000,0.0000,0.0000,0.5000,"LeadPursuit",-0.415856
831,B0100,defensive,DBFM,1720.471994,139.221044,131.833423,88.259664,139.208619,12135.094900,216.434815,14208.892174,-18.060828,-7182.309745,122.375325,49.902032,False,False,False,False,False,False,False,1-circle,1.000000,-67.446064,88.719443,99.773517,0.226483,11.280557,2.083110,-85.161665,3.164275,2,2,3,0.0000,0.0000,0.0000,0.5000,"Pursue",0.665369
832,A0100,adaptive_eagle,DBFM,1684.948550,146.851089,129.134035,83.706397,146.838044,12132.604008,216.431388,14206.335613,-12.782805,-7149.803141,84.455609,18.512317,False,False,False,False,False,False,False,1-circle,1.000000,-44.553500,88.719443,99.773517,0.226483,11.280557,10.839341,-77.146018,2.790639,2,8,2,0.0000,0.0000,0.0000,0.5000,"LeadPursuit",-0.318652
832,B0100,defensive,DBFM,1684.948550,146.851089,129.134035,83.706397,146.838044,12132.604008,216.431388,14206.335613,-12.782805,-7149.803141,84.455609,18.512317,False,False,False,False,False,False,False,1-circle,1.000000,-44.553500,88.719443,99.773517,0.226483,11.280557,10.839341,-77.146018,2.790639,2,2,3,0.0000,0.0000,0.0000,0.5000,"Pursue",0.526653
833,A0100,adaptive_eagle,DBFM,1661.822552,154.629824,126.839212,78.453829,154.653117,12129.572177,216.166795,14198.236509,-40.495517,-7094.010025,51.957129,12.607223,False,False,False,False,False,False,False,1-circle,1.000000,-23.300491,88.719443,99.773517,0.226483,11.280557,17.367767,-71.454172,2.772713,2,8,2,0.0000,0.0000,0.0000,0.5000,"LeadPursuit",-0.251292
833,B0100,defensive,DBFM,1661.822552,154.629824,126.839212,78.453829,154.653117,12129.572177,216.166795,14198.236509,-40.495517,-7094.010025,51.957129,12.607223,False,False,False,False,False,False,False,1-circle,1.000000,-23.300491,88.719443,99.773517,0.226483,11.280557,17.367767,-71.454172,2.772713,2,2,3,0.0000,0.0000,0.0000,0.5000,"Pursue",0.424565
834,A0100,adaptive_eagle,DBFM,1648.833662,162.545593,124.836957,72.617386,162.648963,12126.398232,215.541371,14183.109557,-75.634762,-7036.524942,25.424707,12.893442,False,False,False,False,False,False,False,1-circle,1.000000,-4.216604,88.719443,99.773517,0.226483,11.280557,17.969683,-71.789215,2.967642,2,8,2,0.0000,0.0000,0.0000,0.5000,"LeadPursuit",-0.214888
834,B0100,defensive,DBFM,1648.833662,162.545593,124.836957,72.617386,162.648963,12126.398232,215.541371,14183.109557,-75.634762,-7036.524942,25.424707,12.893442,False,False,False,False,False,False,False,1-circle,1.000000,-4.216604,88.719443,99.773517,0.226483,11.280557,17.969683,-71.789215,2.967642,2,2,3,0.0000,0.0000,0.0000,0.5000,"Pursue",0.380337
835,A0100,adaptive_eagle,DBFM,1644.039746,170.172087,122.974166,66.730883,170.514560,12123.244651,214.820652,14166.224663,-84.424468,-6989.726696,4.760650,17.097105,False,False,False,False,False,True,False,1-circle,1.000000,13.405664,88.719443,99.773517,0.226483,11.280557,14.857181,-76.021184,3.150294,2,8,2,0.0000,0.0000,0.0000,0.5000,"LeadPursuit",-0.221216
835,B0100,defensive,DBFM,1644.039746,170.172087,122.974166,66.730883,170.514560,12123.244651,214.820652,14166.224663,-84.424468,-6989.726696,4.760650,17.097105,False,False,False,False,False,True,False,1-circle,1.000000,13.405664,88.719443,99.773517,0.226483,11.280557,14.857181,-76.021184,3.150294,2,2,3,0.0000,0.0000,0.0000,0.5000,"Pursue",0.435116
836,A0100,adaptive_eagle,DBFM,1645.664245,176.080108,120.899035,61.394976,178.052480,12119.917811,214.198237,14151.076442,-75.741108,-6978.896034,-12.336513,29.695047,False,False,False,False,False,True,False,1-circle,1.000000,30.682860,88.719443,99.773517,0.226483,11.280557,10.520885,-81.820108,3.093415,2,8,2,0.0000,0.0000,0.0000,0.5000,"LeadPursuit",-0.192473
836,B0100,defensive,DBFM,1645.664245,176.080108,120.899035,61.394976,178.052480,12119.917811,214.198237,14151.076442,-75.741108,-6978.896034,-12.336513,29.695047,False,False,False,False,False,True,False,1-circle,1.000000,30.682860,88.719443,99.773517,0.226483,11.280557,10.520885,-81.820108,3.093415,2,2,3,0.0000,0.0000,0.0000,0.5000,"Pursue",0.520492
837,A0100,adaptive_eagle,DBFM,1652.536484,173.256387,118.963807,56.447856,-174.927890,12116.080056,213.854364,14140.722283,-51.770791,-6975.123904,-24.548598,41.685499,False,False,False,False,False,True,False,1-circle,-1.000000,47.959786,88.719443,99.773517,0.226483,11.280557,10.206801,-84.143896,2.800919,2,8,2,0.0000,0.0000,0.0000,0.5000,"LeadPursuit",-0.111975
837,B0100,defensive,DBFM,1652.536484,173.256387,118.963807,56.447856,-174.927890,12116.080056,213.854364,14140.722283,-51.770791,-6975.123904,-24.548598,41.685499,False,False,False,False,False,True,False,1-circle,-1.000000,47.959786,88.719443,99.773517,0.226483,11.280557,10.206801,-84.143896,2.800919,2,0,2,0.0000,0.0000,0.0000,0.5000,"LeadPursuit",0.381233
838,A0100,adaptive_eagle,DBFM,1662.431788,167.014920,117.797541,51.000688,-168.195747,12111.584289,213.528941,14130.069411,-53.264363,-6933.650755,-28.240042,30.304963,False,False,False,False,False,True,False,1-circle,-1.000000,64.998425,88.719443,99.773517,0.226483,11.280557,15.249103,-81.957110,2.341590,2,8,2,0.0000,0.0000,0.0000,0.5000,"LeadPursuit",-0.069320
838,B0100,defensive,DBFM,1662.431788,167.014920,117.797541,51.000688,-168.195747,12111.584289,213.528941,14130.069411,-53.264363,-6933.650755,-28.240042,30.304963,False,False,False,False,False,True,False,1-circle,-1.000000,64.998425,88.719443,99.773517,0.226483,11.280557,15.249103,-81.957110,2.341590,2,0,2,0.0000,0.0000,0.0000,0.5000,"LeadPursuit",0.280152
839,A0100,adaptive_eagle,DBFM,1672.403562,160.535310,117.094495,45.263723,-161.591024,12106.541549,213.047200,14115.929163,-70.701239,-6882.248569,-25.295230,30.224791,False,False,False,False,False,True,False,1-circle,-1.000000,81.962482,88.719443,99.773517,0.226483,11.280557,19.585483,-81.917699,1.747302,2,8,2,0.0000,0.0000,0.0000,0.5000,"LeadPursuit",-0.087113
839,B0100,defensive,DBFM,1672.403562,160.535310,117.094495,45.263723,-161.591024,12106.541549,213.047200,14115.929163,-70.701239,-6882.248569,-25.295230,30.224791,False,False,False,False,False,True,False,1-circle,-1.000000,81.962482,88.719443,99.773517,0.226483,11.280557,19.585483,-81.917699,1.747302,2,0,2,0.0000,0.0000,0.0000,0.5000,"LeadPursuit",0.334433
840,A0100,adaptive_eagle,DBFM,1681.205668,154.257103,116.182189,40.134819,-155.313851,12100.930943,212.623913,14102.341885,-67.936391,-6867.409720,-20.915281,40.034003,False,False,False,False,False,True,False,1-circle,-1.000000,99.654684,88.719443,99.773517,0.226483,11.280557,24.698613,-83.868174,1.121495,2,8,2,0.0000,0.0000,0.0000,0.5000,"LeadPursuit",-0.073537
840,B0100,defensive,DBFM,1681.205668,154.257103,116.182189,40.134819,-155.313851,12100.930943,212.623913,14102.341885,-67.936391,-6867.409720,-20.915281,40.034003,False,False,False,False,False,True,False,1-circle,-1.000000,99.654684,88.719443,99.773517,0.226483,11.280557,24.698613,-83.868174,1.121495,2,0,2,0.0000,0.0000,0.0000,0.5000,"LeadPursuit",0.301165
841,A0100,adaptive_eagle,DBFM,1688.445723,148.371415,115.393308,35.397536,-149.505754,12094.613953,212.434679,14092.464003,-49.389409,-6859.382949,-13.977579,39.275041,False,False,False,False,False,True,False,1-circle,-1.000000,118.133202,88.719443,99.773517,0.226483,11.280557,37.399536,-83.744567,0.543760,2,8,2,0.0000,0.0000,0.0000,0.5000,"LeadPursuit",-0.047356
841,B0100,defensive,DBFM,1688.445723,148.371415,115.393308,35.397536,-149.505754,12094.613953,212.434679,14092.464003,-49.389409,-6859.382949,-13.977579,39.275041,False,False,False,False,False,True,False,1-circle,-1.000000,118.133202,88.719443,99.773517,0.226483,11.280557,37.399536,-83.744567,0.543760,2,0,2,0.0000,0.0000,0.0000,0.5000,"LeadPursuit",0.226797
842,A0100,adaptive_eagle,DBFM,1693.138639,143.070130,114.876507,30.976002,-144.297020,12087.535277,212.581277,14088.143642,-21.601804,-6839.335393,-4.703302,20.363551,False,False,False,False,False,True,False,1-circle,-1.000000,137.044554,88.719443,99.773517,0.226483,11.280557,66.058749,-78.069437,0.161402,2,8,2,0.0000,0.0000,0.0000,0.5000,"LeadPursuit",0.006898
842,B0100,defensive,DBFM,1693.138639,143.070130,114.876507,30.976002,-144.297020,12087.535277,212.581277,14088.143642,-21.601804,-6839.335393,-4.703302,20.363551,False,False,False,False,False,True,False,1-circle,-1.000000,137.044554,88.719443,99.773517,0.226483,11.280557,66.058749,-78.069437,0.161402,2,0,2,0.0000,0.0000,0.0000,0.5000,"LeadPursuit",0.077832
843,A0100,adaptive_eagle,DBFM,1694.148889,137.961954,114.998810,26.067900,-139.238729,12079.865151,212.652492,14081.814164,-31.647389,-6786.903129,10.224384,13.904012,False,False,False,False,False,True,False,1-circle,-1.000000,155.726085,88.719443,99.773517,0.226483,11.280557,104.311055,-72.808693,0.000426,2,8,2,0.0000,0.0000,0.0000,0.5000,"LeadPursuit",0.032734
843,B0100,defensive,DBFM,1694.148889,137.961954,114.998810,26.067900,-139.238729,12079.865151,212.652492,14081.814164,-31.647389,-6786.903129,10.224384,13.904012,False,False,False,False,False,True,False,1-circle,-1.000000,155.726085,88.719443,99.773517,0.226483,11.280557,104.311055,-72.808693,0.000426,2,0,2,0.0000,0.0000,0.0000,0.5000,"LeadPursuit",0.016524
844,A0100,adaptive_eagle,DBFM,1689.255561,132.705679,115.485739,20.816318,-133.982284,12071.936391,212.420644,14069.522466,-61.458488,-6728.633194,29.931576,13.674004,False,False,False,False,False,True,False,1-circle,-1.000000,174.099828,88.719443,99.773517,0.226483,11.280557,131.305057,-72.517335,-0.003747,2,8,2,0.0000,0.0000,0.0000,0.5000,"LeadPursuit",0.003074
844,B0100,defensive,DBFM,1689.255561,132.705679,115.485739,20.816318,-133.982284,12071.936391,212.420644,14069.522466,-61.458488,-6728.633194,29.931576,13.674004,False,False,False,False,False,True,False,1-circle,-1.000000,174.099828,88.719443,99.773517,0.226483,11.280557,131.305057,-72.517335,-0.003747,2,0,2,0.0000,0.0000,0.0000,0.5000,"LeadPursuit",0.107585
845,A0100,adaptive_eagle,DBFM,1677.815919,127.458318,115.648995,16.270108,-128.743562,12063.930213,212.075654,14055.033044,-72.447112,-6712.047377,49.087032,16.989315,False,False,False,False,False,True,False,1-circle,-1.000000,192.749414,88.719443,99.773517,0.226483,11.280557,142.998653,-75.751432,0.006147,2,8,2,0.0000,0.0000,0.0000,0.5000,"LeadPursuit",0.003627
845,B0100,defensive,DBFM,1677.815919,127.458318,115.648995,16.270108,-128.743562,12063.930213,212.075654,14055.033044,-72.447112,-6712.047377,49.087032,16.989315,False,False,False,False,False,True,False,1-circle,-1.000000,192.749414,88.719443,99.773517,0.226483,11.280557,142.998653,-75.751432,0.006147,2,0,2,0.0000,0.0000,0.0000,0.5000,"LeadPursuit",0.110437
846,A0100,adaptive_eagle,DBFM,1660.141270,122.334018,115.794431,12.535195,-123.673361,12055.712096,211.716751,14040.081393,-74.758256,-6710.197663,69.039696,26.320072,False,False,False,False,False,True,False,1-circle,-1.000000,211.716294,88.719443,99.773517,0.226483,11.280557,146.234123,-80.674643,-0.154783,2,8,2,0.0000,0.0000,0.0000,0.5000,"LeadPursuit",0.019061
846,B0100,defensive,DBFM,1660.141270,122.334018,115.794431,12.535195,-123.673361,12055.712096,211.716751,14040.081393,-74.758256,-6710.197663,69.039696,26.320072,False,False,False,False,False,True,False,1-circle,-1.000000,211.716294,88.719443,99.773517,0.226483,11.280557,146.234123,-80.674643,-0.154783,2,0,2,0.0000,0.0000,0.0000,0.5000,"LeadPursuit",0.067024
847,A0100,adaptive_eagle,DBFM,1635.698265,117.487354,116.078017,10.249982,-118.936938,12046.996210,211.609267,14029.351175,-53.651089,-6699.388143,89.776370,32.921674,False,False,False,False,False,True,False,1-circle,-1.000000,230.873027,88.719443,99.773517,0.226483,11.280557,149.112396,-82.516156,-0.478716,2,8,2,0.0000,0.0000,0.0000,0.5000,"LeadPursuit",0.064999
847,B0100,defensive,DBFM,1635.698265,117.487354,116.078017,10.249982,-118.936938,12046.996210,211.609267,14029.351175,-53.651089,-6699.388143,89.776370,32.921674,False,False,False,False,False,True,False,1-circle,-1.000000,230.873027,88.719443,99.773517,0.226483,11.280557,149.112396,-82.516156,-0.478716,2,0,2,0.0000,0.0000,0.0000,0.5000,"LeadPursuit",-0.064369
848,A0100,adaptive_eagle,DBFM,1604.169559,113.103228,116.874623,10.100074,-114.679031,12037.613802,211.850848,14024.497622,-24.267765,-6645.192181,112.665161,19.437490,False,False,False,False,False,True,False,1-circle,-1.000000,249.899479,88.719443,99.773517,0.226483,11.280557,157.022095,-77.468145,-0.774946,2,8,2,0.0000,0.0000,0.0000,0.5000,"LeadPursuit",0.081035
848,B0100,defensive,DBFM,1604.169559,113.103228,116.874623,10.100074,-114.679031,12037.613802,211.850848,14024.497622,-24.267765,-6645.192181,112.665161,19.437490,False,False,False,False,False,True,False,1-circle,-1.000000,249.899479,88.719443,99.773517,0.226483,11.280557,157.022095,-77.468145,-0.774946,2,0,2,0.0000,0.0000,0.0000,0.5000,"LeadPursuit",-0.098253
849,A0100,adaptive_eagle,DBFM,1564.586586,108.798425,117.933320,12.471337,-110.468544,12027.693053,212.015692,14017.670119,-34.137519,-6578.329739,137.535171,13.302314,False,False,False,False,False,True,False,1-circle,-1.000000,268.923919,88.719443,99.773517,0.226483,11.280557,164.139461,-72.016834,-0.945851,2,8,2,0.0000,0.0000,0.0000,0.5000,"LeadPursuit",0.037847
849,B0100,defensive,DBFM,1564.586586,108.798425,117.933320,12.471337,-110.468544,12027.693053,212.015692,14017.670119,-34.137519,-6578.329739,137.535171,13.302314,False,False,False,False,False,True,False,1-circle,-1.000000,268.923919,88.719443,99.773517,0.226483,11.280557,164.139461,-72.016834,-0.945851,2,0,2,0.0000,0.0000,0.0000,0.5000,"LeadPursuit",0.039727
850,A0100,adaptive_eagle,DBFM,1516.771112,104.201715,118.552692,16.162967,-105.916782,12017.569616,211.875703,14004.919674,-63.752224,-6557.754457,161.425168,12.683935,False,False,False,False,False,True,False,1-circle,-1.000000,288.370343,88.719443,99.773517,0.226483,11.280557,165.813853,-71.186326,-0.979748,2,8,2,0.0000,0.0000,0.0000,0.5000,"LeadPursuit",0.026714
850,B0100,defensive,DBFM,1516.771112,104.201715,118.552692,16.162967,-105.916782,12017.569616,211.875703,14004.919674,-63.752224,-6557.754457,161.425168,12.683935,False,False,False,False,False,True,False,1-circle,-1.000000,288.370343,88.719443,99.773517,0.226483,11.280557,165.813853,-71.186326,-0.979748,2,0,2,0.0000,0.0000,0.0000,0.5000,"LeadPursuit",0.085422
851,A0100,adaptive_eagle,DBFM,1461.071054,99.462273,119.005404,20.451657,-101.213296,12007.450432,211.619591,13989.998846,-74.604141,-6554.930457,185.282302,14.938293,False,False,False,False,False,True,False,1-circle,-1.000000,307.936167,88.719443,99.773517,0.226483,11.280557,163.471976,-73.845314,-0.971711,2,8,2,0.0000,0.0000,0.0000,0.5000,"LeadPursuit",0.031012
851,B0100,defensive,DBFM,1461.071054,99.462273,119.005404,20.451657,-101.213296,12007.450432,211.619591,13989.998846,-74.604141,-6554.930457,185.282302,14.938293,False,False,False,False,False,True,False,1-circle,-1.000000,307.936167,88.719443,99.773517,0.226483,11.280557,163.471976,-73.845314,-0.971711,2,0,2,0.0000,0.0000,0.0000,0.5000,"LeadPursuit",0.084317
852,A0100,adaptive_eagle,DBFM,1397.213490,94.708017,119.428074,25.093453,-96.524954,11997.229682,211.342614,13974.591799,-77.035234,-6550.782761,209.185628,20.977982,False,False,False,False,False,True,False,1-circle,-1.000000,327.321190,88.719443,99.773517,0.226483,11.280557,158.909883,-78.328541,-1.088630,2,8,2,0.0000,0.0000,0.0000,0.5000,"LeadPursuit",0.065101
852,B0100,defensive,DBFM,1397.213490,94.708017,119.428074,25.093453,-96.524954,11997.229682,211.342614,13974.591799,-77.035234,-6550.782761,209.185628,20.977982,False,False,False,False,False,True,False,1-circle,-1.000000,327.321190,88.719443,99.773517,0.226483,11.280557,158.909883,-78.328541,-1.088630,2,0,2,0.0000,0.0000,0.0000,0.5000,"LeadPursuit",-0.001267
853,A0100,adaptive_eagle,DBFM,1324.910809,90.079239,120.175250,30.183346,-92.010787,11986.641385,211.308133,13963.358320,-56.167395,-6506.463788,234.488971,24.376609,False,False,False,False,False,True,False,1-circle,-1.000000,346.313453,88.719443,99.773517,0.226483,11.280557,156.903184,-79.916646,-1.326063,1,8,2,0.0000,0.0000,0.0000,0.5000,"LeadPursuit",0.034126
853,B0100,defensive,DBFM,1324.910809,90.079239,120.175250,30.183346,-92.010787,11986.641385,211.308133,13963.358320,-56.167395,-6506.463788,234.488971,24.376609,False,False,False,False,False,True,False,1-circle,-1.000000,346.313453,88.719443,99.773517,0.226483,11.280557,156.903184,-79.916646,-1.326063,2,2,3,0.0000,0.0000,0.0000,0.5000,"LeadPursuit",0.074253
854,A0100,adaptive_eagle,DBFM,1243.981575,85.774727,120.632000,34.857607,-87.831931,11975.507077,211.616522,13957.997977,-26.801712,-6466.638594,256.468022,15.966434,False,False,True,False,False,True,False,1-circle,-1.000000,365.260673,88.719443,99.773517,0.226483,11.280557,161.192665,-74.828933,-1.492191,1,8,2,0.0000,0.0000,0.0000,0.5000,"LeadPursuit",-0.738970
854,B0100,defensive,DBFM,1243.981575,85.774727,120.632000,34.857607,-87.831931,11975.507077,211.616522,13957.997977,-26.801712,-6466.638594,256.468022,15.966434,False,False,True,False,False,True,False,1-circle,-1.000000,365.260673,88.719443,99.773517,0.226483,11.280557,161.192665,-74.828933,-1.492191,2,2,3,0.0000,0.0000,0.0000,0.5000,"LeadPursuit",0.188377
855,A0100,adaptive_eagle,DBFM,1155.971235,81.548697,120.525668,39.060633,-83.677646,11963.900948,212.029567,13954.138473,-19.297519,-6450.680070,274.432080,10.247917,False,False,True,False,False,True,False,1-circle,-1.000000,383.999947,88.719443,99.773517,0.226483,11.280557,167.792210,-67.133799,-1.404665,1,8,2,0.0000,0.0000,0.0000,0.5000,"LeadPursuit",-0.846722
855,B0100,defensive,DBFM,1155.971235,81.548697,120.525668,39.060633,-83.677646,11963.900948,212.029567,13954.138473,-19.297519,-6450.680070,274.432080,10.247917,False,False,True,False,False,True,False,1-circle,-1.000000,383.999947,88.719443,99.773517,0.226483,11.280557,167.792210,-67.133799,-1.404665,2,2,3,0.0000,0.0000,0.0000,0.5000,"LeadPursuit",0.267886
856,A0100,adaptive_eagle,DBFM,1061.090029,77.075097,120.022033,43.412638,-79.094499,11952.143734,212.171226,13945.041539,-45.484671,-6442.685257,290.448718,8.028272,False,False,True,False,False,True,False,1-circle,-1.000000,401.758548,88.719443,99.773517,0.226483,11.280557,171.858269,-61.717087,-1.017998,1,8,2,0.0000,0.0000,0.0000,0.5000,"LeadPursuit",-0.945540
856,B0100,defensive,DBFM,1061.090029,77.075097,120.022033,43.412638,-79.094499,11952.143734,212.171226,13945.041539,-45.484671,-6442.685257,290.448718,8.028272,False,False,True,False,False,True,False,1-circle,-1.000000,401.758548,88.719443,99.773517,0.226483,11.280557,171.858269,-61.717087,-1.017998,2,2,3,0.0000,0.0000,0.0000,0.5000,"LeadPursuit",0.302115
857,A0100,adaptive_eagle,DBFM,958.941956,72.220815,119.347573,48.516267,-73.833670,11940.705280,211.932186,13929.115075,-79.632321,-6413.542134,305.975226,8.201584,False,False,True,False,False,True,False,1-circle,-1.000000,417.517210,88.719443,99.773517,0.226483,11.280557,169.785428,-62.194291,-0.483684,1,8,2,0.0000,0.0000,0.0000,0.5000,"LeadPursuit",-1.035277
857,B0100,defensive,DBFM,958.941956,72.220815,119.347573,48.516267,-73.833670,11940.705280,211.932186,13929.115075,-79.632321,-6413.542134,305.975226,8.201584,False,False,True,False,False,True,False,1-circle,-1.000000,417.517210,88.719443,99.773517,0.226483,11.280557,169.785428,-62.194291,-0.483684,3,0,2,0.0000,0.0000,0.0000,0.5000,"LeadPursuit",0.464691
858,A0100,adaptive_eagle,DBFM,848.717533,67.112109,118.246598,54.097052,-67.928083,11929.833872,211.627203,13912.524912,-82.950818,-6372.924573,318.649686,9.920259,False,False,True,False,False,True,False,1-circle,-1.000000,431.122623,88.719443,99.773517,0.226483,11.280557,163.609953,-66.409411,-0.009931,1,8,2,0.0000,0.0000,0.0000,0.5000,"LeadPursuit",-1.129886
858,B0100,defensive,DBFM,848.717533,67.112109,118.246598,54.097052,-67.928083,11929.833872,211.627203,13912.524912,-82.950818,-6372.924573,318.649686,9.920259,False,False,True,False,False,True,False,1-circle,-1.000000,431.122623,88.719443,99.773517,0.226483,11.280557,163.609953,-66.409411,-0.009931,3,0,2,0.0000,0.0000,0.0000,0.5000,"LeadPursuit",0.830691
859,A0100,adaptive_eagle,DBFM,731.625325,61.831569,115.782994,59.277071,-61.203385,11919.365876,211.410889,13898.005771,-72.595704,-6370.153928,321.649891,13.404541,False,False,True,False,False,True,False,1-circle,-1.000000,443.557277,88.719443,99.773517,0.226483,11.280557,155.501502,-72.070479,0.214916,1,8,2,0.0000,0.0000,0.0000,0.5000,"LeadPursuit",-1.123571
859,B0100,defensive,DBFM,731.625325,61.831569,115.782994,59.277071,-61.203385,11919.365876,211.410889,13898.005771,-72.595704,-6370.153928,321.649891,13.404541,False,False,True,False,False,True,False,1-circle,-1.000000,443.557277,88.719443,99.773517,0.226483,11.280557,155.501502,-72.070479,0.214916,3,0,2,0.0000,0.0000,0.0000,0.5000,"LeadPursuit",1.158279
860,A0100,adaptive_eagle,DBFM,610.257696,56.581352,111.583607,64.194199,-53.113727,11908.958821,213.039203,13918.195579,100.949042,-6335.845464,311.385528,15.331021,False,False,True,False,False,True,False,1-circle,-1.000000,455.218222,88.719443,99.773517,0.226483,11.280557,150.257506,-74.314581,0.227060,1,8,2,0.0000,0.0000,0.0000,0.5000,"LeadPursuit",-0.918847
860,B0100,defensive,DBFM,610.257696,56.581352,111.583607,64.194199,-53.113727,11908.958821,213.039203,13918.195579,100.949042,-6335.845464,311.385528,15.331021,False,False,True,False,False,True,False,1-circle,-1.000000,455.218222,88.719443,99.773517,0.226483,11.280557,150.257506,-74.314581,0.227060,3,0,2,0.0000,0.0000,0.0000,0.5000,"LeadPursuit",1.415472
861,A0100,adaptive_eagle,DBFM,487.813421,52.249357,105.530432,69.199952,-42.782896,11898.352603,215.137464,13947.362936,145.836786,-6253.599949,281.640891,11.314594,False,False,True,False,False,True,False,1-circle,-1.000000,466.010633,88.719443,99.773517,0.226483,11.280557,151.494311,-69.348852,0.236665,1,8,2,0.0000,0.0000,0.0000,0.5000,"LeadPursuit",-0.536537
861,B0100,defensive,DBFM,487.813421,52.249357,105.530432,69.199952,-42.782896,11898.352603,215.137464,13947.362936,145.836786,-6253.599949,281.640891,11.314594,False,False,True,False,False,True,False,1-circle,-1.000000,466.010633,88.719443,99.773517,0.226483,11.280557,151.494311,-69.348852,0.236665,3,0,2,0.0000,0.0000,0.0000,0.5000,"LeadPursuit",1.822561
862,A0100,adaptive_eagle,DBFM,371.308969,50.310092,96.944970,74.225308,-27.496912,11887.574186,217.350626,13978.958522,157.977925,-6153.541440,221.483229,7.797407,False,False,True,False,False,True,False,1-circle,-1.000000,476.195738,88.719443,99.773517,0.226483,11.280557,154.521534,-61.564610,0.450078,1,8,2,0.0000,0.0000,0.0000,0.5000,"LeadPursuit",0.132166
862,B0100,defensive,DBFM,371.308969,50.310092,96.944970,74.225308,-27.496912,11887.574186,217.350626,13978.958522,157.977925,-6153.541440,221.483229,7.797407,False,False,True,False,False,True,False,1-circle,-1.000000,476.195738,88.719443,99.773517,0.226483,11.280557,154.521534,-61.564610,0.450078,3,1,2,0.0000,0.0000,0.0000,0.5000,"LeadPursuit",1.301545
863,A0100,adaptive_eagle,DBFM,282.380833,53.077090,85.122064,78.849143,-1.753091,11876.962060,217.718821,13975.438050,-17.602358,-6141.061410,116.037754,6.304344,False,False,True,False,False,True,False,1-circle,-1.000000,486.237541,88.719443,99.773517,0.226483,11.280557,153.882180,-56.228166,0.970049,1,8,2,0.0000,0.0000,0.0000,0.5000,"LeadPursuit",0.999262
863,B0100,defensive,DBFM,282.380833,53.077090,85.122064,78.849143,-1.753091,11876.962060,217.718821,13975.438050,-17.602358,-6141.061410,116.037754,6.304344,False,False,True,False,False,True,False,1-circle,-1.000000,486.237541,88.719443,99.773517,0.226483,11.280557,153.882180,-56.228166,0.970049,3,4,2,0.0000,0.0000,0.0000,0.5000,"LeadPursuit",-0.488900
864,A0100,adaptive_eagle,UNKNOWN,267.164596,61.132265,71.222971,83.289620,35.415188,11866.914117,217.717383,13965.362385,-50.378326,-6153.276878,-24.988092,5.785873,False,False,True,False,False,True,False,1-circle,1.000000,495.684884,88.719443,99.773517,0.226483,11.280557,148.985014,-53.916545,1.796504,1,8,2,0.0000,0.0000,0.0000,0.5000,"LeadPursuit",1.536469
864,B0100,defensive,UNKNOWN,267.164596,61.132265,71.222971,83.289620,35.415188,11866.914117,217.717383,13965.362385,-50.378326,-6153.276878,-24.988092,5.785873,False,False,True,False,False,True,False,1-circle,1.000000,495.684884,88.719443,99.773517,0.226483,11.280557,148.985014,-53.916545,1.796504,3,8,2,0.0000,0.0000,0.0000,0.5000,"LeadPursuit",-0.530465
865,A0100,adaptive_eagle,UNKNOWN,344.942907,71.896011,57.718125,87.486971,66.620162,11857.327403,219.761206,13995.358997,149.983062,-6108.680015,-167.970839,4.805224,False,False,True,False,False,True,False,1-circle,1.000000,504.273868,88.719443,99.773517,0.226483,11.280557,145.349146,-48.990548,2.951121,1,8,2,0.0000,0.0000,0.0000,0.5000,"LeadPursuit",1.394124
865,B0100,defensive,UNKNOWN,344.942907,71.896011,57.718125,87.486971,66.620162,11857.327403,219.761206,13995.358997,149.983062,-6108.680015,-167.970839,4.805224,False,False,True,False,False,True,False,1-circle,1.000000,504.273868,88.719443,99.773517,0.226483,11.280557,145.349146,-48.990548,2.951121,3,8,2,0.0000,0.0000,0.0000,0.5000,"LeadPursuit",-0.425745
866,A0100,adaptive_eagle,HABFM,477.912680,82.392996,46.563492,91.858239,85.073552,11848.103521,222.029540,14030.499618,175.703103,-6024.368356,-285.584997,3.703412,False,False,True,False,False,True,False,2-circle,1.000000,511.665215,88.719443,99.773517,0.226483,11.280557,142.588747,-41.834666,4.059037,1,8,2,0.0000,0.0000,0.0000,0.5000,"LeadPursuit",-0.172003
866,B0100,defensive,HABFM,477.912680,82.392996,46.563492,91.858239,85.073552,11848.103521,222.029540,14030.499618,175.703103,-6024.368356,-285.584997,3.703412,False,False,True,False,False,True,False,2-circle,1.000000,511.665215,88.719443,99.773517,0.226483,11.280557,142.588747,-41.834666,4.059037,3,8,2,0.0000,0.0000,0.0000,0.5000,"LeadPursuit",-0.308954
867,A0100,adaptive_eagle,HABFM,636.588321,91.331668,38.331524,96.174035,96.234415,11839.269220,224.488472,14070.272187,198.862846,-5919.837269,-371.310157,2.730872,False,False,False,False,False,True,False,2-circle,1.000000,518.151562,88.719443,99.773517,0.226483,11.280557,139.700157,-33.712176,4.137791,1,8,2,0.0000,0.0000,0.0000,0.5000,"LeadPursuit",-0.117513
867,B0100,defensive,HABFM,636.588321,91.331668,38.331524,96.174035,96.234415,11839.269220,224.488472,14070.272187,198.862846,-5919.837269,-371.310157,2.730872,False,False,False,False,False,True,False,2-circle,1.000000,518.151562,88.719443,99.773517,0.226483,11.280557,139.700157,-33.712176,4.137791,3,8,2,0.0000,0.0000,0.0000,0.5000,"LeadPursuit",-0.219338
868,A0100,adaptive_eagle,HABFM,809.544024,98.504884,32.458209,99.744007,103.650562,11830.800280,227.108884,14114.191380,219.595965,-5848.404950,-432.790759,1.922189,False,False,False,False,False,True,False,2-circle,1.000000,524.544243,88.719443,99.773517,0.226483,11.280557,136.758426,-25.406856,4.058251,1,0,2,0.0000,0.0000,0.0000,0.5000,"LeadPursuit",-0.083135
868,B0100,defensive,HABFM,809.544024,98.504884,32.458209,99.744007,103.650562,11830.800280,227.108884,14114.191380,219.595965,-5848.404950,-432.790759,1.922189,False,False,False,False,False,True,False,2-circle,1.000000,524.544243,88.719443,99.773517,0.226483,11.280557,136.758426,-25.406856,4.058251,3,8,2,0.0000,0.0000,0.0000,0.5000,"LeadPursuit",-0.157572
869,A0100,adaptive_eagle,HABFM,992.088218,104.297809,28.152978,103.338615,109.013644,11822.805156,229.729345,14159.193378,225.009992,-5765.000383,-477.836008,1.231244,False,False,False,False,False,True,False,2-circle,1.000000,530.747857,88.719443,99.773517,0.226483,11.280557,134.566899,-17.101360,5.405718,1,0,2,0.0000,0.0000,0.0000,0.5000,"LeadPursuit",-0.074107
869,B0100,defensive,HABFM,992.088218,104.297809,28.152978,103.338615,109.013644,11822.805156,229.729345,14159.193378,225.009992,-5765.000383,-477.836008,1.231244,False,False,False,False,False,True,False,2-circle,1.000000,530.747857,88.719443,99.773517,0.226483,11.280557,134.566899,-17.101360,5.405718,3,8,2,0.0000,0.0000,0.0000,0.5000,"LeadPursuit",-0.118788
870,A0100,adaptive_eagle,HABFM,1181.636983,109.138360,25.443697,107.416626,113.222846,11815.552307,232.257852,14203.654287,222.304546,-5619.588515,-509.312559,0.639639,False,False,False,False,False,True,False,2-circle,1.000000,537.482300,88.719443,99.773517,0.226483,11.280557,133.262335,-9.176784,7.445915,1,0,2,0.0000,0.0000,0.0000,0.5000,"LeadPursuit",-0.065894
870,B0100,defensive,HABFM,1181.636983,109.138360,25.443697,107.416626,113.222846,11815.552307,232.257852,14203.654287,222.304546,-5619.588515,-509.312559,0.639639,False,False,False,False,False,True,False,2-circle,1.000000,537.482300,88.719443,99.773517,0.226483,11.280557,133.262335,-9.176784,7.445915,3,8,2,0.0000,0.0000,0.0000,0.5000,"LeadPursuit",-0.091481
871,A0100,adaptive_eagle,HABFM,1376.631272,113.215119,24.347157,110.560021,116.641273,11809.360444,234.623026,14246.348058,213.468854,-5492.414896,-531.300330,0.148453,False,False,False,False,False,True,False,2-circle,1.000000,546.678481,88.719443,99.773517,0.226483,11.280557,132.659543,-2.168527,9.539573,1,0,2,0.0000,0.0000,0.0000,0.5000,"LeadPursuit",-0.048211
871,B0100,defensive,HABFM,1376.631272,113.215119,24.347157,110.560021,116.641273,11809.360444,234.623026,14246.348058,213.468854,-5492.414896,-531.300330,0.148453,False,False,False,False,False,True,False,2-circle,1.000000,546.678481,88.719443,99.773517,0.226483,11.280557,132.659543,-2.168527,9.539573,3,8,2,0.0000,0.0000,0.0000,0.5000,"LeadPursuit",-0.068513
872,A0100,adaptive_eagle,HABFM,1575.923339,116.553029,24.212126,112.147597,119.348092,11804.509600,236.819187,14287.332995,204.924684,-5405.480210,-547.351186,0.247318,False,False,False,False,False,True,False,2-circle,1.000000,559.021899,88.719443,99.773517,0.226483,11.280557,132.547599,3.642525,11.451116,1,0,2,0.0000,0.0000,0.0000,0.5000,"LeadPursuit",-0.031870
872,B0100,defensive,HABFM,1575.923339,116.553029,24.212126,112.147597,119.348092,11804.509600,236.819187,14287.332995,204.924684,-5405.480210,-547.351186,0.247318,False,False,False,False,False,True,False,2-circle,1.000000,559.021899,88.719443,99.773517,0.226483,11.280557,132.547599,3.642525,11.451116,3,8,2,0.0000,0.0000,0.0000,0.5000,"LeadPursuit",-0.049512
873,A0100,adaptive_eagle,HABFM,1778.234749,119.212355,24.831614,112.535999,121.422589,11801.214347,238.857722,14326.965917,198.164612,-5314.311710,-557.592700,0.564013,False,False,False,False,False,True,False,2-circle,1.000000,574.279807,88.719443,99.773517,0.226483,11.280557,132.738273,8.328915,13.127614,1,0,2,0.0000,0.0000,0.0000,0.5000,"LeadPursuit",-0.016346
873,B0100,defensive,HABFM,1778.234749,119.212355,24.831614,112.535999,121.422589,11801.214347,238.857722,14326.965917,198.164612,-5314.311710,-557.592700,0.564013,False,False,False,False,False,True,False,2-circle,1.000000,574.279807,88.719443,99.773517,0.226483,11.280557,132.738273,8.328915,13.127614,3,8,2,0.0000,0.0000,0.0000,0.5000,"LeadPursuit",-0.033862
874,A0100,adaptive_eagle,HABFM,1982.059939,121.266595,26.579065,111.693463,122.950744,11799.630189,240.752659,14365.615955,193.250187,-5218.400153,-560.938587,0.827231,False,False,False,False,False,True,False,2-circle,1.000000,593.181283,88.719443,99.773517,0.226483,11.280557,133.274725,12.210151,14.589784,1,0,4,0.0000,0.0000,0.0000,0.5000,"SmartHighYoYo",0.012229
874,B0100,defensive,HABFM,1982.059939,121.266595,26.579065,111.693463,122.950744,11799.630189,240.752659,14365.615955,193.250187,-5218.400153,-560.938587,0.827231,False,False,False,False,False,True,False,2-circle,1.000000,593.181283,88.719443,99.773517,0.226483,11.280557,133.274725,12.210151,14.589784,3,8,2,0.0000,0.0000,0.0000,0.5000,"LeadPursuit",-0.020279
875,A0100,adaptive_eagle,HABFM,2185.687170,122.769038,28.944037,109.497292,123.986375,11799.865382,242.518443,14403.629288,190.066664,-5099.924115,-558.611528,1.065734,False,False,False,False,False,True,False,2-circle,1.000000,616.213971,88.719443,99.773517,0.226483,11.280557,134.319474,15.684426,15.879276,1,0,4,0.0000,0.0000,0.0000,0.5000,"HeadOnBreak",0.037710
875,B0100,defensive,HABFM,2185.687170,122.769038,28.944037,109.497292,123.986375,11799.865382,242.518443,14403.629288,190.066664,-5099.924115,-558.611528,1.065734,False,False,False,False,False,True,False,2-circle,1.000000,616.213971,88.719443,99.773517,0.226483,11.280557,134.319474,15.684426,15.879276,3,8,2,0.0000,0.0000,0.0000,0.5000,"LeadPursuit",-0.008458
876,A0100,adaptive_eagle,HABFM,2387.563823,123.774761,31.279781,106.341137,124.574729,11801.989238,244.169355,14441.323341,188.470268,-4976.578807,-553.485321,1.304091,False,False,False,False,False,True,False,2-circle,1.000000,641.957458,88.719443,99.773517,0.226483,11.280557,135.944029,19.080792,17.034410,1,0,4,0.0000,0.0000,0.0000,0.5000,"HeadOnBreak",0.050214
876,B0100,defensive,HABFM,2387.563823,123.774761,31.279781,106.341137,124.574729,11801.989238,244.169355,14441.323341,188.470268,-4976.578807,-553.485321,1.304091,False,False,False,False,False,True,False,2-circle,1.000000,641.957458,88.719443,99.773517,0.226483,11.280557,135.944029,19.080792,17.034410,3,8,2,0.0000,0.0000,0.0000,0.5000,"LeadPursuit",0.000638
877,A0100,adaptive_eagle,HABFM,2586.512519,124.318473,33.173159,102.783502,124.769579,11805.947372,244.076391,14443.272085,9.743720,-4906.347961,-546.660712,1.568199,False,False,False,False,False,True,False,2-circle,1.000000,667.972638,88.719443,99.773517,0.226483,11.280557,138.097646,22.578916,18.113992,1,0,4,0.0000,0.0000,0.0000,0.5000,"HeadOnBreak",0.052008
877,B0100,defensive,HABFM,2586.512519,124.318473,33.173159,102.783502,124.769579,11805.947372,244.076391,14443.272085,9.743720,-4906.347961,-546.660712,1.568199,False,False,False,False,False,True,False,2-circle,1.000000,667.972638,88.719443,99.773517,0.226483,11.280557,138.097646,22.578916,18.113992,3,8,2,0.0000,0.0000,0.0000,0.5000,"LeadPursuit",0.008802
878,A0100,adaptive_eagle,HABFM,2781.840809,124.481740,34.375901,99.307068,124.620638,11811.590312,243.593201,14438.483314,-23.943854,-4856.030928,-540.864411,1.855114,False,False,False,False,False,True,False,2-circle,1.000000,691.520592,88.719443,99.773517,0.226483,11.280557,140.566067,26.150638,19.128390,1,8,4,0.0000,0.0000,0.0000,0.5000,"HeadOnBreak",0.039046
878,B0100,defensive,HABFM,2781.840809,124.481740,34.375901,99.307068,124.620638,11811.590312,243.593201,14438.483314,-23.943854,-4856.030928,-540.864411,1.855114,False,False,False,False,False,True,False,2-circle,1.000000,691.520592,88.719443,99.773517,0.226483,11.280557,140.566067,26.150638,19.128390,3,8,2,0.0000,0.0000,0.0000,0.5000,"LeadPursuit",0.015091
879,A0100,adaptive_eagle,HABFM,2973.863206,124.337574,34.785863,96.647823,124.197992,11818.870537,243.024403,14433.510106,-24.866044,-4863.178890,-538.249228,2.157572,False,False,False,False,False,True,False,2-circle,1.000000,710.272960,88.719443,99.773517,0.226483,11.280557,143.081718,29.674224,20.023095,1,8,4,0.0000,0.0000,0.0000,0.5000,"HeadOnBreak",0.019391
879,B0100,defensive,HABFM,2973.863206,124.337574,34.785863,96.647823,124.197992,11818.870537,243.024403,14433.510106,-24.866044,-4863.178890,-538.249228,2.157572,False,False,False,False,False,True,False,2-circle,1.000000,710.272960,88.719443,99.773517,0.226483,11.280557,143.081718,29.674224,20.023095,3,8,2,0.0000,0.0000,0.0000,0.5000,"LeadPursuit",0.019372
880,A0100,adaptive_eagle,HABFM,3163.769757,123.963672,34.887221,94.882857,123.585972,11827.721809,242.377786,14428.466296,-25.219047,-4955.844373,-537.627014,2.472437,False,False,False,False,False,True,False,2-circle,1.000000,724.835547,88.719443,99.773517,0.226483,11.280557,145.527396,33.077190,20.790329,1,8,4,0.0000,0.0000,0.0000,0.5000,"HeadOnBreak",0.008657
880,B0100,defensive,HABFM,3163.769757,123.963672,34.887221,94.882857,123.585972,11827.721809,242.377786,14428.466296,-25.219047,-4955.844373,-537.627014,2.472437,False,False,False,False,False,True,False,2-circle,1.000000,724.835547,88.719443,99.773517,0.226483,11.280557,145.527396,33.077190,20.790329,3,8,2,0.0000,0.0000,0.0000,0.5000,"LeadPursuit",0.022516
881,A0100,adaptive_eagle,HABFM,3352.618720,123.413410,34.833102,93.537245,122.839318,11838.060275,241.670291,14423.643897,-24.111996,-5111.367645,-538.113929,2.799528,False,False,False,False,False,True,False,2-circle,1.000000,736.890472,88.719443,99.773517,0.226483,11.280557,147.884867,36.334059,21.439943,1,0,4,0.0000,0.0000,0.0000,0.5000,"HeadOnBreak",0.018098
881,B0100,defensive,HABFM,3352.618720,123.413410,34.833102,93.537245,122.839318,11838.060275,241.670291,14423.643897,-24.111996,-5111.367645,-538.113929,2.799528,False,False,False,False,False,True,False,2-circle,1.000000,736.890472,88.719443,99.773517,0.226483,11.280557,147.884867,36.334059,21.439943,3,8,3,0.0000,0.0000,0.0000,0.5000,"LeadPursuit",0.025422
882,A0100,adaptive_eagle,HABFM,3540.215972,122.704403,35.192876,91.582927,121.971906,11849.791223,240.914004,14419.217432,-22.132327,-5227.741228,-535.110008,3.141944,False,False,False,False,False,True,False,2-circle,1.000000,746.809935,88.719443,99.773517,0.226483,11.280557,150.164507,39.456153,21.983827,1,0,4,0.0000,0.0000,0.0000,0.5000,"HeadOnBreak",0.029621
882,B0100,defensive,HABFM,3540.215972,122.704403,35.192876,91.582927,121.971906,11849.791223,240.914004,14419.217432,-22.132327,-5227.741228,-535.110008,3.141944,False,False,False,False,False,True,False,2-circle,1.000000,746.809935,88.719443,99.773517,0.226483,11.280557,150.164507,39.456153,21.983827,3,8,3,0.0000,0.0000,0.0000,0.5000,"LeadPursuit",0.028623
883,A0100,adaptive_eagle,UNKNOWN,3725.155053,121.834220,36.131805,88.899570,120.976243,11862.813273,240.117826,14415.284541,-19.664454,-5287.549442,-527.411977,3.505569,False,False,False,False,False,True,False,1-circle,1.000000,754.388319,88.719443,99.773517,0.226483,11.280557,152.397565,42.474088,22.431309,1,0,4,0.0000,0.0000,0.0000,0.5000,"HeadOnBreak",0.051507
883,B0100,defensive,UNKNOWN,3725.155053,121.834220,36.131805,88.899570,120.976243,11862.813273,240.117826,14415.284541,-19.664454,-5287.549442,-527.411977,3.505569,False,False,False,False,False,True,False,1-circle,1.000000,754.388319,88.719443,99.773517,0.226483,11.280557,152.397565,42.474088,22.431309,3,8,3,0.0000,0.0000,0.0000,0.5000,"LeadPursuit",0.034240
884,A0100,adaptive_eagle,UNKNOWN,3905.484445,120.762752,37.826695,85.069843,119.794044,11877.141656,240.909003,14446.461194,155.883267,-5234.962195,-514.609154,3.871683,False,False,False,False,False,True,False,1-circle,1.000000,758.800101,88.719443,99.773517,0.226483,11.280557,154.601240,45.415396,22.762056,1,8,4,0.0000,0.0000,0.0000,0.5000,"HeadOnBreak",0.044806
884,B0100,defensive,UNKNOWN,3905.484445,120.762752,37.826695,85.069843,119.794044,11877.141656,240.909003,14446.461194,155.883267,-5234.962195,-514.609154,3.871683,False,False,False,False,False,True,False,1-circle,1.000000,758.800101,88.719443,99.773517,0.226483,11.280557,154.601240,45.415396,22.762056,3,8,3,0.0000,0.0000,0.0000,0.5000,"LeadPursuit",0.037893
885,A0100,adaptive_eagle,UNKNOWN,4080.216754,119.522055,38.967742,81.778820,118.471278,11892.826359,241.832124,14481.873972,177.063890,-5206.314128,-504.039890,4.274415,False,False,False,False,False,True,False,1-circle,1.000000,757.926058,88.719443,99.773517,0.226483,11.280557,156.800464,48.357089,22.990378,1,8,4,0.0000,0.0000,0.0000,0.5000,"HeadOnBreak",0.021621
885,B0100,defensive,UNKNOWN,4080.216754,119.522055,38.967742,81.778820,118.471278,11892.826359,241.832124,14481.873972,177.063890,-5206.314128,-504.039890,4.274415,False,False,False,False,False,True,False,1-circle,1.000000,757.926058,88.719443,99.773517,0.226483,11.280557,156.800464,48.357089,22.990378,3,8,3,0.0000,0.0000,0.0000,0.5000,"LeadPursuit",0.040552
886,A0100,adaptive_eagle,UNKNOWN,4251.005341,118.158029,39.428382,79.476904,117.051862,11909.774362,242.791510,14519.405048,187.655378,-5266.699585,-497.835110,4.740755,False,False,False,False,False,True,False,1-circle,1.000000,752.409694,88.719443,99.773517,0.226483,11.280557,159.079753,51.396229,23.150898,1,8,4,0.0000,0.0000,0.0000,0.5000,"HeadOnBreak",0.007230
886,B0100,defensive,UNKNOWN,4251.005341,118.158029,39.428382,79.476904,117.051862,11909.774362,242.791510,14519.405048,187.655378,-5266.699585,-497.835110,4.740755,False,False,False,False,False,True,False,1-circle,1.000000,752.409694,88.719443,99.773517,0.226483,11.280557,159.079753,51.396229,23.150898,3,8,3,0.0000,0.0000,0.0000,0.5000,"LeadPursuit",0.042722
887,A0100,adaptive_eagle,UNKNOWN,4419.537670,116.704744,39.476304,77.717825,115.564722,11927.881434,243.727647,14557.674952,191.349519,-5395.403884,-494.407330,5.297306,False,False,False,False,False,True,False,1-circle,1.000000,744.146552,88.719443,99.773517,0.226483,11.280557,161.491272,54.563401,23.241758,1,0,4,0.0000,0.0000,0.0000,0.5000,"HeadOnBreak",0.014917
887,B0100,defensive,UNKNOWN,4419.537670,116.704744,39.476304,77.717825,115.564722,11927.881434,243.727647,14557.674952,191.349519,-5395.403884,-494.407330,5.297306,False,False,False,False,False,True,False,1-circle,1.000000,744.146552,88.719443,99.773517,0.226483,11.280557,161.491272,54.563401,23.241758,3,8,3,0.0000,0.0000,0.0000,0.5000,"LeadPursuit",0.050461
888,A0100,adaptive_eagle,UNKNOWN,4585.861106,115.029394,39.951611,75.353222,113.858557,11947.097359,244.444710,14592.387682,173.563650,-5498.735012,-486.807809,5.715612,False,False,False,False,False,True,False,1-circle,1.000000,733.811962,88.719443,99.773517,0.226483,11.280557,162.863392,56.676963,23.284021,1,0,4,0.0000,0.0000,0.0000,0.5000,"HeadOnBreak",0.027446
888,B0100,defensive,UNKNOWN,4585.861106,115.029394,39.951611,75.353222,113.858557,11947.097359,244.444710,14592.387682,173.563650,-5498.735012,-486.807809,5.715612,False,False,False,False,False,True,False,1-circle,1.000000,733.811962,88.719443,99.773517,0.226483,11.280557,162.863392,56.676963,23.284021,3,8,3,0.0000,0.0000,0.0000,0.5000,"LeadPursuit",0.053836
889,A0100,adaptive_eagle,UNKNOWN,4748.316098,113.271846,41.092721,72.296142,112.079675,11967.493046,245.094664,14626.869213,172.407654,-5547.704577,-473.912742,5.806321,False,False,False,False,False,True,False,1-circle,1.000000,721.419127,88.719443,99.773517,0.226483,11.280557,162.632037,57.165907,23.319591,1,0,4,0.0000,0.0000,0.0000,0.5000,"HeadOnBreak",0.052661
889,B0100,defensive,UNKNOWN,4748.316098,113.271846,41.092721,72.296142,112.079675,11967.493046,245.094664,14626.869213,172.407654,-5547.704577,-473.912742,5.806321,False,False,False,False,False,True,False,1-circle,1.000000,721.419127,88.719443,99.773517,0.226483,11.280557,162.632037,57.165907,23.319591,3,8,3,0.0000,0.0000,0.0000,0.5000,"LeadPursuit",0.056354
890,A0100,adaptive_eagle,UNKNOWN,4904.518287,111.463875,43.275725,68.195779,110.258921,11988.989677,245.728469,14662.137707,176.342470,-5526.629797,-453.288383,5.880232,False,False,False,False,False,True,False,1-circle,1.000000,706.699170,88.719443,99.773517,0.226483,11.280557,162.341433,57.569409,23.411984,1,8,4,0.0000,0.0000,0.0000,0.5000,"HeadOnBreak",0.044073
890,B0100,defensive,UNKNOWN,4904.518287,111.463875,43.275725,68.195779,110.258921,11988.989677,245.728469,14662.137707,176.342470,-5526.629797,-453.288383,5.880232,False,False,False,False,False,True,False,1-circle,1.000000,706.699170,88.719443,99.773517,0.226483,11.280557,162.341433,57.569409,23.411984,3,8,3,0.0000,0.0000,0.0000,0.5000,"LeadPursuit",0.060079
891,A0100,adaptive_eagle,UNKNOWN,5053.203410,109.573384,44.847910,64.768030,108.363065,12011.550232,246.313503,14697.441942,176.521178,-5542.925604,-435.740159,6.055025,False,False,False,False,False,True,False,1-circle,1.000000,687.932413,88.719443,99.773517,0.226483,11.280557,162.462943,58.392704,23.571676,1,8,4,0.0000,0.0000,0.0000,0.5000,"HeadOnBreak",0.018214
891,B0100,defensive,UNKNOWN,5053.203410,109.573384,44.847910,64.768030,108.363065,12011.550232,246.313503,14697.441942,176.521178,-5542.925604,-435.740159,6.055025,False,False,False,False,False,True,False,1-circle,1.000000,687.932413,88.719443,99.773517,0.226483,11.280557,162.462943,58.392704,23.571676,3,8,3,0.0000,0.0000,0.0000,0.5000,"LeadPursuit",0.063291
892,A0100,adaptive_eagle,UNKNOWN,5196.595640,107.622566,45.433248,62.360799,106.413999,12035.143416,246.853170,14732.817467,176.877623,-5650.932552,-424.792991,6.338221,False,False,False,False,False,True,False,1-circle,1.000000,665.435142,88.719443,99.773517,0.226483,11.280557,162.960324,59.612014,23.770142,1,8,4,0.0000,0.0000,0.0000,0.5000,"HeadOnBreak",0.003404
892,B0100,defensive,UNKNOWN,5196.595640,107.622566,45.433248,62.360799,106.413999,12035.143416,246.853170,14732.817467,176.877623,-5650.932552,-424.792991,6.338221,False,False,False,False,False,True,False,1-circle,1.000000,665.435142,88.719443,99.773517,0.226483,11.280557,162.960324,59.612014,23.770142,3,8,3,0.0000,0.0000,0.0000,0.5000,"LeadPursuit",0.066087
893,A0100,adaptive_eagle,UNKNOWN,5336.804547,105.634109,45.474617,60.479467,104.431678,12059.721209,247.358453,14768.450284,178.164084,-5824.866609,-417.721425,6.709448,False,False,False,False,False,True,False,1-circle,1.000000,640.612581,88.719443,99.773517,0.226483,11.280557,163.692725,61.072568,23.973289,1,0,4,0.0000,0.0000,0.0000,0.5000,"HeadOnBreak",0.017711
893,B0100,defensive,UNKNOWN,5336.804547,105.634109,45.474617,60.479467,104.431678,12059.721209,247.358453,14768.450284,178.164084,-5824.866609,-417.721425,6.709448,False,False,False,False,False,True,False,1-circle,1.000000,640.612581,88.719443,99.773517,0.226483,11.280557,163.692725,61.072568,23.973289,3,8,3,0.0000,0.0000,0.0000,0.5000,"LeadPursuit",0.069007
894,A0100,adaptive_eagle,UNKNOWN,5473.801140,103.612571,46.221959,57.913009,102.418364,12085.220107,247.837385,14804.448556,179.991363,-5945.971134,-405.118886,7.152021,False,False,False,False,False,True,False,1-circle,1.000000,614.022380,88.719443,99.773517,0.226483,11.280557,164.543342,62.648617,24.155470,1,0,4,0.0000,0.0000,0.0000,0.5000,"HeadOnBreak",0.041133
894,B0100,defensive,UNKNOWN,5473.801140,103.612571,46.221959,57.913009,102.418364,12085.220107,247.837385,14804.448556,179.991363,-5945.971134,-405.118886,7.152021,False,False,False,False,False,True,False,1-circle,1.000000,614.022380,88.719443,99.773517,0.226483,11.280557,164.543342,62.648617,24.155470,3,8,3,0.0000,0.0000,0.0000,0.5000,"LeadPursuit",0.072799
895,A0100,adaptive_eagle,UNKNOWN,5605.065232,101.545535,48.089740,54.236542,100.358018,12111.567742,248.294103,14840.827471,181.894574,-6009.810975,-384.083737,7.660032,False,False,False,False,False,True,False,1-circle,1.000000,586.193155,88.719443,99.773517,0.226483,11.280557,165.460075,64.270251,24.301016,1,0,4,0.0000,0.0000,0.0000,0.5000,"HeadOnBreak",0.065982
895,B0100,defensive,UNKNOWN,5605.065232,101.545535,48.089740,54.236542,100.358018,12111.567742,248.294103,14840.827471,181.894574,-6009.810975,-384.083737,7.660032,False,False,False,False,False,True,False,1-circle,1.000000,586.193155,88.719443,99.773517,0.226483,11.280557,165.460075,64.270251,24.301016,3,8,3,0.0000,0.0000,0.0000,0.5000,"LeadPursuit",0.077523
896,A0100,adaptive_eagle,UNKNOWN,5727.624328,99.419869,50.889811,49.780376,98.235180,12138.687698,248.730639,14877.552720,183.626245,-5985.380202,-354.783912,8.237264,False,False,False,False,False,True,False,1-circle,1.000000,557.178457,88.719443,99.773517,0.226483,11.280557,166.418571,65.906584,24.401462,1,8,4,0.0000,0.0000,0.0000,0.5000,"HeadOnBreak",0.052115
896,B0100,defensive,UNKNOWN,5727.624328,99.419869,50.889811,49.780376,98.235180,12138.687698,248.730639,14877.552720,183.626245,-5985.380202,-354.783912,8.237264,False,False,False,False,False,True,False,1-circle,1.000000,557.178457,88.719443,99.773517,0.226483,11.280557,166.418571,65.906584,24.401462,3,8,3,0.0000,0.0000,0.0000,0.5000,"LeadPursuit",0.082429
897,A0100,adaptive_eagle,UNKNOWN,5840.501090,97.231960,52.884432,46.330386,96.050403,12166.501711,249.148510,14914.577118,185.121993,-6018.398900,-330.601292,8.894874,False,False,False,False,False,True,False,1-circle,1.000000,525.164659,88.719443,99.773517,0.226483,11.280557,167.369607,67.546199,24.452537,1,8,4,0.0000,0.0000,0.0000,0.5000,"HeadOnBreak",0.020725
897,B0100,defensive,UNKNOWN,5840.501090,97.231960,52.884432,46.330386,96.050403,12166.501711,249.148510,14914.577118,185.121993,-6018.398900,-330.601292,8.894874,False,False,False,False,False,True,False,1-circle,1.000000,525.164659,88.719443,99.773517,0.226483,11.280557,167.369607,67.546199,24.452537,3,8,3,0.0000,0.0000,0.0000,0.5000,"LeadPursuit",0.086972
898,A0100,adaptive_eagle,UNKNOWN,5946.719196,94.998853,53.656846,43.955830,93.822361,12194.930297,249.549477,14951.858047,186.404643,-6151.439258,-315.451928,9.650203,False,False,False,False,False,True,False,1-circle,1.000000,490.152551,88.719443,99.773517,0.226483,11.280557,168.294238,69.185197,24.452093,1,8,4,0.0000,0.0000,0.0000,0.5000,"HeadOnBreak",0.003431
898,B0100,defensive,UNKNOWN,5946.719196,94.998853,53.656846,43.955830,93.822361,12194.930297,249.549477,14951.858047,186.404643,-6151.439258,-315.451928,9.650203,False,False,False,False,False,True,False,1-circle,1.000000,490.152551,88.719443,99.773517,0.226483,11.280557,168.294238,69.185197,24.452093,3,8,3,0.0000,0.0000,0.0000,0.5000,"LeadPursuit",0.091537
899,A0100,adaptive_eagle,UNKNOWN,6048.882436,92.734312,53.790278,42.072946,91.562908,12223.892747,249.935743,14989.361754,187.518532,-6350.569815,-305.239736,10.527205,False,False,False,False,False,True,False,1-circle,1.000000,453.362745,88.719443,99.773517,0.226483,11.280557,169.202851,70.821789,24.398965,1,0,4,0.0000,0.0000,0.0000,0.5000,"HeadOnBreak",-0.366573
899,B0100,defensive,UNKNOWN,6048.882436,92.734312,53.790278,42.072946,91.562908,12223.892747,249.935743,14989.361754,187.518532,-6350.569815,-305.239736,10.527205,False,False,False,False,False,True,False,1-circle,1.000000,453.362745,88.719443,99.773517,0.226483,11.280557,169.202851,70.821789,24.398965,3,8,3,0.0000,0.0000,0.0000,0.5000,"LeadPursuit",0.096122
900,A0100,adaptive_eagle,UNKNOWN,6147.016717,90.448909,54.610433,39.560725,89.282078,12253.305681,250.320167,15027.288306,189.632762,-6491.354922,-289.197079,11.558174,False,False,False,False,False,True,False,1-circle,1.000000,415.393171,88.719443,99.773517,0.226483,11.280557,170.102676,72.454607,24.292585,1,0,4,0.0000,0.0000,0.0000,0.5000,"HeadOnBreak",-0.395220
900,B0100,defensive,UNKNOWN,6147.016717,90.448909,54.610433,39.560725,89.282078,12253.305681,250.320167,15027.288306,189.632762,-6491.354922,-289.197079,11.558174,False,False,False,False,False,True,False,1-circle,1.000000,415.393171,88.719443,99.773517,0.226483,11.280557,170.102676,72.454607,24.292585,3,8,3,0.0000,0.0000,0.0000,0.5000,"LeadPursuit",0.100688
901,A0100,adaptive_eagle,UNKNOWN,6238.469685,88.155324,56.501387,36.065200,86.991571,12283.073803,250.728431,15066.112371,194.120324,-6566.388681,-264.399292,12.786456,False,False,True,False,False,True,False,1-circle,1.000000,377.071630,88.719443,99.773517,0.226483,11.280557,171.009019,74.081063,24.133343,1,0,4,0.0000,0.0000,0.0000,0.5000,"HeadOnBreak",-0.373646
901,B0100,defensive,UNKNOWN,6238.469685,88.155324,56.501387,36.065200,86.991571,12283.073803,250.728431,15066.112371,194.120324,-6566.388681,-264.399292,12.786456,False,False,True,False,False,True,False,1-circle,1.000000,377.071630,88.719443,99.773517,0.226483,11.280557,171.009019,74.081063,24.133343,3,8,3,0.0000,0.0000,0.0000,0.5000,"LeadPursuit",0.106285
902,A0100,adaptive_eagle,UNKNOWN,6320.184682,85.842895,59.298005,32.210004,84.680121,12313.099602,251.159688,15105.720148,198.038884,-6553.019034,-231.349299,14.266976,False,False,True,False,False,True,False,1-circle,1.000000,338.565964,88.719443,99.773517,0.226483,11.280557,171.915106,75.690556,23.920225,1,8,4,0.0000,0.0000,0.0000,0.5000,"HeadOnBreak",-0.396575
902,B0100,defensive,UNKNOWN,6320.184682,85.842895,59.298005,32.210004,84.680121,12313.099602,251.159688,15105.720148,198.038884,-6553.019034,-231.349299,14.266976,False,False,True,False,False,True,False,1-circle,1.000000,338.565964,88.719443,99.773517,0.226483,11.280557,171.915106,75.690556,23.920225,3,8,3,0.0000,0.0000,0.0000,0.5000,"LeadPursuit",0.112105
903,A0100,adaptive_eagle,UNKNOWN,6391.453683,83.506359,61.251771,29.713172,82.348766,12343.289457,251.613387,15146.008389,201.441206,-6604.543275,-204.723007,16.073462,False,False,True,False,False,True,False,1-circle,1.000000,297.961203,88.719443,99.773517,0.226483,11.280557,172.767729,77.270406,23.652265,4,0,3,0.0000,0.0000,0.0000,0.5000,"SmartHighYoYo",-0.430960
903,B0100,defensive,UNKNOWN,6391.453683,83.506359,61.251771,29.713172,82.348766,12343.289457,251.613387,15146.008389,201.441206,-6604.543275,-204.723007,16.073462,False,False,True,False,False,True,False,1-circle,1.000000,297.961203,88.719443,99.773517,0.226483,11.280557,172.767729,77.270406,23.652265,2,8,3,0.0000,0.0000,0.0000,0.5000,"LeadPursuit",0.117772
904,A0100,adaptive_eagle,UNKNOWN,6455.699189,81.155307,62.068780,28.088826,80.009802,12373.553004,252.090113,15186.902472,204.470416,-6739.576740,-187.331366,18.314550,False,False,True,False,False,True,False,1-circle,1.000000,255.063018,88.719443,99.773517,0.226483,11.280557,173.542893,78.811187,23.329803,1,0,4,0.0000,0.0000,0.0000,0.5000,"SmartHighYoYo",-0.422809
904,B0100,defensive,UNKNOWN,6455.699189,81.155307,62.068780,28.088826,80.009802,12373.553004,252.090113,15186.902472,204.470416,-6739.576740,-187.331366,18.314550,False,False,True,False,False,True,False,1-circle,1.000000,255.063018,88.719443,99.773517,0.226483,11.280557,173.542893,78.811187,23.329803,2,8,3,0.0000,0.0000,0.0000,0.5000,"LeadPursuit",0.123897
905,A0100,adaptive_eagle,UNKNOWN,6513.995759,78.792429,63.303079,26.508782,77.665757,12403.802793,252.591197,15228.347669,207.225982,-6878.827678,-166.554540,21.158810,False,False,True,False,False,True,False,1-circle,1.000000,210.379520,88.719443,99.773517,0.226483,11.280557,174.238298,80.307263,22.954325,1,0,4,0.0000,0.0000,0.0000,0.5000,"SmartHighYoYo",-0.412261
905,B0100,defensive,UNKNOWN,6513.995759,78.792429,63.303079,26.508782,77.665757,12403.802793,252.591197,15228.347669,207.225982,-6878.827678,-166.554540,21.158810,False,False,True,False,False,True,False,1-circle,1.000000,210.379520,88.719443,99.773517,0.226483,11.280557,174.238298,80.307263,22.954325,2,8,3,0.0000,0.0000,0.0000,0.5000,"LeadPursuit",0.130874
906,A0100,adaptive_eagle,UNKNOWN,6564.616612,76.412332,65.082098,25.031236,75.311977,12433.954101,253.118443,15270.302902,209.776167,-6978.137593,-140.791173,24.880555,False,False,True,False,False,True,False,1-circle,1.000000,163.834115,88.719443,99.773517,0.226483,11.280557,174.846000,81.755714,22.528019,1,0,4,0.0000,0.0000,0.0000,0.5000,"SmartHighYoYo",-0.395403
906,B0100,defensive,UNKNOWN,6564.616612,76.412332,65.082098,25.031236,75.311977,12433.954101,253.118443,15270.302902,209.776167,-6978.137593,-140.791173,24.880555,False,False,True,False,False,True,False,1-circle,1.000000,163.834115,88.719443,99.773517,0.226483,11.280557,174.846000,81.755714,22.528019,2,8,0,0.0000,0.0000,0.0000,0.5000,"Pursue",0.134195
907,A0100,adaptive_eagle,UNKNOWN,6606.446527,74.081140,67.127473,23.816455,73.021084,12463.820309,252.146836,15278.435998,40.665483,-7102.694704,-113.161546,30.168668,False,False,True,False,False,True,False,1-circle,1.000000,116.030448,88.719443,99.773517,0.226483,11.280557,175.378266,83.163318,22.057334,1,0,4,0.0000,0.0000,0.0000,0.5000,"SmartHighYoYo",-0.398826
907,B0100,defensive,UNKNOWN,6606.446527,74.081140,67.127473,23.816455,73.021084,12463.820309,252.146836,15278.435998,40.665483,-7102.694704,-113.161546,30.168668,False,False,True,False,False,True,False,1-circle,1.000000,116.030448,88.719443,99.773517,0.226483,11.280557,175.378266,83.163318,22.057334,2,8,0,0.0000,0.0000,0.0000,0.5000,"Pursue",0.142309
908,A0100,adaptive_eagle,UNKNOWN,6639.130513,71.737918,69.249600,22.955699,70.724092,12493.155867,250.909660,15280.219104,8.915527,-7224.541577,-84.740618,37.690264,False,False,True,False,False,True,False,1-circle,1.000000,68.009377,88.719443,99.773517,0.226483,11.280557,175.811936,84.494386,21.542713,1,0,4,0.0000,0.0000,0.0000,0.5000,"SmartHighYoYo",-0.396389
908,B0100,defensive,UNKNOWN,6639.130513,71.737918,69.249600,22.955699,70.724092,12493.155867,250.909660,15280.219104,8.915527,-7224.541577,-84.740618,37.690264,False,False,True,False,False,True,False,1-circle,1.000000,68.009377,88.719443,99.773517,0.226483,11.280557,175.811936,84.494386,21.542713,2,8,0,0.0000,0.0000,0.0000,0.5000,"Pursue",0.152245
909,A0100,adaptive_eagle,UNKNOWN,6662.169465,69.373897,71.726187,22.605488,68.408930,12521.881960,249.709473,15282.345998,10.634473,-7297.212701,-52.859324,48.568281,False,False,True,False,False,True,False,1-circle,1.000000,20.851974,88.719443,99.773517,0.226483,11.280557,176.115193,85.704011,20.981404,2,0,3,0.0000,0.0000,0.0000,0.5000,"LeadPursuit",-0.414181
909,B0100,defensive,UNKNOWN,6662.169465,69.373897,71.726187,22.605488,68.408930,12521.881960,249.709473,15282.345998,10.634473,-7297.212701,-52.859324,48.568281,False,False,True,False,False,True,False,1-circle,1.000000,20.851974,88.719443,99.773517,0.226483,11.280557,176.115193,85.704011,20.981404,2,8,0,0.0000,0.0000,0.0000,0.5000,"Pursue",0.166387
910,A0100,adaptive_eagle,UNKNOWN,6674.331294,66.949411,74.201774,23.361463,66.033308,12549.936138,248.505981,15283.855815,7.549084,-7372.100043,-20.718727,65.450846,False,False,True,False,False,False,False,1-circle,1.000000,-25.153137,88.719443,99.773517,0.226483,11.280557,176.289163,86.795659,20.379159,2,0,3,0.0000,0.0000,0.0000,0.5000,"LeadPursuit",-0.447408
910,B0100,defensive,UNKNOWN,6674.331294,66.949411,74.201774,23.361463,66.033308,12549.936138,248.505981,15283.855815,7.549084,-7372.100043,-20.718727,65.450846,False,False,True,False,False,False,False,1-circle,1.000000,-25.153137,88.719443,99.773517,0.226483,11.280557,176.289163,86.795659,20.379159,2,8,0,0.0000,0.0000,0.0000,0.5000,"Pursue",0.183299
911,A0100,adaptive_eagle,UNKNOWN,6676.641526,64.451078,76.348868,24.738085,63.584267,12577.264535,247.289351,15284.480413,3.122991,-7476.568924,8.722310,95.636746,False,False,True,False,False,False,False,1-circle,1.000000,-70.064821,88.719443,99.773517,0.226483,11.280557,176.350827,87.796152,19.742466,2,0,3,0.0000,0.0000,0.0000,0.5000,"LeadPursuit",-0.453824
911,B0100,defensive,UNKNOWN,6676.641526,64.451078,76.348868,24.738085,63.584267,12577.264535,247.289351,15284.480413,3.122991,-7476.568924,8.722310,95.636746,False,False,True,False,False,False,False,1-circle,1.000000,-70.064821,88.719443,99.773517,0.226483,11.280557,176.350827,87.796152,19.742466,2,8,0,0.0000,0.0000,0.0000,0.5000,"Pursue",0.201965
912,A0100,adaptive_eagle,UNKNOWN,6668.750912,61.889186,78.925159,26.834521,61.071223,12603.813237,246.073645,15284.476505,-0.019542,-7525.465003,42.258316,168.317844,False,False,True,False,False,False,False,1-circle,1.000000,-112.853352,88.719443,99.773517,0.226483,11.280557,176.348810,88.741804,19.076276,2,0,3,0.0000,0.0000,0.0000,0.5000,"LeadPursuit",-0.444734
912,B0100,defensive,UNKNOWN,6668.750912,61.889186,78.925159,26.834521,61.071223,12603.813237,246.073645,15284.476505,-0.019542,-7525.465003,42.258316,168.317844,False,False,True,False,False,False,False,1-circle,1.000000,-112.853352,88.719443,99.773517,0.226483,11.280557,176.348810,88.741804,19.076276,2,8,0,0.0000,0.0000,0.0000,0.5000,"Pursue",0.222697
913,A0100,adaptive_eagle,DBFM,6648.497344,59.270894,82.295741,30.496803,58.501845,12629.527622,244.869255,15284.014472,-2.310166,-7501.277142,82.934875,212.729665,False,False,True,False,False,False,False,1-circle,1.000000,-153.036140,88.719443,99.773517,0.226483,11.280557,176.310326,89.658954,18.382722,2,0,3,0.0000,0.0000,0.0000,0.5000,"LeadPursuit",-0.481968
913,B0100,defensive,DBFM,6648.497344,59.270894,82.295741,30.496803,58.501845,12629.527622,244.869255,15284.014472,-2.310166,-7501.277142,82.934875,212.729665,False,False,True,False,False,False,False,1-circle,1.000000,-153.036140,88.719443,99.773517,0.226483,11.280557,176.310326,89.658954,18.382722,2,7,1,0.0000,0.0000,0.0000,0.5000,"Pursue",0.245131
914,A0100,adaptive_eagle,DBFM,6614.987440,56.597462,85.227861,34.928942,55.884008,12654.352514,243.683876,15283.201546,-4.064627,-7520.255313,119.516949,213.665723,False,False,True,False,False,False,False,1-circle,1.000000,-192.698009,88.719443,99.773517,0.226483,11.280557,176.192150,90.560857,17.661783,2,0,3,0.0000,0.0000,0.0000,0.5000,"LeadPursuit",-0.536444
914,B0100,defensive,DBFM,6614.987440,56.597462,85.227861,34.928942,55.884008,12654.352514,243.683876,15283.201546,-4.064627,-7520.255313,119.516949,213.665723,False,False,True,False,False,False,False,1-circle,1.000000,-192.698009,88.719443,99.773517,0.226483,11.280557,176.192150,90.560857,17.661783,2,7,1,0.0000,0.0000,0.0000,0.5000,"Pursue",0.270250
915,A0100,adaptive_eagle,DBFM,6570.696733,53.867595,87.377932,38.966792,53.220188,12678.232237,242.523314,15282.100729,-5.504085,-7613.695325,148.981894,214.592432,False,False,True,False,False,False,False,1-circle,1.000000,-233.151830,88.719443,99.773517,0.226483,11.280557,175.954054,91.451935,16.912391,2,0,3,0.0000,0.0000,0.0000,0.5000,"LeadPursuit",-0.565660
915,B0100,defensive,DBFM,6570.696733,53.867595,87.377932,38.966792,53.220188,12678.232237,242.523314,15282.100729,-5.504085,-7613.695325,148.981894,214.592432,False,False,True,False,False,False,False,1-circle,1.000000,-233.151830,88.719443,99.773517,0.226483,11.280557,175.954054,91.451935,16.912391,2,7,1,0.0000,0.0000,0.0000,0.5000,"Pursue",0.299486
916,A0100,adaptive_eagle,DBFM,6517.046948,51.081616,89.454468,43.002925,50.509525,12701.110711,241.392056,15280.744201,-6.782645,-7713.243675,177.619473,215.505620,False,False,True,False,False,False,False,1-circle,1.000000,-273.853529,88.719443,99.773517,0.226483,11.280557,175.588788,92.332371,16.133241,2,0,3,0.0000,0.0000,0.0000,0.5000,"LeadPursuit",-0.588782
916,B0100,defensive,DBFM,6517.046948,51.081616,89.454468,43.002925,50.509525,12701.110711,241.392056,15280.744201,-6.782645,-7713.243675,177.619473,215.505620,False,False,True,False,False,False,False,1-circle,1.000000,-273.853529,88.719443,99.773517,0.226483,11.280557,175.588788,92.332371,16.133241,2,8,3,0.0000,0.0000,0.0000,0.5000,"LeadPursuit",0.107705
917,A0100,adaptive_eagle,DBFM,6453.742926,48.242151,91.654056,47.191536,47.752488,12722.931580,240.293694,15279.143209,-8.004957,-7789.592888,207.072050,216.401770,False,False,True,False,False,False,False,1-circle,1.000000,-313.852876,88.719443,99.773517,0.226483,11.280557,175.094965,93.200985,15.323205,2,0,3,0.0000,0.0000,0.0000,0.5000,"LeadPursuit",-0.644385
917,B0100,defensive,DBFM,6453.742926,48.242151,91.654056,47.191536,47.752488,12722.931580,240.293694,15279.143209,-8.004957,-7789.592888,207.072050,216.401770,False,False,True,False,False,False,False,1-circle,1.000000,-313.852876,88.719443,99.773517,0.226483,11.280557,175.094965,93.200985,15.323205,2,8,3,0.0000,0.0000,0.0000,0.5000,"LeadPursuit",-0.062893
918,A0100,adaptive_eagle,DBFM,6380.480163,45.269530,93.795878,51.470540,44.861321,12743.718217,240.819668,15311.132563,159.946772,-7805.210201,237.254058,215.870199,False,False,True,False,False,False,False,1-circle,1.000000,-352.059171,88.719443,99.773517,0.226483,11.280557,174.470619,94.052836,14.484189,3,0,3,0.0000,0.0000,0.0000,0.5000,"LeadPursuit",-0.667950
918,B0100,defensive,DBFM,6380.480163,45.269530,93.795878,51.470540,44.861321,12743.718217,240.819668,15311.132563,159.946772,-7805.210201,237.254058,215.870199,False,False,True,False,False,False,False,1-circle,1.000000,-352.059171,88.719443,99.773517,0.226483,11.280557,174.470619,94.052836,14.484189,1,8,3,0.0000,0.0000,0.0000,0.5000,"LeadPursuit",0.000998
919,A0100,adaptive_eagle,OBFM,6297.599900,42.338334,95.745036,55.558356,42.018278,12763.430893,239.898964,15311.251249,0.593429,-7857.656142,263.787697,216.619385,False,False,True,False,False,False,False,1-circle,1.000000,-387.230015,88.719443,99.773517,0.226483,11.280557,173.764468,94.929448,13.613496,3,0,3,0.0000,0.0000,0.0000,0.5000,"LeadPursuit",-0.695848
919,B0100,defensive,OBFM,6297.599900,42.338334,95.745036,55.558356,42.018278,12763.430893,239.898964,15311.251249,0.593429,-7857.656142,263.787697,216.619385,False,False,True,False,False,False,False,1-circle,1.000000,-387.230015,88.719443,99.773517,0.226483,11.280557,173.764468,94.929448,13.613496,1,8,3,0.0000,0.0000,0.0000,0.5000,"LeadPursuit",0.008442
920,A0100,adaptive_eagle,OBFM,6205.812783,39.391617,97.815194,59.835950,39.158105,12781.915153,238.944416,15309.500506,-8.753715,-7867.692056,290.567597,217.408607,False,False,True,False,False,False,False,1-circle,1.000000,-417.862588,88.719443,99.773517,0.226483,11.280557,172.985976,95.824461,12.704466,3,0,3,0.0000,0.0000,0.0000,0.5000,"LeadPursuit",-200.696308
920,B0100,defensive,OBFM,6205.812783,39.391617,97.815194,59.835950,39.158105,12781.915153,238.944416,15309.500506,-8.753715,-7867.692056,290.567597,217.408607,False,False,True,False,False,False,False,1-circle,1.000000,-417.862588,88.719443,99.773517,0.226483,11.280557,172.985976,95.824461,12.704466,1,7,3,0.0000,0.0000,0.0000,0.5000,"LeadPursuit",-0.100572
